Unity Editor version:    6000.3.7f1 (696ec25a53d1)
Branch:                  6000.3/staging
Build type:              Release
Batch mode:              YES
macOS version:           Version 26.3.1 (a) (Build 25D771280a)
Darwin version:          25.3.0
Architecture:            arm64
Running under Rosetta:   NO
Available memory:        32768 MB
Date:                    2026-10-03T14:55:35Z
[Licensing::Module] Trying to connect to existing licensing client channel...
[Licensing::IpcConnector] Successfully connected to: "LicenseClient-mt" at "2026-10-03T14:55:35.193403Z"
Launching external process: /Applications/Unity6000.3.7f1/Unity-6000.3.7f1/Unity.app/Contents/Resources/PackageManager/Server/UnityPackageManager

COMMAND LINE ARGUMENTS:
/Applications/Unity6000.3.7f1/Unity-6000.3.7f1/Unity.app/Contents/MacOS/Unity
-batchmode
-quit
-projectPath
/private/tmp/areabattle-validation-20261003/UnityProject
-executeMethod
AreaBattle.EditorTools.BattleBuild.ValidateMechanicsOnly
-logFile
/private/tmp/areabattle-validation-20261003/analysis/match-integrated.log
Successfully changed project path to: /private/tmp/areabattle-validation-20261003/UnityProject
/private/tmp/areabattle-validation-20261003/UnityProject
[UnityMemory] Configuration Parameters - Can be set up in boot.config
    "memorysetup-allocator-temp-initial-block-size-main=262144"
    "memorysetup-allocator-temp-initial-block-size-worker=262144"
    "memorysetup-temp-allocator-size-background-worker=32768"
    "memorysetup-temp-allocator-size-job-worker=262144"
    "memorysetup-temp-allocator-size-preload-manager=33554432"
    "memorysetup-temp-allocator-size-nav-mesh-worker=65536"
    "memorysetup-temp-allocator-size-audio-worker=65536"
    "memorysetup-temp-allocator-size-cloud-worker=32768"
    "memorysetup-bucket-allocator-granularity=16"
    "memorysetup-bucket-allocator-bucket-count=8"
    "memorysetup-bucket-allocator-block-size=33554432"
    "memorysetup-bucket-allocator-block-count=8"
    "memorysetup-main-allocator-block-size=16777216"
    "memorysetup-thread-allocator-block-size=16777216"
    "memorysetup-gfx-main-allocator-block-size=16777216"
    "memorysetup-gfx-thread-allocator-block-size=16777216"
    "memorysetup-cache-allocator-block-size=4194304"
    "memorysetup-typetree-allocator-block-size=2097152"
    "memorysetup-profiler-bucket-allocator-granularity=16"
    "memorysetup-profiler-bucket-allocator-bucket-count=8"
    "memorysetup-profiler-bucket-allocator-block-size=33554432"
    "memorysetup-profiler-bucket-allocator-block-count=8"
    "memorysetup-profiler-allocator-block-size=16777216"
    "memorysetup-profiler-editor-allocator-block-size=1048576"
    "memorysetup-temp-allocator-size-main=16777216"
    "memorysetup-job-temp-allocator-block-size=2097152"
    "memorysetup-job-temp-allocator-block-size-background=1048576"
    "memorysetup-job-temp-allocator-reduction-small-platforms=262144"
    "memorysetup-temp-allocator-size-gi-baking-worker=262144"
    "memorysetup-temp-allocator-size-gi-baking-worker=262144"
    "memorysetup-temp-allocator-size-gi-baking-worker=262144"
    "memorysetup-temp-allocator-size-gi-baking-worker=262144"
    "memorysetup-temp-allocator-size-gi-baking-worker=262144"
    "memorysetup-temp-allocator-size-gfx=262144"
Player connection [8506192128]  Target information:

Player connection [8506192128]  * "[IP] 192.168.0.136 [Port] 55506 [Flags] 2 [Guid] 1413590789 [EditorId] 1413590789 [Version] 1048832 [Id] OSXEditor(0,mtdeMacBook-Pro.local) [Debug] 1 [PackageName] OSXEditor [ProjectName] Editor" 

Player connection [8506192128]  * "[IP] 172.16.224.144 [Port] 55506 [Flags] 2 [Guid] 1413590789 [EditorId] 1413590789 [Version] 1048832 [Id] OSXEditor(0,mtdeMacBook-Pro.local) [Debug] 1 [PackageName] OSXEditor [ProjectName] Editor" 

Player connection [8506192128] Host joined multi-casting on [225.0.0.222:54997]...
Player connection [8506192128] Host joined alternative multi-casting on [225.0.0.222:34997]...
Input System module state changed to: Initialized.
[Physics::Module] Initialized fallback backend.
[Physics::Module] Id: 0xdecafbad
[Package Manager] Connected to IPC stream "Upm-56190" after 0.1 seconds.
[Licensing::Module] Licensing is not yet initialized.
[Licensing::Client] Code 0 while verifying Licensing Client signature (process Id: 75619, path: "/Applications/Unity6000.3.7f1/Unity-6000.3.7f1/Unity.app/Contents/Helpers/UnityLicensingClient.app/Contents/MacOS/Unity.Licensing.Client")
[Licensing::Module] LicensingClient has failed validation; ignoring
[Licensing::Client] Handshaking with LicensingClient:
  Version:                 1.17.4+4293ba1
  Session Id:              39826b614e4d44b6b11500d8351fd195
  Correlation Id:          5590b3a76bba764bac1a831184dbb7b5
  External correlation Id: 3396506715465474788
  Machine Id:              TkagbQsjfXQmspsXe7+0nD9Nk6Q=
[Licensing::Module] Successfully connected to LicensingClient on channel: "LicenseClient-mt" (connect: 0.00s, validation: 0.00s, handshake: 0.30s)
[Licensing::IpcConnector] Successfully connected to: "LicenseClient-mt-notifications" at "2026-10-03T14:55:35.498204Z"
[Licensing::Module] Error: Access token is unavailable; failed to update
[Licensing::Client] Successfully resolved entitlement details
[Licensing::Module] License group:
  Id: 00-0000-0000-0000-0000-XXXX
  Product: Unity Pro
  Type: ULF
  Expiration: Unlimited
[Licensing::Client] Successfully updated license, isAsync: True, time: 0.00
[Licensing::Client] Successfully resolved entitlement details
[Licensing::Module] Licensing Background thread has ended after 0.31s
[Licensing::Module] Licensing is initialized (took 0.06s).
[Licensing::Client] Successfully resolved entitlement details
Library Redirect Path: Library/
[Physics::Module] Selected backend.
[Physics::Module] Name: PhysX
[Physics::Module] Id: 0xf2b8ea05
[Physics::Module] SDK Version: 4.1.2
[Physics::Module] Integration Version: 1.0.0
[Physics::Module] Threading Mode: Multi-Threaded
Refreshing native plugins compatible for Editor in 0.00 ms, found 0 plugins.
Preloading 0 native plugins for Editor in 0.00 ms.
Initialize engine version: 6000.3.7f1 (696ec25a53d1)
[Subsystems] Discovering subsystems at path /Applications/Unity6000.3.7f1/Unity-6000.3.7f1/Unity.app/Contents/Resources/UnitySubsystems
[Subsystems] Discovering subsystems at path /private/tmp/areabattle-validation-20261003/UnityProject/Assets
GfxDevice: creating device client; kGfxThreadingModeNonThreaded
 preferred device: Apple M2 Pro (high power)
Metal devices available: 1
0: Apple M2 Pro (high power)
Using device Apple M2 Pro (high power)
Initializing Metal device caps: Apple M2 Pro
Mac GPU Family: 2
Apple GPU Family: 8
MSL Version: 3.0
Has Float MSAA: 1
Has Float Filtering: 1
ReadWrite Texture Tier: 2
Initialize mono
Mono path[0] = '/Applications/Unity6000.3.7f1/Unity-6000.3.7f1/Unity.app/Contents/Resources/Scripting/Managed'
Mono path[1] = '/Applications/Unity6000.3.7f1/Unity-6000.3.7f1/Unity.app/Contents/Resources/Scripting/MonoBleedingEdge/lib/mono/unityjit-macos'
Mono config path = '/Applications/Unity6000.3.7f1/Unity-6000.3.7f1/Unity.app/Contents/Resources/Scripting/MonoBleedingEdge/etc'
Using monoOptions --debugger-agent=transport=dt_socket,embedding=1,server=y,suspend=n,address=127.0.0.1:56190
Using cacheserver namespaces - metadata:defaultmetadata, artifacts:defaultartifacts
Using cacheserver namespaces - metadata:defaultmetadata, artifacts:defaultartifacts
ImportWorker Server TCP listen port: 0
AcceleratorClientConnectionCallback - disconnected - :0
Begin MonoManager ReloadAssembly
Registering precompiled unity dll's ...
Register platform support module: /Applications/Unity6000.3.7f1/Unity-6000.3.7f1/Unity.app/Contents/PlaybackEngines/MacStandaloneSupport/UnityEditor.OSXStandalone.Extensions.dll
[Licensing::Client] Successfully resolved entitlement details
Register platform support module: /Applications/Unity6000.3.7f1/Unity-6000.3.7f1/PlaybackEngines/AndroidPlayer/UnityEditor.Android.Extensions.dll
[Licensing::Client] Successfully resolved entitlement details
Register platform support module: /Applications/Unity6000.3.7f1/Unity-6000.3.7f1/PlaybackEngines/iOSSupport/UnityEditor.iOS.Extensions.dll
Registered in 0.006280 seconds.
- Loaded All Assemblies, in  0.313 seconds
[usbmuxd] Start listen thread
[usbmuxd] Listen thread started
[usbmuxd] Send listen message
Native extension for iOS target not found
Native extension for Android target not found
Native extension for OSXStandalone target not found
ScheduleIndexationOnStartup MainProcess:False IndexOnStartup:False
Mono: successfully reloaded assembly
- Finished resetting the current domain, in  0.313 seconds
Domain Reload Profiling: 626ms
	BeginReloadAssembly (124ms)
		ExecutionOrderSort (0ms)
		DisableScriptedObjects (0ms)
		BackupInstance (0ms)
		ReleaseScriptingObjects (0ms)
		CreateAndSetChildDomain (14ms)
	RebuildCommonClasses (24ms)
	RebuildNativeTypeToScriptingClass (9ms)
	initialDomainReloadingComplete (31ms)
	LoadAllAssembliesAndSetupDomain (125ms)
		LoadAssemblies (111ms)
		RebuildTransferFunctionScriptingTraits (0ms)
		AnalyzeDomain (121ms)
			TypeCache.Refresh (120ms)
				TypeCache.ScanAssembly (109ms)
			BuildScriptInfoCaches (0ms)
			ResolveRequiredComponents (0ms)
	FinalizeReload (313ms)
		ReleaseScriptCaches (0ms)
		RebuildScriptCaches (0ms)
		SetupLoadedEditorAssemblies (286ms)
			LogAssemblyErrors (0ms)
			InitializePlatformSupportModulesInManaged (75ms)
			SetLoadedEditorAssemblies (3ms)
			BeforeProcessingInitializeOnLoad (59ms)
			ProcessInitializeOnLoadAttributes (90ms)
			ProcessInitializeOnLoadMethodAttributes (60ms)
			AfterProcessingInitializeOnLoad (0ms)
			EditorAssembliesLoaded (0ms)
		ExecutionOrderSort2 (0ms)
		AwakeInstancesAfterBackupRestoration (0ms)
[Licensing::Client] Successfully resolved entitlement details
Application.AssetDatabase Initial Refresh Start
Package Manager log level set to [2]
[Package Manager] Restoring resolved packages state from cache
[Licensing::Client] Successfully resolved entitlement details
[Package Manager] Registered 38 packages:
  Built-in packages:
    com.unity.multiplayer.center@1.0.1 (location: /private/tmp/areabattle-validation-20261003/UnityProject/Library/PackageCache/com.unity.multiplayer.center@f01f4ba8d00a)
    com.unity.ugui@2.0.0 (location: /private/tmp/areabattle-validation-20261003/UnityProject/Library/PackageCache/com.unity.ugui@11343a6274f3)
    com.unity.modules.accessibility@1.0.0 (location: /private/tmp/areabattle-validation-20261003/UnityProject/Library/PackageCache/com.unity.modules.accessibility)
    com.unity.modules.adaptiveperformance@1.0.0 (location: /private/tmp/areabattle-validation-20261003/UnityProject/Library/PackageCache/com.unity.modules.adaptiveperformance)
    com.unity.modules.ai@1.0.0 (location: /private/tmp/areabattle-validation-20261003/UnityProject/Library/PackageCache/com.unity.modules.ai)
    com.unity.modules.androidjni@1.0.0 (location: /private/tmp/areabattle-validation-20261003/UnityProject/Library/PackageCache/com.unity.modules.androidjni)
    com.unity.modules.animation@1.0.0 (location: /private/tmp/areabattle-validation-20261003/UnityProject/Library/PackageCache/com.unity.modules.animation)
    com.unity.modules.assetbundle@1.0.0 (location: /private/tmp/areabattle-validation-20261003/UnityProject/Library/PackageCache/com.unity.modules.assetbundle)
    com.unity.modules.audio@1.0.0 (location: /private/tmp/areabattle-validation-20261003/UnityProject/Library/PackageCache/com.unity.modules.audio)
    com.unity.modules.cloth@1.0.0 (location: /private/tmp/areabattle-validation-20261003/UnityProject/Library/PackageCache/com.unity.modules.cloth)
    com.unity.modules.director@1.0.0 (location: /private/tmp/areabattle-validation-20261003/UnityProject/Library/PackageCache/com.unity.modules.director)
    com.unity.modules.imageconversion@1.0.0 (location: /private/tmp/areabattle-validation-20261003/UnityProject/Library/PackageCache/com.unity.modules.imageconversion)
    com.unity.modules.imgui@1.0.0 (location: /private/tmp/areabattle-validation-20261003/UnityProject/Library/PackageCache/com.unity.modules.imgui)
    com.unity.modules.jsonserialize@1.0.0 (location: /private/tmp/areabattle-validation-20261003/UnityProject/Library/PackageCache/com.unity.modules.jsonserialize)
    com.unity.modules.particlesystem@1.0.0 (location: /private/tmp/areabattle-validation-20261003/UnityProject/Library/PackageCache/com.unity.modules.particlesystem)
    com.unity.modules.physics@1.0.0 (location: /private/tmp/areabattle-validation-20261003/UnityProject/Library/PackageCache/com.unity.modules.physics)
    com.unity.modules.physics2d@1.0.0 (location: /private/tmp/areabattle-validation-20261003/UnityProject/Library/PackageCache/com.unity.modules.physics2d)
    com.unity.modules.screencapture@1.0.0 (location: /private/tmp/areabattle-validation-20261003/UnityProject/Library/PackageCache/com.unity.modules.screencapture)
    com.unity.modules.terrain@1.0.0 (location: /private/tmp/areabattle-validation-20261003/UnityProject/Library/PackageCache/com.unity.modules.terrain)
    com.unity.modules.terrainphysics@1.0.0 (location: /private/tmp/areabattle-validation-20261003/UnityProject/Library/PackageCache/com.unity.modules.terrainphysics)
    com.unity.modules.tilemap@1.0.0 (location: /private/tmp/areabattle-validation-20261003/UnityProject/Library/PackageCache/com.unity.modules.tilemap)
    com.unity.modules.ui@1.0.0 (location: /private/tmp/areabattle-validation-20261003/UnityProject/Library/PackageCache/com.unity.modules.ui)
    com.unity.modules.uielements@1.0.0 (location: /private/tmp/areabattle-validation-20261003/UnityProject/Library/PackageCache/com.unity.modules.uielements)
    com.unity.modules.umbra@1.0.0 (location: /private/tmp/areabattle-validation-20261003/UnityProject/Library/PackageCache/com.unity.modules.umbra)
    com.unity.modules.unityanalytics@1.0.0 (location: /private/tmp/areabattle-validation-20261003/UnityProject/Library/PackageCache/com.unity.modules.unityanalytics)
    com.unity.modules.unitywebrequest@1.0.0 (location: /private/tmp/areabattle-validation-20261003/UnityProject/Library/PackageCache/com.unity.modules.unitywebrequest)
    com.unity.modules.unitywebrequestassetbundle@1.0.0 (location: /private/tmp/areabattle-validation-20261003/UnityProject/Library/PackageCache/com.unity.modules.unitywebrequestassetbundle)
    com.unity.modules.unitywebrequestaudio@1.0.0 (location: /private/tmp/areabattle-validation-20261003/UnityProject/Library/PackageCache/com.unity.modules.unitywebrequestaudio)
    com.unity.modules.unitywebrequesttexture@1.0.0 (location: /private/tmp/areabattle-validation-20261003/UnityProject/Library/PackageCache/com.unity.modules.unitywebrequesttexture)
    com.unity.modules.unitywebrequestwww@1.0.0 (location: /private/tmp/areabattle-validation-20261003/UnityProject/Library/PackageCache/com.unity.modules.unitywebrequestwww)
    com.unity.modules.vectorgraphics@1.0.0 (location: /private/tmp/areabattle-validation-20261003/UnityProject/Library/PackageCache/com.unity.modules.vectorgraphics)
    com.unity.modules.vehicles@1.0.0 (location: /private/tmp/areabattle-validation-20261003/UnityProject/Library/PackageCache/com.unity.modules.vehicles)
    com.unity.modules.video@1.0.0 (location: /private/tmp/areabattle-validation-20261003/UnityProject/Library/PackageCache/com.unity.modules.video)
    com.unity.modules.vr@1.0.0 (location: /private/tmp/areabattle-validation-20261003/UnityProject/Library/PackageCache/com.unity.modules.vr)
    com.unity.modules.wind@1.0.0 (location: /private/tmp/areabattle-validation-20261003/UnityProject/Library/PackageCache/com.unity.modules.wind)
    com.unity.modules.xr@1.0.0 (location: /private/tmp/areabattle-validation-20261003/UnityProject/Library/PackageCache/com.unity.modules.xr)
    com.unity.modules.subsystems@1.0.0 (location: /private/tmp/areabattle-validation-20261003/UnityProject/Library/PackageCache/com.unity.modules.subsystems)
    com.unity.modules.hierarchycore@1.0.0 (location: /private/tmp/areabattle-validation-20261003/UnityProject/Library/PackageCache/com.unity.modules.hierarchycore)
[Subsystems] No new subsystems found in resolved package list.
[Package Manager] Done registering packages in 0.01 seconds
[ScriptCompilation] Requested script compilation because: Assetdatabase observed changes in script compilation related files
[40m[32minfo[39m[22m[49m: Microsoft.Hosting.Lifetime[14]
      Now listening on: http://unix:/tmp/ilpp.sock-b4295128722492fe3148b2072c065e13
[40m[32minfo[39m[22m[49m: Microsoft.Hosting.Lifetime[0]
      Application started. Press Ctrl+C to shut down.
[40m[32minfo[39m[22m[49m: Microsoft.Hosting.Lifetime[0]
      Hosting environment: Production
[40m[32minfo[39m[22m[49m: Microsoft.Hosting.Lifetime[0]
      Content root path: /private/tmp/areabattle-validation-20261003/UnityProject/
[40m[32minfo[39m[22m[49m: Microsoft.AspNetCore.Hosting.Diagnostics[1]
      Request starting HTTP/2 POST http://ilpp/UnityILPP.PostProcessing/Ping application/grpc -
[40m[32minfo[39m[22m[49m: Microsoft.AspNetCore.Routing.EndpointMiddleware[0]
      Executing endpoint 'gRPC - /UnityILPP.PostProcessing/Ping'
[40m[32minfo[39m[22m[49m: Microsoft.AspNetCore.Routing.EndpointMiddleware[1]
      Executed endpoint 'gRPC - /UnityILPP.PostProcessing/Ping'
[40m[32minfo[39m[22m[49m: Microsoft.AspNetCore.Hosting.Diagnostics[2]
      Request finished HTTP/2 POST http://ilpp/UnityILPP.PostProcessing/Ping application/grpc - - 200 - application/grpc 24.8314ms
Starting: /Applications/Unity6000.3.7f1/Unity-6000.3.7f1/Unity.app/Contents/Resources/BuildPipeline/bee_backend --ipc --defer-dag-verification --dagfile="Library/Bee/200b0aE.dag" --continue-on-failure --profile="Library/Bee/backend1.traceevents" ScriptAssemblies
WorkingDir: /private/tmp/areabattle-validation-20261003/UnityProject
DisplayProgressbar: Compiling Scripts
ExitCode: 4 Duration: 2s739ms
Rebuilding DAG because FileSignature timestamp changed: Library/Bee/200b0aE-inputdata.json
[238/244    2s] Csc Library/Bee/artifacts/200b0aE.dag/Assembly-CSharp.dll (+2 others)
Assets/AreaBattle/Scripts/OutgameFlyRuntime.cs(10,59): warning CS0108: 'OutgameFlyRuntime.animation' hides inherited member 'Component.animation'. Use the new keyword if hiding was intended.
Assets/AreaBattle/ThirdParty/Spine41/spine-unity/Components/EditorSkeletonPlayer.cs(57,51): warning CS0618: 'Object.FindObjectsOfType<T>()' is obsolete: 'Object.FindObjectsOfType has been deprecated. Use Object.FindObjectsByType instead which lets you decide whether you need the results sorted or not.  FindObjectsOfType sorts the results by InstanceID but if you do not need this using FindObjectSortMode.None is considerably faster.'
Assets/AreaBattle/ThirdParty/Spine41/spine-unity/Components/Following/BoundingBoxFollowerGraphic.cs(168,7): warning CS0618: 'Collider2D.usedByComposite' is obsolete: 'usedByComposite has been deprecated. Please use compositeOperation.'
Assets/AreaBattle/ThirdParty/Spine41/spine-unity/Components/Following/BoundingBoxFollower.cs(167,7): warning CS0618: 'Collider2D.usedByComposite' is obsolete: 'usedByComposite has been deprecated. Please use compositeOperation.'
Assets/AreaBattle/ThirdParty/Spine41/spine-unity/Components/SkeletonUtility/SkeletonUtility.cs(126,5): warning CS0618: 'Rigidbody2D.isKinematic' is obsolete: 'isKinematic has been deprecated. Please use bodyType.'
Assets/AreaBattle/Scripts/OutgameActivityBusinessConfig.cs(9,13): warning CS0414: The field 'OutgameActivityConditionPriority.reserved' is assigned but its value is never used
Assets/AreaBattle/Scripts/OutgameTaskModels.cs(54,41): warning CS0414: The field 'OutgameTaskGroupData.m_ArriveVideoTimes' is assigned but its value is never used
Assets/AreaBattle/Scripts/OutgameTaskModels.cs(23,44): warning CS0414: The field 'OutgameChildTaskData.m_ArriveVideoTimes' is assigned but its value is never used
Assets/AreaBattle/Scripts/OutgameInputManager.cs(44,37): warning CS0414: The field 'OutgameInputManager.TouchDebug' is assigned but its value is never used
Assets/AreaBattle/Scripts/OutgameLegacyPrefabResource.cs(9,46): warning CS0414: The field 'OutgameLegacyPrefabResource.sprite' is assigned but its value is never used
Assets/AreaBattle/Scripts/OutgameTaskModels.cs(75,36): warning CS0414: The field 'OutgameTaskItemData.m_ArriveVideoTimes' is assigned but its value is never used
Assets/AreaBattle/Scripts/OutgameLegacyPrefabResource.cs(9,28): warning CS0414: The field 'OutgameLegacyPrefabResource.mainObject' is assigned but its value is never used
Assets/AreaBattle/Scripts/OutgameInputManager.cs(45,62): warning CS0414: The field 'OutgameInputManager.MulTouchBegin' is assigned but its value is never used
*** Tundra requires additional run (2.72 seconds), 1 items updated, 237 evaluated
Starting: /Applications/Unity6000.3.7f1/Unity-6000.3.7f1/Unity.app/Contents/Resources/Scripting/netcorerun/netcorerun "/Applications/Unity6000.3.7f1/Unity-6000.3.7f1/Unity.app/Contents/Resources/BuildPipeline/ScriptCompilationBuildProgram.exe" "Library/Bee/200b0aE.dag.json" "Library/Bee/200b0aE-inputdata.json" "Library/Bee/buildprogram0.traceevents"
WorkingDir: /private/tmp/areabattle-validation-20261003/UnityProject
ExitCode: 0 Duration: 0s350ms
Starting: /Applications/Unity6000.3.7f1/Unity-6000.3.7f1/Unity.app/Contents/Resources/BuildPipeline/bee_backend --ipc --defer-dag-verification --dagfile="Library/Bee/200b0aE.dag" --continue-on-failure --dagfilejson="Library/Bee/200b0aE.dag.json" --profile="Library/Bee/backend2.traceevents" ScriptAssemblies
WorkingDir: /private/tmp/areabattle-validation-20261003/UnityProject
ExitCode: 0 Duration: 2s733ms
Finished compiling graph: 247 nodes, 2320 flattened edges (2184 ToBuild, 22 ToUse), maximum node priority 123
[190/244    0s] WriteText Library/Bee/artifacts/200b0aE.dag/Assembly-CSharp.rsp
[191/244    0s] WriteText Library/Bee/artifacts/200b0aE.dag/Assembly-CSharp-Editor.rsp
[238/244    1s] Csc Library/Bee/artifacts/200b0aE.dag/Assembly-CSharp.dll (+2 others)
Assets/AreaBattle/Scripts/OutgameFlyRuntime.cs(10,59): warning CS0108: 'OutgameFlyRuntime.animation' hides inherited member 'Component.animation'. Use the new keyword if hiding was intended.
Assets/AreaBattle/ThirdParty/LitJson/JsonWriter.cs(387,21): warning CS3021: 'JsonWriter.Write(ulong)' does not need a CLSCompliant attribute because the assembly does not have a CLSCompliant attribute
Assets/AreaBattle/ThirdParty/Spine41/spine-unity/Components/EditorSkeletonPlayer.cs(57,51): warning CS0618: 'Object.FindObjectsOfType<T>()' is obsolete: 'Object.FindObjectsOfType has been deprecated. Use Object.FindObjectsByType instead which lets you decide whether you need the results sorted or not.  FindObjectsOfType sorts the results by InstanceID but if you do not need this using FindObjectSortMode.None is considerably faster.'
Assets/AreaBattle/ThirdParty/Spine41/spine-unity/Components/Following/BoundingBoxFollower.cs(167,7): warning CS0618: 'Collider2D.usedByComposite' is obsolete: 'usedByComposite has been deprecated. Please use compositeOperation.'
Assets/AreaBattle/ThirdParty/Spine41/spine-unity/Components/Following/BoundingBoxFollowerGraphic.cs(168,7): warning CS0618: 'Collider2D.usedByComposite' is obsolete: 'usedByComposite has been deprecated. Please use compositeOperation.'
Assets/AreaBattle/ThirdParty/Spine41/spine-unity/Components/SkeletonUtility/SkeletonUtility.cs(126,5): warning CS0618: 'Rigidbody2D.isKinematic' is obsolete: 'isKinematic has been deprecated. Please use bodyType.'
Assets/AreaBattle/Scripts/OutgameInputManager.cs(44,37): warning CS0414: The field 'OutgameInputManager.TouchDebug' is assigned but its value is never used
Assets/AreaBattle/Scripts/OutgameInputManager.cs(45,62): warning CS0414: The field 'OutgameInputManager.MulTouchBegin' is assigned but its value is never used
Assets/AreaBattle/Scripts/OutgameLegacyPrefabResource.cs(9,28): warning CS0414: The field 'OutgameLegacyPrefabResource.mainObject' is assigned but its value is never used
Assets/AreaBattle/Scripts/OutgameTaskModels.cs(23,44): warning CS0414: The field 'OutgameChildTaskData.m_ArriveVideoTimes' is assigned but its value is never used
Assets/AreaBattle/Scripts/OutgameTaskModels.cs(54,41): warning CS0414: The field 'OutgameTaskGroupData.m_ArriveVideoTimes' is assigned but its value is never used
Assets/AreaBattle/Scripts/OutgameTaskModels.cs(75,36): warning CS0414: The field 'OutgameTaskItemData.m_ArriveVideoTimes' is assigned but its value is never used
Assets/AreaBattle/Scripts/OutgameActivityBusinessConfig.cs(9,13): warning CS0414: The field 'OutgameActivityConditionPriority.reserved' is assigned but its value is never used
Assets/AreaBattle/Scripts/OutgameLegacyPrefabResource.cs(9,46): warning CS0414: The field 'OutgameLegacyPrefabResource.sprite' is assigned but its value is never used
[239/244    0s] CopyFiles Library/ScriptAssemblies/Assembly-CSharp.pdb
[240/244    0s] CopyFiles Library/ScriptAssemblies/Assembly-CSharp.dll
[241/244    1s] Csc Library/Bee/artifacts/200b0aE.dag/Assembly-CSharp-Editor.dll (+2 others)
Assets/AreaBattle/Editor/OutgameAudioNodeValidation.cs(18,34): warning CS0108: 'OutgameAudioNodeValidation.Fixture.GetType' hides inherited member 'object.GetType()'. Use the new keyword if hiding was intended.
Assets/AreaBattle/Editor/OutgameUpdateManagerPlayModeValidation.cs(14,117): warning CS0414: The field 'OutgameUpdateManagerPlayModeValidation.driveActions' is assigned but its value is never used
[242/244    0s] CopyFiles Library/ScriptAssemblies/Assembly-CSharp-Editor.pdb
[243/244    0s] CopyFiles Library/ScriptAssemblies/Assembly-CSharp-Editor.dll
*** Tundra build success (2.72 seconds), 8 items updated, 244 evaluated
Assets/AreaBattle/Scripts/OutgameFlyRuntime.cs(10,59): warning CS0108: 'OutgameFlyRuntime.animation' hides inherited member 'Component.animation'. Use the new keyword if hiding was intended.
Assets/AreaBattle/ThirdParty/LitJson/JsonWriter.cs(387,21): warning CS3021: 'JsonWriter.Write(ulong)' does not need a CLSCompliant attribute because the assembly does not have a CLSCompliant attribute
Assets/AreaBattle/ThirdParty/Spine41/spine-unity/Components/EditorSkeletonPlayer.cs(57,51): warning CS0618: 'Object.FindObjectsOfType<T>()' is obsolete: 'Object.FindObjectsOfType has been deprecated. Use Object.FindObjectsByType instead which lets you decide whether you need the results sorted or not.  FindObjectsOfType sorts the results by InstanceID but if you do not need this using FindObjectSortMode.None is considerably faster.'
Assets/AreaBattle/ThirdParty/Spine41/spine-unity/Components/Following/BoundingBoxFollower.cs(167,7): warning CS0618: 'Collider2D.usedByComposite' is obsolete: 'usedByComposite has been deprecated. Please use compositeOperation.'
Assets/AreaBattle/ThirdParty/Spine41/spine-unity/Components/Following/BoundingBoxFollowerGraphic.cs(168,7): warning CS0618: 'Collider2D.usedByComposite' is obsolete: 'usedByComposite has been deprecated. Please use compositeOperation.'
Assets/AreaBattle/ThirdParty/Spine41/spine-unity/Components/SkeletonUtility/SkeletonUtility.cs(126,5): warning CS0618: 'Rigidbody2D.isKinematic' is obsolete: 'isKinematic has been deprecated. Please use bodyType.'
Assets/AreaBattle/Scripts/OutgameInputManager.cs(44,37): warning CS0414: The field 'OutgameInputManager.TouchDebug' is assigned but its value is never used
Assets/AreaBattle/Scripts/OutgameInputManager.cs(45,62): warning CS0414: The field 'OutgameInputManager.MulTouchBegin' is assigned but its value is never used
Assets/AreaBattle/Scripts/OutgameLegacyPrefabResource.cs(9,28): warning CS0414: The field 'OutgameLegacyPrefabResource.mainObject' is assigned but its value is never used
Assets/AreaBattle/Scripts/OutgameTaskModels.cs(23,44): warning CS0414: The field 'OutgameChildTaskData.m_ArriveVideoTimes' is assigned but its value is never used
Assets/AreaBattle/Scripts/OutgameTaskModels.cs(54,41): warning CS0414: The field 'OutgameTaskGroupData.m_ArriveVideoTimes' is assigned but its value is never used
Assets/AreaBattle/Scripts/OutgameTaskModels.cs(75,36): warning CS0414: The field 'OutgameTaskItemData.m_ArriveVideoTimes' is assigned but its value is never used
Assets/AreaBattle/Scripts/OutgameActivityBusinessConfig.cs(9,13): warning CS0414: The field 'OutgameActivityConditionPriority.reserved' is assigned but its value is never used
Assets/AreaBattle/Scripts/OutgameLegacyPrefabResource.cs(9,46): warning CS0414: The field 'OutgameLegacyPrefabResource.sprite' is assigned but its value is never used
Assets/AreaBattle/Editor/OutgameAudioNodeValidation.cs(18,34): warning CS0108: 'OutgameAudioNodeValidation.Fixture.GetType' hides inherited member 'object.GetType()'. Use the new keyword if hiding was intended.
Assets/AreaBattle/Editor/OutgameUpdateManagerPlayModeValidation.cs(14,117): warning CS0414: The field 'OutgameUpdateManagerPlayModeValidation.driveActions' is assigned but its value is never used
le/ThirdParty/Spine41/spine-unity/Components/EditorSkeletonPlayer.cs(57,51): warning CS0618: 'Object.FindObjectsOfType<T>()' is obsolete: 'Object.FindObjectsOfType has been deprecated. Use Object.FindObjectsByType instead which lets you decide whether you need the results sorted or not.  FindObjectsOfType sorts the results by InstanceID but if you do not need this using FindObjectSortMode.None is considerably faster.'
Assets/AreaBattle/ThirdParty/Spine41/spine-unity/Components/Following/BoundingBoxFollower.cs(167,7): warning CS0618: 'Collider2D.usedByComposite' is obsolete: 'usedByComposite has been deprecated. Please use compositeOperation.'
Assets/AreaBattle/ThirdParty/Spine41/spine-unity/Components/Following/BoundingBoxFollowerGraphic.cs(168,7): warning CS0618: 'Collider2D.usedByComposite' is obsolete: 'usedByComposite has been deprecated. Please use compositeOperation.'
Assets/AreaBattle/ThirdParty/Spine41/spine-unity/Components/SkeletonUtility/SkeletonUtility.cs(126,5): warning CS0618: 'Rigidbody2D.isKinematic' is obsolete: 'isKinematic has been deprecated. Please use bodyType.'
Assets/AreaBattle/Scripts/OutgameInputManager.cs(44,37): warning CS0414: The field 'OutgameInputManager.TouchDebug' is assigned but its value is never used
Assets/AreaBattle/Scripts/OutgameInputManager.cs(45,62): warning CS0414: The field 'OutgameInputManager.MulTouchBegin' is assigned but its value is never used
Assets/AreaBattle/Scripts/OutgameLegacyPrefabResource.cs(9,28): warning CS0414: The field 'OutgameLegacyPrefabResource.mainObject' is assigned but its value is never used
Assets/AreaBattle/Scripts/OutgameTaskModels.cs(23,44): warning CS0414: The field 'OutgameChildTaskData.m_ArriveVideoTimes' is assigned but its value is never used
Assets/AreaBattle/Scripts/OutgameTaskModels.cs(54,41): warning CS0414: The field 'OutgameTaskGroupData.m_ArriveVideoTimes' is assigned but its value is never used
Assets/AreaBattle/Scripts/OutgameTaskModels.cs(75,36): warning CS0414: The field 'OutgameTaskItemData.m_ArriveVideoTimes' is assigned but its value is never used
Assets/AreaBattle/Scripts/OutgameActivityBusinessConfig.cs(9,13): warning CS0414: The field 'OutgameActivityConditionPriority.reserved' is assigned but its value is never used
Assets/AreaBattle/Scripts/OutgameLegacyPrefabResource.cs(9,46): warning CS0414: The field 'OutgameLegacyPrefabResource.sprite' is assigned but its value is never used
AssetDatabase: script compilation time: 6.216440s
Begin MonoManager ReloadAssembly
- Loaded All Assemblies, in  0.360 seconds
Start importing Assets/AreaBattle/ThirdParty/LitJson using Guid(cf24339ef3914b279c6913c3a7ae4e5c) (DefaultImporter) -> (artifact id: '8229fba4c3a3e4fb946c9892afa3ff0a') in 0.009424 seconds
Refreshing native plugins compatible for Editor in 0.00 ms, found 0 plugins.
Native extension for iOS target not found
Native extension for Android target not found
Native extension for OSXStandalone target not found
ScheduleIndexationOnStartup MainProcess:True IndexOnStartup:True
Mono: successfully reloaded assembly
- Finished resetting the current domain, in  0.292 seconds
Domain Reload Profiling: 652ms
	BeginReloadAssembly (259ms)
		ExecutionOrderSort (0ms)
		DisableScriptedObjects (5ms)
		BackupInstance (0ms)
		ReleaseScriptingObjects (0ms)
		CreateAndSetChildDomain (140ms)
	RebuildCommonClasses (25ms)
	RebuildNativeTypeToScriptingClass (9ms)
	initialDomainReloadingComplete (12ms)
	LoadAllAssembliesAndSetupDomain (55ms)
		LoadAssemblies (104ms)
		RebuildTransferFunctionScriptingTraits (0ms)
		AnalyzeDomain (39ms)
			TypeCache.Refresh (32ms)
				TypeCache.ScanAssembly (25ms)
			BuildScriptInfoCaches (4ms)
			ResolveRequiredComponents (2ms)
	FinalizeReload (292ms)
		ReleaseScriptCaches (0ms)
		RebuildScriptCaches (0ms)
		SetupLoadedEditorAssemblies (202ms)
			LogAssemblyErrors (0ms)
			InitializePlatformSupportModulesInManaged (28ms)
			SetLoadedEditorAssemblies (2ms)
			BeforeProcessingInitializeOnLoad (85ms)
			ProcessInitializeOnLoadAttributes (67ms)
			ProcessInitializeOnLoadMethodAttributes (20ms)
			AfterProcessingInitializeOnLoad (1ms)
			EditorAssembliesLoaded (0ms)
		ExecutionOrderSort2 (0ms)
		AwakeInstancesAfterBackupRestoration (3ms)
Start importing Assets/AreaBattle/ThirdParty/LitJson/COPYING.txt using Guid(bb02e68e67af420995785c76df5629a8) (TextScriptImporter) -> (artifact id: '6fb6c3327eb740c2ae00f10470aa742b') in 0.00155025 seconds
Refreshing native plugins compatible for Editor in 0.00 ms, found 0 plugins.
Preloading 0 native plugins for Editor in 0.00 ms.
Asset Pipeline Refresh (id=9116cabfd2705437c9440adf52fcd319): Total: 7.161 seconds - Initiated by InitialRefreshV2(ForceSynchronousImport)
	Summary:
		Imports: total=2 (actual=2, local cache=0, cache server=0)
		Asset DB Process Time: managed=1 ms, native=509 ms
		Asset DB Callback time: managed=54 ms, native=12 ms
		Scripting: domain reloads=1, domain reload time=360 ms, compile time=6218 ms, other=4 ms
		Project Asset Count: scripts=393, non-scripts=2359
		Asset File Changes: new=14, changed=16, moved=0, deleted=0
		Scan Filter Count: 1
	InvokeCustomDependenciesCallbacks: 0.001ms
	InvokePackagesCallback: 12.025ms
	ApplyChangesToAssetFolders: 0.143ms
	Scan: 129.419ms
	OnSourceAssetsModified: 0.508ms
	CategorizeAssetsWithTransientArtifact: 2.665ms
	ProcessAssetsWithTransientArtifactChanges: 8.593ms
	CategorizeAssets: 23.529ms
	ImportOutOfDateAssets: 309.148ms (-5924.324ms without children)
		ImportManagerImport: 15.098ms (2.732ms without children)
			ImportInProcess: 12.338ms
			UpdateCategorizedAssets: 0.028ms
		CompileScripts: 6217.534ms
		ReloadNativeAssets: 0.000ms
		UnloadImportedAssets: 0.225ms
		ReloadImportedAssets: 0.000ms
		EnsureUptoDateAssetsAreRegisteredWithGuidPM: 0.320ms
		InitializingProgressBar: 0.005ms
		PostProcessAllAssetNotificationsAddChangedAssets: 0.000ms
		OnDemandSchedulerStart: 0.289ms
	PostProcessAllAssets: 54.456ms
	Hotreload: 0.751ms
	GatherAllCurrentPrimaryArtifactRevisions: 0.000ms
	UnloadStreamsBegin: 0.549ms
	PersistCurrentRevisions: 0.123ms
	UnloadStreamsEnd: 0.000ms
	GenerateScriptTypeHashes: 1.009ms
	Untracked: 6619.500ms

Application.AssetDatabase Initial Refresh End
Launching external process: /Applications/Unity6000.3.7f1/Unity-6000.3.7f1/Unity.app/Contents/Helpers/UnityShaderCompiler
Launched and connected shader compiler UnityShaderCompiler after 0.03 seconds
Scanning for USB devices : 0.035ms
Initializing Unity extensions:
[MODES] ModeService[none].Initialize
[MODES] ModeService[none].LoadModes
[MODES] Loading mode Default (0) for mode-current-id-AreaBattle
2026-10-03 22:55:43.799 Unity[56190:52442337] NSEventModifierFlagFunction specified to -setKeyEquivalentModifierMask: for item <NSMenuItem: 0x851f9d2c0 SDF, ke='Command-F12'>, but is only supported for system-provided menu items; will not be used
Unloading 57 Unused Serialized files (Serialized files now loaded: 0)
Unloading 1226 unused Assets / (5.3 MB). Loaded Objects now: 1785.
Memory consumption went from 137.9 MB to 132.6 MB.
Total: 7.680000 ms (FindLiveObjects: 0.095208 ms CreateObjectMapping: 0.040875 ms MarkObjects: 4.779250 ms  DeleteObjects: 2.764375 ms)

2026-10-03 22:55:43.837 Unity[56190:52442337] NSEventModifierFlagFunction specified to -setKeyEquivalentModifierMask: for item <NSMenuItem: 0x851f9caa0 SDF, ke='Command-F12'>, but is only supported for system-provided menu items; will not be used
Asset Pipeline Refresh (id=499a1ec2b36684e1dbf7155ea02c1341): Total: 0.060 seconds - Initiated by RefreshV2(NoUpdateAssetOptions)
Start importing ProjectSettings/TimeManager.asset using Guid(00000000000000007000000000000000) (LibraryAssetImporter) -> (artifact id: 'fcd35394ed3ce11a9b90be582fe50514') in 0.0010315 seconds
Refreshing native plugins compatible for Editor in 0.00 ms, found 0 plugins.
Preloading 0 native plugins for Editor in 0.00 ms.
Asset Pipeline Refresh (id=2cba8566d8d5f45d39374991155ed952): Total: 0.013 seconds - Initiated by StopAssetImportingV2(NoUpdateAssetOptions)
2026-10-03 22:55:44.845 Unity[56190:52442337] NSEventModifierFlagFunction specified to -setKeyEquivalentModifierMask: for item <NSMenuItem: 0x851f9d860 SDF, ke='Command-F12'>, but is only supported for system-provided menu items; will not be used

***Player size statistics***
Total compressed size 1.5 KB. Total uncompressed size 4.1 KB.
Unloading 0 Unused Serialized files (Serialized files now loaded: 0)
Unloading 1003 unused Assets / (31.5 MB). Loaded Objects now: 1811.
Memory consumption went from 174.4 MB to 142.9 MB.
Total: 6.572416 ms (FindLiveObjects: 0.123583 ms CreateObjectMapping: 0.035292 ms MarkObjects: 4.556625 ms  DeleteObjects: 1.856708 ms)


-------------------------------------------------------------------------------
Bundle Name: account-rewards-config-bundles
Compressed Size:1.5 kb
Uncompressed usage by category (Percentages based on user generated assets only):
Textures               0.0 kb	 0.0% 
Meshes                 0.0 kb	 0.0% 
Animations             0.0 kb	 0.0% 
Sounds                 0.0 kb	 0.0% 
Shaders                0.0 kb	 0.0% 
Other Assets           0.2 kb	 4.4% 
Levels                 0.0 kb	 0.0% 
File headers           3.9 kb	 95.6% 
Total User Assets      4.1 kb	 100.0% 
Complete build size    4.1 kb
Used Assets and files from the Resources folder, sorted by uncompressed size:
 0.1 kb	 2.5% AssetBundle Object
 0.1 kb	 2.0% Built-in AssetBundleManifest: AssetBundleManifest
-------------------------------------------------------------------------------
2026-10-03 22:55:45.018 Unity[56190:52442337] NSEventModifierFlagFunction specified to -setKeyEquivalentModifierMask: for item <NSMenuItem: 0x851f9e080 SDF, ke='Command-F12'>, but is only supported for system-provided menu items; will not be used

***Player size statistics***
Total compressed size 1.5 KB. Total uncompressed size 4.1 KB.
Unloading 82 Unused Serialized files (Serialized files now loaded: 0)
Unloading 497 unused Assets / (33.4 KB). Loaded Objects now: 3600.
Memory consumption went from 138.4 MB to 138.4 MB.
Total: 5.515208 ms (FindLiveObjects: 0.145333 ms CreateObjectMapping: 0.040833 ms MarkObjects: 5.166334 ms  DeleteObjects: 0.162416 ms)


-------------------------------------------------------------------------------
Bundle Name: top-info-effects-native-bundle
Compressed Size:1.5 kb
Uncompressed usage by category (Percentages based on user generated assets only):
Textures               0.0 kb	 0.0% 
Meshes                 0.0 kb	 0.0% 
Animations             0.0 kb	 0.0% 
Sounds                 0.0 kb	 0.0% 
Shaders                0.0 kb	 0.0% 
Other Assets           0.2 kb	 4.4% 
Levels                 0.0 kb	 0.0% 
File headers           3.9 kb	 95.6% 
Total User Assets      4.1 kb	 100.0% 
Complete build size    4.1 kb
Used Assets and files from the Resources folder, sorted by uncompressed size:
 0.1 kb	 2.5% AssetBundle Object
 0.1 kb	 2.0% Built-in AssetBundleManifest: AssetBundleManifest
-------------------------------------------------------------------------------
2026-10-03 22:55:45.091 Unity[56190:52442337] NSEventModifierFlagFunction specified to -setKeyEquivalentModifierMask: for item <NSMenuItem: 0x851f973e0 SDF, ke='Command-F12'>, but is only supported for system-provided menu items; will not be used

***Player size statistics***
Total compressed size 1.5 KB. Total uncompressed size 4.1 KB.
Unloading 11 Unused Serialized files (Serialized files now loaded: 0)
Unloading 577 unused Assets / (178.6 KB). Loaded Objects now: 1811.
Memory consumption went from 146.1 MB to 145.9 MB.
Total: 5.676667 ms (FindLiveObjects: 0.098209 ms CreateObjectMapping: 0.031083 ms MarkObjects: 5.138292 ms  DeleteObjects: 0.408917 ms)


-------------------------------------------------------------------------------
Bundle Name: account-rewards-config-bundles
Compressed Size:1.5 kb
Uncompressed usage by category (Percentages based on user generated assets only):
Textures               0.0 kb	 0.0% 
Meshes                 0.0 kb	 0.0% 
Animations             0.0 kb	 0.0% 
Sounds                 0.0 kb	 0.0% 
Shaders                0.0 kb	 0.0% 
Other Assets           0.2 kb	 4.4% 
Levels                 0.0 kb	 0.0% 
File headers           3.9 kb	 95.6% 
Total User Assets      4.1 kb	 100.0% 
Complete build size    4.1 kb
Used Assets and files from the Resources folder, sorted by uncompressed size:
 0.1 kb	 2.5% AssetBundle Object
 0.1 kb	 2.0% Built-in AssetBundleManifest: AssetBundleManifest
-------------------------------------------------------------------------------
2026-10-03 22:55:45.157 Unity[56190:52442337] NSEventModifierFlagFunction specified to -setKeyEquivalentModifierMask: for item <NSMenuItem: 0x852326300 SDF, ke='Command-F12'>, but is only supported for system-provided menu items; will not be used

***Player size statistics***
Total compressed size 1.5 KB. Total uncompressed size 4.1 KB.
Unloading 82 Unused Serialized files (Serialized files now loaded: 0)
Unloading 497 unused Assets / (33.1 KB). Loaded Objects now: 3600.
Memory consumption went from 155.4 MB to 155.3 MB.
Total: 5.556541 ms (FindLiveObjects: 0.108375 ms CreateObjectMapping: 0.036250 ms MarkObjects: 5.243584 ms  DeleteObjects: 0.167791 ms)


-------------------------------------------------------------------------------
Bundle Name: top-info-effects-native-bundle
Compressed Size:1.5 kb
Uncompressed usage by category (Percentages based on user generated assets only):
Textures               0.0 kb	 0.0% 
Meshes                 0.0 kb	 0.0% 
Animations             0.0 kb	 0.0% 
Sounds                 0.0 kb	 0.0% 
Shaders                0.0 kb	 0.0% 
Other Assets           0.2 kb	 4.4% 
Levels                 0.0 kb	 0.0% 
File headers           3.9 kb	 95.6% 
Total User Assets      4.1 kb	 100.0% 
Complete build size    4.1 kb
Used Assets and files from the Resources folder, sorted by uncompressed size:
 0.1 kb	 2.5% AssetBundle Object
 0.1 kb	 2.0% Built-in AssetBundleManifest: AssetBundleManifest
-------------------------------------------------------------------------------
2026-10-03 22:55:45.178 Unity[56190:52442337] NSEventModifierFlagFunction specified to -setKeyEquivalentModifierMask: for item <NSMenuItem: 0x85114ad00 SDF, ke='Command-F12'>, but is only supported for system-provided menu items; will not be used

***Player size statistics***
Total compressed size 1.5 KB. Total uncompressed size 4.1 KB.
Unloading 6 Unused Serialized files (Serialized files now loaded: 0)
Unloading 572 unused Assets / (1.0 MB). Loaded Objects now: 1811.
Memory consumption went from 145.1 MB to 144.1 MB.
Total: 4.935000 ms (FindLiveObjects: 0.064375 ms CreateObjectMapping: 0.027500 ms MarkObjects: 4.448625 ms  DeleteObjects: 0.393959 ms)


-------------------------------------------------------------------------------
Bundle Name: account-rewards-config-bundles
Compressed Size:1.5 kb
Uncompressed usage by category (Percentages based on user generated assets only):
Textures               0.0 kb	 0.0% 
Meshes                 0.0 kb	 0.0% 
Animations             0.0 kb	 0.0% 
Sounds                 0.0 kb	 0.0% 
Shaders                0.0 kb	 0.0% 
Other Assets           0.2 kb	 4.4% 
Levels                 0.0 kb	 0.0% 
File headers           3.9 kb	 95.6% 
Total User Assets      4.1 kb	 100.0% 
Complete build size    4.1 kb
Used Assets and files from the Resources folder, sorted by uncompressed size:
 0.1 kb	 2.5% AssetBundle Object
 0.1 kb	 2.0% Built-in AssetBundleManifest: AssetBundleManifest
-------------------------------------------------------------------------------
2026-10-03 22:55:45.241 Unity[56190:52442337] NSEventModifierFlagFunction specified to -setKeyEquivalentModifierMask: for item <NSMenuItem: 0x85114af80 SDF, ke='Command-F12'>, but is only supported for system-provided menu items; will not be used

***Player size statistics***
Total compressed size 1.5 KB. Total uncompressed size 4.1 KB.
Unloading 82 Unused Serialized files (Serialized files now loaded: 0)
Unloading 497 unused Assets / (29.0 KB). Loaded Objects now: 3600.
Memory consumption went from 155.0 MB to 155.0 MB.
Total: 6.001542 ms (FindLiveObjects: 0.107916 ms CreateObjectMapping: 0.036917 ms MarkObjects: 5.674916 ms  DeleteObjects: 0.181584 ms)


-------------------------------------------------------------------------------
Bundle Name: top-info-effects-native-bundle
Compressed Size:1.5 kb
Uncompressed usage by category (Percentages based on user generated assets only):
Textures               0.0 kb	 0.0% 
Meshes                 0.0 kb	 0.0% 
Animations             0.0 kb	 0.0% 
Sounds                 0.0 kb	 0.0% 
Shaders                0.0 kb	 0.0% 
Other Assets           0.2 kb	 4.4% 
Levels                 0.0 kb	 0.0% 
File headers           3.9 kb	 95.6% 
Total User Assets      4.1 kb	 100.0% 
Complete build size    4.1 kb
Used Assets and files from the Resources folder, sorted by uncompressed size:
 0.1 kb	 2.5% AssetBundle Object
 0.1 kb	 2.0% Built-in AssetBundleManifest: AssetBundleManifest
-------------------------------------------------------------------------------
2026-10-03 22:55:45.264 Unity[56190:52442337] NSEventModifierFlagFunction specified to -setKeyEquivalentModifierMask: for item <NSMenuItem: 0x851149cc0 SDF, ke='Command-F12'>, but is only supported for system-provided menu items; will not be used

***Player size statistics***
Total compressed size 1.5 KB. Total uncompressed size 4.1 KB.
Unloading 11 Unused Serialized files (Serialized files now loaded: 0)
Unloading 577 unused Assets / (1.4 MB). Loaded Objects now: 1811.
Memory consumption went from 145.9 MB to 144.5 MB.
Total: 5.076917 ms (FindLiveObjects: 0.059041 ms CreateObjectMapping: 0.026334 ms MarkObjects: 4.492833 ms  DeleteObjects: 0.498375 ms)


-------------------------------------------------------------------------------
Bundle Name: account-rewards-config-bundles
Compressed Size:1.5 kb
Uncompressed usage by category (Percentages based on user generated assets only):
Textures               0.0 kb	 0.0% 
Meshes                 0.0 kb	 0.0% 
Animations             0.0 kb	 0.0% 
Sounds                 0.0 kb	 0.0% 
Shaders                0.0 kb	 0.0% 
Other Assets           0.2 kb	 4.4% 
Levels                 0.0 kb	 0.0% 
File headers           3.9 kb	 95.6% 
Total User Assets      4.1 kb	 100.0% 
Complete build size    4.1 kb
Used Assets and files from the Resources folder, sorted by uncompressed size:
 0.1 kb	 2.5% AssetBundle Object
 0.1 kb	 2.0% Built-in AssetBundleManifest: AssetBundleManifest
-------------------------------------------------------------------------------
2026-10-03 22:55:45.329 Unity[56190:52442337] NSEventModifierFlagFunction specified to -setKeyEquivalentModifierMask: for item <NSMenuItem: 0x850dfada0 SDF, ke='Command-F12'>, but is only supported for system-provided menu items; will not be used

***Player size statistics***
Total compressed size 1.5 KB. Total uncompressed size 4.1 KB.
Unloading 82 Unused Serialized files (Serialized files now loaded: 0)
Unloading 497 unused Assets / (32.9 KB). Loaded Objects now: 3600.
Memory consumption went from 155.1 MB to 155.1 MB.
Total: 5.933875 ms (FindLiveObjects: 0.146708 ms CreateObjectMapping: 0.037208 ms MarkObjects: 5.570250 ms  DeleteObjects: 0.179500 ms)


-------------------------------------------------------------------------------
Bundle Name: top-info-effects-native-bundle
Compressed Size:1.5 kb
Uncompressed usage by category (Percentages based on user generated assets only):
Textures               0.0 kb	 0.0% 
Meshes                 0.0 kb	 0.0% 
Animations             0.0 kb	 0.0% 
Sounds                 0.0 kb	 0.0% 
Shaders                0.0 kb	 0.0% 
Other Assets           0.2 kb	 4.4% 
Levels                 0.0 kb	 0.0% 
File headers           3.9 kb	 95.6% 
Total User Assets      4.1 kb	 100.0% 
Complete build size    4.1 kb
Used Assets and files from the Resources folder, sorted by uncompressed size:
 0.1 kb	 2.5% AssetBundle Object
 0.1 kb	 2.0% Built-in AssetBundleManifest: AssetBundleManifest
-------------------------------------------------------------------------------
2026-10-03 22:55:45.358 Unity[56190:52442337] NSEventModifierFlagFunction specified to -setKeyEquivalentModifierMask: for item <NSMenuItem: 0x85114a300 SDF, ke='Command-F12'>, but is only supported for system-provided menu items; will not be used

***Player size statistics***
Total compressed size 1.5 KB. Total uncompressed size 4.1 KB.
Unloading 11 Unused Serialized files (Serialized files now loaded: 0)
Unloading 577 unused Assets / (1.2 MB). Loaded Objects now: 1811.
Memory consumption went from 145.8 MB to 144.6 MB.
Total: 5.900375 ms (FindLiveObjects: 0.080875 ms CreateObjectMapping: 0.029333 ms MarkObjects: 5.244375 ms  DeleteObjects: 0.545334 ms)


-------------------------------------------------------------------------------
Bundle Name: account-rewards-config-bundles
Compressed Size:1.5 kb
Uncompressed usage by category (Percentages based on user generated assets only):
Textures               0.0 kb	 0.0% 
Meshes                 0.0 kb	 0.0% 
Animations             0.0 kb	 0.0% 
Sounds                 0.0 kb	 0.0% 
Shaders                0.0 kb	 0.0% 
Other Assets           0.2 kb	 4.4% 
Levels                 0.0 kb	 0.0% 
File headers           3.9 kb	 95.6% 
Total User Assets      4.1 kb	 100.0% 
Complete build size    4.1 kb
Used Assets and files from the Resources folder, sorted by uncompressed size:
 0.1 kb	 2.5% AssetBundle Object
 0.1 kb	 2.0% Built-in AssetBundleManifest: AssetBundleManifest
-------------------------------------------------------------------------------
2026-10-03 22:55:45.423 Unity[56190:52442337] NSEventModifierFlagFunction specified to -setKeyEquivalentModifierMask: for item <NSMenuItem: 0x85114a6c0 SDF, ke='Command-F12'>, but is only supported for system-provided menu items; will not be used

***Player size statistics***
Total compressed size 1.5 KB. Total uncompressed size 4.1 KB.
Unloading 82 Unused Serialized files (Serialized files now loaded: 0)
Unloading 497 unused Assets / (32.6 KB). Loaded Objects now: 3600.
Memory consumption went from 154.8 MB to 154.7 MB.
Total: 5.843333 ms (FindLiveObjects: 0.121917 ms CreateObjectMapping: 0.069125 ms MarkObjects: 5.497125 ms  DeleteObjects: 0.154875 ms)


-------------------------------------------------------------------------------
Bundle Name: top-info-effects-native-bundle
Compressed Size:1.5 kb
Uncompressed usage by category (Percentages based on user generated assets only):
Textures               0.0 kb	 0.0% 
Meshes                 0.0 kb	 0.0% 
Animations             0.0 kb	 0.0% 
Sounds                 0.0 kb	 0.0% 
Shaders                0.0 kb	 0.0% 
Other Assets           0.2 kb	 4.4% 
Levels                 0.0 kb	 0.0% 
File headers           3.9 kb	 95.6% 
Total User Assets      4.1 kb	 100.0% 
Complete build size    4.1 kb
Used Assets and files from the Resources folder, sorted by uncompressed size:
 0.1 kb	 2.5% AssetBundle Object
 0.1 kb	 2.0% Built-in AssetBundleManifest: AssetBundleManifest
-------------------------------------------------------------------------------
2026-10-03 22:55:45.447 Unity[56190:52442337] NSEventModifierFlagFunction specified to -setKeyEquivalentModifierMask: for item <NSMenuItem: 0x8523278e0 SDF, ke='Command-F12'>, but is only supported for system-provided menu items; will not be used

***Player size statistics***
Total compressed size 1.5 KB. Total uncompressed size 4.1 KB.
Unloading 11 Unused Serialized files (Serialized files now loaded: 0)
Unloading 577 unused Assets / (1.2 MB). Loaded Objects now: 1811.
Memory consumption went from 145.6 MB to 144.4 MB.
Total: 4.890750 ms (FindLiveObjects: 0.063583 ms CreateObjectMapping: 0.025375 ms MarkObjects: 4.455167 ms  DeleteObjects: 0.346291 ms)


-------------------------------------------------------------------------------
Bundle Name: account-rewards-config-bundles
Compressed Size:1.5 kb
Uncompressed usage by category (Percentages based on user generated assets only):
Textures               0.0 kb	 0.0% 
Meshes                 0.0 kb	 0.0% 
Animations             0.0 kb	 0.0% 
Sounds                 0.0 kb	 0.0% 
Shaders                0.0 kb	 0.0% 
Other Assets           0.2 kb	 4.4% 
Levels                 0.0 kb	 0.0% 
File headers           3.9 kb	 95.6% 
Total User Assets      4.1 kb	 100.0% 
Complete build size    4.1 kb
Used Assets and files from the Resources folder, sorted by uncompressed size:
 0.1 kb	 2.5% AssetBundle Object
 0.1 kb	 2.0% Built-in AssetBundleManifest: AssetBundleManifest
-------------------------------------------------------------------------------
2026-10-03 22:55:45.508 Unity[56190:52442337] NSEventModifierFlagFunction specified to -setKeyEquivalentModifierMask: for item <NSMenuItem: 0x851149ae0 SDF, ke='Command-F12'>, but is only supported for system-provided menu items; will not be used

***Player size statistics***
Total compressed size 1.5 KB. Total uncompressed size 4.1 KB.
Unloading 82 Unused Serialized files (Serialized files now loaded: 0)
Unloading 497 unused Assets / (33.0 KB). Loaded Objects now: 3600.
Memory consumption went from 154.8 MB to 154.8 MB.
Total: 5.541833 ms (FindLiveObjects: 0.126500 ms CreateObjectMapping: 0.035792 ms MarkObjects: 5.225333 ms  DeleteObjects: 0.153958 ms)


-------------------------------------------------------------------------------
Bundle Name: top-info-effects-native-bundle
Compressed Size:1.5 kb
Uncompressed usage by category (Percentages based on user generated assets only):
Textures               0.0 kb	 0.0% 
Meshes                 0.0 kb	 0.0% 
Animations             0.0 kb	 0.0% 
Sounds                 0.0 kb	 0.0% 
Shaders                0.0 kb	 0.0% 
Other Assets           0.2 kb	 4.4% 
Levels                 0.0 kb	 0.0% 
File headers           3.9 kb	 95.6% 
Total User Assets      4.1 kb	 100.0% 
Complete build size    4.1 kb
Used Assets and files from the Resources folder, sorted by uncompressed size:
 0.1 kb	 2.5% AssetBundle Object
 0.1 kb	 2.0% Built-in AssetBundleManifest: AssetBundleManifest
-------------------------------------------------------------------------------
2026-10-03 22:55:45.532 Unity[56190:52442337] NSEventModifierFlagFunction specified to -setKeyEquivalentModifierMask: for item <NSMenuItem: 0x850df8280 SDF, ke='Command-F12'>, but is only supported for system-provided menu items; will not be used

***Player size statistics***
Total compressed size 1.5 KB. Total uncompressed size 4.1 KB.
Unloading 11 Unused Serialized files (Serialized files now loaded: 0)
Unloading 577 unused Assets / (1.2 MB). Loaded Objects now: 1811.
Memory consumption went from 145.5 MB to 144.2 MB.
Total: 4.916625 ms (FindLiveObjects: 0.067375 ms CreateObjectMapping: 0.026542 ms MarkObjects: 4.413666 ms  DeleteObjects: 0.408750 ms)


-------------------------------------------------------------------------------
Bundle Name: account-rewards-config-bundles
Compressed Size:1.5 kb
Uncompressed usage by category (Percentages based on user generated assets only):
Textures               0.0 kb	 0.0% 
Meshes                 0.0 kb	 0.0% 
Animations             0.0 kb	 0.0% 
Sounds                 0.0 kb	 0.0% 
Shaders                0.0 kb	 0.0% 
Other Assets           0.2 kb	 4.4% 
Levels                 0.0 kb	 0.0% 
File headers           3.9 kb	 95.6% 
Total User Assets      4.1 kb	 100.0% 
Complete build size    4.1 kb
Used Assets and files from the Resources folder, sorted by uncompressed size:
 0.1 kb	 2.5% AssetBundle Object
 0.1 kb	 2.0% Built-in AssetBundleManifest: AssetBundleManifest
-------------------------------------------------------------------------------
2026-10-03 22:55:45.588 Unity[56190:52442337] NSEventModifierFlagFunction specified to -setKeyEquivalentModifierMask: for item <NSMenuItem: 0x851f96a80 SDF, ke='Command-F12'>, but is only supported for system-provided menu items; will not be used

***Player size statistics***
Total compressed size 1.5 KB. Total uncompressed size 4.1 KB.
Unloading 82 Unused Serialized files (Serialized files now loaded: 0)
Unloading 497 unused Assets / (30.4 KB). Loaded Objects now: 3600.
Memory consumption went from 154.4 MB to 154.4 MB.
Total: 5.970708 ms (FindLiveObjects: 0.095791 ms CreateObjectMapping: 0.034500 ms MarkObjects: 5.668042 ms  DeleteObjects: 0.172166 ms)


-------------------------------------------------------------------------------
Bundle Name: top-info-effects-native-bundle
Compressed Size:1.5 kb
Uncompressed usage by category (Percentages based on user generated assets only):
Textures               0.0 kb	 0.0% 
Meshes                 0.0 kb	 0.0% 
Animations             0.0 kb	 0.0% 
Sounds                 0.0 kb	 0.0% 
Shaders                0.0 kb	 0.0% 
Other Assets           0.2 kb	 4.4% 
Levels                 0.0 kb	 0.0% 
File headers           3.9 kb	 95.6% 
Total User Assets      4.1 kb	 100.0% 
Complete build size    4.1 kb
Used Assets and files from the Resources folder, sorted by uncompressed size:
 0.1 kb	 2.5% AssetBundle Object
 0.1 kb	 2.0% Built-in AssetBundleManifest: AssetBundleManifest
-------------------------------------------------------------------------------
2026-10-03 22:55:45.614 Unity[56190:52442337] NSEventModifierFlagFunction specified to -setKeyEquivalentModifierMask: for item <NSMenuItem: 0x850e38dc0 SDF, ke='Command-F12'>, but is only supported for system-provided menu items; will not be used

***Player size statistics***
Total compressed size 1.5 KB. Total uncompressed size 4.1 KB.
Unloading 11 Unused Serialized files (Serialized files now loaded: 0)
Unloading 577 unused Assets / (1.2 MB). Loaded Objects now: 1811.
Memory consumption went from 145.3 MB to 144.1 MB.
Total: 5.143459 ms (FindLiveObjects: 0.059000 ms CreateObjectMapping: 0.025333 ms MarkObjects: 4.592875 ms  DeleteObjects: 0.466084 ms)


-------------------------------------------------------------------------------
Bundle Name: account-rewards-config-bundles
Compressed Size:1.5 kb
Uncompressed usage by category (Percentages based on user generated assets only):
Textures               0.0 kb	 0.0% 
Meshes                 0.0 kb	 0.0% 
Animations             0.0 kb	 0.0% 
Sounds                 0.0 kb	 0.0% 
Shaders                0.0 kb	 0.0% 
Other Assets           0.2 kb	 4.4% 
Levels                 0.0 kb	 0.0% 
File headers           3.9 kb	 95.6% 
Total User Assets      4.1 kb	 100.0% 
Complete build size    4.1 kb
Used Assets and files from the Resources folder, sorted by uncompressed size:
 0.1 kb	 2.5% AssetBundle Object
 0.1 kb	 2.0% Built-in AssetBundleManifest: AssetBundleManifest
-------------------------------------------------------------------------------
2026-10-03 22:55:45.676 Unity[56190:52442337] NSEventModifierFlagFunction specified to -setKeyEquivalentModifierMask: for item <NSMenuItem: 0x850df8140 SDF, ke='Command-F12'>, but is only supported for system-provided menu items; will not be used

***Player size statistics***
Total compressed size 1.5 KB. Total uncompressed size 4.1 KB.
Unloading 82 Unused Serialized files (Serialized files now loaded: 0)
Unloading 497 unused Assets / (32.6 KB). Loaded Objects now: 3600.
Memory consumption went from 154.6 MB to 154.6 MB.
Total: 5.580958 ms (FindLiveObjects: 0.141625 ms CreateObjectMapping: 0.040750 ms MarkObjects: 5.250250 ms  DeleteObjects: 0.148000 ms)


-------------------------------------------------------------------------------
Bundle Name: top-info-effects-native-bundle
Compressed Size:1.5 kb
Uncompressed usage by category (Percentages based on user generated assets only):
Textures               0.0 kb	 0.0% 
Meshes                 0.0 kb	 0.0% 
Animations             0.0 kb	 0.0% 
Sounds                 0.0 kb	 0.0% 
Shaders                0.0 kb	 0.0% 
Other Assets           0.2 kb	 4.4% 
Levels                 0.0 kb	 0.0% 
File headers           3.9 kb	 95.6% 
Total User Assets      4.1 kb	 100.0% 
Complete build size    4.1 kb
Used Assets and files from the Resources folder, sorted by uncompressed size:
 0.1 kb	 2.5% AssetBundle Object
 0.1 kb	 2.0% Built-in AssetBundleManifest: AssetBundleManifest
-------------------------------------------------------------------------------
2026-10-03 22:55:45.702 Unity[56190:52442337] NSEventModifierFlagFunction specified to -setKeyEquivalentModifierMask: for item <NSMenuItem: 0x851fa9fe0 SDF, ke='Command-F12'>, but is only supported for system-provided menu items; will not be used

***Player size statistics***
Total compressed size 1.5 KB. Total uncompressed size 4.1 KB.
Unloading 11 Unused Serialized files (Serialized files now loaded: 0)
Unloading 577 unused Assets / (1.4 MB). Loaded Objects now: 1811.
Memory consumption went from 145.2 MB to 143.9 MB.
Total: 5.136750 ms (FindLiveObjects: 0.066500 ms CreateObjectMapping: 0.025000 ms MarkObjects: 4.562167 ms  DeleteObjects: 0.482834 ms)


-------------------------------------------------------------------------------
Bundle Name: account-rewards-config-bundles
Compressed Size:1.5 kb
Uncompressed usage by category (Percentages based on user generated assets only):
Textures               0.0 kb	 0.0% 
Meshes                 0.0 kb	 0.0% 
Animations             0.0 kb	 0.0% 
Sounds                 0.0 kb	 0.0% 
Shaders                0.0 kb	 0.0% 
Other Assets           0.2 kb	 4.4% 
Levels                 0.0 kb	 0.0% 
File headers           3.9 kb	 95.6% 
Total User Assets      4.1 kb	 100.0% 
Complete build size    4.1 kb
Used Assets and files from the Resources folder, sorted by uncompressed size:
 0.1 kb	 2.5% AssetBundle Object
 0.1 kb	 2.0% Built-in AssetBundleManifest: AssetBundleManifest
-------------------------------------------------------------------------------
2026-10-03 22:55:45.757 Unity[56190:52442337] NSEventModifierFlagFunction specified to -setKeyEquivalentModifierMask: for item <NSMenuItem: 0x8511dac60 SDF, ke='Command-F12'>, but is only supported for system-provided menu items; will not be used

***Player size statistics***
Total compressed size 1.5 KB. Total uncompressed size 4.1 KB.
Unloading 82 Unused Serialized files (Serialized files now loaded: 0)
Unloading 497 unused Assets / (32.9 KB). Loaded Objects now: 3600.
Memory consumption went from 154.2 MB to 154.2 MB.
Total: 5.418958 ms (FindLiveObjects: 0.105708 ms CreateObjectMapping: 0.036209 ms MarkObjects: 5.124042 ms  DeleteObjects: 0.152750 ms)


-------------------------------------------------------------------------------
Bundle Name: top-info-effects-native-bundle
Compressed Size:1.5 kb
Uncompressed usage by category (Percentages based on user generated assets only):
Textures               0.0 kb	 0.0% 
Meshes                 0.0 kb	 0.0% 
Animations             0.0 kb	 0.0% 
Sounds                 0.0 kb	 0.0% 
Shaders                0.0 kb	 0.0% 
Other Assets           0.2 kb	 4.4% 
Levels                 0.0 kb	 0.0% 
File headers           3.9 kb	 95.6% 
Total User Assets      4.1 kb	 100.0% 
Complete build size    4.1 kb
Used Assets and files from the Resources folder, sorted by uncompressed size:
 0.1 kb	 2.5% AssetBundle Object
 0.1 kb	 2.0% Built-in AssetBundleManifest: AssetBundleManifest
-------------------------------------------------------------------------------
2026-10-03 22:55:45.783 Unity[56190:52442337] NSEventModifierFlagFunction specified to -setKeyEquivalentModifierMask: for item <NSMenuItem: 0x8511db0c0 SDF, ke='Command-F12'>, but is only supported for system-provided menu items; will not be used

***Player size statistics***
Total compressed size 1.5 KB. Total uncompressed size 4.1 KB.
Unloading 11 Unused Serialized files (Serialized files now loaded: 0)
Unloading 577 unused Assets / (1.3 MB). Loaded Objects now: 1811.
Memory consumption went from 145.1 MB to 143.8 MB.
Total: 5.163625 ms (FindLiveObjects: 0.067667 ms CreateObjectMapping: 0.025083 ms MarkObjects: 4.529500 ms  DeleteObjects: 0.540834 ms)


-------------------------------------------------------------------------------
Bundle Name: account-rewards-config-bundles
Compressed Size:1.5 kb
Uncompressed usage by category (Percentages based on user generated assets only):
Textures               0.0 kb	 0.0% 
Meshes                 0.0 kb	 0.0% 
Animations             0.0 kb	 0.0% 
Sounds                 0.0 kb	 0.0% 
Shaders                0.0 kb	 0.0% 
Other Assets           0.2 kb	 4.4% 
Levels                 0.0 kb	 0.0% 
File headers           3.9 kb	 95.6% 
Total User Assets      4.1 kb	 100.0% 
Complete build size    4.1 kb
Used Assets and files from the Resources folder, sorted by uncompressed size:
 0.1 kb	 2.5% AssetBundle Object
 0.1 kb	 2.0% Built-in AssetBundleManifest: AssetBundleManifest
-------------------------------------------------------------------------------
2026-10-03 22:55:45.843 Unity[56190:52442337] NSEventModifierFlagFunction specified to -setKeyEquivalentModifierMask: for item <NSMenuItem: 0x8511da3a0 SDF, ke='Command-F12'>, but is only supported for system-provided menu items; will not be used

***Player size statistics***
Total compressed size 1.5 KB. Total uncompressed size 4.1 KB.
Unloading 82 Unused Serialized files (Serialized files now loaded: 0)
Unloading 497 unused Assets / (32.6 KB). Loaded Objects now: 3600.
Memory consumption went from 154.3 MB to 154.2 MB.
Total: 5.353750 ms (FindLiveObjects: 0.185500 ms CreateObjectMapping: 0.044166 ms MarkObjects: 4.969792 ms  DeleteObjects: 0.154084 ms)


-------------------------------------------------------------------------------
Bundle Name: top-info-effects-native-bundle
Compressed Size:1.5 kb
Uncompressed usage by category (Percentages based on user generated assets only):
Textures               0.0 kb	 0.0% 
Meshes                 0.0 kb	 0.0% 
Animations             0.0 kb	 0.0% 
Sounds                 0.0 kb	 0.0% 
Shaders                0.0 kb	 0.0% 
Other Assets           0.2 kb	 4.4% 
Levels                 0.0 kb	 0.0% 
File headers           3.9 kb	 95.6% 
Total User Assets      4.1 kb	 100.0% 
Complete build size    4.1 kb
Used Assets and files from the Resources folder, sorted by uncompressed size:
 0.1 kb	 2.5% AssetBundle Object
 0.1 kb	 2.0% Built-in AssetBundleManifest: AssetBundleManifest
-------------------------------------------------------------------------------
2026-10-03 22:55:45.867 Unity[56190:52442337] NSEventModifierFlagFunction specified to -setKeyEquivalentModifierMask: for item <NSMenuItem: 0x8511db8e0 SDF, ke='Command-F12'>, but is only supported for system-provided menu items; will not be used

***Player size statistics***
Total compressed size 1.5 KB. Total uncompressed size 4.1 KB.
Unloading 11 Unused Serialized files (Serialized files now loaded: 0)
Unloading 577 unused Assets / (1.1 MB). Loaded Objects now: 1811.
Memory consumption went from 144.9 MB to 143.8 MB.
Total: 4.894625 ms (FindLiveObjects: 0.059125 ms CreateObjectMapping: 0.025291 ms MarkObjects: 4.445584 ms  DeleteObjects: 0.364291 ms)


-------------------------------------------------------------------------------
Bundle Name: account-rewards-config-bundles
Compressed Size:1.5 kb
Uncompressed usage by category (Percentages based on user generated assets only):
Textures               0.0 kb	 0.0% 
Meshes                 0.0 kb	 0.0% 
Animations             0.0 kb	 0.0% 
Sounds                 0.0 kb	 0.0% 
Shaders                0.0 kb	 0.0% 
Other Assets           0.2 kb	 4.4% 
Levels                 0.0 kb	 0.0% 
File headers           3.9 kb	 95.6% 
Total User Assets      4.1 kb	 100.0% 
Complete build size    4.1 kb
Used Assets and files from the Resources folder, sorted by uncompressed size:
 0.1 kb	 2.5% AssetBundle Object
 0.1 kb	 2.0% Built-in AssetBundleManifest: AssetBundleManifest
-------------------------------------------------------------------------------
2026-10-03 22:55:45.927 Unity[56190:52442337] NSEventModifierFlagFunction specified to -setKeyEquivalentModifierMask: for item <NSMenuItem: 0x8511d8960 SDF, ke='Command-F12'>, but is only supported for system-provided menu items; will not be used

***Player size statistics***
Total compressed size 1.5 KB. Total uncompressed size 4.1 KB.
Unloading 82 Unused Serialized files (Serialized files now loaded: 0)
Unloading 497 unused Assets / (32.6 KB). Loaded Objects now: 3600.
Memory consumption went from 153.9 MB to 153.9 MB.
Total: 5.312375 ms (FindLiveObjects: 0.137083 ms CreateObjectMapping: 0.040709 ms MarkObjects: 4.976416 ms  DeleteObjects: 0.157833 ms)


-------------------------------------------------------------------------------
Bundle Name: top-info-effects-native-bundle
Compressed Size:1.5 kb
Uncompressed usage by category (Percentages based on user generated assets only):
Textures               0.0 kb	 0.0% 
Meshes                 0.0 kb	 0.0% 
Animations             0.0 kb	 0.0% 
Sounds                 0.0 kb	 0.0% 
Shaders                0.0 kb	 0.0% 
Other Assets           0.2 kb	 4.4% 
Levels                 0.0 kb	 0.0% 
File headers           3.9 kb	 95.6% 
Total User Assets      4.1 kb	 100.0% 
Complete build size    4.1 kb
Used Assets and files from the Resources folder, sorted by uncompressed size:
 0.1 kb	 2.5% AssetBundle Object
 0.1 kb	 2.0% Built-in AssetBundleManifest: AssetBundleManifest
-------------------------------------------------------------------------------
2026-10-03 22:55:45.952 Unity[56190:52442337] NSEventModifierFlagFunction specified to -setKeyEquivalentModifierMask: for item <NSMenuItem: 0x8511d8960 SDF, ke='Command-F12'>, but is only supported for system-provided menu items; will not be used

***Player size statistics***
Total compressed size 1.5 KB. Total uncompressed size 4.1 KB.
Unloading 11 Unused Serialized files (Serialized files now loaded: 0)
Unloading 577 unused Assets / (1.1 MB). Loaded Objects now: 1811.
Memory consumption went from 144.8 MB to 143.6 MB.
Total: 5.244917 ms (FindLiveObjects: 0.059667 ms CreateObjectMapping: 0.025000 ms MarkObjects: 4.721041 ms  DeleteObjects: 0.439000 ms)


-------------------------------------------------------------------------------
Bundle Name: account-rewards-config-bundles
Compressed Size:1.5 kb
Uncompressed usage by category (Percentages based on user generated assets only):
Textures               0.0 kb	 0.0% 
Meshes                 0.0 kb	 0.0% 
Animations             0.0 kb	 0.0% 
Sounds                 0.0 kb	 0.0% 
Shaders                0.0 kb	 0.0% 
Other Assets           0.2 kb	 4.4% 
Levels                 0.0 kb	 0.0% 
File headers           3.9 kb	 95.6% 
Total User Assets      4.1 kb	 100.0% 
Complete build size    4.1 kb
Used Assets and files from the Resources folder, sorted by uncompressed size:
 0.1 kb	 2.5% AssetBundle Object
 0.1 kb	 2.0% Built-in AssetBundleManifest: AssetBundleManifest
-------------------------------------------------------------------------------
2026-10-03 22:55:46.007 Unity[56190:52442337] NSEventModifierFlagFunction specified to -setKeyEquivalentModifierMask: for item <NSMenuItem: 0x851208140 SDF, ke='Command-F12'>, but is only supported for system-provided menu items; will not be used

***Player size statistics***
Total compressed size 1.5 KB. Total uncompressed size 4.1 KB.
Unloading 82 Unused Serialized files (Serialized files now loaded: 0)
Unloading 497 unused Assets / (32.6 KB). Loaded Objects now: 3600.
Memory consumption went from 153.9 MB to 153.9 MB.
Total: 5.926250 ms (FindLiveObjects: 0.115625 ms CreateObjectMapping: 0.035500 ms MarkObjects: 5.608833 ms  DeleteObjects: 0.166083 ms)


-------------------------------------------------------------------------------
Bundle Name: top-info-effects-native-bundle
Compressed Size:1.5 kb
Uncompressed usage by category (Percentages based on user generated assets only):
Textures               0.0 kb	 0.0% 
Meshes                 0.0 kb	 0.0% 
Animations             0.0 kb	 0.0% 
Sounds                 0.0 kb	 0.0% 
Shaders                0.0 kb	 0.0% 
Other Assets           0.2 kb	 4.4% 
Levels                 0.0 kb	 0.0% 
File headers           3.9 kb	 95.6% 
Total User Assets      4.1 kb	 100.0% 
Complete build size    4.1 kb
Used Assets and files from the Resources folder, sorted by uncompressed size:
 0.1 kb	 2.5% AssetBundle Object
 0.1 kb	 2.0% Built-in AssetBundleManifest: AssetBundleManifest
-------------------------------------------------------------------------------
2026-10-03 22:55:46.034 Unity[56190:52442337] NSEventModifierFlagFunction specified to -setKeyEquivalentModifierMask: for item <NSMenuItem: 0x851286620 SDF, ke='Command-F12'>, but is only supported for system-provided menu items; will not be used

***Player size statistics***
Total compressed size 1.5 KB. Total uncompressed size 4.1 KB.
Unloading 11 Unused Serialized files (Serialized files now loaded: 0)
Unloading 577 unused Assets / (1.2 MB). Loaded Objects now: 1811.
Memory consumption went from 144.6 MB to 143.4 MB.
Total: 5.079458 ms (FindLiveObjects: 0.060417 ms CreateObjectMapping: 0.024875 ms MarkObjects: 4.528792 ms  DeleteObjects: 0.465000 ms)


-------------------------------------------------------------------------------
Bundle Name: account-rewards-config-bundles
Compressed Size:1.5 kb
Uncompressed usage by category (Percentages based on user generated assets only):
Textures               0.0 kb	 0.0% 
Meshes                 0.0 kb	 0.0% 
Animations             0.0 kb	 0.0% 
Sounds                 0.0 kb	 0.0% 
Shaders                0.0 kb	 0.0% 
Other Assets           0.2 kb	 4.4% 
Levels                 0.0 kb	 0.0% 
File headers           3.9 kb	 95.6% 
Total User Assets      4.1 kb	 100.0% 
Complete build size    4.1 kb
Used Assets and files from the Resources folder, sorted by uncompressed size:
 0.1 kb	 2.5% AssetBundle Object
 0.1 kb	 2.0% Built-in AssetBundleManifest: AssetBundleManifest
-------------------------------------------------------------------------------
2026-10-03 22:55:46.091 Unity[56190:52442337] NSEventModifierFlagFunction specified to -setKeyEquivalentModifierMask: for item <NSMenuItem: 0x8511a6300 SDF, ke='Command-F12'>, but is only supported for system-provided menu items; will not be used

***Player size statistics***
Total compressed size 1.5 KB. Total uncompressed size 4.1 KB.
Unloading 82 Unused Serialized files (Serialized files now loaded: 0)
Unloading 497 unused Assets / (33.0 KB). Loaded Objects now: 3600.
Memory consumption went from 153.6 MB to 153.5 MB.
Total: 5.965833 ms (FindLiveObjects: 0.138375 ms CreateObjectMapping: 0.037458 ms MarkObjects: 5.621084 ms  DeleteObjects: 0.168583 ms)


-------------------------------------------------------------------------------
Bundle Name: top-info-effects-native-bundle
Compressed Size:1.5 kb
Uncompressed usage by category (Percentages based on user generated assets only):
Textures               0.0 kb	 0.0% 
Meshes                 0.0 kb	 0.0% 
Animations             0.0 kb	 0.0% 
Sounds                 0.0 kb	 0.0% 
Shaders                0.0 kb	 0.0% 
Other Assets           0.2 kb	 4.4% 
Levels                 0.0 kb	 0.0% 
File headers           3.9 kb	 95.6% 
Total User Assets      4.1 kb	 100.0% 
Complete build size    4.1 kb
Used Assets and files from the Resources folder, sorted by uncompressed size:
 0.1 kb	 2.5% AssetBundle Object
 0.1 kb	 2.0% Built-in AssetBundleManifest: AssetBundleManifest
-------------------------------------------------------------------------------
2026-10-03 22:55:46.121 Unity[56190:52442337] NSEventModifierFlagFunction specified to -setKeyEquivalentModifierMask: for item <NSMenuItem: 0x8511d9180 SDF, ke='Command-F12'>, but is only supported for system-provided menu items; will not be used

***Player size statistics***
Total compressed size 1.5 KB. Total uncompressed size 4.1 KB.
Unloading 11 Unused Serialized files (Serialized files now loaded: 0)
Unloading 577 unused Assets / (1.4 MB). Loaded Objects now: 1811.
Memory consumption went from 144.4 MB to 143.0 MB.
Total: 5.381584 ms (FindLiveObjects: 0.071459 ms CreateObjectMapping: 0.028541 ms MarkObjects: 4.760042 ms  DeleteObjects: 0.521292 ms)


-------------------------------------------------------------------------------
Bundle Name: account-rewards-config-bundles
Compressed Size:1.5 kb
Uncompressed usage by category (Percentages based on user generated assets only):
Textures               0.0 kb	 0.0% 
Meshes                 0.0 kb	 0.0% 
Animations             0.0 kb	 0.0% 
Sounds                 0.0 kb	 0.0% 
Shaders                0.0 kb	 0.0% 
Other Assets           0.2 kb	 4.4% 
Levels                 0.0 kb	 0.0% 
File headers           3.9 kb	 95.6% 
Total User Assets      4.1 kb	 100.0% 
Complete build size    4.1 kb
Used Assets and files from the Resources folder, sorted by uncompressed size:
 0.1 kb	 2.5% AssetBundle Object
 0.1 kb	 2.0% Built-in AssetBundleManifest: AssetBundleManifest
-------------------------------------------------------------------------------
2026-10-03 22:55:46.178 Unity[56190:52442337] NSEventModifierFlagFunction specified to -setKeyEquivalentModifierMask: for item <NSMenuItem: 0x850f95f40 SDF, ke='Command-F12'>, but is only supported for system-provided menu items; will not be used

***Player size statistics***
Total compressed size 1.5 KB. Total uncompressed size 4.1 KB.
Unloading 82 Unused Serialized files (Serialized files now loaded: 0)
Unloading 497 unused Assets / (34.0 KB). Loaded Objects now: 3600.
Memory consumption went from 153.6 MB to 153.6 MB.
Total: 5.429583 ms (FindLiveObjects: 0.123750 ms CreateObjectMapping: 0.040084 ms MarkObjects: 5.121041 ms  DeleteObjects: 0.144542 ms)


-------------------------------------------------------------------------------
Bundle Name: top-info-effects-native-bundle
Compressed Size:1.5 kb
Uncompressed usage by category (Percentages based on user generated assets only):
Textures               0.0 kb	 0.0% 
Meshes                 0.0 kb	 0.0% 
Animations             0.0 kb	 0.0% 
Sounds                 0.0 kb	 0.0% 
Shaders                0.0 kb	 0.0% 
Other Assets           0.2 kb	 4.4% 
Levels                 0.0 kb	 0.0% 
File headers           3.9 kb	 95.6% 
Total User Assets      4.1 kb	 100.0% 
Complete build size    4.1 kb
Used Assets and files from the Resources folder, sorted by uncompressed size:
 0.1 kb	 2.5% AssetBundle Object
 0.1 kb	 2.0% Built-in AssetBundleManifest: AssetBundleManifest
-------------------------------------------------------------------------------
2026-10-03 22:55:46.204 Unity[56190:52442337] NSEventModifierFlagFunction specified to -setKeyEquivalentModifierMask: for item <NSMenuItem: 0x85130b480 SDF, ke='Command-F12'>, but is only supported for system-provided menu items; will not be used

***Player size statistics***
Total compressed size 1.5 KB. Total uncompressed size 4.1 KB.
Unloading 11 Unused Serialized files (Serialized files now loaded: 0)
Unloading 577 unused Assets / (1.3 MB). Loaded Objects now: 1811.
Memory consumption went from 144.3 MB to 143.0 MB.
Total: 5.396792 ms (FindLiveObjects: 0.061334 ms CreateObjectMapping: 0.026041 ms MarkObjects: 4.734208 ms  DeleteObjects: 0.574959 ms)


-------------------------------------------------------------------------------
Bundle Name: account-rewards-config-bundles
Compressed Size:1.5 kb
Uncompressed usage by category (Percentages based on user generated assets only):
Textures               0.0 kb	 0.0% 
Meshes                 0.0 kb	 0.0% 
Animations             0.0 kb	 0.0% 
Sounds                 0.0 kb	 0.0% 
Shaders                0.0 kb	 0.0% 
Other Assets           0.2 kb	 4.4% 
Levels                 0.0 kb	 0.0% 
File headers           3.9 kb	 95.6% 
Total User Assets      4.1 kb	 100.0% 
Complete build size    4.1 kb
Used Assets and files from the Resources folder, sorted by uncompressed size:
 0.1 kb	 2.5% AssetBundle Object
 0.1 kb	 2.0% Built-in AssetBundleManifest: AssetBundleManifest
-------------------------------------------------------------------------------
2026-10-03 22:55:46.259 Unity[56190:52442337] NSEventModifierFlagFunction specified to -setKeyEquivalentModifierMask: for item <NSMenuItem: 0x8511a64e0 SDF, ke='Command-F12'>, but is only supported for system-provided menu items; will not be used

***Player size statistics***
Total compressed size 1.5 KB. Total uncompressed size 4.1 KB.
Unloading 82 Unused Serialized files (Serialized files now loaded: 0)
Unloading 497 unused Assets / (32.0 KB). Loaded Objects now: 3600.
Memory consumption went from 153.5 MB to 153.5 MB.
Total: 5.357958 ms (FindLiveObjects: 0.133458 ms CreateObjectMapping: 0.038417 ms MarkObjects: 5.041750 ms  DeleteObjects: 0.144250 ms)


-------------------------------------------------------------------------------
Bundle Name: top-info-effects-native-bundle
Compressed Size:1.5 kb
Uncompressed usage by category (Percentages based on user generated assets only):
Textures               0.0 kb	 0.0% 
Meshes                 0.0 kb	 0.0% 
Animations             0.0 kb	 0.0% 
Sounds                 0.0 kb	 0.0% 
Shaders                0.0 kb	 0.0% 
Other Assets           0.2 kb	 4.4% 
Levels                 0.0 kb	 0.0% 
File headers           3.9 kb	 95.6% 
Total User Assets      4.1 kb	 100.0% 
Complete build size    4.1 kb
Used Assets and files from the Resources folder, sorted by uncompressed size:
 0.1 kb	 2.5% AssetBundle Object
 0.1 kb	 2.0% Built-in AssetBundleManifest: AssetBundleManifest
-------------------------------------------------------------------------------
2026-10-03 22:55:46.285 Unity[56190:52442337] NSEventModifierFlagFunction specified to -setKeyEquivalentModifierMask: for item <NSMenuItem: 0x8513eabc0 SDF, ke='Command-F12'>, but is only supported for system-provided menu items; will not be used

***Player size statistics***
Total compressed size 1.5 KB. Total uncompressed size 4.1 KB.
Unloading 11 Unused Serialized files (Serialized files now loaded: 0)
Unloading 577 unused Assets / (1.2 MB). Loaded Objects now: 1811.
Memory consumption went from 144.4 MB to 143.2 MB.
Total: 5.271625 ms (FindLiveObjects: 0.073375 ms CreateObjectMapping: 0.030875 ms MarkObjects: 4.708000 ms  DeleteObjects: 0.459042 ms)


-------------------------------------------------------------------------------
Bundle Name: account-rewards-config-bundles
Compressed Size:1.5 kb
Uncompressed usage by category (Percentages based on user generated assets only):
Textures               0.0 kb	 0.0% 
Meshes                 0.0 kb	 0.0% 
Animations             0.0 kb	 0.0% 
Sounds                 0.0 kb	 0.0% 
Shaders                0.0 kb	 0.0% 
Other Assets           0.2 kb	 4.4% 
Levels                 0.0 kb	 0.0% 
File headers           3.9 kb	 95.6% 
Total User Assets      4.1 kb	 100.0% 
Complete build size    4.1 kb
Used Assets and files from the Resources folder, sorted by uncompressed size:
 0.1 kb	 2.5% AssetBundle Object
 0.1 kb	 2.0% Built-in AssetBundleManifest: AssetBundleManifest
-------------------------------------------------------------------------------
2026-10-03 22:55:46.341 Unity[56190:52442337] NSEventModifierFlagFunction specified to -setKeyEquivalentModifierMask: for item <NSMenuItem: 0x8513eb160 SDF, ke='Command-F12'>, but is only supported for system-provided menu items; will not be used

***Player size statistics***
Total compressed size 1.5 KB. Total uncompressed size 4.1 KB.
Unloading 82 Unused Serialized files (Serialized files now loaded: 0)
Unloading 497 unused Assets / (27.6 KB). Loaded Objects now: 3600.
Memory consumption went from 153.5 MB to 153.5 MB.
Total: 6.587625 ms (FindLiveObjects: 0.134125 ms CreateObjectMapping: 0.038292 ms MarkObjects: 6.239625 ms  DeleteObjects: 0.175250 ms)


-------------------------------------------------------------------------------
Bundle Name: top-info-effects-native-bundle
Compressed Size:1.5 kb
Uncompressed usage by category (Percentages based on user generated assets only):
Textures               0.0 kb	 0.0% 
Meshes                 0.0 kb	 0.0% 
Animations             0.0 kb	 0.0% 
Sounds                 0.0 kb	 0.0% 
Shaders                0.0 kb	 0.0% 
Other Assets           0.2 kb	 4.4% 
Levels                 0.0 kb	 0.0% 
File headers           3.9 kb	 95.6% 
Total User Assets      4.1 kb	 100.0% 
Complete build size    4.1 kb
Used Assets and files from the Resources folder, sorted by uncompressed size:
 0.1 kb	 2.5% AssetBundle Object
 0.1 kb	 2.0% Built-in AssetBundleManifest: AssetBundleManifest
-------------------------------------------------------------------------------
2026-10-03 22:55:46.368 Unity[56190:52442337] NSEventModifierFlagFunction specified to -setKeyEquivalentModifierMask: for item <NSMenuItem: 0x8511a5680 SDF, ke='Command-F12'>, but is only supported for system-provided menu items; will not be used

***Player size statistics***
Total compressed size 1.5 KB. Total uncompressed size 4.1 KB.
Unloading 11 Unused Serialized files (Serialized files now loaded: 0)
Unloading 577 unused Assets / (1.2 MB). Loaded Objects now: 1811.
Memory consumption went from 144.3 MB to 143.1 MB.
Total: 4.980875 ms (FindLiveObjects: 0.063958 ms CreateObjectMapping: 0.026375 ms MarkObjects: 4.519041 ms  DeleteObjects: 0.371125 ms)


-------------------------------------------------------------------------------
Bundle Name: account-rewards-config-bundles
Compressed Size:1.5 kb
Uncompressed usage by category (Percentages based on user generated assets only):
Textures               0.0 kb	 0.0% 
Meshes                 0.0 kb	 0.0% 
Animations             0.0 kb	 0.0% 
Sounds                 0.0 kb	 0.0% 
Shaders                0.0 kb	 0.0% 
Other Assets           0.2 kb	 4.4% 
Levels                 0.0 kb	 0.0% 
File headers           3.9 kb	 95.6% 
Total User Assets      4.1 kb	 100.0% 
Complete build size    4.1 kb
Used Assets and files from the Resources folder, sorted by uncompressed size:
 0.1 kb	 2.5% AssetBundle Object
 0.1 kb	 2.0% Built-in AssetBundleManifest: AssetBundleManifest
-------------------------------------------------------------------------------
2026-10-03 22:55:46.430 Unity[56190:52442337] NSEventModifierFlagFunction specified to -setKeyEquivalentModifierMask: for item <NSMenuItem: 0x8511a5900 SDF, ke='Command-F12'>, but is only supported for system-provided menu items; will not be used

***Player size statistics***
Total compressed size 1.5 KB. Total uncompressed size 4.1 KB.
Unloading 82 Unused Serialized files (Serialized files now loaded: 0)
Unloading 497 unused Assets / (33.3 KB). Loaded Objects now: 3600.
Memory consumption went from 153.3 MB to 153.2 MB.
Total: 5.016459 ms (FindLiveObjects: 0.107625 ms CreateObjectMapping: 0.034416 ms MarkObjects: 4.731708 ms  DeleteObjects: 0.142375 ms)


-------------------------------------------------------------------------------
Bundle Name: top-info-effects-native-bundle
Compressed Size:1.5 kb
Uncompressed usage by category (Percentages based on user generated assets only):
Textures               0.0 kb	 0.0% 
Meshes                 0.0 kb	 0.0% 
Animations             0.0 kb	 0.0% 
Sounds                 0.0 kb	 0.0% 
Shaders                0.0 kb	 0.0% 
Other Assets           0.2 kb	 4.4% 
Levels                 0.0 kb	 0.0% 
File headers           3.9 kb	 95.6% 
Total User Assets      4.1 kb	 100.0% 
Complete build size    4.1 kb
Used Assets and files from the Resources folder, sorted by uncompressed size:
 0.1 kb	 2.5% AssetBundle Object
 0.1 kb	 2.0% Built-in AssetBundleManifest: AssetBundleManifest
-------------------------------------------------------------------------------
2026-10-03 22:55:46.453 Unity[56190:52442337] NSEventModifierFlagFunction specified to -setKeyEquivalentModifierMask: for item <NSMenuItem: 0x85089b0c0 SDF, ke='Command-F12'>, but is only supported for system-provided menu items; will not be used

***Player size statistics***
Total compressed size 1.5 KB. Total uncompressed size 4.1 KB.
Unloading 11 Unused Serialized files (Serialized files now loaded: 0)
Unloading 577 unused Assets / (1.2 MB). Loaded Objects now: 1811.
Memory consumption went from 144.1 MB to 142.9 MB.
Total: 5.111500 ms (FindLiveObjects: 0.053792 ms CreateObjectMapping: 0.023792 ms MarkObjects: 4.525958 ms  DeleteObjects: 0.507625 ms)


-------------------------------------------------------------------------------
Bundle Name: account-rewards-config-bundles
Compressed Size:1.5 kb
Uncompressed usage by category (Percentages based on user generated assets only):
Textures               0.0 kb	 0.0% 
Meshes                 0.0 kb	 0.0% 
Animations             0.0 kb	 0.0% 
Sounds                 0.0 kb	 0.0% 
Shaders                0.0 kb	 0.0% 
Other Assets           0.2 kb	 4.4% 
Levels                 0.0 kb	 0.0% 
File headers           3.9 kb	 95.6% 
Total User Assets      4.1 kb	 100.0% 
Complete build size    4.1 kb
Used Assets and files from the Resources folder, sorted by uncompressed size:
 0.1 kb	 2.5% AssetBundle Object
 0.1 kb	 2.0% Built-in AssetBundleManifest: AssetBundleManifest
-------------------------------------------------------------------------------
2026-10-03 22:55:46.514 Unity[56190:52442337] NSEventModifierFlagFunction specified to -setKeyEquivalentModifierMask: for item <NSMenuItem: 0x850898e60 SDF, ke='Command-F12'>, but is only supported for system-provided menu items; will not be used

***Player size statistics***
Total compressed size 1.5 KB. Total uncompressed size 4.1 KB.
Unloading 82 Unused Serialized files (Serialized files now loaded: 0)
Unloading 497 unused Assets / (33.9 KB). Loaded Objects now: 3600.
Memory consumption went from 153.3 MB to 153.3 MB.
Total: 5.770292 ms (FindLiveObjects: 0.127792 ms CreateObjectMapping: 0.036250 ms MarkObjects: 5.456917 ms  DeleteObjects: 0.148958 ms)


-------------------------------------------------------------------------------
Bundle Name: top-info-effects-native-bundle
Compressed Size:1.5 kb
Uncompressed usage by category (Percentages based on user generated assets only):
Textures               0.0 kb	 0.0% 
Meshes                 0.0 kb	 0.0% 
Animations             0.0 kb	 0.0% 
Sounds                 0.0 kb	 0.0% 
Shaders                0.0 kb	 0.0% 
Other Assets           0.2 kb	 4.4% 
Levels                 0.0 kb	 0.0% 
File headers           3.9 kb	 95.6% 
Total User Assets      4.1 kb	 100.0% 
Complete build size    4.1 kb
Used Assets and files from the Resources folder, sorted by uncompressed size:
 0.1 kb	 2.5% AssetBundle Object
 0.1 kb	 2.0% Built-in AssetBundleManifest: AssetBundleManifest
-------------------------------------------------------------------------------
2026-10-03 22:55:46.536 Unity[56190:52442337] NSEventModifierFlagFunction specified to -setKeyEquivalentModifierMask: for item <NSMenuItem: 0x8508995e0 SDF, ke='Command-F12'>, but is only supported for system-provided menu items; will not be used

***Player size statistics***
Total compressed size 1.5 KB. Total uncompressed size 4.1 KB.
Unloading 11 Unused Serialized files (Serialized files now loaded: 0)
Unloading 577 unused Assets / (1.4 MB). Loaded Objects now: 1811.
Memory consumption went from 144.0 MB to 142.6 MB.
Total: 5.286916 ms (FindLiveObjects: 0.056500 ms CreateObjectMapping: 0.024959 ms MarkObjects: 4.631250 ms  DeleteObjects: 0.574000 ms)


-------------------------------------------------------------------------------
Bundle Name: account-rewards-config-bundles
Compressed Size:1.5 kb
Uncompressed usage by category (Percentages based on user generated assets only):
Textures               0.0 kb	 0.0% 
Meshes                 0.0 kb	 0.0% 
Animations             0.0 kb	 0.0% 
Sounds                 0.0 kb	 0.0% 
Shaders                0.0 kb	 0.0% 
Other Assets           0.2 kb	 4.4% 
Levels                 0.0 kb	 0.0% 
File headers           3.9 kb	 95.6% 
Total User Assets      4.1 kb	 100.0% 
Complete build size    4.1 kb
Used Assets and files from the Resources folder, sorted by uncompressed size:
 0.1 kb	 2.5% AssetBundle Object
 0.1 kb	 2.0% Built-in AssetBundleManifest: AssetBundleManifest
-------------------------------------------------------------------------------
2026-10-03 22:55:46.595 Unity[56190:52442337] NSEventModifierFlagFunction specified to -setKeyEquivalentModifierMask: for item <NSMenuItem: 0x850899e00 SDF, ke='Command-F12'>, but is only supported for system-provided menu items; will not be used

***Player size statistics***
Total compressed size 1.5 KB. Total uncompressed size 4.1 KB.
Unloading 82 Unused Serialized files (Serialized files now loaded: 0)
Unloading 497 unused Assets / (33.5 KB). Loaded Objects now: 3600.
Memory consumption went from 153.0 MB to 152.9 MB.
Total: 5.570709 ms (FindLiveObjects: 0.106750 ms CreateObjectMapping: 0.036125 ms MarkObjects: 5.275958 ms  DeleteObjects: 0.151542 ms)


-------------------------------------------------------------------------------
Bundle Name: top-info-effects-native-bundle
Compressed Size:1.5 kb
Uncompressed usage by category (Percentages based on user generated assets only):
Textures               0.0 kb	 0.0% 
Meshes                 0.0 kb	 0.0% 
Animations             0.0 kb	 0.0% 
Sounds                 0.0 kb	 0.0% 
Shaders                0.0 kb	 0.0% 
Other Assets           0.2 kb	 4.4% 
Levels                 0.0 kb	 0.0% 
File headers           3.9 kb	 95.6% 
Total User Assets      4.1 kb	 100.0% 
Complete build size    4.1 kb
Used Assets and files from the Resources folder, sorted by uncompressed size:
 0.1 kb	 2.5% AssetBundle Object
 0.1 kb	 2.0% Built-in AssetBundleManifest: AssetBundleManifest
-------------------------------------------------------------------------------
2026-10-03 22:55:46.651 Unity[56190:52442337] NSEventModifierFlagFunction specified to -setKeyEquivalentModifierMask: for item <NSMenuItem: 0x85120b0c0 SDF, ke='Command-F12'>, but is only supported for system-provided menu items; will not be used

***Player size statistics***
Total compressed size 1.5 KB. Total uncompressed size 4.1 KB.
Unloading 13 Unused Serialized files (Serialized files now loaded: 0)
Unloading 584 unused Assets / (1.3 MB). Loaded Objects now: 1811.
Memory consumption went from 144.3 MB to 143.0 MB.
Total: 5.115500 ms (FindLiveObjects: 0.070958 ms CreateObjectMapping: 0.025875 ms MarkObjects: 4.460459 ms  DeleteObjects: 0.557959 ms)


-------------------------------------------------------------------------------
Bundle Name: account-rewards-config-bundles
Compressed Size:1.5 kb
Uncompressed usage by category (Percentages based on user generated assets only):
Textures               0.0 kb	 0.0% 
Meshes                 0.0 kb	 0.0% 
Animations             0.0 kb	 0.0% 
Sounds                 0.0 kb	 0.0% 
Shaders                0.0 kb	 0.0% 
Other Assets           0.2 kb	 4.4% 
Levels                 0.0 kb	 0.0% 
File headers           3.9 kb	 95.6% 
Total User Assets      4.1 kb	 100.0% 
Complete build size    4.1 kb
Used Assets and files from the Resources folder, sorted by uncompressed size:
 0.1 kb	 2.5% AssetBundle Object
 0.1 kb	 2.0% Built-in AssetBundleManifest: AssetBundleManifest
-------------------------------------------------------------------------------
2026-10-03 22:55:46.728 Unity[56190:52442337] NSEventModifierFlagFunction specified to -setKeyEquivalentModifierMask: for item <NSMenuItem: 0x8512d63a0 SDF, ke='Command-F12'>, but is only supported for system-provided menu items; will not be used

***Player size statistics***
Total compressed size 1.5 KB. Total uncompressed size 4.1 KB.
Unloading 86 Unused Serialized files (Serialized files now loaded: 0)
Unloading 938 unused Assets / (1.6 MB). Loaded Objects now: 1799.
Memory consumption went from 153.2 MB to 151.6 MB.
Total: 5.048833 ms (FindLiveObjects: 0.081875 ms CreateObjectMapping: 0.034625 ms MarkObjects: 4.455916 ms  DeleteObjects: 0.476041 ms)


-------------------------------------------------------------------------------
Bundle Name: task-box-effect-native-bundle
Compressed Size:1.5 kb
Uncompressed usage by category (Percentages based on user generated assets only):
Textures               0.0 kb	 0.0% 
Meshes                 0.0 kb	 0.0% 
Animations             0.0 kb	 0.0% 
Sounds                 0.0 kb	 0.0% 
Shaders                0.0 kb	 0.0% 
Other Assets           0.2 kb	 4.4% 
Levels                 0.0 kb	 0.0% 
File headers           3.9 kb	 95.6% 
Total User Assets      4.1 kb	 100.0% 
Complete build size    4.1 kb
Used Assets and files from the Resources folder, sorted by uncompressed size:
 0.1 kb	 2.5% AssetBundle Object
 0.1 kb	 2.0% Built-in AssetBundleManifest: AssetBundleManifest
-------------------------------------------------------------------------------
2026-10-03 22:55:46.747 Unity[56190:52442337] NSEventModifierFlagFunction specified to -setKeyEquivalentModifierMask: for item <NSMenuItem: 0x851343c00 SDF, ke='Command-F12'>, but is only supported for system-provided menu items; will not be used

***Player size statistics***
Total compressed size 1.5 KB. Total uncompressed size 4.1 KB.
Unloading 0 Unused Serialized files (Serialized files now loaded: 0)
Unloading 4 unused Assets / (0 B). Loaded Objects now: 1811.
Memory consumption went from 140.9 MB to 140.9 MB.
Total: 4.824500 ms (FindLiveObjects: 0.044458 ms CreateObjectMapping: 0.042583 ms MarkObjects: 4.731959 ms  DeleteObjects: 0.005083 ms)


-------------------------------------------------------------------------------
Bundle Name: account-rewards-config-bundles
Compressed Size:1.5 kb
Uncompressed usage by category (Percentages based on user generated assets only):
Textures               0.0 kb	 0.0% 
Meshes                 0.0 kb	 0.0% 
Animations             0.0 kb	 0.0% 
Sounds                 0.0 kb	 0.0% 
Shaders                0.0 kb	 0.0% 
Other Assets           0.2 kb	 4.4% 
Levels                 0.0 kb	 0.0% 
File headers           3.9 kb	 95.6% 
Total User Assets      4.1 kb	 100.0% 
Complete build size    4.1 kb
Used Assets and files from the Resources folder, sorted by uncompressed size:
 0.1 kb	 2.5% AssetBundle Object
 0.1 kb	 2.0% Built-in AssetBundleManifest: AssetBundleManifest
-------------------------------------------------------------------------------
2026-10-03 22:55:46.806 Unity[56190:52442337] NSEventModifierFlagFunction specified to -setKeyEquivalentModifierMask: for item <NSMenuItem: 0x851309180 SDF, ke='Command-F12'>, but is only supported for system-provided menu items; will not be used

***Player size statistics***
Total compressed size 1.5 KB. Total uncompressed size 4.1 KB.
Unloading 82 Unused Serialized files (Serialized files now loaded: 0)
Unloading 497 unused Assets / (33.1 KB). Loaded Objects now: 3457.
Memory consumption went from 153.0 MB to 153.0 MB.
Total: 5.206875 ms (FindLiveObjects: 0.099709 ms CreateObjectMapping: 0.036166 ms MarkObjects: 4.898709 ms  DeleteObjects: 0.171958 ms)


-------------------------------------------------------------------------------
Bundle Name: task-box-effect-native-bundle
Compressed Size:1.5 kb
Uncompressed usage by category (Percentages based on user generated assets only):
Textures               0.0 kb	 0.0% 
Meshes                 0.0 kb	 0.0% 
Animations             0.0 kb	 0.0% 
Sounds                 0.0 kb	 0.0% 
Shaders                0.0 kb	 0.0% 
Other Assets           0.2 kb	 4.4% 
Levels                 0.0 kb	 0.0% 
File headers           3.9 kb	 95.6% 
Total User Assets      4.1 kb	 100.0% 
Complete build size    4.1 kb
Used Assets and files from the Resources folder, sorted by uncompressed size:
 0.1 kb	 2.5% AssetBundle Object
 0.1 kb	 2.0% Built-in AssetBundleManifest: AssetBundleManifest
-------------------------------------------------------------------------------
2026-10-03 22:55:46.823 Unity[56190:52442337] NSEventModifierFlagFunction specified to -setKeyEquivalentModifierMask: for item <NSMenuItem: 0x850966760 SDF, ke='Command-F12'>, but is only supported for system-provided menu items; will not be used

***Player size statistics***
Total compressed size 1.5 KB. Total uncompressed size 4.1 KB.
Unloading 0 Unused Serialized files (Serialized files now loaded: 0)
Unloading 431 unused Assets / (1.0 MB). Loaded Objects now: 1811.
Memory consumption went from 142.7 MB to 141.7 MB.
Total: 5.801583 ms (FindLiveObjects: 0.053167 ms CreateObjectMapping: 0.021625 ms MarkObjects: 5.330208 ms  DeleteObjects: 0.396375 ms)


-------------------------------------------------------------------------------
Bundle Name: account-rewards-config-bundles
Compressed Size:1.5 kb
Uncompressed usage by category (Percentages based on user generated assets only):
Textures               0.0 kb	 0.0% 
Meshes                 0.0 kb	 0.0% 
Animations             0.0 kb	 0.0% 
Sounds                 0.0 kb	 0.0% 
Shaders                0.0 kb	 0.0% 
Other Assets           0.2 kb	 4.4% 
Levels                 0.0 kb	 0.0% 
File headers           3.9 kb	 95.6% 
Total User Assets      4.1 kb	 100.0% 
Complete build size    4.1 kb
Used Assets and files from the Resources folder, sorted by uncompressed size:
 0.1 kb	 2.5% AssetBundle Object
 0.1 kb	 2.0% Built-in AssetBundleManifest: AssetBundleManifest
-------------------------------------------------------------------------------
2026-10-03 22:55:46.885 Unity[56190:52442337] NSEventModifierFlagFunction specified to -setKeyEquivalentModifierMask: for item <NSMenuItem: 0x850a5ebc0 SDF, ke='Command-F12'>, but is only supported for system-provided menu items; will not be used

***Player size statistics***
Total compressed size 1.5 KB. Total uncompressed size 4.1 KB.
Unloading 82 Unused Serialized files (Serialized files now loaded: 0)
Unloading 497 unused Assets / (33.2 KB). Loaded Objects now: 3457.
Memory consumption went from 152.9 MB to 152.9 MB.
Total: 5.871250 ms (FindLiveObjects: 0.096500 ms CreateObjectMapping: 0.033625 ms MarkObjects: 5.585125 ms  DeleteObjects: 0.155708 ms)


-------------------------------------------------------------------------------
Bundle Name: task-box-effect-native-bundle
Compressed Size:1.5 kb
Uncompressed usage by category (Percentages based on user generated assets only):
Textures               0.0 kb	 0.0% 
Meshes                 0.0 kb	 0.0% 
Animations             0.0 kb	 0.0% 
Sounds                 0.0 kb	 0.0% 
Shaders                0.0 kb	 0.0% 
Other Assets           0.2 kb	 4.4% 
Levels                 0.0 kb	 0.0% 
File headers           3.9 kb	 95.6% 
Total User Assets      4.1 kb	 100.0% 
Complete build size    4.1 kb
Used Assets and files from the Resources folder, sorted by uncompressed size:
 0.1 kb	 2.5% AssetBundle Object
 0.1 kb	 2.0% Built-in AssetBundleManifest: AssetBundleManifest
-------------------------------------------------------------------------------
2026-10-03 22:55:46.922 Unity[56190:52442337] NSEventModifierFlagFunction specified to -setKeyEquivalentModifierMask: for item <NSMenuItem: 0x850a5f200 SDF, ke='Command-F12'>, but is only supported for system-provided menu items; will not be used

***Player size statistics***
Total compressed size 1.5 KB. Total uncompressed size 4.1 KB.
Unloading 4 Unused Serialized files (Serialized files now loaded: 0)
Unloading 435 unused Assets / (1.1 MB). Loaded Objects now: 1811.
Memory consumption went from 143.3 MB to 142.2 MB.
Total: 5.608667 ms (FindLiveObjects: 0.056875 ms CreateObjectMapping: 0.024417 ms MarkObjects: 5.019625 ms  DeleteObjects: 0.507458 ms)


-------------------------------------------------------------------------------
Bundle Name: account-rewards-config-bundles
Compressed Size:1.5 kb
Uncompressed usage by category (Percentages based on user generated assets only):
Textures               0.0 kb	 0.0% 
Meshes                 0.0 kb	 0.0% 
Animations             0.0 kb	 0.0% 
Sounds                 0.0 kb	 0.0% 
Shaders                0.0 kb	 0.0% 
Other Assets           0.2 kb	 4.4% 
Levels                 0.0 kb	 0.0% 
File headers           3.9 kb	 95.6% 
Total User Assets      4.1 kb	 100.0% 
Complete build size    4.1 kb
Used Assets and files from the Resources folder, sorted by uncompressed size:
 0.1 kb	 2.5% AssetBundle Object
 0.1 kb	 2.0% Built-in AssetBundleManifest: AssetBundleManifest
-------------------------------------------------------------------------------
2026-10-03 22:55:46.984 Unity[56190:52442337] NSEventModifierFlagFunction specified to -setKeyEquivalentModifierMask: for item <NSMenuItem: 0x850a5f160 SDF, ke='Command-F12'>, but is only supported for system-provided menu items; will not be used

***Player size statistics***
Total compressed size 1.5 KB. Total uncompressed size 4.1 KB.
Unloading 82 Unused Serialized files (Serialized files now loaded: 0)
Unloading 497 unused Assets / (31.1 KB). Loaded Objects now: 3457.
Memory consumption went from 152.9 MB to 152.8 MB.
Total: 5.705292 ms (FindLiveObjects: 0.101791 ms CreateObjectMapping: 0.035125 ms MarkObjects: 5.411333 ms  DeleteObjects: 0.156750 ms)


-------------------------------------------------------------------------------
Bundle Name: task-box-effect-native-bundle
Compressed Size:1.5 kb
Uncompressed usage by category (Percentages based on user generated assets only):
Textures               0.0 kb	 0.0% 
Meshes                 0.0 kb	 0.0% 
Animations             0.0 kb	 0.0% 
Sounds                 0.0 kb	 0.0% 
Shaders                0.0 kb	 0.0% 
Other Assets           0.2 kb	 4.4% 
Levels                 0.0 kb	 0.0% 
File headers           3.9 kb	 95.6% 
Total User Assets      4.1 kb	 100.0% 
Complete build size    4.1 kb
Used Assets and files from the Resources folder, sorted by uncompressed size:
 0.1 kb	 2.5% AssetBundle Object
 0.1 kb	 2.0% Built-in AssetBundleManifest: AssetBundleManifest
-------------------------------------------------------------------------------
2026-10-03 22:55:47.021 Unity[56190:52442337] NSEventModifierFlagFunction specified to -setKeyEquivalentModifierMask: for item <NSMenuItem: 0x850a5de00 SDF, ke='Command-F12'>, but is only supported for system-provided menu items; will not be used

***Player size statistics***
Total compressed size 1.5 KB. Total uncompressed size 4.1 KB.
Unloading 5 Unused Serialized files (Serialized files now loaded: 0)
Unloading 436 unused Assets / (1.2 MB). Loaded Objects now: 1811.
Memory consumption went from 143.5 MB to 142.3 MB.
Total: 5.461959 ms (FindLiveObjects: 0.058000 ms CreateObjectMapping: 0.024958 ms MarkObjects: 4.889292 ms  DeleteObjects: 0.489334 ms)


-------------------------------------------------------------------------------
Bundle Name: account-rewards-config-bundles
Compressed Size:1.5 kb
Uncompressed usage by category (Percentages based on user generated assets only):
Textures               0.0 kb	 0.0% 
Meshes                 0.0 kb	 0.0% 
Animations             0.0 kb	 0.0% 
Sounds                 0.0 kb	 0.0% 
Shaders                0.0 kb	 0.0% 
Other Assets           0.2 kb	 4.4% 
Levels                 0.0 kb	 0.0% 
File headers           3.9 kb	 95.6% 
Total User Assets      4.1 kb	 100.0% 
Complete build size    4.1 kb
Used Assets and files from the Resources folder, sorted by uncompressed size:
 0.1 kb	 2.5% AssetBundle Object
 0.1 kb	 2.0% Built-in AssetBundleManifest: AssetBundleManifest
-------------------------------------------------------------------------------
2026-10-03 22:55:47.084 Unity[56190:52442337] NSEventModifierFlagFunction specified to -setKeyEquivalentModifierMask: for item <NSMenuItem: 0x850b3b020 SDF, ke='Command-F12'>, but is only supported for system-provided menu items; will not be used

***Player size statistics***
Total compressed size 1.5 KB. Total uncompressed size 4.1 KB.
Unloading 82 Unused Serialized files (Serialized files now loaded: 0)
Unloading 497 unused Assets / (32.0 KB). Loaded Objects now: 3457.
Memory consumption went from 152.8 MB to 152.7 MB.
Total: 5.304083 ms (FindLiveObjects: 0.102250 ms CreateObjectMapping: 0.034250 ms MarkObjects: 4.995667 ms  DeleteObjects: 0.171833 ms)


-------------------------------------------------------------------------------
Bundle Name: task-box-effect-native-bundle
Compressed Size:1.5 kb
Uncompressed usage by category (Percentages based on user generated assets only):
Textures               0.0 kb	 0.0% 
Meshes                 0.0 kb	 0.0% 
Animations             0.0 kb	 0.0% 
Sounds                 0.0 kb	 0.0% 
Shaders                0.0 kb	 0.0% 
Other Assets           0.2 kb	 4.4% 
Levels                 0.0 kb	 0.0% 
File headers           3.9 kb	 95.6% 
Total User Assets      4.1 kb	 100.0% 
Complete build size    4.1 kb
Used Assets and files from the Resources folder, sorted by uncompressed size:
 0.1 kb	 2.5% AssetBundle Object
 0.1 kb	 2.0% Built-in AssetBundleManifest: AssetBundleManifest
-------------------------------------------------------------------------------
2026-10-03 22:55:47.122 Unity[56190:52442337] NSEventModifierFlagFunction specified to -setKeyEquivalentModifierMask: for item <NSMenuItem: 0x850b3ac60 SDF, ke='Command-F12'>, but is only supported for system-provided menu items; will not be used

***Player size statistics***
Total compressed size 1.5 KB. Total uncompressed size 4.1 KB.
Unloading 5 Unused Serialized files (Serialized files now loaded: 0)
Unloading 436 unused Assets / (1.2 MB). Loaded Objects now: 1811.
Memory consumption went from 143.3 MB to 142.1 MB.
Total: 5.626500 ms (FindLiveObjects: 0.064375 ms CreateObjectMapping: 0.024708 ms MarkObjects: 5.193958 ms  DeleteObjects: 0.343125 ms)


-------------------------------------------------------------------------------
Bundle Name: account-rewards-config-bundles
Compressed Size:1.5 kb
Uncompressed usage by category (Percentages based on user generated assets only):
Textures               0.0 kb	 0.0% 
Meshes                 0.0 kb	 0.0% 
Animations             0.0 kb	 0.0% 
Sounds                 0.0 kb	 0.0% 
Shaders                0.0 kb	 0.0% 
Other Assets           0.2 kb	 4.4% 
Levels                 0.0 kb	 0.0% 
File headers           3.9 kb	 95.6% 
Total User Assets      4.1 kb	 100.0% 
Complete build size    4.1 kb
Used Assets and files from the Resources folder, sorted by uncompressed size:
 0.1 kb	 2.5% AssetBundle Object
 0.1 kb	 2.0% Built-in AssetBundleManifest: AssetBundleManifest
-------------------------------------------------------------------------------
2026-10-03 22:55:47.183 Unity[56190:52442337] NSEventModifierFlagFunction specified to -setKeyEquivalentModifierMask: for item <NSMenuItem: 0x850965900 SDF, ke='Command-F12'>, but is only supported for system-provided menu items; will not be used

***Player size statistics***
Total compressed size 1.5 KB. Total uncompressed size 4.1 KB.
Unloading 82 Unused Serialized files (Serialized files now loaded: 0)
Unloading 497 unused Assets / (32.7 KB). Loaded Objects now: 3457.
Memory consumption went from 153.1 MB to 153.1 MB.
Total: 5.127208 ms (FindLiveObjects: 0.099875 ms CreateObjectMapping: 0.034625 ms MarkObjects: 4.836958 ms  DeleteObjects: 0.155416 ms)


-------------------------------------------------------------------------------
Bundle Name: task-box-effect-native-bundle
Compressed Size:1.5 kb
Uncompressed usage by category (Percentages based on user generated assets only):
Textures               0.0 kb	 0.0% 
Meshes                 0.0 kb	 0.0% 
Animations             0.0 kb	 0.0% 
Sounds                 0.0 kb	 0.0% 
Shaders                0.0 kb	 0.0% 
Other Assets           0.2 kb	 4.4% 
Levels                 0.0 kb	 0.0% 
File headers           3.9 kb	 95.6% 
Total User Assets      4.1 kb	 100.0% 
Complete build size    4.1 kb
Used Assets and files from the Resources folder, sorted by uncompressed size:
 0.1 kb	 2.5% AssetBundle Object
 0.1 kb	 2.0% Built-in AssetBundleManifest: AssetBundleManifest
-------------------------------------------------------------------------------
2026-10-03 22:55:47.210 Unity[56190:52442337] NSEventModifierFlagFunction specified to -setKeyEquivalentModifierMask: for item <NSMenuItem: 0x850a23d40 SDF, ke='Command-F12'>, but is only supported for system-provided menu items; will not be used

***Player size statistics***
Total compressed size 1.5 KB. Total uncompressed size 4.1 KB.
Unloading 4 Unused Serialized files (Serialized files now loaded: 0)
Unloading 435 unused Assets / (1.1 MB). Loaded Objects now: 1811.
Memory consumption went from 143.4 MB to 142.3 MB.
Total: 5.549875 ms (FindLiveObjects: 0.069958 ms CreateObjectMapping: 0.022500 ms MarkObjects: 5.129500 ms  DeleteObjects: 0.327583 ms)


-------------------------------------------------------------------------------
Bundle Name: account-rewards-config-bundles
Compressed Size:1.5 kb
Uncompressed usage by category (Percentages based on user generated assets only):
Textures               0.0 kb	 0.0% 
Meshes                 0.0 kb	 0.0% 
Animations             0.0 kb	 0.0% 
Sounds                 0.0 kb	 0.0% 
Shaders                0.0 kb	 0.0% 
Other Assets           0.2 kb	 4.4% 
Levels                 0.0 kb	 0.0% 
File headers           3.9 kb	 95.6% 
Total User Assets      4.1 kb	 100.0% 
Complete build size    4.1 kb
Used Assets and files from the Resources folder, sorted by uncompressed size:
 0.1 kb	 2.5% AssetBundle Object
 0.1 kb	 2.0% Built-in AssetBundleManifest: AssetBundleManifest
-------------------------------------------------------------------------------
2026-10-03 22:55:47.267 Unity[56190:52442337] NSEventModifierFlagFunction specified to -setKeyEquivalentModifierMask: for item <NSMenuItem: 0x850b3aee0 SDF, ke='Command-F12'>, but is only supported for system-provided menu items; will not be used

***Player size statistics***
Total compressed size 1.5 KB. Total uncompressed size 4.1 KB.
Unloading 82 Unused Serialized files (Serialized files now loaded: 0)
Unloading 497 unused Assets / (33.6 KB). Loaded Objects now: 3457.
Memory consumption went from 153.2 MB to 153.1 MB.
Total: 5.457459 ms (FindLiveObjects: 0.104583 ms CreateObjectMapping: 0.035667 ms MarkObjects: 5.134333 ms  DeleteObjects: 0.182625 ms)


-------------------------------------------------------------------------------
Bundle Name: task-box-effect-native-bundle
Compressed Size:1.5 kb
Uncompressed usage by category (Percentages based on user generated assets only):
Textures               0.0 kb	 0.0% 
Meshes                 0.0 kb	 0.0% 
Animations             0.0 kb	 0.0% 
Sounds                 0.0 kb	 0.0% 
Shaders                0.0 kb	 0.0% 
Other Assets           0.2 kb	 4.4% 
Levels                 0.0 kb	 0.0% 
File headers           3.9 kb	 95.6% 
Total User Assets      4.1 kb	 100.0% 
Complete build size    4.1 kb
Used Assets and files from the Resources folder, sorted by uncompressed size:
 0.1 kb	 2.5% AssetBundle Object
 0.1 kb	 2.0% Built-in AssetBundleManifest: AssetBundleManifest
-------------------------------------------------------------------------------
2026-10-03 22:55:47.305 Unity[56190:52442337] NSEventModifierFlagFunction specified to -setKeyEquivalentModifierMask: for item <NSMenuItem: 0x850b3aa80 SDF, ke='Command-F12'>, but is only supported for system-provided menu items; will not be used

***Player size statistics***
Total compressed size 1.5 KB. Total uncompressed size 4.1 KB.
Unloading 4 Unused Serialized files (Serialized files now loaded: 0)
Unloading 435 unused Assets / (1.1 MB). Loaded Objects now: 1811.
Memory consumption went from 143.5 MB to 142.4 MB.
Total: 5.951916 ms (FindLiveObjects: 0.051709 ms CreateObjectMapping: 0.023416 ms MarkObjects: 5.561208 ms  DeleteObjects: 0.315500 ms)


-------------------------------------------------------------------------------
Bundle Name: account-rewards-config-bundles
Compressed Size:1.5 kb
Uncompressed usage by category (Percentages based on user generated assets only):
Textures               0.0 kb	 0.0% 
Meshes                 0.0 kb	 0.0% 
Animations             0.0 kb	 0.0% 
Sounds                 0.0 kb	 0.0% 
Shaders                0.0 kb	 0.0% 
Other Assets           0.2 kb	 4.4% 
Levels                 0.0 kb	 0.0% 
File headers           3.9 kb	 95.6% 
Total User Assets      4.1 kb	 100.0% 
Complete build size    4.1 kb
Used Assets and files from the Resources folder, sorted by uncompressed size:
 0.1 kb	 2.5% AssetBundle Object
 0.1 kb	 2.0% Built-in AssetBundleManifest: AssetBundleManifest
-------------------------------------------------------------------------------
Assertion failed on expression: 'ShouldRunBehaviour()'
UnityEngine.Debug:ExtractStackTraceNoAlloc (byte*,int,string)
UnityEngine.StackTraceUtility:ExtractStackTrace () (at /Users/bokken/build/output/unity/unity/Runtime/Export/Scripting/StackTrace.cs:35)
UnityEngine.Component:SendMessage (string,object,UnityEngine.SendMessageOptions)
UnityEngine.Component:SendMessage (string) (at /Users/bokken/build/output/unity/unity/Runtime/Export/Scripting/Component.bindings.cs:248)
AreaBattle.EditorTools.OutgameRedDotValidation/<>c:<Run>b__3_5 () (at Assets/AreaBattle/Editor/OutgameRedDotValidation.cs:69)
AreaBattle.EditorTools.OutgameRedDotValidation/<>c__DisplayClass3_0:<Run>b__0 (string,System.Action) (at Assets/AreaBattle/Editor/OutgameRedDotValidation.cs:34)
AreaBattle.EditorTools.OutgameRedDotValidation:Run () (at Assets/AreaBattle/Editor/OutgameRedDotValidation.cs:68)
System.Reflection.RuntimeMethodInfo:Invoke (object,System.Reflection.BindingFlags,System.Reflection.Binder,object[],System.Globalization.CultureInfo)
System.Reflection.MethodBase:Invoke (object,object[])
AreaBattle.EditorTools.BattleBuild:ValidateIntegrated () (at Assets/AreaBattle/Editor/BattleBuild.cs:32)
AreaBattle.EditorTools.BattleBuild:ValidateMechanicsOnly () (at Assets/AreaBattle/Editor/BattleBuild.cs:18)

[Assets/AreaBattle/Editor/OutgameRedDotValidation.cs line 69]

Assertion failed on expression: 'ShouldRunBehaviour()'
UnityEngine.Debug:ExtractStackTraceNoAlloc (byte*,int,string)
UnityEngine.StackTraceUtility:ExtractStackTrace () (at /Users/bokken/build/output/unity/unity/Runtime/Export/Scripting/StackTrace.cs:35)
UnityEngine.Component:SendMessage (string,object,UnityEngine.SendMessageOptions)
UnityEngine.Component:SendMessage (string) (at /Users/bokken/build/output/unity/unity/Runtime/Export/Scripting/Component.bindings.cs:248)
AreaBattle.EditorTools.OutgameRedDotValidation/<>c:<Run>b__3_5 () (at Assets/AreaBattle/Editor/OutgameRedDotValidation.cs:70)
AreaBattle.EditorTools.OutgameRedDotValidation/<>c__DisplayClass3_0:<Run>b__0 (string,System.Action) (at Assets/AreaBattle/Editor/OutgameRedDotValidation.cs:34)
AreaBattle.EditorTools.OutgameRedDotValidation:Run () (at Assets/AreaBattle/Editor/OutgameRedDotValidation.cs:68)
System.Reflection.RuntimeMethodInfo:Invoke (object,System.Reflection.BindingFlags,System.Reflection.Binder,object[],System.Globalization.CultureInfo)
System.Reflection.MethodBase:Invoke (object,object[])
AreaBattle.EditorTools.BattleBuild:ValidateIntegrated () (at Assets/AreaBattle/Editor/BattleBuild.cs:32)
AreaBattle.EditorTools.BattleBuild:ValidateMechanicsOnly () (at Assets/AreaBattle/Editor/BattleBuild.cs:18)

[Assets/AreaBattle/Editor/OutgameRedDotValidation.cs line 70]

Assertion failed on expression: 'ShouldRunBehaviour()'
UnityEngine.Debug:ExtractStackTraceNoAlloc (byte*,int,string)
UnityEngine.StackTraceUtility:ExtractStackTrace () (at /Users/bokken/build/output/unity/unity/Runtime/Export/Scripting/StackTrace.cs:35)
UnityEngine.Component:SendMessage (string,object,UnityEngine.SendMessageOptions)
UnityEngine.Component:SendMessage (string) (at /Users/bokken/build/output/unity/unity/Runtime/Export/Scripting/Component.bindings.cs:248)
AreaBattle.EditorTools.OutgameRedDotValidation/<>c:<Run>b__3_5 () (at Assets/AreaBattle/Editor/OutgameRedDotValidation.cs:70)
AreaBattle.EditorTools.OutgameRedDotValidation/<>c__DisplayClass3_0:<Run>b__0 (string,System.Action) (at Assets/AreaBattle/Editor/OutgameRedDotValidation.cs:34)
AreaBattle.EditorTools.OutgameRedDotValidation:Run () (at Assets/AreaBattle/Editor/OutgameRedDotValidation.cs:68)
System.Reflection.RuntimeMethodInfo:Invoke (object,System.Reflection.BindingFlags,System.Reflection.Binder,object[],System.Globalization.CultureInfo)
System.Reflection.MethodBase:Invoke (object,object[])
AreaBattle.EditorTools.BattleBuild:ValidateIntegrated () (at Assets/AreaBattle/Editor/BattleBuild.cs:32)
AreaBattle.EditorTools.BattleBuild:ValidateMechanicsOnly () (at Assets/AreaBattle/Editor/BattleBuild.cs:18)

[Assets/AreaBattle/Editor/OutgameRedDotValidation.cs line 70]

Assertion failed on expression: 'ShouldRunBehaviour()'
UnityEngine.Debug:ExtractStackTraceNoAlloc (byte*,int,string)
UnityEngine.StackTraceUtility:ExtractStackTrace () (at /Users/bokken/build/output/unity/unity/Runtime/Export/Scripting/StackTrace.cs:35)
UnityEngine.Component:SendMessage (string,object,UnityEngine.SendMessageOptions)
UnityEngine.Component:SendMessage (string) (at /Users/bokken/build/output/unity/unity/Runtime/Export/Scripting/Component.bindings.cs:248)
AreaBattle.EditorTools.OutgameRedDotValidation/<>c:<Run>b__3_8 () (at Assets/AreaBattle/Editor/OutgameRedDotValidation.cs:91)
AreaBattle.EditorTools.OutgameRedDotValidation/<>c__DisplayClass3_0:<Run>b__0 (string,System.Action) (at Assets/AreaBattle/Editor/OutgameRedDotValidation.cs:34)
AreaBattle.EditorTools.OutgameRedDotValidation:Run () (at Assets/AreaBattle/Editor/OutgameRedDotValidation.cs:85)
System.Reflection.RuntimeMethodInfo:Invoke (object,System.Reflection.BindingFlags,System.Reflection.Binder,object[],System.Globalization.CultureInfo)
System.Reflection.MethodBase:Invoke (object,object[])
AreaBattle.EditorTools.BattleBuild:ValidateIntegrated () (at Assets/AreaBattle/Editor/BattleBuild.cs:32)
AreaBattle.EditorTools.BattleBuild:ValidateMechanicsOnly () (at Assets/AreaBattle/Editor/BattleBuild.cs:18)

[Assets/AreaBattle/Editor/OutgameRedDotValidation.cs line 91]

Assertion failed on expression: 'ShouldRunBehaviour()'
UnityEngine.Debug:ExtractStackTraceNoAlloc (byte*,int,string)
UnityEngine.StackTraceUtility:ExtractStackTrace () (at /Users/bokken/build/output/unity/unity/Runtime/Export/Scripting/StackTrace.cs:35)
UnityEngine.Component:SendMessage (string,object,UnityEngine.SendMessageOptions)
UnityEngine.Component:SendMessage (string) (at /Users/bokken/build/output/unity/unity/Runtime/Export/Scripting/Component.bindings.cs:248)
AreaBattle.EditorTools.OutgameGuideBookPageValidation/Fixture:<.ctor>b__19_13 (object[]) (at Assets/AreaBattle/Editor/OutgameGuideBookPageValidation.cs:62)
AreaBattle.OutgameMessageDispatcher:SendMessage (string,object[]) (at Assets/AreaBattle/Scripts/OutgameMessageDispatcher.cs:24)
AreaBattle.OutgameUiPage:SetVisible (bool) (at Assets/AreaBattle/Scripts/OutgameUiPage.cs:19)
AreaBattle.OutgameUiObjectInitialization:Init (UnityEngine.GameObject) (at Assets/AreaBattle/Scripts/OutgameUiObjectInitialization.cs:28)
AreaBattle.OutgameUiOpenHost:InitGameObject (UnityEngine.GameObject) (at Assets/AreaBattle/Scripts/OutgameUiOpenHost.cs:24)
AreaBattle.OutgameUiOpenLifecycle:Loaded (UnityEngine.GameObject,object,bool) (at Assets/AreaBattle/Scripts/OutgameUiOpenLifecycle.cs:28)
AreaBattle.OutgameUiOpenLifecycle:LoadedModern (UnityEngine.GameObject) (at Assets/AreaBattle/Scripts/OutgameUiOpenLifecycle.cs:21)
AreaBattle.OutgameUiLoadRequest:<Open>b__9_0 (UnityEngine.GameObject,AreaBattle.OutgameAssetHandle) (at Assets/AreaBattle/Scripts/OutgameUiLoadRequest.cs:22)
AreaBattle.OutgameUiModernLoader/<>c__DisplayClass5_1:<LoadModern>b__1 () (at Assets/AreaBattle/Scripts/OutgameUiModernLoader.cs:23)
AreaBattle.OutgameUiModernLoader/<WaitTwoFrames>d__7:MoveNext () (at Assets/AreaBattle/Scripts/OutgameUiModernLoader.cs:27)
AreaBattle.EditorTools.OutgameGuideBookPageValidation/Fixture:CompleteLoad () (at Assets/AreaBattle/Editor/OutgameGuideBookPageValidation.cs:66)
AreaBattle.EditorTools.OutgameGuideBookPageValidation/<>c:<Run>b__2_1 () (at Assets/AreaBattle/Editor/OutgameGuideBookPageValidation.cs:78)
AreaBattle.EditorTools.OutgameGuideBookPageValidation/<>c__DisplayClass2_0:<Run>b__0 (string,System.Action) (at Assets/AreaBattle/Editor/OutgameGuideBookPageValidation.cs:73)
AreaBattle.EditorTools.OutgameGuideBookPageValidation:Run () (at Assets/AreaBattle/Editor/OutgameGuideBookPageValidation.cs:74)
System.Reflection.RuntimeMethodInfo:Invoke (object,System.Reflection.BindingFlags,System.Reflection.Binder,object[],System.Globalization.CultureInfo)
System.Reflection.MethodBase:Invoke (object,object[])
AreaBattle.EditorTools.BattleBuild:ValidateIntegrated () (at Assets/AreaBattle/Editor/BattleBuild.cs:32)
AreaBattle.EditorTools.BattleBuild:ValidateMechanicsOnly () (at Assets/AreaBattle/Editor/BattleBuild.cs:18)

[Assets/AreaBattle/Scripts/OutgameUiModernLoader.cs line 23]

Assertion failed on expression: 'ShouldRunBehaviour()'
UnityEngine.Debug:ExtractStackTraceNoAlloc (byte*,int,string)
UnityEngine.StackTraceUtility:ExtractStackTrace () (at /Users/bokken/build/output/unity/unity/Runtime/Export/Scripting/StackTrace.cs:35)
UnityEngine.Component:SendMessage (string,object,UnityEngine.SendMessageOptions)
UnityEngine.Component:SendMessage (string) (at /Users/bokken/build/output/unity/unity/Runtime/Export/Scripting/Component.bindings.cs:248)
AreaBattle.EditorTools.OutgameGuideBookPageValidation/Fixture:<.ctor>b__19_13 (object[]) (at Assets/AreaBattle/Editor/OutgameGuideBookPageValidation.cs:62)
AreaBattle.OutgameMessageDispatcher:SendMessage (string,object[]) (at Assets/AreaBattle/Scripts/OutgameMessageDispatcher.cs:24)
AreaBattle.OutgameUiPage:SetVisible (bool) (at Assets/AreaBattle/Scripts/OutgameUiPage.cs:19)
AreaBattle.OutgameUiObjectInitialization:Init (UnityEngine.GameObject) (at Assets/AreaBattle/Scripts/OutgameUiObjectInitialization.cs:28)
AreaBattle.OutgameUiOpenHost:InitGameObject (UnityEngine.GameObject) (at Assets/AreaBattle/Scripts/OutgameUiOpenHost.cs:24)
AreaBattle.OutgameUiOpenLifecycle:Loaded (UnityEngine.GameObject,object,bool) (at Assets/AreaBattle/Scripts/OutgameUiOpenLifecycle.cs:28)
AreaBattle.OutgameUiOpenLifecycle:LoadedModern (UnityEngine.GameObject) (at Assets/AreaBattle/Scripts/OutgameUiOpenLifecycle.cs:21)
AreaBattle.OutgameUiLoadRequest:<Open>b__9_0 (UnityEngine.GameObject,AreaBattle.OutgameAssetHandle) (at Assets/AreaBattle/Scripts/OutgameUiLoadRequest.cs:22)
AreaBattle.OutgameUiModernLoader/<>c__DisplayClass5_1:<LoadModern>b__1 () (at Assets/AreaBattle/Scripts/OutgameUiModernLoader.cs:23)
AreaBattle.OutgameUiModernLoader/<WaitTwoFrames>d__7:MoveNext () (at Assets/AreaBattle/Scripts/OutgameUiModernLoader.cs:27)
AreaBattle.EditorTools.OutgameGuideBookPageValidation/Fixture:CompleteLoad () (at Assets/AreaBattle/Editor/OutgameGuideBookPageValidation.cs:66)
AreaBattle.EditorTools.OutgameGuideBookPageValidation/<>c:<Run>b__2_1 () (at Assets/AreaBattle/Editor/OutgameGuideBookPageValidation.cs:78)
AreaBattle.EditorTools.OutgameGuideBookPageValidation/<>c__DisplayClass2_0:<Run>b__0 (string,System.Action) (at Assets/AreaBattle/Editor/OutgameGuideBookPageValidation.cs:73)
AreaBattle.EditorTools.OutgameGuideBookPageValidation:Run () (at Assets/AreaBattle/Editor/OutgameGuideBookPageValidation.cs:74)
System.Reflection.RuntimeMethodInfo:Invoke (object,System.Reflection.BindingFlags,System.Reflection.Binder,object[],System.Globalization.CultureInfo)
System.Reflection.MethodBase:Invoke (object,object[])
AreaBattle.EditorTools.BattleBuild:ValidateIntegrated () (at Assets/AreaBattle/Editor/BattleBuild.cs:32)
AreaBattle.EditorTools.BattleBuild:ValidateMechanicsOnly () (at Assets/AreaBattle/Editor/BattleBuild.cs:18)

[Assets/AreaBattle/Scripts/OutgameUiModernLoader.cs line 23]

Assertion failed on expression: 'ShouldRunBehaviour()'
UnityEngine.Debug:ExtractStackTraceNoAlloc (byte*,int,string)
UnityEngine.StackTraceUtility:ExtractStackTrace () (at /Users/bokken/build/output/unity/unity/Runtime/Export/Scripting/StackTrace.cs:35)
UnityEngine.Component:SendMessage (string,object,UnityEngine.SendMessageOptions)
UnityEngine.Component:SendMessage (string) (at /Users/bokken/build/output/unity/unity/Runtime/Export/Scripting/Component.bindings.cs:248)
AreaBattle.EditorTools.OutgameGuideBookPageValidation/Fixture:<.ctor>b__19_13 (object[]) (at Assets/AreaBattle/Editor/OutgameGuideBookPageValidation.cs:62)
AreaBattle.OutgameMessageDispatcher:SendMessage (string,object[]) (at Assets/AreaBattle/Scripts/OutgameMessageDispatcher.cs:24)
AreaBattle.OutgameUiPage:SetVisible (bool) (at Assets/AreaBattle/Scripts/OutgameUiPage.cs:19)
AreaBattle.OutgameUiObjectInitialization:Init (UnityEngine.GameObject) (at Assets/AreaBattle/Scripts/OutgameUiObjectInitialization.cs:28)
AreaBattle.OutgameUiOpenHost:InitGameObject (UnityEngine.GameObject) (at Assets/AreaBattle/Scripts/OutgameUiOpenHost.cs:24)
AreaBattle.OutgameUiOpenLifecycle:Loaded (UnityEngine.GameObject,object,bool) (at Assets/AreaBattle/Scripts/OutgameUiOpenLifecycle.cs:28)
AreaBattle.OutgameUiOpenLifecycle:LoadedModern (UnityEngine.GameObject) (at Assets/AreaBattle/Scripts/OutgameUiOpenLifecycle.cs:21)
AreaBattle.OutgameUiLoadRequest:<Open>b__9_0 (UnityEngine.GameObject,AreaBattle.OutgameAssetHandle) (at Assets/AreaBattle/Scripts/OutgameUiLoadRequest.cs:22)
AreaBattle.OutgameUiModernLoader/<>c__DisplayClass5_1:<LoadModern>b__1 () (at Assets/AreaBattle/Scripts/OutgameUiModernLoader.cs:23)
AreaBattle.OutgameUiModernLoader/<WaitTwoFrames>d__7:MoveNext () (at Assets/AreaBattle/Scripts/OutgameUiModernLoader.cs:27)
AreaBattle.EditorTools.OutgameGuideBookPageValidation/Fixture:CompleteLoad () (at Assets/AreaBattle/Editor/OutgameGuideBookPageValidation.cs:66)
AreaBattle.EditorTools.OutgameGuideBookPageValidation/<>c:<Run>b__2_1 () (at Assets/AreaBattle/Editor/OutgameGuideBookPageValidation.cs:78)
AreaBattle.EditorTools.OutgameGuideBookPageValidation/<>c__DisplayClass2_0:<Run>b__0 (string,System.Action) (at Assets/AreaBattle/Editor/OutgameGuideBookPageValidation.cs:73)
AreaBattle.EditorTools.OutgameGuideBookPageValidation:Run () (at Assets/AreaBattle/Editor/OutgameGuideBookPageValidation.cs:74)
System.Reflection.RuntimeMethodInfo:Invoke (object,System.Reflection.BindingFlags,System.Reflection.Binder,object[],System.Globalization.CultureInfo)
System.Reflection.MethodBase:Invoke (object,object[])
AreaBattle.EditorTools.BattleBuild:ValidateIntegrated () (at Assets/AreaBattle/Editor/BattleBuild.cs:32)
AreaBattle.EditorTools.BattleBuild:ValidateMechanicsOnly () (at Assets/AreaBattle/Editor/BattleBuild.cs:18)

[Assets/AreaBattle/Scripts/OutgameUiModernLoader.cs line 23]

Assertion failed on expression: 'ShouldRunBehaviour()'
UnityEngine.Debug:ExtractStackTraceNoAlloc (byte*,int,string)
UnityEngine.StackTraceUtility:ExtractStackTrace () (at /Users/bokken/build/output/unity/unity/Runtime/Export/Scripting/StackTrace.cs:35)
UnityEngine.Component:SendMessage (string,object,UnityEngine.SendMessageOptions)
UnityEngine.Component:SendMessage (string) (at /Users/bokken/build/output/unity/unity/Runtime/Export/Scripting/Component.bindings.cs:248)
AreaBattle.EditorTools.OutgameGuideBookPageValidation/Fixture:<.ctor>b__19_13 (object[]) (at Assets/AreaBattle/Editor/OutgameGuideBookPageValidation.cs:62)
AreaBattle.OutgameMessageDispatcher:SendMessage (string,object[]) (at Assets/AreaBattle/Scripts/OutgameMessageDispatcher.cs:24)
AreaBattle.OutgameUiPage:SetVisible (bool) (at Assets/AreaBattle/Scripts/OutgameUiPage.cs:19)
AreaBattle.OutgameUiObjectInitialization:Init (UnityEngine.GameObject) (at Assets/AreaBattle/Scripts/OutgameUiObjectInitialization.cs:28)
AreaBattle.OutgameUiOpenHost:InitGameObject (UnityEngine.GameObject) (at Assets/AreaBattle/Scripts/OutgameUiOpenHost.cs:24)
AreaBattle.OutgameUiOpenLifecycle:Loaded (UnityEngine.GameObject,object,bool) (at Assets/AreaBattle/Scripts/OutgameUiOpenLifecycle.cs:28)
AreaBattle.OutgameUiOpenLifecycle:LoadedModern (UnityEngine.GameObject) (at Assets/AreaBattle/Scripts/OutgameUiOpenLifecycle.cs:21)
AreaBattle.OutgameUiLoadRequest:<Open>b__9_0 (UnityEngine.GameObject,AreaBattle.OutgameAssetHandle) (at Assets/AreaBattle/Scripts/OutgameUiLoadRequest.cs:22)
AreaBattle.OutgameUiModernLoader/<>c__DisplayClass5_1:<LoadModern>b__1 () (at Assets/AreaBattle/Scripts/OutgameUiModernLoader.cs:23)
AreaBattle.OutgameUiModernLoader/<WaitTwoFrames>d__7:MoveNext () (at Assets/AreaBattle/Scripts/OutgameUiModernLoader.cs:27)
AreaBattle.EditorTools.OutgameGuideBookPageValidation/Fixture:CompleteLoad () (at Assets/AreaBattle/Editor/OutgameGuideBookPageValidation.cs:66)
AreaBattle.EditorTools.OutgameGuideBookPageValidation/<>c:<Run>b__2_2 () (at Assets/AreaBattle/Editor/OutgameGuideBookPageValidation.cs:87)
AreaBattle.EditorTools.OutgameGuideBookPageValidation/<>c__DisplayClass2_0:<Run>b__0 (string,System.Action) (at Assets/AreaBattle/Editor/OutgameGuideBookPageValidation.cs:73)
AreaBattle.EditorTools.OutgameGuideBookPageValidation:Run () (at Assets/AreaBattle/Editor/OutgameGuideBookPageValidation.cs:85)
System.Reflection.RuntimeMethodInfo:Invoke (object,System.Reflection.BindingFlags,System.Reflection.Binder,object[],System.Globalization.CultureInfo)
System.Reflection.MethodBase:Invoke (object,object[])
AreaBattle.EditorTools.BattleBuild:ValidateIntegrated () (at Assets/AreaBattle/Editor/BattleBuild.cs:32)
AreaBattle.EditorTools.BattleBuild:ValidateMechanicsOnly () (at Assets/AreaBattle/Editor/BattleBuild.cs:18)

[Assets/AreaBattle/Scripts/OutgameUiModernLoader.cs line 23]

Assertion failed on expression: 'ShouldRunBehaviour()'
UnityEngine.Debug:ExtractStackTraceNoAlloc (byte*,int,string)
UnityEngine.StackTraceUtility:ExtractStackTrace () (at /Users/bokken/build/output/unity/unity/Runtime/Export/Scripting/StackTrace.cs:35)
UnityEngine.Component:SendMessage (string,object,UnityEngine.SendMessageOptions)
UnityEngine.Component:SendMessage (string) (at /Users/bokken/build/output/unity/unity/Runtime/Export/Scripting/Component.bindings.cs:248)
AreaBattle.EditorTools.OutgameGuideBookPageValidation/Fixture:<.ctor>b__19_13 (object[]) (at Assets/AreaBattle/Editor/OutgameGuideBookPageValidation.cs:62)
AreaBattle.OutgameMessageDispatcher:SendMessage (string,object[]) (at Assets/AreaBattle/Scripts/OutgameMessageDispatcher.cs:24)
AreaBattle.OutgameUiPage:SetVisible (bool) (at Assets/AreaBattle/Scripts/OutgameUiPage.cs:19)
AreaBattle.OutgameUiObjectInitialization:Init (UnityEngine.GameObject) (at Assets/AreaBattle/Scripts/OutgameUiObjectInitialization.cs:28)
AreaBattle.OutgameUiOpenHost:InitGameObject (UnityEngine.GameObject) (at Assets/AreaBattle/Scripts/OutgameUiOpenHost.cs:24)
AreaBattle.OutgameUiOpenLifecycle:Loaded (UnityEngine.GameObject,object,bool) (at Assets/AreaBattle/Scripts/OutgameUiOpenLifecycle.cs:28)
AreaBattle.OutgameUiOpenLifecycle:LoadedModern (UnityEngine.GameObject) (at Assets/AreaBattle/Scripts/OutgameUiOpenLifecycle.cs:21)
AreaBattle.OutgameUiLoadRequest:<Open>b__9_0 (UnityEngine.GameObject,AreaBattle.OutgameAssetHandle) (at Assets/AreaBattle/Scripts/OutgameUiLoadRequest.cs:22)
AreaBattle.OutgameUiModernLoader/<>c__DisplayClass5_1:<LoadModern>b__1 () (at Assets/AreaBattle/Scripts/OutgameUiModernLoader.cs:23)
AreaBattle.OutgameUiModernLoader/<WaitTwoFrames>d__7:MoveNext () (at Assets/AreaBattle/Scripts/OutgameUiModernLoader.cs:27)
AreaBattle.EditorTools.OutgameGuideBookPageValidation/Fixture:CompleteLoad () (at Assets/AreaBattle/Editor/OutgameGuideBookPageValidation.cs:66)
AreaBattle.EditorTools.OutgameGuideBookPageValidation/<>c:<Run>b__2_2 () (at Assets/AreaBattle/Editor/OutgameGuideBookPageValidation.cs:87)
AreaBattle.EditorTools.OutgameGuideBookPageValidation/<>c__DisplayClass2_0:<Run>b__0 (string,System.Action) (at Assets/AreaBattle/Editor/OutgameGuideBookPageValidation.cs:73)
AreaBattle.EditorTools.OutgameGuideBookPageValidation:Run () (at Assets/AreaBattle/Editor/OutgameGuideBookPageValidation.cs:85)
System.Reflection.RuntimeMethodInfo:Invoke (object,System.Reflection.BindingFlags,System.Reflection.Binder,object[],System.Globalization.CultureInfo)
System.Reflection.MethodBase:Invoke (object,object[])
AreaBattle.EditorTools.BattleBuild:ValidateIntegrated () (at Assets/AreaBattle/Editor/BattleBuild.cs:32)
AreaBattle.EditorTools.BattleBuild:ValidateMechanicsOnly () (at Assets/AreaBattle/Editor/BattleBuild.cs:18)

[Assets/AreaBattle/Scripts/OutgameUiModernLoader.cs line 23]

Assertion failed on expression: 'ShouldRunBehaviour()'
UnityEngine.Debug:ExtractStackTraceNoAlloc (byte*,int,string)
UnityEngine.StackTraceUtility:ExtractStackTrace () (at /Users/bokken/build/output/unity/unity/Runtime/Export/Scripting/StackTrace.cs:35)
UnityEngine.Component:SendMessage (string,object,UnityEngine.SendMessageOptions)
UnityEngine.Component:SendMessage (string) (at /Users/bokken/build/output/unity/unity/Runtime/Export/Scripting/Component.bindings.cs:248)
AreaBattle.EditorTools.OutgameGuideBookPageValidation/Fixture:<.ctor>b__19_13 (object[]) (at Assets/AreaBattle/Editor/OutgameGuideBookPageValidation.cs:62)
AreaBattle.OutgameMessageDispatcher:SendMessage (string,object[]) (at Assets/AreaBattle/Scripts/OutgameMessageDispatcher.cs:24)
AreaBattle.OutgameUiPage:SetVisible (bool) (at Assets/AreaBattle/Scripts/OutgameUiPage.cs:19)
AreaBattle.OutgameUiObjectInitialization:Init (UnityEngine.GameObject) (at Assets/AreaBattle/Scripts/OutgameUiObjectInitialization.cs:28)
AreaBattle.OutgameUiOpenHost:InitGameObject (UnityEngine.GameObject) (at Assets/AreaBattle/Scripts/OutgameUiOpenHost.cs:24)
AreaBattle.OutgameUiOpenLifecycle:Loaded (UnityEngine.GameObject,object,bool) (at Assets/AreaBattle/Scripts/OutgameUiOpenLifecycle.cs:28)
AreaBattle.OutgameUiOpenLifecycle:LoadedModern (UnityEngine.GameObject) (at Assets/AreaBattle/Scripts/OutgameUiOpenLifecycle.cs:21)
AreaBattle.OutgameUiLoadRequest:<Open>b__9_0 (UnityEngine.GameObject,AreaBattle.OutgameAssetHandle) (at Assets/AreaBattle/Scripts/OutgameUiLoadRequest.cs:22)
AreaBattle.OutgameUiModernLoader/<>c__DisplayClass5_1:<LoadModern>b__1 () (at Assets/AreaBattle/Scripts/OutgameUiModernLoader.cs:23)
AreaBattle.OutgameUiModernLoader/<WaitTwoFrames>d__7:MoveNext () (at Assets/AreaBattle/Scripts/OutgameUiModernLoader.cs:27)
AreaBattle.EditorTools.OutgameGuideBookPageValidation/Fixture:CompleteLoad () (at Assets/AreaBattle/Editor/OutgameGuideBookPageValidation.cs:66)
AreaBattle.EditorTools.OutgameGuideBookPageValidation/<>c:<Run>b__2_2 () (at Assets/AreaBattle/Editor/OutgameGuideBookPageValidation.cs:87)
AreaBattle.EditorTools.OutgameGuideBookPageValidation/<>c__DisplayClass2_0:<Run>b__0 (string,System.Action) (at Assets/AreaBattle/Editor/OutgameGuideBookPageValidation.cs:73)
AreaBattle.EditorTools.OutgameGuideBookPageValidation:Run () (at Assets/AreaBattle/Editor/OutgameGuideBookPageValidation.cs:85)
System.Reflection.RuntimeMethodInfo:Invoke (object,System.Reflection.BindingFlags,System.Reflection.Binder,object[],System.Globalization.CultureInfo)
System.Reflection.MethodBase:Invoke (object,object[])
AreaBattle.EditorTools.BattleBuild:ValidateIntegrated () (at Assets/AreaBattle/Editor/BattleBuild.cs:32)
AreaBattle.EditorTools.BattleBuild:ValidateMechanicsOnly () (at Assets/AreaBattle/Editor/BattleBuild.cs:18)

[Assets/AreaBattle/Scripts/OutgameUiModernLoader.cs line 23]

Assertion failed on expression: 'ShouldRunBehaviour()'
UnityEngine.Debug:ExtractStackTraceNoAlloc (byte*,int,string)
UnityEngine.StackTraceUtility:ExtractStackTrace () (at /Users/bokken/build/output/unity/unity/Runtime/Export/Scripting/StackTrace.cs:35)
UnityEngine.Component:SendMessage (string,object,UnityEngine.SendMessageOptions)
UnityEngine.Component:SendMessage (string) (at /Users/bokken/build/output/unity/unity/Runtime/Export/Scripting/Component.bindings.cs:248)
AreaBattle.EditorTools.OutgameGuideBookPageValidation/Fixture:<.ctor>b__19_13 (object[]) (at Assets/AreaBattle/Editor/OutgameGuideBookPageValidation.cs:62)
AreaBattle.OutgameMessageDispatcher:SendMessage (string,object[]) (at Assets/AreaBattle/Scripts/OutgameMessageDispatcher.cs:24)
AreaBattle.OutgameUiPage:SetVisible (bool) (at Assets/AreaBattle/Scripts/OutgameUiPage.cs:19)
AreaBattle.OutgameUiObjectInitialization:Init (UnityEngine.GameObject) (at Assets/AreaBattle/Scripts/OutgameUiObjectInitialization.cs:28)
AreaBattle.OutgameUiOpenHost:InitGameObject (UnityEngine.GameObject) (at Assets/AreaBattle/Scripts/OutgameUiOpenHost.cs:24)
AreaBattle.OutgameUiOpenLifecycle:Loaded (UnityEngine.GameObject,object,bool) (at Assets/AreaBattle/Scripts/OutgameUiOpenLifecycle.cs:28)
AreaBattle.OutgameUiOpenLifecycle:LoadedModern (UnityEngine.GameObject) (at Assets/AreaBattle/Scripts/OutgameUiOpenLifecycle.cs:21)
AreaBattle.OutgameUiLoadRequest:<Open>b__9_0 (UnityEngine.GameObject,AreaBattle.OutgameAssetHandle) (at Assets/AreaBattle/Scripts/OutgameUiLoadRequest.cs:22)
AreaBattle.OutgameUiModernLoader/<>c__DisplayClass5_1:<LoadModern>b__1 () (at Assets/AreaBattle/Scripts/OutgameUiModernLoader.cs:23)
AreaBattle.OutgameUiModernLoader/<WaitTwoFrames>d__7:MoveNext () (at Assets/AreaBattle/Scripts/OutgameUiModernLoader.cs:27)
AreaBattle.EditorTools.OutgameGuideBookPageValidation/Fixture:CompleteLoad () (at Assets/AreaBattle/Editor/OutgameGuideBookPageValidation.cs:66)
AreaBattle.EditorTools.OutgameGuideBookPageValidation/<>c:<Run>b__2_3 () (at Assets/AreaBattle/Editor/OutgameGuideBookPageValidation.cs:96)
AreaBattle.EditorTools.OutgameGuideBookPageValidation/<>c__DisplayClass2_0:<Run>b__0 (string,System.Action) (at Assets/AreaBattle/Editor/OutgameGuideBookPageValidation.cs:73)
AreaBattle.EditorTools.OutgameGuideBookPageValidation:Run () (at Assets/AreaBattle/Editor/OutgameGuideBookPageValidation.cs:94)
System.Reflection.RuntimeMethodInfo:Invoke (object,System.Reflection.BindingFlags,System.Reflection.Binder,object[],System.Globalization.CultureInfo)
System.Reflection.MethodBase:Invoke (object,object[])
AreaBattle.EditorTools.BattleBuild:ValidateIntegrated () (at Assets/AreaBattle/Editor/BattleBuild.cs:32)
AreaBattle.EditorTools.BattleBuild:ValidateMechanicsOnly () (at Assets/AreaBattle/Editor/BattleBuild.cs:18)

[Assets/AreaBattle/Scripts/OutgameUiModernLoader.cs line 23]

Assertion failed on expression: 'ShouldRunBehaviour()'
UnityEngine.Debug:ExtractStackTraceNoAlloc (byte*,int,string)
UnityEngine.StackTraceUtility:ExtractStackTrace () (at /Users/bokken/build/output/unity/unity/Runtime/Export/Scripting/StackTrace.cs:35)
UnityEngine.Component:SendMessage (string,object,UnityEngine.SendMessageOptions)
UnityEngine.Component:SendMessage (string) (at /Users/bokken/build/output/unity/unity/Runtime/Export/Scripting/Component.bindings.cs:248)
AreaBattle.EditorTools.OutgameGuideBookPageValidation/Fixture:<.ctor>b__19_13 (object[]) (at Assets/AreaBattle/Editor/OutgameGuideBookPageValidation.cs:62)
AreaBattle.OutgameMessageDispatcher:SendMessage (string,object[]) (at Assets/AreaBattle/Scripts/OutgameMessageDispatcher.cs:24)
AreaBattle.OutgameUiPage:SetVisible (bool) (at Assets/AreaBattle/Scripts/OutgameUiPage.cs:19)
AreaBattle.OutgameUiObjectInitialization:Init (UnityEngine.GameObject) (at Assets/AreaBattle/Scripts/OutgameUiObjectInitialization.cs:28)
AreaBattle.OutgameUiOpenHost:InitGameObject (UnityEngine.GameObject) (at Assets/AreaBattle/Scripts/OutgameUiOpenHost.cs:24)
AreaBattle.OutgameUiOpenLifecycle:Loaded (UnityEngine.GameObject,object,bool) (at Assets/AreaBattle/Scripts/OutgameUiOpenLifecycle.cs:28)
AreaBattle.OutgameUiOpenLifecycle:LoadedModern (UnityEngine.GameObject) (at Assets/AreaBattle/Scripts/OutgameUiOpenLifecycle.cs:21)
AreaBattle.OutgameUiLoadRequest:<Open>b__9_0 (UnityEngine.GameObject,AreaBattle.OutgameAssetHandle) (at Assets/AreaBattle/Scripts/OutgameUiLoadRequest.cs:22)
AreaBattle.OutgameUiModernLoader/<>c__DisplayClass5_1:<LoadModern>b__1 () (at Assets/AreaBattle/Scripts/OutgameUiModernLoader.cs:23)
AreaBattle.OutgameUiModernLoader/<WaitTwoFrames>d__7:MoveNext () (at Assets/AreaBattle/Scripts/OutgameUiModernLoader.cs:27)
AreaBattle.EditorTools.OutgameGuideBookPageValidation/Fixture:CompleteLoad () (at Assets/AreaBattle/Editor/OutgameGuideBookPageValidation.cs:66)
AreaBattle.EditorTools.OutgameGuideBookPageValidation/<>c:<Run>b__2_3 () (at Assets/AreaBattle/Editor/OutgameGuideBookPageValidation.cs:96)
AreaBattle.EditorTools.OutgameGuideBookPageValidation/<>c__DisplayClass2_0:<Run>b__0 (string,System.Action) (at Assets/AreaBattle/Editor/OutgameGuideBookPageValidation.cs:73)
AreaBattle.EditorTools.OutgameGuideBookPageValidation:Run () (at Assets/AreaBattle/Editor/OutgameGuideBookPageValidation.cs:94)
System.Reflection.RuntimeMethodInfo:Invoke (object,System.Reflection.BindingFlags,System.Reflection.Binder,object[],System.Globalization.CultureInfo)
System.Reflection.MethodBase:Invoke (object,object[])
AreaBattle.EditorTools.BattleBuild:ValidateIntegrated () (at Assets/AreaBattle/Editor/BattleBuild.cs:32)
AreaBattle.EditorTools.BattleBuild:ValidateMechanicsOnly () (at Assets/AreaBattle/Editor/BattleBuild.cs:18)

[Assets/AreaBattle/Scripts/OutgameUiModernLoader.cs line 23]

Assertion failed on expression: 'ShouldRunBehaviour()'
UnityEngine.Debug:ExtractStackTraceNoAlloc (byte*,int,string)
UnityEngine.StackTraceUtility:ExtractStackTrace () (at /Users/bokken/build/output/unity/unity/Runtime/Export/Scripting/StackTrace.cs:35)
UnityEngine.Component:SendMessage (string,object,UnityEngine.SendMessageOptions)
UnityEngine.Component:SendMessage (string) (at /Users/bokken/build/output/unity/unity/Runtime/Export/Scripting/Component.bindings.cs:248)
AreaBattle.EditorTools.OutgameGuideBookPageValidation/Fixture:<.ctor>b__19_13 (object[]) (at Assets/AreaBattle/Editor/OutgameGuideBookPageValidation.cs:62)
AreaBattle.OutgameMessageDispatcher:SendMessage (string,object[]) (at Assets/AreaBattle/Scripts/OutgameMessageDispatcher.cs:24)
AreaBattle.OutgameUiPage:SetVisible (bool) (at Assets/AreaBattle/Scripts/OutgameUiPage.cs:19)
AreaBattle.OutgameUiObjectInitialization:Init (UnityEngine.GameObject) (at Assets/AreaBattle/Scripts/OutgameUiObjectInitialization.cs:28)
AreaBattle.OutgameUiOpenHost:InitGameObject (UnityEngine.GameObject) (at Assets/AreaBattle/Scripts/OutgameUiOpenHost.cs:24)
AreaBattle.OutgameUiOpenLifecycle:Loaded (UnityEngine.GameObject,object,bool) (at Assets/AreaBattle/Scripts/OutgameUiOpenLifecycle.cs:28)
AreaBattle.OutgameUiOpenLifecycle:LoadedModern (UnityEngine.GameObject) (at Assets/AreaBattle/Scripts/OutgameUiOpenLifecycle.cs:21)
AreaBattle.OutgameUiLoadRequest:<Open>b__9_0 (UnityEngine.GameObject,AreaBattle.OutgameAssetHandle) (at Assets/AreaBattle/Scripts/OutgameUiLoadRequest.cs:22)
AreaBattle.OutgameUiModernLoader/<>c__DisplayClass5_1:<LoadModern>b__1 () (at Assets/AreaBattle/Scripts/OutgameUiModernLoader.cs:23)
AreaBattle.OutgameUiModernLoader/<WaitTwoFrames>d__7:MoveNext () (at Assets/AreaBattle/Scripts/OutgameUiModernLoader.cs:27)
AreaBattle.EditorTools.OutgameGuideBookPageValidation/Fixture:CompleteLoad () (at Assets/AreaBattle/Editor/OutgameGuideBookPageValidation.cs:66)
AreaBattle.EditorTools.OutgameGuideBookPageValidation/<>c:<Run>b__2_3 () (at Assets/AreaBattle/Editor/OutgameGuideBookPageValidation.cs:96)
AreaBattle.EditorTools.OutgameGuideBookPageValidation/<>c__DisplayClass2_0:<Run>b__0 (string,System.Action) (at Assets/AreaBattle/Editor/OutgameGuideBookPageValidation.cs:73)
AreaBattle.EditorTools.OutgameGuideBookPageValidation:Run () (at Assets/AreaBattle/Editor/OutgameGuideBookPageValidation.cs:94)
System.Reflection.RuntimeMethodInfo:Invoke (object,System.Reflection.BindingFlags,System.Reflection.Binder,object[],System.Globalization.CultureInfo)
System.Reflection.MethodBase:Invoke (object,object[])
AreaBattle.EditorTools.BattleBuild:ValidateIntegrated () (at Assets/AreaBattle/Editor/BattleBuild.cs:32)
AreaBattle.EditorTools.BattleBuild:ValidateMechanicsOnly () (at Assets/AreaBattle/Editor/BattleBuild.cs:18)

[Assets/AreaBattle/Scripts/OutgameUiModernLoader.cs line 23]

Destroy may not be called from edit mode! Use DestroyImmediate instead.
Destroying an object in edit mode destroys it permanently.
UnityEngine.Debug:ExtractStackTraceNoAlloc (byte*,int,string)
UnityEngine.StackTraceUtility:ExtractStackTrace () (at /Users/bokken/build/output/unity/unity/Runtime/Export/Scripting/StackTrace.cs:35)
UnityEngine.Object:Destroy (UnityEngine.Object,single)
UnityEngine.Object:Destroy (UnityEngine.Object) (at /Users/bokken/build/output/unity/unity/Runtime/Export/Scripting/UnityEngineObject.bindings.cs:672)
AreaBattle.OutgameUiLifetime/<>c:<.ctor>b__26_0 (UnityEngine.GameObject) (at Assets/AreaBattle/Scripts/OutgameUiLifetime.cs:16)
AreaBattle.OutgameUiLifetime:DestroyObject (UnityEngine.GameObject) (at Assets/AreaBattle/Scripts/OutgameUiLifetime.cs:23)
AreaBattle.OutgameTipBookItem:Dispose () (at Assets/AreaBattle/Scripts/OutgameTipBookItem.cs:62)
AreaBattle.OutgameGuideBookBrowseBinding:DisposeItemsAndTabs () (at Assets/AreaBattle/Scripts/OutgameGuideBookBrowseBinding.cs:61)
AreaBattle.OutgameGuideBookPage/<>c__DisplayClass61_0:<.ctor>b__1 () (at Assets/AreaBattle/Scripts/OutgameGuideBookPage.cs:69)
AreaBattle.OutgameGuideBookPage/PageLifetime:Dispose () (at Assets/AreaBattle/Scripts/OutgameGuideBookPage.cs:32)
AreaBattle.OutgameUiLifetime:CloseUINow () (at Assets/AreaBattle/Scripts/OutgameUiLifetime.cs:20)
AreaBattle.OutgameGuideBookPage:CloseUINow () (at Assets/AreaBattle/Scripts/OutgameGuideBookPage.cs:105)
AreaBattle.EditorTools.OutgameGuideBookPageValidation/<>c:<Run>b__2_3 () (at Assets/AreaBattle/Editor/OutgameGuideBookPageValidation.cs:97)
AreaBattle.EditorTools.OutgameGuideBookPageValidation/<>c__DisplayClass2_0:<Run>b__0 (string,System.Action) (at Assets/AreaBattle/Editor/OutgameGuideBookPageValidation.cs:73)
AreaBattle.EditorTools.OutgameGuideBookPageValidation:Run () (at Assets/AreaBattle/Editor/OutgameGuideBookPageValidation.cs:94)
System.Reflection.RuntimeMethodInfo:Invoke (object,System.Reflection.BindingFlags,System.Reflection.Binder,object[],System.Globalization.CultureInfo)
System.Reflection.MethodBase:Invoke (object,object[])
AreaBattle.EditorTools.BattleBuild:ValidateIntegrated () (at Assets/AreaBattle/Editor/BattleBuild.cs:32)
AreaBattle.EditorTools.BattleBuild:ValidateMechanicsOnly () (at Assets/AreaBattle/Editor/BattleBuild.cs:18)

[Assets/AreaBattle/Scripts/OutgameTipBookItem.cs line 62]

Destroy may not be called from edit mode! Use DestroyImmediate instead.
Destroying an object in edit mode destroys it permanently.
UnityEngine.Debug:ExtractStackTraceNoAlloc (byte*,int,string)
UnityEngine.StackTraceUtility:ExtractStackTrace () (at /Users/bokken/build/output/unity/unity/Runtime/Export/Scripting/StackTrace.cs:35)
UnityEngine.Object:Destroy (UnityEngine.Object,single)
UnityEngine.Object:Destroy (UnityEngine.Object) (at /Users/bokken/build/output/unity/unity/Runtime/Export/Scripting/UnityEngineObject.bindings.cs:672)
AreaBattle.OutgameUiLifetime/<>c:<.ctor>b__26_0 (UnityEngine.GameObject) (at Assets/AreaBattle/Scripts/OutgameUiLifetime.cs:16)
AreaBattle.OutgameUiLifetime:DestroyObject (UnityEngine.GameObject) (at Assets/AreaBattle/Scripts/OutgameUiLifetime.cs:23)
AreaBattle.OutgameTipBookItem:Dispose () (at Assets/AreaBattle/Scripts/OutgameTipBookItem.cs:62)
AreaBattle.OutgameGuideBookBrowseBinding:DisposeItemsAndTabs () (at Assets/AreaBattle/Scripts/OutgameGuideBookBrowseBinding.cs:61)
AreaBattle.OutgameGuideBookPage/<>c__DisplayClass61_0:<.ctor>b__1 () (at Assets/AreaBattle/Scripts/OutgameGuideBookPage.cs:69)
AreaBattle.OutgameGuideBookPage/PageLifetime:Dispose () (at Assets/AreaBattle/Scripts/OutgameGuideBookPage.cs:32)
AreaBattle.OutgameUiLifetime:CloseUINow () (at Assets/AreaBattle/Scripts/OutgameUiLifetime.cs:20)
AreaBattle.OutgameGuideBookPage:CloseUINow () (at Assets/AreaBattle/Scripts/OutgameGuideBookPage.cs:105)
AreaBattle.EditorTools.OutgameGuideBookPageValidation/<>c:<Run>b__2_3 () (at Assets/AreaBattle/Editor/OutgameGuideBookPageValidation.cs:97)
AreaBattle.EditorTools.OutgameGuideBookPageValidation/<>c__DisplayClass2_0:<Run>b__0 (string,System.Action) (at Assets/AreaBattle/Editor/OutgameGuideBookPageValidation.cs:73)
AreaBattle.EditorTools.OutgameGuideBookPageValidation:Run () (at Assets/AreaBattle/Editor/OutgameGuideBookPageValidation.cs:94)
System.Reflection.RuntimeMethodInfo:Invoke (object,System.Reflection.BindingFlags,System.Reflection.Binder,object[],System.Globalization.CultureInfo)
System.Reflection.MethodBase:Invoke (object,object[])
AreaBattle.EditorTools.BattleBuild:ValidateIntegrated () (at Assets/AreaBattle/Editor/BattleBuild.cs:32)
AreaBattle.EditorTools.BattleBuild:ValidateMechanicsOnly () (at Assets/AreaBattle/Editor/BattleBuild.cs:18)

[Assets/AreaBattle/Scripts/OutgameTipBookItem.cs line 62]

Destroy may not be called from edit mode! Use DestroyImmediate instead.
Destroying an object in edit mode destroys it permanently.
UnityEngine.Debug:ExtractStackTraceNoAlloc (byte*,int,string)
UnityEngine.StackTraceUtility:ExtractStackTrace () (at /Users/bokken/build/output/unity/unity/Runtime/Export/Scripting/StackTrace.cs:35)
UnityEngine.Object:Destroy (UnityEngine.Object,single)
UnityEngine.Object:Destroy (UnityEngine.Object) (at /Users/bokken/build/output/unity/unity/Runtime/Export/Scripting/UnityEngineObject.bindings.cs:672)
AreaBattle.OutgameUiLifetime/<>c:<.ctor>b__26_0 (UnityEngine.GameObject) (at Assets/AreaBattle/Scripts/OutgameUiLifetime.cs:16)
AreaBattle.OutgameUiLifetime:DestroyObject (UnityEngine.GameObject) (at Assets/AreaBattle/Scripts/OutgameUiLifetime.cs:23)
AreaBattle.OutgameTipBookItem:Dispose () (at Assets/AreaBattle/Scripts/OutgameTipBookItem.cs:62)
AreaBattle.OutgameGuideBookBrowseBinding:DisposeItemsAndTabs () (at Assets/AreaBattle/Scripts/OutgameGuideBookBrowseBinding.cs:61)
AreaBattle.OutgameGuideBookPage/<>c__DisplayClass61_0:<.ctor>b__1 () (at Assets/AreaBattle/Scripts/OutgameGuideBookPage.cs:69)
AreaBattle.OutgameGuideBookPage/PageLifetime:Dispose () (at Assets/AreaBattle/Scripts/OutgameGuideBookPage.cs:32)
AreaBattle.OutgameUiLifetime:CloseUINow () (at Assets/AreaBattle/Scripts/OutgameUiLifetime.cs:20)
AreaBattle.OutgameGuideBookPage:CloseUINow () (at Assets/AreaBattle/Scripts/OutgameGuideBookPage.cs:105)
AreaBattle.EditorTools.OutgameGuideBookPageValidation/<>c:<Run>b__2_3 () (at Assets/AreaBattle/Editor/OutgameGuideBookPageValidation.cs:97)
AreaBattle.EditorTools.OutgameGuideBookPageValidation/<>c__DisplayClass2_0:<Run>b__0 (string,System.Action) (at Assets/AreaBattle/Editor/OutgameGuideBookPageValidation.cs:73)
AreaBattle.EditorTools.OutgameGuideBookPageValidation:Run () (at Assets/AreaBattle/Editor/OutgameGuideBookPageValidation.cs:94)
System.Reflection.RuntimeMethodInfo:Invoke (object,System.Reflection.BindingFlags,System.Reflection.Binder,object[],System.Globalization.CultureInfo)
System.Reflection.MethodBase:Invoke (object,object[])
AreaBattle.EditorTools.BattleBuild:ValidateIntegrated () (at Assets/AreaBattle/Editor/BattleBuild.cs:32)
AreaBattle.EditorTools.BattleBuild:ValidateMechanicsOnly () (at Assets/AreaBattle/Editor/BattleBuild.cs:18)

[Assets/AreaBattle/Scripts/OutgameTipBookItem.cs line 62]

Destroy may not be called from edit mode! Use DestroyImmediate instead.
Destroying an object in edit mode destroys it permanently.
UnityEngine.Debug:ExtractStackTraceNoAlloc (byte*,int,string)
UnityEngine.StackTraceUtility:ExtractStackTrace () (at /Users/bokken/build/output/unity/unity/Runtime/Export/Scripting/StackTrace.cs:35)
UnityEngine.Object:Destroy (UnityEngine.Object,single)
UnityEngine.Object:Destroy (UnityEngine.Object) (at /Users/bokken/build/output/unity/unity/Runtime/Export/Scripting/UnityEngineObject.bindings.cs:672)
AreaBattle.OutgameUiLifetime/<>c:<.ctor>b__26_0 (UnityEngine.GameObject) (at Assets/AreaBattle/Scripts/OutgameUiLifetime.cs:16)
AreaBattle.OutgameUiLifetime:DestroyObject (UnityEngine.GameObject) (at Assets/AreaBattle/Scripts/OutgameUiLifetime.cs:23)
AreaBattle.OutgameTipBookItem:Dispose () (at Assets/AreaBattle/Scripts/OutgameTipBookItem.cs:62)
AreaBattle.OutgameGuideBookBrowseBinding:DisposeItemsAndTabs () (at Assets/AreaBattle/Scripts/OutgameGuideBookBrowseBinding.cs:61)
AreaBattle.OutgameGuideBookPage/<>c__DisplayClass61_0:<.ctor>b__1 () (at Assets/AreaBattle/Scripts/OutgameGuideBookPage.cs:69)
AreaBattle.OutgameGuideBookPage/PageLifetime:Dispose () (at Assets/AreaBattle/Scripts/OutgameGuideBookPage.cs:32)
AreaBattle.OutgameUiLifetime:CloseUINow () (at Assets/AreaBattle/Scripts/OutgameUiLifetime.cs:20)
AreaBattle.OutgameGuideBookPage:CloseUINow () (at Assets/AreaBattle/Scripts/OutgameGuideBookPage.cs:105)
AreaBattle.EditorTools.OutgameGuideBookPageValidation/<>c:<Run>b__2_3 () (at Assets/AreaBattle/Editor/OutgameGuideBookPageValidation.cs:97)
AreaBattle.EditorTools.OutgameGuideBookPageValidation/<>c__DisplayClass2_0:<Run>b__0 (string,System.Action) (at Assets/AreaBattle/Editor/OutgameGuideBookPageValidation.cs:73)
AreaBattle.EditorTools.OutgameGuideBookPageValidation:Run () (at Assets/AreaBattle/Editor/OutgameGuideBookPageValidation.cs:94)
System.Reflection.RuntimeMethodInfo:Invoke (object,System.Reflection.BindingFlags,System.Reflection.Binder,object[],System.Globalization.CultureInfo)
System.Reflection.MethodBase:Invoke (object,object[])
AreaBattle.EditorTools.BattleBuild:ValidateIntegrated () (at Assets/AreaBattle/Editor/BattleBuild.cs:32)
AreaBattle.EditorTools.BattleBuild:ValidateMechanicsOnly () (at Assets/AreaBattle/Editor/BattleBuild.cs:18)

[Assets/AreaBattle/Scripts/OutgameTipBookItem.cs line 62]

Destroy may not be called from edit mode! Use DestroyImmediate instead.
Destroying an object in edit mode destroys it permanently.
UnityEngine.Debug:ExtractStackTraceNoAlloc (byte*,int,string)
UnityEngine.StackTraceUtility:ExtractStackTrace () (at /Users/bokken/build/output/unity/unity/Runtime/Export/Scripting/StackTrace.cs:35)
UnityEngine.Object:Destroy (UnityEngine.Object,single)
UnityEngine.Object:Destroy (UnityEngine.Object) (at /Users/bokken/build/output/unity/unity/Runtime/Export/Scripting/UnityEngineObject.bindings.cs:672)
AreaBattle.OutgameUiLifetime/<>c:<.ctor>b__26_0 (UnityEngine.GameObject) (at Assets/AreaBattle/Scripts/OutgameUiLifetime.cs:16)
AreaBattle.OutgameUiLifetime:DestroyObject (UnityEngine.GameObject) (at Assets/AreaBattle/Scripts/OutgameUiLifetime.cs:23)
AreaBattle.OutgameTipBookItem:Dispose () (at Assets/AreaBattle/Scripts/OutgameTipBookItem.cs:62)
AreaBattle.OutgameGuideBookBrowseBinding:DisposeItemsAndTabs () (at Assets/AreaBattle/Scripts/OutgameGuideBookBrowseBinding.cs:61)
AreaBattle.OutgameGuideBookPage/<>c__DisplayClass61_0:<.ctor>b__1 () (at Assets/AreaBattle/Scripts/OutgameGuideBookPage.cs:69)
AreaBattle.OutgameGuideBookPage/PageLifetime:Dispose () (at Assets/AreaBattle/Scripts/OutgameGuideBookPage.cs:32)
AreaBattle.OutgameUiLifetime:CloseUINow () (at Assets/AreaBattle/Scripts/OutgameUiLifetime.cs:20)
AreaBattle.OutgameGuideBookPage:CloseUINow () (at Assets/AreaBattle/Scripts/OutgameGuideBookPage.cs:105)
AreaBattle.EditorTools.OutgameGuideBookPageValidation/<>c:<Run>b__2_3 () (at Assets/AreaBattle/Editor/OutgameGuideBookPageValidation.cs:97)
AreaBattle.EditorTools.OutgameGuideBookPageValidation/<>c__DisplayClass2_0:<Run>b__0 (string,System.Action) (at Assets/AreaBattle/Editor/OutgameGuideBookPageValidation.cs:73)
AreaBattle.EditorTools.OutgameGuideBookPageValidation:Run () (at Assets/AreaBattle/Editor/OutgameGuideBookPageValidation.cs:94)
System.Reflection.RuntimeMethodInfo:Invoke (object,System.Reflection.BindingFlags,System.Reflection.Binder,object[],System.Globalization.CultureInfo)
System.Reflection.MethodBase:Invoke (object,object[])
AreaBattle.EditorTools.BattleBuild:ValidateIntegrated () (at Assets/AreaBattle/Editor/BattleBuild.cs:32)
AreaBattle.EditorTools.BattleBuild:ValidateMechanicsOnly () (at Assets/AreaBattle/Editor/BattleBuild.cs:18)

[Assets/AreaBattle/Scripts/OutgameTipBookItem.cs line 62]

Destroy may not be called from edit mode! Use DestroyImmediate instead.
Destroying an object in edit mode destroys it permanently.
UnityEngine.Debug:ExtractStackTraceNoAlloc (byte*,int,string)
UnityEngine.StackTraceUtility:ExtractStackTrace () (at /Users/bokken/build/output/unity/unity/Runtime/Export/Scripting/StackTrace.cs:35)
UnityEngine.Object:Destroy (UnityEngine.Object,single)
UnityEngine.Object:Destroy (UnityEngine.Object) (at /Users/bokken/build/output/unity/unity/Runtime/Export/Scripting/UnityEngineObject.bindings.cs:672)
AreaBattle.OutgameUiLifetime/<>c:<.ctor>b__26_0 (UnityEngine.GameObject) (at Assets/AreaBattle/Scripts/OutgameUiLifetime.cs:16)
AreaBattle.OutgameUiLifetime:DestroyObject (UnityEngine.GameObject) (at Assets/AreaBattle/Scripts/OutgameUiLifetime.cs:23)
AreaBattle.OutgameTipBookItem:Dispose () (at Assets/AreaBattle/Scripts/OutgameTipBookItem.cs:62)
AreaBattle.OutgameGuideBookBrowseBinding:DisposeItemsAndTabs () (at Assets/AreaBattle/Scripts/OutgameGuideBookBrowseBinding.cs:61)
AreaBattle.OutgameGuideBookPage/<>c__DisplayClass61_0:<.ctor>b__1 () (at Assets/AreaBattle/Scripts/OutgameGuideBookPage.cs:69)
AreaBattle.OutgameGuideBookPage/PageLifetime:Dispose () (at Assets/AreaBattle/Scripts/OutgameGuideBookPage.cs:32)
AreaBattle.OutgameUiLifetime:CloseUINow () (at Assets/AreaBattle/Scripts/OutgameUiLifetime.cs:20)
AreaBattle.OutgameGuideBookPage:CloseUINow () (at Assets/AreaBattle/Scripts/OutgameGuideBookPage.cs:105)
AreaBattle.EditorTools.OutgameGuideBookPageValidation/<>c:<Run>b__2_3 () (at Assets/AreaBattle/Editor/OutgameGuideBookPageValidation.cs:97)
AreaBattle.EditorTools.OutgameGuideBookPageValidation/<>c__DisplayClass2_0:<Run>b__0 (string,System.Action) (at Assets/AreaBattle/Editor/OutgameGuideBookPageValidation.cs:73)
AreaBattle.EditorTools.OutgameGuideBookPageValidation:Run () (at Assets/AreaBattle/Editor/OutgameGuideBookPageValidation.cs:94)
System.Reflection.RuntimeMethodInfo:Invoke (object,System.Reflection.BindingFlags,System.Reflection.Binder,object[],System.Globalization.CultureInfo)
System.Reflection.MethodBase:Invoke (object,object[])
AreaBattle.EditorTools.BattleBuild:ValidateIntegrated () (at Assets/AreaBattle/Editor/BattleBuild.cs:32)
AreaBattle.EditorTools.BattleBuild:ValidateMechanicsOnly () (at Assets/AreaBattle/Editor/BattleBuild.cs:18)

[Assets/AreaBattle/Scripts/OutgameTipBookItem.cs line 62]

Destroy may not be called from edit mode! Use DestroyImmediate instead.
Destroying an object in edit mode destroys it permanently.
UnityEngine.Debug:ExtractStackTraceNoAlloc (byte*,int,string)
UnityEngine.StackTraceUtility:ExtractStackTrace () (at /Users/bokken/build/output/unity/unity/Runtime/Export/Scripting/StackTrace.cs:35)
UnityEngine.Object:Destroy (UnityEngine.Object,single)
UnityEngine.Object:Destroy (UnityEngine.Object) (at /Users/bokken/build/output/unity/unity/Runtime/Export/Scripting/UnityEngineObject.bindings.cs:672)
AreaBattle.OutgameUiLifetime/<>c:<.ctor>b__26_0 (UnityEngine.GameObject) (at Assets/AreaBattle/Scripts/OutgameUiLifetime.cs:16)
AreaBattle.OutgameUiLifetime:DestroyObject (UnityEngine.GameObject) (at Assets/AreaBattle/Scripts/OutgameUiLifetime.cs:23)
AreaBattle.OutgameTipBookItem:Dispose () (at Assets/AreaBattle/Scripts/OutgameTipBookItem.cs:62)
AreaBattle.OutgameGuideBookBrowseBinding:DisposeItemsAndTabs () (at Assets/AreaBattle/Scripts/OutgameGuideBookBrowseBinding.cs:61)
AreaBattle.OutgameGuideBookPage/<>c__DisplayClass61_0:<.ctor>b__1 () (at Assets/AreaBattle/Scripts/OutgameGuideBookPage.cs:69)
AreaBattle.OutgameGuideBookPage/PageLifetime:Dispose () (at Assets/AreaBattle/Scripts/OutgameGuideBookPage.cs:32)
AreaBattle.OutgameUiLifetime:CloseUINow () (at Assets/AreaBattle/Scripts/OutgameUiLifetime.cs:20)
AreaBattle.OutgameGuideBookPage:CloseUINow () (at Assets/AreaBattle/Scripts/OutgameGuideBookPage.cs:105)
AreaBattle.EditorTools.OutgameGuideBookPageValidation/<>c:<Run>b__2_3 () (at Assets/AreaBattle/Editor/OutgameGuideBookPageValidation.cs:97)
AreaBattle.EditorTools.OutgameGuideBookPageValidation/<>c__DisplayClass2_0:<Run>b__0 (string,System.Action) (at Assets/AreaBattle/Editor/OutgameGuideBookPageValidation.cs:73)
AreaBattle.EditorTools.OutgameGuideBookPageValidation:Run () (at Assets/AreaBattle/Editor/OutgameGuideBookPageValidation.cs:94)
System.Reflection.RuntimeMethodInfo:Invoke (object,System.Reflection.BindingFlags,System.Reflection.Binder,object[],System.Globalization.CultureInfo)
System.Reflection.MethodBase:Invoke (object,object[])
AreaBattle.EditorTools.BattleBuild:ValidateIntegrated () (at Assets/AreaBattle/Editor/BattleBuild.cs:32)
AreaBattle.EditorTools.BattleBuild:ValidateMechanicsOnly () (at Assets/AreaBattle/Editor/BattleBuild.cs:18)

[Assets/AreaBattle/Scripts/OutgameTipBookItem.cs line 62]

Destroy may not be called from edit mode! Use DestroyImmediate instead.
Destroying an object in edit mode destroys it permanently.
UnityEngine.Debug:ExtractStackTraceNoAlloc (byte*,int,string)
UnityEngine.StackTraceUtility:ExtractStackTrace () (at /Users/bokken/build/output/unity/unity/Runtime/Export/Scripting/StackTrace.cs:35)
UnityEngine.Object:Destroy (UnityEngine.Object,single)
UnityEngine.Object:Destroy (UnityEngine.Object) (at /Users/bokken/build/output/unity/unity/Runtime/Export/Scripting/UnityEngineObject.bindings.cs:672)
AreaBattle.OutgameUiLifetime/<>c:<.ctor>b__26_0 (UnityEngine.GameObject) (at Assets/AreaBattle/Scripts/OutgameUiLifetime.cs:16)
AreaBattle.OutgameUiLifetime:DestroyObject (UnityEngine.GameObject) (at Assets/AreaBattle/Scripts/OutgameUiLifetime.cs:23)
AreaBattle.OutgameTipBookItem:Dispose () (at Assets/AreaBattle/Scripts/OutgameTipBookItem.cs:62)
AreaBattle.OutgameGuideBookBrowseBinding:DisposeItemsAndTabs () (at Assets/AreaBattle/Scripts/OutgameGuideBookBrowseBinding.cs:61)
AreaBattle.OutgameGuideBookPage/<>c__DisplayClass61_0:<.ctor>b__1 () (at Assets/AreaBattle/Scripts/OutgameGuideBookPage.cs:69)
AreaBattle.OutgameGuideBookPage/PageLifetime:Dispose () (at Assets/AreaBattle/Scripts/OutgameGuideBookPage.cs:32)
AreaBattle.OutgameUiLifetime:CloseUINow () (at Assets/AreaBattle/Scripts/OutgameUiLifetime.cs:20)
AreaBattle.OutgameGuideBookPage:CloseUINow () (at Assets/AreaBattle/Scripts/OutgameGuideBookPage.cs:105)
AreaBattle.EditorTools.OutgameGuideBookPageValidation/<>c:<Run>b__2_3 () (at Assets/AreaBattle/Editor/OutgameGuideBookPageValidation.cs:97)
AreaBattle.EditorTools.OutgameGuideBookPageValidation/<>c__DisplayClass2_0:<Run>b__0 (string,System.Action) (at Assets/AreaBattle/Editor/OutgameGuideBookPageValidation.cs:73)
AreaBattle.EditorTools.OutgameGuideBookPageValidation:Run () (at Assets/AreaBattle/Editor/OutgameGuideBookPageValidation.cs:94)
System.Reflection.RuntimeMethodInfo:Invoke (object,System.Reflection.BindingFlags,System.Reflection.Binder,object[],System.Globalization.CultureInfo)
System.Reflection.MethodBase:Invoke (object,object[])
AreaBattle.EditorTools.BattleBuild:ValidateIntegrated () (at Assets/AreaBattle/Editor/BattleBuild.cs:32)
AreaBattle.EditorTools.BattleBuild:ValidateMechanicsOnly () (at Assets/AreaBattle/Editor/BattleBuild.cs:18)

[Assets/AreaBattle/Scripts/OutgameTipBookItem.cs line 62]

Destroy may not be called from edit mode! Use DestroyImmediate instead.
Destroying an object in edit mode destroys it permanently.
UnityEngine.Debug:ExtractStackTraceNoAlloc (byte*,int,string)
UnityEngine.StackTraceUtility:ExtractStackTrace () (at /Users/bokken/build/output/unity/unity/Runtime/Export/Scripting/StackTrace.cs:35)
UnityEngine.Object:Destroy (UnityEngine.Object,single)
UnityEngine.Object:Destroy (UnityEngine.Object) (at /Users/bokken/build/output/unity/unity/Runtime/Export/Scripting/UnityEngineObject.bindings.cs:672)
AreaBattle.OutgameUiLifetime/<>c:<.ctor>b__26_0 (UnityEngine.GameObject) (at Assets/AreaBattle/Scripts/OutgameUiLifetime.cs:16)
AreaBattle.OutgameUiLifetime:DestroyObject (UnityEngine.GameObject) (at Assets/AreaBattle/Scripts/OutgameUiLifetime.cs:23)
AreaBattle.OutgameTipBookItem:Dispose () (at Assets/AreaBattle/Scripts/OutgameTipBookItem.cs:62)
AreaBattle.OutgameGuideBookBrowseBinding:DisposeItemsAndTabs () (at Assets/AreaBattle/Scripts/OutgameGuideBookBrowseBinding.cs:61)
AreaBattle.OutgameGuideBookPage/<>c__DisplayClass61_0:<.ctor>b__1 () (at Assets/AreaBattle/Scripts/OutgameGuideBookPage.cs:69)
AreaBattle.OutgameGuideBookPage/PageLifetime:Dispose () (at Assets/AreaBattle/Scripts/OutgameGuideBookPage.cs:32)
AreaBattle.OutgameUiLifetime:CloseUINow () (at Assets/AreaBattle/Scripts/OutgameUiLifetime.cs:20)
AreaBattle.OutgameGuideBookPage:CloseUINow () (at Assets/AreaBattle/Scripts/OutgameGuideBookPage.cs:105)
AreaBattle.EditorTools.OutgameGuideBookPageValidation/<>c:<Run>b__2_3 () (at Assets/AreaBattle/Editor/OutgameGuideBookPageValidation.cs:97)
AreaBattle.EditorTools.OutgameGuideBookPageValidation/<>c__DisplayClass2_0:<Run>b__0 (string,System.Action) (at Assets/AreaBattle/Editor/OutgameGuideBookPageValidation.cs:73)
AreaBattle.EditorTools.OutgameGuideBookPageValidation:Run () (at Assets/AreaBattle/Editor/OutgameGuideBookPageValidation.cs:94)
System.Reflection.RuntimeMethodInfo:Invoke (object,System.Reflection.BindingFlags,System.Reflection.Binder,object[],System.Globalization.CultureInfo)
System.Reflection.MethodBase:Invoke (object,object[])
AreaBattle.EditorTools.BattleBuild:ValidateIntegrated () (at Assets/AreaBattle/Editor/BattleBuild.cs:32)
AreaBattle.EditorTools.BattleBuild:ValidateMechanicsOnly () (at Assets/AreaBattle/Editor/BattleBuild.cs:18)

[Assets/AreaBattle/Scripts/OutgameTipBookItem.cs line 62]

Destroy may not be called from edit mode! Use DestroyImmediate instead.
Destroying an object in edit mode destroys it permanently.
UnityEngine.Debug:ExtractStackTraceNoAlloc (byte*,int,string)
UnityEngine.StackTraceUtility:ExtractStackTrace () (at /Users/bokken/build/output/unity/unity/Runtime/Export/Scripting/StackTrace.cs:35)
UnityEngine.Object:Destroy (UnityEngine.Object,single)
UnityEngine.Object:Destroy (UnityEngine.Object) (at /Users/bokken/build/output/unity/unity/Runtime/Export/Scripting/UnityEngineObject.bindings.cs:672)
AreaBattle.OutgameUiLifetime/<>c:<.ctor>b__26_0 (UnityEngine.GameObject) (at Assets/AreaBattle/Scripts/OutgameUiLifetime.cs:16)
AreaBattle.OutgameUiLifetime:DestroyObject (UnityEngine.GameObject) (at Assets/AreaBattle/Scripts/OutgameUiLifetime.cs:23)
AreaBattle.OutgameTipBookItem:Dispose () (at Assets/AreaBattle/Scripts/OutgameTipBookItem.cs:62)
AreaBattle.OutgameGuideBookBrowseBinding:DisposeItemsAndTabs () (at Assets/AreaBattle/Scripts/OutgameGuideBookBrowseBinding.cs:61)
AreaBattle.OutgameGuideBookPage/<>c__DisplayClass61_0:<.ctor>b__1 () (at Assets/AreaBattle/Scripts/OutgameGuideBookPage.cs:69)
AreaBattle.OutgameGuideBookPage/PageLifetime:Dispose () (at Assets/AreaBattle/Scripts/OutgameGuideBookPage.cs:32)
AreaBattle.OutgameUiLifetime:CloseUINow () (at Assets/AreaBattle/Scripts/OutgameUiLifetime.cs:20)
AreaBattle.OutgameGuideBookPage:CloseUINow () (at Assets/AreaBattle/Scripts/OutgameGuideBookPage.cs:105)
AreaBattle.EditorTools.OutgameGuideBookPageValidation/<>c:<Run>b__2_3 () (at Assets/AreaBattle/Editor/OutgameGuideBookPageValidation.cs:97)
AreaBattle.EditorTools.OutgameGuideBookPageValidation/<>c__DisplayClass2_0:<Run>b__0 (string,System.Action) (at Assets/AreaBattle/Editor/OutgameGuideBookPageValidation.cs:73)
AreaBattle.EditorTools.OutgameGuideBookPageValidation:Run () (at Assets/AreaBattle/Editor/OutgameGuideBookPageValidation.cs:94)
System.Reflection.RuntimeMethodInfo:Invoke (object,System.Reflection.BindingFlags,System.Reflection.Binder,object[],System.Globalization.CultureInfo)
System.Reflection.MethodBase:Invoke (object,object[])
AreaBattle.EditorTools.BattleBuild:ValidateIntegrated () (at Assets/AreaBattle/Editor/BattleBuild.cs:32)
AreaBattle.EditorTools.BattleBuild:ValidateMechanicsOnly () (at Assets/AreaBattle/Editor/BattleBuild.cs:18)

[Assets/AreaBattle/Scripts/OutgameTipBookItem.cs line 62]

Locate Index Error 999
UnityEngine.Debug:ExtractStackTraceNoAlloc (byte*,int,string)
UnityEngine.StackTraceUtility:ExtractStackTrace () (at /Users/bokken/build/output/unity/unity/Runtime/Export/Scripting/StackTrace.cs:35)
UnityEngine.DebugLogHandler:Internal_Log (UnityEngine.LogType,UnityEngine.LogOption,string,UnityEngine.Object)
UnityEngine.DebugLogHandler:LogFormat (UnityEngine.LogType,UnityEngine.Object,string,object[])
UnityEngine.Logger:Log (UnityEngine.LogType,object)
UnityEngine.Debug:LogWarning (object)
AreaBattle.OutgameDynamicList:CenteredWithIndex (int,single) (at Assets/AreaBattle/Scripts/OutgameDynamicList.cs:248)
AreaBattle.EditorTools.OutgameDynamicCenterValidation/<>c:<Run>b__2_1 () (at Assets/AreaBattle/Editor/OutgameDynamicCenterValidation.cs:22)
AreaBattle.EditorTools.OutgameDynamicCenterValidation/<>c__DisplayClass2_0:<Run>b__0 (string,System.Action) (at Assets/AreaBattle/Editor/OutgameDynamicCenterValidation.cs:15)
AreaBattle.EditorTools.OutgameDynamicCenterValidation:Run () (at Assets/AreaBattle/Editor/OutgameDynamicCenterValidation.cs:16)
System.Reflection.RuntimeMethodInfo:Invoke (object,System.Reflection.BindingFlags,System.Reflection.Binder,object[],System.Globalization.CultureInfo)
System.Reflection.MethodBase:Invoke (object,object[])
AreaBattle.EditorTools.BattleBuild:ValidateIntegrated () (at Assets/AreaBattle/Editor/BattleBuild.cs:32)
AreaBattle.EditorTools.BattleBuild:ValidateMechanicsOnly () (at Assets/AreaBattle/Editor/BattleBuild.cs:18)

(Filename: Assets/AreaBattle/Scripts/OutgameDynamicList.cs Line: 248)

Locate Index Error -99
UnityEngine.Debug:ExtractStackTraceNoAlloc (byte*,int,string)
UnityEngine.StackTraceUtility:ExtractStackTrace () (at /Users/bokken/build/output/unity/unity/Runtime/Export/Scripting/StackTrace.cs:35)
UnityEngine.DebugLogHandler:Internal_Log (UnityEngine.LogType,UnityEngine.LogOption,string,UnityEngine.Object)
UnityEngine.DebugLogHandler:LogFormat (UnityEngine.LogType,UnityEngine.Object,string,object[])
UnityEngine.Logger:Log (UnityEngine.LogType,object)
UnityEngine.Debug:LogWarning (object)
AreaBattle.OutgameDynamicList:CenteredWithIndex (int,single) (at Assets/AreaBattle/Scripts/OutgameDynamicList.cs:248)
AreaBattle.EditorTools.OutgameDynamicCenterValidation/<>c:<Run>b__2_1 () (at Assets/AreaBattle/Editor/OutgameDynamicCenterValidation.cs:23)
AreaBattle.EditorTools.OutgameDynamicCenterValidation/<>c__DisplayClass2_0:<Run>b__0 (string,System.Action) (at Assets/AreaBattle/Editor/OutgameDynamicCenterValidation.cs:15)
AreaBattle.EditorTools.OutgameDynamicCenterValidation:Run () (at Assets/AreaBattle/Editor/OutgameDynamicCenterValidation.cs:16)
System.Reflection.RuntimeMethodInfo:Invoke (object,System.Reflection.BindingFlags,System.Reflection.Binder,object[],System.Globalization.CultureInfo)
System.Reflection.MethodBase:Invoke (object,object[])
AreaBattle.EditorTools.BattleBuild:ValidateIntegrated () (at Assets/AreaBattle/Editor/BattleBuild.cs:32)
AreaBattle.EditorTools.BattleBuild:ValidateMechanicsOnly () (at Assets/AreaBattle/Editor/BattleBuild.cs:18)

(Filename: Assets/AreaBattle/Scripts/OutgameDynamicList.cs Line: 248)

Locate Index Error -1
UnityEngine.Debug:ExtractStackTraceNoAlloc (byte*,int,string)
UnityEngine.StackTraceUtility:ExtractStackTrace () (at /Users/bokken/build/output/unity/unity/Runtime/Export/Scripting/StackTrace.cs:35)
UnityEngine.DebugLogHandler:Internal_Log (UnityEngine.LogType,UnityEngine.LogOption,string,UnityEngine.Object)
UnityEngine.DebugLogHandler:LogFormat (UnityEngine.LogType,UnityEngine.Object,string,object[])
UnityEngine.Logger:Log (UnityEngine.LogType,object)
UnityEngine.Debug:LogWarning (object)
AreaBattle.OutgameDynamicList:CenteredWithIndex (int,single) (at Assets/AreaBattle/Scripts/OutgameDynamicList.cs:248)
AreaBattle.OutgameDynamicList:Centered2Bottom (single) (at Assets/AreaBattle/Scripts/OutgameDynamicList.cs:243)
AreaBattle.EditorTools.OutgameDynamicCenterValidation/<>c:<Run>b__2_1 () (at Assets/AreaBattle/Editor/OutgameDynamicCenterValidation.cs:24)
AreaBattle.EditorTools.OutgameDynamicCenterValidation/<>c__DisplayClass2_0:<Run>b__0 (string,System.Action) (at Assets/AreaBattle/Editor/OutgameDynamicCenterValidation.cs:15)
AreaBattle.EditorTools.OutgameDynamicCenterValidation:Run () (at Assets/AreaBattle/Editor/OutgameDynamicCenterValidation.cs:16)
System.Reflection.RuntimeMethodInfo:Invoke (object,System.Reflection.BindingFlags,System.Reflection.Binder,object[],System.Globalization.CultureInfo)
System.Reflection.MethodBase:Invoke (object,object[])
AreaBattle.EditorTools.BattleBuild:ValidateIntegrated () (at Assets/AreaBattle/Editor/BattleBuild.cs:32)
AreaBattle.EditorTools.BattleBuild:ValidateMechanicsOnly () (at Assets/AreaBattle/Editor/BattleBuild.cs:18)

(Filename: Assets/AreaBattle/Scripts/OutgameDynamicList.cs Line: 248)

Assertion failed on expression: 'ShouldRunBehaviour()'
UnityEngine.Debug:ExtractStackTraceNoAlloc (byte*,int,string)
UnityEngine.StackTraceUtility:ExtractStackTrace () (at /Users/bokken/build/output/unity/unity/Runtime/Export/Scripting/StackTrace.cs:35)
UnityEngine.Component:SendMessage (string,object,UnityEngine.SendMessageOptions)
UnityEngine.Component:SendMessage (string) (at /Users/bokken/build/output/unity/unity/Runtime/Export/Scripting/Component.bindings.cs:248)
AreaBattle.EditorTools.OutgameGuideBookBrowseValidation/Fixture:.ctor (bool) (at Assets/AreaBattle/Editor/OutgameGuideBookBrowseValidation.cs:29)
AreaBattle.EditorTools.OutgameGuideBookBrowseValidation/<>c:<Run>b__4_1 () (at Assets/AreaBattle/Editor/OutgameGuideBookBrowseValidation.cs:50)
AreaBattle.EditorTools.OutgameGuideBookBrowseValidation/<>c__DisplayClass4_0:<Run>b__0 (string,System.Action) (at Assets/AreaBattle/Editor/OutgameGuideBookBrowseValidation.cs:48)
AreaBattle.EditorTools.OutgameGuideBookBrowseValidation:Run () (at Assets/AreaBattle/Editor/OutgameGuideBookBrowseValidation.cs:49)
System.Reflection.RuntimeMethodInfo:Invoke (object,System.Reflection.BindingFlags,System.Reflection.Binder,object[],System.Globalization.CultureInfo)
System.Reflection.MethodBase:Invoke (object,object[])
AreaBattle.EditorTools.BattleBuild:ValidateIntegrated () (at Assets/AreaBattle/Editor/BattleBuild.cs:32)
AreaBattle.EditorTools.BattleBuild:ValidateMechanicsOnly () (at Assets/AreaBattle/Editor/BattleBuild.cs:18)

[Assets/AreaBattle/Editor/OutgameGuideBookBrowseValidation.cs line 29]

Assertion failed on expression: 'ShouldRunBehaviour()'
UnityEngine.Debug:ExtractStackTraceNoAlloc (byte*,int,string)
UnityEngine.StackTraceUtility:ExtractStackTrace () (at /Users/bokken/build/output/unity/unity/Runtime/Export/Scripting/StackTrace.cs:35)
UnityEngine.Component:SendMessage (string,object,UnityEngine.SendMessageOptions)
UnityEngine.Component:SendMessage (string) (at /Users/bokken/build/output/unity/unity/Runtime/Export/Scripting/Component.bindings.cs:248)
AreaBattle.EditorTools.OutgameGuideBookBrowseValidation/Fixture:.ctor (bool) (at Assets/AreaBattle/Editor/OutgameGuideBookBrowseValidation.cs:29)
AreaBattle.EditorTools.OutgameGuideBookBrowseValidation/<>c:<Run>b__4_1 () (at Assets/AreaBattle/Editor/OutgameGuideBookBrowseValidation.cs:50)
AreaBattle.EditorTools.OutgameGuideBookBrowseValidation/<>c__DisplayClass4_0:<Run>b__0 (string,System.Action) (at Assets/AreaBattle/Editor/OutgameGuideBookBrowseValidation.cs:48)
AreaBattle.EditorTools.OutgameGuideBookBrowseValidation:Run () (at Assets/AreaBattle/Editor/OutgameGuideBookBrowseValidation.cs:49)
System.Reflection.RuntimeMethodInfo:Invoke (object,System.Reflection.BindingFlags,System.Reflection.Binder,object[],System.Globalization.CultureInfo)
System.Reflection.MethodBase:Invoke (object,object[])
AreaBattle.EditorTools.BattleBuild:ValidateIntegrated () (at Assets/AreaBattle/Editor/BattleBuild.cs:32)
AreaBattle.EditorTools.BattleBuild:ValidateMechanicsOnly () (at Assets/AreaBattle/Editor/BattleBuild.cs:18)

[Assets/AreaBattle/Editor/OutgameGuideBookBrowseValidation.cs line 29]

Assertion failed on expression: 'ShouldRunBehaviour()'
UnityEngine.Debug:ExtractStackTraceNoAlloc (byte*,int,string)
UnityEngine.StackTraceUtility:ExtractStackTrace () (at /Users/bokken/build/output/unity/unity/Runtime/Export/Scripting/StackTrace.cs:35)
UnityEngine.Component:SendMessage (string,object,UnityEngine.SendMessageOptions)
UnityEngine.Component:SendMessage (string) (at /Users/bokken/build/output/unity/unity/Runtime/Export/Scripting/Component.bindings.cs:248)
AreaBattle.EditorTools.OutgameGuideBookBrowseValidation/Fixture:.ctor (bool) (at Assets/AreaBattle/Editor/OutgameGuideBookBrowseValidation.cs:29)
AreaBattle.EditorTools.OutgameGuideBookBrowseValidation/<>c:<Run>b__4_1 () (at Assets/AreaBattle/Editor/OutgameGuideBookBrowseValidation.cs:50)
AreaBattle.EditorTools.OutgameGuideBookBrowseValidation/<>c__DisplayClass4_0:<Run>b__0 (string,System.Action) (at Assets/AreaBattle/Editor/OutgameGuideBookBrowseValidation.cs:48)
AreaBattle.EditorTools.OutgameGuideBookBrowseValidation:Run () (at Assets/AreaBattle/Editor/OutgameGuideBookBrowseValidation.cs:49)
System.Reflection.RuntimeMethodInfo:Invoke (object,System.Reflection.BindingFlags,System.Reflection.Binder,object[],System.Globalization.CultureInfo)
System.Reflection.MethodBase:Invoke (object,object[])
AreaBattle.EditorTools.BattleBuild:ValidateIntegrated () (at Assets/AreaBattle/Editor/BattleBuild.cs:32)
AreaBattle.EditorTools.BattleBuild:ValidateMechanicsOnly () (at Assets/AreaBattle/Editor/BattleBuild.cs:18)

[Assets/AreaBattle/Editor/OutgameGuideBookBrowseValidation.cs line 29]

Assertion failed on expression: 'ShouldRunBehaviour()'
UnityEngine.Debug:ExtractStackTraceNoAlloc (byte*,int,string)
UnityEngine.StackTraceUtility:ExtractStackTrace () (at /Users/bokken/build/output/unity/unity/Runtime/Export/Scripting/StackTrace.cs:35)
UnityEngine.Component:SendMessage (string,object,UnityEngine.SendMessageOptions)
UnityEngine.Component:SendMessage (string) (at /Users/bokken/build/output/unity/unity/Runtime/Export/Scripting/Component.bindings.cs:248)
AreaBattle.EditorTools.OutgameGuideBookBrowseValidation/Fixture:.ctor (bool) (at Assets/AreaBattle/Editor/OutgameGuideBookBrowseValidation.cs:29)
AreaBattle.EditorTools.OutgameGuideBookBrowseValidation/<>c:<Run>b__4_2 () (at Assets/AreaBattle/Editor/OutgameGuideBookBrowseValidation.cs:61)
AreaBattle.EditorTools.OutgameGuideBookBrowseValidation/<>c__DisplayClass4_0:<Run>b__0 (string,System.Action) (at Assets/AreaBattle/Editor/OutgameGuideBookBrowseValidation.cs:48)
AreaBattle.EditorTools.OutgameGuideBookBrowseValidation:Run () (at Assets/AreaBattle/Editor/OutgameGuideBookBrowseValidation.cs:60)
System.Reflection.RuntimeMethodInfo:Invoke (object,System.Reflection.BindingFlags,System.Reflection.Binder,object[],System.Globalization.CultureInfo)
System.Reflection.MethodBase:Invoke (object,object[])
AreaBattle.EditorTools.BattleBuild:ValidateIntegrated () (at Assets/AreaBattle/Editor/BattleBuild.cs:32)
AreaBattle.EditorTools.BattleBuild:ValidateMechanicsOnly () (at Assets/AreaBattle/Editor/BattleBuild.cs:18)

[Assets/AreaBattle/Editor/OutgameGuideBookBrowseValidation.cs line 29]

Assertion failed on expression: 'ShouldRunBehaviour()'
UnityEngine.Debug:ExtractStackTraceNoAlloc (byte*,int,string)
UnityEngine.StackTraceUtility:ExtractStackTrace () (at /Users/bokken/build/output/unity/unity/Runtime/Export/Scripting/StackTrace.cs:35)
UnityEngine.Component:SendMessage (string,object,UnityEngine.SendMessageOptions)
UnityEngine.Component:SendMessage (string) (at /Users/bokken/build/output/unity/unity/Runtime/Export/Scripting/Component.bindings.cs:248)
AreaBattle.EditorTools.OutgameGuideBookBrowseValidation/Fixture:.ctor (bool) (at Assets/AreaBattle/Editor/OutgameGuideBookBrowseValidation.cs:29)
AreaBattle.EditorTools.OutgameGuideBookBrowseValidation/<>c:<Run>b__4_2 () (at Assets/AreaBattle/Editor/OutgameGuideBookBrowseValidation.cs:61)
AreaBattle.EditorTools.OutgameGuideBookBrowseValidation/<>c__DisplayClass4_0:<Run>b__0 (string,System.Action) (at Assets/AreaBattle/Editor/OutgameGuideBookBrowseValidation.cs:48)
AreaBattle.EditorTools.OutgameGuideBookBrowseValidation:Run () (at Assets/AreaBattle/Editor/OutgameGuideBookBrowseValidation.cs:60)
System.Reflection.RuntimeMethodInfo:Invoke (object,System.Reflection.BindingFlags,System.Reflection.Binder,object[],System.Globalization.CultureInfo)
System.Reflection.MethodBase:Invoke (object,object[])
AreaBattle.EditorTools.BattleBuild:ValidateIntegrated () (at Assets/AreaBattle/Editor/BattleBuild.cs:32)
AreaBattle.EditorTools.BattleBuild:ValidateMechanicsOnly () (at Assets/AreaBattle/Editor/BattleBuild.cs:18)

[Assets/AreaBattle/Editor/OutgameGuideBookBrowseValidation.cs line 29]

Assertion failed on expression: 'ShouldRunBehaviour()'
UnityEngine.Debug:ExtractStackTraceNoAlloc (byte*,int,string)
UnityEngine.StackTraceUtility:ExtractStackTrace () (at /Users/bokken/build/output/unity/unity/Runtime/Export/Scripting/StackTrace.cs:35)
UnityEngine.Component:SendMessage (string,object,UnityEngine.SendMessageOptions)
UnityEngine.Component:SendMessage (string) (at /Users/bokken/build/output/unity/unity/Runtime/Export/Scripting/Component.bindings.cs:248)
AreaBattle.EditorTools.OutgameGuideBookBrowseValidation/Fixture:.ctor (bool) (at Assets/AreaBattle/Editor/OutgameGuideBookBrowseValidation.cs:29)
AreaBattle.EditorTools.OutgameGuideBookBrowseValidation/<>c:<Run>b__4_2 () (at Assets/AreaBattle/Editor/OutgameGuideBookBrowseValidation.cs:61)
AreaBattle.EditorTools.OutgameGuideBookBrowseValidation/<>c__DisplayClass4_0:<Run>b__0 (string,System.Action) (at Assets/AreaBattle/Editor/OutgameGuideBookBrowseValidation.cs:48)
AreaBattle.EditorTools.OutgameGuideBookBrowseValidation:Run () (at Assets/AreaBattle/Editor/OutgameGuideBookBrowseValidation.cs:60)
System.Reflection.RuntimeMethodInfo:Invoke (object,System.Reflection.BindingFlags,System.Reflection.Binder,object[],System.Globalization.CultureInfo)
System.Reflection.MethodBase:Invoke (object,object[])
AreaBattle.EditorTools.BattleBuild:ValidateIntegrated () (at Assets/AreaBattle/Editor/BattleBuild.cs:32)
AreaBattle.EditorTools.BattleBuild:ValidateMechanicsOnly () (at Assets/AreaBattle/Editor/BattleBuild.cs:18)

[Assets/AreaBattle/Editor/OutgameGuideBookBrowseValidation.cs line 29]

Assertion failed on expression: 'ShouldRunBehaviour()'
UnityEngine.Debug:ExtractStackTraceNoAlloc (byte*,int,string)
UnityEngine.StackTraceUtility:ExtractStackTrace () (at /Users/bokken/build/output/unity/unity/Runtime/Export/Scripting/StackTrace.cs:35)
UnityEngine.Component:SendMessage (string,object,UnityEngine.SendMessageOptions)
UnityEngine.Component:SendMessage (string) (at /Users/bokken/build/output/unity/unity/Runtime/Export/Scripting/Component.bindings.cs:248)
AreaBattle.EditorTools.OutgameGuideBookBrowseValidation/Fixture:.ctor (bool) (at Assets/AreaBattle/Editor/OutgameGuideBookBrowseValidation.cs:29)
AreaBattle.EditorTools.OutgameGuideBookBrowseValidation/<>c:<Run>b__4_3 () (at Assets/AreaBattle/Editor/OutgameGuideBookBrowseValidation.cs:72)
AreaBattle.EditorTools.OutgameGuideBookBrowseValidation/<>c__DisplayClass4_0:<Run>b__0 (string,System.Action) (at Assets/AreaBattle/Editor/OutgameGuideBookBrowseValidation.cs:48)
AreaBattle.EditorTools.OutgameGuideBookBrowseValidation:Run () (at Assets/AreaBattle/Editor/OutgameGuideBookBrowseValidation.cs:71)
System.Reflection.RuntimeMethodInfo:Invoke (object,System.Reflection.BindingFlags,System.Reflection.Binder,object[],System.Globalization.CultureInfo)
System.Reflection.MethodBase:Invoke (object,object[])
AreaBattle.EditorTools.BattleBuild:ValidateIntegrated () (at Assets/AreaBattle/Editor/BattleBuild.cs:32)
AreaBattle.EditorTools.BattleBuild:ValidateMechanicsOnly () (at Assets/AreaBattle/Editor/BattleBuild.cs:18)

[Assets/AreaBattle/Editor/OutgameGuideBookBrowseValidation.cs line 29]

Assertion failed on expression: 'ShouldRunBehaviour()'
UnityEngine.Debug:ExtractStackTraceNoAlloc (byte*,int,string)
UnityEngine.StackTraceUtility:ExtractStackTrace () (at /Users/bokken/build/output/unity/unity/Runtime/Export/Scripting/StackTrace.cs:35)
UnityEngine.Component:SendMessage (string,object,UnityEngine.SendMessageOptions)
UnityEngine.Component:SendMessage (string) (at /Users/bokken/build/output/unity/unity/Runtime/Export/Scripting/Component.bindings.cs:248)
AreaBattle.EditorTools.OutgameGuideBookBrowseValidation/Fixture:.ctor (bool) (at Assets/AreaBattle/Editor/OutgameGuideBookBrowseValidation.cs:29)
AreaBattle.EditorTools.OutgameGuideBookBrowseValidation/<>c:<Run>b__4_3 () (at Assets/AreaBattle/Editor/OutgameGuideBookBrowseValidation.cs:72)
AreaBattle.EditorTools.OutgameGuideBookBrowseValidation/<>c__DisplayClass4_0:<Run>b__0 (string,System.Action) (at Assets/AreaBattle/Editor/OutgameGuideBookBrowseValidation.cs:48)
AreaBattle.EditorTools.OutgameGuideBookBrowseValidation:Run () (at Assets/AreaBattle/Editor/OutgameGuideBookBrowseValidation.cs:71)
System.Reflection.RuntimeMethodInfo:Invoke (object,System.Reflection.BindingFlags,System.Reflection.Binder,object[],System.Globalization.CultureInfo)
System.Reflection.MethodBase:Invoke (object,object[])
AreaBattle.EditorTools.BattleBuild:ValidateIntegrated () (at Assets/AreaBattle/Editor/BattleBuild.cs:32)
AreaBattle.EditorTools.BattleBuild:ValidateMechanicsOnly () (at Assets/AreaBattle/Editor/BattleBuild.cs:18)

[Assets/AreaBattle/Editor/OutgameGuideBookBrowseValidation.cs line 29]

Assertion failed on expression: 'ShouldRunBehaviour()'
UnityEngine.Debug:ExtractStackTraceNoAlloc (byte*,int,string)
UnityEngine.StackTraceUtility:ExtractStackTrace () (at /Users/bokken/build/output/unity/unity/Runtime/Export/Scripting/StackTrace.cs:35)
UnityEngine.Component:SendMessage (string,object,UnityEngine.SendMessageOptions)
UnityEngine.Component:SendMessage (string) (at /Users/bokken/build/output/unity/unity/Runtime/Export/Scripting/Component.bindings.cs:248)
AreaBattle.EditorTools.OutgameGuideBookBrowseValidation/Fixture:.ctor (bool) (at Assets/AreaBattle/Editor/OutgameGuideBookBrowseValidation.cs:29)
AreaBattle.EditorTools.OutgameGuideBookBrowseValidation/<>c:<Run>b__4_3 () (at Assets/AreaBattle/Editor/OutgameGuideBookBrowseValidation.cs:72)
AreaBattle.EditorTools.OutgameGuideBookBrowseValidation/<>c__DisplayClass4_0:<Run>b__0 (string,System.Action) (at Assets/AreaBattle/Editor/OutgameGuideBookBrowseValidation.cs:48)
AreaBattle.EditorTools.OutgameGuideBookBrowseValidation:Run () (at Assets/AreaBattle/Editor/OutgameGuideBookBrowseValidation.cs:71)
System.Reflection.RuntimeMethodInfo:Invoke (object,System.Reflection.BindingFlags,System.Reflection.Binder,object[],System.Globalization.CultureInfo)
System.Reflection.MethodBase:Invoke (object,object[])
AreaBattle.EditorTools.BattleBuild:ValidateIntegrated () (at Assets/AreaBattle/Editor/BattleBuild.cs:32)
AreaBattle.EditorTools.BattleBuild:ValidateMechanicsOnly () (at Assets/AreaBattle/Editor/BattleBuild.cs:18)

[Assets/AreaBattle/Editor/OutgameGuideBookBrowseValidation.cs line 29]

Assertion failed on expression: 'ShouldRunBehaviour()'
UnityEngine.Debug:ExtractStackTraceNoAlloc (byte*,int,string)
UnityEngine.StackTraceUtility:ExtractStackTrace () (at /Users/bokken/build/output/unity/unity/Runtime/Export/Scripting/StackTrace.cs:35)
UnityEngine.Component:SendMessage (string,object,UnityEngine.SendMessageOptions)
UnityEngine.Component:SendMessage (string) (at /Users/bokken/build/output/unity/unity/Runtime/Export/Scripting/Component.bindings.cs:248)
AreaBattle.EditorTools.OutgameGuideBookBrowseValidation/Fixture:.ctor (bool) (at Assets/AreaBattle/Editor/OutgameGuideBookBrowseValidation.cs:29)
AreaBattle.EditorTools.OutgameGuideBookBrowseValidation/<>c:<Run>b__4_4 () (at Assets/AreaBattle/Editor/OutgameGuideBookBrowseValidation.cs:83)
AreaBattle.EditorTools.OutgameGuideBookBrowseValidation/<>c__DisplayClass4_0:<Run>b__0 (string,System.Action) (at Assets/AreaBattle/Editor/OutgameGuideBookBrowseValidation.cs:48)
AreaBattle.EditorTools.OutgameGuideBookBrowseValidation:Run () (at Assets/AreaBattle/Editor/OutgameGuideBookBrowseValidation.cs:82)
System.Reflection.RuntimeMethodInfo:Invoke (object,System.Reflection.BindingFlags,System.Reflection.Binder,object[],System.Globalization.CultureInfo)
System.Reflection.MethodBase:Invoke (object,object[])
AreaBattle.EditorTools.BattleBuild:ValidateIntegrated () (at Assets/AreaBattle/Editor/BattleBuild.cs:32)
AreaBattle.EditorTools.BattleBuild:ValidateMechanicsOnly () (at Assets/AreaBattle/Editor/BattleBuild.cs:18)

[Assets/AreaBattle/Editor/OutgameGuideBookBrowseValidation.cs line 29]

Assertion failed on expression: 'ShouldRunBehaviour()'
UnityEngine.Debug:ExtractStackTraceNoAlloc (byte*,int,string)
UnityEngine.StackTraceUtility:ExtractStackTrace () (at /Users/bokken/build/output/unity/unity/Runtime/Export/Scripting/StackTrace.cs:35)
UnityEngine.Component:SendMessage (string,object,UnityEngine.SendMessageOptions)
UnityEngine.Component:SendMessage (string) (at /Users/bokken/build/output/unity/unity/Runtime/Export/Scripting/Component.bindings.cs:248)
AreaBattle.EditorTools.OutgameGuideBookBrowseValidation/Fixture:.ctor (bool) (at Assets/AreaBattle/Editor/OutgameGuideBookBrowseValidation.cs:29)
AreaBattle.EditorTools.OutgameGuideBookBrowseValidation/<>c:<Run>b__4_4 () (at Assets/AreaBattle/Editor/OutgameGuideBookBrowseValidation.cs:83)
AreaBattle.EditorTools.OutgameGuideBookBrowseValidation/<>c__DisplayClass4_0:<Run>b__0 (string,System.Action) (at Assets/AreaBattle/Editor/OutgameGuideBookBrowseValidation.cs:48)
AreaBattle.EditorTools.OutgameGuideBookBrowseValidation:Run () (at Assets/AreaBattle/Editor/OutgameGuideBookBrowseValidation.cs:82)
System.Reflection.RuntimeMethodInfo:Invoke (object,System.Reflection.BindingFlags,System.Reflection.Binder,object[],System.Globalization.CultureInfo)
System.Reflection.MethodBase:Invoke (object,object[])
AreaBattle.EditorTools.BattleBuild:ValidateIntegrated () (at Assets/AreaBattle/Editor/BattleBuild.cs:32)
AreaBattle.EditorTools.BattleBuild:ValidateMechanicsOnly () (at Assets/AreaBattle/Editor/BattleBuild.cs:18)

[Assets/AreaBattle/Editor/OutgameGuideBookBrowseValidation.cs line 29]

Assertion failed on expression: 'ShouldRunBehaviour()'
UnityEngine.Debug:ExtractStackTraceNoAlloc (byte*,int,string)
UnityEngine.StackTraceUtility:ExtractStackTrace () (at /Users/bokken/build/output/unity/unity/Runtime/Export/Scripting/StackTrace.cs:35)
UnityEngine.Component:SendMessage (string,object,UnityEngine.SendMessageOptions)
UnityEngine.Component:SendMessage (string) (at /Users/bokken/build/output/unity/unity/Runtime/Export/Scripting/Component.bindings.cs:248)
AreaBattle.EditorTools.OutgameGuideBookBrowseValidation/Fixture:.ctor (bool) (at Assets/AreaBattle/Editor/OutgameGuideBookBrowseValidation.cs:29)
AreaBattle.EditorTools.OutgameGuideBookBrowseValidation/<>c:<Run>b__4_4 () (at Assets/AreaBattle/Editor/OutgameGuideBookBrowseValidation.cs:83)
AreaBattle.EditorTools.OutgameGuideBookBrowseValidation/<>c__DisplayClass4_0:<Run>b__0 (string,System.Action) (at Assets/AreaBattle/Editor/OutgameGuideBookBrowseValidation.cs:48)
AreaBattle.EditorTools.OutgameGuideBookBrowseValidation:Run () (at Assets/AreaBattle/Editor/OutgameGuideBookBrowseValidation.cs:82)
System.Reflection.RuntimeMethodInfo:Invoke (object,System.Reflection.BindingFlags,System.Reflection.Binder,object[],System.Globalization.CultureInfo)
System.Reflection.MethodBase:Invoke (object,object[])
AreaBattle.EditorTools.BattleBuild:ValidateIntegrated () (at Assets/AreaBattle/Editor/BattleBuild.cs:32)
AreaBattle.EditorTools.BattleBuild:ValidateMechanicsOnly () (at Assets/AreaBattle/Editor/BattleBuild.cs:18)

[Assets/AreaBattle/Editor/OutgameGuideBookBrowseValidation.cs line 29]

Assertion failed on expression: 'ShouldRunBehaviour()'
UnityEngine.Debug:ExtractStackTraceNoAlloc (byte*,int,string)
UnityEngine.StackTraceUtility:ExtractStackTrace () (at /Users/bokken/build/output/unity/unity/Runtime/Export/Scripting/StackTrace.cs:35)
UnityEngine.Component:SendMessage (string,object,UnityEngine.SendMessageOptions)
UnityEngine.Component:SendMessage (string) (at /Users/bokken/build/output/unity/unity/Runtime/Export/Scripting/Component.bindings.cs:248)
AreaBattle.EditorTools.OutgameGuideBookBrowseValidation/Fixture:.ctor (bool) (at Assets/AreaBattle/Editor/OutgameGuideBookBrowseValidation.cs:29)
AreaBattle.EditorTools.OutgameGuideBookBrowseValidation/<>c:<Run>b__4_5 () (at Assets/AreaBattle/Editor/OutgameGuideBookBrowseValidation.cs:95)
AreaBattle.EditorTools.OutgameGuideBookBrowseValidation/<>c__DisplayClass4_0:<Run>b__0 (string,System.Action) (at Assets/AreaBattle/Editor/OutgameGuideBookBrowseValidation.cs:48)
AreaBattle.EditorTools.OutgameGuideBookBrowseValidation:Run () (at Assets/AreaBattle/Editor/OutgameGuideBookBrowseValidation.cs:94)
System.Reflection.RuntimeMethodInfo:Invoke (object,System.Reflection.BindingFlags,System.Reflection.Binder,object[],System.Globalization.CultureInfo)
System.Reflection.MethodBase:Invoke (object,object[])
AreaBattle.EditorTools.BattleBuild:ValidateIntegrated () (at Assets/AreaBattle/Editor/BattleBuild.cs:32)
AreaBattle.EditorTools.BattleBuild:ValidateMechanicsOnly () (at Assets/AreaBattle/Editor/BattleBuild.cs:18)

[Assets/AreaBattle/Editor/OutgameGuideBookBrowseValidation.cs line 29]

Assertion failed on expression: 'ShouldRunBehaviour()'
UnityEngine.Debug:ExtractStackTraceNoAlloc (byte*,int,string)
UnityEngine.StackTraceUtility:ExtractStackTrace () (at /Users/bokken/build/output/unity/unity/Runtime/Export/Scripting/StackTrace.cs:35)
UnityEngine.Component:SendMessage (string,object,UnityEngine.SendMessageOptions)
UnityEngine.Component:SendMessage (string) (at /Users/bokken/build/output/unity/unity/Runtime/Export/Scripting/Component.bindings.cs:248)
AreaBattle.EditorTools.OutgameGuideBookBrowseValidation/Fixture:.ctor (bool) (at Assets/AreaBattle/Editor/OutgameGuideBookBrowseValidation.cs:29)
AreaBattle.EditorTools.OutgameGuideBookBrowseValidation/<>c:<Run>b__4_5 () (at Assets/AreaBattle/Editor/OutgameGuideBookBrowseValidation.cs:95)
AreaBattle.EditorTools.OutgameGuideBookBrowseValidation/<>c__DisplayClass4_0:<Run>b__0 (string,System.Action) (at Assets/AreaBattle/Editor/OutgameGuideBookBrowseValidation.cs:48)
AreaBattle.EditorTools.OutgameGuideBookBrowseValidation:Run () (at Assets/AreaBattle/Editor/OutgameGuideBookBrowseValidation.cs:94)
System.Reflection.RuntimeMethodInfo:Invoke (object,System.Reflection.BindingFlags,System.Reflection.Binder,object[],System.Globalization.CultureInfo)
System.Reflection.MethodBase:Invoke (object,object[])
AreaBattle.EditorTools.BattleBuild:ValidateIntegrated () (at Assets/AreaBattle/Editor/BattleBuild.cs:32)
AreaBattle.EditorTools.BattleBuild:ValidateMechanicsOnly () (at Assets/AreaBattle/Editor/BattleBuild.cs:18)

[Assets/AreaBattle/Editor/OutgameGuideBookBrowseValidation.cs line 29]

Assertion failed on expression: 'ShouldRunBehaviour()'
UnityEngine.Debug:ExtractStackTraceNoAlloc (byte*,int,string)
UnityEngine.StackTraceUtility:ExtractStackTrace () (at /Users/bokken/build/output/unity/unity/Runtime/Export/Scripting/StackTrace.cs:35)
UnityEngine.Component:SendMessage (string,object,UnityEngine.SendMessageOptions)
UnityEngine.Component:SendMessage (string) (at /Users/bokken/build/output/unity/unity/Runtime/Export/Scripting/Component.bindings.cs:248)
AreaBattle.EditorTools.OutgameGuideBookBrowseValidation/Fixture:.ctor (bool) (at Assets/AreaBattle/Editor/OutgameGuideBookBrowseValidation.cs:29)
AreaBattle.EditorTools.OutgameGuideBookBrowseValidation/<>c:<Run>b__4_5 () (at Assets/AreaBattle/Editor/OutgameGuideBookBrowseValidation.cs:95)
AreaBattle.EditorTools.OutgameGuideBookBrowseValidation/<>c__DisplayClass4_0:<Run>b__0 (string,System.Action) (at Assets/AreaBattle/Editor/OutgameGuideBookBrowseValidation.cs:48)
AreaBattle.EditorTools.OutgameGuideBookBrowseValidation:Run () (at Assets/AreaBattle/Editor/OutgameGuideBookBrowseValidation.cs:94)
System.Reflection.RuntimeMethodInfo:Invoke (object,System.Reflection.BindingFlags,System.Reflection.Binder,object[],System.Globalization.CultureInfo)
System.Reflection.MethodBase:Invoke (object,object[])
AreaBattle.EditorTools.BattleBuild:ValidateIntegrated () (at Assets/AreaBattle/Editor/BattleBuild.cs:32)
AreaBattle.EditorTools.BattleBuild:ValidateMechanicsOnly () (at Assets/AreaBattle/Editor/BattleBuild.cs:18)

[Assets/AreaBattle/Editor/OutgameGuideBookBrowseValidation.cs line 29]

Assertion failed on expression: 'ShouldRunBehaviour()'
UnityEngine.Debug:ExtractStackTraceNoAlloc (byte*,int,string)
UnityEngine.StackTraceUtility:ExtractStackTrace () (at /Users/bokken/build/output/unity/unity/Runtime/Export/Scripting/StackTrace.cs:35)
UnityEngine.Component:SendMessage (string,object,UnityEngine.SendMessageOptions)
UnityEngine.Component:SendMessage (string) (at /Users/bokken/build/output/unity/unity/Runtime/Export/Scripting/Component.bindings.cs:248)
AreaBattle.EditorTools.OutgameGuideBookBrowseValidation/<>c:<Run>b__4_5 () (at Assets/AreaBattle/Editor/OutgameGuideBookBrowseValidation.cs:96)
AreaBattle.EditorTools.OutgameGuideBookBrowseValidation/<>c__DisplayClass4_0:<Run>b__0 (string,System.Action) (at Assets/AreaBattle/Editor/OutgameGuideBookBrowseValidation.cs:48)
AreaBattle.EditorTools.OutgameGuideBookBrowseValidation:Run () (at Assets/AreaBattle/Editor/OutgameGuideBookBrowseValidation.cs:94)
System.Reflection.RuntimeMethodInfo:Invoke (object,System.Reflection.BindingFlags,System.Reflection.Binder,object[],System.Globalization.CultureInfo)
System.Reflection.MethodBase:Invoke (object,object[])
AreaBattle.EditorTools.BattleBuild:ValidateIntegrated () (at Assets/AreaBattle/Editor/BattleBuild.cs:32)
AreaBattle.EditorTools.BattleBuild:ValidateMechanicsOnly () (at Assets/AreaBattle/Editor/BattleBuild.cs:18)

[Assets/AreaBattle/Editor/OutgameGuideBookBrowseValidation.cs line 96]

Assertion failed on expression: 'ShouldRunBehaviour()'
UnityEngine.Debug:ExtractStackTraceNoAlloc (byte*,int,string)
UnityEngine.StackTraceUtility:ExtractStackTrace () (at /Users/bokken/build/output/unity/unity/Runtime/Export/Scripting/StackTrace.cs:35)
UnityEngine.Component:SendMessage (string,object,UnityEngine.SendMessageOptions)
UnityEngine.Component:SendMessage (string) (at /Users/bokken/build/output/unity/unity/Runtime/Export/Scripting/Component.bindings.cs:248)
AreaBattle.EditorTools.OutgameGuideBookBrowseValidation/Fixture:.ctor (bool) (at Assets/AreaBattle/Editor/OutgameGuideBookBrowseValidation.cs:29)
AreaBattle.EditorTools.OutgameGuideBookBrowseValidation/<>c:<Run>b__4_6 () (at Assets/AreaBattle/Editor/OutgameGuideBookBrowseValidation.cs:106)
AreaBattle.EditorTools.OutgameGuideBookBrowseValidation/<>c__DisplayClass4_0:<Run>b__0 (string,System.Action) (at Assets/AreaBattle/Editor/OutgameGuideBookBrowseValidation.cs:48)
AreaBattle.EditorTools.OutgameGuideBookBrowseValidation:Run () (at Assets/AreaBattle/Editor/OutgameGuideBookBrowseValidation.cs:105)
System.Reflection.RuntimeMethodInfo:Invoke (object,System.Reflection.BindingFlags,System.Reflection.Binder,object[],System.Globalization.CultureInfo)
System.Reflection.MethodBase:Invoke (object,object[])
AreaBattle.EditorTools.BattleBuild:ValidateIntegrated () (at Assets/AreaBattle/Editor/BattleBuild.cs:32)
AreaBattle.EditorTools.BattleBuild:ValidateMechanicsOnly () (at Assets/AreaBattle/Editor/BattleBuild.cs:18)

[Assets/AreaBattle/Editor/OutgameGuideBookBrowseValidation.cs line 29]

Assertion failed on expression: 'ShouldRunBehaviour()'
UnityEngine.Debug:ExtractStackTraceNoAlloc (byte*,int,string)
UnityEngine.StackTraceUtility:ExtractStackTrace () (at /Users/bokken/build/output/unity/unity/Runtime/Export/Scripting/StackTrace.cs:35)
UnityEngine.Component:SendMessage (string,object,UnityEngine.SendMessageOptions)
UnityEngine.Component:SendMessage (string) (at /Users/bokken/build/output/unity/unity/Runtime/Export/Scripting/Component.bindings.cs:248)
AreaBattle.EditorTools.OutgameGuideBookBrowseValidation/Fixture:.ctor (bool) (at Assets/AreaBattle/Editor/OutgameGuideBookBrowseValidation.cs:29)
AreaBattle.EditorTools.OutgameGuideBookBrowseValidation/<>c:<Run>b__4_6 () (at Assets/AreaBattle/Editor/OutgameGuideBookBrowseValidation.cs:106)
AreaBattle.EditorTools.OutgameGuideBookBrowseValidation/<>c__DisplayClass4_0:<Run>b__0 (string,System.Action) (at Assets/AreaBattle/Editor/OutgameGuideBookBrowseValidation.cs:48)
AreaBattle.EditorTools.OutgameGuideBookBrowseValidation:Run () (at Assets/AreaBattle/Editor/OutgameGuideBookBrowseValidation.cs:105)
System.Reflection.RuntimeMethodInfo:Invoke (object,System.Reflection.BindingFlags,System.Reflection.Binder,object[],System.Globalization.CultureInfo)
System.Reflection.MethodBase:Invoke (object,object[])
AreaBattle.EditorTools.BattleBuild:ValidateIntegrated () (at Assets/AreaBattle/Editor/BattleBuild.cs:32)
AreaBattle.EditorTools.BattleBuild:ValidateMechanicsOnly () (at Assets/AreaBattle/Editor/BattleBuild.cs:18)

[Assets/AreaBattle/Editor/OutgameGuideBookBrowseValidation.cs line 29]

Assertion failed on expression: 'ShouldRunBehaviour()'
UnityEngine.Debug:ExtractStackTraceNoAlloc (byte*,int,string)
UnityEngine.StackTraceUtility:ExtractStackTrace () (at /Users/bokken/build/output/unity/unity/Runtime/Export/Scripting/StackTrace.cs:35)
UnityEngine.Component:SendMessage (string,object,UnityEngine.SendMessageOptions)
UnityEngine.Component:SendMessage (string) (at /Users/bokken/build/output/unity/unity/Runtime/Export/Scripting/Component.bindings.cs:248)
AreaBattle.EditorTools.OutgameGuideBookBrowseValidation/Fixture:.ctor (bool) (at Assets/AreaBattle/Editor/OutgameGuideBookBrowseValidation.cs:29)
AreaBattle.EditorTools.OutgameGuideBookBrowseValidation/<>c:<Run>b__4_6 () (at Assets/AreaBattle/Editor/OutgameGuideBookBrowseValidation.cs:106)
AreaBattle.EditorTools.OutgameGuideBookBrowseValidation/<>c__DisplayClass4_0:<Run>b__0 (string,System.Action) (at Assets/AreaBattle/Editor/OutgameGuideBookBrowseValidation.cs:48)
AreaBattle.EditorTools.OutgameGuideBookBrowseValidation:Run () (at Assets/AreaBattle/Editor/OutgameGuideBookBrowseValidation.cs:105)
System.Reflection.RuntimeMethodInfo:Invoke (object,System.Reflection.BindingFlags,System.Reflection.Binder,object[],System.Globalization.CultureInfo)
System.Reflection.MethodBase:Invoke (object,object[])
AreaBattle.EditorTools.BattleBuild:ValidateIntegrated () (at Assets/AreaBattle/Editor/BattleBuild.cs:32)
AreaBattle.EditorTools.BattleBuild:ValidateMechanicsOnly () (at Assets/AreaBattle/Editor/BattleBuild.cs:18)

[Assets/AreaBattle/Editor/OutgameGuideBookBrowseValidation.cs line 29]

add touch begin handle:
UnityEngine.Debug:ExtractStackTraceNoAlloc (byte*,int,string)
UnityEngine.StackTraceUtility:ExtractStackTrace () (at /Users/bokken/build/output/unity/unity/Runtime/Export/Scripting/StackTrace.cs:35)
UnityEngine.DebugLogHandler:Internal_Log (UnityEngine.LogType,UnityEngine.LogOption,string,UnityEngine.Object)
UnityEngine.DebugLogHandler:LogFormat (UnityEngine.LogType,UnityEngine.Object,string,object[])
UnityEngine.Logger:Log (UnityEngine.LogType,object)
UnityEngine.Debug:Log (object)
AreaBattle.OutgameInputManager/<>c:<.ctor>b__104_0 (object[]) (at Assets/AreaBattle/Scripts/OutgameInputManager.cs:40)
AreaBattle.OutgameInputManager:add_TouchBegin (System.Action`2<single, single>) (at Assets/AreaBattle/Scripts/OutgameInputManager.cs:42)
AreaBattle.EditorTools.OutgameInputManagerValidation/Fixture:.ctor () (at Assets/AreaBattle/Editor/OutgameInputManagerValidation.cs:22)
AreaBattle.EditorTools.OutgameInputManagerValidation/<>c:<Run>b__6_1 () (at Assets/AreaBattle/Editor/OutgameInputManagerValidation.cs:31)
AreaBattle.EditorTools.OutgameInputManagerValidation/<>c__DisplayClass6_0:<Run>b__0 (string,System.Action) (at Assets/AreaBattle/Editor/OutgameInputManagerValidation.cs:30)
AreaBattle.EditorTools.OutgameInputManagerValidation:Run () (at Assets/AreaBattle/Editor/OutgameInputManagerValidation.cs:31)
System.Reflection.RuntimeMethodInfo:Invoke (object,System.Reflection.BindingFlags,System.Reflection.Binder,object[],System.Globalization.CultureInfo)
System.Reflection.MethodBase:Invoke (object,object[])
AreaBattle.EditorTools.BattleBuild:ValidateIntegrated () (at Assets/AreaBattle/Editor/BattleBuild.cs:32)
AreaBattle.EditorTools.BattleBuild:ValidateMechanicsOnly () (at Assets/AreaBattle/Editor/BattleBuild.cs:18)

(Filename: Assets/AreaBattle/Scripts/OutgameInputManager.cs Line: 40)

add touch begin handle:
UnityEngine.Debug:ExtractStackTraceNoAlloc (byte*,int,string)
UnityEngine.StackTraceUtility:ExtractStackTrace () (at /Users/bokken/build/output/unity/unity/Runtime/Export/Scripting/StackTrace.cs:35)
UnityEngine.DebugLogHandler:Internal_Log (UnityEngine.LogType,UnityEngine.LogOption,string,UnityEngine.Object)
UnityEngine.DebugLogHandler:LogFormat (UnityEngine.LogType,UnityEngine.Object,string,object[])
UnityEngine.Logger:Log (UnityEngine.LogType,object)
UnityEngine.Debug:Log (object)
AreaBattle.OutgameInputManager/<>c:<.ctor>b__104_0 (object[]) (at Assets/AreaBattle/Scripts/OutgameInputManager.cs:40)
AreaBattle.OutgameInputManager:add_TouchBegin (System.Action`2<single, single>) (at Assets/AreaBattle/Scripts/OutgameInputManager.cs:42)
AreaBattle.EditorTools.OutgameInputManagerValidation/Fixture:.ctor () (at Assets/AreaBattle/Editor/OutgameInputManagerValidation.cs:22)
AreaBattle.EditorTools.OutgameInputManagerValidation/<>c:<Run>b__6_1 () (at Assets/AreaBattle/Editor/OutgameInputManagerValidation.cs:31)
AreaBattle.EditorTools.OutgameInputManagerValidation/<>c__DisplayClass6_0:<Run>b__0 (string,System.Action) (at Assets/AreaBattle/Editor/OutgameInputManagerValidation.cs:30)
AreaBattle.EditorTools.OutgameInputManagerValidation:Run () (at Assets/AreaBattle/Editor/OutgameInputManagerValidation.cs:31)
System.Reflection.RuntimeMethodInfo:Invoke (object,System.Reflection.BindingFlags,System.Reflection.Binder,object[],System.Globalization.CultureInfo)
System.Reflection.MethodBase:Invoke (object,object[])
AreaBattle.EditorTools.BattleBuild:ValidateIntegrated () (at Assets/AreaBattle/Editor/BattleBuild.cs:32)
AreaBattle.EditorTools.BattleBuild:ValidateMechanicsOnly () (at Assets/AreaBattle/Editor/BattleBuild.cs:18)

(Filename: Assets/AreaBattle/Scripts/OutgameInputManager.cs Line: 40)

add touch begin handle:
UnityEngine.Debug:ExtractStackTraceNoAlloc (byte*,int,string)
UnityEngine.StackTraceUtility:ExtractStackTrace () (at /Users/bokken/build/output/unity/unity/Runtime/Export/Scripting/StackTrace.cs:35)
UnityEngine.DebugLogHandler:Internal_Log (UnityEngine.LogType,UnityEngine.LogOption,string,UnityEngine.Object)
UnityEngine.DebugLogHandler:LogFormat (UnityEngine.LogType,UnityEngine.Object,string,object[])
UnityEngine.Logger:Log (UnityEngine.LogType,object)
UnityEngine.Debug:Log (object)
AreaBattle.OutgameInputManager/<>c:<.ctor>b__104_0 (object[]) (at Assets/AreaBattle/Scripts/OutgameInputManager.cs:40)
AreaBattle.OutgameInputManager:add_TouchBegin (System.Action`2<single, single>) (at Assets/AreaBattle/Scripts/OutgameInputManager.cs:42)
AreaBattle.EditorTools.OutgameInputManagerValidation/Fixture:.ctor () (at Assets/AreaBattle/Editor/OutgameInputManagerValidation.cs:22)
AreaBattle.EditorTools.OutgameInputManagerValidation/<>c:<Run>b__6_1 () (at Assets/AreaBattle/Editor/OutgameInputManagerValidation.cs:31)
AreaBattle.EditorTools.OutgameInputManagerValidation/<>c__DisplayClass6_0:<Run>b__0 (string,System.Action) (at Assets/AreaBattle/Editor/OutgameInputManagerValidation.cs:30)
AreaBattle.EditorTools.OutgameInputManagerValidation:Run () (at Assets/AreaBattle/Editor/OutgameInputManagerValidation.cs:31)
System.Reflection.RuntimeMethodInfo:Invoke (object,System.Reflection.BindingFlags,System.Reflection.Binder,object[],System.Globalization.CultureInfo)
System.Reflection.MethodBase:Invoke (object,object[])
AreaBattle.EditorTools.BattleBuild:ValidateIntegrated () (at Assets/AreaBattle/Editor/BattleBuild.cs:32)
AreaBattle.EditorTools.BattleBuild:ValidateMechanicsOnly () (at Assets/AreaBattle/Editor/BattleBuild.cs:18)

(Filename: Assets/AreaBattle/Scripts/OutgameInputManager.cs Line: 40)

add touch begin handle:
UnityEngine.Debug:ExtractStackTraceNoAlloc (byte*,int,string)
UnityEngine.StackTraceUtility:ExtractStackTrace () (at /Users/bokken/build/output/unity/unity/Runtime/Export/Scripting/StackTrace.cs:35)
UnityEngine.DebugLogHandler:Internal_Log (UnityEngine.LogType,UnityEngine.LogOption,string,UnityEngine.Object)
UnityEngine.DebugLogHandler:LogFormat (UnityEngine.LogType,UnityEngine.Object,string,object[])
UnityEngine.Logger:Log (UnityEngine.LogType,object)
UnityEngine.Debug:Log (object)
AreaBattle.OutgameInputManager/<>c:<.ctor>b__104_0 (object[]) (at Assets/AreaBattle/Scripts/OutgameInputManager.cs:40)
AreaBattle.OutgameInputManager:add_TouchBegin (System.Action`2<single, single>) (at Assets/AreaBattle/Scripts/OutgameInputManager.cs:42)
AreaBattle.EditorTools.OutgameInputManagerValidation/Fixture:.ctor () (at Assets/AreaBattle/Editor/OutgameInputManagerValidation.cs:22)
AreaBattle.EditorTools.OutgameInputManagerValidation/<>c:<Run>b__6_1 () (at Assets/AreaBattle/Editor/OutgameInputManagerValidation.cs:31)
AreaBattle.EditorTools.OutgameInputManagerValidation/<>c__DisplayClass6_0:<Run>b__0 (string,System.Action) (at Assets/AreaBattle/Editor/OutgameInputManagerValidation.cs:30)
AreaBattle.EditorTools.OutgameInputManagerValidation:Run () (at Assets/AreaBattle/Editor/OutgameInputManagerValidation.cs:31)
System.Reflection.RuntimeMethodInfo:Invoke (object,System.Reflection.BindingFlags,System.Reflection.Binder,object[],System.Globalization.CultureInfo)
System.Reflection.MethodBase:Invoke (object,object[])
AreaBattle.EditorTools.BattleBuild:ValidateIntegrated () (at Assets/AreaBattle/Editor/BattleBuild.cs:32)
AreaBattle.EditorTools.BattleBuild:ValidateMechanicsOnly () (at Assets/AreaBattle/Editor/BattleBuild.cs:18)

(Filename: Assets/AreaBattle/Scripts/OutgameInputManager.cs Line: 40)

add touch begin handle:
UnityEngine.Debug:ExtractStackTraceNoAlloc (byte*,int,string)
UnityEngine.StackTraceUtility:ExtractStackTrace () (at /Users/bokken/build/output/unity/unity/Runtime/Export/Scripting/StackTrace.cs:35)
UnityEngine.DebugLogHandler:Internal_Log (UnityEngine.LogType,UnityEngine.LogOption,string,UnityEngine.Object)
UnityEngine.DebugLogHandler:LogFormat (UnityEngine.LogType,UnityEngine.Object,string,object[])
UnityEngine.Logger:Log (UnityEngine.LogType,object)
UnityEngine.Debug:Log (object)
AreaBattle.OutgameInputManager/<>c:<.ctor>b__104_0 (object[]) (at Assets/AreaBattle/Scripts/OutgameInputManager.cs:40)
AreaBattle.OutgameInputManager:add_TouchBegin (System.Action`2<single, single>) (at Assets/AreaBattle/Scripts/OutgameInputManager.cs:42)
AreaBattle.EditorTools.OutgameInputManagerValidation/Fixture:.ctor () (at Assets/AreaBattle/Editor/OutgameInputManagerValidation.cs:22)
AreaBattle.EditorTools.OutgameInputManagerValidation/<>c:<Run>b__6_2 () (at Assets/AreaBattle/Editor/OutgameInputManagerValidation.cs:32)
AreaBattle.EditorTools.OutgameInputManagerValidation/<>c__DisplayClass6_0:<Run>b__0 (string,System.Action) (at Assets/AreaBattle/Editor/OutgameInputManagerValidation.cs:30)
AreaBattle.EditorTools.OutgameInputManagerValidation:Run () (at Assets/AreaBattle/Editor/OutgameInputManagerValidation.cs:32)
System.Reflection.RuntimeMethodInfo:Invoke (object,System.Reflection.BindingFlags,System.Reflection.Binder,object[],System.Globalization.CultureInfo)
System.Reflection.MethodBase:Invoke (object,object[])
AreaBattle.EditorTools.BattleBuild:ValidateIntegrated () (at Assets/AreaBattle/Editor/BattleBuild.cs:32)
AreaBattle.EditorTools.BattleBuild:ValidateMechanicsOnly () (at Assets/AreaBattle/Editor/BattleBuild.cs:18)

(Filename: Assets/AreaBattle/Scripts/OutgameInputManager.cs Line: 40)

add touch begin handle:
UnityEngine.Debug:ExtractStackTraceNoAlloc (byte*,int,string)
UnityEngine.StackTraceUtility:ExtractStackTrace () (at /Users/bokken/build/output/unity/unity/Runtime/Export/Scripting/StackTrace.cs:35)
UnityEngine.DebugLogHandler:Internal_Log (UnityEngine.LogType,UnityEngine.LogOption,string,UnityEngine.Object)
UnityEngine.DebugLogHandler:LogFormat (UnityEngine.LogType,UnityEngine.Object,string,object[])
UnityEngine.Logger:Log (UnityEngine.LogType,object)
UnityEngine.Debug:Log (object)
AreaBattle.OutgameInputManager/<>c:<.ctor>b__104_0 (object[]) (at Assets/AreaBattle/Scripts/OutgameInputManager.cs:40)
AreaBattle.OutgameInputManager:add_TouchBegin (System.Action`2<single, single>) (at Assets/AreaBattle/Scripts/OutgameInputManager.cs:42)
AreaBattle.EditorTools.OutgameInputManagerValidation/Fixture:.ctor () (at Assets/AreaBattle/Editor/OutgameInputManagerValidation.cs:22)
AreaBattle.EditorTools.OutgameInputManagerValidation/<>c:<Run>b__6_3 () (at Assets/AreaBattle/Editor/OutgameInputManagerValidation.cs:33)
AreaBattle.EditorTools.OutgameInputManagerValidation/<>c__DisplayClass6_0:<Run>b__0 (string,System.Action) (at Assets/AreaBattle/Editor/OutgameInputManagerValidation.cs:30)
AreaBattle.EditorTools.OutgameInputManagerValidation:Run () (at Assets/AreaBattle/Editor/OutgameInputManagerValidation.cs:33)
System.Reflection.RuntimeMethodInfo:Invoke (object,System.Reflection.BindingFlags,System.Reflection.Binder,object[],System.Globalization.CultureInfo)
System.Reflection.MethodBase:Invoke (object,object[])
AreaBattle.EditorTools.BattleBuild:ValidateIntegrated () (at Assets/AreaBattle/Editor/BattleBuild.cs:32)
AreaBattle.EditorTools.BattleBuild:ValidateMechanicsOnly () (at Assets/AreaBattle/Editor/BattleBuild.cs:18)

(Filename: Assets/AreaBattle/Scripts/OutgameInputManager.cs Line: 40)

add touch begin handle:
UnityEngine.Debug:ExtractStackTraceNoAlloc (byte*,int,string)
UnityEngine.StackTraceUtility:ExtractStackTrace () (at /Users/bokken/build/output/unity/unity/Runtime/Export/Scripting/StackTrace.cs:35)
UnityEngine.DebugLogHandler:Internal_Log (UnityEngine.LogType,UnityEngine.LogOption,string,UnityEngine.Object)
UnityEngine.DebugLogHandler:LogFormat (UnityEngine.LogType,UnityEngine.Object,string,object[])
UnityEngine.Logger:Log (UnityEngine.LogType,object)
UnityEngine.Debug:Log (object)
AreaBattle.OutgameInputManager/<>c:<.ctor>b__104_0 (object[]) (at Assets/AreaBattle/Scripts/OutgameInputManager.cs:40)
AreaBattle.OutgameInputManager:add_TouchBegin (System.Action`2<single, single>) (at Assets/AreaBattle/Scripts/OutgameInputManager.cs:42)
AreaBattle.EditorTools.OutgameInputManagerValidation/Fixture:.ctor () (at Assets/AreaBattle/Editor/OutgameInputManagerValidation.cs:22)
AreaBattle.EditorTools.OutgameInputManagerValidation/<>c:<Run>b__6_4 () (at Assets/AreaBattle/Editor/OutgameInputManagerValidation.cs:34)
AreaBattle.EditorTools.OutgameInputManagerValidation/<>c__DisplayClass6_0:<Run>b__0 (string,System.Action) (at Assets/AreaBattle/Editor/OutgameInputManagerValidation.cs:30)
AreaBattle.EditorTools.OutgameInputManagerValidation:Run () (at Assets/AreaBattle/Editor/OutgameInputManagerValidation.cs:34)
System.Reflection.RuntimeMethodInfo:Invoke (object,System.Reflection.BindingFlags,System.Reflection.Binder,object[],System.Globalization.CultureInfo)
System.Reflection.MethodBase:Invoke (object,object[])
AreaBattle.EditorTools.BattleBuild:ValidateIntegrated () (at Assets/AreaBattle/Editor/BattleBuild.cs:32)
AreaBattle.EditorTools.BattleBuild:ValidateMechanicsOnly () (at Assets/AreaBattle/Editor/BattleBuild.cs:18)

(Filename: Assets/AreaBattle/Scripts/OutgameInputManager.cs Line: 40)

add touch begin handle:
UnityEngine.Debug:ExtractStackTraceNoAlloc (byte*,int,string)
UnityEngine.StackTraceUtility:ExtractStackTrace () (at /Users/bokken/build/output/unity/unity/Runtime/Export/Scripting/StackTrace.cs:35)
UnityEngine.DebugLogHandler:Internal_Log (UnityEngine.LogType,UnityEngine.LogOption,string,UnityEngine.Object)
UnityEngine.DebugLogHandler:LogFormat (UnityEngine.LogType,UnityEngine.Object,string,object[])
UnityEngine.Logger:Log (UnityEngine.LogType,object)
UnityEngine.Debug:Log (object)
AreaBattle.OutgameInputManager/<>c:<.ctor>b__104_0 (object[]) (at Assets/AreaBattle/Scripts/OutgameInputManager.cs:40)
AreaBattle.OutgameInputManager:add_TouchBegin (System.Action`2<single, single>) (at Assets/AreaBattle/Scripts/OutgameInputManager.cs:42)
AreaBattle.EditorTools.OutgameInputManagerValidation/Fixture:.ctor () (at Assets/AreaBattle/Editor/OutgameInputManagerValidation.cs:22)
AreaBattle.EditorTools.OutgameInputManagerValidation/<>c:<Run>b__6_5 () (at Assets/AreaBattle/Editor/OutgameInputManagerValidation.cs:35)
AreaBattle.EditorTools.OutgameInputManagerValidation/<>c__DisplayClass6_0:<Run>b__0 (string,System.Action) (at Assets/AreaBattle/Editor/OutgameInputManagerValidation.cs:30)
AreaBattle.EditorTools.OutgameInputManagerValidation:Run () (at Assets/AreaBattle/Editor/OutgameInputManagerValidation.cs:35)
System.Reflection.RuntimeMethodInfo:Invoke (object,System.Reflection.BindingFlags,System.Reflection.Binder,object[],System.Globalization.CultureInfo)
System.Reflection.MethodBase:Invoke (object,object[])
AreaBattle.EditorTools.BattleBuild:ValidateIntegrated () (at Assets/AreaBattle/Editor/BattleBuild.cs:32)
AreaBattle.EditorTools.BattleBuild:ValidateMechanicsOnly () (at Assets/AreaBattle/Editor/BattleBuild.cs:18)

(Filename: Assets/AreaBattle/Scripts/OutgameInputManager.cs Line: 40)

add touch begin handle:
UnityEngine.Debug:ExtractStackTraceNoAlloc (byte*,int,string)
UnityEngine.StackTraceUtility:ExtractStackTrace () (at /Users/bokken/build/output/unity/unity/Runtime/Export/Scripting/StackTrace.cs:35)
UnityEngine.DebugLogHandler:Internal_Log (UnityEngine.LogType,UnityEngine.LogOption,string,UnityEngine.Object)
UnityEngine.DebugLogHandler:LogFormat (UnityEngine.LogType,UnityEngine.Object,string,object[])
UnityEngine.Logger:Log (UnityEngine.LogType,object)
UnityEngine.Debug:Log (object)
AreaBattle.OutgameInputManager/<>c:<.ctor>b__104_0 (object[]) (at Assets/AreaBattle/Scripts/OutgameInputManager.cs:40)
AreaBattle.OutgameInputManager:add_TouchBegin (System.Action`2<single, single>) (at Assets/AreaBattle/Scripts/OutgameInputManager.cs:42)
AreaBattle.EditorTools.OutgameInputManagerValidation/Fixture:.ctor () (at Assets/AreaBattle/Editor/OutgameInputManagerValidation.cs:22)
AreaBattle.EditorTools.OutgameInputManagerValidation/<>c:<Run>b__6_6 () (at Assets/AreaBattle/Editor/OutgameInputManagerValidation.cs:36)
AreaBattle.EditorTools.OutgameInputManagerValidation/<>c__DisplayClass6_0:<Run>b__0 (string,System.Action) (at Assets/AreaBattle/Editor/OutgameInputManagerValidation.cs:30)
AreaBattle.EditorTools.OutgameInputManagerValidation:Run () (at Assets/AreaBattle/Editor/OutgameInputManagerValidation.cs:36)
System.Reflection.RuntimeMethodInfo:Invoke (object,System.Reflection.BindingFlags,System.Reflection.Binder,object[],System.Globalization.CultureInfo)
System.Reflection.MethodBase:Invoke (object,object[])
AreaBattle.EditorTools.BattleBuild:ValidateIntegrated () (at Assets/AreaBattle/Editor/BattleBuild.cs:32)
AreaBattle.EditorTools.BattleBuild:ValidateMechanicsOnly () (at Assets/AreaBattle/Editor/BattleBuild.cs:18)

(Filename: Assets/AreaBattle/Scripts/OutgameInputManager.cs Line: 40)

add touch begin handle:
UnityEngine.Debug:ExtractStackTraceNoAlloc (byte*,int,string)
UnityEngine.StackTraceUtility:ExtractStackTrace () (at /Users/bokken/build/output/unity/unity/Runtime/Export/Scripting/StackTrace.cs:35)
UnityEngine.DebugLogHandler:Internal_Log (UnityEngine.LogType,UnityEngine.LogOption,string,UnityEngine.Object)
UnityEngine.DebugLogHandler:LogFormat (UnityEngine.LogType,UnityEngine.Object,string,object[])
UnityEngine.Logger:Log (UnityEngine.LogType,object)
UnityEngine.Debug:Log (object)
AreaBattle.OutgameInputManager/<>c:<.ctor>b__104_0 (object[]) (at Assets/AreaBattle/Scripts/OutgameInputManager.cs:40)
AreaBattle.OutgameInputManager:add_TouchBegin (System.Action`2<single, single>) (at Assets/AreaBattle/Scripts/OutgameInputManager.cs:42)
AreaBattle.EditorTools.OutgameInputManagerValidation/Fixture:.ctor () (at Assets/AreaBattle/Editor/OutgameInputManagerValidation.cs:22)
AreaBattle.EditorTools.OutgameInputManagerValidation/<>c:<Run>b__6_7 () (at Assets/AreaBattle/Editor/OutgameInputManagerValidation.cs:37)
AreaBattle.EditorTools.OutgameInputManagerValidation/<>c__DisplayClass6_0:<Run>b__0 (string,System.Action) (at Assets/AreaBattle/Editor/OutgameInputManagerValidation.cs:30)
AreaBattle.EditorTools.OutgameInputManagerValidation:Run () (at Assets/AreaBattle/Editor/OutgameInputManagerValidation.cs:37)
System.Reflection.RuntimeMethodInfo:Invoke (object,System.Reflection.BindingFlags,System.Reflection.Binder,object[],System.Globalization.CultureInfo)
System.Reflection.MethodBase:Invoke (object,object[])
AreaBattle.EditorTools.BattleBuild:ValidateIntegrated () (at Assets/AreaBattle/Editor/BattleBuild.cs:32)
AreaBattle.EditorTools.BattleBuild:ValidateMechanicsOnly () (at Assets/AreaBattle/Editor/BattleBuild.cs:18)

(Filename: Assets/AreaBattle/Scripts/OutgameInputManager.cs Line: 40)

add touch begin handle:
UnityEngine.Debug:ExtractStackTraceNoAlloc (byte*,int,string)
UnityEngine.StackTraceUtility:ExtractStackTrace () (at /Users/bokken/build/output/unity/unity/Runtime/Export/Scripting/StackTrace.cs:35)
UnityEngine.DebugLogHandler:Internal_Log (UnityEngine.LogType,UnityEngine.LogOption,string,UnityEngine.Object)
UnityEngine.DebugLogHandler:LogFormat (UnityEngine.LogType,UnityEngine.Object,string,object[])
UnityEngine.Logger:Log (UnityEngine.LogType,object)
UnityEngine.Debug:Log (object)
AreaBattle.OutgameInputManager/<>c:<.ctor>b__104_0 (object[]) (at Assets/AreaBattle/Scripts/OutgameInputManager.cs:40)
AreaBattle.OutgameInputManager:add_TouchBegin (System.Action`2<single, single>) (at Assets/AreaBattle/Scripts/OutgameInputManager.cs:42)
AreaBattle.EditorTools.OutgameInputManagerValidation/Fixture:.ctor () (at Assets/AreaBattle/Editor/OutgameInputManagerValidation.cs:22)
AreaBattle.EditorTools.OutgameInputManagerValidation/<>c:<Run>b__6_8 () (at Assets/AreaBattle/Editor/OutgameInputManagerValidation.cs:38)
AreaBattle.EditorTools.OutgameInputManagerValidation/<>c__DisplayClass6_0:<Run>b__0 (string,System.Action) (at Assets/AreaBattle/Editor/OutgameInputManagerValidation.cs:30)
AreaBattle.EditorTools.OutgameInputManagerValidation:Run () (at Assets/AreaBattle/Editor/OutgameInputManagerValidation.cs:38)
System.Reflection.RuntimeMethodInfo:Invoke (object,System.Reflection.BindingFlags,System.Reflection.Binder,object[],System.Globalization.CultureInfo)
System.Reflection.MethodBase:Invoke (object,object[])
AreaBattle.EditorTools.BattleBuild:ValidateIntegrated () (at Assets/AreaBattle/Editor/BattleBuild.cs:32)
AreaBattle.EditorTools.BattleBuild:ValidateMechanicsOnly () (at Assets/AreaBattle/Editor/BattleBuild.cs:18)

(Filename: Assets/AreaBattle/Scripts/OutgameInputManager.cs Line: 40)

add touch begin handle:
UnityEngine.Debug:ExtractStackTraceNoAlloc (byte*,int,string)
UnityEngine.StackTraceUtility:ExtractStackTrace () (at /Users/bokken/build/output/unity/unity/Runtime/Export/Scripting/StackTrace.cs:35)
UnityEngine.DebugLogHandler:Internal_Log (UnityEngine.LogType,UnityEngine.LogOption,string,UnityEngine.Object)
UnityEngine.DebugLogHandler:LogFormat (UnityEngine.LogType,UnityEngine.Object,string,object[])
UnityEngine.Logger:Log (UnityEngine.LogType,object)
UnityEngine.Debug:Log (object)
AreaBattle.OutgameInputManager/<>c:<.ctor>b__104_0 (object[]) (at Assets/AreaBattle/Scripts/OutgameInputManager.cs:40)
AreaBattle.OutgameInputManager:add_TouchBegin (System.Action`2<single, single>) (at Assets/AreaBattle/Scripts/OutgameInputManager.cs:42)
AreaBattle.EditorTools.OutgameInputManagerValidation/Fixture:.ctor () (at Assets/AreaBattle/Editor/OutgameInputManagerValidation.cs:22)
AreaBattle.EditorTools.OutgameInputManagerValidation/<>c:<Run>b__6_9 () (at Assets/AreaBattle/Editor/OutgameInputManagerValidation.cs:39)
AreaBattle.EditorTools.OutgameInputManagerValidation/<>c__DisplayClass6_0:<Run>b__0 (string,System.Action) (at Assets/AreaBattle/Editor/OutgameInputManagerValidation.cs:30)
AreaBattle.EditorTools.OutgameInputManagerValidation:Run () (at Assets/AreaBattle/Editor/OutgameInputManagerValidation.cs:39)
System.Reflection.RuntimeMethodInfo:Invoke (object,System.Reflection.BindingFlags,System.Reflection.Binder,object[],System.Globalization.CultureInfo)
System.Reflection.MethodBase:Invoke (object,object[])
AreaBattle.EditorTools.BattleBuild:ValidateIntegrated () (at Assets/AreaBattle/Editor/BattleBuild.cs:32)
AreaBattle.EditorTools.BattleBuild:ValidateMechanicsOnly () (at Assets/AreaBattle/Editor/BattleBuild.cs:18)

(Filename: Assets/AreaBattle/Scripts/OutgameInputManager.cs Line: 40)

add touch begin handle:
UnityEngine.Debug:ExtractStackTraceNoAlloc (byte*,int,string)
UnityEngine.StackTraceUtility:ExtractStackTrace () (at /Users/bokken/build/output/unity/unity/Runtime/Export/Scripting/StackTrace.cs:35)
UnityEngine.DebugLogHandler:Internal_Log (UnityEngine.LogType,UnityEngine.LogOption,string,UnityEngine.Object)
UnityEngine.DebugLogHandler:LogFormat (UnityEngine.LogType,UnityEngine.Object,string,object[])
UnityEngine.Logger:Log (UnityEngine.LogType,object)
UnityEngine.Debug:Log (object)
AreaBattle.OutgameInputManager/<>c:<.ctor>b__104_0 (object[]) (at Assets/AreaBattle/Scripts/OutgameInputManager.cs:40)
AreaBattle.OutgameInputManager:add_TouchBegin (System.Action`2<single, single>) (at Assets/AreaBattle/Scripts/OutgameInputManager.cs:42)
AreaBattle.EditorTools.OutgameInputManagerValidation/Fixture:.ctor () (at Assets/AreaBattle/Editor/OutgameInputManagerValidation.cs:22)
AreaBattle.EditorTools.OutgameInputManagerValidation/<>c:<Run>b__6_10 () (at Assets/AreaBattle/Editor/OutgameInputManagerValidation.cs:40)
AreaBattle.EditorTools.OutgameInputManagerValidation/<>c__DisplayClass6_0:<Run>b__0 (string,System.Action) (at Assets/AreaBattle/Editor/OutgameInputManagerValidation.cs:30)
AreaBattle.EditorTools.OutgameInputManagerValidation:Run () (at Assets/AreaBattle/Editor/OutgameInputManagerValidation.cs:40)
System.Reflection.RuntimeMethodInfo:Invoke (object,System.Reflection.BindingFlags,System.Reflection.Binder,object[],System.Globalization.CultureInfo)
System.Reflection.MethodBase:Invoke (object,object[])
AreaBattle.EditorTools.BattleBuild:ValidateIntegrated () (at Assets/AreaBattle/Editor/BattleBuild.cs:32)
AreaBattle.EditorTools.BattleBuild:ValidateMechanicsOnly () (at Assets/AreaBattle/Editor/BattleBuild.cs:18)

(Filename: Assets/AreaBattle/Scripts/OutgameInputManager.cs Line: 40)

add touch begin handle:
UnityEngine.Debug:ExtractStackTraceNoAlloc (byte*,int,string)
UnityEngine.StackTraceUtility:ExtractStackTrace () (at /Users/bokken/build/output/unity/unity/Runtime/Export/Scripting/StackTrace.cs:35)
UnityEngine.DebugLogHandler:Internal_Log (UnityEngine.LogType,UnityEngine.LogOption,string,UnityEngine.Object)
UnityEngine.DebugLogHandler:LogFormat (UnityEngine.LogType,UnityEngine.Object,string,object[])
UnityEngine.Logger:Log (UnityEngine.LogType,object)
UnityEngine.Debug:Log (object)
AreaBattle.OutgameInputManager/<>c:<.ctor>b__104_0 (object[]) (at Assets/AreaBattle/Scripts/OutgameInputManager.cs:40)
AreaBattle.OutgameInputManager:add_TouchBegin (System.Action`2<single, single>) (at Assets/AreaBattle/Scripts/OutgameInputManager.cs:42)
AreaBattle.EditorTools.OutgameInputManagerValidation/Fixture:.ctor () (at Assets/AreaBattle/Editor/OutgameInputManagerValidation.cs:22)
AreaBattle.EditorTools.OutgameInputManagerValidation/<>c:<Run>b__6_11 () (at Assets/AreaBattle/Editor/OutgameInputManagerValidation.cs:41)
AreaBattle.EditorTools.OutgameInputManagerValidation/<>c__DisplayClass6_0:<Run>b__0 (string,System.Action) (at Assets/AreaBattle/Editor/OutgameInputManagerValidation.cs:30)
AreaBattle.EditorTools.OutgameInputManagerValidation:Run () (at Assets/AreaBattle/Editor/OutgameInputManagerValidation.cs:41)
System.Reflection.RuntimeMethodInfo:Invoke (object,System.Reflection.BindingFlags,System.Reflection.Binder,object[],System.Globalization.CultureInfo)
System.Reflection.MethodBase:Invoke (object,object[])
AreaBattle.EditorTools.BattleBuild:ValidateIntegrated () (at Assets/AreaBattle/Editor/BattleBuild.cs:32)
AreaBattle.EditorTools.BattleBuild:ValidateMechanicsOnly () (at Assets/AreaBattle/Editor/BattleBuild.cs:18)

(Filename: Assets/AreaBattle/Scripts/OutgameInputManager.cs Line: 40)

add touch begin handle:
UnityEngine.Debug:ExtractStackTraceNoAlloc (byte*,int,string)
UnityEngine.StackTraceUtility:ExtractStackTrace () (at /Users/bokken/build/output/unity/unity/Runtime/Export/Scripting/StackTrace.cs:35)
UnityEngine.DebugLogHandler:Internal_Log (UnityEngine.LogType,UnityEngine.LogOption,string,UnityEngine.Object)
UnityEngine.DebugLogHandler:LogFormat (UnityEngine.LogType,UnityEngine.Object,string,object[])
UnityEngine.Logger:Log (UnityEngine.LogType,object)
UnityEngine.Debug:Log (object)
AreaBattle.OutgameInputManager/<>c:<.ctor>b__104_0 (object[]) (at Assets/AreaBattle/Scripts/OutgameInputManager.cs:40)
AreaBattle.OutgameInputManager:add_TouchBegin (System.Action`2<single, single>) (at Assets/AreaBattle/Scripts/OutgameInputManager.cs:42)
AreaBattle.EditorTools.OutgameInputManagerValidation/Fixture:.ctor () (at Assets/AreaBattle/Editor/OutgameInputManagerValidation.cs:22)
AreaBattle.EditorTools.OutgameInputManagerValidation/<>c:<Run>b__6_12 () (at Assets/AreaBattle/Editor/OutgameInputManagerValidation.cs:42)
AreaBattle.EditorTools.OutgameInputManagerValidation/<>c__DisplayClass6_0:<Run>b__0 (string,System.Action) (at Assets/AreaBattle/Editor/OutgameInputManagerValidation.cs:30)
AreaBattle.EditorTools.OutgameInputManagerValidation:Run () (at Assets/AreaBattle/Editor/OutgameInputManagerValidation.cs:42)
System.Reflection.RuntimeMethodInfo:Invoke (object,System.Reflection.BindingFlags,System.Reflection.Binder,object[],System.Globalization.CultureInfo)
System.Reflection.MethodBase:Invoke (object,object[])
AreaBattle.EditorTools.BattleBuild:ValidateIntegrated () (at Assets/AreaBattle/Editor/BattleBuild.cs:32)
AreaBattle.EditorTools.BattleBuild:ValidateMechanicsOnly () (at Assets/AreaBattle/Editor/BattleBuild.cs:18)

(Filename: Assets/AreaBattle/Scripts/OutgameInputManager.cs Line: 40)

add touch begin handle:
UnityEngine.Debug:ExtractStackTraceNoAlloc (byte*,int,string)
UnityEngine.StackTraceUtility:ExtractStackTrace () (at /Users/bokken/build/output/unity/unity/Runtime/Export/Scripting/StackTrace.cs:35)
UnityEngine.DebugLogHandler:Internal_Log (UnityEngine.LogType,UnityEngine.LogOption,string,UnityEngine.Object)
UnityEngine.DebugLogHandler:LogFormat (UnityEngine.LogType,UnityEngine.Object,string,object[])
UnityEngine.Logger:Log (UnityEngine.LogType,object)
UnityEngine.Debug:Log (object)
AreaBattle.OutgameInputManager/<>c:<.ctor>b__104_0 (object[]) (at Assets/AreaBattle/Scripts/OutgameInputManager.cs:40)
AreaBattle.OutgameInputManager:add_TouchBegin (System.Action`2<single, single>) (at Assets/AreaBattle/Scripts/OutgameInputManager.cs:42)
AreaBattle.EditorTools.OutgameInputManagerValidation/Fixture:.ctor () (at Assets/AreaBattle/Editor/OutgameInputManagerValidation.cs:22)
AreaBattle.EditorTools.OutgameInputManagerValidation/<>c:<Run>b__6_13 () (at Assets/AreaBattle/Editor/OutgameInputManagerValidation.cs:43)
AreaBattle.EditorTools.OutgameInputManagerValidation/<>c__DisplayClass6_0:<Run>b__0 (string,System.Action) (at Assets/AreaBattle/Editor/OutgameInputManagerValidation.cs:30)
AreaBattle.EditorTools.OutgameInputManagerValidation:Run () (at Assets/AreaBattle/Editor/OutgameInputManagerValidation.cs:43)
System.Reflection.RuntimeMethodInfo:Invoke (object,System.Reflection.BindingFlags,System.Reflection.Binder,object[],System.Globalization.CultureInfo)
System.Reflection.MethodBase:Invoke (object,object[])
AreaBattle.EditorTools.BattleBuild:ValidateIntegrated () (at Assets/AreaBattle/Editor/BattleBuild.cs:32)
AreaBattle.EditorTools.BattleBuild:ValidateMechanicsOnly () (at Assets/AreaBattle/Editor/BattleBuild.cs:18)

(Filename: Assets/AreaBattle/Scripts/OutgameInputManager.cs Line: 40)

add touch begin handle:
UnityEngine.Debug:ExtractStackTraceNoAlloc (byte*,int,string)
UnityEngine.StackTraceUtility:ExtractStackTrace () (at /Users/bokken/build/output/unity/unity/Runtime/Export/Scripting/StackTrace.cs:35)
UnityEngine.DebugLogHandler:Internal_Log (UnityEngine.LogType,UnityEngine.LogOption,string,UnityEngine.Object)
UnityEngine.DebugLogHandler:LogFormat (UnityEngine.LogType,UnityEngine.Object,string,object[])
UnityEngine.Logger:Log (UnityEngine.LogType,object)
UnityEngine.Debug:Log (object)
AreaBattle.OutgameInputManager/<>c:<.ctor>b__104_0 (object[]) (at Assets/AreaBattle/Scripts/OutgameInputManager.cs:40)
AreaBattle.OutgameInputManager:add_TouchBegin (System.Action`2<single, single>) (at Assets/AreaBattle/Scripts/OutgameInputManager.cs:42)
AreaBattle.EditorTools.OutgameInputManagerValidation/Fixture:.ctor () (at Assets/AreaBattle/Editor/OutgameInputManagerValidation.cs:22)
AreaBattle.EditorTools.OutgameInputManagerValidation/<>c:<Run>b__6_14 () (at Assets/AreaBattle/Editor/OutgameInputManagerValidation.cs:44)
AreaBattle.EditorTools.OutgameInputManagerValidation/<>c__DisplayClass6_0:<Run>b__0 (string,System.Action) (at Assets/AreaBattle/Editor/OutgameInputManagerValidation.cs:30)
AreaBattle.EditorTools.OutgameInputManagerValidation:Run () (at Assets/AreaBattle/Editor/OutgameInputManagerValidation.cs:44)
System.Reflection.RuntimeMethodInfo:Invoke (object,System.Reflection.BindingFlags,System.Reflection.Binder,object[],System.Globalization.CultureInfo)
System.Reflection.MethodBase:Invoke (object,object[])
AreaBattle.EditorTools.BattleBuild:ValidateIntegrated () (at Assets/AreaBattle/Editor/BattleBuild.cs:32)
AreaBattle.EditorTools.BattleBuild:ValidateMechanicsOnly () (at Assets/AreaBattle/Editor/BattleBuild.cs:18)

(Filename: Assets/AreaBattle/Scripts/OutgameInputManager.cs Line: 40)

add touch begin handle:
UnityEngine.Debug:ExtractStackTraceNoAlloc (byte*,int,string)
UnityEngine.StackTraceUtility:ExtractStackTrace () (at /Users/bokken/build/output/unity/unity/Runtime/Export/Scripting/StackTrace.cs:35)
UnityEngine.DebugLogHandler:Internal_Log (UnityEngine.LogType,UnityEngine.LogOption,string,UnityEngine.Object)
UnityEngine.DebugLogHandler:LogFormat (UnityEngine.LogType,UnityEngine.Object,string,object[])
UnityEngine.Logger:Log (UnityEngine.LogType,object)
UnityEngine.Debug:Log (object)
AreaBattle.OutgameInputManager/<>c:<.ctor>b__104_0 (object[]) (at Assets/AreaBattle/Scripts/OutgameInputManager.cs:40)
AreaBattle.OutgameInputManager:add_TouchBegin (System.Action`2<single, single>) (at Assets/AreaBattle/Scripts/OutgameInputManager.cs:42)
AreaBattle.EditorTools.OutgameInputManagerValidation/Fixture:.ctor () (at Assets/AreaBattle/Editor/OutgameInputManagerValidation.cs:22)
AreaBattle.EditorTools.OutgameInputManagerValidation/<>c:<Run>b__6_15 () (at Assets/AreaBattle/Editor/OutgameInputManagerValidation.cs:45)
AreaBattle.EditorTools.OutgameInputManagerValidation/<>c__DisplayClass6_0:<Run>b__0 (string,System.Action) (at Assets/AreaBattle/Editor/OutgameInputManagerValidation.cs:30)
AreaBattle.EditorTools.OutgameInputManagerValidation:Run () (at Assets/AreaBattle/Editor/OutgameInputManagerValidation.cs:45)
System.Reflection.RuntimeMethodInfo:Invoke (object,System.Reflection.BindingFlags,System.Reflection.Binder,object[],System.Globalization.CultureInfo)
System.Reflection.MethodBase:Invoke (object,object[])
AreaBattle.EditorTools.BattleBuild:ValidateIntegrated () (at Assets/AreaBattle/Editor/BattleBuild.cs:32)
AreaBattle.EditorTools.BattleBuild:ValidateMechanicsOnly () (at Assets/AreaBattle/Editor/BattleBuild.cs:18)

(Filename: Assets/AreaBattle/Scripts/OutgameInputManager.cs Line: 40)

add touch begin handle:
UnityEngine.Debug:ExtractStackTraceNoAlloc (byte*,int,string)
UnityEngine.StackTraceUtility:ExtractStackTrace () (at /Users/bokken/build/output/unity/unity/Runtime/Export/Scripting/StackTrace.cs:35)
UnityEngine.DebugLogHandler:Internal_Log (UnityEngine.LogType,UnityEngine.LogOption,string,UnityEngine.Object)
UnityEngine.DebugLogHandler:LogFormat (UnityEngine.LogType,UnityEngine.Object,string,object[])
UnityEngine.Logger:Log (UnityEngine.LogType,object)
UnityEngine.Debug:Log (object)
AreaBattle.OutgameInputManager/<>c:<.ctor>b__104_0 (object[]) (at Assets/AreaBattle/Scripts/OutgameInputManager.cs:40)
AreaBattle.OutgameInputManager:add_TouchBegin (System.Action`2<single, single>) (at Assets/AreaBattle/Scripts/OutgameInputManager.cs:42)
AreaBattle.EditorTools.OutgameInputManagerValidation/Fixture:.ctor () (at Assets/AreaBattle/Editor/OutgameInputManagerValidation.cs:22)
AreaBattle.EditorTools.OutgameInputManagerValidation/<>c:<Run>b__6_16 () (at Assets/AreaBattle/Editor/OutgameInputManagerValidation.cs:46)
AreaBattle.EditorTools.OutgameInputManagerValidation/<>c__DisplayClass6_0:<Run>b__0 (string,System.Action) (at Assets/AreaBattle/Editor/OutgameInputManagerValidation.cs:30)
AreaBattle.EditorTools.OutgameInputManagerValidation:Run () (at Assets/AreaBattle/Editor/OutgameInputManagerValidation.cs:46)
System.Reflection.RuntimeMethodInfo:Invoke (object,System.Reflection.BindingFlags,System.Reflection.Binder,object[],System.Globalization.CultureInfo)
System.Reflection.MethodBase:Invoke (object,object[])
AreaBattle.EditorTools.BattleBuild:ValidateIntegrated () (at Assets/AreaBattle/Editor/BattleBuild.cs:32)
AreaBattle.EditorTools.BattleBuild:ValidateMechanicsOnly () (at Assets/AreaBattle/Editor/BattleBuild.cs:18)

(Filename: Assets/AreaBattle/Scripts/OutgameInputManager.cs Line: 40)

add touch begin handle:
UnityEngine.Debug:ExtractStackTraceNoAlloc (byte*,int,string)
UnityEngine.StackTraceUtility:ExtractStackTrace () (at /Users/bokken/build/output/unity/unity/Runtime/Export/Scripting/StackTrace.cs:35)
UnityEngine.DebugLogHandler:Internal_Log (UnityEngine.LogType,UnityEngine.LogOption,string,UnityEngine.Object)
UnityEngine.DebugLogHandler:LogFormat (UnityEngine.LogType,UnityEngine.Object,string,object[])
UnityEngine.Logger:Log (UnityEngine.LogType,object)
UnityEngine.Debug:Log (object)
AreaBattle.OutgameInputManager/<>c:<.ctor>b__104_0 (object[]) (at Assets/AreaBattle/Scripts/OutgameInputManager.cs:40)
AreaBattle.OutgameInputManager:add_TouchBegin (System.Action`2<single, single>) (at Assets/AreaBattle/Scripts/OutgameInputManager.cs:42)
AreaBattle.EditorTools.OutgameInputManagerValidation/Fixture:.ctor () (at Assets/AreaBattle/Editor/OutgameInputManagerValidation.cs:22)
AreaBattle.EditorTools.OutgameInputManagerValidation/<>c:<Run>b__6_17 () (at Assets/AreaBattle/Editor/OutgameInputManagerValidation.cs:47)
AreaBattle.EditorTools.OutgameInputManagerValidation/<>c__DisplayClass6_0:<Run>b__0 (string,System.Action) (at Assets/AreaBattle/Editor/OutgameInputManagerValidation.cs:30)
AreaBattle.EditorTools.OutgameInputManagerValidation:Run () (at Assets/AreaBattle/Editor/OutgameInputManagerValidation.cs:47)
System.Reflection.RuntimeMethodInfo:Invoke (object,System.Reflection.BindingFlags,System.Reflection.Binder,object[],System.Globalization.CultureInfo)
System.Reflection.MethodBase:Invoke (object,object[])
AreaBattle.EditorTools.BattleBuild:ValidateIntegrated () (at Assets/AreaBattle/Editor/BattleBuild.cs:32)
AreaBattle.EditorTools.BattleBuild:ValidateMechanicsOnly () (at Assets/AreaBattle/Editor/BattleBuild.cs:18)

(Filename: Assets/AreaBattle/Scripts/OutgameInputManager.cs Line: 40)

add touch begin handle:
UnityEngine.Debug:ExtractStackTraceNoAlloc (byte*,int,string)
UnityEngine.StackTraceUtility:ExtractStackTrace () (at /Users/bokken/build/output/unity/unity/Runtime/Export/Scripting/StackTrace.cs:35)
UnityEngine.DebugLogHandler:Internal_Log (UnityEngine.LogType,UnityEngine.LogOption,string,UnityEngine.Object)
UnityEngine.DebugLogHandler:LogFormat (UnityEngine.LogType,UnityEngine.Object,string,object[])
UnityEngine.Logger:Log (UnityEngine.LogType,object)
UnityEngine.Debug:Log (object)
AreaBattle.OutgameInputManager/<>c:<.ctor>b__104_0 (object[]) (at Assets/AreaBattle/Scripts/OutgameInputManager.cs:40)
AreaBattle.OutgameInputManager:add_TouchBegin (System.Action`2<single, single>) (at Assets/AreaBattle/Scripts/OutgameInputManager.cs:42)
AreaBattle.EditorTools.OutgameInputManagerValidation/Fixture:.ctor () (at Assets/AreaBattle/Editor/OutgameInputManagerValidation.cs:22)
AreaBattle.EditorTools.OutgameInputManagerValidation/<>c:<Run>b__6_18 () (at Assets/AreaBattle/Editor/OutgameInputManagerValidation.cs:48)
AreaBattle.EditorTools.OutgameInputManagerValidation/<>c__DisplayClass6_0:<Run>b__0 (string,System.Action) (at Assets/AreaBattle/Editor/OutgameInputManagerValidation.cs:30)
AreaBattle.EditorTools.OutgameInputManagerValidation:Run () (at Assets/AreaBattle/Editor/OutgameInputManagerValidation.cs:48)
System.Reflection.RuntimeMethodInfo:Invoke (object,System.Reflection.BindingFlags,System.Reflection.Binder,object[],System.Globalization.CultureInfo)
System.Reflection.MethodBase:Invoke (object,object[])
AreaBattle.EditorTools.BattleBuild:ValidateIntegrated () (at Assets/AreaBattle/Editor/BattleBuild.cs:32)
AreaBattle.EditorTools.BattleBuild:ValidateMechanicsOnly () (at Assets/AreaBattle/Editor/BattleBuild.cs:18)

(Filename: Assets/AreaBattle/Scripts/OutgameInputManager.cs Line: 40)

add touch begin handle:
UnityEngine.Debug:ExtractStackTraceNoAlloc (byte*,int,string)
UnityEngine.StackTraceUtility:ExtractStackTrace () (at /Users/bokken/build/output/unity/unity/Runtime/Export/Scripting/StackTrace.cs:35)
UnityEngine.DebugLogHandler:Internal_Log (UnityEngine.LogType,UnityEngine.LogOption,string,UnityEngine.Object)
UnityEngine.DebugLogHandler:LogFormat (UnityEngine.LogType,UnityEngine.Object,string,object[])
UnityEngine.Logger:Log (UnityEngine.LogType,object)
UnityEngine.Debug:Log (object)
AreaBattle.OutgameInputManager/<>c:<.ctor>b__104_0 (object[]) (at Assets/AreaBattle/Scripts/OutgameInputManager.cs:40)
AreaBattle.OutgameInputManager:add_TouchBegin (System.Action`2<single, single>) (at Assets/AreaBattle/Scripts/OutgameInputManager.cs:42)
AreaBattle.EditorTools.OutgameInputManagerValidation/Fixture:.ctor () (at Assets/AreaBattle/Editor/OutgameInputManagerValidation.cs:22)
AreaBattle.EditorTools.OutgameInputManagerValidation/<>c:<Run>b__6_19 () (at Assets/AreaBattle/Editor/OutgameInputManagerValidation.cs:49)
AreaBattle.EditorTools.OutgameInputManagerValidation/<>c__DisplayClass6_0:<Run>b__0 (string,System.Action) (at Assets/AreaBattle/Editor/OutgameInputManagerValidation.cs:30)
AreaBattle.EditorTools.OutgameInputManagerValidation:Run () (at Assets/AreaBattle/Editor/OutgameInputManagerValidation.cs:49)
System.Reflection.RuntimeMethodInfo:Invoke (object,System.Reflection.BindingFlags,System.Reflection.Binder,object[],System.Globalization.CultureInfo)
System.Reflection.MethodBase:Invoke (object,object[])
AreaBattle.EditorTools.BattleBuild:ValidateIntegrated () (at Assets/AreaBattle/Editor/BattleBuild.cs:32)
AreaBattle.EditorTools.BattleBuild:ValidateMechanicsOnly () (at Assets/AreaBattle/Editor/BattleBuild.cs:18)

(Filename: Assets/AreaBattle/Scripts/OutgameInputManager.cs Line: 40)

target[page (UnityEngine.GameObject)]找到了CanvasGroup，优先使用CanvasGroup控制UI渐隐
UnityEngine.Debug:ExtractStackTraceNoAlloc (byte*,int,string)
UnityEngine.StackTraceUtility:ExtractStackTrace () (at /Users/bokken/build/output/unity/unity/Runtime/Export/Scripting/StackTrace.cs:35)
UnityEngine.DebugLogHandler:Internal_Log (UnityEngine.LogType,UnityEngine.LogOption,string,UnityEngine.Object)
UnityEngine.DebugLogHandler:LogFormat (UnityEngine.LogType,UnityEngine.Object,string,object[])
UnityEngine.Logger:Log (UnityEngine.LogType,object)
UnityEngine.Debug:Log (object)
AreaBattle.OutgameUiAnimation/<ObjectAnim>d__10:MoveNext () (at Assets/AreaBattle/Scripts/OutgameUiAnimation.cs:41)
AreaBattle.EditorTools.OutgameLoginSyncValidation/<>c:<Run>b__53_84 () (at Assets/AreaBattle/Editor/OutgameLoginSyncValidation.cs:1479)
AreaBattle.EditorTools.OutgameLoginSyncValidation/<>c__DisplayClass53_0:<Run>b__0 (string,System.Action) (at Assets/AreaBattle/Editor/OutgameLoginSyncValidation.cs:527)
AreaBattle.EditorTools.OutgameLoginSyncValidation:Run () (at Assets/AreaBattle/Editor/OutgameLoginSyncValidation.cs:1471)
System.Reflection.RuntimeMethodInfo:Invoke (object,System.Reflection.BindingFlags,System.Reflection.Binder,object[],System.Globalization.CultureInfo)
System.Reflection.MethodBase:Invoke (object,object[])
AreaBattle.EditorTools.BattleBuild:ValidateIntegrated () (at Assets/AreaBattle/Editor/BattleBuild.cs:32)
AreaBattle.EditorTools.BattleBuild:ValidateMechanicsOnly () (at Assets/AreaBattle/Editor/BattleBuild.cs:18)

(Filename: Assets/AreaBattle/Scripts/OutgameUiAnimation.cs Line: 41)

Instantiating material due to calling renderer.material during edit mode. This will leak materials into the scene. You most likely want to use renderer.sharedMaterial instead.
UnityEngine.Debug:ExtractStackTraceNoAlloc (byte*,int,string)
UnityEngine.StackTraceUtility:ExtractStackTrace () (at /Users/bokken/build/output/unity/unity/Runtime/Export/Scripting/StackTrace.cs:35)
UnityEngine.Renderer:GetMaterial ()
UnityEngine.Renderer:get_material () (at /Users/bokken/build/output/unity/unity/Runtime/Export/Graphics/GraphicsRenderers.bindings.cs:180)
AreaBattle.RecoveredWayLineVisual:Initialize () (at Assets/AreaBattle/Scripts/RecoveredWayLineVisual.cs:33)
AreaBattle.RecoveredWayLineVisual:SetLine (UnityEngine.Vector3,UnityEngine.Vector3,UnityEngine.Color,UnityEngine.Color,bool,bool,single) (at Assets/AreaBattle/Scripts/RecoveredWayLineVisual.cs:56)
AreaBattle.RecoveredWayLineVisual:Synchronize (AreaBattle.LineState,AreaBattle.TowerState,AreaBattle.TowerState,UnityEngine.Color,UnityEngine.Color,single) (at Assets/AreaBattle/Scripts/RecoveredWayLineVisual.cs:46)
AreaBattle.RecoveredWayLineVisual:Synchronize (AreaBattle.LineState,AreaBattle.TowerState,AreaBattle.TowerState,single) (at Assets/AreaBattle/Scripts/RecoveredWayLineVisual.cs:21)
AreaBattle.BattleView:RefreshPresentation () (at Assets/AreaBattle/Scripts/BattleView.cs:566)
AreaBattle.BattleView:AdvanceFrame (single,single) (at Assets/AreaBattle/Scripts/BattleView.cs:374)
AreaBattle.EditorTools.OriginalVideoValidation/<>c:<Run>b__6_7 () (at Assets/AreaBattle/Editor/OriginalVideoValidation.cs:116)
AreaBattle.EditorTools.OriginalVideoValidation/<>c__DisplayClass6_0:<Run>b__0 (string,System.Action) (at Assets/AreaBattle/Editor/OriginalVideoValidation.cs:35)
AreaBattle.EditorTools.OriginalVideoValidation:Run () (at Assets/AreaBattle/Editor/OriginalVideoValidation.cs:107)
System.Reflection.RuntimeMethodInfo:Invoke (object,System.Reflection.BindingFlags,System.Reflection.Binder,object[],System.Globalization.CultureInfo)
System.Reflection.MethodBase:Invoke (object,object[])
AreaBattle.EditorTools.BattleBuild:ValidateIntegrated () (at Assets/AreaBattle/Editor/BattleBuild.cs:32)
AreaBattle.EditorTools.BattleBuild:ValidateMechanicsOnly () (at Assets/AreaBattle/Editor/BattleBuild.cs:18)

[Assets/AreaBattle/Scripts/RecoveredWayLineVisual.cs line 21]

Instantiating material due to calling renderer.material during edit mode. This will leak materials into the scene. You most likely want to use renderer.sharedMaterial instead.
UnityEngine.Debug:ExtractStackTraceNoAlloc (byte*,int,string)
UnityEngine.StackTraceUtility:ExtractStackTrace () (at /Users/bokken/build/output/unity/unity/Runtime/Export/Scripting/StackTrace.cs:35)
UnityEngine.Renderer:GetMaterial ()
UnityEngine.Renderer:get_material () (at /Users/bokken/build/output/unity/unity/Runtime/Export/Graphics/GraphicsRenderers.bindings.cs:180)
AreaBattle.RecoveredWayLineVisual:Initialize () (at Assets/AreaBattle/Scripts/RecoveredWayLineVisual.cs:33)
AreaBattle.RecoveredWayLineVisual:SetLine (UnityEngine.Vector3,UnityEngine.Vector3,UnityEngine.Color,UnityEngine.Color,bool,bool,single) (at Assets/AreaBattle/Scripts/RecoveredWayLineVisual.cs:56)
AreaBattle.RecoveredWayLineVisual:Synchronize (AreaBattle.LineState,AreaBattle.TowerState,AreaBattle.TowerState,UnityEngine.Color,UnityEngine.Color,single) (at Assets/AreaBattle/Scripts/RecoveredWayLineVisual.cs:46)
AreaBattle.RecoveredWayLineVisual:Synchronize (AreaBattle.LineState,AreaBattle.TowerState,AreaBattle.TowerState,single) (at Assets/AreaBattle/Scripts/RecoveredWayLineVisual.cs:21)
AreaBattle.BattleView:RefreshPresentation () (at Assets/AreaBattle/Scripts/BattleView.cs:566)
AreaBattle.BattleView:AdvanceFrame (single,single) (at Assets/AreaBattle/Scripts/BattleView.cs:374)
AreaBattle.EditorTools.OriginalVideoValidation/<>c:<Run>b__6_7 () (at Assets/AreaBattle/Editor/OriginalVideoValidation.cs:116)
AreaBattle.EditorTools.OriginalVideoValidation/<>c__DisplayClass6_0:<Run>b__0 (string,System.Action) (at Assets/AreaBattle/Editor/OriginalVideoValidation.cs:35)
AreaBattle.EditorTools.OriginalVideoValidation:Run () (at Assets/AreaBattle/Editor/OriginalVideoValidation.cs:107)
System.Reflection.RuntimeMethodInfo:Invoke (object,System.Reflection.BindingFlags,System.Reflection.Binder,object[],System.Globalization.CultureInfo)
System.Reflection.MethodBase:Invoke (object,object[])
AreaBattle.EditorTools.BattleBuild:ValidateIntegrated () (at Assets/AreaBattle/Editor/BattleBuild.cs:32)
AreaBattle.EditorTools.BattleBuild:ValidateMechanicsOnly () (at Assets/AreaBattle/Editor/BattleBuild.cs:18)

[Assets/AreaBattle/Scripts/RecoveredWayLineVisual.cs line 21]

Instantiating material due to calling renderer.material during edit mode. This will leak materials into the scene. You most likely want to use renderer.sharedMaterial instead.
UnityEngine.Debug:ExtractStackTraceNoAlloc (byte*,int,string)
UnityEngine.StackTraceUtility:ExtractStackTrace () (at /Users/bokken/build/output/unity/unity/Runtime/Export/Scripting/StackTrace.cs:35)
UnityEngine.Renderer:GetMaterial ()
UnityEngine.Renderer:get_material () (at /Users/bokken/build/output/unity/unity/Runtime/Export/Graphics/GraphicsRenderers.bindings.cs:180)
AreaBattle.RecoveredWayLineVisual:Initialize () (at Assets/AreaBattle/Scripts/RecoveredWayLineVisual.cs:33)
AreaBattle.RecoveredWayLineVisual:SetLine (UnityEngine.Vector3,UnityEngine.Vector3,UnityEngine.Color,UnityEngine.Color,bool,bool,single) (at Assets/AreaBattle/Scripts/RecoveredWayLineVisual.cs:56)
AreaBattle.RecoveredWayLineVisual:Synchronize (AreaBattle.LineState,AreaBattle.TowerState,AreaBattle.TowerState,UnityEngine.Color,UnityEngine.Color,single) (at Assets/AreaBattle/Scripts/RecoveredWayLineVisual.cs:46)
AreaBattle.RecoveredWayLineVisual:Synchronize (AreaBattle.LineState,AreaBattle.TowerState,AreaBattle.TowerState,single) (at Assets/AreaBattle/Scripts/RecoveredWayLineVisual.cs:21)
AreaBattle.BattleView:RefreshPresentation () (at Assets/AreaBattle/Scripts/BattleView.cs:566)
AreaBattle.BattleView:AdvanceFrame (single,single) (at Assets/AreaBattle/Scripts/BattleView.cs:374)
AreaBattle.EditorTools.OriginalVideoValidation/<>c:<Run>b__6_7 () (at Assets/AreaBattle/Editor/OriginalVideoValidation.cs:116)
AreaBattle.EditorTools.OriginalVideoValidation/<>c__DisplayClass6_0:<Run>b__0 (string,System.Action) (at Assets/AreaBattle/Editor/OriginalVideoValidation.cs:35)
AreaBattle.EditorTools.OriginalVideoValidation:Run () (at Assets/AreaBattle/Editor/OriginalVideoValidation.cs:107)
System.Reflection.RuntimeMethodInfo:Invoke (object,System.Reflection.BindingFlags,System.Reflection.Binder,object[],System.Globalization.CultureInfo)
System.Reflection.MethodBase:Invoke (object,object[])
AreaBattle.EditorTools.BattleBuild:ValidateIntegrated () (at Assets/AreaBattle/Editor/BattleBuild.cs:32)
AreaBattle.EditorTools.BattleBuild:ValidateMechanicsOnly () (at Assets/AreaBattle/Editor/BattleBuild.cs:18)

[Assets/AreaBattle/Scripts/RecoveredWayLineVisual.cs line 21]

Instantiating material due to calling renderer.material during edit mode. This will leak materials into the scene. You most likely want to use renderer.sharedMaterial instead.
UnityEngine.Debug:ExtractStackTraceNoAlloc (byte*,int,string)
UnityEngine.StackTraceUtility:ExtractStackTrace () (at /Users/bokken/build/output/unity/unity/Runtime/Export/Scripting/StackTrace.cs:35)
UnityEngine.Renderer:GetMaterial ()
UnityEngine.Renderer:get_material () (at /Users/bokken/build/output/unity/unity/Runtime/Export/Graphics/GraphicsRenderers.bindings.cs:180)
AreaBattle.RecoveredWayLineVisual:Initialize () (at Assets/AreaBattle/Scripts/RecoveredWayLineVisual.cs:33)
AreaBattle.RecoveredWayLineVisual:SetLine (UnityEngine.Vector3,UnityEngine.Vector3,UnityEngine.Color,UnityEngine.Color,bool,bool,single) (at Assets/AreaBattle/Scripts/RecoveredWayLineVisual.cs:56)
AreaBattle.RecoveredWayLineVisual:Synchronize (AreaBattle.LineState,AreaBattle.TowerState,AreaBattle.TowerState,UnityEngine.Color,UnityEngine.Color,single) (at Assets/AreaBattle/Scripts/RecoveredWayLineVisual.cs:46)
AreaBattle.RecoveredWayLineVisual:Synchronize (AreaBattle.LineState,AreaBattle.TowerState,AreaBattle.TowerState,single) (at Assets/AreaBattle/Scripts/RecoveredWayLineVisual.cs:21)
AreaBattle.BattleView:RefreshPresentation () (at Assets/AreaBattle/Scripts/BattleView.cs:566)
AreaBattle.BattleView:AdvanceFrame (single,single) (at Assets/AreaBattle/Scripts/BattleView.cs:374)
AreaBattle.EditorTools.OriginalVideoValidation/<>c:<Run>b__6_7 () (at Assets/AreaBattle/Editor/OriginalVideoValidation.cs:116)
AreaBattle.EditorTools.OriginalVideoValidation/<>c__DisplayClass6_0:<Run>b__0 (string,System.Action) (at Assets/AreaBattle/Editor/OriginalVideoValidation.cs:35)
AreaBattle.EditorTools.OriginalVideoValidation:Run () (at Assets/AreaBattle/Editor/OriginalVideoValidation.cs:107)
System.Reflection.RuntimeMethodInfo:Invoke (object,System.Reflection.BindingFlags,System.Reflection.Binder,object[],System.Globalization.CultureInfo)
System.Reflection.MethodBase:Invoke (object,object[])
AreaBattle.EditorTools.BattleBuild:ValidateIntegrated () (at Assets/AreaBattle/Editor/BattleBuild.cs:32)
AreaBattle.EditorTools.BattleBuild:ValidateMechanicsOnly () (at Assets/AreaBattle/Editor/BattleBuild.cs:18)

[Assets/AreaBattle/Scripts/RecoveredWayLineVisual.cs line 21]

AREABATTLE_GUIDE_VALIDATION_PASS 17
UnityEngine.Debug:ExtractStackTraceNoAlloc (byte*,int,string)
UnityEngine.StackTraceUtility:ExtractStackTrace () (at /Users/bokken/build/output/unity/unity/Runtime/Export/Scripting/StackTrace.cs:35)
UnityEngine.DebugLogHandler:Internal_Log (UnityEngine.LogType,UnityEngine.LogOption,string,UnityEngine.Object)
UnityEngine.DebugLogHandler:LogFormat (UnityEngine.LogType,UnityEngine.Object,string,object[])
UnityEngine.Logger:Log (UnityEngine.LogType,object)
UnityEngine.Debug:Log (object)
AreaBattle.EditorTools.GuideValidation:Run () (at Assets/AreaBattle/Editor/GuideValidation.cs:253)
System.Reflection.RuntimeMethodInfo:Invoke (object,System.Reflection.BindingFlags,System.Reflection.Binder,object[],System.Globalization.CultureInfo)
System.Reflection.MethodBase:Invoke (object,object[])
AreaBattle.EditorTools.BattleBuild:ValidateIntegrated () (at Assets/AreaBattle/Editor/BattleBuild.cs:32)
AreaBattle.EditorTools.BattleBuild:ValidateMechanicsOnly () (at Assets/AreaBattle/Editor/BattleBuild.cs:18)

(Filename: Assets/AreaBattle/Editor/GuideValidation.cs Line: 253)

Curl error 35: Cert verify failed. Certificate could not be verified (either omitted or unsupported). UnityTls error code: 7
Instantiating material due to calling renderer.material during edit mode. This will leak materials into the scene. You most likely want to use renderer.sharedMaterial instead.
UnityEngine.Debug:ExtractStackTraceNoAlloc (byte*,int,string)
UnityEngine.StackTraceUtility:ExtractStackTrace () (at /Users/bokken/build/output/unity/unity/Runtime/Export/Scripting/StackTrace.cs:35)
UnityEngine.Renderer:GetMaterial ()
UnityEngine.Renderer:get_material () (at /Users/bokken/build/output/unity/unity/Runtime/Export/Graphics/GraphicsRenderers.bindings.cs:180)
AreaBattle.RecoveredWayLineVisual:Initialize () (at Assets/AreaBattle/Scripts/RecoveredWayLineVisual.cs:33)
AreaBattle.RecoveredWayLineVisual:SetLine (UnityEngine.Vector3,UnityEngine.Vector3,UnityEngine.Color,UnityEngine.Color,bool,bool,single) (at Assets/AreaBattle/Scripts/RecoveredWayLineVisual.cs:56)
AreaBattle.RecoveredWayLineVisual:Synchronize (AreaBattle.LineState,AreaBattle.TowerState,AreaBattle.TowerState,UnityEngine.Color,UnityEngine.Color,single) (at Assets/AreaBattle/Scripts/RecoveredWayLineVisual.cs:46)
AreaBattle.RecoveredWayLineVisual:Synchronize (AreaBattle.LineState,AreaBattle.TowerState,AreaBattle.TowerState,single) (at Assets/AreaBattle/Scripts/RecoveredWayLineVisual.cs:21)
AreaBattle.BattleView:RefreshPresentation () (at Assets/AreaBattle/Scripts/BattleView.cs:566)
AreaBattle.BattleView:AdvanceFrame (single,single) (at Assets/AreaBattle/Scripts/BattleView.cs:374)
AreaBattle.EditorTools.SkillInputValidation/<>c__DisplayClass1_3:<Run>b__19 () (at Assets/AreaBattle/Editor/SkillInputValidation.cs:177)
AreaBattle.EditorTools.SkillInputValidation/<>c__DisplayClass1_0:<Run>b__0 (string,System.Action) (at Assets/AreaBattle/Editor/SkillInputValidation.cs:18)
AreaBattle.EditorTools.SkillInputValidation:Run () (at Assets/AreaBattle/Editor/SkillInputValidation.cs:152)
System.Reflection.RuntimeMethodInfo:Invoke (object,System.Reflection.BindingFlags,System.Reflection.Binder,object[],System.Globalization.CultureInfo)
System.Reflection.MethodBase:Invoke (object,object[])
AreaBattle.EditorTools.BattleBuild:ValidateIntegrated () (at Assets/AreaBattle/Editor/BattleBuild.cs:32)
AreaBattle.EditorTools.BattleBuild:ValidateMechanicsOnly () (at Assets/AreaBattle/Editor/BattleBuild.cs:18)

[Assets/AreaBattle/Scripts/RecoveredWayLineVisual.cs line 21]

Instantiating material due to calling renderer.material during edit mode. This will leak materials into the scene. You most likely want to use renderer.sharedMaterial instead.
UnityEngine.Debug:ExtractStackTraceNoAlloc (byte*,int,string)
UnityEngine.StackTraceUtility:ExtractStackTrace () (at /Users/bokken/build/output/unity/unity/Runtime/Export/Scripting/StackTrace.cs:35)
UnityEngine.Renderer:GetMaterial ()
UnityEngine.Renderer:get_material () (at /Users/bokken/build/output/unity/unity/Runtime/Export/Graphics/GraphicsRenderers.bindings.cs:180)
AreaBattle.RecoveredWayLineVisual:Initialize () (at Assets/AreaBattle/Scripts/RecoveredWayLineVisual.cs:33)
AreaBattle.RecoveredWayLineVisual:SetLine (UnityEngine.Vector3,UnityEngine.Vector3,UnityEngine.Color,UnityEngine.Color,bool,bool,single) (at Assets/AreaBattle/Scripts/RecoveredWayLineVisual.cs:56)
AreaBattle.RecoveredWayLineVisual:Synchronize (AreaBattle.LineState,AreaBattle.TowerState,AreaBattle.TowerState,UnityEngine.Color,UnityEngine.Color,single) (at Assets/AreaBattle/Scripts/RecoveredWayLineVisual.cs:46)
AreaBattle.RecoveredWayLineVisual:Synchronize (AreaBattle.LineState,AreaBattle.TowerState,AreaBattle.TowerState,single) (at Assets/AreaBattle/Scripts/RecoveredWayLineVisual.cs:21)
AreaBattle.BattleView:RefreshPresentation () (at Assets/AreaBattle/Scripts/BattleView.cs:566)
AreaBattle.BattleView:AdvanceFrame (single,single) (at Assets/AreaBattle/Scripts/BattleView.cs:374)
AreaBattle.EditorTools.SkillInputValidation/<>c__DisplayClass1_3:<Run>b__19 () (at Assets/AreaBattle/Editor/SkillInputValidation.cs:177)
AreaBattle.EditorTools.SkillInputValidation/<>c__DisplayClass1_0:<Run>b__0 (string,System.Action) (at Assets/AreaBattle/Editor/SkillInputValidation.cs:18)
AreaBattle.EditorTools.SkillInputValidation:Run () (at Assets/AreaBattle/Editor/SkillInputValidation.cs:152)
System.Reflection.RuntimeMethodInfo:Invoke (object,System.Reflection.BindingFlags,System.Reflection.Binder,object[],System.Globalization.CultureInfo)
System.Reflection.MethodBase:Invoke (object,object[])
AreaBattle.EditorTools.BattleBuild:ValidateIntegrated () (at Assets/AreaBattle/Editor/BattleBuild.cs:32)
AreaBattle.EditorTools.BattleBuild:ValidateMechanicsOnly () (at Assets/AreaBattle/Editor/BattleBuild.cs:18)

[Assets/AreaBattle/Scripts/RecoveredWayLineVisual.cs line 21]

Instantiating material due to calling renderer.material during edit mode. This will leak materials into the scene. You most likely want to use renderer.sharedMaterial instead.
UnityEngine.Debug:ExtractStackTraceNoAlloc (byte*,int,string)
UnityEngine.StackTraceUtility:ExtractStackTrace () (at /Users/bokken/build/output/unity/unity/Runtime/Export/Scripting/StackTrace.cs:35)
UnityEngine.Renderer:GetMaterial ()
UnityEngine.Renderer:get_material () (at /Users/bokken/build/output/unity/unity/Runtime/Export/Graphics/GraphicsRenderers.bindings.cs:180)
AreaBattle.RecoveredWayLineVisual:Initialize () (at Assets/AreaBattle/Scripts/RecoveredWayLineVisual.cs:33)
AreaBattle.RecoveredWayLineVisual:SetLine (UnityEngine.Vector3,UnityEngine.Vector3,UnityEngine.Color,UnityEngine.Color,bool,bool,single) (at Assets/AreaBattle/Scripts/RecoveredWayLineVisual.cs:56)
AreaBattle.RecoveredWayLineVisual:Synchronize (AreaBattle.LineState,AreaBattle.TowerState,AreaBattle.TowerState,UnityEngine.Color,UnityEngine.Color,single) (at Assets/AreaBattle/Scripts/RecoveredWayLineVisual.cs:46)
AreaBattle.RecoveredWayLineVisual:Synchronize (AreaBattle.LineState,AreaBattle.TowerState,AreaBattle.TowerState,single) (at Assets/AreaBattle/Scripts/RecoveredWayLineVisual.cs:21)
AreaBattle.BattleView:RefreshPresentation () (at Assets/AreaBattle/Scripts/BattleView.cs:566)
AreaBattle.BattleView:AdvanceFrame (single,single) (at Assets/AreaBattle/Scripts/BattleView.cs:374)
AreaBattle.EditorTools.SkillInputValidation/<>c__DisplayClass1_3:<Run>b__19 () (at Assets/AreaBattle/Editor/SkillInputValidation.cs:177)
AreaBattle.EditorTools.SkillInputValidation/<>c__DisplayClass1_0:<Run>b__0 (string,System.Action) (at Assets/AreaBattle/Editor/SkillInputValidation.cs:18)
AreaBattle.EditorTools.SkillInputValidation:Run () (at Assets/AreaBattle/Editor/SkillInputValidation.cs:152)
System.Reflection.RuntimeMethodInfo:Invoke (object,System.Reflection.BindingFlags,System.Reflection.Binder,object[],System.Globalization.CultureInfo)
System.Reflection.MethodBase:Invoke (object,object[])
AreaBattle.EditorTools.BattleBuild:ValidateIntegrated () (at Assets/AreaBattle/Editor/BattleBuild.cs:32)
AreaBattle.EditorTools.BattleBuild:ValidateMechanicsOnly () (at Assets/AreaBattle/Editor/BattleBuild.cs:18)

[Assets/AreaBattle/Scripts/RecoveredWayLineVisual.cs line 21]

Instantiating material due to calling renderer.material during edit mode. This will leak materials into the scene. You most likely want to use renderer.sharedMaterial instead.
UnityEngine.Debug:ExtractStackTraceNoAlloc (byte*,int,string)
UnityEngine.StackTraceUtility:ExtractStackTrace () (at /Users/bokken/build/output/unity/unity/Runtime/Export/Scripting/StackTrace.cs:35)
UnityEngine.Renderer:GetMaterial ()
UnityEngine.Renderer:get_material () (at /Users/bokken/build/output/unity/unity/Runtime/Export/Graphics/GraphicsRenderers.bindings.cs:180)
AreaBattle.RecoveredWayLineVisual:Initialize () (at Assets/AreaBattle/Scripts/RecoveredWayLineVisual.cs:33)
AreaBattle.RecoveredWayLineVisual:SetLine (UnityEngine.Vector3,UnityEngine.Vector3,UnityEngine.Color,UnityEngine.Color,bool,bool,single) (at Assets/AreaBattle/Scripts/RecoveredWayLineVisual.cs:56)
AreaBattle.RecoveredWayLineVisual:Synchronize (AreaBattle.LineState,AreaBattle.TowerState,AreaBattle.TowerState,UnityEngine.Color,UnityEngine.Color,single) (at Assets/AreaBattle/Scripts/RecoveredWayLineVisual.cs:46)
AreaBattle.RecoveredWayLineVisual:Synchronize (AreaBattle.LineState,AreaBattle.TowerState,AreaBattle.TowerState,single) (at Assets/AreaBattle/Scripts/RecoveredWayLineVisual.cs:21)
AreaBattle.BattleView:RefreshPresentation () (at Assets/AreaBattle/Scripts/BattleView.cs:566)
AreaBattle.BattleView:AdvanceFrame (single,single) (at Assets/AreaBattle/Scripts/BattleView.cs:374)
AreaBattle.EditorTools.SkillInputValidation/<>c__DisplayClass1_3:<Run>b__19 () (at Assets/AreaBattle/Editor/SkillInputValidation.cs:177)
AreaBattle.EditorTools.SkillInputValidation/<>c__DisplayClass1_0:<Run>b__0 (string,System.Action) (at Assets/AreaBattle/Editor/SkillInputValidation.cs:18)
AreaBattle.EditorTools.SkillInputValidation:Run () (at Assets/AreaBattle/Editor/SkillInputValidation.cs:152)
System.Reflection.RuntimeMethodInfo:Invoke (object,System.Reflection.BindingFlags,System.Reflection.Binder,object[],System.Globalization.CultureInfo)
System.Reflection.MethodBase:Invoke (object,object[])
AreaBattle.EditorTools.BattleBuild:ValidateIntegrated () (at Assets/AreaBattle/Editor/BattleBuild.cs:32)
AreaBattle.EditorTools.BattleBuild:ValidateMechanicsOnly () (at Assets/AreaBattle/Editor/BattleBuild.cs:18)

[Assets/AreaBattle/Scripts/RecoveredWayLineVisual.cs line 21]

Instantiating material due to calling renderer.material during edit mode. This will leak materials into the scene. You most likely want to use renderer.sharedMaterial instead.
UnityEngine.Debug:ExtractStackTraceNoAlloc (byte*,int,string)
UnityEngine.StackTraceUtility:ExtractStackTrace () (at /Users/bokken/build/output/unity/unity/Runtime/Export/Scripting/StackTrace.cs:35)
UnityEngine.Renderer:GetMaterial ()
UnityEngine.Renderer:get_material () (at /Users/bokken/build/output/unity/unity/Runtime/Export/Graphics/GraphicsRenderers.bindings.cs:180)
AreaBattle.RecoveredWayLineVisual:Initialize () (at Assets/AreaBattle/Scripts/RecoveredWayLineVisual.cs:33)
AreaBattle.RecoveredWayLineVisual:SetLine (UnityEngine.Vector3,UnityEngine.Vector3,UnityEngine.Color,UnityEngine.Color,bool,bool,single) (at Assets/AreaBattle/Scripts/RecoveredWayLineVisual.cs:56)
AreaBattle.RecoveredWayLineVisual:Synchronize (AreaBattle.LineState,AreaBattle.TowerState,AreaBattle.TowerState,UnityEngine.Color,UnityEngine.Color,single) (at Assets/AreaBattle/Scripts/RecoveredWayLineVisual.cs:46)
AreaBattle.RecoveredWayLineVisual:Synchronize (AreaBattle.LineState,AreaBattle.TowerState,AreaBattle.TowerState,single) (at Assets/AreaBattle/Scripts/RecoveredWayLineVisual.cs:21)
AreaBattle.BattleView:RefreshPresentation () (at Assets/AreaBattle/Scripts/BattleView.cs:566)
AreaBattle.BattleView:AdvanceFrame (single,single) (at Assets/AreaBattle/Scripts/BattleView.cs:374)
AreaBattle.EditorTools.SkillInputValidation/<>c__DisplayClass1_3:<Run>b__19 () (at Assets/AreaBattle/Editor/SkillInputValidation.cs:177)
AreaBattle.EditorTools.SkillInputValidation/<>c__DisplayClass1_0:<Run>b__0 (string,System.Action) (at Assets/AreaBattle/Editor/SkillInputValidation.cs:18)
AreaBattle.EditorTools.SkillInputValidation:Run () (at Assets/AreaBattle/Editor/SkillInputValidation.cs:152)
System.Reflection.RuntimeMethodInfo:Invoke (object,System.Reflection.BindingFlags,System.Reflection.Binder,object[],System.Globalization.CultureInfo)
System.Reflection.MethodBase:Invoke (object,object[])
AreaBattle.EditorTools.BattleBuild:ValidateIntegrated () (at Assets/AreaBattle/Editor/BattleBuild.cs:32)
AreaBattle.EditorTools.BattleBuild:ValidateMechanicsOnly () (at Assets/AreaBattle/Editor/BattleBuild.cs:18)

[Assets/AreaBattle/Scripts/RecoveredWayLineVisual.cs line 21]

Instantiating material due to calling renderer.material during edit mode. This will leak materials into the scene. You most likely want to use renderer.sharedMaterial instead.
UnityEngine.Debug:ExtractStackTraceNoAlloc (byte*,int,string)
UnityEngine.StackTraceUtility:ExtractStackTrace () (at /Users/bokken/build/output/unity/unity/Runtime/Export/Scripting/StackTrace.cs:35)
UnityEngine.Renderer:GetMaterial ()
UnityEngine.Renderer:get_material () (at /Users/bokken/build/output/unity/unity/Runtime/Export/Graphics/GraphicsRenderers.bindings.cs:180)
AreaBattle.RecoveredWayLineVisual:Initialize () (at Assets/AreaBattle/Scripts/RecoveredWayLineVisual.cs:33)
AreaBattle.RecoveredWayLineVisual:SetLine (UnityEngine.Vector3,UnityEngine.Vector3,UnityEngine.Color,UnityEngine.Color,bool,bool,single) (at Assets/AreaBattle/Scripts/RecoveredWayLineVisual.cs:56)
AreaBattle.RecoveredWayLineVisual:Synchronize (AreaBattle.LineState,AreaBattle.TowerState,AreaBattle.TowerState,UnityEngine.Color,UnityEngine.Color,single) (at Assets/AreaBattle/Scripts/RecoveredWayLineVisual.cs:46)
AreaBattle.RecoveredWayLineVisual:Synchronize (AreaBattle.LineState,AreaBattle.TowerState,AreaBattle.TowerState,single) (at Assets/AreaBattle/Scripts/RecoveredWayLineVisual.cs:21)
AreaBattle.BattleView:RefreshPresentation () (at Assets/AreaBattle/Scripts/BattleView.cs:566)
AreaBattle.BattleView:AdvanceFrame (single,single) (at Assets/AreaBattle/Scripts/BattleView.cs:374)
AreaBattle.EditorTools.SkillInputValidation/<>c__DisplayClass1_3:<Run>b__19 () (at Assets/AreaBattle/Editor/SkillInputValidation.cs:177)
AreaBattle.EditorTools.SkillInputValidation/<>c__DisplayClass1_0:<Run>b__0 (string,System.Action) (at Assets/AreaBattle/Editor/SkillInputValidation.cs:18)
AreaBattle.EditorTools.SkillInputValidation:Run () (at Assets/AreaBattle/Editor/SkillInputValidation.cs:152)
System.Reflection.RuntimeMethodInfo:Invoke (object,System.Reflection.BindingFlags,System.Reflection.Binder,object[],System.Globalization.CultureInfo)
System.Reflection.MethodBase:Invoke (object,object[])
AreaBattle.EditorTools.BattleBuild:ValidateIntegrated () (at Assets/AreaBattle/Editor/BattleBuild.cs:32)
AreaBattle.EditorTools.BattleBuild:ValidateMechanicsOnly () (at Assets/AreaBattle/Editor/BattleBuild.cs:18)

[Assets/AreaBattle/Scripts/RecoveredWayLineVisual.cs line 21]

Instantiating material due to calling renderer.material during edit mode. This will leak materials into the scene. You most likely want to use renderer.sharedMaterial instead.
UnityEngine.Debug:ExtractStackTraceNoAlloc (byte*,int,string)
UnityEngine.StackTraceUtility:ExtractStackTrace () (at /Users/bokken/build/output/unity/unity/Runtime/Export/Scripting/StackTrace.cs:35)
UnityEngine.Renderer:GetMaterial ()
UnityEngine.Renderer:get_material () (at /Users/bokken/build/output/unity/unity/Runtime/Export/Graphics/GraphicsRenderers.bindings.cs:180)
AreaBattle.RecoveredWayLineVisual:Initialize () (at Assets/AreaBattle/Scripts/RecoveredWayLineVisual.cs:33)
AreaBattle.RecoveredWayLineVisual:SetLine (UnityEngine.Vector3,UnityEngine.Vector3,UnityEngine.Color,UnityEngine.Color,bool,bool,single) (at Assets/AreaBattle/Scripts/RecoveredWayLineVisual.cs:56)
AreaBattle.RecoveredWayLineVisual:Synchronize (AreaBattle.LineState,AreaBattle.TowerState,AreaBattle.TowerState,UnityEngine.Color,UnityEngine.Color,single) (at Assets/AreaBattle/Scripts/RecoveredWayLineVisual.cs:46)
AreaBattle.RecoveredWayLineVisual:Synchronize (AreaBattle.LineState,AreaBattle.TowerState,AreaBattle.TowerState,single) (at Assets/AreaBattle/Scripts/RecoveredWayLineVisual.cs:21)
AreaBattle.BattleView:RefreshPresentation () (at Assets/AreaBattle/Scripts/BattleView.cs:566)
AreaBattle.BattleView:AdvanceFrame (single,single) (at Assets/AreaBattle/Scripts/BattleView.cs:374)
AreaBattle.EditorTools.SkillInputValidation/<>c__DisplayClass1_3:<Run>b__19 () (at Assets/AreaBattle/Editor/SkillInputValidation.cs:177)
AreaBattle.EditorTools.SkillInputValidation/<>c__DisplayClass1_0:<Run>b__0 (string,System.Action) (at Assets/AreaBattle/Editor/SkillInputValidation.cs:18)
AreaBattle.EditorTools.SkillInputValidation:Run () (at Assets/AreaBattle/Editor/SkillInputValidation.cs:152)
System.Reflection.RuntimeMethodInfo:Invoke (object,System.Reflection.BindingFlags,System.Reflection.Binder,object[],System.Globalization.CultureInfo)
System.Reflection.MethodBase:Invoke (object,object[])
AreaBattle.EditorTools.BattleBuild:ValidateIntegrated () (at Assets/AreaBattle/Editor/BattleBuild.cs:32)
AreaBattle.EditorTools.BattleBuild:ValidateMechanicsOnly () (at Assets/AreaBattle/Editor/BattleBuild.cs:18)

[Assets/AreaBattle/Scripts/RecoveredWayLineVisual.cs line 21]

Instantiating material due to calling renderer.material during edit mode. This will leak materials into the scene. You most likely want to use renderer.sharedMaterial instead.
UnityEngine.Debug:ExtractStackTraceNoAlloc (byte*,int,string)
UnityEngine.StackTraceUtility:ExtractStackTrace () (at /Users/bokken/build/output/unity/unity/Runtime/Export/Scripting/StackTrace.cs:35)
UnityEngine.Renderer:GetMaterial ()
UnityEngine.Renderer:get_material () (at /Users/bokken/build/output/unity/unity/Runtime/Export/Graphics/GraphicsRenderers.bindings.cs:180)
AreaBattle.RecoveredWayLineVisual:Initialize () (at Assets/AreaBattle/Scripts/RecoveredWayLineVisual.cs:33)
AreaBattle.RecoveredWayLineVisual:SetLine (UnityEngine.Vector3,UnityEngine.Vector3,UnityEngine.Color,UnityEngine.Color,bool,bool,single) (at Assets/AreaBattle/Scripts/RecoveredWayLineVisual.cs:56)
AreaBattle.RecoveredWayLineVisual:Synchronize (AreaBattle.LineState,AreaBattle.TowerState,AreaBattle.TowerState,UnityEngine.Color,UnityEngine.Color,single) (at Assets/AreaBattle/Scripts/RecoveredWayLineVisual.cs:46)
AreaBattle.RecoveredWayLineVisual:Synchronize (AreaBattle.LineState,AreaBattle.TowerState,AreaBattle.TowerState,single) (at Assets/AreaBattle/Scripts/RecoveredWayLineVisual.cs:21)
AreaBattle.BattleView:RefreshPresentation () (at Assets/AreaBattle/Scripts/BattleView.cs:566)
AreaBattle.BattleView:AdvanceFrame (single,single) (at Assets/AreaBattle/Scripts/BattleView.cs:374)
AreaBattle.EditorTools.SkillInputValidation/<>c__DisplayClass1_3:<Run>b__19 () (at Assets/AreaBattle/Editor/SkillInputValidation.cs:177)
AreaBattle.EditorTools.SkillInputValidation/<>c__DisplayClass1_0:<Run>b__0 (string,System.Action) (at Assets/AreaBattle/Editor/SkillInputValidation.cs:18)
AreaBattle.EditorTools.SkillInputValidation:Run () (at Assets/AreaBattle/Editor/SkillInputValidation.cs:152)
System.Reflection.RuntimeMethodInfo:Invoke (object,System.Reflection.BindingFlags,System.Reflection.Binder,object[],System.Globalization.CultureInfo)
System.Reflection.MethodBase:Invoke (object,object[])
AreaBattle.EditorTools.BattleBuild:ValidateIntegrated () (at Assets/AreaBattle/Editor/BattleBuild.cs:32)
AreaBattle.EditorTools.BattleBuild:ValidateMechanicsOnly () (at Assets/AreaBattle/Editor/BattleBuild.cs:18)

[Assets/AreaBattle/Scripts/RecoveredWayLineVisual.cs line 21]

Instantiating material due to calling renderer.material during edit mode. This will leak materials into the scene. You most likely want to use renderer.sharedMaterial instead.
UnityEngine.Debug:ExtractStackTraceNoAlloc (byte*,int,string)
UnityEngine.StackTraceUtility:ExtractStackTrace () (at /Users/bokken/build/output/unity/unity/Runtime/Export/Scripting/StackTrace.cs:35)
UnityEngine.Renderer:GetMaterial ()
UnityEngine.Renderer:get_material () (at /Users/bokken/build/output/unity/unity/Runtime/Export/Graphics/GraphicsRenderers.bindings.cs:180)
AreaBattle.RecoveredWayLineVisual:Initialize () (at Assets/AreaBattle/Scripts/RecoveredWayLineVisual.cs:33)
AreaBattle.RecoveredWayLineVisual:SetLine (UnityEngine.Vector3,UnityEngine.Vector3,UnityEngine.Color,UnityEngine.Color,bool,bool,single) (at Assets/AreaBattle/Scripts/RecoveredWayLineVisual.cs:56)
AreaBattle.RecoveredWayLineVisual:Synchronize (AreaBattle.LineState,AreaBattle.TowerState,AreaBattle.TowerState,UnityEngine.Color,UnityEngine.Color,single) (at Assets/AreaBattle/Scripts/RecoveredWayLineVisual.cs:46)
AreaBattle.RecoveredWayLineVisual:Synchronize (AreaBattle.LineState,AreaBattle.TowerState,AreaBattle.TowerState,single) (at Assets/AreaBattle/Scripts/RecoveredWayLineVisual.cs:21)
AreaBattle.BattleView:RefreshPresentation () (at Assets/AreaBattle/Scripts/BattleView.cs:566)
AreaBattle.BattleView:AdvanceFrame (single,single) (at Assets/AreaBattle/Scripts/BattleView.cs:374)
AreaBattle.EditorTools.SkillInputValidation/<>c__DisplayClass1_3:<Run>b__19 () (at Assets/AreaBattle/Editor/SkillInputValidation.cs:177)
AreaBattle.EditorTools.SkillInputValidation/<>c__DisplayClass1_0:<Run>b__0 (string,System.Action) (at Assets/AreaBattle/Editor/SkillInputValidation.cs:18)
AreaBattle.EditorTools.SkillInputValidation:Run () (at Assets/AreaBattle/Editor/SkillInputValidation.cs:152)
System.Reflection.RuntimeMethodInfo:Invoke (object,System.Reflection.BindingFlags,System.Reflection.Binder,object[],System.Globalization.CultureInfo)
System.Reflection.MethodBase:Invoke (object,object[])
AreaBattle.EditorTools.BattleBuild:ValidateIntegrated () (at Assets/AreaBattle/Editor/BattleBuild.cs:32)
AreaBattle.EditorTools.BattleBuild:ValidateMechanicsOnly () (at Assets/AreaBattle/Editor/BattleBuild.cs:18)

[Assets/AreaBattle/Scripts/RecoveredWayLineVisual.cs line 21]

Instantiating material due to calling renderer.material during edit mode. This will leak materials into the scene. You most likely want to use renderer.sharedMaterial instead.
UnityEngine.Debug:ExtractStackTraceNoAlloc (byte*,int,string)
UnityEngine.StackTraceUtility:ExtractStackTrace () (at /Users/bokken/build/output/unity/unity/Runtime/Export/Scripting/StackTrace.cs:35)
UnityEngine.Renderer:GetMaterial ()
UnityEngine.Renderer:get_material () (at /Users/bokken/build/output/unity/unity/Runtime/Export/Graphics/GraphicsRenderers.bindings.cs:180)
AreaBattle.RecoveredWayLineVisual:Initialize () (at Assets/AreaBattle/Scripts/RecoveredWayLineVisual.cs:33)
AreaBattle.RecoveredWayLineVisual:SetLine (UnityEngine.Vector3,UnityEngine.Vector3,UnityEngine.Color,UnityEngine.Color,bool,bool,single) (at Assets/AreaBattle/Scripts/RecoveredWayLineVisual.cs:56)
AreaBattle.RecoveredWayLineVisual:Synchronize (AreaBattle.LineState,AreaBattle.TowerState,AreaBattle.TowerState,UnityEngine.Color,UnityEngine.Color,single) (at Assets/AreaBattle/Scripts/RecoveredWayLineVisual.cs:46)
AreaBattle.RecoveredWayLineVisual:Synchronize (AreaBattle.LineState,AreaBattle.TowerState,AreaBattle.TowerState,single) (at Assets/AreaBattle/Scripts/RecoveredWayLineVisual.cs:21)
AreaBattle.BattleView:RefreshPresentation () (at Assets/AreaBattle/Scripts/BattleView.cs:566)
AreaBattle.BattleView:AdvanceFrame (single,single) (at Assets/AreaBattle/Scripts/BattleView.cs:374)
AreaBattle.EditorTools.SkillInputValidation/<>c__DisplayClass1_3:<Run>b__19 () (at Assets/AreaBattle/Editor/SkillInputValidation.cs:177)
AreaBattle.EditorTools.SkillInputValidation/<>c__DisplayClass1_0:<Run>b__0 (string,System.Action) (at Assets/AreaBattle/Editor/SkillInputValidation.cs:18)
AreaBattle.EditorTools.SkillInputValidation:Run () (at Assets/AreaBattle/Editor/SkillInputValidation.cs:152)
System.Reflection.RuntimeMethodInfo:Invoke (object,System.Reflection.BindingFlags,System.Reflection.Binder,object[],System.Globalization.CultureInfo)
System.Reflection.MethodBase:Invoke (object,object[])
AreaBattle.EditorTools.BattleBuild:ValidateIntegrated () (at Assets/AreaBattle/Editor/BattleBuild.cs:32)
AreaBattle.EditorTools.BattleBuild:ValidateMechanicsOnly () (at Assets/AreaBattle/Editor/BattleBuild.cs:18)

[Assets/AreaBattle/Scripts/RecoveredWayLineVisual.cs line 21]

Instantiating material due to calling renderer.material during edit mode. This will leak materials into the scene. You most likely want to use renderer.sharedMaterial instead.
UnityEngine.Debug:ExtractStackTraceNoAlloc (byte*,int,string)
UnityEngine.StackTraceUtility:ExtractStackTrace () (at /Users/bokken/build/output/unity/unity/Runtime/Export/Scripting/StackTrace.cs:35)
UnityEngine.Renderer:GetMaterial ()
UnityEngine.Renderer:get_material () (at /Users/bokken/build/output/unity/unity/Runtime/Export/Graphics/GraphicsRenderers.bindings.cs:180)
AreaBattle.RecoveredWayLineVisual:Initialize () (at Assets/AreaBattle/Scripts/RecoveredWayLineVisual.cs:33)
AreaBattle.RecoveredWayLineVisual:SetLine (UnityEngine.Vector3,UnityEngine.Vector3,UnityEngine.Color,UnityEngine.Color,bool,bool,single) (at Assets/AreaBattle/Scripts/RecoveredWayLineVisual.cs:56)
AreaBattle.RecoveredWayLineVisual:Synchronize (AreaBattle.LineState,AreaBattle.TowerState,AreaBattle.TowerState,UnityEngine.Color,UnityEngine.Color,single) (at Assets/AreaBattle/Scripts/RecoveredWayLineVisual.cs:46)
AreaBattle.RecoveredWayLineVisual:Synchronize (AreaBattle.LineState,AreaBattle.TowerState,AreaBattle.TowerState,single) (at Assets/AreaBattle/Scripts/RecoveredWayLineVisual.cs:21)
AreaBattle.BattleView:RefreshPresentation () (at Assets/AreaBattle/Scripts/BattleView.cs:566)
AreaBattle.BattleView:AdvanceFrame (single,single) (at Assets/AreaBattle/Scripts/BattleView.cs:374)
AreaBattle.EditorTools.SkillInputValidation/<>c__DisplayClass1_3:<Run>b__19 () (at Assets/AreaBattle/Editor/SkillInputValidation.cs:177)
AreaBattle.EditorTools.SkillInputValidation/<>c__DisplayClass1_0:<Run>b__0 (string,System.Action) (at Assets/AreaBattle/Editor/SkillInputValidation.cs:18)
AreaBattle.EditorTools.SkillInputValidation:Run () (at Assets/AreaBattle/Editor/SkillInputValidation.cs:152)
System.Reflection.RuntimeMethodInfo:Invoke (object,System.Reflection.BindingFlags,System.Reflection.Binder,object[],System.Globalization.CultureInfo)
System.Reflection.MethodBase:Invoke (object,object[])
AreaBattle.EditorTools.BattleBuild:ValidateIntegrated () (at Assets/AreaBattle/Editor/BattleBuild.cs:32)
AreaBattle.EditorTools.BattleBuild:ValidateMechanicsOnly () (at Assets/AreaBattle/Editor/BattleBuild.cs:18)

[Assets/AreaBattle/Scripts/RecoveredWayLineVisual.cs line 21]

Instantiating material due to calling renderer.material during edit mode. This will leak materials into the scene. You most likely want to use renderer.sharedMaterial instead.
UnityEngine.Debug:ExtractStackTraceNoAlloc (byte*,int,string)
UnityEngine.StackTraceUtility:ExtractStackTrace () (at /Users/bokken/build/output/unity/unity/Runtime/Export/Scripting/StackTrace.cs:35)
UnityEngine.Renderer:GetMaterial ()
UnityEngine.Renderer:get_material () (at /Users/bokken/build/output/unity/unity/Runtime/Export/Graphics/GraphicsRenderers.bindings.cs:180)
AreaBattle.RecoveredWayLineVisual:Initialize () (at Assets/AreaBattle/Scripts/RecoveredWayLineVisual.cs:33)
AreaBattle.RecoveredWayLineVisual:SetLine (UnityEngine.Vector3,UnityEngine.Vector3,UnityEngine.Color,UnityEngine.Color,bool,bool,single) (at Assets/AreaBattle/Scripts/RecoveredWayLineVisual.cs:56)
AreaBattle.RecoveredWayLineVisual:Synchronize (AreaBattle.LineState,AreaBattle.TowerState,AreaBattle.TowerState,UnityEngine.Color,UnityEngine.Color,single) (at Assets/AreaBattle/Scripts/RecoveredWayLineVisual.cs:46)
AreaBattle.RecoveredWayLineVisual:Synchronize (AreaBattle.LineState,AreaBattle.TowerState,AreaBattle.TowerState,single) (at Assets/AreaBattle/Scripts/RecoveredWayLineVisual.cs:21)
AreaBattle.BattleView:RefreshPresentation () (at Assets/AreaBattle/Scripts/BattleView.cs:566)
AreaBattle.BattleView:AdvanceFrame (single,single) (at Assets/AreaBattle/Scripts/BattleView.cs:374)
AreaBattle.EditorTools.SkillInputValidation/<>c__DisplayClass1_3:<Run>b__19 () (at Assets/AreaBattle/Editor/SkillInputValidation.cs:177)
AreaBattle.EditorTools.SkillInputValidation/<>c__DisplayClass1_0:<Run>b__0 (string,System.Action) (at Assets/AreaBattle/Editor/SkillInputValidation.cs:18)
AreaBattle.EditorTools.SkillInputValidation:Run () (at Assets/AreaBattle/Editor/SkillInputValidation.cs:152)
System.Reflection.RuntimeMethodInfo:Invoke (object,System.Reflection.BindingFlags,System.Reflection.Binder,object[],System.Globalization.CultureInfo)
System.Reflection.MethodBase:Invoke (object,object[])
AreaBattle.EditorTools.BattleBuild:ValidateIntegrated () (at Assets/AreaBattle/Editor/BattleBuild.cs:32)
AreaBattle.EditorTools.BattleBuild:ValidateMechanicsOnly () (at Assets/AreaBattle/Editor/BattleBuild.cs:18)

[Assets/AreaBattle/Scripts/RecoveredWayLineVisual.cs line 21]

Instantiating material due to calling renderer.material during edit mode. This will leak materials into the scene. You most likely want to use renderer.sharedMaterial instead.
UnityEngine.Debug:ExtractStackTraceNoAlloc (byte*,int,string)
UnityEngine.StackTraceUtility:ExtractStackTrace () (at /Users/bokken/build/output/unity/unity/Runtime/Export/Scripting/StackTrace.cs:35)
UnityEngine.Renderer:GetMaterial ()
UnityEngine.Renderer:get_material () (at /Users/bokken/build/output/unity/unity/Runtime/Export/Graphics/GraphicsRenderers.bindings.cs:180)
AreaBattle.RecoveredWayLineVisual:Initialize () (at Assets/AreaBattle/Scripts/RecoveredWayLineVisual.cs:33)
AreaBattle.RecoveredWayLineVisual:SetLine (UnityEngine.Vector3,UnityEngine.Vector3,UnityEngine.Color,UnityEngine.Color,bool,bool,single) (at Assets/AreaBattle/Scripts/RecoveredWayLineVisual.cs:56)
AreaBattle.RecoveredWayLineVisual:Synchronize (AreaBattle.LineState,AreaBattle.TowerState,AreaBattle.TowerState,UnityEngine.Color,UnityEngine.Color,single) (at Assets/AreaBattle/Scripts/RecoveredWayLineVisual.cs:46)
AreaBattle.RecoveredWayLineVisual:Synchronize (AreaBattle.LineState,AreaBattle.TowerState,AreaBattle.TowerState,single) (at Assets/AreaBattle/Scripts/RecoveredWayLineVisual.cs:21)
AreaBattle.BattleView:RefreshPresentation () (at Assets/AreaBattle/Scripts/BattleView.cs:566)
AreaBattle.BattleView:AdvanceFrame (single,single) (at Assets/AreaBattle/Scripts/BattleView.cs:374)
AreaBattle.EditorTools.SkillInputValidation/<>c__DisplayClass1_3:<Run>b__19 () (at Assets/AreaBattle/Editor/SkillInputValidation.cs:177)
AreaBattle.EditorTools.SkillInputValidation/<>c__DisplayClass1_0:<Run>b__0 (string,System.Action) (at Assets/AreaBattle/Editor/SkillInputValidation.cs:18)
AreaBattle.EditorTools.SkillInputValidation:Run () (at Assets/AreaBattle/Editor/SkillInputValidation.cs:152)
System.Reflection.RuntimeMethodInfo:Invoke (object,System.Reflection.BindingFlags,System.Reflection.Binder,object[],System.Globalization.CultureInfo)
System.Reflection.MethodBase:Invoke (object,object[])
AreaBattle.EditorTools.BattleBuild:ValidateIntegrated () (at Assets/AreaBattle/Editor/BattleBuild.cs:32)
AreaBattle.EditorTools.BattleBuild:ValidateMechanicsOnly () (at Assets/AreaBattle/Editor/BattleBuild.cs:18)

[Assets/AreaBattle/Scripts/RecoveredWayLineVisual.cs line 21]

Instantiating material due to calling renderer.material during edit mode. This will leak materials into the scene. You most likely want to use renderer.sharedMaterial instead.
UnityEngine.Debug:ExtractStackTraceNoAlloc (byte*,int,string)
UnityEngine.StackTraceUtility:ExtractStackTrace () (at /Users/bokken/build/output/unity/unity/Runtime/Export/Scripting/StackTrace.cs:35)
UnityEngine.Renderer:GetMaterial ()
UnityEngine.Renderer:get_material () (at /Users/bokken/build/output/unity/unity/Runtime/Export/Graphics/GraphicsRenderers.bindings.cs:180)
AreaBattle.RecoveredWayLineVisual:Initialize () (at Assets/AreaBattle/Scripts/RecoveredWayLineVisual.cs:33)
AreaBattle.RecoveredWayLineVisual:SetLine (UnityEngine.Vector3,UnityEngine.Vector3,UnityEngine.Color,UnityEngine.Color,bool,bool,single) (at Assets/AreaBattle/Scripts/RecoveredWayLineVisual.cs:56)
AreaBattle.RecoveredWayLineVisual:Synchronize (AreaBattle.LineState,AreaBattle.TowerState,AreaBattle.TowerState,UnityEngine.Color,UnityEngine.Color,single) (at Assets/AreaBattle/Scripts/RecoveredWayLineVisual.cs:46)
AreaBattle.RecoveredWayLineVisual:Synchronize (AreaBattle.LineState,AreaBattle.TowerState,AreaBattle.TowerState,single) (at Assets/AreaBattle/Scripts/RecoveredWayLineVisual.cs:21)
AreaBattle.BattleView:RefreshPresentation () (at Assets/AreaBattle/Scripts/BattleView.cs:566)
AreaBattle.BattleView:AdvanceFrame (single,single) (at Assets/AreaBattle/Scripts/BattleView.cs:374)
AreaBattle.EditorTools.SkillInputValidation/<>c__DisplayClass1_3:<Run>b__19 () (at Assets/AreaBattle/Editor/SkillInputValidation.cs:177)
AreaBattle.EditorTools.SkillInputValidation/<>c__DisplayClass1_0:<Run>b__0 (string,System.Action) (at Assets/AreaBattle/Editor/SkillInputValidation.cs:18)
AreaBattle.EditorTools.SkillInputValidation:Run () (at Assets/AreaBattle/Editor/SkillInputValidation.cs:152)
System.Reflection.RuntimeMethodInfo:Invoke (object,System.Reflection.BindingFlags,System.Reflection.Binder,object[],System.Globalization.CultureInfo)
System.Reflection.MethodBase:Invoke (object,object[])
AreaBattle.EditorTools.BattleBuild:ValidateIntegrated () (at Assets/AreaBattle/Editor/BattleBuild.cs:32)
AreaBattle.EditorTools.BattleBuild:ValidateMechanicsOnly () (at Assets/AreaBattle/Editor/BattleBuild.cs:18)

[Assets/AreaBattle/Scripts/RecoveredWayLineVisual.cs line 21]

Instantiating material due to calling renderer.material during edit mode. This will leak materials into the scene. You most likely want to use renderer.sharedMaterial instead.
UnityEngine.Debug:ExtractStackTraceNoAlloc (byte*,int,string)
UnityEngine.StackTraceUtility:ExtractStackTrace () (at /Users/bokken/build/output/unity/unity/Runtime/Export/Scripting/StackTrace.cs:35)
UnityEngine.Renderer:GetMaterial ()
UnityEngine.Renderer:get_material () (at /Users/bokken/build/output/unity/unity/Runtime/Export/Graphics/GraphicsRenderers.bindings.cs:180)
AreaBattle.RecoveredWayLineVisual:Initialize () (at Assets/AreaBattle/Scripts/RecoveredWayLineVisual.cs:33)
AreaBattle.RecoveredWayLineVisual:SetLine (UnityEngine.Vector3,UnityEngine.Vector3,UnityEngine.Color,UnityEngine.Color,bool,bool,single) (at Assets/AreaBattle/Scripts/RecoveredWayLineVisual.cs:56)
AreaBattle.RecoveredWayLineVisual:Synchronize (AreaBattle.LineState,AreaBattle.TowerState,AreaBattle.TowerState,UnityEngine.Color,UnityEngine.Color,single) (at Assets/AreaBattle/Scripts/RecoveredWayLineVisual.cs:46)
AreaBattle.RecoveredWayLineVisual:Synchronize (AreaBattle.LineState,AreaBattle.TowerState,AreaBattle.TowerState,single) (at Assets/AreaBattle/Scripts/RecoveredWayLineVisual.cs:21)
AreaBattle.BattleView:RefreshPresentation () (at Assets/AreaBattle/Scripts/BattleView.cs:566)
AreaBattle.BattleView:AdvanceFrame (single,single) (at Assets/AreaBattle/Scripts/BattleView.cs:374)
AreaBattle.EditorTools.SkillInputValidation/<>c__DisplayClass1_3:<Run>b__19 () (at Assets/AreaBattle/Editor/SkillInputValidation.cs:177)
AreaBattle.EditorTools.SkillInputValidation/<>c__DisplayClass1_0:<Run>b__0 (string,System.Action) (at Assets/AreaBattle/Editor/SkillInputValidation.cs:18)
AreaBattle.EditorTools.SkillInputValidation:Run () (at Assets/AreaBattle/Editor/SkillInputValidation.cs:152)
System.Reflection.RuntimeMethodInfo:Invoke (object,System.Reflection.BindingFlags,System.Reflection.Binder,object[],System.Globalization.CultureInfo)
System.Reflection.MethodBase:Invoke (object,object[])
AreaBattle.EditorTools.BattleBuild:ValidateIntegrated () (at Assets/AreaBattle/Editor/BattleBuild.cs:32)
AreaBattle.EditorTools.BattleBuild:ValidateMechanicsOnly () (at Assets/AreaBattle/Editor/BattleBuild.cs:18)

[Assets/AreaBattle/Scripts/RecoveredWayLineVisual.cs line 21]

Instantiating material due to calling renderer.material during edit mode. This will leak materials into the scene. You most likely want to use renderer.sharedMaterial instead.
UnityEngine.Debug:ExtractStackTraceNoAlloc (byte*,int,string)
UnityEngine.StackTraceUtility:ExtractStackTrace () (at /Users/bokken/build/output/unity/unity/Runtime/Export/Scripting/StackTrace.cs:35)
UnityEngine.Renderer:GetMaterial ()
UnityEngine.Renderer:get_material () (at /Users/bokken/build/output/unity/unity/Runtime/Export/Graphics/GraphicsRenderers.bindings.cs:180)
AreaBattle.RecoveredWayLineVisual:Initialize () (at Assets/AreaBattle/Scripts/RecoveredWayLineVisual.cs:33)
AreaBattle.RecoveredWayLineVisual:SetLine (UnityEngine.Vector3,UnityEngine.Vector3,UnityEngine.Color,UnityEngine.Color,bool,bool,single) (at Assets/AreaBattle/Scripts/RecoveredWayLineVisual.cs:56)
AreaBattle.RecoveredWayLineVisual:Synchronize (AreaBattle.LineState,AreaBattle.TowerState,AreaBattle.TowerState,UnityEngine.Color,UnityEngine.Color,single) (at Assets/AreaBattle/Scripts/RecoveredWayLineVisual.cs:46)
AreaBattle.RecoveredWayLineVisual:Synchronize (AreaBattle.LineState,AreaBattle.TowerState,AreaBattle.TowerState,single) (at Assets/AreaBattle/Scripts/RecoveredWayLineVisual.cs:21)
AreaBattle.BattleView:RefreshPresentation () (at Assets/AreaBattle/Scripts/BattleView.cs:566)
AreaBattle.BattleView:AdvanceFrame (single,single) (at Assets/AreaBattle/Scripts/BattleView.cs:374)
AreaBattle.EditorTools.SkillInputValidation/<>c__DisplayClass1_3:<Run>b__19 () (at Assets/AreaBattle/Editor/SkillInputValidation.cs:177)
AreaBattle.EditorTools.SkillInputValidation/<>c__DisplayClass1_0:<Run>b__0 (string,System.Action) (at Assets/AreaBattle/Editor/SkillInputValidation.cs:18)
AreaBattle.EditorTools.SkillInputValidation:Run () (at Assets/AreaBattle/Editor/SkillInputValidation.cs:152)
System.Reflection.RuntimeMethodInfo:Invoke (object,System.Reflection.BindingFlags,System.Reflection.Binder,object[],System.Globalization.CultureInfo)
System.Reflection.MethodBase:Invoke (object,object[])
AreaBattle.EditorTools.BattleBuild:ValidateIntegrated () (at Assets/AreaBattle/Editor/BattleBuild.cs:32)
AreaBattle.EditorTools.BattleBuild:ValidateMechanicsOnly () (at Assets/AreaBattle/Editor/BattleBuild.cs:18)

[Assets/AreaBattle/Scripts/RecoveredWayLineVisual.cs line 21]

Instantiating material due to calling renderer.material during edit mode. This will leak materials into the scene. You most likely want to use renderer.sharedMaterial instead.
UnityEngine.Debug:ExtractStackTraceNoAlloc (byte*,int,string)
UnityEngine.StackTraceUtility:ExtractStackTrace () (at /Users/bokken/build/output/unity/unity/Runtime/Export/Scripting/StackTrace.cs:35)
UnityEngine.Renderer:GetMaterial ()
UnityEngine.Renderer:get_material () (at /Users/bokken/build/output/unity/unity/Runtime/Export/Graphics/GraphicsRenderers.bindings.cs:180)
AreaBattle.RecoveredWayLineVisual:Initialize () (at Assets/AreaBattle/Scripts/RecoveredWayLineVisual.cs:33)
AreaBattle.RecoveredWayLineVisual:SetLine (UnityEngine.Vector3,UnityEngine.Vector3,UnityEngine.Color,UnityEngine.Color,bool,bool,single) (at Assets/AreaBattle/Scripts/RecoveredWayLineVisual.cs:56)
AreaBattle.RecoveredWayLineVisual:Synchronize (AreaBattle.LineState,AreaBattle.TowerState,AreaBattle.TowerState,UnityEngine.Color,UnityEngine.Color,single) (at Assets/AreaBattle/Scripts/RecoveredWayLineVisual.cs:46)
AreaBattle.RecoveredWayLineVisual:Synchronize (AreaBattle.LineState,AreaBattle.TowerState,AreaBattle.TowerState,single) (at Assets/AreaBattle/Scripts/RecoveredWayLineVisual.cs:21)
AreaBattle.BattleView:RefreshPresentation () (at Assets/AreaBattle/Scripts/BattleView.cs:566)
AreaBattle.BattleView:AdvanceFrame (single,single) (at Assets/AreaBattle/Scripts/BattleView.cs:374)
AreaBattle.EditorTools.SkillInputValidation/<>c__DisplayClass1_3:<Run>b__19 () (at Assets/AreaBattle/Editor/SkillInputValidation.cs:177)
AreaBattle.EditorTools.SkillInputValidation/<>c__DisplayClass1_0:<Run>b__0 (string,System.Action) (at Assets/AreaBattle/Editor/SkillInputValidation.cs:18)
AreaBattle.EditorTools.SkillInputValidation:Run () (at Assets/AreaBattle/Editor/SkillInputValidation.cs:152)
System.Reflection.RuntimeMethodInfo:Invoke (object,System.Reflection.BindingFlags,System.Reflection.Binder,object[],System.Globalization.CultureInfo)
System.Reflection.MethodBase:Invoke (object,object[])
AreaBattle.EditorTools.BattleBuild:ValidateIntegrated () (at Assets/AreaBattle/Editor/BattleBuild.cs:32)
AreaBattle.EditorTools.BattleBuild:ValidateMechanicsOnly () (at Assets/AreaBattle/Editor/BattleBuild.cs:18)

[Assets/AreaBattle/Scripts/RecoveredWayLineVisual.cs line 21]

Instantiating material due to calling renderer.material during edit mode. This will leak materials into the scene. You most likely want to use renderer.sharedMaterial instead.
UnityEngine.Debug:ExtractStackTraceNoAlloc (byte*,int,string)
UnityEngine.StackTraceUtility:ExtractStackTrace () (at /Users/bokken/build/output/unity/unity/Runtime/Export/Scripting/StackTrace.cs:35)
UnityEngine.Renderer:GetMaterial ()
UnityEngine.Renderer:get_material () (at /Users/bokken/build/output/unity/unity/Runtime/Export/Graphics/GraphicsRenderers.bindings.cs:180)
AreaBattle.RecoveredWayLineVisual:Initialize () (at Assets/AreaBattle/Scripts/RecoveredWayLineVisual.cs:33)
AreaBattle.RecoveredWayLineVisual:SetLine (UnityEngine.Vector3,UnityEngine.Vector3,UnityEngine.Color,UnityEngine.Color,bool,bool,single) (at Assets/AreaBattle/Scripts/RecoveredWayLineVisual.cs:56)
AreaBattle.RecoveredWayLineVisual:Synchronize (AreaBattle.LineState,AreaBattle.TowerState,AreaBattle.TowerState,UnityEngine.Color,UnityEngine.Color,single) (at Assets/AreaBattle/Scripts/RecoveredWayLineVisual.cs:46)
AreaBattle.RecoveredWayLineVisual:Synchronize (AreaBattle.LineState,AreaBattle.TowerState,AreaBattle.TowerState,single) (at Assets/AreaBattle/Scripts/RecoveredWayLineVisual.cs:21)
AreaBattle.BattleView:RefreshPresentation () (at Assets/AreaBattle/Scripts/BattleView.cs:566)
AreaBattle.BattleView:AdvanceFrame (single,single) (at Assets/AreaBattle/Scripts/BattleView.cs:374)
AreaBattle.EditorTools.SkillInputValidation/<>c__DisplayClass1_3:<Run>b__19 () (at Assets/AreaBattle/Editor/SkillInputValidation.cs:177)
AreaBattle.EditorTools.SkillInputValidation/<>c__DisplayClass1_0:<Run>b__0 (string,System.Action) (at Assets/AreaBattle/Editor/SkillInputValidation.cs:18)
AreaBattle.EditorTools.SkillInputValidation:Run () (at Assets/AreaBattle/Editor/SkillInputValidation.cs:152)
System.Reflection.RuntimeMethodInfo:Invoke (object,System.Reflection.BindingFlags,System.Reflection.Binder,object[],System.Globalization.CultureInfo)
System.Reflection.MethodBase:Invoke (object,object[])
AreaBattle.EditorTools.BattleBuild:ValidateIntegrated () (at Assets/AreaBattle/Editor/BattleBuild.cs:32)
AreaBattle.EditorTools.BattleBuild:ValidateMechanicsOnly () (at Assets/AreaBattle/Editor/BattleBuild.cs:18)

[Assets/AreaBattle/Scripts/RecoveredWayLineVisual.cs line 21]

Instantiating material due to calling renderer.material during edit mode. This will leak materials into the scene. You most likely want to use renderer.sharedMaterial instead.
UnityEngine.Debug:ExtractStackTraceNoAlloc (byte*,int,string)
UnityEngine.StackTraceUtility:ExtractStackTrace () (at /Users/bokken/build/output/unity/unity/Runtime/Export/Scripting/StackTrace.cs:35)
UnityEngine.Renderer:GetMaterial ()
UnityEngine.Renderer:get_material () (at /Users/bokken/build/output/unity/unity/Runtime/Export/Graphics/GraphicsRenderers.bindings.cs:180)
AreaBattle.RecoveredWayLineVisual:Initialize () (at Assets/AreaBattle/Scripts/RecoveredWayLineVisual.cs:33)
AreaBattle.RecoveredWayLineVisual:SetLine (UnityEngine.Vector3,UnityEngine.Vector3,UnityEngine.Color,UnityEngine.Color,bool,bool,single) (at Assets/AreaBattle/Scripts/RecoveredWayLineVisual.cs:56)
AreaBattle.RecoveredWayLineVisual:Synchronize (AreaBattle.LineState,AreaBattle.TowerState,AreaBattle.TowerState,UnityEngine.Color,UnityEngine.Color,single) (at Assets/AreaBattle/Scripts/RecoveredWayLineVisual.cs:46)
AreaBattle.RecoveredWayLineVisual:Synchronize (AreaBattle.LineState,AreaBattle.TowerState,AreaBattle.TowerState,single) (at Assets/AreaBattle/Scripts/RecoveredWayLineVisual.cs:21)
AreaBattle.BattleView:RefreshPresentation () (at Assets/AreaBattle/Scripts/BattleView.cs:566)
AreaBattle.BattleView:AdvanceFrame (single,single) (at Assets/AreaBattle/Scripts/BattleView.cs:374)
AreaBattle.EditorTools.SkillInputValidation/<>c__DisplayClass1_3:<Run>b__19 () (at Assets/AreaBattle/Editor/SkillInputValidation.cs:177)
AreaBattle.EditorTools.SkillInputValidation/<>c__DisplayClass1_0:<Run>b__0 (string,System.Action) (at Assets/AreaBattle/Editor/SkillInputValidation.cs:18)
AreaBattle.EditorTools.SkillInputValidation:Run () (at Assets/AreaBattle/Editor/SkillInputValidation.cs:152)
System.Reflection.RuntimeMethodInfo:Invoke (object,System.Reflection.BindingFlags,System.Reflection.Binder,object[],System.Globalization.CultureInfo)
System.Reflection.MethodBase:Invoke (object,object[])
AreaBattle.EditorTools.BattleBuild:ValidateIntegrated () (at Assets/AreaBattle/Editor/BattleBuild.cs:32)
AreaBattle.EditorTools.BattleBuild:ValidateMechanicsOnly () (at Assets/AreaBattle/Editor/BattleBuild.cs:18)

[Assets/AreaBattle/Scripts/RecoveredWayLineVisual.cs line 21]

Instantiating material due to calling renderer.material during edit mode. This will leak materials into the scene. You most likely want to use renderer.sharedMaterial instead.
UnityEngine.Debug:ExtractStackTraceNoAlloc (byte*,int,string)
UnityEngine.StackTraceUtility:ExtractStackTrace () (at /Users/bokken/build/output/unity/unity/Runtime/Export/Scripting/StackTrace.cs:35)
UnityEngine.Renderer:GetMaterial ()
UnityEngine.Renderer:get_material () (at /Users/bokken/build/output/unity/unity/Runtime/Export/Graphics/GraphicsRenderers.bindings.cs:180)
AreaBattle.RecoveredWayLineVisual:Initialize () (at Assets/AreaBattle/Scripts/RecoveredWayLineVisual.cs:33)
AreaBattle.RecoveredWayLineVisual:SetLine (UnityEngine.Vector3,UnityEngine.Vector3,UnityEngine.Color,UnityEngine.Color,bool,bool,single) (at Assets/AreaBattle/Scripts/RecoveredWayLineVisual.cs:56)
AreaBattle.RecoveredWayLineVisual:Synchronize (AreaBattle.LineState,AreaBattle.TowerState,AreaBattle.TowerState,UnityEngine.Color,UnityEngine.Color,single) (at Assets/AreaBattle/Scripts/RecoveredWayLineVisual.cs:46)
AreaBattle.RecoveredWayLineVisual:Synchronize (AreaBattle.LineState,AreaBattle.TowerState,AreaBattle.TowerState,single) (at Assets/AreaBattle/Scripts/RecoveredWayLineVisual.cs:21)
AreaBattle.BattleView:RefreshPresentation () (at Assets/AreaBattle/Scripts/BattleView.cs:566)
AreaBattle.BattleView:AdvanceFrame (single,single) (at Assets/AreaBattle/Scripts/BattleView.cs:374)
AreaBattle.EditorTools.SkillInputValidation/<>c__DisplayClass1_3:<Run>b__19 () (at Assets/AreaBattle/Editor/SkillInputValidation.cs:177)
AreaBattle.EditorTools.SkillInputValidation/<>c__DisplayClass1_0:<Run>b__0 (string,System.Action) (at Assets/AreaBattle/Editor/SkillInputValidation.cs:18)
AreaBattle.EditorTools.SkillInputValidation:Run () (at Assets/AreaBattle/Editor/SkillInputValidation.cs:152)
System.Reflection.RuntimeMethodInfo:Invoke (object,System.Reflection.BindingFlags,System.Reflection.Binder,object[],System.Globalization.CultureInfo)
System.Reflection.MethodBase:Invoke (object,object[])
AreaBattle.EditorTools.BattleBuild:ValidateIntegrated () (at Assets/AreaBattle/Editor/BattleBuild.cs:32)
AreaBattle.EditorTools.BattleBuild:ValidateMechanicsOnly () (at Assets/AreaBattle/Editor/BattleBuild.cs:18)

[Assets/AreaBattle/Scripts/RecoveredWayLineVisual.cs line 21]

Instantiating material due to calling renderer.material during edit mode. This will leak materials into the scene. You most likely want to use renderer.sharedMaterial instead.
UnityEngine.Debug:ExtractStackTraceNoAlloc (byte*,int,string)
UnityEngine.StackTraceUtility:ExtractStackTrace () (at /Users/bokken/build/output/unity/unity/Runtime/Export/Scripting/StackTrace.cs:35)
UnityEngine.Renderer:GetMaterial ()
UnityEngine.Renderer:get_material () (at /Users/bokken/build/output/unity/unity/Runtime/Export/Graphics/GraphicsRenderers.bindings.cs:180)
AreaBattle.RecoveredWayLineVisual:Initialize () (at Assets/AreaBattle/Scripts/RecoveredWayLineVisual.cs:33)
AreaBattle.RecoveredWayLineVisual:SetLine (UnityEngine.Vector3,UnityEngine.Vector3,UnityEngine.Color,UnityEngine.Color,bool,bool,single) (at Assets/AreaBattle/Scripts/RecoveredWayLineVisual.cs:56)
AreaBattle.RecoveredWayLineVisual:Synchronize (AreaBattle.LineState,AreaBattle.TowerState,AreaBattle.TowerState,UnityEngine.Color,UnityEngine.Color,single) (at Assets/AreaBattle/Scripts/RecoveredWayLineVisual.cs:46)
AreaBattle.RecoveredWayLineVisual:Synchronize (AreaBattle.LineState,AreaBattle.TowerState,AreaBattle.TowerState,single) (at Assets/AreaBattle/Scripts/RecoveredWayLineVisual.cs:21)
AreaBattle.BattleView:RefreshPresentation () (at Assets/AreaBattle/Scripts/BattleView.cs:566)
AreaBattle.BattleView:AdvanceFrame (single,single) (at Assets/AreaBattle/Scripts/BattleView.cs:374)
AreaBattle.EditorTools.SkillInputValidation/<>c__DisplayClass1_3:<Run>b__19 () (at Assets/AreaBattle/Editor/SkillInputValidation.cs:177)
AreaBattle.EditorTools.SkillInputValidation/<>c__DisplayClass1_0:<Run>b__0 (string,System.Action) (at Assets/AreaBattle/Editor/SkillInputValidation.cs:18)
AreaBattle.EditorTools.SkillInputValidation:Run () (at Assets/AreaBattle/Editor/SkillInputValidation.cs:152)
System.Reflection.RuntimeMethodInfo:Invoke (object,System.Reflection.BindingFlags,System.Reflection.Binder,object[],System.Globalization.CultureInfo)
System.Reflection.MethodBase:Invoke (object,object[])
AreaBattle.EditorTools.BattleBuild:ValidateIntegrated () (at Assets/AreaBattle/Editor/BattleBuild.cs:32)
AreaBattle.EditorTools.BattleBuild:ValidateMechanicsOnly () (at Assets/AreaBattle/Editor/BattleBuild.cs:18)

[Assets/AreaBattle/Scripts/RecoveredWayLineVisual.cs line 21]

Instantiating material due to calling renderer.material during edit mode. This will leak materials into the scene. You most likely want to use renderer.sharedMaterial instead.
UnityEngine.Debug:ExtractStackTraceNoAlloc (byte*,int,string)
UnityEngine.StackTraceUtility:ExtractStackTrace () (at /Users/bokken/build/output/unity/unity/Runtime/Export/Scripting/StackTrace.cs:35)
UnityEngine.Renderer:GetMaterial ()
UnityEngine.Renderer:get_material () (at /Users/bokken/build/output/unity/unity/Runtime/Export/Graphics/GraphicsRenderers.bindings.cs:180)
AreaBattle.RecoveredWayLineVisual:Initialize () (at Assets/AreaBattle/Scripts/RecoveredWayLineVisual.cs:33)
AreaBattle.RecoveredWayLineVisual:SetLine (UnityEngine.Vector3,UnityEngine.Vector3,UnityEngine.Color,UnityEngine.Color,bool,bool,single) (at Assets/AreaBattle/Scripts/RecoveredWayLineVisual.cs:56)
AreaBattle.RecoveredWayLineVisual:Synchronize (AreaBattle.LineState,AreaBattle.TowerState,AreaBattle.TowerState,UnityEngine.Color,UnityEngine.Color,single) (at Assets/AreaBattle/Scripts/RecoveredWayLineVisual.cs:46)
AreaBattle.RecoveredWayLineVisual:Synchronize (AreaBattle.LineState,AreaBattle.TowerState,AreaBattle.TowerState,single) (at Assets/AreaBattle/Scripts/RecoveredWayLineVisual.cs:21)
AreaBattle.BattleView:RefreshPresentation () (at Assets/AreaBattle/Scripts/BattleView.cs:566)
AreaBattle.BattleView:AdvanceFrame (single,single) (at Assets/AreaBattle/Scripts/BattleView.cs:374)
AreaBattle.EditorTools.SkillInputValidation/<>c__DisplayClass1_3:<Run>b__19 () (at Assets/AreaBattle/Editor/SkillInputValidation.cs:177)
AreaBattle.EditorTools.SkillInputValidation/<>c__DisplayClass1_0:<Run>b__0 (string,System.Action) (at Assets/AreaBattle/Editor/SkillInputValidation.cs:18)
AreaBattle.EditorTools.SkillInputValidation:Run () (at Assets/AreaBattle/Editor/SkillInputValidation.cs:152)
System.Reflection.RuntimeMethodInfo:Invoke (object,System.Reflection.BindingFlags,System.Reflection.Binder,object[],System.Globalization.CultureInfo)
System.Reflection.MethodBase:Invoke (object,object[])
AreaBattle.EditorTools.BattleBuild:ValidateIntegrated () (at Assets/AreaBattle/Editor/BattleBuild.cs:32)
AreaBattle.EditorTools.BattleBuild:ValidateMechanicsOnly () (at Assets/AreaBattle/Editor/BattleBuild.cs:18)

[Assets/AreaBattle/Scripts/RecoveredWayLineVisual.cs line 21]

Instantiating material due to calling renderer.material during edit mode. This will leak materials into the scene. You most likely want to use renderer.sharedMaterial instead.
UnityEngine.Debug:ExtractStackTraceNoAlloc (byte*,int,string)
UnityEngine.StackTraceUtility:ExtractStackTrace () (at /Users/bokken/build/output/unity/unity/Runtime/Export/Scripting/StackTrace.cs:35)
UnityEngine.Renderer:GetMaterial ()
UnityEngine.Renderer:get_material () (at /Users/bokken/build/output/unity/unity/Runtime/Export/Graphics/GraphicsRenderers.bindings.cs:180)
AreaBattle.RecoveredWayLineVisual:Initialize () (at Assets/AreaBattle/Scripts/RecoveredWayLineVisual.cs:33)
AreaBattle.RecoveredWayLineVisual:SetLine (UnityEngine.Vector3,UnityEngine.Vector3,UnityEngine.Color,UnityEngine.Color,bool,bool,single) (at Assets/AreaBattle/Scripts/RecoveredWayLineVisual.cs:56)
AreaBattle.RecoveredWayLineVisual:Synchronize (AreaBattle.LineState,AreaBattle.TowerState,AreaBattle.TowerState,UnityEngine.Color,UnityEngine.Color,single) (at Assets/AreaBattle/Scripts/RecoveredWayLineVisual.cs:46)
AreaBattle.RecoveredWayLineVisual:Synchronize (AreaBattle.LineState,AreaBattle.TowerState,AreaBattle.TowerState,single) (at Assets/AreaBattle/Scripts/RecoveredWayLineVisual.cs:21)
AreaBattle.BattleView:RefreshPresentation () (at Assets/AreaBattle/Scripts/BattleView.cs:566)
AreaBattle.BattleView:AdvanceFrame (single,single) (at Assets/AreaBattle/Scripts/BattleView.cs:374)
AreaBattle.EditorTools.SkillInputValidation/<>c__DisplayClass1_3:<Run>b__19 () (at Assets/AreaBattle/Editor/SkillInputValidation.cs:177)
AreaBattle.EditorTools.SkillInputValidation/<>c__DisplayClass1_0:<Run>b__0 (string,System.Action) (at Assets/AreaBattle/Editor/SkillInputValidation.cs:18)
AreaBattle.EditorTools.SkillInputValidation:Run () (at Assets/AreaBattle/Editor/SkillInputValidation.cs:152)
System.Reflection.RuntimeMethodInfo:Invoke (object,System.Reflection.BindingFlags,System.Reflection.Binder,object[],System.Globalization.CultureInfo)
System.Reflection.MethodBase:Invoke (object,object[])
AreaBattle.EditorTools.BattleBuild:ValidateIntegrated () (at Assets/AreaBattle/Editor/BattleBuild.cs:32)
AreaBattle.EditorTools.BattleBuild:ValidateMechanicsOnly () (at Assets/AreaBattle/Editor/BattleBuild.cs:18)

[Assets/AreaBattle/Scripts/RecoveredWayLineVisual.cs line 21]

Instantiating material due to calling renderer.material during edit mode. This will leak materials into the scene. You most likely want to use renderer.sharedMaterial instead.
UnityEngine.Debug:ExtractStackTraceNoAlloc (byte*,int,string)
UnityEngine.StackTraceUtility:ExtractStackTrace () (at /Users/bokken/build/output/unity/unity/Runtime/Export/Scripting/StackTrace.cs:35)
UnityEngine.Renderer:GetMaterial ()
UnityEngine.Renderer:get_material () (at /Users/bokken/build/output/unity/unity/Runtime/Export/Graphics/GraphicsRenderers.bindings.cs:180)
AreaBattle.RecoveredWayLineVisual:Initialize () (at Assets/AreaBattle/Scripts/RecoveredWayLineVisual.cs:33)
AreaBattle.RecoveredWayLineVisual:SetLine (UnityEngine.Vector3,UnityEngine.Vector3,UnityEngine.Color,UnityEngine.Color,bool,bool,single) (at Assets/AreaBattle/Scripts/RecoveredWayLineVisual.cs:56)
AreaBattle.RecoveredWayLineVisual:Synchronize (AreaBattle.LineState,AreaBattle.TowerState,AreaBattle.TowerState,UnityEngine.Color,UnityEngine.Color,single) (at Assets/AreaBattle/Scripts/RecoveredWayLineVisual.cs:46)
AreaBattle.RecoveredWayLineVisual:Synchronize (AreaBattle.LineState,AreaBattle.TowerState,AreaBattle.TowerState,single) (at Assets/AreaBattle/Scripts/RecoveredWayLineVisual.cs:21)
AreaBattle.BattleView:RefreshPresentation () (at Assets/AreaBattle/Scripts/BattleView.cs:566)
AreaBattle.BattleView:AdvanceFrame (single,single) (at Assets/AreaBattle/Scripts/BattleView.cs:374)
AreaBattle.EditorTools.SkillInputValidation/<>c__DisplayClass1_3:<Run>b__19 () (at Assets/AreaBattle/Editor/SkillInputValidation.cs:177)
AreaBattle.EditorTools.SkillInputValidation/<>c__DisplayClass1_0:<Run>b__0 (string,System.Action) (at Assets/AreaBattle/Editor/SkillInputValidation.cs:18)
AreaBattle.EditorTools.SkillInputValidation:Run () (at Assets/AreaBattle/Editor/SkillInputValidation.cs:152)
System.Reflection.RuntimeMethodInfo:Invoke (object,System.Reflection.BindingFlags,System.Reflection.Binder,object[],System.Globalization.CultureInfo)
System.Reflection.MethodBase:Invoke (object,object[])
AreaBattle.EditorTools.BattleBuild:ValidateIntegrated () (at Assets/AreaBattle/Editor/BattleBuild.cs:32)
AreaBattle.EditorTools.BattleBuild:ValidateMechanicsOnly () (at Assets/AreaBattle/Editor/BattleBuild.cs:18)

[Assets/AreaBattle/Scripts/RecoveredWayLineVisual.cs line 21]

Instantiating material due to calling renderer.material during edit mode. This will leak materials into the scene. You most likely want to use renderer.sharedMaterial instead.
UnityEngine.Debug:ExtractStackTraceNoAlloc (byte*,int,string)
UnityEngine.StackTraceUtility:ExtractStackTrace () (at /Users/bokken/build/output/unity/unity/Runtime/Export/Scripting/StackTrace.cs:35)
UnityEngine.Renderer:GetMaterial ()
UnityEngine.Renderer:get_material () (at /Users/bokken/build/output/unity/unity/Runtime/Export/Graphics/GraphicsRenderers.bindings.cs:180)
AreaBattle.RecoveredWayLineVisual:Initialize () (at Assets/AreaBattle/Scripts/RecoveredWayLineVisual.cs:33)
AreaBattle.RecoveredWayLineVisual:SetLine (UnityEngine.Vector3,UnityEngine.Vector3,UnityEngine.Color,UnityEngine.Color,bool,bool,single) (at Assets/AreaBattle/Scripts/RecoveredWayLineVisual.cs:56)
AreaBattle.RecoveredWayLineVisual:Synchronize (AreaBattle.LineState,AreaBattle.TowerState,AreaBattle.TowerState,UnityEngine.Color,UnityEngine.Color,single) (at Assets/AreaBattle/Scripts/RecoveredWayLineVisual.cs:46)
AreaBattle.RecoveredWayLineVisual:Synchronize (AreaBattle.LineState,AreaBattle.TowerState,AreaBattle.TowerState,single) (at Assets/AreaBattle/Scripts/RecoveredWayLineVisual.cs:21)
AreaBattle.BattleView:RefreshPresentation () (at Assets/AreaBattle/Scripts/BattleView.cs:566)
AreaBattle.BattleView:AdvanceFrame (single,single) (at Assets/AreaBattle/Scripts/BattleView.cs:374)
AreaBattle.EditorTools.SkillInputValidation/<>c__DisplayClass1_3:<Run>b__19 () (at Assets/AreaBattle/Editor/SkillInputValidation.cs:177)
AreaBattle.EditorTools.SkillInputValidation/<>c__DisplayClass1_0:<Run>b__0 (string,System.Action) (at Assets/AreaBattle/Editor/SkillInputValidation.cs:18)
AreaBattle.EditorTools.SkillInputValidation:Run () (at Assets/AreaBattle/Editor/SkillInputValidation.cs:152)
System.Reflection.RuntimeMethodInfo:Invoke (object,System.Reflection.BindingFlags,System.Reflection.Binder,object[],System.Globalization.CultureInfo)
System.Reflection.MethodBase:Invoke (object,object[])
AreaBattle.EditorTools.BattleBuild:ValidateIntegrated () (at Assets/AreaBattle/Editor/BattleBuild.cs:32)
AreaBattle.EditorTools.BattleBuild:ValidateMechanicsOnly () (at Assets/AreaBattle/Editor/BattleBuild.cs:18)

[Assets/AreaBattle/Scripts/RecoveredWayLineVisual.cs line 21]

Instantiating material due to calling renderer.material during edit mode. This will leak materials into the scene. You most likely want to use renderer.sharedMaterial instead.
UnityEngine.Debug:ExtractStackTraceNoAlloc (byte*,int,string)
UnityEngine.StackTraceUtility:ExtractStackTrace () (at /Users/bokken/build/output/unity/unity/Runtime/Export/Scripting/StackTrace.cs:35)
UnityEngine.Renderer:GetMaterial ()
UnityEngine.Renderer:get_material () (at /Users/bokken/build/output/unity/unity/Runtime/Export/Graphics/GraphicsRenderers.bindings.cs:180)
AreaBattle.RecoveredWayLineVisual:Initialize () (at Assets/AreaBattle/Scripts/RecoveredWayLineVisual.cs:33)
AreaBattle.RecoveredWayLineVisual:SetLine (UnityEngine.Vector3,UnityEngine.Vector3,UnityEngine.Color,UnityEngine.Color,bool,bool,single) (at Assets/AreaBattle/Scripts/RecoveredWayLineVisual.cs:56)
AreaBattle.RecoveredWayLineVisual:Synchronize (AreaBattle.LineState,AreaBattle.TowerState,AreaBattle.TowerState,UnityEngine.Color,UnityEngine.Color,single) (at Assets/AreaBattle/Scripts/RecoveredWayLineVisual.cs:46)
AreaBattle.RecoveredWayLineVisual:Synchronize (AreaBattle.LineState,AreaBattle.TowerState,AreaBattle.TowerState,single) (at Assets/AreaBattle/Scripts/RecoveredWayLineVisual.cs:21)
AreaBattle.BattleView:RefreshPresentation () (at Assets/AreaBattle/Scripts/BattleView.cs:566)
AreaBattle.BattleView:AdvanceFrame (single,single) (at Assets/AreaBattle/Scripts/BattleView.cs:374)
AreaBattle.EditorTools.SkillInputValidation/<>c__DisplayClass1_3:<Run>b__19 () (at Assets/AreaBattle/Editor/SkillInputValidation.cs:177)
AreaBattle.EditorTools.SkillInputValidation/<>c__DisplayClass1_0:<Run>b__0 (string,System.Action) (at Assets/AreaBattle/Editor/SkillInputValidation.cs:18)
AreaBattle.EditorTools.SkillInputValidation:Run () (at Assets/AreaBattle/Editor/SkillInputValidation.cs:152)
System.Reflection.RuntimeMethodInfo:Invoke (object,System.Reflection.BindingFlags,System.Reflection.Binder,object[],System.Globalization.CultureInfo)
System.Reflection.MethodBase:Invoke (object,object[])
AreaBattle.EditorTools.BattleBuild:ValidateIntegrated () (at Assets/AreaBattle/Editor/BattleBuild.cs:32)
AreaBattle.EditorTools.BattleBuild:ValidateMechanicsOnly () (at Assets/AreaBattle/Editor/BattleBuild.cs:18)

[Assets/AreaBattle/Scripts/RecoveredWayLineVisual.cs line 21]

Instantiating material due to calling renderer.material during edit mode. This will leak materials into the scene. You most likely want to use renderer.sharedMaterial instead.
UnityEngine.Debug:ExtractStackTraceNoAlloc (byte*,int,string)
UnityEngine.StackTraceUtility:ExtractStackTrace () (at /Users/bokken/build/output/unity/unity/Runtime/Export/Scripting/StackTrace.cs:35)
UnityEngine.Renderer:GetMaterial ()
UnityEngine.Renderer:get_material () (at /Users/bokken/build/output/unity/unity/Runtime/Export/Graphics/GraphicsRenderers.bindings.cs:180)
AreaBattle.RecoveredWayLineVisual:Initialize () (at Assets/AreaBattle/Scripts/RecoveredWayLineVisual.cs:33)
AreaBattle.RecoveredWayLineVisual:SetLine (UnityEngine.Vector3,UnityEngine.Vector3,UnityEngine.Color,UnityEngine.Color,bool,bool,single) (at Assets/AreaBattle/Scripts/RecoveredWayLineVisual.cs:56)
AreaBattle.RecoveredWayLineVisual:Synchronize (AreaBattle.LineState,AreaBattle.TowerState,AreaBattle.TowerState,UnityEngine.Color,UnityEngine.Color,single) (at Assets/AreaBattle/Scripts/RecoveredWayLineVisual.cs:46)
AreaBattle.RecoveredWayLineVisual:Synchronize (AreaBattle.LineState,AreaBattle.TowerState,AreaBattle.TowerState,single) (at Assets/AreaBattle/Scripts/RecoveredWayLineVisual.cs:21)
AreaBattle.BattleView:RefreshPresentation () (at Assets/AreaBattle/Scripts/BattleView.cs:566)
AreaBattle.BattleView:AdvanceFrame (single,single) (at Assets/AreaBattle/Scripts/BattleView.cs:374)
AreaBattle.EditorTools.SkillInputValidation/<>c__DisplayClass1_3:<Run>b__19 () (at Assets/AreaBattle/Editor/SkillInputValidation.cs:177)
AreaBattle.EditorTools.SkillInputValidation/<>c__DisplayClass1_0:<Run>b__0 (string,System.Action) (at Assets/AreaBattle/Editor/SkillInputValidation.cs:18)
AreaBattle.EditorTools.SkillInputValidation:Run () (at Assets/AreaBattle/Editor/SkillInputValidation.cs:152)
System.Reflection.RuntimeMethodInfo:Invoke (object,System.Reflection.BindingFlags,System.Reflection.Binder,object[],System.Globalization.CultureInfo)
System.Reflection.MethodBase:Invoke (object,object[])
AreaBattle.EditorTools.BattleBuild:ValidateIntegrated () (at Assets/AreaBattle/Editor/BattleBuild.cs:32)
AreaBattle.EditorTools.BattleBuild:ValidateMechanicsOnly () (at Assets/AreaBattle/Editor/BattleBuild.cs:18)

[Assets/AreaBattle/Scripts/RecoveredWayLineVisual.cs line 21]

Instantiating material due to calling renderer.material during edit mode. This will leak materials into the scene. You most likely want to use renderer.sharedMaterial instead.
UnityEngine.Debug:ExtractStackTraceNoAlloc (byte*,int,string)
UnityEngine.StackTraceUtility:ExtractStackTrace () (at /Users/bokken/build/output/unity/unity/Runtime/Export/Scripting/StackTrace.cs:35)
UnityEngine.Renderer:GetMaterial ()
UnityEngine.Renderer:get_material () (at /Users/bokken/build/output/unity/unity/Runtime/Export/Graphics/GraphicsRenderers.bindings.cs:180)
AreaBattle.RecoveredWayLineVisual:Initialize () (at Assets/AreaBattle/Scripts/RecoveredWayLineVisual.cs:33)
AreaBattle.RecoveredWayLineVisual:SetLine (UnityEngine.Vector3,UnityEngine.Vector3,UnityEngine.Color,UnityEngine.Color,bool,bool,single) (at Assets/AreaBattle/Scripts/RecoveredWayLineVisual.cs:56)
AreaBattle.RecoveredWayLineVisual:Synchronize (AreaBattle.LineState,AreaBattle.TowerState,AreaBattle.TowerState,UnityEngine.Color,UnityEngine.Color,single) (at Assets/AreaBattle/Scripts/RecoveredWayLineVisual.cs:46)
AreaBattle.RecoveredWayLineVisual:Synchronize (AreaBattle.LineState,AreaBattle.TowerState,AreaBattle.TowerState,single) (at Assets/AreaBattle/Scripts/RecoveredWayLineVisual.cs:21)
AreaBattle.BattleView:RefreshPresentation () (at Assets/AreaBattle/Scripts/BattleView.cs:566)
AreaBattle.BattleView:AdvanceFrame (single,single) (at Assets/AreaBattle/Scripts/BattleView.cs:374)
AreaBattle.EditorTools.SkillInputValidation/<>c__DisplayClass1_3:<Run>b__19 () (at Assets/AreaBattle/Editor/SkillInputValidation.cs:177)
AreaBattle.EditorTools.SkillInputValidation/<>c__DisplayClass1_0:<Run>b__0 (string,System.Action) (at Assets/AreaBattle/Editor/SkillInputValidation.cs:18)
AreaBattle.EditorTools.SkillInputValidation:Run () (at Assets/AreaBattle/Editor/SkillInputValidation.cs:152)
System.Reflection.RuntimeMethodInfo:Invoke (object,System.Reflection.BindingFlags,System.Reflection.Binder,object[],System.Globalization.CultureInfo)
System.Reflection.MethodBase:Invoke (object,object[])
AreaBattle.EditorTools.BattleBuild:ValidateIntegrated () (at Assets/AreaBattle/Editor/BattleBuild.cs:32)
AreaBattle.EditorTools.BattleBuild:ValidateMechanicsOnly () (at Assets/AreaBattle/Editor/BattleBuild.cs:18)

[Assets/AreaBattle/Scripts/RecoveredWayLineVisual.cs line 21]

Instantiating material due to calling renderer.material during edit mode. This will leak materials into the scene. You most likely want to use renderer.sharedMaterial instead.
UnityEngine.Debug:ExtractStackTraceNoAlloc (byte*,int,string)
UnityEngine.StackTraceUtility:ExtractStackTrace () (at /Users/bokken/build/output/unity/unity/Runtime/Export/Scripting/StackTrace.cs:35)
UnityEngine.Renderer:GetMaterial ()
UnityEngine.Renderer:get_material () (at /Users/bokken/build/output/unity/unity/Runtime/Export/Graphics/GraphicsRenderers.bindings.cs:180)
AreaBattle.RecoveredWayLineVisual:Initialize () (at Assets/AreaBattle/Scripts/RecoveredWayLineVisual.cs:33)
AreaBattle.RecoveredWayLineVisual:SetLine (UnityEngine.Vector3,UnityEngine.Vector3,UnityEngine.Color,UnityEngine.Color,bool,bool,single) (at Assets/AreaBattle/Scripts/RecoveredWayLineVisual.cs:56)
AreaBattle.RecoveredWayLineVisual:Synchronize (AreaBattle.LineState,AreaBattle.TowerState,AreaBattle.TowerState,UnityEngine.Color,UnityEngine.Color,single) (at Assets/AreaBattle/Scripts/RecoveredWayLineVisual.cs:46)
AreaBattle.RecoveredWayLineVisual:Synchronize (AreaBattle.LineState,AreaBattle.TowerState,AreaBattle.TowerState,single) (at Assets/AreaBattle/Scripts/RecoveredWayLineVisual.cs:21)
AreaBattle.BattleView:RefreshPresentation () (at Assets/AreaBattle/Scripts/BattleView.cs:566)
AreaBattle.BattleView:AdvanceFrame (single,single) (at Assets/AreaBattle/Scripts/BattleView.cs:374)
AreaBattle.EditorTools.SkillInputValidation/<>c__DisplayClass1_3:<Run>b__19 () (at Assets/AreaBattle/Editor/SkillInputValidation.cs:177)
AreaBattle.EditorTools.SkillInputValidation/<>c__DisplayClass1_0:<Run>b__0 (string,System.Action) (at Assets/AreaBattle/Editor/SkillInputValidation.cs:18)
AreaBattle.EditorTools.SkillInputValidation:Run () (at Assets/AreaBattle/Editor/SkillInputValidation.cs:152)
System.Reflection.RuntimeMethodInfo:Invoke (object,System.Reflection.BindingFlags,System.Reflection.Binder,object[],System.Globalization.CultureInfo)
System.Reflection.MethodBase:Invoke (object,object[])
AreaBattle.EditorTools.BattleBuild:ValidateIntegrated () (at Assets/AreaBattle/Editor/BattleBuild.cs:32)
AreaBattle.EditorTools.BattleBuild:ValidateMechanicsOnly () (at Assets/AreaBattle/Editor/BattleBuild.cs:18)

[Assets/AreaBattle/Scripts/RecoveredWayLineVisual.cs line 21]

Instantiating material due to calling renderer.material during edit mode. This will leak materials into the scene. You most likely want to use renderer.sharedMaterial instead.
UnityEngine.Debug:ExtractStackTraceNoAlloc (byte*,int,string)
UnityEngine.StackTraceUtility:ExtractStackTrace () (at /Users/bokken/build/output/unity/unity/Runtime/Export/Scripting/StackTrace.cs:35)
UnityEngine.Renderer:GetMaterial ()
UnityEngine.Renderer:get_material () (at /Users/bokken/build/output/unity/unity/Runtime/Export/Graphics/GraphicsRenderers.bindings.cs:180)
AreaBattle.RecoveredWayLineVisual:Initialize () (at Assets/AreaBattle/Scripts/RecoveredWayLineVisual.cs:33)
AreaBattle.RecoveredWayLineVisual:SetLine (UnityEngine.Vector3,UnityEngine.Vector3,UnityEngine.Color,UnityEngine.Color,bool,bool,single) (at Assets/AreaBattle/Scripts/RecoveredWayLineVisual.cs:56)
AreaBattle.RecoveredWayLineVisual:Synchronize (AreaBattle.LineState,AreaBattle.TowerState,AreaBattle.TowerState,UnityEngine.Color,UnityEngine.Color,single) (at Assets/AreaBattle/Scripts/RecoveredWayLineVisual.cs:46)
AreaBattle.RecoveredWayLineVisual:Synchronize (AreaBattle.LineState,AreaBattle.TowerState,AreaBattle.TowerState,single) (at Assets/AreaBattle/Scripts/RecoveredWayLineVisual.cs:21)
AreaBattle.BattleView:RefreshPresentation () (at Assets/AreaBattle/Scripts/BattleView.cs:566)
AreaBattle.BattleView:AdvanceFrame (single,single) (at Assets/AreaBattle/Scripts/BattleView.cs:374)
AreaBattle.EditorTools.SkillInputValidation/<>c__DisplayClass1_3:<Run>b__19 () (at Assets/AreaBattle/Editor/SkillInputValidation.cs:177)
AreaBattle.EditorTools.SkillInputValidation/<>c__DisplayClass1_0:<Run>b__0 (string,System.Action) (at Assets/AreaBattle/Editor/SkillInputValidation.cs:18)
AreaBattle.EditorTools.SkillInputValidation:Run () (at Assets/AreaBattle/Editor/SkillInputValidation.cs:152)
System.Reflection.RuntimeMethodInfo:Invoke (object,System.Reflection.BindingFlags,System.Reflection.Binder,object[],System.Globalization.CultureInfo)
System.Reflection.MethodBase:Invoke (object,object[])
AreaBattle.EditorTools.BattleBuild:ValidateIntegrated () (at Assets/AreaBattle/Editor/BattleBuild.cs:32)
AreaBattle.EditorTools.BattleBuild:ValidateMechanicsOnly () (at Assets/AreaBattle/Editor/BattleBuild.cs:18)

[Assets/AreaBattle/Scripts/RecoveredWayLineVisual.cs line 21]

Instantiating material due to calling renderer.material during edit mode. This will leak materials into the scene. You most likely want to use renderer.sharedMaterial instead.
UnityEngine.Debug:ExtractStackTraceNoAlloc (byte*,int,string)
UnityEngine.StackTraceUtility:ExtractStackTrace () (at /Users/bokken/build/output/unity/unity/Runtime/Export/Scripting/StackTrace.cs:35)
UnityEngine.Renderer:GetMaterial ()
UnityEngine.Renderer:get_material () (at /Users/bokken/build/output/unity/unity/Runtime/Export/Graphics/GraphicsRenderers.bindings.cs:180)
AreaBattle.RecoveredWayLineVisual:Initialize () (at Assets/AreaBattle/Scripts/RecoveredWayLineVisual.cs:33)
AreaBattle.RecoveredWayLineVisual:SetLine (UnityEngine.Vector3,UnityEngine.Vector3,UnityEngine.Color,UnityEngine.Color,bool,bool,single) (at Assets/AreaBattle/Scripts/RecoveredWayLineVisual.cs:56)
AreaBattle.RecoveredWayLineVisual:Synchronize (AreaBattle.LineState,AreaBattle.TowerState,AreaBattle.TowerState,UnityEngine.Color,UnityEngine.Color,single) (at Assets/AreaBattle/Scripts/RecoveredWayLineVisual.cs:46)
AreaBattle.RecoveredWayLineVisual:Synchronize (AreaBattle.LineState,AreaBattle.TowerState,AreaBattle.TowerState,single) (at Assets/AreaBattle/Scripts/RecoveredWayLineVisual.cs:21)
AreaBattle.BattleView:RefreshPresentation () (at Assets/AreaBattle/Scripts/BattleView.cs:566)
AreaBattle.BattleView:AdvanceFrame (single,single) (at Assets/AreaBattle/Scripts/BattleView.cs:374)
AreaBattle.EditorTools.SkillInputValidation/<>c__DisplayClass1_3:<Run>b__19 () (at Assets/AreaBattle/Editor/SkillInputValidation.cs:177)
AreaBattle.EditorTools.SkillInputValidation/<>c__DisplayClass1_0:<Run>b__0 (string,System.Action) (at Assets/AreaBattle/Editor/SkillInputValidation.cs:18)
AreaBattle.EditorTools.SkillInputValidation:Run () (at Assets/AreaBattle/Editor/SkillInputValidation.cs:152)
System.Reflection.RuntimeMethodInfo:Invoke (object,System.Reflection.BindingFlags,System.Reflection.Binder,object[],System.Globalization.CultureInfo)
System.Reflection.MethodBase:Invoke (object,object[])
AreaBattle.EditorTools.BattleBuild:ValidateIntegrated () (at Assets/AreaBattle/Editor/BattleBuild.cs:32)
AreaBattle.EditorTools.BattleBuild:ValidateMechanicsOnly () (at Assets/AreaBattle/Editor/BattleBuild.cs:18)

[Assets/AreaBattle/Scripts/RecoveredWayLineVisual.cs line 21]

Instantiating material due to calling renderer.material during edit mode. This will leak materials into the scene. You most likely want to use renderer.sharedMaterial instead.
UnityEngine.Debug:ExtractStackTraceNoAlloc (byte*,int,string)
UnityEngine.StackTraceUtility:ExtractStackTrace () (at /Users/bokken/build/output/unity/unity/Runtime/Export/Scripting/StackTrace.cs:35)
UnityEngine.Renderer:GetMaterial ()
UnityEngine.Renderer:get_material () (at /Users/bokken/build/output/unity/unity/Runtime/Export/Graphics/GraphicsRenderers.bindings.cs:180)
AreaBattle.RecoveredWayLineVisual:Initialize () (at Assets/AreaBattle/Scripts/RecoveredWayLineVisual.cs:33)
AreaBattle.RecoveredWayLineVisual:SetLine (UnityEngine.Vector3,UnityEngine.Vector3,UnityEngine.Color,UnityEngine.Color,bool,bool,single) (at Assets/AreaBattle/Scripts/RecoveredWayLineVisual.cs:56)
AreaBattle.RecoveredWayLineVisual:Synchronize (AreaBattle.LineState,AreaBattle.TowerState,AreaBattle.TowerState,UnityEngine.Color,UnityEngine.Color,single) (at Assets/AreaBattle/Scripts/RecoveredWayLineVisual.cs:46)
AreaBattle.RecoveredWayLineVisual:Synchronize (AreaBattle.LineState,AreaBattle.TowerState,AreaBattle.TowerState,single) (at Assets/AreaBattle/Scripts/RecoveredWayLineVisual.cs:21)
AreaBattle.BattleView:RefreshPresentation () (at Assets/AreaBattle/Scripts/BattleView.cs:566)
AreaBattle.BattleView:AdvanceFrame (single,single) (at Assets/AreaBattle/Scripts/BattleView.cs:374)
AreaBattle.EditorTools.SkillInputValidation/<>c__DisplayClass1_3:<Run>b__19 () (at Assets/AreaBattle/Editor/SkillInputValidation.cs:177)
AreaBattle.EditorTools.SkillInputValidation/<>c__DisplayClass1_0:<Run>b__0 (string,System.Action) (at Assets/AreaBattle/Editor/SkillInputValidation.cs:18)
AreaBattle.EditorTools.SkillInputValidation:Run () (at Assets/AreaBattle/Editor/SkillInputValidation.cs:152)
System.Reflection.RuntimeMethodInfo:Invoke (object,System.Reflection.BindingFlags,System.Reflection.Binder,object[],System.Globalization.CultureInfo)
System.Reflection.MethodBase:Invoke (object,object[])
AreaBattle.EditorTools.BattleBuild:ValidateIntegrated () (at Assets/AreaBattle/Editor/BattleBuild.cs:32)
AreaBattle.EditorTools.BattleBuild:ValidateMechanicsOnly () (at Assets/AreaBattle/Editor/BattleBuild.cs:18)

[Assets/AreaBattle/Scripts/RecoveredWayLineVisual.cs line 21]

Instantiating material due to calling renderer.material during edit mode. This will leak materials into the scene. You most likely want to use renderer.sharedMaterial instead.
UnityEngine.Debug:ExtractStackTraceNoAlloc (byte*,int,string)
UnityEngine.StackTraceUtility:ExtractStackTrace () (at /Users/bokken/build/output/unity/unity/Runtime/Export/Scripting/StackTrace.cs:35)
UnityEngine.Renderer:GetMaterial ()
UnityEngine.Renderer:get_material () (at /Users/bokken/build/output/unity/unity/Runtime/Export/Graphics/GraphicsRenderers.bindings.cs:180)
AreaBattle.RecoveredWayLineVisual:Initialize () (at Assets/AreaBattle/Scripts/RecoveredWayLineVisual.cs:33)
AreaBattle.RecoveredWayLineVisual:SetLine (UnityEngine.Vector3,UnityEngine.Vector3,UnityEngine.Color,UnityEngine.Color,bool,bool,single) (at Assets/AreaBattle/Scripts/RecoveredWayLineVisual.cs:56)
AreaBattle.RecoveredWayLineVisual:Synchronize (AreaBattle.LineState,AreaBattle.TowerState,AreaBattle.TowerState,UnityEngine.Color,UnityEngine.Color,single) (at Assets/AreaBattle/Scripts/RecoveredWayLineVisual.cs:46)
AreaBattle.RecoveredWayLineVisual:Synchronize (AreaBattle.LineState,AreaBattle.TowerState,AreaBattle.TowerState,single) (at Assets/AreaBattle/Scripts/RecoveredWayLineVisual.cs:21)
AreaBattle.BattleView:RefreshPresentation () (at Assets/AreaBattle/Scripts/BattleView.cs:566)
AreaBattle.BattleView:AdvanceFrame (single,single) (at Assets/AreaBattle/Scripts/BattleView.cs:374)
AreaBattle.EditorTools.SkillInputValidation/<>c__DisplayClass1_3:<Run>b__19 () (at Assets/AreaBattle/Editor/SkillInputValidation.cs:177)
AreaBattle.EditorTools.SkillInputValidation/<>c__DisplayClass1_0:<Run>b__0 (string,System.Action) (at Assets/AreaBattle/Editor/SkillInputValidation.cs:18)
AreaBattle.EditorTools.SkillInputValidation:Run () (at Assets/AreaBattle/Editor/SkillInputValidation.cs:152)
System.Reflection.RuntimeMethodInfo:Invoke (object,System.Reflection.BindingFlags,System.Reflection.Binder,object[],System.Globalization.CultureInfo)
System.Reflection.MethodBase:Invoke (object,object[])
AreaBattle.EditorTools.BattleBuild:ValidateIntegrated () (at Assets/AreaBattle/Editor/BattleBuild.cs:32)
AreaBattle.EditorTools.BattleBuild:ValidateMechanicsOnly () (at Assets/AreaBattle/Editor/BattleBuild.cs:18)

[Assets/AreaBattle/Scripts/RecoveredWayLineVisual.cs line 21]

Instantiating material due to calling renderer.material during edit mode. This will leak materials into the scene. You most likely want to use renderer.sharedMaterial instead.
UnityEngine.Debug:ExtractStackTraceNoAlloc (byte*,int,string)
UnityEngine.StackTraceUtility:ExtractStackTrace () (at /Users/bokken/build/output/unity/unity/Runtime/Export/Scripting/StackTrace.cs:35)
UnityEngine.Renderer:GetMaterial ()
UnityEngine.Renderer:get_material () (at /Users/bokken/build/output/unity/unity/Runtime/Export/Graphics/GraphicsRenderers.bindings.cs:180)
AreaBattle.RecoveredWayLineVisual:Initialize () (at Assets/AreaBattle/Scripts/RecoveredWayLineVisual.cs:33)
AreaBattle.RecoveredWayLineVisual:SetLine (UnityEngine.Vector3,UnityEngine.Vector3,UnityEngine.Color,UnityEngine.Color,bool,bool,single) (at Assets/AreaBattle/Scripts/RecoveredWayLineVisual.cs:56)
AreaBattle.RecoveredWayLineVisual:Synchronize (AreaBattle.LineState,AreaBattle.TowerState,AreaBattle.TowerState,UnityEngine.Color,UnityEngine.Color,single) (at Assets/AreaBattle/Scripts/RecoveredWayLineVisual.cs:46)
AreaBattle.RecoveredWayLineVisual:Synchronize (AreaBattle.LineState,AreaBattle.TowerState,AreaBattle.TowerState,single) (at Assets/AreaBattle/Scripts/RecoveredWayLineVisual.cs:21)
AreaBattle.BattleView:RefreshPresentation () (at Assets/AreaBattle/Scripts/BattleView.cs:566)
AreaBattle.BattleView:AdvanceFrame (single,single) (at Assets/AreaBattle/Scripts/BattleView.cs:374)
AreaBattle.EditorTools.SkillInputValidation/<>c__DisplayClass1_3:<Run>b__19 () (at Assets/AreaBattle/Editor/SkillInputValidation.cs:177)
AreaBattle.EditorTools.SkillInputValidation/<>c__DisplayClass1_0:<Run>b__0 (string,System.Action) (at Assets/AreaBattle/Editor/SkillInputValidation.cs:18)
AreaBattle.EditorTools.SkillInputValidation:Run () (at Assets/AreaBattle/Editor/SkillInputValidation.cs:152)
System.Reflection.RuntimeMethodInfo:Invoke (object,System.Reflection.BindingFlags,System.Reflection.Binder,object[],System.Globalization.CultureInfo)
System.Reflection.MethodBase:Invoke (object,object[])
AreaBattle.EditorTools.BattleBuild:ValidateIntegrated () (at Assets/AreaBattle/Editor/BattleBuild.cs:32)
AreaBattle.EditorTools.BattleBuild:ValidateMechanicsOnly () (at Assets/AreaBattle/Editor/BattleBuild.cs:18)

[Assets/AreaBattle/Scripts/RecoveredWayLineVisual.cs line 21]

Instantiating material due to calling renderer.material during edit mode. This will leak materials into the scene. You most likely want to use renderer.sharedMaterial instead.
UnityEngine.Debug:ExtractStackTraceNoAlloc (byte*,int,string)
UnityEngine.StackTraceUtility:ExtractStackTrace () (at /Users/bokken/build/output/unity/unity/Runtime/Export/Scripting/StackTrace.cs:35)
UnityEngine.Renderer:GetMaterial ()
UnityEngine.Renderer:get_material () (at /Users/bokken/build/output/unity/unity/Runtime/Export/Graphics/GraphicsRenderers.bindings.cs:180)
AreaBattle.RecoveredWayLineVisual:Initialize () (at Assets/AreaBattle/Scripts/RecoveredWayLineVisual.cs:33)
AreaBattle.RecoveredWayLineVisual:SetLine (UnityEngine.Vector3,UnityEngine.Vector3,UnityEngine.Color,UnityEngine.Color,bool,bool,single) (at Assets/AreaBattle/Scripts/RecoveredWayLineVisual.cs:56)
AreaBattle.RecoveredWayLineVisual:Synchronize (AreaBattle.LineState,AreaBattle.TowerState,AreaBattle.TowerState,UnityEngine.Color,UnityEngine.Color,single) (at Assets/AreaBattle/Scripts/RecoveredWayLineVisual.cs:46)
AreaBattle.RecoveredWayLineVisual:Synchronize (AreaBattle.LineState,AreaBattle.TowerState,AreaBattle.TowerState,single) (at Assets/AreaBattle/Scripts/RecoveredWayLineVisual.cs:21)
AreaBattle.BattleView:RefreshPresentation () (at Assets/AreaBattle/Scripts/BattleView.cs:566)
AreaBattle.BattleView:AdvanceFrame (single,single) (at Assets/AreaBattle/Scripts/BattleView.cs:374)
AreaBattle.EditorTools.SkillInputValidation/<>c__DisplayClass1_3:<Run>b__19 () (at Assets/AreaBattle/Editor/SkillInputValidation.cs:177)
AreaBattle.EditorTools.SkillInputValidation/<>c__DisplayClass1_0:<Run>b__0 (string,System.Action) (at Assets/AreaBattle/Editor/SkillInputValidation.cs:18)
AreaBattle.EditorTools.SkillInputValidation:Run () (at Assets/AreaBattle/Editor/SkillInputValidation.cs:152)
System.Reflection.RuntimeMethodInfo:Invoke (object,System.Reflection.BindingFlags,System.Reflection.Binder,object[],System.Globalization.CultureInfo)
System.Reflection.MethodBase:Invoke (object,object[])
AreaBattle.EditorTools.BattleBuild:ValidateIntegrated () (at Assets/AreaBattle/Editor/BattleBuild.cs:32)
AreaBattle.EditorTools.BattleBuild:ValidateMechanicsOnly () (at Assets/AreaBattle/Editor/BattleBuild.cs:18)

[Assets/AreaBattle/Scripts/RecoveredWayLineVisual.cs line 21]

Instantiating material due to calling renderer.material during edit mode. This will leak materials into the scene. You most likely want to use renderer.sharedMaterial instead.
UnityEngine.Debug:ExtractStackTraceNoAlloc (byte*,int,string)
UnityEngine.StackTraceUtility:ExtractStackTrace () (at /Users/bokken/build/output/unity/unity/Runtime/Export/Scripting/StackTrace.cs:35)
UnityEngine.Renderer:GetMaterial ()
UnityEngine.Renderer:get_material () (at /Users/bokken/build/output/unity/unity/Runtime/Export/Graphics/GraphicsRenderers.bindings.cs:180)
AreaBattle.RecoveredWayLineVisual:Initialize () (at Assets/AreaBattle/Scripts/RecoveredWayLineVisual.cs:33)
AreaBattle.RecoveredWayLineVisual:SetLine (UnityEngine.Vector3,UnityEngine.Vector3,UnityEngine.Color,UnityEngine.Color,bool,bool,single) (at Assets/AreaBattle/Scripts/RecoveredWayLineVisual.cs:56)
AreaBattle.RecoveredWayLineVisual:Synchronize (AreaBattle.LineState,AreaBattle.TowerState,AreaBattle.TowerState,UnityEngine.Color,UnityEngine.Color,single) (at Assets/AreaBattle/Scripts/RecoveredWayLineVisual.cs:46)
AreaBattle.RecoveredWayLineVisual:Synchronize (AreaBattle.LineState,AreaBattle.TowerState,AreaBattle.TowerState,single) (at Assets/AreaBattle/Scripts/RecoveredWayLineVisual.cs:21)
AreaBattle.BattleView:RefreshPresentation () (at Assets/AreaBattle/Scripts/BattleView.cs:566)
AreaBattle.BattleView:AdvanceFrame (single,single) (at Assets/AreaBattle/Scripts/BattleView.cs:374)
AreaBattle.EditorTools.SkillInputValidation/<>c__DisplayClass1_3:<Run>b__19 () (at Assets/AreaBattle/Editor/SkillInputValidation.cs:177)
AreaBattle.EditorTools.SkillInputValidation/<>c__DisplayClass1_0:<Run>b__0 (string,System.Action) (at Assets/AreaBattle/Editor/SkillInputValidation.cs:18)
AreaBattle.EditorTools.SkillInputValidation:Run () (at Assets/AreaBattle/Editor/SkillInputValidation.cs:152)
System.Reflection.RuntimeMethodInfo:Invoke (object,System.Reflection.BindingFlags,System.Reflection.Binder,object[],System.Globalization.CultureInfo)
System.Reflection.MethodBase:Invoke (object,object[])
AreaBattle.EditorTools.BattleBuild:ValidateIntegrated () (at Assets/AreaBattle/Editor/BattleBuild.cs:32)
AreaBattle.EditorTools.BattleBuild:ValidateMechanicsOnly () (at Assets/AreaBattle/Editor/BattleBuild.cs:18)

[Assets/AreaBattle/Scripts/RecoveredWayLineVisual.cs line 21]

Instantiating material due to calling renderer.material during edit mode. This will leak materials into the scene. You most likely want to use renderer.sharedMaterial instead.
UnityEngine.Debug:ExtractStackTraceNoAlloc (byte*,int,string)
UnityEngine.StackTraceUtility:ExtractStackTrace () (at /Users/bokken/build/output/unity/unity/Runtime/Export/Scripting/StackTrace.cs:35)
UnityEngine.Renderer:GetMaterial ()
UnityEngine.Renderer:get_material () (at /Users/bokken/build/output/unity/unity/Runtime/Export/Graphics/GraphicsRenderers.bindings.cs:180)
AreaBattle.RecoveredWayLineVisual:Initialize () (at Assets/AreaBattle/Scripts/RecoveredWayLineVisual.cs:33)
AreaBattle.RecoveredWayLineVisual:SetLine (UnityEngine.Vector3,UnityEngine.Vector3,UnityEngine.Color,UnityEngine.Color,bool,bool,single) (at Assets/AreaBattle/Scripts/RecoveredWayLineVisual.cs:56)
AreaBattle.EditorTools.RecoveredWayLineImporter/<>c:<Run>b__13_2 (AreaBattle.RecoveredWayLineVisual) (at Assets/AreaBattle/Editor/RecoveredWayLineImporter.cs:100)
AreaBattle.EditorTools.RecoveredWayLineImporter/<>c__DisplayClass14_0:<CheckPrefab>b__0 () (at Assets/AreaBattle/Editor/RecoveredWayLineImporter.cs:121)
AreaBattle.EditorTools.RecoveredWayLineImporter/<>c__DisplayClass13_0:<Run>b__0 (string,System.Action) (at Assets/AreaBattle/Editor/RecoveredWayLineImporter.cs:97)
AreaBattle.EditorTools.RecoveredWayLineImporter:CheckPrefab (System.Action`2<string, System.Action>,string,bool,System.Action`1<AreaBattle.RecoveredWayLineVisual>) (at Assets/AreaBattle/Editor/RecoveredWayLineImporter.cs:121)
AreaBattle.EditorTools.RecoveredWayLineImporter:Run () (at Assets/AreaBattle/Editor/RecoveredWayLineImporter.cs:99)
System.Reflection.RuntimeMethodInfo:Invoke (object,System.Reflection.BindingFlags,System.Reflection.Binder,object[],System.Globalization.CultureInfo)
System.Reflection.MethodBase:Invoke (object,object[])
AreaBattle.EditorTools.BattleBuild:ValidateIntegrated () (at Assets/AreaBattle/Editor/BattleBuild.cs:32)
AreaBattle.EditorTools.BattleBuild:ValidateMechanicsOnly () (at Assets/AreaBattle/Editor/BattleBuild.cs:18)

[Assets/AreaBattle/Editor/RecoveredWayLineImporter.cs line 100]

Instantiating material due to calling renderer.material during edit mode. This will leak materials into the scene. You most likely want to use renderer.sharedMaterial instead.
UnityEngine.Debug:ExtractStackTraceNoAlloc (byte*,int,string)
UnityEngine.StackTraceUtility:ExtractStackTrace () (at /Users/bokken/build/output/unity/unity/Runtime/Export/Scripting/StackTrace.cs:35)
UnityEngine.Renderer:GetMaterial ()
UnityEngine.Renderer:get_material () (at /Users/bokken/build/output/unity/unity/Runtime/Export/Graphics/GraphicsRenderers.bindings.cs:180)
AreaBattle.RecoveredWayLineVisual:Initialize () (at Assets/AreaBattle/Scripts/RecoveredWayLineVisual.cs:33)
AreaBattle.RecoveredWayLineVisual:SetLine (UnityEngine.Vector3,UnityEngine.Vector3,UnityEngine.Color,UnityEngine.Color,bool,bool,single) (at Assets/AreaBattle/Scripts/RecoveredWayLineVisual.cs:56)
AreaBattle.EditorTools.RecoveredWayLineImporter/<>c:<Run>b__13_2 (AreaBattle.RecoveredWayLineVisual) (at Assets/AreaBattle/Editor/RecoveredWayLineImporter.cs:100)
AreaBattle.EditorTools.RecoveredWayLineImporter/<>c__DisplayClass14_0:<CheckPrefab>b__0 () (at Assets/AreaBattle/Editor/RecoveredWayLineImporter.cs:121)
AreaBattle.EditorTools.RecoveredWayLineImporter/<>c__DisplayClass13_0:<Run>b__0 (string,System.Action) (at Assets/AreaBattle/Editor/RecoveredWayLineImporter.cs:97)
AreaBattle.EditorTools.RecoveredWayLineImporter:CheckPrefab (System.Action`2<string, System.Action>,string,bool,System.Action`1<AreaBattle.RecoveredWayLineVisual>) (at Assets/AreaBattle/Editor/RecoveredWayLineImporter.cs:121)
AreaBattle.EditorTools.RecoveredWayLineImporter:Run () (at Assets/AreaBattle/Editor/RecoveredWayLineImporter.cs:99)
System.Reflection.RuntimeMethodInfo:Invoke (object,System.Reflection.BindingFlags,System.Reflection.Binder,object[],System.Globalization.CultureInfo)
System.Reflection.MethodBase:Invoke (object,object[])
AreaBattle.EditorTools.BattleBuild:ValidateIntegrated () (at Assets/AreaBattle/Editor/BattleBuild.cs:32)
AreaBattle.EditorTools.BattleBuild:ValidateMechanicsOnly () (at Assets/AreaBattle/Editor/BattleBuild.cs:18)

[Assets/AreaBattle/Editor/RecoveredWayLineImporter.cs line 100]

Instantiating material due to calling renderer.material during edit mode. This will leak materials into the scene. You most likely want to use renderer.sharedMaterial instead.
UnityEngine.Debug:ExtractStackTraceNoAlloc (byte*,int,string)
UnityEngine.StackTraceUtility:ExtractStackTrace () (at /Users/bokken/build/output/unity/unity/Runtime/Export/Scripting/StackTrace.cs:35)
UnityEngine.Renderer:GetMaterial ()
UnityEngine.Renderer:get_material () (at /Users/bokken/build/output/unity/unity/Runtime/Export/Graphics/GraphicsRenderers.bindings.cs:180)
AreaBattle.RecoveredWayLineVisual:Initialize () (at Assets/AreaBattle/Scripts/RecoveredWayLineVisual.cs:33)
AreaBattle.RecoveredWayLineVisual:SetLine (UnityEngine.Vector3,UnityEngine.Vector3,UnityEngine.Color,UnityEngine.Color,bool,bool,single) (at Assets/AreaBattle/Scripts/RecoveredWayLineVisual.cs:56)
AreaBattle.EditorTools.RecoveredWayLineImporter/<>c:<Run>b__13_3 (AreaBattle.RecoveredWayLineVisual) (at Assets/AreaBattle/Editor/RecoveredWayLineImporter.cs:106)
AreaBattle.EditorTools.RecoveredWayLineImporter/<>c__DisplayClass14_0:<CheckPrefab>b__0 () (at Assets/AreaBattle/Editor/RecoveredWayLineImporter.cs:121)
AreaBattle.EditorTools.RecoveredWayLineImporter/<>c__DisplayClass13_0:<Run>b__0 (string,System.Action) (at Assets/AreaBattle/Editor/RecoveredWayLineImporter.cs:97)
AreaBattle.EditorTools.RecoveredWayLineImporter:CheckPrefab (System.Action`2<string, System.Action>,string,bool,System.Action`1<AreaBattle.RecoveredWayLineVisual>) (at Assets/AreaBattle/Editor/RecoveredWayLineImporter.cs:121)
AreaBattle.EditorTools.RecoveredWayLineImporter:Run () (at Assets/AreaBattle/Editor/RecoveredWayLineImporter.cs:105)
System.Reflection.RuntimeMethodInfo:Invoke (object,System.Reflection.BindingFlags,System.Reflection.Binder,object[],System.Globalization.CultureInfo)
System.Reflection.MethodBase:Invoke (object,object[])
AreaBattle.EditorTools.BattleBuild:ValidateIntegrated () (at Assets/AreaBattle/Editor/BattleBuild.cs:32)
AreaBattle.EditorTools.BattleBuild:ValidateMechanicsOnly () (at Assets/AreaBattle/Editor/BattleBuild.cs:18)

[Assets/AreaBattle/Editor/RecoveredWayLineImporter.cs line 106]

Instantiating material due to calling renderer.material during edit mode. This will leak materials into the scene. You most likely want to use renderer.sharedMaterial instead.
UnityEngine.Debug:ExtractStackTraceNoAlloc (byte*,int,string)
UnityEngine.StackTraceUtility:ExtractStackTrace () (at /Users/bokken/build/output/unity/unity/Runtime/Export/Scripting/StackTrace.cs:35)
UnityEngine.Renderer:GetMaterial ()
UnityEngine.Renderer:get_material () (at /Users/bokken/build/output/unity/unity/Runtime/Export/Graphics/GraphicsRenderers.bindings.cs:180)
AreaBattle.RecoveredWayLineVisual:Initialize () (at Assets/AreaBattle/Scripts/RecoveredWayLineVisual.cs:33)
AreaBattle.RecoveredWayLineVisual:SetLine (UnityEngine.Vector3,UnityEngine.Vector3,UnityEngine.Color,UnityEngine.Color,bool,bool,single) (at Assets/AreaBattle/Scripts/RecoveredWayLineVisual.cs:56)
AreaBattle.EditorTools.RecoveredWayLineImporter/<>c:<Run>b__13_3 (AreaBattle.RecoveredWayLineVisual) (at Assets/AreaBattle/Editor/RecoveredWayLineImporter.cs:106)
AreaBattle.EditorTools.RecoveredWayLineImporter/<>c__DisplayClass14_0:<CheckPrefab>b__0 () (at Assets/AreaBattle/Editor/RecoveredWayLineImporter.cs:121)
AreaBattle.EditorTools.RecoveredWayLineImporter/<>c__DisplayClass13_0:<Run>b__0 (string,System.Action) (at Assets/AreaBattle/Editor/RecoveredWayLineImporter.cs:97)
AreaBattle.EditorTools.RecoveredWayLineImporter:CheckPrefab (System.Action`2<string, System.Action>,string,bool,System.Action`1<AreaBattle.RecoveredWayLineVisual>) (at Assets/AreaBattle/Editor/RecoveredWayLineImporter.cs:121)
AreaBattle.EditorTools.RecoveredWayLineImporter:Run () (at Assets/AreaBattle/Editor/RecoveredWayLineImporter.cs:105)
System.Reflection.RuntimeMethodInfo:Invoke (object,System.Reflection.BindingFlags,System.Reflection.Binder,object[],System.Globalization.CultureInfo)
System.Reflection.MethodBase:Invoke (object,object[])
AreaBattle.EditorTools.BattleBuild:ValidateIntegrated () (at Assets/AreaBattle/Editor/BattleBuild.cs:32)
AreaBattle.EditorTools.BattleBuild:ValidateMechanicsOnly () (at Assets/AreaBattle/Editor/BattleBuild.cs:18)

[Assets/AreaBattle/Editor/RecoveredWayLineImporter.cs line 106]

Instantiating material due to calling renderer.material during edit mode. This will leak materials into the scene. You most likely want to use renderer.sharedMaterial instead.
UnityEngine.Debug:ExtractStackTraceNoAlloc (byte*,int,string)
UnityEngine.StackTraceUtility:ExtractStackTrace () (at /Users/bokken/build/output/unity/unity/Runtime/Export/Scripting/StackTrace.cs:35)
UnityEngine.Renderer:GetMaterial ()
UnityEngine.Renderer:get_material () (at /Users/bokken/build/output/unity/unity/Runtime/Export/Graphics/GraphicsRenderers.bindings.cs:180)
AreaBattle.RecoveredWayLineVisual:Initialize () (at Assets/AreaBattle/Scripts/RecoveredWayLineVisual.cs:33)
AreaBattle.RecoveredWayLineVisual:SetLine (UnityEngine.Vector3,UnityEngine.Vector3,UnityEngine.Color,UnityEngine.Color,bool,bool,single) (at Assets/AreaBattle/Scripts/RecoveredWayLineVisual.cs:56)
AreaBattle.EditorTools.RecoveredWayLineImporter/<>c:<Run>b__13_3 (AreaBattle.RecoveredWayLineVisual) (at Assets/AreaBattle/Editor/RecoveredWayLineImporter.cs:106)
AreaBattle.EditorTools.RecoveredWayLineImporter/<>c__DisplayClass14_0:<CheckPrefab>b__0 () (at Assets/AreaBattle/Editor/RecoveredWayLineImporter.cs:121)
AreaBattle.EditorTools.RecoveredWayLineImporter/<>c__DisplayClass13_0:<Run>b__0 (string,System.Action) (at Assets/AreaBattle/Editor/RecoveredWayLineImporter.cs:97)
AreaBattle.EditorTools.RecoveredWayLineImporter:CheckPrefab (System.Action`2<string, System.Action>,string,bool,System.Action`1<AreaBattle.RecoveredWayLineVisual>) (at Assets/AreaBattle/Editor/RecoveredWayLineImporter.cs:121)
AreaBattle.EditorTools.RecoveredWayLineImporter:Run () (at Assets/AreaBattle/Editor/RecoveredWayLineImporter.cs:105)
System.Reflection.RuntimeMethodInfo:Invoke (object,System.Reflection.BindingFlags,System.Reflection.Binder,object[],System.Globalization.CultureInfo)
System.Reflection.MethodBase:Invoke (object,object[])
AreaBattle.EditorTools.BattleBuild:ValidateIntegrated () (at Assets/AreaBattle/Editor/BattleBuild.cs:32)
AreaBattle.EditorTools.BattleBuild:ValidateMechanicsOnly () (at Assets/AreaBattle/Editor/BattleBuild.cs:18)

[Assets/AreaBattle/Editor/RecoveredWayLineImporter.cs line 106]

Instantiating material due to calling renderer.material during edit mode. This will leak materials into the scene. You most likely want to use renderer.sharedMaterial instead.
UnityEngine.Debug:ExtractStackTraceNoAlloc (byte*,int,string)
UnityEngine.StackTraceUtility:ExtractStackTrace () (at /Users/bokken/build/output/unity/unity/Runtime/Export/Scripting/StackTrace.cs:35)
UnityEngine.Renderer:GetMaterial ()
UnityEngine.Renderer:get_material () (at /Users/bokken/build/output/unity/unity/Runtime/Export/Graphics/GraphicsRenderers.bindings.cs:180)
AreaBattle.RecoveredWayLineVisual:Initialize () (at Assets/AreaBattle/Scripts/RecoveredWayLineVisual.cs:33)
AreaBattle.RecoveredWayLineVisual:SetLine (UnityEngine.Vector3,UnityEngine.Vector3,UnityEngine.Color,UnityEngine.Color,bool,bool,single) (at Assets/AreaBattle/Scripts/RecoveredWayLineVisual.cs:56)
AreaBattle.EditorTools.RecoveredWayLineImporter/<>c:<Run>b__13_3 (AreaBattle.RecoveredWayLineVisual) (at Assets/AreaBattle/Editor/RecoveredWayLineImporter.cs:106)
AreaBattle.EditorTools.RecoveredWayLineImporter/<>c__DisplayClass14_0:<CheckPrefab>b__0 () (at Assets/AreaBattle/Editor/RecoveredWayLineImporter.cs:121)
AreaBattle.EditorTools.RecoveredWayLineImporter/<>c__DisplayClass13_0:<Run>b__0 (string,System.Action) (at Assets/AreaBattle/Editor/RecoveredWayLineImporter.cs:97)
AreaBattle.EditorTools.RecoveredWayLineImporter:CheckPrefab (System.Action`2<string, System.Action>,string,bool,System.Action`1<AreaBattle.RecoveredWayLineVisual>) (at Assets/AreaBattle/Editor/RecoveredWayLineImporter.cs:121)
AreaBattle.EditorTools.RecoveredWayLineImporter:Run () (at Assets/AreaBattle/Editor/RecoveredWayLineImporter.cs:105)
System.Reflection.RuntimeMethodInfo:Invoke (object,System.Reflection.BindingFlags,System.Reflection.Binder,object[],System.Globalization.CultureInfo)
System.Reflection.MethodBase:Invoke (object,object[])
AreaBattle.EditorTools.BattleBuild:ValidateIntegrated () (at Assets/AreaBattle/Editor/BattleBuild.cs:32)
AreaBattle.EditorTools.BattleBuild:ValidateMechanicsOnly () (at Assets/AreaBattle/Editor/BattleBuild.cs:18)

[Assets/AreaBattle/Editor/RecoveredWayLineImporter.cs line 106]

Instantiating material due to calling renderer.material during edit mode. This will leak materials into the scene. You most likely want to use renderer.sharedMaterial instead.
UnityEngine.Debug:ExtractStackTraceNoAlloc (byte*,int,string)
UnityEngine.StackTraceUtility:ExtractStackTrace () (at /Users/bokken/build/output/unity/unity/Runtime/Export/Scripting/StackTrace.cs:35)
UnityEngine.Renderer:GetMaterial ()
UnityEngine.Renderer:get_material () (at /Users/bokken/build/output/unity/unity/Runtime/Export/Graphics/GraphicsRenderers.bindings.cs:180)
AreaBattle.RecoveredWayLineVisual:Initialize () (at Assets/AreaBattle/Scripts/RecoveredWayLineVisual.cs:33)
AreaBattle.RecoveredWayLineVisual:SetLine (UnityEngine.Vector3,UnityEngine.Vector3,UnityEngine.Color,UnityEngine.Color,bool,bool,single) (at Assets/AreaBattle/Scripts/RecoveredWayLineVisual.cs:56)
AreaBattle.RecoveredWayLineVisual:Synchronize (AreaBattle.LineState,AreaBattle.TowerState,AreaBattle.TowerState,UnityEngine.Color,UnityEngine.Color,single) (at Assets/AreaBattle/Scripts/RecoveredWayLineVisual.cs:46)
AreaBattle.EditorTools.RecoveredWayLineImporter/<>c:<Run>b__13_4 (AreaBattle.RecoveredWayLineVisual) (at Assets/AreaBattle/Editor/RecoveredWayLineImporter.cs:113)
AreaBattle.EditorTools.RecoveredWayLineImporter/<>c__DisplayClass14_0:<CheckPrefab>b__0 () (at Assets/AreaBattle/Editor/RecoveredWayLineImporter.cs:121)
AreaBattle.EditorTools.RecoveredWayLineImporter/<>c__DisplayClass13_0:<Run>b__0 (string,System.Action) (at Assets/AreaBattle/Editor/RecoveredWayLineImporter.cs:97)
AreaBattle.EditorTools.RecoveredWayLineImporter:CheckPrefab (System.Action`2<string, System.Action>,string,bool,System.Action`1<AreaBattle.RecoveredWayLineVisual>) (at Assets/AreaBattle/Editor/RecoveredWayLineImporter.cs:121)
AreaBattle.EditorTools.RecoveredWayLineImporter:Run () (at Assets/AreaBattle/Editor/RecoveredWayLineImporter.cs:111)
System.Reflection.RuntimeMethodInfo:Invoke (object,System.Reflection.BindingFlags,System.Reflection.Binder,object[],System.Globalization.CultureInfo)
System.Reflection.MethodBase:Invoke (object,object[])
AreaBattle.EditorTools.BattleBuild:ValidateIntegrated () (at Assets/AreaBattle/Editor/BattleBuild.cs:32)
AreaBattle.EditorTools.BattleBuild:ValidateMechanicsOnly () (at Assets/AreaBattle/Editor/BattleBuild.cs:18)

[Assets/AreaBattle/Editor/RecoveredWayLineImporter.cs line 113]

Instantiating material due to calling renderer.material during edit mode. This will leak materials into the scene. You most likely want to use renderer.sharedMaterial instead.
UnityEngine.Debug:ExtractStackTraceNoAlloc (byte*,int,string)
UnityEngine.StackTraceUtility:ExtractStackTrace () (at /Users/bokken/build/output/unity/unity/Runtime/Export/Scripting/StackTrace.cs:35)
UnityEngine.Renderer:GetMaterial ()
UnityEngine.Renderer:get_material () (at /Users/bokken/build/output/unity/unity/Runtime/Export/Graphics/GraphicsRenderers.bindings.cs:180)
AreaBattle.RecoveredWayLineVisual:Initialize () (at Assets/AreaBattle/Scripts/RecoveredWayLineVisual.cs:33)
AreaBattle.RecoveredWayLineVisual:SetLine (UnityEngine.Vector3,UnityEngine.Vector3,UnityEngine.Color,UnityEngine.Color,bool,bool,single) (at Assets/AreaBattle/Scripts/RecoveredWayLineVisual.cs:56)
AreaBattle.RecoveredWayLineVisual:Synchronize (AreaBattle.LineState,AreaBattle.TowerState,AreaBattle.TowerState,UnityEngine.Color,UnityEngine.Color,single) (at Assets/AreaBattle/Scripts/RecoveredWayLineVisual.cs:46)
AreaBattle.EditorTools.RecoveredWayLineImporter/<>c:<Run>b__13_4 (AreaBattle.RecoveredWayLineVisual) (at Assets/AreaBattle/Editor/RecoveredWayLineImporter.cs:113)
AreaBattle.EditorTools.RecoveredWayLineImporter/<>c__DisplayClass14_0:<CheckPrefab>b__0 () (at Assets/AreaBattle/Editor/RecoveredWayLineImporter.cs:121)
AreaBattle.EditorTools.RecoveredWayLineImporter/<>c__DisplayClass13_0:<Run>b__0 (string,System.Action) (at Assets/AreaBattle/Editor/RecoveredWayLineImporter.cs:97)
AreaBattle.EditorTools.RecoveredWayLineImporter:CheckPrefab (System.Action`2<string, System.Action>,string,bool,System.Action`1<AreaBattle.RecoveredWayLineVisual>) (at Assets/AreaBattle/Editor/RecoveredWayLineImporter.cs:121)
AreaBattle.EditorTools.RecoveredWayLineImporter:Run () (at Assets/AreaBattle/Editor/RecoveredWayLineImporter.cs:111)
System.Reflection.RuntimeMethodInfo:Invoke (object,System.Reflection.BindingFlags,System.Reflection.Binder,object[],System.Globalization.CultureInfo)
System.Reflection.MethodBase:Invoke (object,object[])
AreaBattle.EditorTools.BattleBuild:ValidateIntegrated () (at Assets/AreaBattle/Editor/BattleBuild.cs:32)
AreaBattle.EditorTools.BattleBuild:ValidateMechanicsOnly () (at Assets/AreaBattle/Editor/BattleBuild.cs:18)

[Assets/AreaBattle/Editor/RecoveredWayLineImporter.cs line 113]

Instantiating material due to calling renderer.material during edit mode. This will leak materials into the scene. You most likely want to use renderer.sharedMaterial instead.
UnityEngine.Debug:ExtractStackTraceNoAlloc (byte*,int,string)
UnityEngine.StackTraceUtility:ExtractStackTrace () (at /Users/bokken/build/output/unity/unity/Runtime/Export/Scripting/StackTrace.cs:35)
UnityEngine.Renderer:GetMaterial ()
UnityEngine.Renderer:get_material () (at /Users/bokken/build/output/unity/unity/Runtime/Export/Graphics/GraphicsRenderers.bindings.cs:180)
AreaBattle.RecoveredWayLineVisual:Initialize () (at Assets/AreaBattle/Scripts/RecoveredWayLineVisual.cs:33)
AreaBattle.RecoveredWayLineVisual:SetLine (UnityEngine.Vector3,UnityEngine.Vector3,UnityEngine.Color,UnityEngine.Color,bool,bool,single) (at Assets/AreaBattle/Scripts/RecoveredWayLineVisual.cs:56)
AreaBattle.EditorTools.RecoveredWayLineImporter/<>c:<Run>b__13_5 (AreaBattle.RecoveredWayLineVisual) (at Assets/AreaBattle/Editor/RecoveredWayLineImporter.cs:117)
AreaBattle.EditorTools.RecoveredWayLineImporter/<>c__DisplayClass14_0:<CheckPrefab>b__0 () (at Assets/AreaBattle/Editor/RecoveredWayLineImporter.cs:121)
AreaBattle.EditorTools.RecoveredWayLineImporter/<>c__DisplayClass13_0:<Run>b__0 (string,System.Action) (at Assets/AreaBattle/Editor/RecoveredWayLineImporter.cs:97)
AreaBattle.EditorTools.RecoveredWayLineImporter:CheckPrefab (System.Action`2<string, System.Action>,string,bool,System.Action`1<AreaBattle.RecoveredWayLineVisual>) (at Assets/AreaBattle/Editor/RecoveredWayLineImporter.cs:121)
AreaBattle.EditorTools.RecoveredWayLineImporter:Run () (at Assets/AreaBattle/Editor/RecoveredWayLineImporter.cs:117)
System.Reflection.RuntimeMethodInfo:Invoke (object,System.Reflection.BindingFlags,System.Reflection.Binder,object[],System.Globalization.CultureInfo)
System.Reflection.MethodBase:Invoke (object,object[])
AreaBattle.EditorTools.BattleBuild:ValidateIntegrated () (at Assets/AreaBattle/Editor/BattleBuild.cs:32)
AreaBattle.EditorTools.BattleBuild:ValidateMechanicsOnly () (at Assets/AreaBattle/Editor/BattleBuild.cs:18)

[Assets/AreaBattle/Editor/RecoveredWayLineImporter.cs line 117]

Instantiating material due to calling renderer.material during edit mode. This will leak materials into the scene. You most likely want to use renderer.sharedMaterial instead.
UnityEngine.Debug:ExtractStackTraceNoAlloc (byte*,int,string)
UnityEngine.StackTraceUtility:ExtractStackTrace () (at /Users/bokken/build/output/unity/unity/Runtime/Export/Scripting/StackTrace.cs:35)
UnityEngine.Renderer:GetMaterial ()
UnityEngine.Renderer:get_material () (at /Users/bokken/build/output/unity/unity/Runtime/Export/Graphics/GraphicsRenderers.bindings.cs:180)
AreaBattle.RecoveredWayLineVisual:Initialize () (at Assets/AreaBattle/Scripts/RecoveredWayLineVisual.cs:33)
AreaBattle.RecoveredWayLineVisual:SetLine (UnityEngine.Vector3,UnityEngine.Vector3,UnityEngine.Color,UnityEngine.Color,bool,bool,single) (at Assets/AreaBattle/Scripts/RecoveredWayLineVisual.cs:56)
AreaBattle.EditorTools.RecoveredWayLineImporter/<>c:<Run>b__13_5 (AreaBattle.RecoveredWayLineVisual) (at Assets/AreaBattle/Editor/RecoveredWayLineImporter.cs:117)
AreaBattle.EditorTools.RecoveredWayLineImporter/<>c__DisplayClass14_0:<CheckPrefab>b__0 () (at Assets/AreaBattle/Editor/RecoveredWayLineImporter.cs:121)
AreaBattle.EditorTools.RecoveredWayLineImporter/<>c__DisplayClass13_0:<Run>b__0 (string,System.Action) (at Assets/AreaBattle/Editor/RecoveredWayLineImporter.cs:97)
AreaBattle.EditorTools.RecoveredWayLineImporter:CheckPrefab (System.Action`2<string, System.Action>,string,bool,System.Action`1<AreaBattle.RecoveredWayLineVisual>) (at Assets/AreaBattle/Editor/RecoveredWayLineImporter.cs:121)
AreaBattle.EditorTools.RecoveredWayLineImporter:Run () (at Assets/AreaBattle/Editor/RecoveredWayLineImporter.cs:117)
System.Reflection.RuntimeMethodInfo:Invoke (object,System.Reflection.BindingFlags,System.Reflection.Binder,object[],System.Globalization.CultureInfo)
System.Reflection.MethodBase:Invoke (object,object[])
AreaBattle.EditorTools.BattleBuild:ValidateIntegrated () (at Assets/AreaBattle/Editor/BattleBuild.cs:32)
AreaBattle.EditorTools.BattleBuild:ValidateMechanicsOnly () (at Assets/AreaBattle/Editor/BattleBuild.cs:18)

[Assets/AreaBattle/Editor/RecoveredWayLineImporter.cs line 117]

Instantiating material due to calling renderer.material during edit mode. This will leak materials into the scene. You most likely want to use renderer.sharedMaterial instead.
UnityEngine.Debug:ExtractStackTraceNoAlloc (byte*,int,string)
UnityEngine.StackTraceUtility:ExtractStackTrace () (at /Users/bokken/build/output/unity/unity/Runtime/Export/Scripting/StackTrace.cs:35)
UnityEngine.Renderer:GetMaterial ()
UnityEngine.Renderer:get_material () (at /Users/bokken/build/output/unity/unity/Runtime/Export/Graphics/GraphicsRenderers.bindings.cs:180)
AreaBattle.RecoveredWayLineVisual:Initialize () (at Assets/AreaBattle/Scripts/RecoveredWayLineVisual.cs:33)
AreaBattle.RecoveredWayLineVisual:SetLine (UnityEngine.Vector3,UnityEngine.Vector3,UnityEngine.Color,UnityEngine.Color,bool,bool,single) (at Assets/AreaBattle/Scripts/RecoveredWayLineVisual.cs:56)
AreaBattle.RecoveredGestureVisuals:DrawPreview (UnityEngine.Vector3,UnityEngine.Vector3,UnityEngine.Color,bool,UnityEngine.Transform,bool,single) (at Assets/AreaBattle/Scripts/RecoveredGestureVisuals.cs:97)
AreaBattle.EditorTools.RecoveredGestureImporter/<>c:<Run>b__19_4 () (at Assets/AreaBattle/Editor/RecoveredGestureImporter.cs:109)
AreaBattle.EditorTools.RecoveredGestureImporter/<>c__DisplayClass19_0:<Run>b__0 (string,System.Action) (at Assets/AreaBattle/Editor/RecoveredGestureImporter.cs:86)
AreaBattle.EditorTools.RecoveredGestureImporter:Run () (at Assets/AreaBattle/Editor/RecoveredGestureImporter.cs:105)
System.Reflection.RuntimeMethodInfo:Invoke (object,System.Reflection.BindingFlags,System.Reflection.Binder,object[],System.Globalization.CultureInfo)
System.Reflection.MethodBase:Invoke (object,object[])
AreaBattle.EditorTools.BattleBuild:ValidateIntegrated () (at Assets/AreaBattle/Editor/BattleBuild.cs:32)
AreaBattle.EditorTools.BattleBuild:ValidateMechanicsOnly () (at Assets/AreaBattle/Editor/BattleBuild.cs:18)

[Assets/AreaBattle/Editor/RecoveredGestureImporter.cs line 109]

Instantiating material due to calling renderer.material during edit mode. This will leak materials into the scene. You most likely want to use renderer.sharedMaterial instead.
UnityEngine.Debug:ExtractStackTraceNoAlloc (byte*,int,string)
UnityEngine.StackTraceUtility:ExtractStackTrace () (at /Users/bokken/build/output/unity/unity/Runtime/Export/Scripting/StackTrace.cs:35)
UnityEngine.Renderer:GetMaterial ()
UnityEngine.Renderer:get_material () (at /Users/bokken/build/output/unity/unity/Runtime/Export/Graphics/GraphicsRenderers.bindings.cs:180)
AreaBattle.RecoveredWayLineVisual:Initialize () (at Assets/AreaBattle/Scripts/RecoveredWayLineVisual.cs:33)
AreaBattle.RecoveredWayLineVisual:SetLine (UnityEngine.Vector3,UnityEngine.Vector3,UnityEngine.Color,UnityEngine.Color,bool,bool,single) (at Assets/AreaBattle/Scripts/RecoveredWayLineVisual.cs:56)
AreaBattle.RecoveredGestureVisuals:DrawPreview (UnityEngine.Vector3,UnityEngine.Vector3,UnityEngine.Color,bool,UnityEngine.Transform,bool,single) (at Assets/AreaBattle/Scripts/RecoveredGestureVisuals.cs:97)
AreaBattle.EditorTools.RecoveredGestureImporter/<>c:<Run>b__19_4 () (at Assets/AreaBattle/Editor/RecoveredGestureImporter.cs:109)
AreaBattle.EditorTools.RecoveredGestureImporter/<>c__DisplayClass19_0:<Run>b__0 (string,System.Action) (at Assets/AreaBattle/Editor/RecoveredGestureImporter.cs:86)
AreaBattle.EditorTools.RecoveredGestureImporter:Run () (at Assets/AreaBattle/Editor/RecoveredGestureImporter.cs:105)
System.Reflection.RuntimeMethodInfo:Invoke (object,System.Reflection.BindingFlags,System.Reflection.Binder,object[],System.Globalization.CultureInfo)
System.Reflection.MethodBase:Invoke (object,object[])
AreaBattle.EditorTools.BattleBuild:ValidateIntegrated () (at Assets/AreaBattle/Editor/BattleBuild.cs:32)
AreaBattle.EditorTools.BattleBuild:ValidateMechanicsOnly () (at Assets/AreaBattle/Editor/BattleBuild.cs:18)

[Assets/AreaBattle/Editor/RecoveredGestureImporter.cs line 109]

Instantiating material due to calling renderer.material during edit mode. This will leak materials into the scene. You most likely want to use renderer.sharedMaterial instead.
UnityEngine.Debug:ExtractStackTraceNoAlloc (byte*,int,string)
UnityEngine.StackTraceUtility:ExtractStackTrace () (at /Users/bokken/build/output/unity/unity/Runtime/Export/Scripting/StackTrace.cs:35)
UnityEngine.Renderer:GetMaterial ()
UnityEngine.Renderer:get_material () (at /Users/bokken/build/output/unity/unity/Runtime/Export/Graphics/GraphicsRenderers.bindings.cs:180)
AreaBattle.RecoveredWayLineVisual:Initialize () (at Assets/AreaBattle/Scripts/RecoveredWayLineVisual.cs:33)
AreaBattle.RecoveredWayLineVisual:SetLine (UnityEngine.Vector3,UnityEngine.Vector3,UnityEngine.Color,UnityEngine.Color,bool,bool,single) (at Assets/AreaBattle/Scripts/RecoveredWayLineVisual.cs:56)
AreaBattle.RecoveredGestureVisuals:DrawPreview (UnityEngine.Vector3,UnityEngine.Vector3,UnityEngine.Color,bool,UnityEngine.Transform,bool,single) (at Assets/AreaBattle/Scripts/RecoveredGestureVisuals.cs:97)
AreaBattle.BattleView:MoveTowerDrag (UnityEngine.Vector3,int) (at Assets/AreaBattle/Scripts/BattleView.cs:489)
AreaBattle.EditorTools.RecoveredGestureImporter/<>c:<Run>b__19_7 () (at Assets/AreaBattle/Editor/RecoveredGestureImporter.cs:153)
AreaBattle.EditorTools.RecoveredGestureImporter/<>c__DisplayClass19_0:<Run>b__0 (string,System.Action) (at Assets/AreaBattle/Editor/RecoveredGestureImporter.cs:86)
AreaBattle.EditorTools.RecoveredGestureImporter:Run () (at Assets/AreaBattle/Editor/RecoveredGestureImporter.cs:140)
System.Reflection.RuntimeMethodInfo:Invoke (object,System.Reflection.BindingFlags,System.Reflection.Binder,object[],System.Globalization.CultureInfo)
System.Reflection.MethodBase:Invoke (object,object[])
AreaBattle.EditorTools.BattleBuild:ValidateIntegrated () (at Assets/AreaBattle/Editor/BattleBuild.cs:32)
AreaBattle.EditorTools.BattleBuild:ValidateMechanicsOnly () (at Assets/AreaBattle/Editor/BattleBuild.cs:18)

[Assets/AreaBattle/Editor/RecoveredGestureImporter.cs line 153]

Instantiating material due to calling renderer.material during edit mode. This will leak materials into the scene. You most likely want to use renderer.sharedMaterial instead.
UnityEngine.Debug:ExtractStackTraceNoAlloc (byte*,int,string)
UnityEngine.StackTraceUtility:ExtractStackTrace () (at /Users/bokken/build/output/unity/unity/Runtime/Export/Scripting/StackTrace.cs:35)
UnityEngine.Renderer:GetMaterial ()
UnityEngine.Renderer:get_material () (at /Users/bokken/build/output/unity/unity/Runtime/Export/Graphics/GraphicsRenderers.bindings.cs:180)
AreaBattle.RecoveredWayLineVisual:Initialize () (at Assets/AreaBattle/Scripts/RecoveredWayLineVisual.cs:33)
AreaBattle.RecoveredWayLineVisual:SetLine (UnityEngine.Vector3,UnityEngine.Vector3,UnityEngine.Color,UnityEngine.Color,bool,bool,single) (at Assets/AreaBattle/Scripts/RecoveredWayLineVisual.cs:56)
AreaBattle.RecoveredGestureVisuals:DrawPreview (UnityEngine.Vector3,UnityEngine.Vector3,UnityEngine.Color,bool,UnityEngine.Transform,bool,single) (at Assets/AreaBattle/Scripts/RecoveredGestureVisuals.cs:97)
AreaBattle.BattleView:MoveTowerDrag (UnityEngine.Vector3,int) (at Assets/AreaBattle/Scripts/BattleView.cs:489)
AreaBattle.EditorTools.RecoveredGestureImporter/<>c:<Run>b__19_7 () (at Assets/AreaBattle/Editor/RecoveredGestureImporter.cs:153)
AreaBattle.EditorTools.RecoveredGestureImporter/<>c__DisplayClass19_0:<Run>b__0 (string,System.Action) (at Assets/AreaBattle/Editor/RecoveredGestureImporter.cs:86)
AreaBattle.EditorTools.RecoveredGestureImporter:Run () (at Assets/AreaBattle/Editor/RecoveredGestureImporter.cs:140)
System.Reflection.RuntimeMethodInfo:Invoke (object,System.Reflection.BindingFlags,System.Reflection.Binder,object[],System.Globalization.CultureInfo)
System.Reflection.MethodBase:Invoke (object,object[])
AreaBattle.EditorTools.BattleBuild:ValidateIntegrated () (at Assets/AreaBattle/Editor/BattleBuild.cs:32)
AreaBattle.EditorTools.BattleBuild:ValidateMechanicsOnly () (at Assets/AreaBattle/Editor/BattleBuild.cs:18)

[Assets/AreaBattle/Editor/RecoveredGestureImporter.cs line 153]

Instantiating material due to calling renderer.material during edit mode. This will leak materials into the scene. You most likely want to use renderer.sharedMaterial instead.
UnityEngine.Debug:ExtractStackTraceNoAlloc (byte*,int,string)
UnityEngine.StackTraceUtility:ExtractStackTrace () (at /Users/bokken/build/output/unity/unity/Runtime/Export/Scripting/StackTrace.cs:35)
UnityEngine.Renderer:GetMaterial ()
UnityEngine.Renderer:get_material () (at /Users/bokken/build/output/unity/unity/Runtime/Export/Graphics/GraphicsRenderers.bindings.cs:180)
AreaBattle.RecoveredWayLineVisual:Initialize () (at Assets/AreaBattle/Scripts/RecoveredWayLineVisual.cs:33)
AreaBattle.RecoveredWayLineVisual:SetLine (UnityEngine.Vector3,UnityEngine.Vector3,UnityEngine.Color,UnityEngine.Color,bool,bool,single) (at Assets/AreaBattle/Scripts/RecoveredWayLineVisual.cs:56)
AreaBattle.RecoveredWayLineVisual:Synchronize (AreaBattle.LineState,AreaBattle.TowerState,AreaBattle.TowerState,UnityEngine.Color,UnityEngine.Color,single) (at Assets/AreaBattle/Scripts/RecoveredWayLineVisual.cs:46)
AreaBattle.RecoveredWayLineVisual:Synchronize (AreaBattle.LineState,AreaBattle.TowerState,AreaBattle.TowerState,single) (at Assets/AreaBattle/Scripts/RecoveredWayLineVisual.cs:21)
AreaBattle.BattleView:RefreshPresentation () (at Assets/AreaBattle/Scripts/BattleView.cs:566)
AreaBattle.BattleView:AdvanceFrame (single,single) (at Assets/AreaBattle/Scripts/BattleView.cs:374)
AreaBattle.EditorTools.RecoveredGestureImporter/<>c:<Run>b__19_7 () (at Assets/AreaBattle/Editor/RecoveredGestureImporter.cs:161)
AreaBattle.EditorTools.RecoveredGestureImporter/<>c__DisplayClass19_0:<Run>b__0 (string,System.Action) (at Assets/AreaBattle/Editor/RecoveredGestureImporter.cs:86)
AreaBattle.EditorTools.RecoveredGestureImporter:Run () (at Assets/AreaBattle/Editor/RecoveredGestureImporter.cs:140)
System.Reflection.RuntimeMethodInfo:Invoke (object,System.Reflection.BindingFlags,System.Reflection.Binder,object[],System.Globalization.CultureInfo)
System.Reflection.MethodBase:Invoke (object,object[])
AreaBattle.EditorTools.BattleBuild:ValidateIntegrated () (at Assets/AreaBattle/Editor/BattleBuild.cs:32)
AreaBattle.EditorTools.BattleBuild:ValidateMechanicsOnly () (at Assets/AreaBattle/Editor/BattleBuild.cs:18)

[Assets/AreaBattle/Scripts/RecoveredWayLineVisual.cs line 21]

Instantiating material due to calling renderer.material during edit mode. This will leak materials into the scene. You most likely want to use renderer.sharedMaterial instead.
UnityEngine.Debug:ExtractStackTraceNoAlloc (byte*,int,string)
UnityEngine.StackTraceUtility:ExtractStackTrace () (at /Users/bokken/build/output/unity/unity/Runtime/Export/Scripting/StackTrace.cs:35)
UnityEngine.Renderer:GetMaterial ()
UnityEngine.Renderer:get_material () (at /Users/bokken/build/output/unity/unity/Runtime/Export/Graphics/GraphicsRenderers.bindings.cs:180)
AreaBattle.RecoveredWayLineVisual:Initialize () (at Assets/AreaBattle/Scripts/RecoveredWayLineVisual.cs:33)
AreaBattle.RecoveredWayLineVisual:SetLine (UnityEngine.Vector3,UnityEngine.Vector3,UnityEngine.Color,UnityEngine.Color,bool,bool,single) (at Assets/AreaBattle/Scripts/RecoveredWayLineVisual.cs:56)
AreaBattle.RecoveredWayLineVisual:Synchronize (AreaBattle.LineState,AreaBattle.TowerState,AreaBattle.TowerState,UnityEngine.Color,UnityEngine.Color,single) (at Assets/AreaBattle/Scripts/RecoveredWayLineVisual.cs:46)
AreaBattle.RecoveredWayLineVisual:Synchronize (AreaBattle.LineState,AreaBattle.TowerState,AreaBattle.TowerState,single) (at Assets/AreaBattle/Scripts/RecoveredWayLineVisual.cs:21)
AreaBattle.BattleView:RefreshPresentation () (at Assets/AreaBattle/Scripts/BattleView.cs:566)
AreaBattle.BattleView:AdvanceFrame (single,single) (at Assets/AreaBattle/Scripts/BattleView.cs:374)
AreaBattle.EditorTools.RecoveredGestureImporter/<>c:<Run>b__19_7 () (at Assets/AreaBattle/Editor/RecoveredGestureImporter.cs:161)
AreaBattle.EditorTools.RecoveredGestureImporter/<>c__DisplayClass19_0:<Run>b__0 (string,System.Action) (at Assets/AreaBattle/Editor/RecoveredGestureImporter.cs:86)
AreaBattle.EditorTools.RecoveredGestureImporter:Run () (at Assets/AreaBattle/Editor/RecoveredGestureImporter.cs:140)
System.Reflection.RuntimeMethodInfo:Invoke (object,System.Reflection.BindingFlags,System.Reflection.Binder,object[],System.Globalization.CultureInfo)
System.Reflection.MethodBase:Invoke (object,object[])
AreaBattle.EditorTools.BattleBuild:ValidateIntegrated () (at Assets/AreaBattle/Editor/BattleBuild.cs:32)
AreaBattle.EditorTools.BattleBuild:ValidateMechanicsOnly () (at Assets/AreaBattle/Editor/BattleBuild.cs:18)

[Assets/AreaBattle/Scripts/RecoveredWayLineVisual.cs line 21]

Instantiating material due to calling renderer.material during edit mode. This will leak materials into the scene. You most likely want to use renderer.sharedMaterial instead.
UnityEngine.Debug:ExtractStackTraceNoAlloc (byte*,int,string)
UnityEngine.StackTraceUtility:ExtractStackTrace () (at /Users/bokken/build/output/unity/unity/Runtime/Export/Scripting/StackTrace.cs:35)
UnityEngine.Renderer:GetMaterial ()
UnityEngine.Renderer:get_material () (at /Users/bokken/build/output/unity/unity/Runtime/Export/Graphics/GraphicsRenderers.bindings.cs:180)
AreaBattle.RecoveredWayLineVisual:Initialize () (at Assets/AreaBattle/Scripts/RecoveredWayLineVisual.cs:33)
AreaBattle.RecoveredWayLineVisual:SetLine (UnityEngine.Vector3,UnityEngine.Vector3,UnityEngine.Color,UnityEngine.Color,bool,bool,single) (at Assets/AreaBattle/Scripts/RecoveredWayLineVisual.cs:56)
AreaBattle.RecoveredWayLineVisual:Synchronize (AreaBattle.LineState,AreaBattle.TowerState,AreaBattle.TowerState,UnityEngine.Color,UnityEngine.Color,single) (at Assets/AreaBattle/Scripts/RecoveredWayLineVisual.cs:46)
AreaBattle.RecoveredWayLineVisual:Synchronize (AreaBattle.LineState,AreaBattle.TowerState,AreaBattle.TowerState,single) (at Assets/AreaBattle/Scripts/RecoveredWayLineVisual.cs:21)
AreaBattle.BattleView:RefreshPresentation () (at Assets/AreaBattle/Scripts/BattleView.cs:566)
AreaBattle.BattleView:AdvanceFrame (single,single) (at Assets/AreaBattle/Scripts/BattleView.cs:374)
AreaBattle.EditorTools.RepresentativeReplayValidation:Advance (AreaBattle.BattleView,single) (at Assets/AreaBattle/Editor/RepresentativeReplayValidation.cs:102)
AreaBattle.EditorTools.RepresentativeReplayValidation:Win (AreaBattle.BattleView,AreaBattle.EditorTools.RepresentativeReplayValidation/Replay) (at Assets/AreaBattle/Editor/RepresentativeReplayValidation.cs:108)
AreaBattle.EditorTools.RepresentativeReplayValidation:Run () (at Assets/AreaBattle/Editor/RepresentativeReplayValidation.cs:141)
System.Reflection.RuntimeMethodInfo:Invoke (object,System.Reflection.BindingFlags,System.Reflection.Binder,object[],System.Globalization.CultureInfo)
System.Reflection.MethodBase:Invoke (object,object[])
AreaBattle.EditorTools.BattleBuild:ValidateIntegrated () (at Assets/AreaBattle/Editor/BattleBuild.cs:32)
AreaBattle.EditorTools.BattleBuild:ValidateMechanicsOnly () (at Assets/AreaBattle/Editor/BattleBuild.cs:18)

[Assets/AreaBattle/Scripts/RecoveredWayLineVisual.cs line 21]

Instantiating material due to calling renderer.material during edit mode. This will leak materials into the scene. You most likely want to use renderer.sharedMaterial instead.
UnityEngine.Debug:ExtractStackTraceNoAlloc (byte*,int,string)
UnityEngine.StackTraceUtility:ExtractStackTrace () (at /Users/bokken/build/output/unity/unity/Runtime/Export/Scripting/StackTrace.cs:35)
UnityEngine.Renderer:GetMaterial ()
UnityEngine.Renderer:get_material () (at /Users/bokken/build/output/unity/unity/Runtime/Export/Graphics/GraphicsRenderers.bindings.cs:180)
AreaBattle.RecoveredWayLineVisual:Initialize () (at Assets/AreaBattle/Scripts/RecoveredWayLineVisual.cs:33)
AreaBattle.RecoveredWayLineVisual:SetLine (UnityEngine.Vector3,UnityEngine.Vector3,UnityEngine.Color,UnityEngine.Color,bool,bool,single) (at Assets/AreaBattle/Scripts/RecoveredWayLineVisual.cs:56)
AreaBattle.RecoveredWayLineVisual:Synchronize (AreaBattle.LineState,AreaBattle.TowerState,AreaBattle.TowerState,UnityEngine.Color,UnityEngine.Color,single) (at Assets/AreaBattle/Scripts/RecoveredWayLineVisual.cs:46)
AreaBattle.RecoveredWayLineVisual:Synchronize (AreaBattle.LineState,AreaBattle.TowerState,AreaBattle.TowerState,single) (at Assets/AreaBattle/Scripts/RecoveredWayLineVisual.cs:21)
AreaBattle.BattleView:RefreshPresentation () (at Assets/AreaBattle/Scripts/BattleView.cs:566)
AreaBattle.BattleView:AdvanceFrame (single,single) (at Assets/AreaBattle/Scripts/BattleView.cs:374)
AreaBattle.EditorTools.RepresentativeReplayValidation:Advance (AreaBattle.BattleView,single) (at Assets/AreaBattle/Editor/RepresentativeReplayValidation.cs:102)
AreaBattle.EditorTools.RepresentativeReplayValidation:Win (AreaBattle.BattleView,AreaBattle.EditorTools.RepresentativeReplayValidation/Replay) (at Assets/AreaBattle/Editor/RepresentativeReplayValidation.cs:108)
AreaBattle.EditorTools.RepresentativeReplayValidation:Run () (at Assets/AreaBattle/Editor/RepresentativeReplayValidation.cs:141)
System.Reflection.RuntimeMethodInfo:Invoke (object,System.Reflection.BindingFlags,System.Reflection.Binder,object[],System.Globalization.CultureInfo)
System.Reflection.MethodBase:Invoke (object,object[])
AreaBattle.EditorTools.BattleBuild:ValidateIntegrated () (at Assets/AreaBattle/Editor/BattleBuild.cs:32)
AreaBattle.EditorTools.BattleBuild:ValidateMechanicsOnly () (at Assets/AreaBattle/Editor/BattleBuild.cs:18)

[Assets/AreaBattle/Scripts/RecoveredWayLineVisual.cs line 21]

Instantiating material due to calling renderer.material during edit mode. This will leak materials into the scene. You most likely want to use renderer.sharedMaterial instead.
UnityEngine.Debug:ExtractStackTraceNoAlloc (byte*,int,string)
UnityEngine.StackTraceUtility:ExtractStackTrace () (at /Users/bokken/build/output/unity/unity/Runtime/Export/Scripting/StackTrace.cs:35)
UnityEngine.Renderer:GetMaterial ()
UnityEngine.Renderer:get_material () (at /Users/bokken/build/output/unity/unity/Runtime/Export/Graphics/GraphicsRenderers.bindings.cs:180)
AreaBattle.RecoveredWayLineVisual:Initialize () (at Assets/AreaBattle/Scripts/RecoveredWayLineVisual.cs:33)
AreaBattle.RecoveredWayLineVisual:SetLine (UnityEngine.Vector3,UnityEngine.Vector3,UnityEngine.Color,UnityEngine.Color,bool,bool,single) (at Assets/AreaBattle/Scripts/RecoveredWayLineVisual.cs:56)
AreaBattle.RecoveredWayLineVisual:Synchronize (AreaBattle.LineState,AreaBattle.TowerState,AreaBattle.TowerState,UnityEngine.Color,UnityEngine.Color,single) (at Assets/AreaBattle/Scripts/RecoveredWayLineVisual.cs:46)
AreaBattle.RecoveredWayLineVisual:Synchronize (AreaBattle.LineState,AreaBattle.TowerState,AreaBattle.TowerState,single) (at Assets/AreaBattle/Scripts/RecoveredWayLineVisual.cs:21)
AreaBattle.BattleView:RefreshPresentation () (at Assets/AreaBattle/Scripts/BattleView.cs:566)
AreaBattle.BattleView:AdvanceFrame (single,single) (at Assets/AreaBattle/Scripts/BattleView.cs:374)
AreaBattle.EditorTools.RepresentativeReplayValidation:Advance (AreaBattle.BattleView,single) (at Assets/AreaBattle/Editor/RepresentativeReplayValidation.cs:102)
AreaBattle.EditorTools.RepresentativeReplayValidation:Win (AreaBattle.BattleView,AreaBattle.EditorTools.RepresentativeReplayValidation/Replay) (at Assets/AreaBattle/Editor/RepresentativeReplayValidation.cs:108)
AreaBattle.EditorTools.RepresentativeReplayValidation:Run () (at Assets/AreaBattle/Editor/RepresentativeReplayValidation.cs:141)
System.Reflection.RuntimeMethodInfo:Invoke (object,System.Reflection.BindingFlags,System.Reflection.Binder,object[],System.Globalization.CultureInfo)
System.Reflection.MethodBase:Invoke (object,object[])
AreaBattle.EditorTools.BattleBuild:ValidateIntegrated () (at Assets/AreaBattle/Editor/BattleBuild.cs:32)
AreaBattle.EditorTools.BattleBuild:ValidateMechanicsOnly () (at Assets/AreaBattle/Editor/BattleBuild.cs:18)

[Assets/AreaBattle/Scripts/RecoveredWayLineVisual.cs line 21]

Instantiating material due to calling renderer.material during edit mode. This will leak materials into the scene. You most likely want to use renderer.sharedMaterial instead.
UnityEngine.Debug:ExtractStackTraceNoAlloc (byte*,int,string)
UnityEngine.StackTraceUtility:ExtractStackTrace () (at /Users/bokken/build/output/unity/unity/Runtime/Export/Scripting/StackTrace.cs:35)
UnityEngine.Renderer:GetMaterial ()
UnityEngine.Renderer:get_material () (at /Users/bokken/build/output/unity/unity/Runtime/Export/Graphics/GraphicsRenderers.bindings.cs:180)
AreaBattle.RecoveredWayLineVisual:Initialize () (at Assets/AreaBattle/Scripts/RecoveredWayLineVisual.cs:33)
AreaBattle.RecoveredWayLineVisual:SetLine (UnityEngine.Vector3,UnityEngine.Vector3,UnityEngine.Color,UnityEngine.Color,bool,bool,single) (at Assets/AreaBattle/Scripts/RecoveredWayLineVisual.cs:56)
AreaBattle.RecoveredWayLineVisual:Synchronize (AreaBattle.LineState,AreaBattle.TowerState,AreaBattle.TowerState,UnityEngine.Color,UnityEngine.Color,single) (at Assets/AreaBattle/Scripts/RecoveredWayLineVisual.cs:46)
AreaBattle.RecoveredWayLineVisual:Synchronize (AreaBattle.LineState,AreaBattle.TowerState,AreaBattle.TowerState,single) (at Assets/AreaBattle/Scripts/RecoveredWayLineVisual.cs:21)
AreaBattle.BattleView:RefreshPresentation () (at Assets/AreaBattle/Scripts/BattleView.cs:566)
AreaBattle.BattleView:AdvanceFrame (single,single) (at Assets/AreaBattle/Scripts/BattleView.cs:374)
AreaBattle.EditorTools.RepresentativeReplayValidation:Advance (AreaBattle.BattleView,single) (at Assets/AreaBattle/Editor/RepresentativeReplayValidation.cs:102)
AreaBattle.EditorTools.RepresentativeReplayValidation:Win (AreaBattle.BattleView,AreaBattle.EditorTools.RepresentativeReplayValidation/Replay) (at Assets/AreaBattle/Editor/RepresentativeReplayValidation.cs:108)
AreaBattle.EditorTools.RepresentativeReplayValidation:Run () (at Assets/AreaBattle/Editor/RepresentativeReplayValidation.cs:141)
System.Reflection.RuntimeMethodInfo:Invoke (object,System.Reflection.BindingFlags,System.Reflection.Binder,object[],System.Globalization.CultureInfo)
System.Reflection.MethodBase:Invoke (object,object[])
AreaBattle.EditorTools.BattleBuild:ValidateIntegrated () (at Assets/AreaBattle/Editor/BattleBuild.cs:32)
AreaBattle.EditorTools.BattleBuild:ValidateMechanicsOnly () (at Assets/AreaBattle/Editor/BattleBuild.cs:18)

[Assets/AreaBattle/Scripts/RecoveredWayLineVisual.cs line 21]

Instantiating material due to calling renderer.material during edit mode. This will leak materials into the scene. You most likely want to use renderer.sharedMaterial instead.
UnityEngine.Debug:ExtractStackTraceNoAlloc (byte*,int,string)
UnityEngine.StackTraceUtility:ExtractStackTrace () (at /Users/bokken/build/output/unity/unity/Runtime/Export/Scripting/StackTrace.cs:35)
UnityEngine.Renderer:GetMaterial ()
UnityEngine.Renderer:get_material () (at /Users/bokken/build/output/unity/unity/Runtime/Export/Graphics/GraphicsRenderers.bindings.cs:180)
AreaBattle.RecoveredWayLineVisual:Initialize () (at Assets/AreaBattle/Scripts/RecoveredWayLineVisual.cs:33)
AreaBattle.RecoveredWayLineVisual:SetLine (UnityEngine.Vector3,UnityEngine.Vector3,UnityEngine.Color,UnityEngine.Color,bool,bool,single) (at Assets/AreaBattle/Scripts/RecoveredWayLineVisual.cs:56)
AreaBattle.RecoveredWayLineVisual:Synchronize (AreaBattle.LineState,AreaBattle.TowerState,AreaBattle.TowerState,UnityEngine.Color,UnityEngine.Color,single) (at Assets/AreaBattle/Scripts/RecoveredWayLineVisual.cs:46)
AreaBattle.RecoveredWayLineVisual:Synchronize (AreaBattle.LineState,AreaBattle.TowerState,AreaBattle.TowerState,single) (at Assets/AreaBattle/Scripts/RecoveredWayLineVisual.cs:21)
AreaBattle.BattleView:RefreshPresentation () (at Assets/AreaBattle/Scripts/BattleView.cs:566)
AreaBattle.BattleView:AdvanceFrame (single,single) (at Assets/AreaBattle/Scripts/BattleView.cs:374)
AreaBattle.EditorTools.RepresentativeReplayValidation:Advance (AreaBattle.BattleView,single) (at Assets/AreaBattle/Editor/RepresentativeReplayValidation.cs:102)
AreaBattle.EditorTools.RepresentativeReplayValidation:Win (AreaBattle.BattleView,AreaBattle.EditorTools.RepresentativeReplayValidation/Replay) (at Assets/AreaBattle/Editor/RepresentativeReplayValidation.cs:108)
AreaBattle.EditorTools.RepresentativeReplayValidation:Run () (at Assets/AreaBattle/Editor/RepresentativeReplayValidation.cs:141)
System.Reflection.RuntimeMethodInfo:Invoke (object,System.Reflection.BindingFlags,System.Reflection.Binder,object[],System.Globalization.CultureInfo)
System.Reflection.MethodBase:Invoke (object,object[])
AreaBattle.EditorTools.BattleBuild:ValidateIntegrated () (at Assets/AreaBattle/Editor/BattleBuild.cs:32)
AreaBattle.EditorTools.BattleBuild:ValidateMechanicsOnly () (at Assets/AreaBattle/Editor/BattleBuild.cs:18)

[Assets/AreaBattle/Scripts/RecoveredWayLineVisual.cs line 21]

Instantiating material due to calling renderer.material during edit mode. This will leak materials into the scene. You most likely want to use renderer.sharedMaterial instead.
UnityEngine.Debug:ExtractStackTraceNoAlloc (byte*,int,string)
UnityEngine.StackTraceUtility:ExtractStackTrace () (at /Users/bokken/build/output/unity/unity/Runtime/Export/Scripting/StackTrace.cs:35)
UnityEngine.Renderer:GetMaterial ()
UnityEngine.Renderer:get_material () (at /Users/bokken/build/output/unity/unity/Runtime/Export/Graphics/GraphicsRenderers.bindings.cs:180)
AreaBattle.RecoveredWayLineVisual:Initialize () (at Assets/AreaBattle/Scripts/RecoveredWayLineVisual.cs:33)
AreaBattle.RecoveredWayLineVisual:SetLine (UnityEngine.Vector3,UnityEngine.Vector3,UnityEngine.Color,UnityEngine.Color,bool,bool,single) (at Assets/AreaBattle/Scripts/RecoveredWayLineVisual.cs:56)
AreaBattle.RecoveredWayLineVisual:Synchronize (AreaBattle.LineState,AreaBattle.TowerState,AreaBattle.TowerState,UnityEngine.Color,UnityEngine.Color,single) (at Assets/AreaBattle/Scripts/RecoveredWayLineVisual.cs:46)
AreaBattle.RecoveredWayLineVisual:Synchronize (AreaBattle.LineState,AreaBattle.TowerState,AreaBattle.TowerState,single) (at Assets/AreaBattle/Scripts/RecoveredWayLineVisual.cs:21)
AreaBattle.BattleView:RefreshPresentation () (at Assets/AreaBattle/Scripts/BattleView.cs:566)
AreaBattle.BattleView:AdvanceFrame (single,single) (at Assets/AreaBattle/Scripts/BattleView.cs:374)
AreaBattle.EditorTools.RepresentativeReplayValidation:Advance (AreaBattle.BattleView,single) (at Assets/AreaBattle/Editor/RepresentativeReplayValidation.cs:102)
AreaBattle.EditorTools.RepresentativeReplayValidation:Win (AreaBattle.BattleView,AreaBattle.EditorTools.RepresentativeReplayValidation/Replay) (at Assets/AreaBattle/Editor/RepresentativeReplayValidation.cs:108)
AreaBattle.EditorTools.RepresentativeReplayValidation:Run () (at Assets/AreaBattle/Editor/RepresentativeReplayValidation.cs:141)
System.Reflection.RuntimeMethodInfo:Invoke (object,System.Reflection.BindingFlags,System.Reflection.Binder,object[],System.Globalization.CultureInfo)
System.Reflection.MethodBase:Invoke (object,object[])
AreaBattle.EditorTools.BattleBuild:ValidateIntegrated () (at Assets/AreaBattle/Editor/BattleBuild.cs:32)
AreaBattle.EditorTools.BattleBuild:ValidateMechanicsOnly () (at Assets/AreaBattle/Editor/BattleBuild.cs:18)

[Assets/AreaBattle/Scripts/RecoveredWayLineVisual.cs line 21]

Instantiating material due to calling renderer.material during edit mode. This will leak materials into the scene. You most likely want to use renderer.sharedMaterial instead.
UnityEngine.Debug:ExtractStackTraceNoAlloc (byte*,int,string)
UnityEngine.StackTraceUtility:ExtractStackTrace () (at /Users/bokken/build/output/unity/unity/Runtime/Export/Scripting/StackTrace.cs:35)
UnityEngine.Renderer:GetMaterial ()
UnityEngine.Renderer:get_material () (at /Users/bokken/build/output/unity/unity/Runtime/Export/Graphics/GraphicsRenderers.bindings.cs:180)
AreaBattle.RecoveredWayLineVisual:Initialize () (at Assets/AreaBattle/Scripts/RecoveredWayLineVisual.cs:33)
AreaBattle.RecoveredWayLineVisual:SetLine (UnityEngine.Vector3,UnityEngine.Vector3,UnityEngine.Color,UnityEngine.Color,bool,bool,single) (at Assets/AreaBattle/Scripts/RecoveredWayLineVisual.cs:56)
AreaBattle.RecoveredWayLineVisual:Synchronize (AreaBattle.LineState,AreaBattle.TowerState,AreaBattle.TowerState,UnityEngine.Color,UnityEngine.Color,single) (at Assets/AreaBattle/Scripts/RecoveredWayLineVisual.cs:46)
AreaBattle.RecoveredWayLineVisual:Synchronize (AreaBattle.LineState,AreaBattle.TowerState,AreaBattle.TowerState,single) (at Assets/AreaBattle/Scripts/RecoveredWayLineVisual.cs:21)
AreaBattle.BattleView:RefreshPresentation () (at Assets/AreaBattle/Scripts/BattleView.cs:566)
AreaBattle.BattleView:AdvanceFrame (single,single) (at Assets/AreaBattle/Scripts/BattleView.cs:374)
AreaBattle.EditorTools.RepresentativeReplayValidation:Advance (AreaBattle.BattleView,single) (at Assets/AreaBattle/Editor/RepresentativeReplayValidation.cs:102)
AreaBattle.EditorTools.RepresentativeReplayValidation:Win (AreaBattle.BattleView,AreaBattle.EditorTools.RepresentativeReplayValidation/Replay) (at Assets/AreaBattle/Editor/RepresentativeReplayValidation.cs:108)
AreaBattle.EditorTools.RepresentativeReplayValidation:Run () (at Assets/AreaBattle/Editor/RepresentativeReplayValidation.cs:141)
System.Reflection.RuntimeMethodInfo:Invoke (object,System.Reflection.BindingFlags,System.Reflection.Binder,object[],System.Globalization.CultureInfo)
System.Reflection.MethodBase:Invoke (object,object[])
AreaBattle.EditorTools.BattleBuild:ValidateIntegrated () (at Assets/AreaBattle/Editor/BattleBuild.cs:32)
AreaBattle.EditorTools.BattleBuild:ValidateMechanicsOnly () (at Assets/AreaBattle/Editor/BattleBuild.cs:18)

[Assets/AreaBattle/Scripts/RecoveredWayLineVisual.cs line 21]

Instantiating material due to calling renderer.material during edit mode. This will leak materials into the scene. You most likely want to use renderer.sharedMaterial instead.
UnityEngine.Debug:ExtractStackTraceNoAlloc (byte*,int,string)
UnityEngine.StackTraceUtility:ExtractStackTrace () (at /Users/bokken/build/output/unity/unity/Runtime/Export/Scripting/StackTrace.cs:35)
UnityEngine.Renderer:GetMaterial ()
UnityEngine.Renderer:get_material () (at /Users/bokken/build/output/unity/unity/Runtime/Export/Graphics/GraphicsRenderers.bindings.cs:180)
AreaBattle.RecoveredWayLineVisual:Initialize () (at Assets/AreaBattle/Scripts/RecoveredWayLineVisual.cs:33)
AreaBattle.RecoveredWayLineVisual:SetLine (UnityEngine.Vector3,UnityEngine.Vector3,UnityEngine.Color,UnityEngine.Color,bool,bool,single) (at Assets/AreaBattle/Scripts/RecoveredWayLineVisual.cs:56)
AreaBattle.RecoveredWayLineVisual:Synchronize (AreaBattle.LineState,AreaBattle.TowerState,AreaBattle.TowerState,UnityEngine.Color,UnityEngine.Color,single) (at Assets/AreaBattle/Scripts/RecoveredWayLineVisual.cs:46)
AreaBattle.RecoveredWayLineVisual:Synchronize (AreaBattle.LineState,AreaBattle.TowerState,AreaBattle.TowerState,single) (at Assets/AreaBattle/Scripts/RecoveredWayLineVisual.cs:21)
AreaBattle.BattleView:RefreshPresentation () (at Assets/AreaBattle/Scripts/BattleView.cs:566)
AreaBattle.BattleView:AdvanceFrame (single,single) (at Assets/AreaBattle/Scripts/BattleView.cs:374)
AreaBattle.EditorTools.RepresentativeReplayValidation:Advance (AreaBattle.BattleView,single) (at Assets/AreaBattle/Editor/RepresentativeReplayValidation.cs:102)
AreaBattle.EditorTools.RepresentativeReplayValidation:Win (AreaBattle.BattleView,AreaBattle.EditorTools.RepresentativeReplayValidation/Replay) (at Assets/AreaBattle/Editor/RepresentativeReplayValidation.cs:108)
AreaBattle.EditorTools.RepresentativeReplayValidation:Run () (at Assets/AreaBattle/Editor/RepresentativeReplayValidation.cs:141)
System.Reflection.RuntimeMethodInfo:Invoke (object,System.Reflection.BindingFlags,System.Reflection.Binder,object[],System.Globalization.CultureInfo)
System.Reflection.MethodBase:Invoke (object,object[])
AreaBattle.EditorTools.BattleBuild:ValidateIntegrated () (at Assets/AreaBattle/Editor/BattleBuild.cs:32)
AreaBattle.EditorTools.BattleBuild:ValidateMechanicsOnly () (at Assets/AreaBattle/Editor/BattleBuild.cs:18)

[Assets/AreaBattle/Scripts/RecoveredWayLineVisual.cs line 21]

Instantiating material due to calling renderer.material during edit mode. This will leak materials into the scene. You most likely want to use renderer.sharedMaterial instead.
UnityEngine.Debug:ExtractStackTraceNoAlloc (byte*,int,string)
UnityEngine.StackTraceUtility:ExtractStackTrace () (at /Users/bokken/build/output/unity/unity/Runtime/Export/Scripting/StackTrace.cs:35)
UnityEngine.Renderer:GetMaterial ()
UnityEngine.Renderer:get_material () (at /Users/bokken/build/output/unity/unity/Runtime/Export/Graphics/GraphicsRenderers.bindings.cs:180)
AreaBattle.RecoveredWayLineVisual:Initialize () (at Assets/AreaBattle/Scripts/RecoveredWayLineVisual.cs:33)
AreaBattle.RecoveredWayLineVisual:SetLine (UnityEngine.Vector3,UnityEngine.Vector3,UnityEngine.Color,UnityEngine.Color,bool,bool,single) (at Assets/AreaBattle/Scripts/RecoveredWayLineVisual.cs:56)
AreaBattle.RecoveredWayLineVisual:Synchronize (AreaBattle.LineState,AreaBattle.TowerState,AreaBattle.TowerState,UnityEngine.Color,UnityEngine.Color,single) (at Assets/AreaBattle/Scripts/RecoveredWayLineVisual.cs:46)
AreaBattle.RecoveredWayLineVisual:Synchronize (AreaBattle.LineState,AreaBattle.TowerState,AreaBattle.TowerState,single) (at Assets/AreaBattle/Scripts/RecoveredWayLineVisual.cs:21)
AreaBattle.BattleView:RefreshPresentation () (at Assets/AreaBattle/Scripts/BattleView.cs:566)
AreaBattle.BattleView:AdvanceFrame (single,single) (at Assets/AreaBattle/Scripts/BattleView.cs:374)
AreaBattle.EditorTools.RepresentativeReplayValidation:Advance (AreaBattle.BattleView,single) (at Assets/AreaBattle/Editor/RepresentativeReplayValidation.cs:102)
AreaBattle.EditorTools.RepresentativeReplayValidation:Win (AreaBattle.BattleView,AreaBattle.EditorTools.RepresentativeReplayValidation/Replay) (at Assets/AreaBattle/Editor/RepresentativeReplayValidation.cs:108)
AreaBattle.EditorTools.RepresentativeReplayValidation:Run () (at Assets/AreaBattle/Editor/RepresentativeReplayValidation.cs:141)
System.Reflection.RuntimeMethodInfo:Invoke (object,System.Reflection.BindingFlags,System.Reflection.Binder,object[],System.Globalization.CultureInfo)
System.Reflection.MethodBase:Invoke (object,object[])
AreaBattle.EditorTools.BattleBuild:ValidateIntegrated () (at Assets/AreaBattle/Editor/BattleBuild.cs:32)
AreaBattle.EditorTools.BattleBuild:ValidateMechanicsOnly () (at Assets/AreaBattle/Editor/BattleBuild.cs:18)

[Assets/AreaBattle/Scripts/RecoveredWayLineVisual.cs line 21]

Instantiating material due to calling renderer.material during edit mode. This will leak materials into the scene. You most likely want to use renderer.sharedMaterial instead.
UnityEngine.Debug:ExtractStackTraceNoAlloc (byte*,int,string)
UnityEngine.StackTraceUtility:ExtractStackTrace () (at /Users/bokken/build/output/unity/unity/Runtime/Export/Scripting/StackTrace.cs:35)
UnityEngine.Renderer:GetMaterial ()
UnityEngine.Renderer:get_material () (at /Users/bokken/build/output/unity/unity/Runtime/Export/Graphics/GraphicsRenderers.bindings.cs:180)
AreaBattle.RecoveredWayLineVisual:Initialize () (at Assets/AreaBattle/Scripts/RecoveredWayLineVisual.cs:33)
AreaBattle.RecoveredWayLineVisual:SetLine (UnityEngine.Vector3,UnityEngine.Vector3,UnityEngine.Color,UnityEngine.Color,bool,bool,single) (at Assets/AreaBattle/Scripts/RecoveredWayLineVisual.cs:56)
AreaBattle.RecoveredWayLineVisual:Synchronize (AreaBattle.LineState,AreaBattle.TowerState,AreaBattle.TowerState,UnityEngine.Color,UnityEngine.Color,single) (at Assets/AreaBattle/Scripts/RecoveredWayLineVisual.cs:46)
AreaBattle.RecoveredWayLineVisual:Synchronize (AreaBattle.LineState,AreaBattle.TowerState,AreaBattle.TowerState,single) (at Assets/AreaBattle/Scripts/RecoveredWayLineVisual.cs:21)
AreaBattle.BattleView:RefreshPresentation () (at Assets/AreaBattle/Scripts/BattleView.cs:566)
AreaBattle.BattleView:AdvanceFrame (single,single) (at Assets/AreaBattle/Scripts/BattleView.cs:374)
AreaBattle.EditorTools.RepresentativeReplayValidation:Advance (AreaBattle.BattleView,single) (at Assets/AreaBattle/Editor/RepresentativeReplayValidation.cs:102)
AreaBattle.EditorTools.RepresentativeReplayValidation:Win (AreaBattle.BattleView,AreaBattle.EditorTools.RepresentativeReplayValidation/Replay) (at Assets/AreaBattle/Editor/RepresentativeReplayValidation.cs:108)
AreaBattle.EditorTools.RepresentativeReplayValidation:Run () (at Assets/AreaBattle/Editor/RepresentativeReplayValidation.cs:141)
System.Reflection.RuntimeMethodInfo:Invoke (object,System.Reflection.BindingFlags,System.Reflection.Binder,object[],System.Globalization.CultureInfo)
System.Reflection.MethodBase:Invoke (object,object[])
AreaBattle.EditorTools.BattleBuild:ValidateIntegrated () (at Assets/AreaBattle/Editor/BattleBuild.cs:32)
AreaBattle.EditorTools.BattleBuild:ValidateMechanicsOnly () (at Assets/AreaBattle/Editor/BattleBuild.cs:18)

[Assets/AreaBattle/Scripts/RecoveredWayLineVisual.cs line 21]

Instantiating material due to calling renderer.material during edit mode. This will leak materials into the scene. You most likely want to use renderer.sharedMaterial instead.
UnityEngine.Debug:ExtractStackTraceNoAlloc (byte*,int,string)
UnityEngine.StackTraceUtility:ExtractStackTrace () (at /Users/bokken/build/output/unity/unity/Runtime/Export/Scripting/StackTrace.cs:35)
UnityEngine.Renderer:GetMaterial ()
UnityEngine.Renderer:get_material () (at /Users/bokken/build/output/unity/unity/Runtime/Export/Graphics/GraphicsRenderers.bindings.cs:180)
AreaBattle.RecoveredWayLineVisual:Initialize () (at Assets/AreaBattle/Scripts/RecoveredWayLineVisual.cs:33)
AreaBattle.RecoveredWayLineVisual:SetLine (UnityEngine.Vector3,UnityEngine.Vector3,UnityEngine.Color,UnityEngine.Color,bool,bool,single) (at Assets/AreaBattle/Scripts/RecoveredWayLineVisual.cs:56)
AreaBattle.RecoveredWayLineVisual:Synchronize (AreaBattle.LineState,AreaBattle.TowerState,AreaBattle.TowerState,UnityEngine.Color,UnityEngine.Color,single) (at Assets/AreaBattle/Scripts/RecoveredWayLineVisual.cs:46)
AreaBattle.RecoveredWayLineVisual:Synchronize (AreaBattle.LineState,AreaBattle.TowerState,AreaBattle.TowerState,single) (at Assets/AreaBattle/Scripts/RecoveredWayLineVisual.cs:21)
AreaBattle.BattleView:RefreshPresentation () (at Assets/AreaBattle/Scripts/BattleView.cs:566)
AreaBattle.BattleView:AdvanceFrame (single,single) (at Assets/AreaBattle/Scripts/BattleView.cs:374)
AreaBattle.EditorTools.RepresentativeReplayValidation:Advance (AreaBattle.BattleView,single) (at Assets/AreaBattle/Editor/RepresentativeReplayValidation.cs:102)
AreaBattle.EditorTools.RepresentativeReplayValidation:Win (AreaBattle.BattleView,AreaBattle.EditorTools.RepresentativeReplayValidation/Replay) (at Assets/AreaBattle/Editor/RepresentativeReplayValidation.cs:108)
AreaBattle.EditorTools.RepresentativeReplayValidation:Run () (at Assets/AreaBattle/Editor/RepresentativeReplayValidation.cs:141)
System.Reflection.RuntimeMethodInfo:Invoke (object,System.Reflection.BindingFlags,System.Reflection.Binder,object[],System.Globalization.CultureInfo)
System.Reflection.MethodBase:Invoke (object,object[])
AreaBattle.EditorTools.BattleBuild:ValidateIntegrated () (at Assets/AreaBattle/Editor/BattleBuild.cs:32)
AreaBattle.EditorTools.BattleBuild:ValidateMechanicsOnly () (at Assets/AreaBattle/Editor/BattleBuild.cs:18)

[Assets/AreaBattle/Scripts/RecoveredWayLineVisual.cs line 21]

Instantiating material due to calling renderer.material during edit mode. This will leak materials into the scene. You most likely want to use renderer.sharedMaterial instead.
UnityEngine.Debug:ExtractStackTraceNoAlloc (byte*,int,string)
UnityEngine.StackTraceUtility:ExtractStackTrace () (at /Users/bokken/build/output/unity/unity/Runtime/Export/Scripting/StackTrace.cs:35)
UnityEngine.Renderer:GetMaterial ()
UnityEngine.Renderer:get_material () (at /Users/bokken/build/output/unity/unity/Runtime/Export/Graphics/GraphicsRenderers.bindings.cs:180)
AreaBattle.RecoveredWayLineVisual:Initialize () (at Assets/AreaBattle/Scripts/RecoveredWayLineVisual.cs:33)
AreaBattle.RecoveredWayLineVisual:SetLine (UnityEngine.Vector3,UnityEngine.Vector3,UnityEngine.Color,UnityEngine.Color,bool,bool,single) (at Assets/AreaBattle/Scripts/RecoveredWayLineVisual.cs:56)
AreaBattle.RecoveredWayLineVisual:Synchronize (AreaBattle.LineState,AreaBattle.TowerState,AreaBattle.TowerState,UnityEngine.Color,UnityEngine.Color,single) (at Assets/AreaBattle/Scripts/RecoveredWayLineVisual.cs:46)
AreaBattle.RecoveredWayLineVisual:Synchronize (AreaBattle.LineState,AreaBattle.TowerState,AreaBattle.TowerState,single) (at Assets/AreaBattle/Scripts/RecoveredWayLineVisual.cs:21)
AreaBattle.BattleView:RefreshPresentation () (at Assets/AreaBattle/Scripts/BattleView.cs:566)
AreaBattle.BattleView:AdvanceFrame (single,single) (at Assets/AreaBattle/Scripts/BattleView.cs:374)
AreaBattle.EditorTools.RepresentativeReplayValidation:Advance (AreaBattle.BattleView,single) (at Assets/AreaBattle/Editor/RepresentativeReplayValidation.cs:102)
AreaBattle.EditorTools.RepresentativeReplayValidation:Win (AreaBattle.BattleView,AreaBattle.EditorTools.RepresentativeReplayValidation/Replay) (at Assets/AreaBattle/Editor/RepresentativeReplayValidation.cs:108)
AreaBattle.EditorTools.RepresentativeReplayValidation:Run () (at Assets/AreaBattle/Editor/RepresentativeReplayValidation.cs:141)
System.Reflection.RuntimeMethodInfo:Invoke (object,System.Reflection.BindingFlags,System.Reflection.Binder,object[],System.Globalization.CultureInfo)
System.Reflection.MethodBase:Invoke (object,object[])
AreaBattle.EditorTools.BattleBuild:ValidateIntegrated () (at Assets/AreaBattle/Editor/BattleBuild.cs:32)
AreaBattle.EditorTools.BattleBuild:ValidateMechanicsOnly () (at Assets/AreaBattle/Editor/BattleBuild.cs:18)

[Assets/AreaBattle/Scripts/RecoveredWayLineVisual.cs line 21]

Instantiating material due to calling renderer.material during edit mode. This will leak materials into the scene. You most likely want to use renderer.sharedMaterial instead.
UnityEngine.Debug:ExtractStackTraceNoAlloc (byte*,int,string)
UnityEngine.StackTraceUtility:ExtractStackTrace () (at /Users/bokken/build/output/unity/unity/Runtime/Export/Scripting/StackTrace.cs:35)
UnityEngine.Renderer:GetMaterial ()
UnityEngine.Renderer:get_material () (at /Users/bokken/build/output/unity/unity/Runtime/Export/Graphics/GraphicsRenderers.bindings.cs:180)
AreaBattle.RecoveredWayLineVisual:Initialize () (at Assets/AreaBattle/Scripts/RecoveredWayLineVisual.cs:33)
AreaBattle.RecoveredWayLineVisual:SetLine (UnityEngine.Vector3,UnityEngine.Vector3,UnityEngine.Color,UnityEngine.Color,bool,bool,single) (at Assets/AreaBattle/Scripts/RecoveredWayLineVisual.cs:56)
AreaBattle.RecoveredWayLineVisual:Synchronize (AreaBattle.LineState,AreaBattle.TowerState,AreaBattle.TowerState,UnityEngine.Color,UnityEngine.Color,single) (at Assets/AreaBattle/Scripts/RecoveredWayLineVisual.cs:46)
AreaBattle.RecoveredWayLineVisual:Synchronize (AreaBattle.LineState,AreaBattle.TowerState,AreaBattle.TowerState,single) (at Assets/AreaBattle/Scripts/RecoveredWayLineVisual.cs:21)
AreaBattle.BattleView:RefreshPresentation () (at Assets/AreaBattle/Scripts/BattleView.cs:566)
AreaBattle.BattleView:AdvanceFrame (single,single) (at Assets/AreaBattle/Scripts/BattleView.cs:374)
AreaBattle.EditorTools.RepresentativeReplayValidation:Advance (AreaBattle.BattleView,single) (at Assets/AreaBattle/Editor/RepresentativeReplayValidation.cs:102)
AreaBattle.EditorTools.RepresentativeReplayValidation:Win (AreaBattle.BattleView,AreaBattle.EditorTools.RepresentativeReplayValidation/Replay) (at Assets/AreaBattle/Editor/RepresentativeReplayValidation.cs:108)
AreaBattle.EditorTools.RepresentativeReplayValidation:Run () (at Assets/AreaBattle/Editor/RepresentativeReplayValidation.cs:141)
System.Reflection.RuntimeMethodInfo:Invoke (object,System.Reflection.BindingFlags,System.Reflection.Binder,object[],System.Globalization.CultureInfo)
System.Reflection.MethodBase:Invoke (object,object[])
AreaBattle.EditorTools.BattleBuild:ValidateIntegrated () (at Assets/AreaBattle/Editor/BattleBuild.cs:32)
AreaBattle.EditorTools.BattleBuild:ValidateMechanicsOnly () (at Assets/AreaBattle/Editor/BattleBuild.cs:18)

[Assets/AreaBattle/Scripts/RecoveredWayLineVisual.cs line 21]

Instantiating material due to calling renderer.material during edit mode. This will leak materials into the scene. You most likely want to use renderer.sharedMaterial instead.
UnityEngine.Debug:ExtractStackTraceNoAlloc (byte*,int,string)
UnityEngine.StackTraceUtility:ExtractStackTrace () (at /Users/bokken/build/output/unity/unity/Runtime/Export/Scripting/StackTrace.cs:35)
UnityEngine.Renderer:GetMaterial ()
UnityEngine.Renderer:get_material () (at /Users/bokken/build/output/unity/unity/Runtime/Export/Graphics/GraphicsRenderers.bindings.cs:180)
AreaBattle.RecoveredWayLineVisual:Initialize () (at Assets/AreaBattle/Scripts/RecoveredWayLineVisual.cs:33)
AreaBattle.RecoveredWayLineVisual:SetLine (UnityEngine.Vector3,UnityEngine.Vector3,UnityEngine.Color,UnityEngine.Color,bool,bool,single) (at Assets/AreaBattle/Scripts/RecoveredWayLineVisual.cs:56)
AreaBattle.RecoveredWayLineVisual:Synchronize (AreaBattle.LineState,AreaBattle.TowerState,AreaBattle.TowerState,UnityEngine.Color,UnityEngine.Color,single) (at Assets/AreaBattle/Scripts/RecoveredWayLineVisual.cs:46)
AreaBattle.RecoveredWayLineVisual:Synchronize (AreaBattle.LineState,AreaBattle.TowerState,AreaBattle.TowerState,single) (at Assets/AreaBattle/Scripts/RecoveredWayLineVisual.cs:21)
AreaBattle.BattleView:RefreshPresentation () (at Assets/AreaBattle/Scripts/BattleView.cs:566)
AreaBattle.BattleView:AdvanceFrame (single,single) (at Assets/AreaBattle/Scripts/BattleView.cs:374)
AreaBattle.EditorTools.RepresentativeReplayValidation:Advance (AreaBattle.BattleView,single) (at Assets/AreaBattle/Editor/RepresentativeReplayValidation.cs:102)
AreaBattle.EditorTools.RepresentativeReplayValidation:Win (AreaBattle.BattleView,AreaBattle.EditorTools.RepresentativeReplayValidation/Replay) (at Assets/AreaBattle/Editor/RepresentativeReplayValidation.cs:108)
AreaBattle.EditorTools.RepresentativeReplayValidation:Run () (at Assets/AreaBattle/Editor/RepresentativeReplayValidation.cs:141)
System.Reflection.RuntimeMethodInfo:Invoke (object,System.Reflection.BindingFlags,System.Reflection.Binder,object[],System.Globalization.CultureInfo)
System.Reflection.MethodBase:Invoke (object,object[])
AreaBattle.EditorTools.BattleBuild:ValidateIntegrated () (at Assets/AreaBattle/Editor/BattleBuild.cs:32)
AreaBattle.EditorTools.BattleBuild:ValidateMechanicsOnly () (at Assets/AreaBattle/Editor/BattleBuild.cs:18)

[Assets/AreaBattle/Scripts/RecoveredWayLineVisual.cs line 21]

Instantiating material due to calling renderer.material during edit mode. This will leak materials into the scene. You most likely want to use renderer.sharedMaterial instead.
UnityEngine.Debug:ExtractStackTraceNoAlloc (byte*,int,string)
UnityEngine.StackTraceUtility:ExtractStackTrace () (at /Users/bokken/build/output/unity/unity/Runtime/Export/Scripting/StackTrace.cs:35)
UnityEngine.Renderer:GetMaterial ()
UnityEngine.Renderer:get_material () (at /Users/bokken/build/output/unity/unity/Runtime/Export/Graphics/GraphicsRenderers.bindings.cs:180)
AreaBattle.RecoveredWayLineVisual:Initialize () (at Assets/AreaBattle/Scripts/RecoveredWayLineVisual.cs:33)
AreaBattle.RecoveredWayLineVisual:SetLine (UnityEngine.Vector3,UnityEngine.Vector3,UnityEngine.Color,UnityEngine.Color,bool,bool,single) (at Assets/AreaBattle/Scripts/RecoveredWayLineVisual.cs:56)
AreaBattle.RecoveredWayLineVisual:Synchronize (AreaBattle.LineState,AreaBattle.TowerState,AreaBattle.TowerState,UnityEngine.Color,UnityEngine.Color,single) (at Assets/AreaBattle/Scripts/RecoveredWayLineVisual.cs:46)
AreaBattle.RecoveredWayLineVisual:Synchronize (AreaBattle.LineState,AreaBattle.TowerState,AreaBattle.TowerState,single) (at Assets/AreaBattle/Scripts/RecoveredWayLineVisual.cs:21)
AreaBattle.BattleView:RefreshPresentation () (at Assets/AreaBattle/Scripts/BattleView.cs:566)
AreaBattle.BattleView:AdvanceFrame (single,single) (at Assets/AreaBattle/Scripts/BattleView.cs:374)
AreaBattle.EditorTools.RepresentativeReplayValidation:Advance (AreaBattle.BattleView,single) (at Assets/AreaBattle/Editor/RepresentativeReplayValidation.cs:102)
AreaBattle.EditorTools.RepresentativeReplayValidation:Win (AreaBattle.BattleView,AreaBattle.EditorTools.RepresentativeReplayValidation/Replay) (at Assets/AreaBattle/Editor/RepresentativeReplayValidation.cs:108)
AreaBattle.EditorTools.RepresentativeReplayValidation:Run () (at Assets/AreaBattle/Editor/RepresentativeReplayValidation.cs:141)
System.Reflection.RuntimeMethodInfo:Invoke (object,System.Reflection.BindingFlags,System.Reflection.Binder,object[],System.Globalization.CultureInfo)
System.Reflection.MethodBase:Invoke (object,object[])
AreaBattle.EditorTools.BattleBuild:ValidateIntegrated () (at Assets/AreaBattle/Editor/BattleBuild.cs:32)
AreaBattle.EditorTools.BattleBuild:ValidateMechanicsOnly () (at Assets/AreaBattle/Editor/BattleBuild.cs:18)

[Assets/AreaBattle/Scripts/RecoveredWayLineVisual.cs line 21]

Instantiating material due to calling renderer.material during edit mode. This will leak materials into the scene. You most likely want to use renderer.sharedMaterial instead.
UnityEngine.Debug:ExtractStackTraceNoAlloc (byte*,int,string)
UnityEngine.StackTraceUtility:ExtractStackTrace () (at /Users/bokken/build/output/unity/unity/Runtime/Export/Scripting/StackTrace.cs:35)
UnityEngine.Renderer:GetMaterial ()
UnityEngine.Renderer:get_material () (at /Users/bokken/build/output/unity/unity/Runtime/Export/Graphics/GraphicsRenderers.bindings.cs:180)
AreaBattle.RecoveredWayLineVisual:Initialize () (at Assets/AreaBattle/Scripts/RecoveredWayLineVisual.cs:33)
AreaBattle.RecoveredWayLineVisual:SetLine (UnityEngine.Vector3,UnityEngine.Vector3,UnityEngine.Color,UnityEngine.Color,bool,bool,single) (at Assets/AreaBattle/Scripts/RecoveredWayLineVisual.cs:56)
AreaBattle.RecoveredWayLineVisual:Synchronize (AreaBattle.LineState,AreaBattle.TowerState,AreaBattle.TowerState,UnityEngine.Color,UnityEngine.Color,single) (at Assets/AreaBattle/Scripts/RecoveredWayLineVisual.cs:46)
AreaBattle.RecoveredWayLineVisual:Synchronize (AreaBattle.LineState,AreaBattle.TowerState,AreaBattle.TowerState,single) (at Assets/AreaBattle/Scripts/RecoveredWayLineVisual.cs:21)
AreaBattle.BattleView:RefreshPresentation () (at Assets/AreaBattle/Scripts/BattleView.cs:566)
AreaBattle.BattleView:AdvanceFrame (single,single) (at Assets/AreaBattle/Scripts/BattleView.cs:374)
AreaBattle.EditorTools.RepresentativeReplayValidation:Advance (AreaBattle.BattleView,single) (at Assets/AreaBattle/Editor/RepresentativeReplayValidation.cs:102)
AreaBattle.EditorTools.RepresentativeReplayValidation:Win (AreaBattle.BattleView,AreaBattle.EditorTools.RepresentativeReplayValidation/Replay) (at Assets/AreaBattle/Editor/RepresentativeReplayValidation.cs:108)
AreaBattle.EditorTools.RepresentativeReplayValidation:Run () (at Assets/AreaBattle/Editor/RepresentativeReplayValidation.cs:141)
System.Reflection.RuntimeMethodInfo:Invoke (object,System.Reflection.BindingFlags,System.Reflection.Binder,object[],System.Globalization.CultureInfo)
System.Reflection.MethodBase:Invoke (object,object[])
AreaBattle.EditorTools.BattleBuild:ValidateIntegrated () (at Assets/AreaBattle/Editor/BattleBuild.cs:32)
AreaBattle.EditorTools.BattleBuild:ValidateMechanicsOnly () (at Assets/AreaBattle/Editor/BattleBuild.cs:18)

[Assets/AreaBattle/Scripts/RecoveredWayLineVisual.cs line 21]

Instantiating material due to calling renderer.material during edit mode. This will leak materials into the scene. You most likely want to use renderer.sharedMaterial instead.
UnityEngine.Debug:ExtractStackTraceNoAlloc (byte*,int,string)
UnityEngine.StackTraceUtility:ExtractStackTrace () (at /Users/bokken/build/output/unity/unity/Runtime/Export/Scripting/StackTrace.cs:35)
UnityEngine.Renderer:GetMaterial ()
UnityEngine.Renderer:get_material () (at /Users/bokken/build/output/unity/unity/Runtime/Export/Graphics/GraphicsRenderers.bindings.cs:180)
AreaBattle.RecoveredWayLineVisual:Initialize () (at Assets/AreaBattle/Scripts/RecoveredWayLineVisual.cs:33)
AreaBattle.RecoveredWayLineVisual:SetLine (UnityEngine.Vector3,UnityEngine.Vector3,UnityEngine.Color,UnityEngine.Color,bool,bool,single) (at Assets/AreaBattle/Scripts/RecoveredWayLineVisual.cs:56)
AreaBattle.RecoveredWayLineVisual:Synchronize (AreaBattle.LineState,AreaBattle.TowerState,AreaBattle.TowerState,UnityEngine.Color,UnityEngine.Color,single) (at Assets/AreaBattle/Scripts/RecoveredWayLineVisual.cs:46)
AreaBattle.RecoveredWayLineVisual:Synchronize (AreaBattle.LineState,AreaBattle.TowerState,AreaBattle.TowerState,single) (at Assets/AreaBattle/Scripts/RecoveredWayLineVisual.cs:21)
AreaBattle.BattleView:RefreshPresentation () (at Assets/AreaBattle/Scripts/BattleView.cs:566)
AreaBattle.BattleView:AdvanceFrame (single,single) (at Assets/AreaBattle/Scripts/BattleView.cs:374)
AreaBattle.EditorTools.RepresentativeReplayValidation:Advance (AreaBattle.BattleView,single) (at Assets/AreaBattle/Editor/RepresentativeReplayValidation.cs:102)
AreaBattle.EditorTools.RepresentativeReplayValidation:Win (AreaBattle.BattleView,AreaBattle.EditorTools.RepresentativeReplayValidation/Replay) (at Assets/AreaBattle/Editor/RepresentativeReplayValidation.cs:108)
AreaBattle.EditorTools.RepresentativeReplayValidation:Run () (at Assets/AreaBattle/Editor/RepresentativeReplayValidation.cs:141)
System.Reflection.RuntimeMethodInfo:Invoke (object,System.Reflection.BindingFlags,System.Reflection.Binder,object[],System.Globalization.CultureInfo)
System.Reflection.MethodBase:Invoke (object,object[])
AreaBattle.EditorTools.BattleBuild:ValidateIntegrated () (at Assets/AreaBattle/Editor/BattleBuild.cs:32)
AreaBattle.EditorTools.BattleBuild:ValidateMechanicsOnly () (at Assets/AreaBattle/Editor/BattleBuild.cs:18)

[Assets/AreaBattle/Scripts/RecoveredWayLineVisual.cs line 21]

Instantiating material due to calling renderer.material during edit mode. This will leak materials into the scene. You most likely want to use renderer.sharedMaterial instead.
UnityEngine.Debug:ExtractStackTraceNoAlloc (byte*,int,string)
UnityEngine.StackTraceUtility:ExtractStackTrace () (at /Users/bokken/build/output/unity/unity/Runtime/Export/Scripting/StackTrace.cs:35)
UnityEngine.Renderer:GetMaterial ()
UnityEngine.Renderer:get_material () (at /Users/bokken/build/output/unity/unity/Runtime/Export/Graphics/GraphicsRenderers.bindings.cs:180)
AreaBattle.RecoveredWayLineVisual:Initialize () (at Assets/AreaBattle/Scripts/RecoveredWayLineVisual.cs:33)
AreaBattle.RecoveredWayLineVisual:SetLine (UnityEngine.Vector3,UnityEngine.Vector3,UnityEngine.Color,UnityEngine.Color,bool,bool,single) (at Assets/AreaBattle/Scripts/RecoveredWayLineVisual.cs:56)
AreaBattle.RecoveredWayLineVisual:Synchronize (AreaBattle.LineState,AreaBattle.TowerState,AreaBattle.TowerState,UnityEngine.Color,UnityEngine.Color,single) (at Assets/AreaBattle/Scripts/RecoveredWayLineVisual.cs:46)
AreaBattle.RecoveredWayLineVisual:Synchronize (AreaBattle.LineState,AreaBattle.TowerState,AreaBattle.TowerState,single) (at Assets/AreaBattle/Scripts/RecoveredWayLineVisual.cs:21)
AreaBattle.BattleView:RefreshPresentation () (at Assets/AreaBattle/Scripts/BattleView.cs:566)
AreaBattle.BattleView:AdvanceFrame (single,single) (at Assets/AreaBattle/Scripts/BattleView.cs:374)
AreaBattle.EditorTools.RepresentativeReplayValidation:Advance (AreaBattle.BattleView,single) (at Assets/AreaBattle/Editor/RepresentativeReplayValidation.cs:102)
AreaBattle.EditorTools.RepresentativeReplayValidation:Win (AreaBattle.BattleView,AreaBattle.EditorTools.RepresentativeReplayValidation/Replay) (at Assets/AreaBattle/Editor/RepresentativeReplayValidation.cs:108)
AreaBattle.EditorTools.RepresentativeReplayValidation:Run () (at Assets/AreaBattle/Editor/RepresentativeReplayValidation.cs:141)
System.Reflection.RuntimeMethodInfo:Invoke (object,System.Reflection.BindingFlags,System.Reflection.Binder,object[],System.Globalization.CultureInfo)
System.Reflection.MethodBase:Invoke (object,object[])
AreaBattle.EditorTools.BattleBuild:ValidateIntegrated () (at Assets/AreaBattle/Editor/BattleBuild.cs:32)
AreaBattle.EditorTools.BattleBuild:ValidateMechanicsOnly () (at Assets/AreaBattle/Editor/BattleBuild.cs:18)

[Assets/AreaBattle/Scripts/RecoveredWayLineVisual.cs line 21]

Instantiating material due to calling renderer.material during edit mode. This will leak materials into the scene. You most likely want to use renderer.sharedMaterial instead.
UnityEngine.Debug:ExtractStackTraceNoAlloc (byte*,int,string)
UnityEngine.StackTraceUtility:ExtractStackTrace () (at /Users/bokken/build/output/unity/unity/Runtime/Export/Scripting/StackTrace.cs:35)
UnityEngine.Renderer:GetMaterial ()
UnityEngine.Renderer:get_material () (at /Users/bokken/build/output/unity/unity/Runtime/Export/Graphics/GraphicsRenderers.bindings.cs:180)
AreaBattle.RecoveredWayLineVisual:Initialize () (at Assets/AreaBattle/Scripts/RecoveredWayLineVisual.cs:33)
AreaBattle.RecoveredWayLineVisual:SetLine (UnityEngine.Vector3,UnityEngine.Vector3,UnityEngine.Color,UnityEngine.Color,bool,bool,single) (at Assets/AreaBattle/Scripts/RecoveredWayLineVisual.cs:56)
AreaBattle.RecoveredWayLineVisual:Synchronize (AreaBattle.LineState,AreaBattle.TowerState,AreaBattle.TowerState,UnityEngine.Color,UnityEngine.Color,single) (at Assets/AreaBattle/Scripts/RecoveredWayLineVisual.cs:46)
AreaBattle.RecoveredWayLineVisual:Synchronize (AreaBattle.LineState,AreaBattle.TowerState,AreaBattle.TowerState,single) (at Assets/AreaBattle/Scripts/RecoveredWayLineVisual.cs:21)
AreaBattle.BattleView:RefreshPresentation () (at Assets/AreaBattle/Scripts/BattleView.cs:566)
AreaBattle.BattleView:AdvanceFrame (single,single) (at Assets/AreaBattle/Scripts/BattleView.cs:374)
AreaBattle.EditorTools.RepresentativeReplayValidation:Advance (AreaBattle.BattleView,single) (at Assets/AreaBattle/Editor/RepresentativeReplayValidation.cs:102)
AreaBattle.EditorTools.RepresentativeReplayValidation:Win (AreaBattle.BattleView,AreaBattle.EditorTools.RepresentativeReplayValidation/Replay) (at Assets/AreaBattle/Editor/RepresentativeReplayValidation.cs:108)
AreaBattle.EditorTools.RepresentativeReplayValidation:Run () (at Assets/AreaBattle/Editor/RepresentativeReplayValidation.cs:141)
System.Reflection.RuntimeMethodInfo:Invoke (object,System.Reflection.BindingFlags,System.Reflection.Binder,object[],System.Globalization.CultureInfo)
System.Reflection.MethodBase:Invoke (object,object[])
AreaBattle.EditorTools.BattleBuild:ValidateIntegrated () (at Assets/AreaBattle/Editor/BattleBuild.cs:32)
AreaBattle.EditorTools.BattleBuild:ValidateMechanicsOnly () (at Assets/AreaBattle/Editor/BattleBuild.cs:18)

[Assets/AreaBattle/Scripts/RecoveredWayLineVisual.cs line 21]

Instantiating material due to calling renderer.material during edit mode. This will leak materials into the scene. You most likely want to use renderer.sharedMaterial instead.
UnityEngine.Debug:ExtractStackTraceNoAlloc (byte*,int,string)
UnityEngine.StackTraceUtility:ExtractStackTrace () (at /Users/bokken/build/output/unity/unity/Runtime/Export/Scripting/StackTrace.cs:35)
UnityEngine.Renderer:GetMaterial ()
UnityEngine.Renderer:get_material () (at /Users/bokken/build/output/unity/unity/Runtime/Export/Graphics/GraphicsRenderers.bindings.cs:180)
AreaBattle.RecoveredWayLineVisual:Initialize () (at Assets/AreaBattle/Scripts/RecoveredWayLineVisual.cs:33)
AreaBattle.RecoveredWayLineVisual:SetLine (UnityEngine.Vector3,UnityEngine.Vector3,UnityEngine.Color,UnityEngine.Color,bool,bool,single) (at Assets/AreaBattle/Scripts/RecoveredWayLineVisual.cs:56)
AreaBattle.RecoveredWayLineVisual:Synchronize (AreaBattle.LineState,AreaBattle.TowerState,AreaBattle.TowerState,UnityEngine.Color,UnityEngine.Color,single) (at Assets/AreaBattle/Scripts/RecoveredWayLineVisual.cs:46)
AreaBattle.RecoveredWayLineVisual:Synchronize (AreaBattle.LineState,AreaBattle.TowerState,AreaBattle.TowerState,single) (at Assets/AreaBattle/Scripts/RecoveredWayLineVisual.cs:21)
AreaBattle.BattleView:RefreshPresentation () (at Assets/AreaBattle/Scripts/BattleView.cs:566)
AreaBattle.BattleView:AdvanceFrame (single,single) (at Assets/AreaBattle/Scripts/BattleView.cs:374)
AreaBattle.EditorTools.RepresentativeReplayValidation:Advance (AreaBattle.BattleView,single) (at Assets/AreaBattle/Editor/RepresentativeReplayValidation.cs:102)
AreaBattle.EditorTools.RepresentativeReplayValidation:Win (AreaBattle.BattleView,AreaBattle.EditorTools.RepresentativeReplayValidation/Replay) (at Assets/AreaBattle/Editor/RepresentativeReplayValidation.cs:108)
AreaBattle.EditorTools.RepresentativeReplayValidation:Run () (at Assets/AreaBattle/Editor/RepresentativeReplayValidation.cs:141)
System.Reflection.RuntimeMethodInfo:Invoke (object,System.Reflection.BindingFlags,System.Reflection.Binder,object[],System.Globalization.CultureInfo)
System.Reflection.MethodBase:Invoke (object,object[])
AreaBattle.EditorTools.BattleBuild:ValidateIntegrated () (at Assets/AreaBattle/Editor/BattleBuild.cs:32)
AreaBattle.EditorTools.BattleBuild:ValidateMechanicsOnly () (at Assets/AreaBattle/Editor/BattleBuild.cs:18)

[Assets/AreaBattle/Scripts/RecoveredWayLineVisual.cs line 21]

Instantiating material due to calling renderer.material during edit mode. This will leak materials into the scene. You most likely want to use renderer.sharedMaterial instead.
UnityEngine.Debug:ExtractStackTraceNoAlloc (byte*,int,string)
UnityEngine.StackTraceUtility:ExtractStackTrace () (at /Users/bokken/build/output/unity/unity/Runtime/Export/Scripting/StackTrace.cs:35)
UnityEngine.Renderer:GetMaterial ()
UnityEngine.Renderer:get_material () (at /Users/bokken/build/output/unity/unity/Runtime/Export/Graphics/GraphicsRenderers.bindings.cs:180)
AreaBattle.RecoveredWayLineVisual:Initialize () (at Assets/AreaBattle/Scripts/RecoveredWayLineVisual.cs:33)
AreaBattle.RecoveredWayLineVisual:SetLine (UnityEngine.Vector3,UnityEngine.Vector3,UnityEngine.Color,UnityEngine.Color,bool,bool,single) (at Assets/AreaBattle/Scripts/RecoveredWayLineVisual.cs:56)
AreaBattle.RecoveredWayLineVisual:Synchronize (AreaBattle.LineState,AreaBattle.TowerState,AreaBattle.TowerState,UnityEngine.Color,UnityEngine.Color,single) (at Assets/AreaBattle/Scripts/RecoveredWayLineVisual.cs:46)
AreaBattle.RecoveredWayLineVisual:Synchronize (AreaBattle.LineState,AreaBattle.TowerState,AreaBattle.TowerState,single) (at Assets/AreaBattle/Scripts/RecoveredWayLineVisual.cs:21)
AreaBattle.BattleView:RefreshPresentation () (at Assets/AreaBattle/Scripts/BattleView.cs:566)
AreaBattle.BattleView:AdvanceFrame (single,single) (at Assets/AreaBattle/Scripts/BattleView.cs:374)
AreaBattle.EditorTools.RepresentativeReplayValidation:Advance (AreaBattle.BattleView,single) (at Assets/AreaBattle/Editor/RepresentativeReplayValidation.cs:102)
AreaBattle.EditorTools.RepresentativeReplayValidation:Win (AreaBattle.BattleView,AreaBattle.EditorTools.RepresentativeReplayValidation/Replay) (at Assets/AreaBattle/Editor/RepresentativeReplayValidation.cs:108)
AreaBattle.EditorTools.RepresentativeReplayValidation:Run () (at Assets/AreaBattle/Editor/RepresentativeReplayValidation.cs:141)
System.Reflection.RuntimeMethodInfo:Invoke (object,System.Reflection.BindingFlags,System.Reflection.Binder,object[],System.Globalization.CultureInfo)
System.Reflection.MethodBase:Invoke (object,object[])
AreaBattle.EditorTools.BattleBuild:ValidateIntegrated () (at Assets/AreaBattle/Editor/BattleBuild.cs:32)
AreaBattle.EditorTools.BattleBuild:ValidateMechanicsOnly () (at Assets/AreaBattle/Editor/BattleBuild.cs:18)

[Assets/AreaBattle/Scripts/RecoveredWayLineVisual.cs line 21]

Instantiating material due to calling renderer.material during edit mode. This will leak materials into the scene. You most likely want to use renderer.sharedMaterial instead.
UnityEngine.Debug:ExtractStackTraceNoAlloc (byte*,int,string)
UnityEngine.StackTraceUtility:ExtractStackTrace () (at /Users/bokken/build/output/unity/unity/Runtime/Export/Scripting/StackTrace.cs:35)
UnityEngine.Renderer:GetMaterial ()
UnityEngine.Renderer:get_material () (at /Users/bokken/build/output/unity/unity/Runtime/Export/Graphics/GraphicsRenderers.bindings.cs:180)
AreaBattle.RecoveredWayLineVisual:Initialize () (at Assets/AreaBattle/Scripts/RecoveredWayLineVisual.cs:33)
AreaBattle.RecoveredWayLineVisual:SetLine (UnityEngine.Vector3,UnityEngine.Vector3,UnityEngine.Color,UnityEngine.Color,bool,bool,single) (at Assets/AreaBattle/Scripts/RecoveredWayLineVisual.cs:56)
AreaBattle.RecoveredWayLineVisual:Synchronize (AreaBattle.LineState,AreaBattle.TowerState,AreaBattle.TowerState,UnityEngine.Color,UnityEngine.Color,single) (at Assets/AreaBattle/Scripts/RecoveredWayLineVisual.cs:46)
AreaBattle.RecoveredWayLineVisual:Synchronize (AreaBattle.LineState,AreaBattle.TowerState,AreaBattle.TowerState,single) (at Assets/AreaBattle/Scripts/RecoveredWayLineVisual.cs:21)
AreaBattle.BattleView:RefreshPresentation () (at Assets/AreaBattle/Scripts/BattleView.cs:566)
AreaBattle.BattleView:AdvanceFrame (single,single) (at Assets/AreaBattle/Scripts/BattleView.cs:374)
AreaBattle.EditorTools.RepresentativeReplayValidation:Advance (AreaBattle.BattleView,single) (at Assets/AreaBattle/Editor/RepresentativeReplayValidation.cs:102)
AreaBattle.EditorTools.RepresentativeReplayValidation:Win (AreaBattle.BattleView,AreaBattle.EditorTools.RepresentativeReplayValidation/Replay) (at Assets/AreaBattle/Editor/RepresentativeReplayValidation.cs:108)
AreaBattle.EditorTools.RepresentativeReplayValidation:Run () (at Assets/AreaBattle/Editor/RepresentativeReplayValidation.cs:141)
System.Reflection.RuntimeMethodInfo:Invoke (object,System.Reflection.BindingFlags,System.Reflection.Binder,object[],System.Globalization.CultureInfo)
System.Reflection.MethodBase:Invoke (object,object[])
AreaBattle.EditorTools.BattleBuild:ValidateIntegrated () (at Assets/AreaBattle/Editor/BattleBuild.cs:32)
AreaBattle.EditorTools.BattleBuild:ValidateMechanicsOnly () (at Assets/AreaBattle/Editor/BattleBuild.cs:18)

[Assets/AreaBattle/Scripts/RecoveredWayLineVisual.cs line 21]

Instantiating material due to calling renderer.material during edit mode. This will leak materials into the scene. You most likely want to use renderer.sharedMaterial instead.
UnityEngine.Debug:ExtractStackTraceNoAlloc (byte*,int,string)
UnityEngine.StackTraceUtility:ExtractStackTrace () (at /Users/bokken/build/output/unity/unity/Runtime/Export/Scripting/StackTrace.cs:35)
UnityEngine.Renderer:GetMaterial ()
UnityEngine.Renderer:get_material () (at /Users/bokken/build/output/unity/unity/Runtime/Export/Graphics/GraphicsRenderers.bindings.cs:180)
AreaBattle.RecoveredWayLineVisual:Initialize () (at Assets/AreaBattle/Scripts/RecoveredWayLineVisual.cs:33)
AreaBattle.RecoveredWayLineVisual:SetLine (UnityEngine.Vector3,UnityEngine.Vector3,UnityEngine.Color,UnityEngine.Color,bool,bool,single) (at Assets/AreaBattle/Scripts/RecoveredWayLineVisual.cs:56)
AreaBattle.RecoveredWayLineVisual:Synchronize (AreaBattle.LineState,AreaBattle.TowerState,AreaBattle.TowerState,UnityEngine.Color,UnityEngine.Color,single) (at Assets/AreaBattle/Scripts/RecoveredWayLineVisual.cs:46)
AreaBattle.RecoveredWayLineVisual:Synchronize (AreaBattle.LineState,AreaBattle.TowerState,AreaBattle.TowerState,single) (at Assets/AreaBattle/Scripts/RecoveredWayLineVisual.cs:21)
AreaBattle.BattleView:RefreshPresentation () (at Assets/AreaBattle/Scripts/BattleView.cs:566)
AreaBattle.BattleView:AdvanceFrame (single,single) (at Assets/AreaBattle/Scripts/BattleView.cs:374)
AreaBattle.EditorTools.RepresentativeReplayValidation:Advance (AreaBattle.BattleView,single) (at Assets/AreaBattle/Editor/RepresentativeReplayValidation.cs:102)
AreaBattle.EditorTools.RepresentativeReplayValidation:Win (AreaBattle.BattleView,AreaBattle.EditorTools.RepresentativeReplayValidation/Replay) (at Assets/AreaBattle/Editor/RepresentativeReplayValidation.cs:108)
AreaBattle.EditorTools.RepresentativeReplayValidation:Run () (at Assets/AreaBattle/Editor/RepresentativeReplayValidation.cs:141)
System.Reflection.RuntimeMethodInfo:Invoke (object,System.Reflection.BindingFlags,System.Reflection.Binder,object[],System.Globalization.CultureInfo)
System.Reflection.MethodBase:Invoke (object,object[])
AreaBattle.EditorTools.BattleBuild:ValidateIntegrated () (at Assets/AreaBattle/Editor/BattleBuild.cs:32)
AreaBattle.EditorTools.BattleBuild:ValidateMechanicsOnly () (at Assets/AreaBattle/Editor/BattleBuild.cs:18)

[Assets/AreaBattle/Scripts/RecoveredWayLineVisual.cs line 21]

Instantiating material due to calling renderer.material during edit mode. This will leak materials into the scene. You most likely want to use renderer.sharedMaterial instead.
UnityEngine.Debug:ExtractStackTraceNoAlloc (byte*,int,string)
UnityEngine.StackTraceUtility:ExtractStackTrace () (at /Users/bokken/build/output/unity/unity/Runtime/Export/Scripting/StackTrace.cs:35)
UnityEngine.Renderer:GetMaterial ()
UnityEngine.Renderer:get_material () (at /Users/bokken/build/output/unity/unity/Runtime/Export/Graphics/GraphicsRenderers.bindings.cs:180)
AreaBattle.RecoveredWayLineVisual:Initialize () (at Assets/AreaBattle/Scripts/RecoveredWayLineVisual.cs:33)
AreaBattle.RecoveredWayLineVisual:SetLine (UnityEngine.Vector3,UnityEngine.Vector3,UnityEngine.Color,UnityEngine.Color,bool,bool,single) (at Assets/AreaBattle/Scripts/RecoveredWayLineVisual.cs:56)
AreaBattle.RecoveredWayLineVisual:Synchronize (AreaBattle.LineState,AreaBattle.TowerState,AreaBattle.TowerState,UnityEngine.Color,UnityEngine.Color,single) (at Assets/AreaBattle/Scripts/RecoveredWayLineVisual.cs:46)
AreaBattle.RecoveredWayLineVisual:Synchronize (AreaBattle.LineState,AreaBattle.TowerState,AreaBattle.TowerState,single) (at Assets/AreaBattle/Scripts/RecoveredWayLineVisual.cs:21)
AreaBattle.BattleView:RefreshPresentation () (at Assets/AreaBattle/Scripts/BattleView.cs:566)
AreaBattle.BattleView:AdvanceFrame (single,single) (at Assets/AreaBattle/Scripts/BattleView.cs:374)
AreaBattle.EditorTools.RepresentativeReplayValidation:Advance (AreaBattle.BattleView,single) (at Assets/AreaBattle/Editor/RepresentativeReplayValidation.cs:102)
AreaBattle.EditorTools.RepresentativeReplayValidation:Win (AreaBattle.BattleView,AreaBattle.EditorTools.RepresentativeReplayValidation/Replay) (at Assets/AreaBattle/Editor/RepresentativeReplayValidation.cs:108)
AreaBattle.EditorTools.RepresentativeReplayValidation:Run () (at Assets/AreaBattle/Editor/RepresentativeReplayValidation.cs:141)
System.Reflection.RuntimeMethodInfo:Invoke (object,System.Reflection.BindingFlags,System.Reflection.Binder,object[],System.Globalization.CultureInfo)
System.Reflection.MethodBase:Invoke (object,object[])
AreaBattle.EditorTools.BattleBuild:ValidateIntegrated () (at Assets/AreaBattle/Editor/BattleBuild.cs:32)
AreaBattle.EditorTools.BattleBuild:ValidateMechanicsOnly () (at Assets/AreaBattle/Editor/BattleBuild.cs:18)

[Assets/AreaBattle/Scripts/RecoveredWayLineVisual.cs line 21]

Instantiating material due to calling renderer.material during edit mode. This will leak materials into the scene. You most likely want to use renderer.sharedMaterial instead.
UnityEngine.Debug:ExtractStackTraceNoAlloc (byte*,int,string)
UnityEngine.StackTraceUtility:ExtractStackTrace () (at /Users/bokken/build/output/unity/unity/Runtime/Export/Scripting/StackTrace.cs:35)
UnityEngine.Renderer:GetMaterial ()
UnityEngine.Renderer:get_material () (at /Users/bokken/build/output/unity/unity/Runtime/Export/Graphics/GraphicsRenderers.bindings.cs:180)
AreaBattle.RecoveredWayLineVisual:Initialize () (at Assets/AreaBattle/Scripts/RecoveredWayLineVisual.cs:33)
AreaBattle.RecoveredWayLineVisual:SetLine (UnityEngine.Vector3,UnityEngine.Vector3,UnityEngine.Color,UnityEngine.Color,bool,bool,single) (at Assets/AreaBattle/Scripts/RecoveredWayLineVisual.cs:56)
AreaBattle.RecoveredWayLineVisual:Synchronize (AreaBattle.LineState,AreaBattle.TowerState,AreaBattle.TowerState,UnityEngine.Color,UnityEngine.Color,single) (at Assets/AreaBattle/Scripts/RecoveredWayLineVisual.cs:46)
AreaBattle.RecoveredWayLineVisual:Synchronize (AreaBattle.LineState,AreaBattle.TowerState,AreaBattle.TowerState,single) (at Assets/AreaBattle/Scripts/RecoveredWayLineVisual.cs:21)
AreaBattle.BattleView:RefreshPresentation () (at Assets/AreaBattle/Scripts/BattleView.cs:566)
AreaBattle.BattleView:AdvanceFrame (single,single) (at Assets/AreaBattle/Scripts/BattleView.cs:374)
AreaBattle.EditorTools.RepresentativeReplayValidation:Advance (AreaBattle.BattleView,single) (at Assets/AreaBattle/Editor/RepresentativeReplayValidation.cs:102)
AreaBattle.EditorTools.RepresentativeReplayValidation:Win (AreaBattle.BattleView,AreaBattle.EditorTools.RepresentativeReplayValidation/Replay) (at Assets/AreaBattle/Editor/RepresentativeReplayValidation.cs:108)
AreaBattle.EditorTools.RepresentativeReplayValidation:Run () (at Assets/AreaBattle/Editor/RepresentativeReplayValidation.cs:141)
System.Reflection.RuntimeMethodInfo:Invoke (object,System.Reflection.BindingFlags,System.Reflection.Binder,object[],System.Globalization.CultureInfo)
System.Reflection.MethodBase:Invoke (object,object[])
AreaBattle.EditorTools.BattleBuild:ValidateIntegrated () (at Assets/AreaBattle/Editor/BattleBuild.cs:32)
AreaBattle.EditorTools.BattleBuild:ValidateMechanicsOnly () (at Assets/AreaBattle/Editor/BattleBuild.cs:18)

[Assets/AreaBattle/Scripts/RecoveredWayLineVisual.cs line 21]

Instantiating material due to calling renderer.material during edit mode. This will leak materials into the scene. You most likely want to use renderer.sharedMaterial instead.
UnityEngine.Debug:ExtractStackTraceNoAlloc (byte*,int,string)
UnityEngine.StackTraceUtility:ExtractStackTrace () (at /Users/bokken/build/output/unity/unity/Runtime/Export/Scripting/StackTrace.cs:35)
UnityEngine.Renderer:GetMaterial ()
UnityEngine.Renderer:get_material () (at /Users/bokken/build/output/unity/unity/Runtime/Export/Graphics/GraphicsRenderers.bindings.cs:180)
AreaBattle.RecoveredWayLineVisual:Initialize () (at Assets/AreaBattle/Scripts/RecoveredWayLineVisual.cs:33)
AreaBattle.RecoveredWayLineVisual:SetLine (UnityEngine.Vector3,UnityEngine.Vector3,UnityEngine.Color,UnityEngine.Color,bool,bool,single) (at Assets/AreaBattle/Scripts/RecoveredWayLineVisual.cs:56)
AreaBattle.RecoveredWayLineVisual:Synchronize (AreaBattle.LineState,AreaBattle.TowerState,AreaBattle.TowerState,UnityEngine.Color,UnityEngine.Color,single) (at Assets/AreaBattle/Scripts/RecoveredWayLineVisual.cs:46)
AreaBattle.RecoveredWayLineVisual:Synchronize (AreaBattle.LineState,AreaBattle.TowerState,AreaBattle.TowerState,single) (at Assets/AreaBattle/Scripts/RecoveredWayLineVisual.cs:21)
AreaBattle.BattleView:RefreshPresentation () (at Assets/AreaBattle/Scripts/BattleView.cs:566)
AreaBattle.BattleView:AdvanceFrame (single,single) (at Assets/AreaBattle/Scripts/BattleView.cs:374)
AreaBattle.EditorTools.RepresentativeReplayValidation:Advance (AreaBattle.BattleView,single) (at Assets/AreaBattle/Editor/RepresentativeReplayValidation.cs:102)
AreaBattle.EditorTools.RepresentativeReplayValidation:Win (AreaBattle.BattleView,AreaBattle.EditorTools.RepresentativeReplayValidation/Replay) (at Assets/AreaBattle/Editor/RepresentativeReplayValidation.cs:108)
AreaBattle.EditorTools.RepresentativeReplayValidation:Run () (at Assets/AreaBattle/Editor/RepresentativeReplayValidation.cs:141)
System.Reflection.RuntimeMethodInfo:Invoke (object,System.Reflection.BindingFlags,System.Reflection.Binder,object[],System.Globalization.CultureInfo)
System.Reflection.MethodBase:Invoke (object,object[])
AreaBattle.EditorTools.BattleBuild:ValidateIntegrated () (at Assets/AreaBattle/Editor/BattleBuild.cs:32)
AreaBattle.EditorTools.BattleBuild:ValidateMechanicsOnly () (at Assets/AreaBattle/Editor/BattleBuild.cs:18)

[Assets/AreaBattle/Scripts/RecoveredWayLineVisual.cs line 21]

Instantiating material due to calling renderer.material during edit mode. This will leak materials into the scene. You most likely want to use renderer.sharedMaterial instead.
UnityEngine.Debug:ExtractStackTraceNoAlloc (byte*,int,string)
UnityEngine.StackTraceUtility:ExtractStackTrace () (at /Users/bokken/build/output/unity/unity/Runtime/Export/Scripting/StackTrace.cs:35)
UnityEngine.Renderer:GetMaterial ()
UnityEngine.Renderer:get_material () (at /Users/bokken/build/output/unity/unity/Runtime/Export/Graphics/GraphicsRenderers.bindings.cs:180)
AreaBattle.RecoveredWayLineVisual:Initialize () (at Assets/AreaBattle/Scripts/RecoveredWayLineVisual.cs:33)
AreaBattle.RecoveredWayLineVisual:SetLine (UnityEngine.Vector3,UnityEngine.Vector3,UnityEngine.Color,UnityEngine.Color,bool,bool,single) (at Assets/AreaBattle/Scripts/RecoveredWayLineVisual.cs:56)
AreaBattle.RecoveredWayLineVisual:Synchronize (AreaBattle.LineState,AreaBattle.TowerState,AreaBattle.TowerState,UnityEngine.Color,UnityEngine.Color,single) (at Assets/AreaBattle/Scripts/RecoveredWayLineVisual.cs:46)
AreaBattle.RecoveredWayLineVisual:Synchronize (AreaBattle.LineState,AreaBattle.TowerState,AreaBattle.TowerState,single) (at Assets/AreaBattle/Scripts/RecoveredWayLineVisual.cs:21)
AreaBattle.BattleView:RefreshPresentation () (at Assets/AreaBattle/Scripts/BattleView.cs:566)
AreaBattle.BattleView:AdvanceFrame (single,single) (at Assets/AreaBattle/Scripts/BattleView.cs:374)
AreaBattle.EditorTools.RepresentativeReplayValidation:Advance (AreaBattle.BattleView,single) (at Assets/AreaBattle/Editor/RepresentativeReplayValidation.cs:102)
AreaBattle.EditorTools.RepresentativeReplayValidation:Win (AreaBattle.BattleView,AreaBattle.EditorTools.RepresentativeReplayValidation/Replay) (at Assets/AreaBattle/Editor/RepresentativeReplayValidation.cs:108)
AreaBattle.EditorTools.RepresentativeReplayValidation:Run () (at Assets/AreaBattle/Editor/RepresentativeReplayValidation.cs:141)
System.Reflection.RuntimeMethodInfo:Invoke (object,System.Reflection.BindingFlags,System.Reflection.Binder,object[],System.Globalization.CultureInfo)
System.Reflection.MethodBase:Invoke (object,object[])
AreaBattle.EditorTools.BattleBuild:ValidateIntegrated () (at Assets/AreaBattle/Editor/BattleBuild.cs:32)
AreaBattle.EditorTools.BattleBuild:ValidateMechanicsOnly () (at Assets/AreaBattle/Editor/BattleBuild.cs:18)

[Assets/AreaBattle/Scripts/RecoveredWayLineVisual.cs line 21]

Instantiating material due to calling renderer.material during edit mode. This will leak materials into the scene. You most likely want to use renderer.sharedMaterial instead.
UnityEngine.Debug:ExtractStackTraceNoAlloc (byte*,int,string)
UnityEngine.StackTraceUtility:ExtractStackTrace () (at /Users/bokken/build/output/unity/unity/Runtime/Export/Scripting/StackTrace.cs:35)
UnityEngine.Renderer:GetMaterial ()
UnityEngine.Renderer:get_material () (at /Users/bokken/build/output/unity/unity/Runtime/Export/Graphics/GraphicsRenderers.bindings.cs:180)
AreaBattle.RecoveredWayLineVisual:Initialize () (at Assets/AreaBattle/Scripts/RecoveredWayLineVisual.cs:33)
AreaBattle.RecoveredWayLineVisual:SetLine (UnityEngine.Vector3,UnityEngine.Vector3,UnityEngine.Color,UnityEngine.Color,bool,bool,single) (at Assets/AreaBattle/Scripts/RecoveredWayLineVisual.cs:56)
AreaBattle.RecoveredWayLineVisual:Synchronize (AreaBattle.LineState,AreaBattle.TowerState,AreaBattle.TowerState,UnityEngine.Color,UnityEngine.Color,single) (at Assets/AreaBattle/Scripts/RecoveredWayLineVisual.cs:46)
AreaBattle.RecoveredWayLineVisual:Synchronize (AreaBattle.LineState,AreaBattle.TowerState,AreaBattle.TowerState,single) (at Assets/AreaBattle/Scripts/RecoveredWayLineVisual.cs:21)
AreaBattle.BattleView:RefreshPresentation () (at Assets/AreaBattle/Scripts/BattleView.cs:566)
AreaBattle.BattleView:AdvanceFrame (single,single) (at Assets/AreaBattle/Scripts/BattleView.cs:374)
AreaBattle.EditorTools.RepresentativeReplayValidation:Advance (AreaBattle.BattleView,single) (at Assets/AreaBattle/Editor/RepresentativeReplayValidation.cs:102)
AreaBattle.EditorTools.RepresentativeReplayValidation:Win (AreaBattle.BattleView,AreaBattle.EditorTools.RepresentativeReplayValidation/Replay) (at Assets/AreaBattle/Editor/RepresentativeReplayValidation.cs:108)
AreaBattle.EditorTools.RepresentativeReplayValidation:Run () (at Assets/AreaBattle/Editor/RepresentativeReplayValidation.cs:141)
System.Reflection.RuntimeMethodInfo:Invoke (object,System.Reflection.BindingFlags,System.Reflection.Binder,object[],System.Globalization.CultureInfo)
System.Reflection.MethodBase:Invoke (object,object[])
AreaBattle.EditorTools.BattleBuild:ValidateIntegrated () (at Assets/AreaBattle/Editor/BattleBuild.cs:32)
AreaBattle.EditorTools.BattleBuild:ValidateMechanicsOnly () (at Assets/AreaBattle/Editor/BattleBuild.cs:18)

[Assets/AreaBattle/Scripts/RecoveredWayLineVisual.cs line 21]

Instantiating material due to calling renderer.material during edit mode. This will leak materials into the scene. You most likely want to use renderer.sharedMaterial instead.
UnityEngine.Debug:ExtractStackTraceNoAlloc (byte*,int,string)
UnityEngine.StackTraceUtility:ExtractStackTrace () (at /Users/bokken/build/output/unity/unity/Runtime/Export/Scripting/StackTrace.cs:35)
UnityEngine.Renderer:GetMaterial ()
UnityEngine.Renderer:get_material () (at /Users/bokken/build/output/unity/unity/Runtime/Export/Graphics/GraphicsRenderers.bindings.cs:180)
AreaBattle.RecoveredWayLineVisual:Initialize () (at Assets/AreaBattle/Scripts/RecoveredWayLineVisual.cs:33)
AreaBattle.RecoveredWayLineVisual:SetLine (UnityEngine.Vector3,UnityEngine.Vector3,UnityEngine.Color,UnityEngine.Color,bool,bool,single) (at Assets/AreaBattle/Scripts/RecoveredWayLineVisual.cs:56)
AreaBattle.RecoveredWayLineVisual:Synchronize (AreaBattle.LineState,AreaBattle.TowerState,AreaBattle.TowerState,UnityEngine.Color,UnityEngine.Color,single) (at Assets/AreaBattle/Scripts/RecoveredWayLineVisual.cs:46)
AreaBattle.RecoveredWayLineVisual:Synchronize (AreaBattle.LineState,AreaBattle.TowerState,AreaBattle.TowerState,single) (at Assets/AreaBattle/Scripts/RecoveredWayLineVisual.cs:21)
AreaBattle.BattleView:RefreshPresentation () (at Assets/AreaBattle/Scripts/BattleView.cs:566)
AreaBattle.BattleView:AdvanceFrame (single,single) (at Assets/AreaBattle/Scripts/BattleView.cs:374)
AreaBattle.EditorTools.RepresentativeReplayValidation:Advance (AreaBattle.BattleView,single) (at Assets/AreaBattle/Editor/RepresentativeReplayValidation.cs:102)
AreaBattle.EditorTools.RepresentativeReplayValidation:Win (AreaBattle.BattleView,AreaBattle.EditorTools.RepresentativeReplayValidation/Replay) (at Assets/AreaBattle/Editor/RepresentativeReplayValidation.cs:108)
AreaBattle.EditorTools.RepresentativeReplayValidation:Run () (at Assets/AreaBattle/Editor/RepresentativeReplayValidation.cs:141)
System.Reflection.RuntimeMethodInfo:Invoke (object,System.Reflection.BindingFlags,System.Reflection.Binder,object[],System.Globalization.CultureInfo)
System.Reflection.MethodBase:Invoke (object,object[])
AreaBattle.EditorTools.BattleBuild:ValidateIntegrated () (at Assets/AreaBattle/Editor/BattleBuild.cs:32)
AreaBattle.EditorTools.BattleBuild:ValidateMechanicsOnly () (at Assets/AreaBattle/Editor/BattleBuild.cs:18)

[Assets/AreaBattle/Scripts/RecoveredWayLineVisual.cs line 21]

Instantiating material due to calling renderer.material during edit mode. This will leak materials into the scene. You most likely want to use renderer.sharedMaterial instead.
UnityEngine.Debug:ExtractStackTraceNoAlloc (byte*,int,string)
UnityEngine.StackTraceUtility:ExtractStackTrace () (at /Users/bokken/build/output/unity/unity/Runtime/Export/Scripting/StackTrace.cs:35)
UnityEngine.Renderer:GetMaterial ()
UnityEngine.Renderer:get_material () (at /Users/bokken/build/output/unity/unity/Runtime/Export/Graphics/GraphicsRenderers.bindings.cs:180)
AreaBattle.RecoveredWayLineVisual:Initialize () (at Assets/AreaBattle/Scripts/RecoveredWayLineVisual.cs:33)
AreaBattle.RecoveredWayLineVisual:SetLine (UnityEngine.Vector3,UnityEngine.Vector3,UnityEngine.Color,UnityEngine.Color,bool,bool,single) (at Assets/AreaBattle/Scripts/RecoveredWayLineVisual.cs:56)
AreaBattle.RecoveredWayLineVisual:Synchronize (AreaBattle.LineState,AreaBattle.TowerState,AreaBattle.TowerState,UnityEngine.Color,UnityEngine.Color,single) (at Assets/AreaBattle/Scripts/RecoveredWayLineVisual.cs:46)
AreaBattle.RecoveredWayLineVisual:Synchronize (AreaBattle.LineState,AreaBattle.TowerState,AreaBattle.TowerState,single) (at Assets/AreaBattle/Scripts/RecoveredWayLineVisual.cs:21)
AreaBattle.BattleView:RefreshPresentation () (at Assets/AreaBattle/Scripts/BattleView.cs:566)
AreaBattle.BattleView:AdvanceFrame (single,single) (at Assets/AreaBattle/Scripts/BattleView.cs:374)
AreaBattle.EditorTools.RepresentativeReplayValidation:Advance (AreaBattle.BattleView,single) (at Assets/AreaBattle/Editor/RepresentativeReplayValidation.cs:102)
AreaBattle.EditorTools.RepresentativeReplayValidation:Win (AreaBattle.BattleView,AreaBattle.EditorTools.RepresentativeReplayValidation/Replay) (at Assets/AreaBattle/Editor/RepresentativeReplayValidation.cs:108)
AreaBattle.EditorTools.RepresentativeReplayValidation:Run () (at Assets/AreaBattle/Editor/RepresentativeReplayValidation.cs:141)
System.Reflection.RuntimeMethodInfo:Invoke (object,System.Reflection.BindingFlags,System.Reflection.Binder,object[],System.Globalization.CultureInfo)
System.Reflection.MethodBase:Invoke (object,object[])
AreaBattle.EditorTools.BattleBuild:ValidateIntegrated () (at Assets/AreaBattle/Editor/BattleBuild.cs:32)
AreaBattle.EditorTools.BattleBuild:ValidateMechanicsOnly () (at Assets/AreaBattle/Editor/BattleBuild.cs:18)

[Assets/AreaBattle/Scripts/RecoveredWayLineVisual.cs line 21]

Instantiating material due to calling renderer.material during edit mode. This will leak materials into the scene. You most likely want to use renderer.sharedMaterial instead.
UnityEngine.Debug:ExtractStackTraceNoAlloc (byte*,int,string)
UnityEngine.StackTraceUtility:ExtractStackTrace () (at /Users/bokken/build/output/unity/unity/Runtime/Export/Scripting/StackTrace.cs:35)
UnityEngine.Renderer:GetMaterial ()
UnityEngine.Renderer:get_material () (at /Users/bokken/build/output/unity/unity/Runtime/Export/Graphics/GraphicsRenderers.bindings.cs:180)
AreaBattle.RecoveredWayLineVisual:Initialize () (at Assets/AreaBattle/Scripts/RecoveredWayLineVisual.cs:33)
AreaBattle.RecoveredWayLineVisual:SetLine (UnityEngine.Vector3,UnityEngine.Vector3,UnityEngine.Color,UnityEngine.Color,bool,bool,single) (at Assets/AreaBattle/Scripts/RecoveredWayLineVisual.cs:56)
AreaBattle.RecoveredWayLineVisual:Synchronize (AreaBattle.LineState,AreaBattle.TowerState,AreaBattle.TowerState,UnityEngine.Color,UnityEngine.Color,single) (at Assets/AreaBattle/Scripts/RecoveredWayLineVisual.cs:46)
AreaBattle.RecoveredWayLineVisual:Synchronize (AreaBattle.LineState,AreaBattle.TowerState,AreaBattle.TowerState,single) (at Assets/AreaBattle/Scripts/RecoveredWayLineVisual.cs:21)
AreaBattle.BattleView:RefreshPresentation () (at Assets/AreaBattle/Scripts/BattleView.cs:566)
AreaBattle.BattleView:AdvanceFrame (single,single) (at Assets/AreaBattle/Scripts/BattleView.cs:374)
AreaBattle.EditorTools.RepresentativeReplayValidation:Advance (AreaBattle.BattleView,single) (at Assets/AreaBattle/Editor/RepresentativeReplayValidation.cs:102)
AreaBattle.EditorTools.RepresentativeReplayValidation:Win (AreaBattle.BattleView,AreaBattle.EditorTools.RepresentativeReplayValidation/Replay) (at Assets/AreaBattle/Editor/RepresentativeReplayValidation.cs:108)
AreaBattle.EditorTools.RepresentativeReplayValidation:Run () (at Assets/AreaBattle/Editor/RepresentativeReplayValidation.cs:141)
System.Reflection.RuntimeMethodInfo:Invoke (object,System.Reflection.BindingFlags,System.Reflection.Binder,object[],System.Globalization.CultureInfo)
System.Reflection.MethodBase:Invoke (object,object[])
AreaBattle.EditorTools.BattleBuild:ValidateIntegrated () (at Assets/AreaBattle/Editor/BattleBuild.cs:32)
AreaBattle.EditorTools.BattleBuild:ValidateMechanicsOnly () (at Assets/AreaBattle/Editor/BattleBuild.cs:18)

[Assets/AreaBattle/Scripts/RecoveredWayLineVisual.cs line 21]

Instantiating material due to calling renderer.material during edit mode. This will leak materials into the scene. You most likely want to use renderer.sharedMaterial instead.
UnityEngine.Debug:ExtractStackTraceNoAlloc (byte*,int,string)
UnityEngine.StackTraceUtility:ExtractStackTrace () (at /Users/bokken/build/output/unity/unity/Runtime/Export/Scripting/StackTrace.cs:35)
UnityEngine.Renderer:GetMaterial ()
UnityEngine.Renderer:get_material () (at /Users/bokken/build/output/unity/unity/Runtime/Export/Graphics/GraphicsRenderers.bindings.cs:180)
AreaBattle.RecoveredWayLineVisual:Initialize () (at Assets/AreaBattle/Scripts/RecoveredWayLineVisual.cs:33)
AreaBattle.RecoveredWayLineVisual:SetLine (UnityEngine.Vector3,UnityEngine.Vector3,UnityEngine.Color,UnityEngine.Color,bool,bool,single) (at Assets/AreaBattle/Scripts/RecoveredWayLineVisual.cs:56)
AreaBattle.RecoveredWayLineVisual:Synchronize (AreaBattle.LineState,AreaBattle.TowerState,AreaBattle.TowerState,UnityEngine.Color,UnityEngine.Color,single) (at Assets/AreaBattle/Scripts/RecoveredWayLineVisual.cs:46)
AreaBattle.RecoveredWayLineVisual:Synchronize (AreaBattle.LineState,AreaBattle.TowerState,AreaBattle.TowerState,single) (at Assets/AreaBattle/Scripts/RecoveredWayLineVisual.cs:21)
AreaBattle.BattleView:RefreshPresentation () (at Assets/AreaBattle/Scripts/BattleView.cs:566)
AreaBattle.BattleView:AdvanceFrame (single,single) (at Assets/AreaBattle/Scripts/BattleView.cs:374)
AreaBattle.EditorTools.RepresentativeReplayValidation:Advance (AreaBattle.BattleView,single) (at Assets/AreaBattle/Editor/RepresentativeReplayValidation.cs:102)
AreaBattle.EditorTools.RepresentativeReplayValidation:Win (AreaBattle.BattleView,AreaBattle.EditorTools.RepresentativeReplayValidation/Replay) (at Assets/AreaBattle/Editor/RepresentativeReplayValidation.cs:108)
AreaBattle.EditorTools.RepresentativeReplayValidation:Run () (at Assets/AreaBattle/Editor/RepresentativeReplayValidation.cs:141)
System.Reflection.RuntimeMethodInfo:Invoke (object,System.Reflection.BindingFlags,System.Reflection.Binder,object[],System.Globalization.CultureInfo)
System.Reflection.MethodBase:Invoke (object,object[])
AreaBattle.EditorTools.BattleBuild:ValidateIntegrated () (at Assets/AreaBattle/Editor/BattleBuild.cs:32)
AreaBattle.EditorTools.BattleBuild:ValidateMechanicsOnly () (at Assets/AreaBattle/Editor/BattleBuild.cs:18)

[Assets/AreaBattle/Scripts/RecoveredWayLineVisual.cs line 21]

Instantiating material due to calling renderer.material during edit mode. This will leak materials into the scene. You most likely want to use renderer.sharedMaterial instead.
UnityEngine.Debug:ExtractStackTraceNoAlloc (byte*,int,string)
UnityEngine.StackTraceUtility:ExtractStackTrace () (at /Users/bokken/build/output/unity/unity/Runtime/Export/Scripting/StackTrace.cs:35)
UnityEngine.Renderer:GetMaterial ()
UnityEngine.Renderer:get_material () (at /Users/bokken/build/output/unity/unity/Runtime/Export/Graphics/GraphicsRenderers.bindings.cs:180)
AreaBattle.RecoveredWayLineVisual:Initialize () (at Assets/AreaBattle/Scripts/RecoveredWayLineVisual.cs:33)
AreaBattle.RecoveredWayLineVisual:SetLine (UnityEngine.Vector3,UnityEngine.Vector3,UnityEngine.Color,UnityEngine.Color,bool,bool,single) (at Assets/AreaBattle/Scripts/RecoveredWayLineVisual.cs:56)
AreaBattle.RecoveredWayLineVisual:Synchronize (AreaBattle.LineState,AreaBattle.TowerState,AreaBattle.TowerState,UnityEngine.Color,UnityEngine.Color,single) (at Assets/AreaBattle/Scripts/RecoveredWayLineVisual.cs:46)
AreaBattle.RecoveredWayLineVisual:Synchronize (AreaBattle.LineState,AreaBattle.TowerState,AreaBattle.TowerState,single) (at Assets/AreaBattle/Scripts/RecoveredWayLineVisual.cs:21)
AreaBattle.BattleView:RefreshPresentation () (at Assets/AreaBattle/Scripts/BattleView.cs:566)
AreaBattle.BattleView:AdvanceFrame (single,single) (at Assets/AreaBattle/Scripts/BattleView.cs:374)
AreaBattle.EditorTools.RepresentativeReplayValidation:Advance (AreaBattle.BattleView,single) (at Assets/AreaBattle/Editor/RepresentativeReplayValidation.cs:102)
AreaBattle.EditorTools.RepresentativeReplayValidation:Win (AreaBattle.BattleView,AreaBattle.EditorTools.RepresentativeReplayValidation/Replay) (at Assets/AreaBattle/Editor/RepresentativeReplayValidation.cs:108)
AreaBattle.EditorTools.RepresentativeReplayValidation:Run () (at Assets/AreaBattle/Editor/RepresentativeReplayValidation.cs:141)
System.Reflection.RuntimeMethodInfo:Invoke (object,System.Reflection.BindingFlags,System.Reflection.Binder,object[],System.Globalization.CultureInfo)
System.Reflection.MethodBase:Invoke (object,object[])
AreaBattle.EditorTools.BattleBuild:ValidateIntegrated () (at Assets/AreaBattle/Editor/BattleBuild.cs:32)
AreaBattle.EditorTools.BattleBuild:ValidateMechanicsOnly () (at Assets/AreaBattle/Editor/BattleBuild.cs:18)

[Assets/AreaBattle/Scripts/RecoveredWayLineVisual.cs line 21]

Instantiating material due to calling renderer.material during edit mode. This will leak materials into the scene. You most likely want to use renderer.sharedMaterial instead.
UnityEngine.Debug:ExtractStackTraceNoAlloc (byte*,int,string)
UnityEngine.StackTraceUtility:ExtractStackTrace () (at /Users/bokken/build/output/unity/unity/Runtime/Export/Scripting/StackTrace.cs:35)
UnityEngine.Renderer:GetMaterial ()
UnityEngine.Renderer:get_material () (at /Users/bokken/build/output/unity/unity/Runtime/Export/Graphics/GraphicsRenderers.bindings.cs:180)
AreaBattle.RecoveredWayLineVisual:Initialize () (at Assets/AreaBattle/Scripts/RecoveredWayLineVisual.cs:33)
AreaBattle.RecoveredWayLineVisual:SetLine (UnityEngine.Vector3,UnityEngine.Vector3,UnityEngine.Color,UnityEngine.Color,bool,bool,single) (at Assets/AreaBattle/Scripts/RecoveredWayLineVisual.cs:56)
AreaBattle.RecoveredWayLineVisual:Synchronize (AreaBattle.LineState,AreaBattle.TowerState,AreaBattle.TowerState,UnityEngine.Color,UnityEngine.Color,single) (at Assets/AreaBattle/Scripts/RecoveredWayLineVisual.cs:46)
AreaBattle.RecoveredWayLineVisual:Synchronize (AreaBattle.LineState,AreaBattle.TowerState,AreaBattle.TowerState,single) (at Assets/AreaBattle/Scripts/RecoveredWayLineVisual.cs:21)
AreaBattle.BattleView:RefreshPresentation () (at Assets/AreaBattle/Scripts/BattleView.cs:566)
AreaBattle.BattleView:AdvanceFrame (single,single) (at Assets/AreaBattle/Scripts/BattleView.cs:374)
AreaBattle.EditorTools.RepresentativeReplayValidation:Advance (AreaBattle.BattleView,single) (at Assets/AreaBattle/Editor/RepresentativeReplayValidation.cs:102)
AreaBattle.EditorTools.RepresentativeReplayValidation:Win (AreaBattle.BattleView,AreaBattle.EditorTools.RepresentativeReplayValidation/Replay) (at Assets/AreaBattle/Editor/RepresentativeReplayValidation.cs:108)
AreaBattle.EditorTools.RepresentativeReplayValidation:Run () (at Assets/AreaBattle/Editor/RepresentativeReplayValidation.cs:141)
System.Reflection.RuntimeMethodInfo:Invoke (object,System.Reflection.BindingFlags,System.Reflection.Binder,object[],System.Globalization.CultureInfo)
System.Reflection.MethodBase:Invoke (object,object[])
AreaBattle.EditorTools.BattleBuild:ValidateIntegrated () (at Assets/AreaBattle/Editor/BattleBuild.cs:32)
AreaBattle.EditorTools.BattleBuild:ValidateMechanicsOnly () (at Assets/AreaBattle/Editor/BattleBuild.cs:18)

[Assets/AreaBattle/Scripts/RecoveredWayLineVisual.cs line 21]

Instantiating material due to calling renderer.material during edit mode. This will leak materials into the scene. You most likely want to use renderer.sharedMaterial instead.
UnityEngine.Debug:ExtractStackTraceNoAlloc (byte*,int,string)
UnityEngine.StackTraceUtility:ExtractStackTrace () (at /Users/bokken/build/output/unity/unity/Runtime/Export/Scripting/StackTrace.cs:35)
UnityEngine.Renderer:GetMaterial ()
UnityEngine.Renderer:get_material () (at /Users/bokken/build/output/unity/unity/Runtime/Export/Graphics/GraphicsRenderers.bindings.cs:180)
AreaBattle.RecoveredWayLineVisual:Initialize () (at Assets/AreaBattle/Scripts/RecoveredWayLineVisual.cs:33)
AreaBattle.RecoveredWayLineVisual:SetLine (UnityEngine.Vector3,UnityEngine.Vector3,UnityEngine.Color,UnityEngine.Color,bool,bool,single) (at Assets/AreaBattle/Scripts/RecoveredWayLineVisual.cs:56)
AreaBattle.RecoveredWayLineVisual:Synchronize (AreaBattle.LineState,AreaBattle.TowerState,AreaBattle.TowerState,UnityEngine.Color,UnityEngine.Color,single) (at Assets/AreaBattle/Scripts/RecoveredWayLineVisual.cs:46)
AreaBattle.RecoveredWayLineVisual:Synchronize (AreaBattle.LineState,AreaBattle.TowerState,AreaBattle.TowerState,single) (at Assets/AreaBattle/Scripts/RecoveredWayLineVisual.cs:21)
AreaBattle.BattleView:RefreshPresentation () (at Assets/AreaBattle/Scripts/BattleView.cs:566)
AreaBattle.BattleView:AdvanceFrame (single,single) (at Assets/AreaBattle/Scripts/BattleView.cs:374)
AreaBattle.EditorTools.RepresentativeReplayValidation:Advance (AreaBattle.BattleView,single) (at Assets/AreaBattle/Editor/RepresentativeReplayValidation.cs:102)
AreaBattle.EditorTools.RepresentativeReplayValidation:Win (AreaBattle.BattleView,AreaBattle.EditorTools.RepresentativeReplayValidation/Replay) (at Assets/AreaBattle/Editor/RepresentativeReplayValidation.cs:108)
AreaBattle.EditorTools.RepresentativeReplayValidation:Run () (at Assets/AreaBattle/Editor/RepresentativeReplayValidation.cs:141)
System.Reflection.RuntimeMethodInfo:Invoke (object,System.Reflection.BindingFlags,System.Reflection.Binder,object[],System.Globalization.CultureInfo)
System.Reflection.MethodBase:Invoke (object,object[])
AreaBattle.EditorTools.BattleBuild:ValidateIntegrated () (at Assets/AreaBattle/Editor/BattleBuild.cs:32)
AreaBattle.EditorTools.BattleBuild:ValidateMechanicsOnly () (at Assets/AreaBattle/Editor/BattleBuild.cs:18)

[Assets/AreaBattle/Scripts/RecoveredWayLineVisual.cs line 21]

Instantiating material due to calling renderer.material during edit mode. This will leak materials into the scene. You most likely want to use renderer.sharedMaterial instead.
UnityEngine.Debug:ExtractStackTraceNoAlloc (byte*,int,string)
UnityEngine.StackTraceUtility:ExtractStackTrace () (at /Users/bokken/build/output/unity/unity/Runtime/Export/Scripting/StackTrace.cs:35)
UnityEngine.Renderer:GetMaterial ()
UnityEngine.Renderer:get_material () (at /Users/bokken/build/output/unity/unity/Runtime/Export/Graphics/GraphicsRenderers.bindings.cs:180)
AreaBattle.RecoveredWayLineVisual:Initialize () (at Assets/AreaBattle/Scripts/RecoveredWayLineVisual.cs:33)
AreaBattle.RecoveredWayLineVisual:SetLine (UnityEngine.Vector3,UnityEngine.Vector3,UnityEngine.Color,UnityEngine.Color,bool,bool,single) (at Assets/AreaBattle/Scripts/RecoveredWayLineVisual.cs:56)
AreaBattle.RecoveredWayLineVisual:Synchronize (AreaBattle.LineState,AreaBattle.TowerState,AreaBattle.TowerState,UnityEngine.Color,UnityEngine.Color,single) (at Assets/AreaBattle/Scripts/RecoveredWayLineVisual.cs:46)
AreaBattle.RecoveredWayLineVisual:Synchronize (AreaBattle.LineState,AreaBattle.TowerState,AreaBattle.TowerState,single) (at Assets/AreaBattle/Scripts/RecoveredWayLineVisual.cs:21)
AreaBattle.BattleView:RefreshPresentation () (at Assets/AreaBattle/Scripts/BattleView.cs:566)
AreaBattle.BattleView:AdvanceFrame (single,single) (at Assets/AreaBattle/Scripts/BattleView.cs:374)
AreaBattle.EditorTools.RepresentativeReplayValidation:Advance (AreaBattle.BattleView,single) (at Assets/AreaBattle/Editor/RepresentativeReplayValidation.cs:102)
AreaBattle.EditorTools.RepresentativeReplayValidation:Win (AreaBattle.BattleView,AreaBattle.EditorTools.RepresentativeReplayValidation/Replay) (at Assets/AreaBattle/Editor/RepresentativeReplayValidation.cs:108)
AreaBattle.EditorTools.RepresentativeReplayValidation:Run () (at Assets/AreaBattle/Editor/RepresentativeReplayValidation.cs:141)
System.Reflection.RuntimeMethodInfo:Invoke (object,System.Reflection.BindingFlags,System.Reflection.Binder,object[],System.Globalization.CultureInfo)
System.Reflection.MethodBase:Invoke (object,object[])
AreaBattle.EditorTools.BattleBuild:ValidateIntegrated () (at Assets/AreaBattle/Editor/BattleBuild.cs:32)
AreaBattle.EditorTools.BattleBuild:ValidateMechanicsOnly () (at Assets/AreaBattle/Editor/BattleBuild.cs:18)

[Assets/AreaBattle/Scripts/RecoveredWayLineVisual.cs line 21]

Instantiating material due to calling renderer.material during edit mode. This will leak materials into the scene. You most likely want to use renderer.sharedMaterial instead.
UnityEngine.Debug:ExtractStackTraceNoAlloc (byte*,int,string)
UnityEngine.StackTraceUtility:ExtractStackTrace () (at /Users/bokken/build/output/unity/unity/Runtime/Export/Scripting/StackTrace.cs:35)
UnityEngine.Renderer:GetMaterial ()
UnityEngine.Renderer:get_material () (at /Users/bokken/build/output/unity/unity/Runtime/Export/Graphics/GraphicsRenderers.bindings.cs:180)
AreaBattle.RecoveredWayLineVisual:Initialize () (at Assets/AreaBattle/Scripts/RecoveredWayLineVisual.cs:33)
AreaBattle.RecoveredWayLineVisual:SetLine (UnityEngine.Vector3,UnityEngine.Vector3,UnityEngine.Color,UnityEngine.Color,bool,bool,single) (at Assets/AreaBattle/Scripts/RecoveredWayLineVisual.cs:56)
AreaBattle.RecoveredWayLineVisual:Synchronize (AreaBattle.LineState,AreaBattle.TowerState,AreaBattle.TowerState,UnityEngine.Color,UnityEngine.Color,single) (at Assets/AreaBattle/Scripts/RecoveredWayLineVisual.cs:46)
AreaBattle.RecoveredWayLineVisual:Synchronize (AreaBattle.LineState,AreaBattle.TowerState,AreaBattle.TowerState,single) (at Assets/AreaBattle/Scripts/RecoveredWayLineVisual.cs:21)
AreaBattle.BattleView:RefreshPresentation () (at Assets/AreaBattle/Scripts/BattleView.cs:566)
AreaBattle.BattleView:AdvanceFrame (single,single) (at Assets/AreaBattle/Scripts/BattleView.cs:374)
AreaBattle.EditorTools.RepresentativeReplayValidation:Advance (AreaBattle.BattleView,single) (at Assets/AreaBattle/Editor/RepresentativeReplayValidation.cs:102)
AreaBattle.EditorTools.RepresentativeReplayValidation:Win (AreaBattle.BattleView,AreaBattle.EditorTools.RepresentativeReplayValidation/Replay) (at Assets/AreaBattle/Editor/RepresentativeReplayValidation.cs:108)
AreaBattle.EditorTools.RepresentativeReplayValidation:Run () (at Assets/AreaBattle/Editor/RepresentativeReplayValidation.cs:141)
System.Reflection.RuntimeMethodInfo:Invoke (object,System.Reflection.BindingFlags,System.Reflection.Binder,object[],System.Globalization.CultureInfo)
System.Reflection.MethodBase:Invoke (object,object[])
AreaBattle.EditorTools.BattleBuild:ValidateIntegrated () (at Assets/AreaBattle/Editor/BattleBuild.cs:32)
AreaBattle.EditorTools.BattleBuild:ValidateMechanicsOnly () (at Assets/AreaBattle/Editor/BattleBuild.cs:18)

[Assets/AreaBattle/Scripts/RecoveredWayLineVisual.cs line 21]

Instantiating material due to calling renderer.material during edit mode. This will leak materials into the scene. You most likely want to use renderer.sharedMaterial instead.
UnityEngine.Debug:ExtractStackTraceNoAlloc (byte*,int,string)
UnityEngine.StackTraceUtility:ExtractStackTrace () (at /Users/bokken/build/output/unity/unity/Runtime/Export/Scripting/StackTrace.cs:35)
UnityEngine.Renderer:GetMaterial ()
UnityEngine.Renderer:get_material () (at /Users/bokken/build/output/unity/unity/Runtime/Export/Graphics/GraphicsRenderers.bindings.cs:180)
AreaBattle.RecoveredWayLineVisual:Initialize () (at Assets/AreaBattle/Scripts/RecoveredWayLineVisual.cs:33)
AreaBattle.RecoveredWayLineVisual:SetLine (UnityEngine.Vector3,UnityEngine.Vector3,UnityEngine.Color,UnityEngine.Color,bool,bool,single) (at Assets/AreaBattle/Scripts/RecoveredWayLineVisual.cs:56)
AreaBattle.RecoveredWayLineVisual:Synchronize (AreaBattle.LineState,AreaBattle.TowerState,AreaBattle.TowerState,UnityEngine.Color,UnityEngine.Color,single) (at Assets/AreaBattle/Scripts/RecoveredWayLineVisual.cs:46)
AreaBattle.RecoveredWayLineVisual:Synchronize (AreaBattle.LineState,AreaBattle.TowerState,AreaBattle.TowerState,single) (at Assets/AreaBattle/Scripts/RecoveredWayLineVisual.cs:21)
AreaBattle.BattleView:RefreshPresentation () (at Assets/AreaBattle/Scripts/BattleView.cs:566)
AreaBattle.BattleView:AdvanceFrame (single,single) (at Assets/AreaBattle/Scripts/BattleView.cs:374)
AreaBattle.EditorTools.RepresentativeReplayValidation:Advance (AreaBattle.BattleView,single) (at Assets/AreaBattle/Editor/RepresentativeReplayValidation.cs:102)
AreaBattle.EditorTools.RepresentativeReplayValidation:Win (AreaBattle.BattleView,AreaBattle.EditorTools.RepresentativeReplayValidation/Replay) (at Assets/AreaBattle/Editor/RepresentativeReplayValidation.cs:108)
AreaBattle.EditorTools.RepresentativeReplayValidation:Run () (at Assets/AreaBattle/Editor/RepresentativeReplayValidation.cs:141)
System.Reflection.RuntimeMethodInfo:Invoke (object,System.Reflection.BindingFlags,System.Reflection.Binder,object[],System.Globalization.CultureInfo)
System.Reflection.MethodBase:Invoke (object,object[])
AreaBattle.EditorTools.BattleBuild:ValidateIntegrated () (at Assets/AreaBattle/Editor/BattleBuild.cs:32)
AreaBattle.EditorTools.BattleBuild:ValidateMechanicsOnly () (at Assets/AreaBattle/Editor/BattleBuild.cs:18)

[Assets/AreaBattle/Scripts/RecoveredWayLineVisual.cs line 21]

Instantiating material due to calling renderer.material during edit mode. This will leak materials into the scene. You most likely want to use renderer.sharedMaterial instead.
UnityEngine.Debug:ExtractStackTraceNoAlloc (byte*,int,string)
UnityEngine.StackTraceUtility:ExtractStackTrace () (at /Users/bokken/build/output/unity/unity/Runtime/Export/Scripting/StackTrace.cs:35)
UnityEngine.Renderer:GetMaterial ()
UnityEngine.Renderer:get_material () (at /Users/bokken/build/output/unity/unity/Runtime/Export/Graphics/GraphicsRenderers.bindings.cs:180)
AreaBattle.RecoveredWayLineVisual:Initialize () (at Assets/AreaBattle/Scripts/RecoveredWayLineVisual.cs:33)
AreaBattle.RecoveredWayLineVisual:SetLine (UnityEngine.Vector3,UnityEngine.Vector3,UnityEngine.Color,UnityEngine.Color,bool,bool,single) (at Assets/AreaBattle/Scripts/RecoveredWayLineVisual.cs:56)
AreaBattle.RecoveredWayLineVisual:Synchronize (AreaBattle.LineState,AreaBattle.TowerState,AreaBattle.TowerState,UnityEngine.Color,UnityEngine.Color,single) (at Assets/AreaBattle/Scripts/RecoveredWayLineVisual.cs:46)
AreaBattle.RecoveredWayLineVisual:Synchronize (AreaBattle.LineState,AreaBattle.TowerState,AreaBattle.TowerState,single) (at Assets/AreaBattle/Scripts/RecoveredWayLineVisual.cs:21)
AreaBattle.BattleView:RefreshPresentation () (at Assets/AreaBattle/Scripts/BattleView.cs:566)
AreaBattle.BattleView:AdvanceFrame (single,single) (at Assets/AreaBattle/Scripts/BattleView.cs:374)
AreaBattle.EditorTools.RepresentativeReplayValidation:Advance (AreaBattle.BattleView,single) (at Assets/AreaBattle/Editor/RepresentativeReplayValidation.cs:102)
AreaBattle.EditorTools.RepresentativeReplayValidation:Win (AreaBattle.BattleView,AreaBattle.EditorTools.RepresentativeReplayValidation/Replay) (at Assets/AreaBattle/Editor/RepresentativeReplayValidation.cs:108)
AreaBattle.EditorTools.RepresentativeReplayValidation:Run () (at Assets/AreaBattle/Editor/RepresentativeReplayValidation.cs:141)
System.Reflection.RuntimeMethodInfo:Invoke (object,System.Reflection.BindingFlags,System.Reflection.Binder,object[],System.Globalization.CultureInfo)
System.Reflection.MethodBase:Invoke (object,object[])
AreaBattle.EditorTools.BattleBuild:ValidateIntegrated () (at Assets/AreaBattle/Editor/BattleBuild.cs:32)
AreaBattle.EditorTools.BattleBuild:ValidateMechanicsOnly () (at Assets/AreaBattle/Editor/BattleBuild.cs:18)

[Assets/AreaBattle/Scripts/RecoveredWayLineVisual.cs line 21]

Instantiating material due to calling renderer.material during edit mode. This will leak materials into the scene. You most likely want to use renderer.sharedMaterial instead.
UnityEngine.Debug:ExtractStackTraceNoAlloc (byte*,int,string)
UnityEngine.StackTraceUtility:ExtractStackTrace () (at /Users/bokken/build/output/unity/unity/Runtime/Export/Scripting/StackTrace.cs:35)
UnityEngine.Renderer:GetMaterial ()
UnityEngine.Renderer:get_material () (at /Users/bokken/build/output/unity/unity/Runtime/Export/Graphics/GraphicsRenderers.bindings.cs:180)
AreaBattle.RecoveredWayLineVisual:Initialize () (at Assets/AreaBattle/Scripts/RecoveredWayLineVisual.cs:33)
AreaBattle.RecoveredWayLineVisual:SetLine (UnityEngine.Vector3,UnityEngine.Vector3,UnityEngine.Color,UnityEngine.Color,bool,bool,single) (at Assets/AreaBattle/Scripts/RecoveredWayLineVisual.cs:56)
AreaBattle.RecoveredWayLineVisual:Synchronize (AreaBattle.LineState,AreaBattle.TowerState,AreaBattle.TowerState,UnityEngine.Color,UnityEngine.Color,single) (at Assets/AreaBattle/Scripts/RecoveredWayLineVisual.cs:46)
AreaBattle.RecoveredWayLineVisual:Synchronize (AreaBattle.LineState,AreaBattle.TowerState,AreaBattle.TowerState,single) (at Assets/AreaBattle/Scripts/RecoveredWayLineVisual.cs:21)
AreaBattle.BattleView:RefreshPresentation () (at Assets/AreaBattle/Scripts/BattleView.cs:566)
AreaBattle.BattleView:AdvanceFrame (single,single) (at Assets/AreaBattle/Scripts/BattleView.cs:374)
AreaBattle.EditorTools.RepresentativeReplayValidation:Advance (AreaBattle.BattleView,single) (at Assets/AreaBattle/Editor/RepresentativeReplayValidation.cs:102)
AreaBattle.EditorTools.RepresentativeReplayValidation:Win (AreaBattle.BattleView,AreaBattle.EditorTools.RepresentativeReplayValidation/Replay) (at Assets/AreaBattle/Editor/RepresentativeReplayValidation.cs:108)
AreaBattle.EditorTools.RepresentativeReplayValidation:Run () (at Assets/AreaBattle/Editor/RepresentativeReplayValidation.cs:141)
System.Reflection.RuntimeMethodInfo:Invoke (object,System.Reflection.BindingFlags,System.Reflection.Binder,object[],System.Globalization.CultureInfo)
System.Reflection.MethodBase:Invoke (object,object[])
AreaBattle.EditorTools.BattleBuild:ValidateIntegrated () (at Assets/AreaBattle/Editor/BattleBuild.cs:32)
AreaBattle.EditorTools.BattleBuild:ValidateMechanicsOnly () (at Assets/AreaBattle/Editor/BattleBuild.cs:18)

[Assets/AreaBattle/Scripts/RecoveredWayLineVisual.cs line 21]

Instantiating material due to calling renderer.material during edit mode. This will leak materials into the scene. You most likely want to use renderer.sharedMaterial instead.
UnityEngine.Debug:ExtractStackTraceNoAlloc (byte*,int,string)
UnityEngine.StackTraceUtility:ExtractStackTrace () (at /Users/bokken/build/output/unity/unity/Runtime/Export/Scripting/StackTrace.cs:35)
UnityEngine.Renderer:GetMaterial ()
UnityEngine.Renderer:get_material () (at /Users/bokken/build/output/unity/unity/Runtime/Export/Graphics/GraphicsRenderers.bindings.cs:180)
AreaBattle.RecoveredWayLineVisual:Initialize () (at Assets/AreaBattle/Scripts/RecoveredWayLineVisual.cs:33)
AreaBattle.RecoveredWayLineVisual:SetLine (UnityEngine.Vector3,UnityEngine.Vector3,UnityEngine.Color,UnityEngine.Color,bool,bool,single) (at Assets/AreaBattle/Scripts/RecoveredWayLineVisual.cs:56)
AreaBattle.RecoveredWayLineVisual:Synchronize (AreaBattle.LineState,AreaBattle.TowerState,AreaBattle.TowerState,UnityEngine.Color,UnityEngine.Color,single) (at Assets/AreaBattle/Scripts/RecoveredWayLineVisual.cs:46)
AreaBattle.RecoveredWayLineVisual:Synchronize (AreaBattle.LineState,AreaBattle.TowerState,AreaBattle.TowerState,single) (at Assets/AreaBattle/Scripts/RecoveredWayLineVisual.cs:21)
AreaBattle.BattleView:RefreshPresentation () (at Assets/AreaBattle/Scripts/BattleView.cs:566)
AreaBattle.BattleView:AdvanceFrame (single,single) (at Assets/AreaBattle/Scripts/BattleView.cs:374)
AreaBattle.EditorTools.RepresentativeReplayValidation:Advance (AreaBattle.BattleView,single) (at Assets/AreaBattle/Editor/RepresentativeReplayValidation.cs:102)
AreaBattle.EditorTools.RepresentativeReplayValidation:Run () (at Assets/AreaBattle/Editor/RepresentativeReplayValidation.cs:154)
System.Reflection.RuntimeMethodInfo:Invoke (object,System.Reflection.BindingFlags,System.Reflection.Binder,object[],System.Globalization.CultureInfo)
System.Reflection.MethodBase:Invoke (object,object[])
AreaBattle.EditorTools.BattleBuild:ValidateIntegrated () (at Assets/AreaBattle/Editor/BattleBuild.cs:32)
AreaBattle.EditorTools.BattleBuild:ValidateMechanicsOnly () (at Assets/AreaBattle/Editor/BattleBuild.cs:18)

[Assets/AreaBattle/Scripts/RecoveredWayLineVisual.cs line 21]

Instantiating material due to calling renderer.material during edit mode. This will leak materials into the scene. You most likely want to use renderer.sharedMaterial instead.
UnityEngine.Debug:ExtractStackTraceNoAlloc (byte*,int,string)
UnityEngine.StackTraceUtility:ExtractStackTrace () (at /Users/bokken/build/output/unity/unity/Runtime/Export/Scripting/StackTrace.cs:35)
UnityEngine.Renderer:GetMaterial ()
UnityEngine.Renderer:get_material () (at /Users/bokken/build/output/unity/unity/Runtime/Export/Graphics/GraphicsRenderers.bindings.cs:180)
AreaBattle.RecoveredWayLineVisual:Initialize () (at Assets/AreaBattle/Scripts/RecoveredWayLineVisual.cs:33)
AreaBattle.RecoveredWayLineVisual:SetLine (UnityEngine.Vector3,UnityEngine.Vector3,UnityEngine.Color,UnityEngine.Color,bool,bool,single) (at Assets/AreaBattle/Scripts/RecoveredWayLineVisual.cs:56)
AreaBattle.RecoveredWayLineVisual:Synchronize (AreaBattle.LineState,AreaBattle.TowerState,AreaBattle.TowerState,UnityEngine.Color,UnityEngine.Color,single) (at Assets/AreaBattle/Scripts/RecoveredWayLineVisual.cs:46)
AreaBattle.RecoveredWayLineVisual:Synchronize (AreaBattle.LineState,AreaBattle.TowerState,AreaBattle.TowerState,single) (at Assets/AreaBattle/Scripts/RecoveredWayLineVisual.cs:21)
AreaBattle.BattleView:RefreshPresentation () (at Assets/AreaBattle/Scripts/BattleView.cs:566)
AreaBattle.BattleView:AdvanceFrame (single,single) (at Assets/AreaBattle/Scripts/BattleView.cs:374)
AreaBattle.EditorTools.RepresentativeReplayValidation:Advance (AreaBattle.BattleView,single) (at Assets/AreaBattle/Editor/RepresentativeReplayValidation.cs:102)
AreaBattle.EditorTools.RepresentativeReplayValidation:Run () (at Assets/AreaBattle/Editor/RepresentativeReplayValidation.cs:154)
System.Reflection.RuntimeMethodInfo:Invoke (object,System.Reflection.BindingFlags,System.Reflection.Binder,object[],System.Globalization.CultureInfo)
System.Reflection.MethodBase:Invoke (object,object[])
AreaBattle.EditorTools.BattleBuild:ValidateIntegrated () (at Assets/AreaBattle/Editor/BattleBuild.cs:32)
AreaBattle.EditorTools.BattleBuild:ValidateMechanicsOnly () (at Assets/AreaBattle/Editor/BattleBuild.cs:18)

[Assets/AreaBattle/Scripts/RecoveredWayLineVisual.cs line 21]

Instantiating material due to calling renderer.material during edit mode. This will leak materials into the scene. You most likely want to use renderer.sharedMaterial instead.
UnityEngine.Debug:ExtractStackTraceNoAlloc (byte*,int,string)
UnityEngine.StackTraceUtility:ExtractStackTrace () (at /Users/bokken/build/output/unity/unity/Runtime/Export/Scripting/StackTrace.cs:35)
UnityEngine.Renderer:GetMaterial ()
UnityEngine.Renderer:get_material () (at /Users/bokken/build/output/unity/unity/Runtime/Export/Graphics/GraphicsRenderers.bindings.cs:180)
AreaBattle.RecoveredWayLineVisual:Initialize () (at Assets/AreaBattle/Scripts/RecoveredWayLineVisual.cs:33)
AreaBattle.RecoveredWayLineVisual:SetLine (UnityEngine.Vector3,UnityEngine.Vector3,UnityEngine.Color,UnityEngine.Color,bool,bool,single) (at Assets/AreaBattle/Scripts/RecoveredWayLineVisual.cs:56)
AreaBattle.RecoveredWayLineVisual:Synchronize (AreaBattle.LineState,AreaBattle.TowerState,AreaBattle.TowerState,UnityEngine.Color,UnityEngine.Color,single) (at Assets/AreaBattle/Scripts/RecoveredWayLineVisual.cs:46)
AreaBattle.RecoveredWayLineVisual:Synchronize (AreaBattle.LineState,AreaBattle.TowerState,AreaBattle.TowerState,single) (at Assets/AreaBattle/Scripts/RecoveredWayLineVisual.cs:21)
AreaBattle.BattleView:RefreshPresentation () (at Assets/AreaBattle/Scripts/BattleView.cs:566)
AreaBattle.BattleView:AdvanceFrame (single,single) (at Assets/AreaBattle/Scripts/BattleView.cs:374)
AreaBattle.EditorTools.RepresentativeReplayValidation:Advance (AreaBattle.BattleView,single) (at Assets/AreaBattle/Editor/RepresentativeReplayValidation.cs:102)
AreaBattle.EditorTools.RepresentativeReplayValidation:Run () (at Assets/AreaBattle/Editor/RepresentativeReplayValidation.cs:154)
System.Reflection.RuntimeMethodInfo:Invoke (object,System.Reflection.BindingFlags,System.Reflection.Binder,object[],System.Globalization.CultureInfo)
System.Reflection.MethodBase:Invoke (object,object[])
AreaBattle.EditorTools.BattleBuild:ValidateIntegrated () (at Assets/AreaBattle/Editor/BattleBuild.cs:32)
AreaBattle.EditorTools.BattleBuild:ValidateMechanicsOnly () (at Assets/AreaBattle/Editor/BattleBuild.cs:18)

[Assets/AreaBattle/Scripts/RecoveredWayLineVisual.cs line 21]

Instantiating material due to calling renderer.material during edit mode. This will leak materials into the scene. You most likely want to use renderer.sharedMaterial instead.
UnityEngine.Debug:ExtractStackTraceNoAlloc (byte*,int,string)
UnityEngine.StackTraceUtility:ExtractStackTrace () (at /Users/bokken/build/output/unity/unity/Runtime/Export/Scripting/StackTrace.cs:35)
UnityEngine.Renderer:GetMaterial ()
UnityEngine.Renderer:get_material () (at /Users/bokken/build/output/unity/unity/Runtime/Export/Graphics/GraphicsRenderers.bindings.cs:180)
AreaBattle.RecoveredWayLineVisual:Initialize () (at Assets/AreaBattle/Scripts/RecoveredWayLineVisual.cs:33)
AreaBattle.RecoveredWayLineVisual:SetLine (UnityEngine.Vector3,UnityEngine.Vector3,UnityEngine.Color,UnityEngine.Color,bool,bool,single) (at Assets/AreaBattle/Scripts/RecoveredWayLineVisual.cs:56)
AreaBattle.RecoveredWayLineVisual:Synchronize (AreaBattle.LineState,AreaBattle.TowerState,AreaBattle.TowerState,UnityEngine.Color,UnityEngine.Color,single) (at Assets/AreaBattle/Scripts/RecoveredWayLineVisual.cs:46)
AreaBattle.RecoveredWayLineVisual:Synchronize (AreaBattle.LineState,AreaBattle.TowerState,AreaBattle.TowerState,single) (at Assets/AreaBattle/Scripts/RecoveredWayLineVisual.cs:21)
AreaBattle.BattleView:RefreshPresentation () (at Assets/AreaBattle/Scripts/BattleView.cs:566)
AreaBattle.BattleView:AdvanceFrame (single,single) (at Assets/AreaBattle/Scripts/BattleView.cs:374)
AreaBattle.EditorTools.RepresentativeReplayValidation:Advance (AreaBattle.BattleView,single) (at Assets/AreaBattle/Editor/RepresentativeReplayValidation.cs:102)
AreaBattle.EditorTools.RepresentativeReplayValidation:Run () (at Assets/AreaBattle/Editor/RepresentativeReplayValidation.cs:154)
System.Reflection.RuntimeMethodInfo:Invoke (object,System.Reflection.BindingFlags,System.Reflection.Binder,object[],System.Globalization.CultureInfo)
System.Reflection.MethodBase:Invoke (object,object[])
AreaBattle.EditorTools.BattleBuild:ValidateIntegrated () (at Assets/AreaBattle/Editor/BattleBuild.cs:32)
AreaBattle.EditorTools.BattleBuild:ValidateMechanicsOnly () (at Assets/AreaBattle/Editor/BattleBuild.cs:18)

[Assets/AreaBattle/Scripts/RecoveredWayLineVisual.cs line 21]

Instantiating material due to calling renderer.material during edit mode. This will leak materials into the scene. You most likely want to use renderer.sharedMaterial instead.
UnityEngine.Debug:ExtractStackTraceNoAlloc (byte*,int,string)
UnityEngine.StackTraceUtility:ExtractStackTrace () (at /Users/bokken/build/output/unity/unity/Runtime/Export/Scripting/StackTrace.cs:35)
UnityEngine.Renderer:GetMaterial ()
UnityEngine.Renderer:get_material () (at /Users/bokken/build/output/unity/unity/Runtime/Export/Graphics/GraphicsRenderers.bindings.cs:180)
AreaBattle.RecoveredWayLineVisual:Initialize () (at Assets/AreaBattle/Scripts/RecoveredWayLineVisual.cs:33)
AreaBattle.RecoveredWayLineVisual:SetLine (UnityEngine.Vector3,UnityEngine.Vector3,UnityEngine.Color,UnityEngine.Color,bool,bool,single) (at Assets/AreaBattle/Scripts/RecoveredWayLineVisual.cs:56)
AreaBattle.RecoveredWayLineVisual:Synchronize (AreaBattle.LineState,AreaBattle.TowerState,AreaBattle.TowerState,UnityEngine.Color,UnityEngine.Color,single) (at Assets/AreaBattle/Scripts/RecoveredWayLineVisual.cs:46)
AreaBattle.RecoveredWayLineVisual:Synchronize (AreaBattle.LineState,AreaBattle.TowerState,AreaBattle.TowerState,single) (at Assets/AreaBattle/Scripts/RecoveredWayLineVisual.cs:21)
AreaBattle.BattleView:RefreshPresentation () (at Assets/AreaBattle/Scripts/BattleView.cs:566)
AreaBattle.BattleView:AdvanceFrame (single,single) (at Assets/AreaBattle/Scripts/BattleView.cs:374)
AreaBattle.EditorTools.RepresentativeReplayValidation:Advance (AreaBattle.BattleView,single) (at Assets/AreaBattle/Editor/RepresentativeReplayValidation.cs:102)
AreaBattle.EditorTools.RepresentativeReplayValidation:Run () (at Assets/AreaBattle/Editor/RepresentativeReplayValidation.cs:154)
System.Reflection.RuntimeMethodInfo:Invoke (object,System.Reflection.BindingFlags,System.Reflection.Binder,object[],System.Globalization.CultureInfo)
System.Reflection.MethodBase:Invoke (object,object[])
AreaBattle.EditorTools.BattleBuild:ValidateIntegrated () (at Assets/AreaBattle/Editor/BattleBuild.cs:32)
AreaBattle.EditorTools.BattleBuild:ValidateMechanicsOnly () (at Assets/AreaBattle/Editor/BattleBuild.cs:18)

[Assets/AreaBattle/Scripts/RecoveredWayLineVisual.cs line 21]

Instantiating material due to calling renderer.material during edit mode. This will leak materials into the scene. You most likely want to use renderer.sharedMaterial instead.
UnityEngine.Debug:ExtractStackTraceNoAlloc (byte*,int,string)
UnityEngine.StackTraceUtility:ExtractStackTrace () (at /Users/bokken/build/output/unity/unity/Runtime/Export/Scripting/StackTrace.cs:35)
UnityEngine.Renderer:GetMaterial ()
UnityEngine.Renderer:get_material () (at /Users/bokken/build/output/unity/unity/Runtime/Export/Graphics/GraphicsRenderers.bindings.cs:180)
AreaBattle.RecoveredWayLineVisual:Initialize () (at Assets/AreaBattle/Scripts/RecoveredWayLineVisual.cs:33)
AreaBattle.RecoveredWayLineVisual:SetLine (UnityEngine.Vector3,UnityEngine.Vector3,UnityEngine.Color,UnityEngine.Color,bool,bool,single) (at Assets/AreaBattle/Scripts/RecoveredWayLineVisual.cs:56)
AreaBattle.RecoveredWayLineVisual:Synchronize (AreaBattle.LineState,AreaBattle.TowerState,AreaBattle.TowerState,UnityEngine.Color,UnityEngine.Color,single) (at Assets/AreaBattle/Scripts/RecoveredWayLineVisual.cs:46)
AreaBattle.RecoveredWayLineVisual:Synchronize (AreaBattle.LineState,AreaBattle.TowerState,AreaBattle.TowerState,single) (at Assets/AreaBattle/Scripts/RecoveredWayLineVisual.cs:21)
AreaBattle.BattleView:RefreshPresentation () (at Assets/AreaBattle/Scripts/BattleView.cs:566)
AreaBattle.BattleView:AdvanceFrame (single,single) (at Assets/AreaBattle/Scripts/BattleView.cs:374)
AreaBattle.EditorTools.RepresentativeReplayValidation:Advance (AreaBattle.BattleView,single) (at Assets/AreaBattle/Editor/RepresentativeReplayValidation.cs:102)
AreaBattle.EditorTools.RepresentativeReplayValidation:Run () (at Assets/AreaBattle/Editor/RepresentativeReplayValidation.cs:154)
System.Reflection.RuntimeMethodInfo:Invoke (object,System.Reflection.BindingFlags,System.Reflection.Binder,object[],System.Globalization.CultureInfo)
System.Reflection.MethodBase:Invoke (object,object[])
AreaBattle.EditorTools.BattleBuild:ValidateIntegrated () (at Assets/AreaBattle/Editor/BattleBuild.cs:32)
AreaBattle.EditorTools.BattleBuild:ValidateMechanicsOnly () (at Assets/AreaBattle/Editor/BattleBuild.cs:18)

[Assets/AreaBattle/Scripts/RecoveredWayLineVisual.cs line 21]

Instantiating material due to calling renderer.material during edit mode. This will leak materials into the scene. You most likely want to use renderer.sharedMaterial instead.
UnityEngine.Debug:ExtractStackTraceNoAlloc (byte*,int,string)
UnityEngine.StackTraceUtility:ExtractStackTrace () (at /Users/bokken/build/output/unity/unity/Runtime/Export/Scripting/StackTrace.cs:35)
UnityEngine.Renderer:GetMaterial ()
UnityEngine.Renderer:get_material () (at /Users/bokken/build/output/unity/unity/Runtime/Export/Graphics/GraphicsRenderers.bindings.cs:180)
AreaBattle.RecoveredWayLineVisual:Initialize () (at Assets/AreaBattle/Scripts/RecoveredWayLineVisual.cs:33)
AreaBattle.RecoveredWayLineVisual:SetLine (UnityEngine.Vector3,UnityEngine.Vector3,UnityEngine.Color,UnityEngine.Color,bool,bool,single) (at Assets/AreaBattle/Scripts/RecoveredWayLineVisual.cs:56)
AreaBattle.RecoveredWayLineVisual:Synchronize (AreaBattle.LineState,AreaBattle.TowerState,AreaBattle.TowerState,UnityEngine.Color,UnityEngine.Color,single) (at Assets/AreaBattle/Scripts/RecoveredWayLineVisual.cs:46)
AreaBattle.RecoveredWayLineVisual:Synchronize (AreaBattle.LineState,AreaBattle.TowerState,AreaBattle.TowerState,single) (at Assets/AreaBattle/Scripts/RecoveredWayLineVisual.cs:21)
AreaBattle.BattleView:RefreshPresentation () (at Assets/AreaBattle/Scripts/BattleView.cs:566)
AreaBattle.BattleView:AdvanceFrame (single,single) (at Assets/AreaBattle/Scripts/BattleView.cs:374)
AreaBattle.EditorTools.RepresentativeReplayValidation:Advance (AreaBattle.BattleView,single) (at Assets/AreaBattle/Editor/RepresentativeReplayValidation.cs:102)
AreaBattle.EditorTools.RepresentativeReplayValidation:Run () (at Assets/AreaBattle/Editor/RepresentativeReplayValidation.cs:174)
System.Reflection.RuntimeMethodInfo:Invoke (object,System.Reflection.BindingFlags,System.Reflection.Binder,object[],System.Globalization.CultureInfo)
System.Reflection.MethodBase:Invoke (object,object[])
AreaBattle.EditorTools.BattleBuild:ValidateIntegrated () (at Assets/AreaBattle/Editor/BattleBuild.cs:32)
AreaBattle.EditorTools.BattleBuild:ValidateMechanicsOnly () (at Assets/AreaBattle/Editor/BattleBuild.cs:18)

[Assets/AreaBattle/Scripts/RecoveredWayLineVisual.cs line 21]

Instantiating material due to calling renderer.material during edit mode. This will leak materials into the scene. You most likely want to use renderer.sharedMaterial instead.
UnityEngine.Debug:ExtractStackTraceNoAlloc (byte*,int,string)
UnityEngine.StackTraceUtility:ExtractStackTrace () (at /Users/bokken/build/output/unity/unity/Runtime/Export/Scripting/StackTrace.cs:35)
UnityEngine.Renderer:GetMaterial ()
UnityEngine.Renderer:get_material () (at /Users/bokken/build/output/unity/unity/Runtime/Export/Graphics/GraphicsRenderers.bindings.cs:180)
AreaBattle.RecoveredWayLineVisual:Initialize () (at Assets/AreaBattle/Scripts/RecoveredWayLineVisual.cs:33)
AreaBattle.RecoveredWayLineVisual:SetLine (UnityEngine.Vector3,UnityEngine.Vector3,UnityEngine.Color,UnityEngine.Color,bool,bool,single) (at Assets/AreaBattle/Scripts/RecoveredWayLineVisual.cs:56)
AreaBattle.RecoveredWayLineVisual:Synchronize (AreaBattle.LineState,AreaBattle.TowerState,AreaBattle.TowerState,UnityEngine.Color,UnityEngine.Color,single) (at Assets/AreaBattle/Scripts/RecoveredWayLineVisual.cs:46)
AreaBattle.RecoveredWayLineVisual:Synchronize (AreaBattle.LineState,AreaBattle.TowerState,AreaBattle.TowerState,single) (at Assets/AreaBattle/Scripts/RecoveredWayLineVisual.cs:21)
AreaBattle.BattleView:RefreshPresentation () (at Assets/AreaBattle/Scripts/BattleView.cs:566)
AreaBattle.BattleView:AdvanceFrame (single,single) (at Assets/AreaBattle/Scripts/BattleView.cs:374)
AreaBattle.EditorTools.RepresentativeReplayValidation:Advance (AreaBattle.BattleView,single) (at Assets/AreaBattle/Editor/RepresentativeReplayValidation.cs:102)
AreaBattle.EditorTools.RepresentativeReplayValidation:Run () (at Assets/AreaBattle/Editor/RepresentativeReplayValidation.cs:174)
System.Reflection.RuntimeMethodInfo:Invoke (object,System.Reflection.BindingFlags,System.Reflection.Binder,object[],System.Globalization.CultureInfo)
System.Reflection.MethodBase:Invoke (object,object[])
AreaBattle.EditorTools.BattleBuild:ValidateIntegrated () (at Assets/AreaBattle/Editor/BattleBuild.cs:32)
AreaBattle.EditorTools.BattleBuild:ValidateMechanicsOnly () (at Assets/AreaBattle/Editor/BattleBuild.cs:18)

[Assets/AreaBattle/Scripts/RecoveredWayLineVisual.cs line 21]

AREABATTLE_INTEGRATED_FAIL cases=1629
UnityEngine.Debug:ExtractStackTraceNoAlloc (byte*,int,string)
UnityEngine.StackTraceUtility:ExtractStackTrace () (at /Users/bokken/build/output/unity/unity/Runtime/Export/Scripting/StackTrace.cs:35)
UnityEngine.DebugLogHandler:Internal_Log (UnityEngine.LogType,UnityEngine.LogOption,string,UnityEngine.Object)
UnityEngine.DebugLogHandler:LogFormat (UnityEngine.LogType,UnityEngine.Object,string,object[])
UnityEngine.Logger:Log (UnityEngine.LogType,object)
UnityEngine.Debug:Log (object)
AreaBattle.EditorTools.BattleBuild:ValidateMechanicsOnly () (at Assets/AreaBattle/Editor/BattleBuild.cs:19)

(Filename: Assets/AreaBattle/Editor/BattleBuild.cs Line: 19)

Request timed out while processing request "https://public-cdn.cloud.unity3d.com/config/production", HTTP error code 0
.[UnityConnect] Request timed out.
Start importing ProjectSettings/TimeManager.asset using Guid(00000000000000007000000000000000) (LibraryAssetImporter) -> (artifact id: '52c307e924e96ceef905bcc2cea85a00') in 0.004449625 seconds
Refreshing native plugins compatible for Editor in 0.00 ms, found 0 plugins.
Preloading 0 native plugins for Editor in 0.00 ms.
Asset Pipeline Refresh (id=7b1f902548c294a91bf32d79bec0d363): Total: 0.031 seconds - Initiated by StopAssetImportingV2(NoUpdateAssetOptions)
Thread 0x16e9bf000 may have been prematurely finalized
Input System module state changed to: ShutdownInProgress.
Input System polling thread exited.
Input System module state changed to: Shutdown.
[Physics::Module] Cleanup current backend.
[Physics::Module] Id: 0xf2b8ea05
[Licensing::IpcConnector] LicenseClient-mt-notifications channel disconnected successfully.
[Licensing::IpcConnector] LicenseClient-mt channel disconnected successfully.
Thread 0x16ee43000 may have been prematurely finalized
Thread 0x16eecf000 may have been prematurely finalized
AcceleratorClientConnectionCallback - disconnected - :0
[40m[32minfo[39m[22m[49m: Microsoft.Hosting.Lifetime[0]
      Application is shutting down...
Cleanup mono
debugger-agent: Unable to listen on 43
[usbmuxd] Stop listen thread
[usbmuxd] Error: 
[usbmuxd] Listen thread exiting
