Unity Editor version:    6000.3.7f1 (696ec25a53d1)
Branch:                  6000.3/staging
Build type:              Release
Batch mode:              YES
macOS version:           Version 26.3.1 (a) (Build 25D771280a)
Darwin version:          25.3.0
Architecture:            arm64
Running under Rosetta:   NO
Available memory:        32768 MB
Date:                    2026-10-03T06:31:28Z
[Licensing::Module] Trying to connect to existing licensing client channel...
[Licensing::IpcConnector] Successfully connected to: "LicenseClient-mt" at "2026-10-03T06:31:28.526287Z"
Launching external process: /Applications/Unity6000.3.7f1/Unity-6000.3.7f1/Unity.app/Contents/Resources/PackageManager/Server/UnityPackageManager

COMMAND LINE ARGUMENTS:
/Applications/Unity6000.3.7f1/Unity-6000.3.7f1/Unity.app/Contents/MacOS/Unity
-batchmode
-nographics
-accept-apiupdate
-projectPath
/private/tmp/areabattle-validation-20261003/UnityProject
-executeMethod
AreaBattle.EditorTools.BattleBuild.ValidateMechanicsOnly
-logFile
/private/tmp/areabattle-validation-20261003/product-services-integrated.log
Successfully changed project path to: /private/tmp/areabattle-validation-20261003/UnityProject
/private/tmp/areabattle-validation-20261003/UnityProject
[UnityMemory] Configuration Parameters - Can be set up in boot.config
    "memorysetup-allocator-temp-initial-block-size-main=262144"
    "memorysetup-allocator-temp-initial-block-size-worker=262144"
    "memorysetup-temp-allocator-size-background-worker=32768"
    "memorysetup-temp-allocator-size-job-worker=262144"
    "memorysetup-temp-allocator-size-preload-manager=33554432"
    "memorysetup-temp-allocator-size-nav-mesh-worker=65536"
    "memorysetup-temp-allocator-size-audio-worker=65536"
    "memorysetup-temp-allocator-size-cloud-worker=32768"
    "memorysetup-bucket-allocator-granularity=16"
    "memorysetup-bucket-allocator-bucket-count=8"
    "memorysetup-bucket-allocator-block-size=33554432"
    "memorysetup-bucket-allocator-block-count=8"
    "memorysetup-main-allocator-block-size=16777216"
    "memorysetup-thread-allocator-block-size=16777216"
    "memorysetup-gfx-main-allocator-block-size=16777216"
    "memorysetup-gfx-thread-allocator-block-size=16777216"
    "memorysetup-cache-allocator-block-size=4194304"
    "memorysetup-typetree-allocator-block-size=2097152"
    "memorysetup-profiler-bucket-allocator-granularity=16"
    "memorysetup-profiler-bucket-allocator-bucket-count=8"
    "memorysetup-profiler-bucket-allocator-block-size=33554432"
    "memorysetup-profiler-bucket-allocator-block-count=8"
    "memorysetup-profiler-allocator-block-size=16777216"
    "memorysetup-profiler-editor-allocator-block-size=1048576"
    "memorysetup-temp-allocator-size-main=16777216"
    "memorysetup-job-temp-allocator-block-size=2097152"
    "memorysetup-job-temp-allocator-block-size-background=1048576"
    "memorysetup-job-temp-allocator-reduction-small-platforms=262144"
    "memorysetup-temp-allocator-size-gi-baking-worker=262144"
    "memorysetup-temp-allocator-size-gi-baking-worker=262144"
    "memorysetup-temp-allocator-size-gi-baking-worker=262144"
    "memorysetup-temp-allocator-size-gi-baking-worker=262144"
    "memorysetup-temp-allocator-size-gi-baking-worker=262144"
    "memorysetup-temp-allocator-size-gfx=262144"
Player connection [8506192128]  Target information:

Player connection [8506192128]  * "[IP] 192.168.0.136 [Port] 55506 [Flags] 2 [Guid] 224249445 [EditorId] 224249445 [Version] 1048832 [Id] OSXEditor(0,mtdeMacBook-Pro.local) [Debug] 1 [PackageName] OSXEditor [ProjectName] Editor" 

Player connection [8506192128]  * "[IP] 172.16.224.144 [Port] 55506 [Flags] 2 [Guid] 224249445 [EditorId] 224249445 [Version] 1048832 [Id] OSXEditor(0,mtdeMacBook-Pro.local) [Debug] 1 [PackageName] OSXEditor [ProjectName] Editor" 

Player connection [8506192128] Host joined multi-casting on [225.0.0.222:54997]...
Player connection [8506192128] Host joined alternative multi-casting on [225.0.0.222:34997]...
Input System module state changed to: Initialized.
[Physics::Module] Initialized fallback backend.
[Physics::Module] Id: 0xdecafbad
[Package Manager] Connected to IPC stream "Upm-99410" after 0.1 seconds.
[Licensing::Module] Licensing is not yet initialized.
[Licensing::Client] Code 0 while verifying Licensing Client signature (process Id: 75619, path: "/Applications/Unity6000.3.7f1/Unity-6000.3.7f1/Unity.app/Contents/Helpers/UnityLicensingClient.app/Contents/MacOS/Unity.Licensing.Client")
[Licensing::Module] LicensingClient has failed validation; ignoring
[Licensing::Client] Handshaking with LicensingClient:
  Version:                 1.17.4+4293ba1
  Session Id:              9bc98bdbbdab4e2b8dc121850911f926
  Correlation Id:          5590b3a76bba764bac1a831184dbb7b5
  External correlation Id: 3281053743468793931
  Machine Id:              TkagbQsjfXQmspsXe7+0nD9Nk6Q=
[Licensing::Module] Successfully connected to LicensingClient on channel: "LicenseClient-mt" (connect: 0.00s, validation: 0.00s, handshake: 0.29s)
[Licensing::IpcConnector] Successfully connected to: "LicenseClient-mt-notifications" at "2026-10-03T06:31:28.816684Z"
[Licensing::Module] Error: Access token is unavailable; failed to update
[Licensing::Client] Successfully resolved entitlement details
[Licensing::Module] License group:
  Id: 00-0000-0000-0000-0000-XXXX
  Product: Unity Pro
  Type: ULF
  Expiration: Unlimited
[Licensing::Client] Successfully updated license, isAsync: True, time: 0.00
[Licensing::Client] Successfully resolved entitlement details
[Licensing::Module] Licensing Background thread has ended after 0.29s
[Licensing::Module] Licensing is initialized (took 0.11s).
[Licensing::Client] Successfully resolved entitlement details
Library Redirect Path: Library/
[Physics::Module] Selected backend.
[Physics::Module] Name: PhysX
[Physics::Module] Id: 0xf2b8ea05
[Physics::Module] SDK Version: 4.1.2
[Physics::Module] Integration Version: 1.0.0
[Physics::Module] Threading Mode: Multi-Threaded
Refreshing native plugins compatible for Editor in 0.00 ms, found 0 plugins.
Preloading 0 native plugins for Editor in 0.00 ms.
Initialize engine version: 6000.3.7f1 (696ec25a53d1)
[Subsystems] Discovering subsystems at path /Applications/Unity6000.3.7f1/Unity-6000.3.7f1/Unity.app/Contents/Resources/UnitySubsystems
[Subsystems] Discovering subsystems at path /private/tmp/areabattle-validation-20261003/UnityProject/Assets
Forcing GfxDevice: Null
GfxDevice: creating device client; kGfxThreadingModeNonThreaded
NullGfxDevice:
    Version:  NULL 1.0 [1.0]
    Renderer: Null Device
    Vendor:   Unity Technologies
Initialize mono
Mono path[0] = '/Applications/Unity6000.3.7f1/Unity-6000.3.7f1/Unity.app/Contents/Resources/Scripting/Managed'
Mono path[1] = '/Applications/Unity6000.3.7f1/Unity-6000.3.7f1/Unity.app/Contents/Resources/Scripting/MonoBleedingEdge/lib/mono/unityjit-macos'
Mono config path = '/Applications/Unity6000.3.7f1/Unity-6000.3.7f1/Unity.app/Contents/Resources/Scripting/MonoBleedingEdge/etc'
Using monoOptions --debugger-agent=transport=dt_socket,embedding=1,server=y,suspend=n,address=127.0.0.1:56410
Using cacheserver namespaces - metadata:defaultmetadata, artifacts:defaultartifacts
Using cacheserver namespaces - metadata:defaultmetadata, artifacts:defaultartifacts
ImportWorker Server TCP listen port: 0
AcceleratorClientConnectionCallback - disconnected - :0
Begin MonoManager ReloadAssembly
Registering precompiled unity dll's ...
Register platform support module: /Applications/Unity6000.3.7f1/Unity-6000.3.7f1/Unity.app/Contents/PlaybackEngines/MacStandaloneSupport/UnityEditor.OSXStandalone.Extensions.dll
[Licensing::Client] Successfully resolved entitlement details
Register platform support module: /Applications/Unity6000.3.7f1/Unity-6000.3.7f1/PlaybackEngines/AndroidPlayer/UnityEditor.Android.Extensions.dll
[Licensing::Client] Successfully resolved entitlement details
Register platform support module: /Applications/Unity6000.3.7f1/Unity-6000.3.7f1/PlaybackEngines/iOSSupport/UnityEditor.iOS.Extensions.dll
Registered in 0.004992 seconds.
- Loaded All Assemblies, in  0.268 seconds
[usbmuxd] Start listen thread
[usbmuxd] Listen thread started
[usbmuxd] Send listen message
Native extension for iOS target not found
Native extension for Android target not found
Native extension for OSXStandalone target not found
ScheduleIndexationOnStartup MainProcess:False IndexOnStartup:False
Mono: successfully reloaded assembly
- Finished resetting the current domain, in  0.297 seconds
Domain Reload Profiling: 565ms
	BeginReloadAssembly (83ms)
		ExecutionOrderSort (0ms)
		DisableScriptedObjects (0ms)
		BackupInstance (0ms)
		ReleaseScriptingObjects (0ms)
		CreateAndSetChildDomain (10ms)
	RebuildCommonClasses (24ms)
	RebuildNativeTypeToScriptingClass (10ms)
	initialDomainReloadingComplete (30ms)
	LoadAllAssembliesAndSetupDomain (121ms)
		LoadAssemblies (73ms)
		RebuildTransferFunctionScriptingTraits (0ms)
		AnalyzeDomain (118ms)
			TypeCache.Refresh (117ms)
				TypeCache.ScanAssembly (106ms)
			BuildScriptInfoCaches (0ms)
			ResolveRequiredComponents (0ms)
	FinalizeReload (297ms)
		ReleaseScriptCaches (0ms)
		RebuildScriptCaches (0ms)
		SetupLoadedEditorAssemblies (270ms)
			LogAssemblyErrors (0ms)
			InitializePlatformSupportModulesInManaged (75ms)
			SetLoadedEditorAssemblies (3ms)
			BeforeProcessingInitializeOnLoad (60ms)
			ProcessInitializeOnLoadAttributes (89ms)
			ProcessInitializeOnLoadMethodAttributes (44ms)
			AfterProcessingInitializeOnLoad (0ms)
			EditorAssembliesLoaded (0ms)
		ExecutionOrderSort2 (0ms)
		AwakeInstancesAfterBackupRestoration (0ms)
[Licensing::Client] Successfully resolved entitlement details
Application.AssetDatabase Initial Refresh Start
Package Manager log level set to [2]
[Package Manager] Restoring resolved packages state from cache
[Licensing::Client] Successfully resolved entitlement details
[Package Manager] Registered 38 packages:
  Built-in packages:
    com.unity.multiplayer.center@1.0.1 (location: /private/tmp/areabattle-validation-20261003/UnityProject/Library/PackageCache/com.unity.multiplayer.center@f01f4ba8d00a)
    com.unity.ugui@2.0.0 (location: /private/tmp/areabattle-validation-20261003/UnityProject/Library/PackageCache/com.unity.ugui@11343a6274f3)
    com.unity.modules.accessibility@1.0.0 (location: /private/tmp/areabattle-validation-20261003/UnityProject/Library/PackageCache/com.unity.modules.accessibility)
    com.unity.modules.adaptiveperformance@1.0.0 (location: /private/tmp/areabattle-validation-20261003/UnityProject/Library/PackageCache/com.unity.modules.adaptiveperformance)
    com.unity.modules.ai@1.0.0 (location: /private/tmp/areabattle-validation-20261003/UnityProject/Library/PackageCache/com.unity.modules.ai)
    com.unity.modules.androidjni@1.0.0 (location: /private/tmp/areabattle-validation-20261003/UnityProject/Library/PackageCache/com.unity.modules.androidjni)
    com.unity.modules.animation@1.0.0 (location: /private/tmp/areabattle-validation-20261003/UnityProject/Library/PackageCache/com.unity.modules.animation)
    com.unity.modules.assetbundle@1.0.0 (location: /private/tmp/areabattle-validation-20261003/UnityProject/Library/PackageCache/com.unity.modules.assetbundle)
    com.unity.modules.audio@1.0.0 (location: /private/tmp/areabattle-validation-20261003/UnityProject/Library/PackageCache/com.unity.modules.audio)
    com.unity.modules.cloth@1.0.0 (location: /private/tmp/areabattle-validation-20261003/UnityProject/Library/PackageCache/com.unity.modules.cloth)
    com.unity.modules.director@1.0.0 (location: /private/tmp/areabattle-validation-20261003/UnityProject/Library/PackageCache/com.unity.modules.director)
    com.unity.modules.imageconversion@1.0.0 (location: /private/tmp/areabattle-validation-20261003/UnityProject/Library/PackageCache/com.unity.modules.imageconversion)
    com.unity.modules.imgui@1.0.0 (location: /private/tmp/areabattle-validation-20261003/UnityProject/Library/PackageCache/com.unity.modules.imgui)
    com.unity.modules.jsonserialize@1.0.0 (location: /private/tmp/areabattle-validation-20261003/UnityProject/Library/PackageCache/com.unity.modules.jsonserialize)
    com.unity.modules.particlesystem@1.0.0 (location: /private/tmp/areabattle-validation-20261003/UnityProject/Library/PackageCache/com.unity.modules.particlesystem)
    com.unity.modules.physics@1.0.0 (location: /private/tmp/areabattle-validation-20261003/UnityProject/Library/PackageCache/com.unity.modules.physics)
    com.unity.modules.physics2d@1.0.0 (location: /private/tmp/areabattle-validation-20261003/UnityProject/Library/PackageCache/com.unity.modules.physics2d)
    com.unity.modules.screencapture@1.0.0 (location: /private/tmp/areabattle-validation-20261003/UnityProject/Library/PackageCache/com.unity.modules.screencapture)
    com.unity.modules.terrain@1.0.0 (location: /private/tmp/areabattle-validation-20261003/UnityProject/Library/PackageCache/com.unity.modules.terrain)
    com.unity.modules.terrainphysics@1.0.0 (location: /private/tmp/areabattle-validation-20261003/UnityProject/Library/PackageCache/com.unity.modules.terrainphysics)
    com.unity.modules.tilemap@1.0.0 (location: /private/tmp/areabattle-validation-20261003/UnityProject/Library/PackageCache/com.unity.modules.tilemap)
    com.unity.modules.ui@1.0.0 (location: /private/tmp/areabattle-validation-20261003/UnityProject/Library/PackageCache/com.unity.modules.ui)
    com.unity.modules.uielements@1.0.0 (location: /private/tmp/areabattle-validation-20261003/UnityProject/Library/PackageCache/com.unity.modules.uielements)
    com.unity.modules.umbra@1.0.0 (location: /private/tmp/areabattle-validation-20261003/UnityProject/Library/PackageCache/com.unity.modules.umbra)
    com.unity.modules.unityanalytics@1.0.0 (location: /private/tmp/areabattle-validation-20261003/UnityProject/Library/PackageCache/com.unity.modules.unityanalytics)
    com.unity.modules.unitywebrequest@1.0.0 (location: /private/tmp/areabattle-validation-20261003/UnityProject/Library/PackageCache/com.unity.modules.unitywebrequest)
    com.unity.modules.unitywebrequestassetbundle@1.0.0 (location: /private/tmp/areabattle-validation-20261003/UnityProject/Library/PackageCache/com.unity.modules.unitywebrequestassetbundle)
    com.unity.modules.unitywebrequestaudio@1.0.0 (location: /private/tmp/areabattle-validation-20261003/UnityProject/Library/PackageCache/com.unity.modules.unitywebrequestaudio)
    com.unity.modules.unitywebrequesttexture@1.0.0 (location: /private/tmp/areabattle-validation-20261003/UnityProject/Library/PackageCache/com.unity.modules.unitywebrequesttexture)
    com.unity.modules.unitywebrequestwww@1.0.0 (location: /private/tmp/areabattle-validation-20261003/UnityProject/Library/PackageCache/com.unity.modules.unitywebrequestwww)
    com.unity.modules.vectorgraphics@1.0.0 (location: /private/tmp/areabattle-validation-20261003/UnityProject/Library/PackageCache/com.unity.modules.vectorgraphics)
    com.unity.modules.vehicles@1.0.0 (location: /private/tmp/areabattle-validation-20261003/UnityProject/Library/PackageCache/com.unity.modules.vehicles)
    com.unity.modules.video@1.0.0 (location: /private/tmp/areabattle-validation-20261003/UnityProject/Library/PackageCache/com.unity.modules.video)
    com.unity.modules.vr@1.0.0 (location: /private/tmp/areabattle-validation-20261003/UnityProject/Library/PackageCache/com.unity.modules.vr)
    com.unity.modules.wind@1.0.0 (location: /private/tmp/areabattle-validation-20261003/UnityProject/Library/PackageCache/com.unity.modules.wind)
    com.unity.modules.xr@1.0.0 (location: /private/tmp/areabattle-validation-20261003/UnityProject/Library/PackageCache/com.unity.modules.xr)
    com.unity.modules.subsystems@1.0.0 (location: /private/tmp/areabattle-validation-20261003/UnityProject/Library/PackageCache/com.unity.modules.subsystems)
    com.unity.modules.hierarchycore@1.0.0 (location: /private/tmp/areabattle-validation-20261003/UnityProject/Library/PackageCache/com.unity.modules.hierarchycore)
[Subsystems] No new subsystems found in resolved package list.
[Package Manager] Done registering packages in 0.01 seconds
[40m[32minfo[39m[22m[49m: Microsoft.Hosting.Lifetime[14]
      Now listening on: http://unix:/tmp/ilpp.sock-b4295128722492fe3148b2072c065e13
[40m[32minfo[39m[22m[49m: Microsoft.Hosting.Lifetime[0]
      Application started. Press Ctrl+C to shut down.
[40m[32minfo[39m[22m[49m: Microsoft.Hosting.Lifetime[0]
      Hosting environment: Production
[40m[32minfo[39m[22m[49m: Microsoft.Hosting.Lifetime[0]
      Content root path: /private/tmp/areabattle-validation-20261003/UnityProject/
[40m[32minfo[39m[22m[49m: Microsoft.AspNetCore.Hosting.Diagnostics[1]
      Request starting HTTP/2 POST http://ilpp/UnityILPP.PostProcessing/Ping application/grpc -
[40m[32minfo[39m[22m[49m: Microsoft.AspNetCore.Routing.EndpointMiddleware[0]
      Executing endpoint 'gRPC - /UnityILPP.PostProcessing/Ping'
[40m[32minfo[39m[22m[49m: Microsoft.AspNetCore.Routing.EndpointMiddleware[1]
      Executed endpoint 'gRPC - /UnityILPP.PostProcessing/Ping'
[40m[32minfo[39m[22m[49m: Microsoft.AspNetCore.Hosting.Diagnostics[2]
      Request finished HTTP/2 POST http://ilpp/UnityILPP.PostProcessing/Ping application/grpc - - 200 - application/grpc 24.4556ms
Starting: /Applications/Unity6000.3.7f1/Unity-6000.3.7f1/Unity.app/Contents/Resources/BuildPipeline/bee_backend --ipc --defer-dag-verification --dagfile="Library/Bee/200b0aE.dag" --continue-on-failure --profile="Library/Bee/backend1.traceevents" ScriptAssemblies
WorkingDir: /private/tmp/areabattle-validation-20261003/UnityProject
DisplayProgressbar: Compiling Scripts
ExitCode: 0 Duration: 0s53ms
*** Tundra build success (0.03 seconds), 0 items updated, 244 evaluated
AssetDatabase: script compilation time: 0.439785s
Begin MonoManager ReloadAssembly
- Loaded All Assemblies, in  0.330 seconds
Refreshing native plugins compatible for Editor in 0.00 ms, found 0 plugins.
Native extension for iOS target not found
Native extension for Android target not found
Native extension for OSXStandalone target not found
ScheduleIndexationOnStartup MainProcess:True IndexOnStartup:True
Mono: successfully reloaded assembly
- Finished resetting the current domain, in  0.293 seconds
Domain Reload Profiling: 623ms
	BeginReloadAssembly (243ms)
		ExecutionOrderSort (0ms)
		DisableScriptedObjects (20ms)
		BackupInstance (0ms)
		ReleaseScriptingObjects (0ms)
		CreateAndSetChildDomain (140ms)
	RebuildCommonClasses (25ms)
	RebuildNativeTypeToScriptingClass (9ms)
	initialDomainReloadingComplete (11ms)
	LoadAllAssembliesAndSetupDomain (41ms)
		LoadAssemblies (72ms)
		RebuildTransferFunctionScriptingTraits (0ms)
		AnalyzeDomain (33ms)
			TypeCache.Refresh (26ms)
				TypeCache.ScanAssembly (21ms)
			BuildScriptInfoCaches (4ms)
			ResolveRequiredComponents (2ms)
	FinalizeReload (293ms)
		ReleaseScriptCaches (0ms)
		RebuildScriptCaches (0ms)
		SetupLoadedEditorAssemblies (201ms)
			LogAssemblyErrors (0ms)
			InitializePlatformSupportModulesInManaged (26ms)
			SetLoadedEditorAssemblies (2ms)
			BeforeProcessingInitializeOnLoad (83ms)
			ProcessInitializeOnLoadAttributes (68ms)
			ProcessInitializeOnLoadMethodAttributes (21ms)
			AfterProcessingInitializeOnLoad (1ms)
			EditorAssembliesLoaded (0ms)
		ExecutionOrderSort2 (0ms)
		AwakeInstancesAfterBackupRestoration (3ms)
Asset Pipeline Refresh (id=50654db3d5c8f451ab4d784798a9b563): Total: 1.263 seconds - Initiated by InitialRefreshV2(ForceSynchronousImport)
	Summary:
		Imports: total=0 (actual=0, local cache=0, cache server=0)
		Asset DB Process Time: managed=0 ms, native=469 ms
		Asset DB Callback time: managed=8 ms, native=10 ms
		Scripting: domain reloads=1, domain reload time=330 ms, compile time=441 ms, other=4 ms
		Project Asset Count: scripts=361, non-scripts=2162
		Asset File Changes: new=0, changed=0, moved=0, deleted=0
		Scan Filter Count: 1
	InvokeCustomDependenciesCallbacks: 0.000ms
	InvokePackagesCallback: 11.199ms
	ApplyChangesToAssetFolders: 0.150ms
	Scan: 117.727ms
	OnSourceAssetsModified: 0.001ms
	CategorizeAssetsWithTransientArtifact: 2.172ms
	ProcessAssetsWithTransientArtifactChanges: 7.184ms
	CategorizeAssets: 11.094ms
	ImportOutOfDateAssets: 294.744ms (-146.973ms without children)
		CompileScripts: 441.024ms
		ReloadNativeAssets: 0.000ms
		UnloadImportedAssets: 0.221ms
		EnsureUptoDateAssetsAreRegisteredWithGuidPM: 0.241ms
		InitializingProgressBar: 0.000ms
		PostProcessAllAssetNotificationsAddChangedAssets: 0.000ms
		OnDemandSchedulerStart: 0.231ms
	PostProcessAllAssets: 8.210ms
	GatherAllCurrentPrimaryArtifactRevisions: 0.000ms
	UnloadStreamsBegin: 0.593ms
	PersistCurrentRevisions: 0.061ms
	UnloadStreamsEnd: 0.001ms
	GenerateScriptTypeHashes: 0.749ms
	Untracked: 810.179ms

Application.AssetDatabase Initial Refresh End
Scanning for USB devices : 0.038ms
Initializing Unity extensions:
[MODES] ModeService[none].Initialize
[MODES] ModeService[none].LoadModes
[MODES] Loading mode Default (0) for mode-current-id-AreaBattle
Unloading 58 Unused Serialized files (Serialized files now loaded: 0)
Unloading 1029 unused Assets / (5.1 MB). Loaded Objects now: 1573.
Memory consumption went from 128.7 MB to 123.6 MB.
Total: 6.468875 ms (FindLiveObjects: 0.084041 ms CreateObjectMapping: 0.032042 ms MarkObjects: 4.123375 ms  DeleteObjects: 2.229041 ms)

Asset Pipeline Refresh (id=a6c01310e7db14aa1b44ae50b20e6f26): Total: 0.072 seconds - Initiated by RefreshV2(NoUpdateAssetOptions)
Launching external process: /Applications/Unity6000.3.7f1/Unity-6000.3.7f1/Unity.app/Contents/Helpers/UnityShaderCompiler
Launched and connected shader compiler UnityShaderCompiler after 0.03 seconds
add touch begin handle:
UnityEngine.Debug:ExtractStackTraceNoAlloc (byte*,int,string)
UnityEngine.StackTraceUtility:ExtractStackTrace () (at /Users/bokken/build/output/unity/unity/Runtime/Export/Scripting/StackTrace.cs:35)
UnityEngine.DebugLogHandler:Internal_Log (UnityEngine.LogType,UnityEngine.LogOption,string,UnityEngine.Object)
UnityEngine.DebugLogHandler:LogFormat (UnityEngine.LogType,UnityEngine.Object,string,object[])
UnityEngine.Logger:Log (UnityEngine.LogType,object)
UnityEngine.Debug:Log (object)
AreaBattle.OutgameInputManager/<>c:<.ctor>b__104_0 (object[]) (at Assets/AreaBattle/Scripts/OutgameInputManager.cs:40)
AreaBattle.OutgameInputManager:add_TouchBegin (System.Action`2<single, single>) (at Assets/AreaBattle/Scripts/OutgameInputManager.cs:42)
AreaBattle.EditorTools.OutgameInputManagerValidation/Fixture:.ctor () (at Assets/AreaBattle/Editor/OutgameInputManagerValidation.cs:22)
AreaBattle.EditorTools.OutgameInputManagerValidation/<>c:<Run>b__6_1 () (at Assets/AreaBattle/Editor/OutgameInputManagerValidation.cs:31)
AreaBattle.EditorTools.OutgameInputManagerValidation/<>c__DisplayClass6_0:<Run>b__0 (string,System.Action) (at Assets/AreaBattle/Editor/OutgameInputManagerValidation.cs:30)
AreaBattle.EditorTools.OutgameInputManagerValidation:Run () (at Assets/AreaBattle/Editor/OutgameInputManagerValidation.cs:31)
System.Reflection.RuntimeMethodInfo:Invoke (object,System.Reflection.BindingFlags,System.Reflection.Binder,object[],System.Globalization.CultureInfo)
System.Reflection.MethodBase:Invoke (object,object[])
AreaBattle.EditorTools.BattleBuild:ValidateIntegrated () (at Assets/AreaBattle/Editor/BattleBuild.cs:32)
AreaBattle.EditorTools.BattleBuild:ValidateMechanicsOnly () (at Assets/AreaBattle/Editor/BattleBuild.cs:18)

(Filename: Assets/AreaBattle/Scripts/OutgameInputManager.cs Line: 40)

add touch begin handle:
UnityEngine.Debug:ExtractStackTraceNoAlloc (byte*,int,string)
UnityEngine.StackTraceUtility:ExtractStackTrace () (at /Users/bokken/build/output/unity/unity/Runtime/Export/Scripting/StackTrace.cs:35)
UnityEngine.DebugLogHandler:Internal_Log (UnityEngine.LogType,UnityEngine.LogOption,string,UnityEngine.Object)
UnityEngine.DebugLogHandler:LogFormat (UnityEngine.LogType,UnityEngine.Object,string,object[])
UnityEngine.Logger:Log (UnityEngine.LogType,object)
UnityEngine.Debug:Log (object)
AreaBattle.OutgameInputManager/<>c:<.ctor>b__104_0 (object[]) (at Assets/AreaBattle/Scripts/OutgameInputManager.cs:40)
AreaBattle.OutgameInputManager:add_TouchBegin (System.Action`2<single, single>) (at Assets/AreaBattle/Scripts/OutgameInputManager.cs:42)
AreaBattle.EditorTools.OutgameInputManagerValidation/Fixture:.ctor () (at Assets/AreaBattle/Editor/OutgameInputManagerValidation.cs:22)
AreaBattle.EditorTools.OutgameInputManagerValidation/<>c:<Run>b__6_1 () (at Assets/AreaBattle/Editor/OutgameInputManagerValidation.cs:31)
AreaBattle.EditorTools.OutgameInputManagerValidation/<>c__DisplayClass6_0:<Run>b__0 (string,System.Action) (at Assets/AreaBattle/Editor/OutgameInputManagerValidation.cs:30)
AreaBattle.EditorTools.OutgameInputManagerValidation:Run () (at Assets/AreaBattle/Editor/OutgameInputManagerValidation.cs:31)
System.Reflection.RuntimeMethodInfo:Invoke (object,System.Reflection.BindingFlags,System.Reflection.Binder,object[],System.Globalization.CultureInfo)
System.Reflection.MethodBase:Invoke (object,object[])
AreaBattle.EditorTools.BattleBuild:ValidateIntegrated () (at Assets/AreaBattle/Editor/BattleBuild.cs:32)
AreaBattle.EditorTools.BattleBuild:ValidateMechanicsOnly () (at Assets/AreaBattle/Editor/BattleBuild.cs:18)

(Filename: Assets/AreaBattle/Scripts/OutgameInputManager.cs Line: 40)

add touch begin handle:
UnityEngine.Debug:ExtractStackTraceNoAlloc (byte*,int,string)
UnityEngine.StackTraceUtility:ExtractStackTrace () (at /Users/bokken/build/output/unity/unity/Runtime/Export/Scripting/StackTrace.cs:35)
UnityEngine.DebugLogHandler:Internal_Log (UnityEngine.LogType,UnityEngine.LogOption,string,UnityEngine.Object)
UnityEngine.DebugLogHandler:LogFormat (UnityEngine.LogType,UnityEngine.Object,string,object[])
UnityEngine.Logger:Log (UnityEngine.LogType,object)
UnityEngine.Debug:Log (object)
AreaBattle.OutgameInputManager/<>c:<.ctor>b__104_0 (object[]) (at Assets/AreaBattle/Scripts/OutgameInputManager.cs:40)
AreaBattle.OutgameInputManager:add_TouchBegin (System.Action`2<single, single>) (at Assets/AreaBattle/Scripts/OutgameInputManager.cs:42)
AreaBattle.EditorTools.OutgameInputManagerValidation/Fixture:.ctor () (at Assets/AreaBattle/Editor/OutgameInputManagerValidation.cs:22)
AreaBattle.EditorTools.OutgameInputManagerValidation/<>c:<Run>b__6_1 () (at Assets/AreaBattle/Editor/OutgameInputManagerValidation.cs:31)
AreaBattle.EditorTools.OutgameInputManagerValidation/<>c__DisplayClass6_0:<Run>b__0 (string,System.Action) (at Assets/AreaBattle/Editor/OutgameInputManagerValidation.cs:30)
AreaBattle.EditorTools.OutgameInputManagerValidation:Run () (at Assets/AreaBattle/Editor/OutgameInputManagerValidation.cs:31)
System.Reflection.RuntimeMethodInfo:Invoke (object,System.Reflection.BindingFlags,System.Reflection.Binder,object[],System.Globalization.CultureInfo)
System.Reflection.MethodBase:Invoke (object,object[])
AreaBattle.EditorTools.BattleBuild:ValidateIntegrated () (at Assets/AreaBattle/Editor/BattleBuild.cs:32)
AreaBattle.EditorTools.BattleBuild:ValidateMechanicsOnly () (at Assets/AreaBattle/Editor/BattleBuild.cs:18)

(Filename: Assets/AreaBattle/Scripts/OutgameInputManager.cs Line: 40)

add touch begin handle:
UnityEngine.Debug:ExtractStackTraceNoAlloc (byte*,int,string)
UnityEngine.StackTraceUtility:ExtractStackTrace () (at /Users/bokken/build/output/unity/unity/Runtime/Export/Scripting/StackTrace.cs:35)
UnityEngine.DebugLogHandler:Internal_Log (UnityEngine.LogType,UnityEngine.LogOption,string,UnityEngine.Object)
UnityEngine.DebugLogHandler:LogFormat (UnityEngine.LogType,UnityEngine.Object,string,object[])
UnityEngine.Logger:Log (UnityEngine.LogType,object)
UnityEngine.Debug:Log (object)
AreaBattle.OutgameInputManager/<>c:<.ctor>b__104_0 (object[]) (at Assets/AreaBattle/Scripts/OutgameInputManager.cs:40)
AreaBattle.OutgameInputManager:add_TouchBegin (System.Action`2<single, single>) (at Assets/AreaBattle/Scripts/OutgameInputManager.cs:42)
AreaBattle.EditorTools.OutgameInputManagerValidation/Fixture:.ctor () (at Assets/AreaBattle/Editor/OutgameInputManagerValidation.cs:22)
AreaBattle.EditorTools.OutgameInputManagerValidation/<>c:<Run>b__6_1 () (at Assets/AreaBattle/Editor/OutgameInputManagerValidation.cs:31)
AreaBattle.EditorTools.OutgameInputManagerValidation/<>c__DisplayClass6_0:<Run>b__0 (string,System.Action) (at Assets/AreaBattle/Editor/OutgameInputManagerValidation.cs:30)
AreaBattle.EditorTools.OutgameInputManagerValidation:Run () (at Assets/AreaBattle/Editor/OutgameInputManagerValidation.cs:31)
System.Reflection.RuntimeMethodInfo:Invoke (object,System.Reflection.BindingFlags,System.Reflection.Binder,object[],System.Globalization.CultureInfo)
System.Reflection.MethodBase:Invoke (object,object[])
AreaBattle.EditorTools.BattleBuild:ValidateIntegrated () (at Assets/AreaBattle/Editor/BattleBuild.cs:32)
AreaBattle.EditorTools.BattleBuild:ValidateMechanicsOnly () (at Assets/AreaBattle/Editor/BattleBuild.cs:18)

(Filename: Assets/AreaBattle/Scripts/OutgameInputManager.cs Line: 40)

add touch begin handle:
UnityEngine.Debug:ExtractStackTraceNoAlloc (byte*,int,string)
UnityEngine.StackTraceUtility:ExtractStackTrace () (at /Users/bokken/build/output/unity/unity/Runtime/Export/Scripting/StackTrace.cs:35)
UnityEngine.DebugLogHandler:Internal_Log (UnityEngine.LogType,UnityEngine.LogOption,string,UnityEngine.Object)
UnityEngine.DebugLogHandler:LogFormat (UnityEngine.LogType,UnityEngine.Object,string,object[])
UnityEngine.Logger:Log (UnityEngine.LogType,object)
UnityEngine.Debug:Log (object)
AreaBattle.OutgameInputManager/<>c:<.ctor>b__104_0 (object[]) (at Assets/AreaBattle/Scripts/OutgameInputManager.cs:40)
AreaBattle.OutgameInputManager:add_TouchBegin (System.Action`2<single, single>) (at Assets/AreaBattle/Scripts/OutgameInputManager.cs:42)
AreaBattle.EditorTools.OutgameInputManagerValidation/Fixture:.ctor () (at Assets/AreaBattle/Editor/OutgameInputManagerValidation.cs:22)
AreaBattle.EditorTools.OutgameInputManagerValidation/<>c:<Run>b__6_2 () (at Assets/AreaBattle/Editor/OutgameInputManagerValidation.cs:32)
AreaBattle.EditorTools.OutgameInputManagerValidation/<>c__DisplayClass6_0:<Run>b__0 (string,System.Action) (at Assets/AreaBattle/Editor/OutgameInputManagerValidation.cs:30)
AreaBattle.EditorTools.OutgameInputManagerValidation:Run () (at Assets/AreaBattle/Editor/OutgameInputManagerValidation.cs:32)
System.Reflection.RuntimeMethodInfo:Invoke (object,System.Reflection.BindingFlags,System.Reflection.Binder,object[],System.Globalization.CultureInfo)
System.Reflection.MethodBase:Invoke (object,object[])
AreaBattle.EditorTools.BattleBuild:ValidateIntegrated () (at Assets/AreaBattle/Editor/BattleBuild.cs:32)
AreaBattle.EditorTools.BattleBuild:ValidateMechanicsOnly () (at Assets/AreaBattle/Editor/BattleBuild.cs:18)

(Filename: Assets/AreaBattle/Scripts/OutgameInputManager.cs Line: 40)

add touch begin handle:
UnityEngine.Debug:ExtractStackTraceNoAlloc (byte*,int,string)
UnityEngine.StackTraceUtility:ExtractStackTrace () (at /Users/bokken/build/output/unity/unity/Runtime/Export/Scripting/StackTrace.cs:35)
UnityEngine.DebugLogHandler:Internal_Log (UnityEngine.LogType,UnityEngine.LogOption,string,UnityEngine.Object)
UnityEngine.DebugLogHandler:LogFormat (UnityEngine.LogType,UnityEngine.Object,string,object[])
UnityEngine.Logger:Log (UnityEngine.LogType,object)
UnityEngine.Debug:Log (object)
AreaBattle.OutgameInputManager/<>c:<.ctor>b__104_0 (object[]) (at Assets/AreaBattle/Scripts/OutgameInputManager.cs:40)
AreaBattle.OutgameInputManager:add_TouchBegin (System.Action`2<single, single>) (at Assets/AreaBattle/Scripts/OutgameInputManager.cs:42)
AreaBattle.EditorTools.OutgameInputManagerValidation/Fixture:.ctor () (at Assets/AreaBattle/Editor/OutgameInputManagerValidation.cs:22)
AreaBattle.EditorTools.OutgameInputManagerValidation/<>c:<Run>b__6_3 () (at Assets/AreaBattle/Editor/OutgameInputManagerValidation.cs:33)
AreaBattle.EditorTools.OutgameInputManagerValidation/<>c__DisplayClass6_0:<Run>b__0 (string,System.Action) (at Assets/AreaBattle/Editor/OutgameInputManagerValidation.cs:30)
AreaBattle.EditorTools.OutgameInputManagerValidation:Run () (at Assets/AreaBattle/Editor/OutgameInputManagerValidation.cs:33)
System.Reflection.RuntimeMethodInfo:Invoke (object,System.Reflection.BindingFlags,System.Reflection.Binder,object[],System.Globalization.CultureInfo)
System.Reflection.MethodBase:Invoke (object,object[])
AreaBattle.EditorTools.BattleBuild:ValidateIntegrated () (at Assets/AreaBattle/Editor/BattleBuild.cs:32)
AreaBattle.EditorTools.BattleBuild:ValidateMechanicsOnly () (at Assets/AreaBattle/Editor/BattleBuild.cs:18)

(Filename: Assets/AreaBattle/Scripts/OutgameInputManager.cs Line: 40)

add touch begin handle:
UnityEngine.Debug:ExtractStackTraceNoAlloc (byte*,int,string)
UnityEngine.StackTraceUtility:ExtractStackTrace () (at /Users/bokken/build/output/unity/unity/Runtime/Export/Scripting/StackTrace.cs:35)
UnityEngine.DebugLogHandler:Internal_Log (UnityEngine.LogType,UnityEngine.LogOption,string,UnityEngine.Object)
UnityEngine.DebugLogHandler:LogFormat (UnityEngine.LogType,UnityEngine.Object,string,object[])
UnityEngine.Logger:Log (UnityEngine.LogType,object)
UnityEngine.Debug:Log (object)
AreaBattle.OutgameInputManager/<>c:<.ctor>b__104_0 (object[]) (at Assets/AreaBattle/Scripts/OutgameInputManager.cs:40)
AreaBattle.OutgameInputManager:add_TouchBegin (System.Action`2<single, single>) (at Assets/AreaBattle/Scripts/OutgameInputManager.cs:42)
AreaBattle.EditorTools.OutgameInputManagerValidation/Fixture:.ctor () (at Assets/AreaBattle/Editor/OutgameInputManagerValidation.cs:22)
AreaBattle.EditorTools.OutgameInputManagerValidation/<>c:<Run>b__6_4 () (at Assets/AreaBattle/Editor/OutgameInputManagerValidation.cs:34)
AreaBattle.EditorTools.OutgameInputManagerValidation/<>c__DisplayClass6_0:<Run>b__0 (string,System.Action) (at Assets/AreaBattle/Editor/OutgameInputManagerValidation.cs:30)
AreaBattle.EditorTools.OutgameInputManagerValidation:Run () (at Assets/AreaBattle/Editor/OutgameInputManagerValidation.cs:34)
System.Reflection.RuntimeMethodInfo:Invoke (object,System.Reflection.BindingFlags,System.Reflection.Binder,object[],System.Globalization.CultureInfo)
System.Reflection.MethodBase:Invoke (object,object[])
AreaBattle.EditorTools.BattleBuild:ValidateIntegrated () (at Assets/AreaBattle/Editor/BattleBuild.cs:32)
AreaBattle.EditorTools.BattleBuild:ValidateMechanicsOnly () (at Assets/AreaBattle/Editor/BattleBuild.cs:18)

(Filename: Assets/AreaBattle/Scripts/OutgameInputManager.cs Line: 40)

add touch begin handle:
UnityEngine.Debug:ExtractStackTraceNoAlloc (byte*,int,string)
UnityEngine.StackTraceUtility:ExtractStackTrace () (at /Users/bokken/build/output/unity/unity/Runtime/Export/Scripting/StackTrace.cs:35)
UnityEngine.DebugLogHandler:Internal_Log (UnityEngine.LogType,UnityEngine.LogOption,string,UnityEngine.Object)
UnityEngine.DebugLogHandler:LogFormat (UnityEngine.LogType,UnityEngine.Object,string,object[])
UnityEngine.Logger:Log (UnityEngine.LogType,object)
UnityEngine.Debug:Log (object)
AreaBattle.OutgameInputManager/<>c:<.ctor>b__104_0 (object[]) (at Assets/AreaBattle/Scripts/OutgameInputManager.cs:40)
AreaBattle.OutgameInputManager:add_TouchBegin (System.Action`2<single, single>) (at Assets/AreaBattle/Scripts/OutgameInputManager.cs:42)
AreaBattle.EditorTools.OutgameInputManagerValidation/Fixture:.ctor () (at Assets/AreaBattle/Editor/OutgameInputManagerValidation.cs:22)
AreaBattle.EditorTools.OutgameInputManagerValidation/<>c:<Run>b__6_5 () (at Assets/AreaBattle/Editor/OutgameInputManagerValidation.cs:35)
AreaBattle.EditorTools.OutgameInputManagerValidation/<>c__DisplayClass6_0:<Run>b__0 (string,System.Action) (at Assets/AreaBattle/Editor/OutgameInputManagerValidation.cs:30)
AreaBattle.EditorTools.OutgameInputManagerValidation:Run () (at Assets/AreaBattle/Editor/OutgameInputManagerValidation.cs:35)
System.Reflection.RuntimeMethodInfo:Invoke (object,System.Reflection.BindingFlags,System.Reflection.Binder,object[],System.Globalization.CultureInfo)
System.Reflection.MethodBase:Invoke (object,object[])
AreaBattle.EditorTools.BattleBuild:ValidateIntegrated () (at Assets/AreaBattle/Editor/BattleBuild.cs:32)
AreaBattle.EditorTools.BattleBuild:ValidateMechanicsOnly () (at Assets/AreaBattle/Editor/BattleBuild.cs:18)

(Filename: Assets/AreaBattle/Scripts/OutgameInputManager.cs Line: 40)

add touch begin handle:
UnityEngine.Debug:ExtractStackTraceNoAlloc (byte*,int,string)
UnityEngine.StackTraceUtility:ExtractStackTrace () (at /Users/bokken/build/output/unity/unity/Runtime/Export/Scripting/StackTrace.cs:35)
UnityEngine.DebugLogHandler:Internal_Log (UnityEngine.LogType,UnityEngine.LogOption,string,UnityEngine.Object)
UnityEngine.DebugLogHandler:LogFormat (UnityEngine.LogType,UnityEngine.Object,string,object[])
UnityEngine.Logger:Log (UnityEngine.LogType,object)
UnityEngine.Debug:Log (object)
AreaBattle.OutgameInputManager/<>c:<.ctor>b__104_0 (object[]) (at Assets/AreaBattle/Scripts/OutgameInputManager.cs:40)
AreaBattle.OutgameInputManager:add_TouchBegin (System.Action`2<single, single>) (at Assets/AreaBattle/Scripts/OutgameInputManager.cs:42)
AreaBattle.EditorTools.OutgameInputManagerValidation/Fixture:.ctor () (at Assets/AreaBattle/Editor/OutgameInputManagerValidation.cs:22)
AreaBattle.EditorTools.OutgameInputManagerValidation/<>c:<Run>b__6_6 () (at Assets/AreaBattle/Editor/OutgameInputManagerValidation.cs:36)
AreaBattle.EditorTools.OutgameInputManagerValidation/<>c__DisplayClass6_0:<Run>b__0 (string,System.Action) (at Assets/AreaBattle/Editor/OutgameInputManagerValidation.cs:30)
AreaBattle.EditorTools.OutgameInputManagerValidation:Run () (at Assets/AreaBattle/Editor/OutgameInputManagerValidation.cs:36)
System.Reflection.RuntimeMethodInfo:Invoke (object,System.Reflection.BindingFlags,System.Reflection.Binder,object[],System.Globalization.CultureInfo)
System.Reflection.MethodBase:Invoke (object,object[])
AreaBattle.EditorTools.BattleBuild:ValidateIntegrated () (at Assets/AreaBattle/Editor/BattleBuild.cs:32)
AreaBattle.EditorTools.BattleBuild:ValidateMechanicsOnly () (at Assets/AreaBattle/Editor/BattleBuild.cs:18)

(Filename: Assets/AreaBattle/Scripts/OutgameInputManager.cs Line: 40)

add touch begin handle:
UnityEngine.Debug:ExtractStackTraceNoAlloc (byte*,int,string)
UnityEngine.StackTraceUtility:ExtractStackTrace () (at /Users/bokken/build/output/unity/unity/Runtime/Export/Scripting/StackTrace.cs:35)
UnityEngine.DebugLogHandler:Internal_Log (UnityEngine.LogType,UnityEngine.LogOption,string,UnityEngine.Object)
UnityEngine.DebugLogHandler:LogFormat (UnityEngine.LogType,UnityEngine.Object,string,object[])
UnityEngine.Logger:Log (UnityEngine.LogType,object)
UnityEngine.Debug:Log (object)
AreaBattle.OutgameInputManager/<>c:<.ctor>b__104_0 (object[]) (at Assets/AreaBattle/Scripts/OutgameInputManager.cs:40)
AreaBattle.OutgameInputManager:add_TouchBegin (System.Action`2<single, single>) (at Assets/AreaBattle/Scripts/OutgameInputManager.cs:42)
AreaBattle.EditorTools.OutgameInputManagerValidation/Fixture:.ctor () (at Assets/AreaBattle/Editor/OutgameInputManagerValidation.cs:22)
AreaBattle.EditorTools.OutgameInputManagerValidation/<>c:<Run>b__6_7 () (at Assets/AreaBattle/Editor/OutgameInputManagerValidation.cs:37)
AreaBattle.EditorTools.OutgameInputManagerValidation/<>c__DisplayClass6_0:<Run>b__0 (string,System.Action) (at Assets/AreaBattle/Editor/OutgameInputManagerValidation.cs:30)
AreaBattle.EditorTools.OutgameInputManagerValidation:Run () (at Assets/AreaBattle/Editor/OutgameInputManagerValidation.cs:37)
System.Reflection.RuntimeMethodInfo:Invoke (object,System.Reflection.BindingFlags,System.Reflection.Binder,object[],System.Globalization.CultureInfo)
System.Reflection.MethodBase:Invoke (object,object[])
AreaBattle.EditorTools.BattleBuild:ValidateIntegrated () (at Assets/AreaBattle/Editor/BattleBuild.cs:32)
AreaBattle.EditorTools.BattleBuild:ValidateMechanicsOnly () (at Assets/AreaBattle/Editor/BattleBuild.cs:18)

(Filename: Assets/AreaBattle/Scripts/OutgameInputManager.cs Line: 40)

add touch begin handle:
UnityEngine.Debug:ExtractStackTraceNoAlloc (byte*,int,string)
UnityEngine.StackTraceUtility:ExtractStackTrace () (at /Users/bokken/build/output/unity/unity/Runtime/Export/Scripting/StackTrace.cs:35)
UnityEngine.DebugLogHandler:Internal_Log (UnityEngine.LogType,UnityEngine.LogOption,string,UnityEngine.Object)
UnityEngine.DebugLogHandler:LogFormat (UnityEngine.LogType,UnityEngine.Object,string,object[])
UnityEngine.Logger:Log (UnityEngine.LogType,object)
UnityEngine.Debug:Log (object)
AreaBattle.OutgameInputManager/<>c:<.ctor>b__104_0 (object[]) (at Assets/AreaBattle/Scripts/OutgameInputManager.cs:40)
AreaBattle.OutgameInputManager:add_TouchBegin (System.Action`2<single, single>) (at Assets/AreaBattle/Scripts/OutgameInputManager.cs:42)
AreaBattle.EditorTools.OutgameInputManagerValidation/Fixture:.ctor () (at Assets/AreaBattle/Editor/OutgameInputManagerValidation.cs:22)
AreaBattle.EditorTools.OutgameInputManagerValidation/<>c:<Run>b__6_8 () (at Assets/AreaBattle/Editor/OutgameInputManagerValidation.cs:38)
AreaBattle.EditorTools.OutgameInputManagerValidation/<>c__DisplayClass6_0:<Run>b__0 (string,System.Action) (at Assets/AreaBattle/Editor/OutgameInputManagerValidation.cs:30)
AreaBattle.EditorTools.OutgameInputManagerValidation:Run () (at Assets/AreaBattle/Editor/OutgameInputManagerValidation.cs:38)
System.Reflection.RuntimeMethodInfo:Invoke (object,System.Reflection.BindingFlags,System.Reflection.Binder,object[],System.Globalization.CultureInfo)
System.Reflection.MethodBase:Invoke (object,object[])
AreaBattle.EditorTools.BattleBuild:ValidateIntegrated () (at Assets/AreaBattle/Editor/BattleBuild.cs:32)
AreaBattle.EditorTools.BattleBuild:ValidateMechanicsOnly () (at Assets/AreaBattle/Editor/BattleBuild.cs:18)

(Filename: Assets/AreaBattle/Scripts/OutgameInputManager.cs Line: 40)

add touch begin handle:
UnityEngine.Debug:ExtractStackTraceNoAlloc (byte*,int,string)
UnityEngine.StackTraceUtility:ExtractStackTrace () (at /Users/bokken/build/output/unity/unity/Runtime/Export/Scripting/StackTrace.cs:35)
UnityEngine.DebugLogHandler:Internal_Log (UnityEngine.LogType,UnityEngine.LogOption,string,UnityEngine.Object)
UnityEngine.DebugLogHandler:LogFormat (UnityEngine.LogType,UnityEngine.Object,string,object[])
UnityEngine.Logger:Log (UnityEngine.LogType,object)
UnityEngine.Debug:Log (object)
AreaBattle.OutgameInputManager/<>c:<.ctor>b__104_0 (object[]) (at Assets/AreaBattle/Scripts/OutgameInputManager.cs:40)
AreaBattle.OutgameInputManager:add_TouchBegin (System.Action`2<single, single>) (at Assets/AreaBattle/Scripts/OutgameInputManager.cs:42)
AreaBattle.EditorTools.OutgameInputManagerValidation/Fixture:.ctor () (at Assets/AreaBattle/Editor/OutgameInputManagerValidation.cs:22)
AreaBattle.EditorTools.OutgameInputManagerValidation/<>c:<Run>b__6_9 () (at Assets/AreaBattle/Editor/OutgameInputManagerValidation.cs:39)
AreaBattle.EditorTools.OutgameInputManagerValidation/<>c__DisplayClass6_0:<Run>b__0 (string,System.Action) (at Assets/AreaBattle/Editor/OutgameInputManagerValidation.cs:30)
AreaBattle.EditorTools.OutgameInputManagerValidation:Run () (at Assets/AreaBattle/Editor/OutgameInputManagerValidation.cs:39)
System.Reflection.RuntimeMethodInfo:Invoke (object,System.Reflection.BindingFlags,System.Reflection.Binder,object[],System.Globalization.CultureInfo)
System.Reflection.MethodBase:Invoke (object,object[])
AreaBattle.EditorTools.BattleBuild:ValidateIntegrated () (at Assets/AreaBattle/Editor/BattleBuild.cs:32)
AreaBattle.EditorTools.BattleBuild:ValidateMechanicsOnly () (at Assets/AreaBattle/Editor/BattleBuild.cs:18)

(Filename: Assets/AreaBattle/Scripts/OutgameInputManager.cs Line: 40)

add touch begin handle:
UnityEngine.Debug:ExtractStackTraceNoAlloc (byte*,int,string)
UnityEngine.StackTraceUtility:ExtractStackTrace () (at /Users/bokken/build/output/unity/unity/Runtime/Export/Scripting/StackTrace.cs:35)
UnityEngine.DebugLogHandler:Internal_Log (UnityEngine.LogType,UnityEngine.LogOption,string,UnityEngine.Object)
UnityEngine.DebugLogHandler:LogFormat (UnityEngine.LogType,UnityEngine.Object,string,object[])
UnityEngine.Logger:Log (UnityEngine.LogType,object)
UnityEngine.Debug:Log (object)
AreaBattle.OutgameInputManager/<>c:<.ctor>b__104_0 (object[]) (at Assets/AreaBattle/Scripts/OutgameInputManager.cs:40)
AreaBattle.OutgameInputManager:add_TouchBegin (System.Action`2<single, single>) (at Assets/AreaBattle/Scripts/OutgameInputManager.cs:42)
AreaBattle.EditorTools.OutgameInputManagerValidation/Fixture:.ctor () (at Assets/AreaBattle/Editor/OutgameInputManagerValidation.cs:22)
AreaBattle.EditorTools.OutgameInputManagerValidation/<>c:<Run>b__6_10 () (at Assets/AreaBattle/Editor/OutgameInputManagerValidation.cs:40)
AreaBattle.EditorTools.OutgameInputManagerValidation/<>c__DisplayClass6_0:<Run>b__0 (string,System.Action) (at Assets/AreaBattle/Editor/OutgameInputManagerValidation.cs:30)
AreaBattle.EditorTools.OutgameInputManagerValidation:Run () (at Assets/AreaBattle/Editor/OutgameInputManagerValidation.cs:40)
System.Reflection.RuntimeMethodInfo:Invoke (object,System.Reflection.BindingFlags,System.Reflection.Binder,object[],System.Globalization.CultureInfo)
System.Reflection.MethodBase:Invoke (object,object[])
AreaBattle.EditorTools.BattleBuild:ValidateIntegrated () (at Assets/AreaBattle/Editor/BattleBuild.cs:32)
AreaBattle.EditorTools.BattleBuild:ValidateMechanicsOnly () (at Assets/AreaBattle/Editor/BattleBuild.cs:18)

(Filename: Assets/AreaBattle/Scripts/OutgameInputManager.cs Line: 40)

add touch begin handle:
UnityEngine.Debug:ExtractStackTraceNoAlloc (byte*,int,string)
UnityEngine.StackTraceUtility:ExtractStackTrace () (at /Users/bokken/build/output/unity/unity/Runtime/Export/Scripting/StackTrace.cs:35)
UnityEngine.DebugLogHandler:Internal_Log (UnityEngine.LogType,UnityEngine.LogOption,string,UnityEngine.Object)
UnityEngine.DebugLogHandler:LogFormat (UnityEngine.LogType,UnityEngine.Object,string,object[])
UnityEngine.Logger:Log (UnityEngine.LogType,object)
UnityEngine.Debug:Log (object)
AreaBattle.OutgameInputManager/<>c:<.ctor>b__104_0 (object[]) (at Assets/AreaBattle/Scripts/OutgameInputManager.cs:40)
AreaBattle.OutgameInputManager:add_TouchBegin (System.Action`2<single, single>) (at Assets/AreaBattle/Scripts/OutgameInputManager.cs:42)
AreaBattle.EditorTools.OutgameInputManagerValidation/Fixture:.ctor () (at Assets/AreaBattle/Editor/OutgameInputManagerValidation.cs:22)
AreaBattle.EditorTools.OutgameInputManagerValidation/<>c:<Run>b__6_11 () (at Assets/AreaBattle/Editor/OutgameInputManagerValidation.cs:41)
AreaBattle.EditorTools.OutgameInputManagerValidation/<>c__DisplayClass6_0:<Run>b__0 (string,System.Action) (at Assets/AreaBattle/Editor/OutgameInputManagerValidation.cs:30)
AreaBattle.EditorTools.OutgameInputManagerValidation:Run () (at Assets/AreaBattle/Editor/OutgameInputManagerValidation.cs:41)
System.Reflection.RuntimeMethodInfo:Invoke (object,System.Reflection.BindingFlags,System.Reflection.Binder,object[],System.Globalization.CultureInfo)
System.Reflection.MethodBase:Invoke (object,object[])
AreaBattle.EditorTools.BattleBuild:ValidateIntegrated () (at Assets/AreaBattle/Editor/BattleBuild.cs:32)
AreaBattle.EditorTools.BattleBuild:ValidateMechanicsOnly () (at Assets/AreaBattle/Editor/BattleBuild.cs:18)

(Filename: Assets/AreaBattle/Scripts/OutgameInputManager.cs Line: 40)

add touch begin handle:
UnityEngine.Debug:ExtractStackTraceNoAlloc (byte*,int,string)
UnityEngine.StackTraceUtility:ExtractStackTrace () (at /Users/bokken/build/output/unity/unity/Runtime/Export/Scripting/StackTrace.cs:35)
UnityEngine.DebugLogHandler:Internal_Log (UnityEngine.LogType,UnityEngine.LogOption,string,UnityEngine.Object)
UnityEngine.DebugLogHandler:LogFormat (UnityEngine.LogType,UnityEngine.Object,string,object[])
UnityEngine.Logger:Log (UnityEngine.LogType,object)
UnityEngine.Debug:Log (object)
AreaBattle.OutgameInputManager/<>c:<.ctor>b__104_0 (object[]) (at Assets/AreaBattle/Scripts/OutgameInputManager.cs:40)
AreaBattle.OutgameInputManager:add_TouchBegin (System.Action`2<single, single>) (at Assets/AreaBattle/Scripts/OutgameInputManager.cs:42)
AreaBattle.EditorTools.OutgameInputManagerValidation/Fixture:.ctor () (at Assets/AreaBattle/Editor/OutgameInputManagerValidation.cs:22)
AreaBattle.EditorTools.OutgameInputManagerValidation/<>c:<Run>b__6_12 () (at Assets/AreaBattle/Editor/OutgameInputManagerValidation.cs:42)
AreaBattle.EditorTools.OutgameInputManagerValidation/<>c__DisplayClass6_0:<Run>b__0 (string,System.Action) (at Assets/AreaBattle/Editor/OutgameInputManagerValidation.cs:30)
AreaBattle.EditorTools.OutgameInputManagerValidation:Run () (at Assets/AreaBattle/Editor/OutgameInputManagerValidation.cs:42)
System.Reflection.RuntimeMethodInfo:Invoke (object,System.Reflection.BindingFlags,System.Reflection.Binder,object[],System.Globalization.CultureInfo)
System.Reflection.MethodBase:Invoke (object,object[])
AreaBattle.EditorTools.BattleBuild:ValidateIntegrated () (at Assets/AreaBattle/Editor/BattleBuild.cs:32)
AreaBattle.EditorTools.BattleBuild:ValidateMechanicsOnly () (at Assets/AreaBattle/Editor/BattleBuild.cs:18)

(Filename: Assets/AreaBattle/Scripts/OutgameInputManager.cs Line: 40)

add touch begin handle:
UnityEngine.Debug:ExtractStackTraceNoAlloc (byte*,int,string)
UnityEngine.StackTraceUtility:ExtractStackTrace () (at /Users/bokken/build/output/unity/unity/Runtime/Export/Scripting/StackTrace.cs:35)
UnityEngine.DebugLogHandler:Internal_Log (UnityEngine.LogType,UnityEngine.LogOption,string,UnityEngine.Object)
UnityEngine.DebugLogHandler:LogFormat (UnityEngine.LogType,UnityEngine.Object,string,object[])
UnityEngine.Logger:Log (UnityEngine.LogType,object)
UnityEngine.Debug:Log (object)
AreaBattle.OutgameInputManager/<>c:<.ctor>b__104_0 (object[]) (at Assets/AreaBattle/Scripts/OutgameInputManager.cs:40)
AreaBattle.OutgameInputManager:add_TouchBegin (System.Action`2<single, single>) (at Assets/AreaBattle/Scripts/OutgameInputManager.cs:42)
AreaBattle.EditorTools.OutgameInputManagerValidation/Fixture:.ctor () (at Assets/AreaBattle/Editor/OutgameInputManagerValidation.cs:22)
AreaBattle.EditorTools.OutgameInputManagerValidation/<>c:<Run>b__6_13 () (at Assets/AreaBattle/Editor/OutgameInputManagerValidation.cs:43)
AreaBattle.EditorTools.OutgameInputManagerValidation/<>c__DisplayClass6_0:<Run>b__0 (string,System.Action) (at Assets/AreaBattle/Editor/OutgameInputManagerValidation.cs:30)
AreaBattle.EditorTools.OutgameInputManagerValidation:Run () (at Assets/AreaBattle/Editor/OutgameInputManagerValidation.cs:43)
System.Reflection.RuntimeMethodInfo:Invoke (object,System.Reflection.BindingFlags,System.Reflection.Binder,object[],System.Globalization.CultureInfo)
System.Reflection.MethodBase:Invoke (object,object[])
AreaBattle.EditorTools.BattleBuild:ValidateIntegrated () (at Assets/AreaBattle/Editor/BattleBuild.cs:32)
AreaBattle.EditorTools.BattleBuild:ValidateMechanicsOnly () (at Assets/AreaBattle/Editor/BattleBuild.cs:18)

(Filename: Assets/AreaBattle/Scripts/OutgameInputManager.cs Line: 40)

add touch begin handle:
UnityEngine.Debug:ExtractStackTraceNoAlloc (byte*,int,string)
UnityEngine.StackTraceUtility:ExtractStackTrace () (at /Users/bokken/build/output/unity/unity/Runtime/Export/Scripting/StackTrace.cs:35)
UnityEngine.DebugLogHandler:Internal_Log (UnityEngine.LogType,UnityEngine.LogOption,string,UnityEngine.Object)
UnityEngine.DebugLogHandler:LogFormat (UnityEngine.LogType,UnityEngine.Object,string,object[])
UnityEngine.Logger:Log (UnityEngine.LogType,object)
UnityEngine.Debug:Log (object)
AreaBattle.OutgameInputManager/<>c:<.ctor>b__104_0 (object[]) (at Assets/AreaBattle/Scripts/OutgameInputManager.cs:40)
AreaBattle.OutgameInputManager:add_TouchBegin (System.Action`2<single, single>) (at Assets/AreaBattle/Scripts/OutgameInputManager.cs:42)
AreaBattle.EditorTools.OutgameInputManagerValidation/Fixture:.ctor () (at Assets/AreaBattle/Editor/OutgameInputManagerValidation.cs:22)
AreaBattle.EditorTools.OutgameInputManagerValidation/<>c:<Run>b__6_14 () (at Assets/AreaBattle/Editor/OutgameInputManagerValidation.cs:44)
AreaBattle.EditorTools.OutgameInputManagerValidation/<>c__DisplayClass6_0:<Run>b__0 (string,System.Action) (at Assets/AreaBattle/Editor/OutgameInputManagerValidation.cs:30)
AreaBattle.EditorTools.OutgameInputManagerValidation:Run () (at Assets/AreaBattle/Editor/OutgameInputManagerValidation.cs:44)
System.Reflection.RuntimeMethodInfo:Invoke (object,System.Reflection.BindingFlags,System.Reflection.Binder,object[],System.Globalization.CultureInfo)
System.Reflection.MethodBase:Invoke (object,object[])
AreaBattle.EditorTools.BattleBuild:ValidateIntegrated () (at Assets/AreaBattle/Editor/BattleBuild.cs:32)
AreaBattle.EditorTools.BattleBuild:ValidateMechanicsOnly () (at Assets/AreaBattle/Editor/BattleBuild.cs:18)

(Filename: Assets/AreaBattle/Scripts/OutgameInputManager.cs Line: 40)

add touch begin handle:
UnityEngine.Debug:ExtractStackTraceNoAlloc (byte*,int,string)
UnityEngine.StackTraceUtility:ExtractStackTrace () (at /Users/bokken/build/output/unity/unity/Runtime/Export/Scripting/StackTrace.cs:35)
UnityEngine.DebugLogHandler:Internal_Log (UnityEngine.LogType,UnityEngine.LogOption,string,UnityEngine.Object)
UnityEngine.DebugLogHandler:LogFormat (UnityEngine.LogType,UnityEngine.Object,string,object[])
UnityEngine.Logger:Log (UnityEngine.LogType,object)
UnityEngine.Debug:Log (object)
AreaBattle.OutgameInputManager/<>c:<.ctor>b__104_0 (object[]) (at Assets/AreaBattle/Scripts/OutgameInputManager.cs:40)
AreaBattle.OutgameInputManager:add_TouchBegin (System.Action`2<single, single>) (at Assets/AreaBattle/Scripts/OutgameInputManager.cs:42)
AreaBattle.EditorTools.OutgameInputManagerValidation/Fixture:.ctor () (at Assets/AreaBattle/Editor/OutgameInputManagerValidation.cs:22)
AreaBattle.EditorTools.OutgameInputManagerValidation/<>c:<Run>b__6_15 () (at Assets/AreaBattle/Editor/OutgameInputManagerValidation.cs:45)
AreaBattle.EditorTools.OutgameInputManagerValidation/<>c__DisplayClass6_0:<Run>b__0 (string,System.Action) (at Assets/AreaBattle/Editor/OutgameInputManagerValidation.cs:30)
AreaBattle.EditorTools.OutgameInputManagerValidation:Run () (at Assets/AreaBattle/Editor/OutgameInputManagerValidation.cs:45)
System.Reflection.RuntimeMethodInfo:Invoke (object,System.Reflection.BindingFlags,System.Reflection.Binder,object[],System.Globalization.CultureInfo)
System.Reflection.MethodBase:Invoke (object,object[])
AreaBattle.EditorTools.BattleBuild:ValidateIntegrated () (at Assets/AreaBattle/Editor/BattleBuild.cs:32)
AreaBattle.EditorTools.BattleBuild:ValidateMechanicsOnly () (at Assets/AreaBattle/Editor/BattleBuild.cs:18)

(Filename: Assets/AreaBattle/Scripts/OutgameInputManager.cs Line: 40)

add touch begin handle:
UnityEngine.Debug:ExtractStackTraceNoAlloc (byte*,int,string)
UnityEngine.StackTraceUtility:ExtractStackTrace () (at /Users/bokken/build/output/unity/unity/Runtime/Export/Scripting/StackTrace.cs:35)
UnityEngine.DebugLogHandler:Internal_Log (UnityEngine.LogType,UnityEngine.LogOption,string,UnityEngine.Object)
UnityEngine.DebugLogHandler:LogFormat (UnityEngine.LogType,UnityEngine.Object,string,object[])
UnityEngine.Logger:Log (UnityEngine.LogType,object)
UnityEngine.Debug:Log (object)
AreaBattle.OutgameInputManager/<>c:<.ctor>b__104_0 (object[]) (at Assets/AreaBattle/Scripts/OutgameInputManager.cs:40)
AreaBattle.OutgameInputManager:add_TouchBegin (System.Action`2<single, single>) (at Assets/AreaBattle/Scripts/OutgameInputManager.cs:42)
AreaBattle.EditorTools.OutgameInputManagerValidation/Fixture:.ctor () (at Assets/AreaBattle/Editor/OutgameInputManagerValidation.cs:22)
AreaBattle.EditorTools.OutgameInputManagerValidation/<>c:<Run>b__6_16 () (at Assets/AreaBattle/Editor/OutgameInputManagerValidation.cs:46)
AreaBattle.EditorTools.OutgameInputManagerValidation/<>c__DisplayClass6_0:<Run>b__0 (string,System.Action) (at Assets/AreaBattle/Editor/OutgameInputManagerValidation.cs:30)
AreaBattle.EditorTools.OutgameInputManagerValidation:Run () (at Assets/AreaBattle/Editor/OutgameInputManagerValidation.cs:46)
System.Reflection.RuntimeMethodInfo:Invoke (object,System.Reflection.BindingFlags,System.Reflection.Binder,object[],System.Globalization.CultureInfo)
System.Reflection.MethodBase:Invoke (object,object[])
AreaBattle.EditorTools.BattleBuild:ValidateIntegrated () (at Assets/AreaBattle/Editor/BattleBuild.cs:32)
AreaBattle.EditorTools.BattleBuild:ValidateMechanicsOnly () (at Assets/AreaBattle/Editor/BattleBuild.cs:18)

(Filename: Assets/AreaBattle/Scripts/OutgameInputManager.cs Line: 40)

add touch begin handle:
UnityEngine.Debug:ExtractStackTraceNoAlloc (byte*,int,string)
UnityEngine.StackTraceUtility:ExtractStackTrace () (at /Users/bokken/build/output/unity/unity/Runtime/Export/Scripting/StackTrace.cs:35)
UnityEngine.DebugLogHandler:Internal_Log (UnityEngine.LogType,UnityEngine.LogOption,string,UnityEngine.Object)
UnityEngine.DebugLogHandler:LogFormat (UnityEngine.LogType,UnityEngine.Object,string,object[])
UnityEngine.Logger:Log (UnityEngine.LogType,object)
UnityEngine.Debug:Log (object)
AreaBattle.OutgameInputManager/<>c:<.ctor>b__104_0 (object[]) (at Assets/AreaBattle/Scripts/OutgameInputManager.cs:40)
AreaBattle.OutgameInputManager:add_TouchBegin (System.Action`2<single, single>) (at Assets/AreaBattle/Scripts/OutgameInputManager.cs:42)
AreaBattle.EditorTools.OutgameInputManagerValidation/Fixture:.ctor () (at Assets/AreaBattle/Editor/OutgameInputManagerValidation.cs:22)
AreaBattle.EditorTools.OutgameInputManagerValidation/<>c:<Run>b__6_17 () (at Assets/AreaBattle/Editor/OutgameInputManagerValidation.cs:47)
AreaBattle.EditorTools.OutgameInputManagerValidation/<>c__DisplayClass6_0:<Run>b__0 (string,System.Action) (at Assets/AreaBattle/Editor/OutgameInputManagerValidation.cs:30)
AreaBattle.EditorTools.OutgameInputManagerValidation:Run () (at Assets/AreaBattle/Editor/OutgameInputManagerValidation.cs:47)
System.Reflection.RuntimeMethodInfo:Invoke (object,System.Reflection.BindingFlags,System.Reflection.Binder,object[],System.Globalization.CultureInfo)
System.Reflection.MethodBase:Invoke (object,object[])
AreaBattle.EditorTools.BattleBuild:ValidateIntegrated () (at Assets/AreaBattle/Editor/BattleBuild.cs:32)
AreaBattle.EditorTools.BattleBuild:ValidateMechanicsOnly () (at Assets/AreaBattle/Editor/BattleBuild.cs:18)

(Filename: Assets/AreaBattle/Scripts/OutgameInputManager.cs Line: 40)

add touch begin handle:
UnityEngine.Debug:ExtractStackTraceNoAlloc (byte*,int,string)
UnityEngine.StackTraceUtility:ExtractStackTrace () (at /Users/bokken/build/output/unity/unity/Runtime/Export/Scripting/StackTrace.cs:35)
UnityEngine.DebugLogHandler:Internal_Log (UnityEngine.LogType,UnityEngine.LogOption,string,UnityEngine.Object)
UnityEngine.DebugLogHandler:LogFormat (UnityEngine.LogType,UnityEngine.Object,string,object[])
UnityEngine.Logger:Log (UnityEngine.LogType,object)
UnityEngine.Debug:Log (object)
AreaBattle.OutgameInputManager/<>c:<.ctor>b__104_0 (object[]) (at Assets/AreaBattle/Scripts/OutgameInputManager.cs:40)
AreaBattle.OutgameInputManager:add_TouchBegin (System.Action`2<single, single>) (at Assets/AreaBattle/Scripts/OutgameInputManager.cs:42)
AreaBattle.EditorTools.OutgameInputManagerValidation/Fixture:.ctor () (at Assets/AreaBattle/Editor/OutgameInputManagerValidation.cs:22)
AreaBattle.EditorTools.OutgameInputManagerValidation/<>c:<Run>b__6_18 () (at Assets/AreaBattle/Editor/OutgameInputManagerValidation.cs:48)
AreaBattle.EditorTools.OutgameInputManagerValidation/<>c__DisplayClass6_0:<Run>b__0 (string,System.Action) (at Assets/AreaBattle/Editor/OutgameInputManagerValidation.cs:30)
AreaBattle.EditorTools.OutgameInputManagerValidation:Run () (at Assets/AreaBattle/Editor/OutgameInputManagerValidation.cs:48)
System.Reflection.RuntimeMethodInfo:Invoke (object,System.Reflection.BindingFlags,System.Reflection.Binder,object[],System.Globalization.CultureInfo)
System.Reflection.MethodBase:Invoke (object,object[])
AreaBattle.EditorTools.BattleBuild:ValidateIntegrated () (at Assets/AreaBattle/Editor/BattleBuild.cs:32)
AreaBattle.EditorTools.BattleBuild:ValidateMechanicsOnly () (at Assets/AreaBattle/Editor/BattleBuild.cs:18)

(Filename: Assets/AreaBattle/Scripts/OutgameInputManager.cs Line: 40)

add touch begin handle:
UnityEngine.Debug:ExtractStackTraceNoAlloc (byte*,int,string)
UnityEngine.StackTraceUtility:ExtractStackTrace () (at /Users/bokken/build/output/unity/unity/Runtime/Export/Scripting/StackTrace.cs:35)
UnityEngine.DebugLogHandler:Internal_Log (UnityEngine.LogType,UnityEngine.LogOption,string,UnityEngine.Object)
UnityEngine.DebugLogHandler:LogFormat (UnityEngine.LogType,UnityEngine.Object,string,object[])
UnityEngine.Logger:Log (UnityEngine.LogType,object)
UnityEngine.Debug:Log (object)
AreaBattle.OutgameInputManager/<>c:<.ctor>b__104_0 (object[]) (at Assets/AreaBattle/Scripts/OutgameInputManager.cs:40)
AreaBattle.OutgameInputManager:add_TouchBegin (System.Action`2<single, single>) (at Assets/AreaBattle/Scripts/OutgameInputManager.cs:42)
AreaBattle.EditorTools.OutgameInputManagerValidation/Fixture:.ctor () (at Assets/AreaBattle/Editor/OutgameInputManagerValidation.cs:22)
AreaBattle.EditorTools.OutgameInputManagerValidation/<>c:<Run>b__6_19 () (at Assets/AreaBattle/Editor/OutgameInputManagerValidation.cs:49)
AreaBattle.EditorTools.OutgameInputManagerValidation/<>c__DisplayClass6_0:<Run>b__0 (string,System.Action) (at Assets/AreaBattle/Editor/OutgameInputManagerValidation.cs:30)
AreaBattle.EditorTools.OutgameInputManagerValidation:Run () (at Assets/AreaBattle/Editor/OutgameInputManagerValidation.cs:49)
System.Reflection.RuntimeMethodInfo:Invoke (object,System.Reflection.BindingFlags,System.Reflection.Binder,object[],System.Globalization.CultureInfo)
System.Reflection.MethodBase:Invoke (object,object[])
AreaBattle.EditorTools.BattleBuild:ValidateIntegrated () (at Assets/AreaBattle/Editor/BattleBuild.cs:32)
AreaBattle.EditorTools.BattleBuild:ValidateMechanicsOnly () (at Assets/AreaBattle/Editor/BattleBuild.cs:18)

(Filename: Assets/AreaBattle/Scripts/OutgameInputManager.cs Line: 40)

target[page (UnityEngine.GameObject)]找到了CanvasGroup，优先使用CanvasGroup控制UI渐隐
UnityEngine.Debug:ExtractStackTraceNoAlloc (byte*,int,string)
UnityEngine.StackTraceUtility:ExtractStackTrace () (at /Users/bokken/build/output/unity/unity/Runtime/Export/Scripting/StackTrace.cs:35)
UnityEngine.DebugLogHandler:Internal_Log (UnityEngine.LogType,UnityEngine.LogOption,string,UnityEngine.Object)
UnityEngine.DebugLogHandler:LogFormat (UnityEngine.LogType,UnityEngine.Object,string,object[])
UnityEngine.Logger:Log (UnityEngine.LogType,object)
UnityEngine.Debug:Log (object)
AreaBattle.OutgameUiAnimation/<ObjectAnim>d__10:MoveNext () (at Assets/AreaBattle/Scripts/OutgameUiAnimation.cs:41)
AreaBattle.EditorTools.OutgameLoginSyncValidation/<>c:<Run>b__53_84 () (at Assets/AreaBattle/Editor/OutgameLoginSyncValidation.cs:1478)
AreaBattle.EditorTools.OutgameLoginSyncValidation/<>c__DisplayClass53_0:<Run>b__0 (string,System.Action) (at Assets/AreaBattle/Editor/OutgameLoginSyncValidation.cs:526)
AreaBattle.EditorTools.OutgameLoginSyncValidation:Run () (at Assets/AreaBattle/Editor/OutgameLoginSyncValidation.cs:1470)
System.Reflection.RuntimeMethodInfo:Invoke (object,System.Reflection.BindingFlags,System.Reflection.Binder,object[],System.Globalization.CultureInfo)
System.Reflection.MethodBase:Invoke (object,object[])
AreaBattle.EditorTools.BattleBuild:ValidateIntegrated () (at Assets/AreaBattle/Editor/BattleBuild.cs:32)
AreaBattle.EditorTools.BattleBuild:ValidateMechanicsOnly () (at Assets/AreaBattle/Editor/BattleBuild.cs:18)

(Filename: Assets/AreaBattle/Scripts/OutgameUiAnimation.cs Line: 41)

Instantiating material due to calling renderer.material during edit mode. This will leak materials into the scene. You most likely want to use renderer.sharedMaterial instead.
UnityEngine.Debug:ExtractStackTraceNoAlloc (byte*,int,string)
UnityEngine.StackTraceUtility:ExtractStackTrace () (at /Users/bokken/build/output/unity/unity/Runtime/Export/Scripting/StackTrace.cs:35)
UnityEngine.Renderer:GetMaterial ()
UnityEngine.Renderer:get_material () (at /Users/bokken/build/output/unity/unity/Runtime/Export/Graphics/GraphicsRenderers.bindings.cs:180)
AreaBattle.RecoveredWayLineVisual:Initialize () (at Assets/AreaBattle/Scripts/RecoveredWayLineVisual.cs:33)
AreaBattle.RecoveredWayLineVisual:SetLine (UnityEngine.Vector3,UnityEngine.Vector3,UnityEngine.Color,UnityEngine.Color,bool,bool,single) (at Assets/AreaBattle/Scripts/RecoveredWayLineVisual.cs:56)
AreaBattle.RecoveredWayLineVisual:Synchronize (AreaBattle.LineState,AreaBattle.TowerState,AreaBattle.TowerState,UnityEngine.Color,UnityEngine.Color,single) (at Assets/AreaBattle/Scripts/RecoveredWayLineVisual.cs:46)
AreaBattle.RecoveredWayLineVisual:Synchronize (AreaBattle.LineState,AreaBattle.TowerState,AreaBattle.TowerState,single) (at Assets/AreaBattle/Scripts/RecoveredWayLineVisual.cs:21)
AreaBattle.BattleView:RefreshPresentation () (at Assets/AreaBattle/Scripts/BattleView.cs:566)
AreaBattle.BattleView:AdvanceFrame (single,single) (at Assets/AreaBattle/Scripts/BattleView.cs:374)
AreaBattle.EditorTools.OriginalVideoValidation/<>c:<Run>b__6_7 () (at Assets/AreaBattle/Editor/OriginalVideoValidation.cs:116)
AreaBattle.EditorTools.OriginalVideoValidation/<>c__DisplayClass6_0:<Run>b__0 (string,System.Action) (at Assets/AreaBattle/Editor/OriginalVideoValidation.cs:35)
AreaBattle.EditorTools.OriginalVideoValidation:Run () (at Assets/AreaBattle/Editor/OriginalVideoValidation.cs:107)
System.Reflection.RuntimeMethodInfo:Invoke (object,System.Reflection.BindingFlags,System.Reflection.Binder,object[],System.Globalization.CultureInfo)
System.Reflection.MethodBase:Invoke (object,object[])
AreaBattle.EditorTools.BattleBuild:ValidateIntegrated () (at Assets/AreaBattle/Editor/BattleBuild.cs:32)
AreaBattle.EditorTools.BattleBuild:ValidateMechanicsOnly () (at Assets/AreaBattle/Editor/BattleBuild.cs:18)

[Assets/AreaBattle/Scripts/RecoveredWayLineVisual.cs line 21]

Instantiating material due to calling renderer.material during edit mode. This will leak materials into the scene. You most likely want to use renderer.sharedMaterial instead.
UnityEngine.Debug:ExtractStackTraceNoAlloc (byte*,int,string)
UnityEngine.StackTraceUtility:ExtractStackTrace () (at /Users/bokken/build/output/unity/unity/Runtime/Export/Scripting/StackTrace.cs:35)
UnityEngine.Renderer:GetMaterial ()
UnityEngine.Renderer:get_material () (at /Users/bokken/build/output/unity/unity/Runtime/Export/Graphics/GraphicsRenderers.bindings.cs:180)
AreaBattle.RecoveredWayLineVisual:Initialize () (at Assets/AreaBattle/Scripts/RecoveredWayLineVisual.cs:33)
AreaBattle.RecoveredWayLineVisual:SetLine (UnityEngine.Vector3,UnityEngine.Vector3,UnityEngine.Color,UnityEngine.Color,bool,bool,single) (at Assets/AreaBattle/Scripts/RecoveredWayLineVisual.cs:56)
AreaBattle.RecoveredWayLineVisual:Synchronize (AreaBattle.LineState,AreaBattle.TowerState,AreaBattle.TowerState,UnityEngine.Color,UnityEngine.Color,single) (at Assets/AreaBattle/Scripts/RecoveredWayLineVisual.cs:46)
AreaBattle.RecoveredWayLineVisual:Synchronize (AreaBattle.LineState,AreaBattle.TowerState,AreaBattle.TowerState,single) (at Assets/AreaBattle/Scripts/RecoveredWayLineVisual.cs:21)
AreaBattle.BattleView:RefreshPresentation () (at Assets/AreaBattle/Scripts/BattleView.cs:566)
AreaBattle.BattleView:AdvanceFrame (single,single) (at Assets/AreaBattle/Scripts/BattleView.cs:374)
AreaBattle.EditorTools.OriginalVideoValidation/<>c:<Run>b__6_7 () (at Assets/AreaBattle/Editor/OriginalVideoValidation.cs:116)
AreaBattle.EditorTools.OriginalVideoValidation/<>c__DisplayClass6_0:<Run>b__0 (string,System.Action) (at Assets/AreaBattle/Editor/OriginalVideoValidation.cs:35)
AreaBattle.EditorTools.OriginalVideoValidation:Run () (at Assets/AreaBattle/Editor/OriginalVideoValidation.cs:107)
System.Reflection.RuntimeMethodInfo:Invoke (object,System.Reflection.BindingFlags,System.Reflection.Binder,object[],System.Globalization.CultureInfo)
System.Reflection.MethodBase:Invoke (object,object[])
AreaBattle.EditorTools.BattleBuild:ValidateIntegrated () (at Assets/AreaBattle/Editor/BattleBuild.cs:32)
AreaBattle.EditorTools.BattleBuild:ValidateMechanicsOnly () (at Assets/AreaBattle/Editor/BattleBuild.cs:18)

[Assets/AreaBattle/Scripts/RecoveredWayLineVisual.cs line 21]

Instantiating material due to calling renderer.material during edit mode. This will leak materials into the scene. You most likely want to use renderer.sharedMaterial instead.
UnityEngine.Debug:ExtractStackTraceNoAlloc (byte*,int,string)
UnityEngine.StackTraceUtility:ExtractStackTrace () (at /Users/bokken/build/output/unity/unity/Runtime/Export/Scripting/StackTrace.cs:35)
UnityEngine.Renderer:GetMaterial ()
UnityEngine.Renderer:get_material () (at /Users/bokken/build/output/unity/unity/Runtime/Export/Graphics/GraphicsRenderers.bindings.cs:180)
AreaBattle.RecoveredWayLineVisual:Initialize () (at Assets/AreaBattle/Scripts/RecoveredWayLineVisual.cs:33)
AreaBattle.RecoveredWayLineVisual:SetLine (UnityEngine.Vector3,UnityEngine.Vector3,UnityEngine.Color,UnityEngine.Color,bool,bool,single) (at Assets/AreaBattle/Scripts/RecoveredWayLineVisual.cs:56)
AreaBattle.RecoveredWayLineVisual:Synchronize (AreaBattle.LineState,AreaBattle.TowerState,AreaBattle.TowerState,UnityEngine.Color,UnityEngine.Color,single) (at Assets/AreaBattle/Scripts/RecoveredWayLineVisual.cs:46)
AreaBattle.RecoveredWayLineVisual:Synchronize (AreaBattle.LineState,AreaBattle.TowerState,AreaBattle.TowerState,single) (at Assets/AreaBattle/Scripts/RecoveredWayLineVisual.cs:21)
AreaBattle.BattleView:RefreshPresentation () (at Assets/AreaBattle/Scripts/BattleView.cs:566)
AreaBattle.BattleView:AdvanceFrame (single,single) (at Assets/AreaBattle/Scripts/BattleView.cs:374)
AreaBattle.EditorTools.OriginalVideoValidation/<>c:<Run>b__6_7 () (at Assets/AreaBattle/Editor/OriginalVideoValidation.cs:116)
AreaBattle.EditorTools.OriginalVideoValidation/<>c__DisplayClass6_0:<Run>b__0 (string,System.Action) (at Assets/AreaBattle/Editor/OriginalVideoValidation.cs:35)
AreaBattle.EditorTools.OriginalVideoValidation:Run () (at Assets/AreaBattle/Editor/OriginalVideoValidation.cs:107)
System.Reflection.RuntimeMethodInfo:Invoke (object,System.Reflection.BindingFlags,System.Reflection.Binder,object[],System.Globalization.CultureInfo)
System.Reflection.MethodBase:Invoke (object,object[])
AreaBattle.EditorTools.BattleBuild:ValidateIntegrated () (at Assets/AreaBattle/Editor/BattleBuild.cs:32)
AreaBattle.EditorTools.BattleBuild:ValidateMechanicsOnly () (at Assets/AreaBattle/Editor/BattleBuild.cs:18)

[Assets/AreaBattle/Scripts/RecoveredWayLineVisual.cs line 21]

Instantiating material due to calling renderer.material during edit mode. This will leak materials into the scene. You most likely want to use renderer.sharedMaterial instead.
UnityEngine.Debug:ExtractStackTraceNoAlloc (byte*,int,string)
UnityEngine.StackTraceUtility:ExtractStackTrace () (at /Users/bokken/build/output/unity/unity/Runtime/Export/Scripting/StackTrace.cs:35)
UnityEngine.Renderer:GetMaterial ()
UnityEngine.Renderer:get_material () (at /Users/bokken/build/output/unity/unity/Runtime/Export/Graphics/GraphicsRenderers.bindings.cs:180)
AreaBattle.RecoveredWayLineVisual:Initialize () (at Assets/AreaBattle/Scripts/RecoveredWayLineVisual.cs:33)
AreaBattle.RecoveredWayLineVisual:SetLine (UnityEngine.Vector3,UnityEngine.Vector3,UnityEngine.Color,UnityEngine.Color,bool,bool,single) (at Assets/AreaBattle/Scripts/RecoveredWayLineVisual.cs:56)
AreaBattle.RecoveredWayLineVisual:Synchronize (AreaBattle.LineState,AreaBattle.TowerState,AreaBattle.TowerState,UnityEngine.Color,UnityEngine.Color,single) (at Assets/AreaBattle/Scripts/RecoveredWayLineVisual.cs:46)
AreaBattle.RecoveredWayLineVisual:Synchronize (AreaBattle.LineState,AreaBattle.TowerState,AreaBattle.TowerState,single) (at Assets/AreaBattle/Scripts/RecoveredWayLineVisual.cs:21)
AreaBattle.BattleView:RefreshPresentation () (at Assets/AreaBattle/Scripts/BattleView.cs:566)
AreaBattle.BattleView:AdvanceFrame (single,single) (at Assets/AreaBattle/Scripts/BattleView.cs:374)
AreaBattle.EditorTools.OriginalVideoValidation/<>c:<Run>b__6_7 () (at Assets/AreaBattle/Editor/OriginalVideoValidation.cs:116)
AreaBattle.EditorTools.OriginalVideoValidation/<>c__DisplayClass6_0:<Run>b__0 (string,System.Action) (at Assets/AreaBattle/Editor/OriginalVideoValidation.cs:35)
AreaBattle.EditorTools.OriginalVideoValidation:Run () (at Assets/AreaBattle/Editor/OriginalVideoValidation.cs:107)
System.Reflection.RuntimeMethodInfo:Invoke (object,System.Reflection.BindingFlags,System.Reflection.Binder,object[],System.Globalization.CultureInfo)
System.Reflection.MethodBase:Invoke (object,object[])
AreaBattle.EditorTools.BattleBuild:ValidateIntegrated () (at Assets/AreaBattle/Editor/BattleBuild.cs:32)
AreaBattle.EditorTools.BattleBuild:ValidateMechanicsOnly () (at Assets/AreaBattle/Editor/BattleBuild.cs:18)

[Assets/AreaBattle/Scripts/RecoveredWayLineVisual.cs line 21]

AREABATTLE_GUIDE_VALIDATION_PASS 17
UnityEngine.Debug:ExtractStackTraceNoAlloc (byte*,int,string)
UnityEngine.StackTraceUtility:ExtractStackTrace () (at /Users/bokken/build/output/unity/unity/Runtime/Export/Scripting/StackTrace.cs:35)
UnityEngine.DebugLogHandler:Internal_Log (UnityEngine.LogType,UnityEngine.LogOption,string,UnityEngine.Object)
UnityEngine.DebugLogHandler:LogFormat (UnityEngine.LogType,UnityEngine.Object,string,object[])
UnityEngine.Logger:Log (UnityEngine.LogType,object)
UnityEngine.Debug:Log (object)
AreaBattle.EditorTools.GuideValidation:Run () (at Assets/AreaBattle/Editor/GuideValidation.cs:253)
System.Reflection.RuntimeMethodInfo:Invoke (object,System.Reflection.BindingFlags,System.Reflection.Binder,object[],System.Globalization.CultureInfo)
System.Reflection.MethodBase:Invoke (object,object[])
AreaBattle.EditorTools.BattleBuild:ValidateIntegrated () (at Assets/AreaBattle/Editor/BattleBuild.cs:32)
AreaBattle.EditorTools.BattleBuild:ValidateMechanicsOnly () (at Assets/AreaBattle/Editor/BattleBuild.cs:18)

(Filename: Assets/AreaBattle/Editor/GuideValidation.cs Line: 253)

Instantiating material due to calling renderer.material during edit mode. This will leak materials into the scene. You most likely want to use renderer.sharedMaterial instead.
UnityEngine.Debug:ExtractStackTraceNoAlloc (byte*,int,string)
UnityEngine.StackTraceUtility:ExtractStackTrace () (at /Users/bokken/build/output/unity/unity/Runtime/Export/Scripting/StackTrace.cs:35)
UnityEngine.Renderer:GetMaterial ()
UnityEngine.Renderer:get_material () (at /Users/bokken/build/output/unity/unity/Runtime/Export/Graphics/GraphicsRenderers.bindings.cs:180)
AreaBattle.RecoveredWayLineVisual:Initialize () (at Assets/AreaBattle/Scripts/RecoveredWayLineVisual.cs:33)
AreaBattle.RecoveredWayLineVisual:SetLine (UnityEngine.Vector3,UnityEngine.Vector3,UnityEngine.Color,UnityEngine.Color,bool,bool,single) (at Assets/AreaBattle/Scripts/RecoveredWayLineVisual.cs:56)
AreaBattle.RecoveredWayLineVisual:Synchronize (AreaBattle.LineState,AreaBattle.TowerState,AreaBattle.TowerState,UnityEngine.Color,UnityEngine.Color,single) (at Assets/AreaBattle/Scripts/RecoveredWayLineVisual.cs:46)
AreaBattle.RecoveredWayLineVisual:Synchronize (AreaBattle.LineState,AreaBattle.TowerState,AreaBattle.TowerState,single) (at Assets/AreaBattle/Scripts/RecoveredWayLineVisual.cs:21)
AreaBattle.BattleView:RefreshPresentation () (at Assets/AreaBattle/Scripts/BattleView.cs:566)
AreaBattle.BattleView:AdvanceFrame (single,single) (at Assets/AreaBattle/Scripts/BattleView.cs:374)
AreaBattle.EditorTools.SkillInputValidation/<>c__DisplayClass1_3:<Run>b__19 () (at Assets/AreaBattle/Editor/SkillInputValidation.cs:177)
AreaBattle.EditorTools.SkillInputValidation/<>c__DisplayClass1_0:<Run>b__0 (string,System.Action) (at Assets/AreaBattle/Editor/SkillInputValidation.cs:18)
AreaBattle.EditorTools.SkillInputValidation:Run () (at Assets/AreaBattle/Editor/SkillInputValidation.cs:152)
System.Reflection.RuntimeMethodInfo:Invoke (object,System.Reflection.BindingFlags,System.Reflection.Binder,object[],System.Globalization.CultureInfo)
System.Reflection.MethodBase:Invoke (object,object[])
AreaBattle.EditorTools.BattleBuild:ValidateIntegrated () (at Assets/AreaBattle/Editor/BattleBuild.cs:32)
AreaBattle.EditorTools.BattleBuild:ValidateMechanicsOnly () (at Assets/AreaBattle/Editor/BattleBuild.cs:18)

[Assets/AreaBattle/Scripts/RecoveredWayLineVisual.cs line 21]

Instantiating material due to calling renderer.material during edit mode. This will leak materials into the scene. You most likely want to use renderer.sharedMaterial instead.
UnityEngine.Debug:ExtractStackTraceNoAlloc (byte*,int,string)
UnityEngine.StackTraceUtility:ExtractStackTrace () (at /Users/bokken/build/output/unity/unity/Runtime/Export/Scripting/StackTrace.cs:35)
UnityEngine.Renderer:GetMaterial ()
UnityEngine.Renderer:get_material () (at /Users/bokken/build/output/unity/unity/Runtime/Export/Graphics/GraphicsRenderers.bindings.cs:180)
AreaBattle.RecoveredWayLineVisual:Initialize () (at Assets/AreaBattle/Scripts/RecoveredWayLineVisual.cs:33)
AreaBattle.RecoveredWayLineVisual:SetLine (UnityEngine.Vector3,UnityEngine.Vector3,UnityEngine.Color,UnityEngine.Color,bool,bool,single) (at Assets/AreaBattle/Scripts/RecoveredWayLineVisual.cs:56)
AreaBattle.RecoveredWayLineVisual:Synchronize (AreaBattle.LineState,AreaBattle.TowerState,AreaBattle.TowerState,UnityEngine.Color,UnityEngine.Color,single) (at Assets/AreaBattle/Scripts/RecoveredWayLineVisual.cs:46)
AreaBattle.RecoveredWayLineVisual:Synchronize (AreaBattle.LineState,AreaBattle.TowerState,AreaBattle.TowerState,single) (at Assets/AreaBattle/Scripts/RecoveredWayLineVisual.cs:21)
AreaBattle.BattleView:RefreshPresentation () (at Assets/AreaBattle/Scripts/BattleView.cs:566)
AreaBattle.BattleView:AdvanceFrame (single,single) (at Assets/AreaBattle/Scripts/BattleView.cs:374)
AreaBattle.EditorTools.SkillInputValidation/<>c__DisplayClass1_3:<Run>b__19 () (at Assets/AreaBattle/Editor/SkillInputValidation.cs:177)
AreaBattle.EditorTools.SkillInputValidation/<>c__DisplayClass1_0:<Run>b__0 (string,System.Action) (at Assets/AreaBattle/Editor/SkillInputValidation.cs:18)
AreaBattle.EditorTools.SkillInputValidation:Run () (at Assets/AreaBattle/Editor/SkillInputValidation.cs:152)
System.Reflection.RuntimeMethodInfo:Invoke (object,System.Reflection.BindingFlags,System.Reflection.Binder,object[],System.Globalization.CultureInfo)
System.Reflection.MethodBase:Invoke (object,object[])
AreaBattle.EditorTools.BattleBuild:ValidateIntegrated () (at Assets/AreaBattle/Editor/BattleBuild.cs:32)
AreaBattle.EditorTools.BattleBuild:ValidateMechanicsOnly () (at Assets/AreaBattle/Editor/BattleBuild.cs:18)

[Assets/AreaBattle/Scripts/RecoveredWayLineVisual.cs line 21]

Instantiating material due to calling renderer.material during edit mode. This will leak materials into the scene. You most likely want to use renderer.sharedMaterial instead.
UnityEngine.Debug:ExtractStackTraceNoAlloc (byte*,int,string)
UnityEngine.StackTraceUtility:ExtractStackTrace () (at /Users/bokken/build/output/unity/unity/Runtime/Export/Scripting/StackTrace.cs:35)
UnityEngine.Renderer:GetMaterial ()
UnityEngine.Renderer:get_material () (at /Users/bokken/build/output/unity/unity/Runtime/Export/Graphics/GraphicsRenderers.bindings.cs:180)
AreaBattle.RecoveredWayLineVisual:Initialize () (at Assets/AreaBattle/Scripts/RecoveredWayLineVisual.cs:33)
AreaBattle.RecoveredWayLineVisual:SetLine (UnityEngine.Vector3,UnityEngine.Vector3,UnityEngine.Color,UnityEngine.Color,bool,bool,single) (at Assets/AreaBattle/Scripts/RecoveredWayLineVisual.cs:56)
AreaBattle.RecoveredWayLineVisual:Synchronize (AreaBattle.LineState,AreaBattle.TowerState,AreaBattle.TowerState,UnityEngine.Color,UnityEngine.Color,single) (at Assets/AreaBattle/Scripts/RecoveredWayLineVisual.cs:46)
AreaBattle.RecoveredWayLineVisual:Synchronize (AreaBattle.LineState,AreaBattle.TowerState,AreaBattle.TowerState,single) (at Assets/AreaBattle/Scripts/RecoveredWayLineVisual.cs:21)
AreaBattle.BattleView:RefreshPresentation () (at Assets/AreaBattle/Scripts/BattleView.cs:566)
AreaBattle.BattleView:AdvanceFrame (single,single) (at Assets/AreaBattle/Scripts/BattleView.cs:374)
AreaBattle.EditorTools.SkillInputValidation/<>c__DisplayClass1_3:<Run>b__19 () (at Assets/AreaBattle/Editor/SkillInputValidation.cs:177)
AreaBattle.EditorTools.SkillInputValidation/<>c__DisplayClass1_0:<Run>b__0 (string,System.Action) (at Assets/AreaBattle/Editor/SkillInputValidation.cs:18)
AreaBattle.EditorTools.SkillInputValidation:Run () (at Assets/AreaBattle/Editor/SkillInputValidation.cs:152)
System.Reflection.RuntimeMethodInfo:Invoke (object,System.Reflection.BindingFlags,System.Reflection.Binder,object[],System.Globalization.CultureInfo)
System.Reflection.MethodBase:Invoke (object,object[])
AreaBattle.EditorTools.BattleBuild:ValidateIntegrated () (at Assets/AreaBattle/Editor/BattleBuild.cs:32)
AreaBattle.EditorTools.BattleBuild:ValidateMechanicsOnly () (at Assets/AreaBattle/Editor/BattleBuild.cs:18)

[Assets/AreaBattle/Scripts/RecoveredWayLineVisual.cs line 21]

Instantiating material due to calling renderer.material during edit mode. This will leak materials into the scene. You most likely want to use renderer.sharedMaterial instead.
UnityEngine.Debug:ExtractStackTraceNoAlloc (byte*,int,string)
UnityEngine.StackTraceUtility:ExtractStackTrace () (at /Users/bokken/build/output/unity/unity/Runtime/Export/Scripting/StackTrace.cs:35)
UnityEngine.Renderer:GetMaterial ()
UnityEngine.Renderer:get_material () (at /Users/bokken/build/output/unity/unity/Runtime/Export/Graphics/GraphicsRenderers.bindings.cs:180)
AreaBattle.RecoveredWayLineVisual:Initialize () (at Assets/AreaBattle/Scripts/RecoveredWayLineVisual.cs:33)
AreaBattle.RecoveredWayLineVisual:SetLine (UnityEngine.Vector3,UnityEngine.Vector3,UnityEngine.Color,UnityEngine.Color,bool,bool,single) (at Assets/AreaBattle/Scripts/RecoveredWayLineVisual.cs:56)
AreaBattle.RecoveredWayLineVisual:Synchronize (AreaBattle.LineState,AreaBattle.TowerState,AreaBattle.TowerState,UnityEngine.Color,UnityEngine.Color,single) (at Assets/AreaBattle/Scripts/RecoveredWayLineVisual.cs:46)
AreaBattle.RecoveredWayLineVisual:Synchronize (AreaBattle.LineState,AreaBattle.TowerState,AreaBattle.TowerState,single) (at Assets/AreaBattle/Scripts/RecoveredWayLineVisual.cs:21)
AreaBattle.BattleView:RefreshPresentation () (at Assets/AreaBattle/Scripts/BattleView.cs:566)
AreaBattle.BattleView:AdvanceFrame (single,single) (at Assets/AreaBattle/Scripts/BattleView.cs:374)
AreaBattle.EditorTools.SkillInputValidation/<>c__DisplayClass1_3:<Run>b__19 () (at Assets/AreaBattle/Editor/SkillInputValidation.cs:177)
AreaBattle.EditorTools.SkillInputValidation/<>c__DisplayClass1_0:<Run>b__0 (string,System.Action) (at Assets/AreaBattle/Editor/SkillInputValidation.cs:18)
AreaBattle.EditorTools.SkillInputValidation:Run () (at Assets/AreaBattle/Editor/SkillInputValidation.cs:152)
System.Reflection.RuntimeMethodInfo:Invoke (object,System.Reflection.BindingFlags,System.Reflection.Binder,object[],System.Globalization.CultureInfo)
System.Reflection.MethodBase:Invoke (object,object[])
AreaBattle.EditorTools.BattleBuild:ValidateIntegrated () (at Assets/AreaBattle/Editor/BattleBuild.cs:32)
AreaBattle.EditorTools.BattleBuild:ValidateMechanicsOnly () (at Assets/AreaBattle/Editor/BattleBuild.cs:18)

[Assets/AreaBattle/Scripts/RecoveredWayLineVisual.cs line 21]

Instantiating material due to calling renderer.material during edit mode. This will leak materials into the scene. You most likely want to use renderer.sharedMaterial instead.
UnityEngine.Debug:ExtractStackTraceNoAlloc (byte*,int,string)
UnityEngine.StackTraceUtility:ExtractStackTrace () (at /Users/bokken/build/output/unity/unity/Runtime/Export/Scripting/StackTrace.cs:35)
UnityEngine.Renderer:GetMaterial ()
UnityEngine.Renderer:get_material () (at /Users/bokken/build/output/unity/unity/Runtime/Export/Graphics/GraphicsRenderers.bindings.cs:180)
AreaBattle.RecoveredWayLineVisual:Initialize () (at Assets/AreaBattle/Scripts/RecoveredWayLineVisual.cs:33)
AreaBattle.RecoveredWayLineVisual:SetLine (UnityEngine.Vector3,UnityEngine.Vector3,UnityEngine.Color,UnityEngine.Color,bool,bool,single) (at Assets/AreaBattle/Scripts/RecoveredWayLineVisual.cs:56)
AreaBattle.RecoveredWayLineVisual:Synchronize (AreaBattle.LineState,AreaBattle.TowerState,AreaBattle.TowerState,UnityEngine.Color,UnityEngine.Color,single) (at Assets/AreaBattle/Scripts/RecoveredWayLineVisual.cs:46)
AreaBattle.RecoveredWayLineVisual:Synchronize (AreaBattle.LineState,AreaBattle.TowerState,AreaBattle.TowerState,single) (at Assets/AreaBattle/Scripts/RecoveredWayLineVisual.cs:21)
AreaBattle.BattleView:RefreshPresentation () (at Assets/AreaBattle/Scripts/BattleView.cs:566)
AreaBattle.BattleView:AdvanceFrame (single,single) (at Assets/AreaBattle/Scripts/BattleView.cs:374)
AreaBattle.EditorTools.SkillInputValidation/<>c__DisplayClass1_3:<Run>b__19 () (at Assets/AreaBattle/Editor/SkillInputValidation.cs:177)
AreaBattle.EditorTools.SkillInputValidation/<>c__DisplayClass1_0:<Run>b__0 (string,System.Action) (at Assets/AreaBattle/Editor/SkillInputValidation.cs:18)
AreaBattle.EditorTools.SkillInputValidation:Run () (at Assets/AreaBattle/Editor/SkillInputValidation.cs:152)
System.Reflection.RuntimeMethodInfo:Invoke (object,System.Reflection.BindingFlags,System.Reflection.Binder,object[],System.Globalization.CultureInfo)
System.Reflection.MethodBase:Invoke (object,object[])
AreaBattle.EditorTools.BattleBuild:ValidateIntegrated () (at Assets/AreaBattle/Editor/BattleBuild.cs:32)
AreaBattle.EditorTools.BattleBuild:ValidateMechanicsOnly () (at Assets/AreaBattle/Editor/BattleBuild.cs:18)

[Assets/AreaBattle/Scripts/RecoveredWayLineVisual.cs line 21]

Instantiating material due to calling renderer.material during edit mode. This will leak materials into the scene. You most likely want to use renderer.sharedMaterial instead.
UnityEngine.Debug:ExtractStackTraceNoAlloc (byte*,int,string)
UnityEngine.StackTraceUtility:ExtractStackTrace () (at /Users/bokken/build/output/unity/unity/Runtime/Export/Scripting/StackTrace.cs:35)
UnityEngine.Renderer:GetMaterial ()
UnityEngine.Renderer:get_material () (at /Users/bokken/build/output/unity/unity/Runtime/Export/Graphics/GraphicsRenderers.bindings.cs:180)
AreaBattle.RecoveredWayLineVisual:Initialize () (at Assets/AreaBattle/Scripts/RecoveredWayLineVisual.cs:33)
AreaBattle.RecoveredWayLineVisual:SetLine (UnityEngine.Vector3,UnityEngine.Vector3,UnityEngine.Color,UnityEngine.Color,bool,bool,single) (at Assets/AreaBattle/Scripts/RecoveredWayLineVisual.cs:56)
AreaBattle.RecoveredWayLineVisual:Synchronize (AreaBattle.LineState,AreaBattle.TowerState,AreaBattle.TowerState,UnityEngine.Color,UnityEngine.Color,single) (at Assets/AreaBattle/Scripts/RecoveredWayLineVisual.cs:46)
AreaBattle.RecoveredWayLineVisual:Synchronize (AreaBattle.LineState,AreaBattle.TowerState,AreaBattle.TowerState,single) (at Assets/AreaBattle/Scripts/RecoveredWayLineVisual.cs:21)
AreaBattle.BattleView:RefreshPresentation () (at Assets/AreaBattle/Scripts/BattleView.cs:566)
AreaBattle.BattleView:AdvanceFrame (single,single) (at Assets/AreaBattle/Scripts/BattleView.cs:374)
AreaBattle.EditorTools.SkillInputValidation/<>c__DisplayClass1_3:<Run>b__19 () (at Assets/AreaBattle/Editor/SkillInputValidation.cs:177)
AreaBattle.EditorTools.SkillInputValidation/<>c__DisplayClass1_0:<Run>b__0 (string,System.Action) (at Assets/AreaBattle/Editor/SkillInputValidation.cs:18)
AreaBattle.EditorTools.SkillInputValidation:Run () (at Assets/AreaBattle/Editor/SkillInputValidation.cs:152)
System.Reflection.RuntimeMethodInfo:Invoke (object,System.Reflection.BindingFlags,System.Reflection.Binder,object[],System.Globalization.CultureInfo)
System.Reflection.MethodBase:Invoke (object,object[])
AreaBattle.EditorTools.BattleBuild:ValidateIntegrated () (at Assets/AreaBattle/Editor/BattleBuild.cs:32)
AreaBattle.EditorTools.BattleBuild:ValidateMechanicsOnly () (at Assets/AreaBattle/Editor/BattleBuild.cs:18)

[Assets/AreaBattle/Scripts/RecoveredWayLineVisual.cs line 21]

Instantiating material due to calling renderer.material during edit mode. This will leak materials into the scene. You most likely want to use renderer.sharedMaterial instead.
UnityEngine.Debug:ExtractStackTraceNoAlloc (byte*,int,string)
UnityEngine.StackTraceUtility:ExtractStackTrace () (at /Users/bokken/build/output/unity/unity/Runtime/Export/Scripting/StackTrace.cs:35)
UnityEngine.Renderer:GetMaterial ()
UnityEngine.Renderer:get_material () (at /Users/bokken/build/output/unity/unity/Runtime/Export/Graphics/GraphicsRenderers.bindings.cs:180)
AreaBattle.RecoveredWayLineVisual:Initialize () (at Assets/AreaBattle/Scripts/RecoveredWayLineVisual.cs:33)
AreaBattle.RecoveredWayLineVisual:SetLine (UnityEngine.Vector3,UnityEngine.Vector3,UnityEngine.Color,UnityEngine.Color,bool,bool,single) (at Assets/AreaBattle/Scripts/RecoveredWayLineVisual.cs:56)
AreaBattle.RecoveredWayLineVisual:Synchronize (AreaBattle.LineState,AreaBattle.TowerState,AreaBattle.TowerState,UnityEngine.Color,UnityEngine.Color,single) (at Assets/AreaBattle/Scripts/RecoveredWayLineVisual.cs:46)
AreaBattle.RecoveredWayLineVisual:Synchronize (AreaBattle.LineState,AreaBattle.TowerState,AreaBattle.TowerState,single) (at Assets/AreaBattle/Scripts/RecoveredWayLineVisual.cs:21)
AreaBattle.BattleView:RefreshPresentation () (at Assets/AreaBattle/Scripts/BattleView.cs:566)
AreaBattle.BattleView:AdvanceFrame (single,single) (at Assets/AreaBattle/Scripts/BattleView.cs:374)
AreaBattle.EditorTools.SkillInputValidation/<>c__DisplayClass1_3:<Run>b__19 () (at Assets/AreaBattle/Editor/SkillInputValidation.cs:177)
AreaBattle.EditorTools.SkillInputValidation/<>c__DisplayClass1_0:<Run>b__0 (string,System.Action) (at Assets/AreaBattle/Editor/SkillInputValidation.cs:18)
AreaBattle.EditorTools.SkillInputValidation:Run () (at Assets/AreaBattle/Editor/SkillInputValidation.cs:152)
System.Reflection.RuntimeMethodInfo:Invoke (object,System.Reflection.BindingFlags,System.Reflection.Binder,object[],System.Globalization.CultureInfo)
System.Reflection.MethodBase:Invoke (object,object[])
AreaBattle.EditorTools.BattleBuild:ValidateIntegrated () (at Assets/AreaBattle/Editor/BattleBuild.cs:32)
AreaBattle.EditorTools.BattleBuild:ValidateMechanicsOnly () (at Assets/AreaBattle/Editor/BattleBuild.cs:18)

[Assets/AreaBattle/Scripts/RecoveredWayLineVisual.cs line 21]

Instantiating material due to calling renderer.material during edit mode. This will leak materials into the scene. You most likely want to use renderer.sharedMaterial instead.
UnityEngine.Debug:ExtractStackTraceNoAlloc (byte*,int,string)
UnityEngine.StackTraceUtility:ExtractStackTrace () (at /Users/bokken/build/output/unity/unity/Runtime/Export/Scripting/StackTrace.cs:35)
UnityEngine.Renderer:GetMaterial ()
UnityEngine.Renderer:get_material () (at /Users/bokken/build/output/unity/unity/Runtime/Export/Graphics/GraphicsRenderers.bindings.cs:180)
AreaBattle.RecoveredWayLineVisual:Initialize () (at Assets/AreaBattle/Scripts/RecoveredWayLineVisual.cs:33)
AreaBattle.RecoveredWayLineVisual:SetLine (UnityEngine.Vector3,UnityEngine.Vector3,UnityEngine.Color,UnityEngine.Color,bool,bool,single) (at Assets/AreaBattle/Scripts/RecoveredWayLineVisual.cs:56)
AreaBattle.RecoveredWayLineVisual:Synchronize (AreaBattle.LineState,AreaBattle.TowerState,AreaBattle.TowerState,UnityEngine.Color,UnityEngine.Color,single) (at Assets/AreaBattle/Scripts/RecoveredWayLineVisual.cs:46)
AreaBattle.RecoveredWayLineVisual:Synchronize (AreaBattle.LineState,AreaBattle.TowerState,AreaBattle.TowerState,single) (at Assets/AreaBattle/Scripts/RecoveredWayLineVisual.cs:21)
AreaBattle.BattleView:RefreshPresentation () (at Assets/AreaBattle/Scripts/BattleView.cs:566)
AreaBattle.BattleView:AdvanceFrame (single,single) (at Assets/AreaBattle/Scripts/BattleView.cs:374)
AreaBattle.EditorTools.SkillInputValidation/<>c__DisplayClass1_3:<Run>b__19 () (at Assets/AreaBattle/Editor/SkillInputValidation.cs:177)
AreaBattle.EditorTools.SkillInputValidation/<>c__DisplayClass1_0:<Run>b__0 (string,System.Action) (at Assets/AreaBattle/Editor/SkillInputValidation.cs:18)
AreaBattle.EditorTools.SkillInputValidation:Run () (at Assets/AreaBattle/Editor/SkillInputValidation.cs:152)
System.Reflection.RuntimeMethodInfo:Invoke (object,System.Reflection.BindingFlags,System.Reflection.Binder,object[],System.Globalization.CultureInfo)
System.Reflection.MethodBase:Invoke (object,object[])
AreaBattle.EditorTools.BattleBuild:ValidateIntegrated () (at Assets/AreaBattle/Editor/BattleBuild.cs:32)
AreaBattle.EditorTools.BattleBuild:ValidateMechanicsOnly () (at Assets/AreaBattle/Editor/BattleBuild.cs:18)

[Assets/AreaBattle/Scripts/RecoveredWayLineVisual.cs line 21]

Instantiating material due to calling renderer.material during edit mode. This will leak materials into the scene. You most likely want to use renderer.sharedMaterial instead.
UnityEngine.Debug:ExtractStackTraceNoAlloc (byte*,int,string)
UnityEngine.StackTraceUtility:ExtractStackTrace () (at /Users/bokken/build/output/unity/unity/Runtime/Export/Scripting/StackTrace.cs:35)
UnityEngine.Renderer:GetMaterial ()
UnityEngine.Renderer:get_material () (at /Users/bokken/build/output/unity/unity/Runtime/Export/Graphics/GraphicsRenderers.bindings.cs:180)
AreaBattle.RecoveredWayLineVisual:Initialize () (at Assets/AreaBattle/Scripts/RecoveredWayLineVisual.cs:33)
AreaBattle.RecoveredWayLineVisual:SetLine (UnityEngine.Vector3,UnityEngine.Vector3,UnityEngine.Color,UnityEngine.Color,bool,bool,single) (at Assets/AreaBattle/Scripts/RecoveredWayLineVisual.cs:56)
AreaBattle.RecoveredWayLineVisual:Synchronize (AreaBattle.LineState,AreaBattle.TowerState,AreaBattle.TowerState,UnityEngine.Color,UnityEngine.Color,single) (at Assets/AreaBattle/Scripts/RecoveredWayLineVisual.cs:46)
AreaBattle.RecoveredWayLineVisual:Synchronize (AreaBattle.LineState,AreaBattle.TowerState,AreaBattle.TowerState,single) (at Assets/AreaBattle/Scripts/RecoveredWayLineVisual.cs:21)
AreaBattle.BattleView:RefreshPresentation () (at Assets/AreaBattle/Scripts/BattleView.cs:566)
AreaBattle.BattleView:AdvanceFrame (single,single) (at Assets/AreaBattle/Scripts/BattleView.cs:374)
AreaBattle.EditorTools.SkillInputValidation/<>c__DisplayClass1_3:<Run>b__19 () (at Assets/AreaBattle/Editor/SkillInputValidation.cs:177)
AreaBattle.EditorTools.SkillInputValidation/<>c__DisplayClass1_0:<Run>b__0 (string,System.Action) (at Assets/AreaBattle/Editor/SkillInputValidation.cs:18)
AreaBattle.EditorTools.SkillInputValidation:Run () (at Assets/AreaBattle/Editor/SkillInputValidation.cs:152)
System.Reflection.RuntimeMethodInfo:Invoke (object,System.Reflection.BindingFlags,System.Reflection.Binder,object[],System.Globalization.CultureInfo)
System.Reflection.MethodBase:Invoke (object,object[])
AreaBattle.EditorTools.BattleBuild:ValidateIntegrated () (at Assets/AreaBattle/Editor/BattleBuild.cs:32)
AreaBattle.EditorTools.BattleBuild:ValidateMechanicsOnly () (at Assets/AreaBattle/Editor/BattleBuild.cs:18)

[Assets/AreaBattle/Scripts/RecoveredWayLineVisual.cs line 21]

Instantiating material due to calling renderer.material during edit mode. This will leak materials into the scene. You most likely want to use renderer.sharedMaterial instead.
UnityEngine.Debug:ExtractStackTraceNoAlloc (byte*,int,string)
UnityEngine.StackTraceUtility:ExtractStackTrace () (at /Users/bokken/build/output/unity/unity/Runtime/Export/Scripting/StackTrace.cs:35)
UnityEngine.Renderer:GetMaterial ()
UnityEngine.Renderer:get_material () (at /Users/bokken/build/output/unity/unity/Runtime/Export/Graphics/GraphicsRenderers.bindings.cs:180)
AreaBattle.RecoveredWayLineVisual:Initialize () (at Assets/AreaBattle/Scripts/RecoveredWayLineVisual.cs:33)
AreaBattle.RecoveredWayLineVisual:SetLine (UnityEngine.Vector3,UnityEngine.Vector3,UnityEngine.Color,UnityEngine.Color,bool,bool,single) (at Assets/AreaBattle/Scripts/RecoveredWayLineVisual.cs:56)
AreaBattle.RecoveredWayLineVisual:Synchronize (AreaBattle.LineState,AreaBattle.TowerState,AreaBattle.TowerState,UnityEngine.Color,UnityEngine.Color,single) (at Assets/AreaBattle/Scripts/RecoveredWayLineVisual.cs:46)
AreaBattle.RecoveredWayLineVisual:Synchronize (AreaBattle.LineState,AreaBattle.TowerState,AreaBattle.TowerState,single) (at Assets/AreaBattle/Scripts/RecoveredWayLineVisual.cs:21)
AreaBattle.BattleView:RefreshPresentation () (at Assets/AreaBattle/Scripts/BattleView.cs:566)
AreaBattle.BattleView:AdvanceFrame (single,single) (at Assets/AreaBattle/Scripts/BattleView.cs:374)
AreaBattle.EditorTools.SkillInputValidation/<>c__DisplayClass1_3:<Run>b__19 () (at Assets/AreaBattle/Editor/SkillInputValidation.cs:177)
AreaBattle.EditorTools.SkillInputValidation/<>c__DisplayClass1_0:<Run>b__0 (string,System.Action) (at Assets/AreaBattle/Editor/SkillInputValidation.cs:18)
AreaBattle.EditorTools.SkillInputValidation:Run () (at Assets/AreaBattle/Editor/SkillInputValidation.cs:152)
System.Reflection.RuntimeMethodInfo:Invoke (object,System.Reflection.BindingFlags,System.Reflection.Binder,object[],System.Globalization.CultureInfo)
System.Reflection.MethodBase:Invoke (object,object[])
AreaBattle.EditorTools.BattleBuild:ValidateIntegrated () (at Assets/AreaBattle/Editor/BattleBuild.cs:32)
AreaBattle.EditorTools.BattleBuild:ValidateMechanicsOnly () (at Assets/AreaBattle/Editor/BattleBuild.cs:18)

[Assets/AreaBattle/Scripts/RecoveredWayLineVisual.cs line 21]

Instantiating material due to calling renderer.material during edit mode. This will leak materials into the scene. You most likely want to use renderer.sharedMaterial instead.
UnityEngine.Debug:ExtractStackTraceNoAlloc (byte*,int,string)
UnityEngine.StackTraceUtility:ExtractStackTrace () (at /Users/bokken/build/output/unity/unity/Runtime/Export/Scripting/StackTrace.cs:35)
UnityEngine.Renderer:GetMaterial ()
UnityEngine.Renderer:get_material () (at /Users/bokken/build/output/unity/unity/Runtime/Export/Graphics/GraphicsRenderers.bindings.cs:180)
AreaBattle.RecoveredWayLineVisual:Initialize () (at Assets/AreaBattle/Scripts/RecoveredWayLineVisual.cs:33)
AreaBattle.RecoveredWayLineVisual:SetLine (UnityEngine.Vector3,UnityEngine.Vector3,UnityEngine.Color,UnityEngine.Color,bool,bool,single) (at Assets/AreaBattle/Scripts/RecoveredWayLineVisual.cs:56)
AreaBattle.RecoveredWayLineVisual:Synchronize (AreaBattle.LineState,AreaBattle.TowerState,AreaBattle.TowerState,UnityEngine.Color,UnityEngine.Color,single) (at Assets/AreaBattle/Scripts/RecoveredWayLineVisual.cs:46)
AreaBattle.RecoveredWayLineVisual:Synchronize (AreaBattle.LineState,AreaBattle.TowerState,AreaBattle.TowerState,single) (at Assets/AreaBattle/Scripts/RecoveredWayLineVisual.cs:21)
AreaBattle.BattleView:RefreshPresentation () (at Assets/AreaBattle/Scripts/BattleView.cs:566)
AreaBattle.BattleView:AdvanceFrame (single,single) (at Assets/AreaBattle/Scripts/BattleView.cs:374)
AreaBattle.EditorTools.SkillInputValidation/<>c__DisplayClass1_3:<Run>b__19 () (at Assets/AreaBattle/Editor/SkillInputValidation.cs:177)
AreaBattle.EditorTools.SkillInputValidation/<>c__DisplayClass1_0:<Run>b__0 (string,System.Action) (at Assets/AreaBattle/Editor/SkillInputValidation.cs:18)
AreaBattle.EditorTools.SkillInputValidation:Run () (at Assets/AreaBattle/Editor/SkillInputValidation.cs:152)
System.Reflection.RuntimeMethodInfo:Invoke (object,System.Reflection.BindingFlags,System.Reflection.Binder,object[],System.Globalization.CultureInfo)
System.Reflection.MethodBase:Invoke (object,object[])
AreaBattle.EditorTools.BattleBuild:ValidateIntegrated () (at Assets/AreaBattle/Editor/BattleBuild.cs:32)
AreaBattle.EditorTools.BattleBuild:ValidateMechanicsOnly () (at Assets/AreaBattle/Editor/BattleBuild.cs:18)

[Assets/AreaBattle/Scripts/RecoveredWayLineVisual.cs line 21]

Instantiating material due to calling renderer.material during edit mode. This will leak materials into the scene. You most likely want to use renderer.sharedMaterial instead.
UnityEngine.Debug:ExtractStackTraceNoAlloc (byte*,int,string)
UnityEngine.StackTraceUtility:ExtractStackTrace () (at /Users/bokken/build/output/unity/unity/Runtime/Export/Scripting/StackTrace.cs:35)
UnityEngine.Renderer:GetMaterial ()
UnityEngine.Renderer:get_material () (at /Users/bokken/build/output/unity/unity/Runtime/Export/Graphics/GraphicsRenderers.bindings.cs:180)
AreaBattle.RecoveredWayLineVisual:Initialize () (at Assets/AreaBattle/Scripts/RecoveredWayLineVisual.cs:33)
AreaBattle.RecoveredWayLineVisual:SetLine (UnityEngine.Vector3,UnityEngine.Vector3,UnityEngine.Color,UnityEngine.Color,bool,bool,single) (at Assets/AreaBattle/Scripts/RecoveredWayLineVisual.cs:56)
AreaBattle.RecoveredWayLineVisual:Synchronize (AreaBattle.LineState,AreaBattle.TowerState,AreaBattle.TowerState,UnityEngine.Color,UnityEngine.Color,single) (at Assets/AreaBattle/Scripts/RecoveredWayLineVisual.cs:46)
AreaBattle.RecoveredWayLineVisual:Synchronize (AreaBattle.LineState,AreaBattle.TowerState,AreaBattle.TowerState,single) (at Assets/AreaBattle/Scripts/RecoveredWayLineVisual.cs:21)
AreaBattle.BattleView:RefreshPresentation () (at Assets/AreaBattle/Scripts/BattleView.cs:566)
AreaBattle.BattleView:AdvanceFrame (single,single) (at Assets/AreaBattle/Scripts/BattleView.cs:374)
AreaBattle.EditorTools.SkillInputValidation/<>c__DisplayClass1_3:<Run>b__19 () (at Assets/AreaBattle/Editor/SkillInputValidation.cs:177)
AreaBattle.EditorTools.SkillInputValidation/<>c__DisplayClass1_0:<Run>b__0 (string,System.Action) (at Assets/AreaBattle/Editor/SkillInputValidation.cs:18)
AreaBattle.EditorTools.SkillInputValidation:Run () (at Assets/AreaBattle/Editor/SkillInputValidation.cs:152)
System.Reflection.RuntimeMethodInfo:Invoke (object,System.Reflection.BindingFlags,System.Reflection.Binder,object[],System.Globalization.CultureInfo)
System.Reflection.MethodBase:Invoke (object,object[])
AreaBattle.EditorTools.BattleBuild:ValidateIntegrated () (at Assets/AreaBattle/Editor/BattleBuild.cs:32)
AreaBattle.EditorTools.BattleBuild:ValidateMechanicsOnly () (at Assets/AreaBattle/Editor/BattleBuild.cs:18)

[Assets/AreaBattle/Scripts/RecoveredWayLineVisual.cs line 21]

Instantiating material due to calling renderer.material during edit mode. This will leak materials into the scene. You most likely want to use renderer.sharedMaterial instead.
UnityEngine.Debug:ExtractStackTraceNoAlloc (byte*,int,string)
UnityEngine.StackTraceUtility:ExtractStackTrace () (at /Users/bokken/build/output/unity/unity/Runtime/Export/Scripting/StackTrace.cs:35)
UnityEngine.Renderer:GetMaterial ()
UnityEngine.Renderer:get_material () (at /Users/bokken/build/output/unity/unity/Runtime/Export/Graphics/GraphicsRenderers.bindings.cs:180)
AreaBattle.RecoveredWayLineVisual:Initialize () (at Assets/AreaBattle/Scripts/RecoveredWayLineVisual.cs:33)
AreaBattle.RecoveredWayLineVisual:SetLine (UnityEngine.Vector3,UnityEngine.Vector3,UnityEngine.Color,UnityEngine.Color,bool,bool,single) (at Assets/AreaBattle/Scripts/RecoveredWayLineVisual.cs:56)
AreaBattle.RecoveredWayLineVisual:Synchronize (AreaBattle.LineState,AreaBattle.TowerState,AreaBattle.TowerState,UnityEngine.Color,UnityEngine.Color,single) (at Assets/AreaBattle/Scripts/RecoveredWayLineVisual.cs:46)
AreaBattle.RecoveredWayLineVisual:Synchronize (AreaBattle.LineState,AreaBattle.TowerState,AreaBattle.TowerState,single) (at Assets/AreaBattle/Scripts/RecoveredWayLineVisual.cs:21)
AreaBattle.BattleView:RefreshPresentation () (at Assets/AreaBattle/Scripts/BattleView.cs:566)
AreaBattle.BattleView:AdvanceFrame (single,single) (at Assets/AreaBattle/Scripts/BattleView.cs:374)
AreaBattle.EditorTools.SkillInputValidation/<>c__DisplayClass1_3:<Run>b__19 () (at Assets/AreaBattle/Editor/SkillInputValidation.cs:177)
AreaBattle.EditorTools.SkillInputValidation/<>c__DisplayClass1_0:<Run>b__0 (string,System.Action) (at Assets/AreaBattle/Editor/SkillInputValidation.cs:18)
AreaBattle.EditorTools.SkillInputValidation:Run () (at Assets/AreaBattle/Editor/SkillInputValidation.cs:152)
System.Reflection.RuntimeMethodInfo:Invoke (object,System.Reflection.BindingFlags,System.Reflection.Binder,object[],System.Globalization.CultureInfo)
System.Reflection.MethodBase:Invoke (object,object[])
AreaBattle.EditorTools.BattleBuild:ValidateIntegrated () (at Assets/AreaBattle/Editor/BattleBuild.cs:32)
AreaBattle.EditorTools.BattleBuild:ValidateMechanicsOnly () (at Assets/AreaBattle/Editor/BattleBuild.cs:18)

[Assets/AreaBattle/Scripts/RecoveredWayLineVisual.cs line 21]

Instantiating material due to calling renderer.material during edit mode. This will leak materials into the scene. You most likely want to use renderer.sharedMaterial instead.
UnityEngine.Debug:ExtractStackTraceNoAlloc (byte*,int,string)
UnityEngine.StackTraceUtility:ExtractStackTrace () (at /Users/bokken/build/output/unity/unity/Runtime/Export/Scripting/StackTrace.cs:35)
UnityEngine.Renderer:GetMaterial ()
UnityEngine.Renderer:get_material () (at /Users/bokken/build/output/unity/unity/Runtime/Export/Graphics/GraphicsRenderers.bindings.cs:180)
AreaBattle.RecoveredWayLineVisual:Initialize () (at Assets/AreaBattle/Scripts/RecoveredWayLineVisual.cs:33)
AreaBattle.RecoveredWayLineVisual:SetLine (UnityEngine.Vector3,UnityEngine.Vector3,UnityEngine.Color,UnityEngine.Color,bool,bool,single) (at Assets/AreaBattle/Scripts/RecoveredWayLineVisual.cs:56)
AreaBattle.RecoveredWayLineVisual:Synchronize (AreaBattle.LineState,AreaBattle.TowerState,AreaBattle.TowerState,UnityEngine.Color,UnityEngine.Color,single) (at Assets/AreaBattle/Scripts/RecoveredWayLineVisual.cs:46)
AreaBattle.RecoveredWayLineVisual:Synchronize (AreaBattle.LineState,AreaBattle.TowerState,AreaBattle.TowerState,single) (at Assets/AreaBattle/Scripts/RecoveredWayLineVisual.cs:21)
AreaBattle.BattleView:RefreshPresentation () (at Assets/AreaBattle/Scripts/BattleView.cs:566)
AreaBattle.BattleView:AdvanceFrame (single,single) (at Assets/AreaBattle/Scripts/BattleView.cs:374)
AreaBattle.EditorTools.SkillInputValidation/<>c__DisplayClass1_3:<Run>b__19 () (at Assets/AreaBattle/Editor/SkillInputValidation.cs:177)
AreaBattle.EditorTools.SkillInputValidation/<>c__DisplayClass1_0:<Run>b__0 (string,System.Action) (at Assets/AreaBattle/Editor/SkillInputValidation.cs:18)
AreaBattle.EditorTools.SkillInputValidation:Run () (at Assets/AreaBattle/Editor/SkillInputValidation.cs:152)
System.Reflection.RuntimeMethodInfo:Invoke (object,System.Reflection.BindingFlags,System.Reflection.Binder,object[],System.Globalization.CultureInfo)
System.Reflection.MethodBase:Invoke (object,object[])
AreaBattle.EditorTools.BattleBuild:ValidateIntegrated () (at Assets/AreaBattle/Editor/BattleBuild.cs:32)
AreaBattle.EditorTools.BattleBuild:ValidateMechanicsOnly () (at Assets/AreaBattle/Editor/BattleBuild.cs:18)

[Assets/AreaBattle/Scripts/RecoveredWayLineVisual.cs line 21]

Instantiating material due to calling renderer.material during edit mode. This will leak materials into the scene. You most likely want to use renderer.sharedMaterial instead.
UnityEngine.Debug:ExtractStackTraceNoAlloc (byte*,int,string)
UnityEngine.StackTraceUtility:ExtractStackTrace () (at /Users/bokken/build/output/unity/unity/Runtime/Export/Scripting/StackTrace.cs:35)
UnityEngine.Renderer:GetMaterial ()
UnityEngine.Renderer:get_material () (at /Users/bokken/build/output/unity/unity/Runtime/Export/Graphics/GraphicsRenderers.bindings.cs:180)
AreaBattle.RecoveredWayLineVisual:Initialize () (at Assets/AreaBattle/Scripts/RecoveredWayLineVisual.cs:33)
AreaBattle.RecoveredWayLineVisual:SetLine (UnityEngine.Vector3,UnityEngine.Vector3,UnityEngine.Color,UnityEngine.Color,bool,bool,single) (at Assets/AreaBattle/Scripts/RecoveredWayLineVisual.cs:56)
AreaBattle.RecoveredWayLineVisual:Synchronize (AreaBattle.LineState,AreaBattle.TowerState,AreaBattle.TowerState,UnityEngine.Color,UnityEngine.Color,single) (at Assets/AreaBattle/Scripts/RecoveredWayLineVisual.cs:46)
AreaBattle.RecoveredWayLineVisual:Synchronize (AreaBattle.LineState,AreaBattle.TowerState,AreaBattle.TowerState,single) (at Assets/AreaBattle/Scripts/RecoveredWayLineVisual.cs:21)
AreaBattle.BattleView:RefreshPresentation () (at Assets/AreaBattle/Scripts/BattleView.cs:566)
AreaBattle.BattleView:AdvanceFrame (single,single) (at Assets/AreaBattle/Scripts/BattleView.cs:374)
AreaBattle.EditorTools.SkillInputValidation/<>c__DisplayClass1_3:<Run>b__19 () (at Assets/AreaBattle/Editor/SkillInputValidation.cs:177)
AreaBattle.EditorTools.SkillInputValidation/<>c__DisplayClass1_0:<Run>b__0 (string,System.Action) (at Assets/AreaBattle/Editor/SkillInputValidation.cs:18)
AreaBattle.EditorTools.SkillInputValidation:Run () (at Assets/AreaBattle/Editor/SkillInputValidation.cs:152)
System.Reflection.RuntimeMethodInfo:Invoke (object,System.Reflection.BindingFlags,System.Reflection.Binder,object[],System.Globalization.CultureInfo)
System.Reflection.MethodBase:Invoke (object,object[])
AreaBattle.EditorTools.BattleBuild:ValidateIntegrated () (at Assets/AreaBattle/Editor/BattleBuild.cs:32)
AreaBattle.EditorTools.BattleBuild:ValidateMechanicsOnly () (at Assets/AreaBattle/Editor/BattleBuild.cs:18)

[Assets/AreaBattle/Scripts/RecoveredWayLineVisual.cs line 21]

Instantiating material due to calling renderer.material during edit mode. This will leak materials into the scene. You most likely want to use renderer.sharedMaterial instead.
UnityEngine.Debug:ExtractStackTraceNoAlloc (byte*,int,string)
UnityEngine.StackTraceUtility:ExtractStackTrace () (at /Users/bokken/build/output/unity/unity/Runtime/Export/Scripting/StackTrace.cs:35)
UnityEngine.Renderer:GetMaterial ()
UnityEngine.Renderer:get_material () (at /Users/bokken/build/output/unity/unity/Runtime/Export/Graphics/GraphicsRenderers.bindings.cs:180)
AreaBattle.RecoveredWayLineVisual:Initialize () (at Assets/AreaBattle/Scripts/RecoveredWayLineVisual.cs:33)
AreaBattle.RecoveredWayLineVisual:SetLine (UnityEngine.Vector3,UnityEngine.Vector3,UnityEngine.Color,UnityEngine.Color,bool,bool,single) (at Assets/AreaBattle/Scripts/RecoveredWayLineVisual.cs:56)
AreaBattle.RecoveredWayLineVisual:Synchronize (AreaBattle.LineState,AreaBattle.TowerState,AreaBattle.TowerState,UnityEngine.Color,UnityEngine.Color,single) (at Assets/AreaBattle/Scripts/RecoveredWayLineVisual.cs:46)
AreaBattle.RecoveredWayLineVisual:Synchronize (AreaBattle.LineState,AreaBattle.TowerState,AreaBattle.TowerState,single) (at Assets/AreaBattle/Scripts/RecoveredWayLineVisual.cs:21)
AreaBattle.BattleView:RefreshPresentation () (at Assets/AreaBattle/Scripts/BattleView.cs:566)
AreaBattle.BattleView:AdvanceFrame (single,single) (at Assets/AreaBattle/Scripts/BattleView.cs:374)
AreaBattle.EditorTools.SkillInputValidation/<>c__DisplayClass1_3:<Run>b__19 () (at Assets/AreaBattle/Editor/SkillInputValidation.cs:177)
AreaBattle.EditorTools.SkillInputValidation/<>c__DisplayClass1_0:<Run>b__0 (string,System.Action) (at Assets/AreaBattle/Editor/SkillInputValidation.cs:18)
AreaBattle.EditorTools.SkillInputValidation:Run () (at Assets/AreaBattle/Editor/SkillInputValidation.cs:152)
System.Reflection.RuntimeMethodInfo:Invoke (object,System.Reflection.BindingFlags,System.Reflection.Binder,object[],System.Globalization.CultureInfo)
System.Reflection.MethodBase:Invoke (object,object[])
AreaBattle.EditorTools.BattleBuild:ValidateIntegrated () (at Assets/AreaBattle/Editor/BattleBuild.cs:32)
AreaBattle.EditorTools.BattleBuild:ValidateMechanicsOnly () (at Assets/AreaBattle/Editor/BattleBuild.cs:18)

[Assets/AreaBattle/Scripts/RecoveredWayLineVisual.cs line 21]

Instantiating material due to calling renderer.material during edit mode. This will leak materials into the scene. You most likely want to use renderer.sharedMaterial instead.
UnityEngine.Debug:ExtractStackTraceNoAlloc (byte*,int,string)
UnityEngine.StackTraceUtility:ExtractStackTrace () (at /Users/bokken/build/output/unity/unity/Runtime/Export/Scripting/StackTrace.cs:35)
UnityEngine.Renderer:GetMaterial ()
UnityEngine.Renderer:get_material () (at /Users/bokken/build/output/unity/unity/Runtime/Export/Graphics/GraphicsRenderers.bindings.cs:180)
AreaBattle.RecoveredWayLineVisual:Initialize () (at Assets/AreaBattle/Scripts/RecoveredWayLineVisual.cs:33)
AreaBattle.RecoveredWayLineVisual:SetLine (UnityEngine.Vector3,UnityEngine.Vector3,UnityEngine.Color,UnityEngine.Color,bool,bool,single) (at Assets/AreaBattle/Scripts/RecoveredWayLineVisual.cs:56)
AreaBattle.RecoveredWayLineVisual:Synchronize (AreaBattle.LineState,AreaBattle.TowerState,AreaBattle.TowerState,UnityEngine.Color,UnityEngine.Color,single) (at Assets/AreaBattle/Scripts/RecoveredWayLineVisual.cs:46)
AreaBattle.RecoveredWayLineVisual:Synchronize (AreaBattle.LineState,AreaBattle.TowerState,AreaBattle.TowerState,single) (at Assets/AreaBattle/Scripts/RecoveredWayLineVisual.cs:21)
AreaBattle.BattleView:RefreshPresentation () (at Assets/AreaBattle/Scripts/BattleView.cs:566)
AreaBattle.BattleView:AdvanceFrame (single,single) (at Assets/AreaBattle/Scripts/BattleView.cs:374)
AreaBattle.EditorTools.SkillInputValidation/<>c__DisplayClass1_3:<Run>b__19 () (at Assets/AreaBattle/Editor/SkillInputValidation.cs:177)
AreaBattle.EditorTools.SkillInputValidation/<>c__DisplayClass1_0:<Run>b__0 (string,System.Action) (at Assets/AreaBattle/Editor/SkillInputValidation.cs:18)
AreaBattle.EditorTools.SkillInputValidation:Run () (at Assets/AreaBattle/Editor/SkillInputValidation.cs:152)
System.Reflection.RuntimeMethodInfo:Invoke (object,System.Reflection.BindingFlags,System.Reflection.Binder,object[],System.Globalization.CultureInfo)
System.Reflection.MethodBase:Invoke (object,object[])
AreaBattle.EditorTools.BattleBuild:ValidateIntegrated () (at Assets/AreaBattle/Editor/BattleBuild.cs:32)
AreaBattle.EditorTools.BattleBuild:ValidateMechanicsOnly () (at Assets/AreaBattle/Editor/BattleBuild.cs:18)

[Assets/AreaBattle/Scripts/RecoveredWayLineVisual.cs line 21]

Instantiating material due to calling renderer.material during edit mode. This will leak materials into the scene. You most likely want to use renderer.sharedMaterial instead.
UnityEngine.Debug:ExtractStackTraceNoAlloc (byte*,int,string)
UnityEngine.StackTraceUtility:ExtractStackTrace () (at /Users/bokken/build/output/unity/unity/Runtime/Export/Scripting/StackTrace.cs:35)
UnityEngine.Renderer:GetMaterial ()
UnityEngine.Renderer:get_material () (at /Users/bokken/build/output/unity/unity/Runtime/Export/Graphics/GraphicsRenderers.bindings.cs:180)
AreaBattle.RecoveredWayLineVisual:Initialize () (at Assets/AreaBattle/Scripts/RecoveredWayLineVisual.cs:33)
AreaBattle.RecoveredWayLineVisual:SetLine (UnityEngine.Vector3,UnityEngine.Vector3,UnityEngine.Color,UnityEngine.Color,bool,bool,single) (at Assets/AreaBattle/Scripts/RecoveredWayLineVisual.cs:56)
AreaBattle.RecoveredWayLineVisual:Synchronize (AreaBattle.LineState,AreaBattle.TowerState,AreaBattle.TowerState,UnityEngine.Color,UnityEngine.Color,single) (at Assets/AreaBattle/Scripts/RecoveredWayLineVisual.cs:46)
AreaBattle.RecoveredWayLineVisual:Synchronize (AreaBattle.LineState,AreaBattle.TowerState,AreaBattle.TowerState,single) (at Assets/AreaBattle/Scripts/RecoveredWayLineVisual.cs:21)
AreaBattle.BattleView:RefreshPresentation () (at Assets/AreaBattle/Scripts/BattleView.cs:566)
AreaBattle.BattleView:AdvanceFrame (single,single) (at Assets/AreaBattle/Scripts/BattleView.cs:374)
AreaBattle.EditorTools.SkillInputValidation/<>c__DisplayClass1_3:<Run>b__19 () (at Assets/AreaBattle/Editor/SkillInputValidation.cs:177)
AreaBattle.EditorTools.SkillInputValidation/<>c__DisplayClass1_0:<Run>b__0 (string,System.Action) (at Assets/AreaBattle/Editor/SkillInputValidation.cs:18)
AreaBattle.EditorTools.SkillInputValidation:Run () (at Assets/AreaBattle/Editor/SkillInputValidation.cs:152)
System.Reflection.RuntimeMethodInfo:Invoke (object,System.Reflection.BindingFlags,System.Reflection.Binder,object[],System.Globalization.CultureInfo)
System.Reflection.MethodBase:Invoke (object,object[])
AreaBattle.EditorTools.BattleBuild:ValidateIntegrated () (at Assets/AreaBattle/Editor/BattleBuild.cs:32)
AreaBattle.EditorTools.BattleBuild:ValidateMechanicsOnly () (at Assets/AreaBattle/Editor/BattleBuild.cs:18)

[Assets/AreaBattle/Scripts/RecoveredWayLineVisual.cs line 21]

Instantiating material due to calling renderer.material during edit mode. This will leak materials into the scene. You most likely want to use renderer.sharedMaterial instead.
UnityEngine.Debug:ExtractStackTraceNoAlloc (byte*,int,string)
UnityEngine.StackTraceUtility:ExtractStackTrace () (at /Users/bokken/build/output/unity/unity/Runtime/Export/Scripting/StackTrace.cs:35)
UnityEngine.Renderer:GetMaterial ()
UnityEngine.Renderer:get_material () (at /Users/bokken/build/output/unity/unity/Runtime/Export/Graphics/GraphicsRenderers.bindings.cs:180)
AreaBattle.RecoveredWayLineVisual:Initialize () (at Assets/AreaBattle/Scripts/RecoveredWayLineVisual.cs:33)
AreaBattle.RecoveredWayLineVisual:SetLine (UnityEngine.Vector3,UnityEngine.Vector3,UnityEngine.Color,UnityEngine.Color,bool,bool,single) (at Assets/AreaBattle/Scripts/RecoveredWayLineVisual.cs:56)
AreaBattle.RecoveredWayLineVisual:Synchronize (AreaBattle.LineState,AreaBattle.TowerState,AreaBattle.TowerState,UnityEngine.Color,UnityEngine.Color,single) (at Assets/AreaBattle/Scripts/RecoveredWayLineVisual.cs:46)
AreaBattle.RecoveredWayLineVisual:Synchronize (AreaBattle.LineState,AreaBattle.TowerState,AreaBattle.TowerState,single) (at Assets/AreaBattle/Scripts/RecoveredWayLineVisual.cs:21)
AreaBattle.BattleView:RefreshPresentation () (at Assets/AreaBattle/Scripts/BattleView.cs:566)
AreaBattle.BattleView:AdvanceFrame (single,single) (at Assets/AreaBattle/Scripts/BattleView.cs:374)
AreaBattle.EditorTools.SkillInputValidation/<>c__DisplayClass1_3:<Run>b__19 () (at Assets/AreaBattle/Editor/SkillInputValidation.cs:177)
AreaBattle.EditorTools.SkillInputValidation/<>c__DisplayClass1_0:<Run>b__0 (string,System.Action) (at Assets/AreaBattle/Editor/SkillInputValidation.cs:18)
AreaBattle.EditorTools.SkillInputValidation:Run () (at Assets/AreaBattle/Editor/SkillInputValidation.cs:152)
System.Reflection.RuntimeMethodInfo:Invoke (object,System.Reflection.BindingFlags,System.Reflection.Binder,object[],System.Globalization.CultureInfo)
System.Reflection.MethodBase:Invoke (object,object[])
AreaBattle.EditorTools.BattleBuild:ValidateIntegrated () (at Assets/AreaBattle/Editor/BattleBuild.cs:32)
AreaBattle.EditorTools.BattleBuild:ValidateMechanicsOnly () (at Assets/AreaBattle/Editor/BattleBuild.cs:18)

[Assets/AreaBattle/Scripts/RecoveredWayLineVisual.cs line 21]

Instantiating material due to calling renderer.material during edit mode. This will leak materials into the scene. You most likely want to use renderer.sharedMaterial instead.
UnityEngine.Debug:ExtractStackTraceNoAlloc (byte*,int,string)
UnityEngine.StackTraceUtility:ExtractStackTrace () (at /Users/bokken/build/output/unity/unity/Runtime/Export/Scripting/StackTrace.cs:35)
UnityEngine.Renderer:GetMaterial ()
UnityEngine.Renderer:get_material () (at /Users/bokken/build/output/unity/unity/Runtime/Export/Graphics/GraphicsRenderers.bindings.cs:180)
AreaBattle.RecoveredWayLineVisual:Initialize () (at Assets/AreaBattle/Scripts/RecoveredWayLineVisual.cs:33)
AreaBattle.RecoveredWayLineVisual:SetLine (UnityEngine.Vector3,UnityEngine.Vector3,UnityEngine.Color,UnityEngine.Color,bool,bool,single) (at Assets/AreaBattle/Scripts/RecoveredWayLineVisual.cs:56)
AreaBattle.RecoveredWayLineVisual:Synchronize (AreaBattle.LineState,AreaBattle.TowerState,AreaBattle.TowerState,UnityEngine.Color,UnityEngine.Color,single) (at Assets/AreaBattle/Scripts/RecoveredWayLineVisual.cs:46)
AreaBattle.RecoveredWayLineVisual:Synchronize (AreaBattle.LineState,AreaBattle.TowerState,AreaBattle.TowerState,single) (at Assets/AreaBattle/Scripts/RecoveredWayLineVisual.cs:21)
AreaBattle.BattleView:RefreshPresentation () (at Assets/AreaBattle/Scripts/BattleView.cs:566)
AreaBattle.BattleView:AdvanceFrame (single,single) (at Assets/AreaBattle/Scripts/BattleView.cs:374)
AreaBattle.EditorTools.SkillInputValidation/<>c__DisplayClass1_3:<Run>b__19 () (at Assets/AreaBattle/Editor/SkillInputValidation.cs:177)
AreaBattle.EditorTools.SkillInputValidation/<>c__DisplayClass1_0:<Run>b__0 (string,System.Action) (at Assets/AreaBattle/Editor/SkillInputValidation.cs:18)
AreaBattle.EditorTools.SkillInputValidation:Run () (at Assets/AreaBattle/Editor/SkillInputValidation.cs:152)
System.Reflection.RuntimeMethodInfo:Invoke (object,System.Reflection.BindingFlags,System.Reflection.Binder,object[],System.Globalization.CultureInfo)
System.Reflection.MethodBase:Invoke (object,object[])
AreaBattle.EditorTools.BattleBuild:ValidateIntegrated () (at Assets/AreaBattle/Editor/BattleBuild.cs:32)
AreaBattle.EditorTools.BattleBuild:ValidateMechanicsOnly () (at Assets/AreaBattle/Editor/BattleBuild.cs:18)

[Assets/AreaBattle/Scripts/RecoveredWayLineVisual.cs line 21]

Instantiating material due to calling renderer.material during edit mode. This will leak materials into the scene. You most likely want to use renderer.sharedMaterial instead.
UnityEngine.Debug:ExtractStackTraceNoAlloc (byte*,int,string)
UnityEngine.StackTraceUtility:ExtractStackTrace () (at /Users/bokken/build/output/unity/unity/Runtime/Export/Scripting/StackTrace.cs:35)
UnityEngine.Renderer:GetMaterial ()
UnityEngine.Renderer:get_material () (at /Users/bokken/build/output/unity/unity/Runtime/Export/Graphics/GraphicsRenderers.bindings.cs:180)
AreaBattle.RecoveredWayLineVisual:Initialize () (at Assets/AreaBattle/Scripts/RecoveredWayLineVisual.cs:33)
AreaBattle.RecoveredWayLineVisual:SetLine (UnityEngine.Vector3,UnityEngine.Vector3,UnityEngine.Color,UnityEngine.Color,bool,bool,single) (at Assets/AreaBattle/Scripts/RecoveredWayLineVisual.cs:56)
AreaBattle.RecoveredWayLineVisual:Synchronize (AreaBattle.LineState,AreaBattle.TowerState,AreaBattle.TowerState,UnityEngine.Color,UnityEngine.Color,single) (at Assets/AreaBattle/Scripts/RecoveredWayLineVisual.cs:46)
AreaBattle.RecoveredWayLineVisual:Synchronize (AreaBattle.LineState,AreaBattle.TowerState,AreaBattle.TowerState,single) (at Assets/AreaBattle/Scripts/RecoveredWayLineVisual.cs:21)
AreaBattle.BattleView:RefreshPresentation () (at Assets/AreaBattle/Scripts/BattleView.cs:566)
AreaBattle.BattleView:AdvanceFrame (single,single) (at Assets/AreaBattle/Scripts/BattleView.cs:374)
AreaBattle.EditorTools.SkillInputValidation/<>c__DisplayClass1_3:<Run>b__19 () (at Assets/AreaBattle/Editor/SkillInputValidation.cs:177)
AreaBattle.EditorTools.SkillInputValidation/<>c__DisplayClass1_0:<Run>b__0 (string,System.Action) (at Assets/AreaBattle/Editor/SkillInputValidation.cs:18)
AreaBattle.EditorTools.SkillInputValidation:Run () (at Assets/AreaBattle/Editor/SkillInputValidation.cs:152)
System.Reflection.RuntimeMethodInfo:Invoke (object,System.Reflection.BindingFlags,System.Reflection.Binder,object[],System.Globalization.CultureInfo)
System.Reflection.MethodBase:Invoke (object,object[])
AreaBattle.EditorTools.BattleBuild:ValidateIntegrated () (at Assets/AreaBattle/Editor/BattleBuild.cs:32)
AreaBattle.EditorTools.BattleBuild:ValidateMechanicsOnly () (at Assets/AreaBattle/Editor/BattleBuild.cs:18)

[Assets/AreaBattle/Scripts/RecoveredWayLineVisual.cs line 21]

Instantiating material due to calling renderer.material during edit mode. This will leak materials into the scene. You most likely want to use renderer.sharedMaterial instead.
UnityEngine.Debug:ExtractStackTraceNoAlloc (byte*,int,string)
UnityEngine.StackTraceUtility:ExtractStackTrace () (at /Users/bokken/build/output/unity/unity/Runtime/Export/Scripting/StackTrace.cs:35)
UnityEngine.Renderer:GetMaterial ()
UnityEngine.Renderer:get_material () (at /Users/bokken/build/output/unity/unity/Runtime/Export/Graphics/GraphicsRenderers.bindings.cs:180)
AreaBattle.RecoveredWayLineVisual:Initialize () (at Assets/AreaBattle/Scripts/RecoveredWayLineVisual.cs:33)
AreaBattle.RecoveredWayLineVisual:SetLine (UnityEngine.Vector3,UnityEngine.Vector3,UnityEngine.Color,UnityEngine.Color,bool,bool,single) (at Assets/AreaBattle/Scripts/RecoveredWayLineVisual.cs:56)
AreaBattle.RecoveredWayLineVisual:Synchronize (AreaBattle.LineState,AreaBattle.TowerState,AreaBattle.TowerState,UnityEngine.Color,UnityEngine.Color,single) (at Assets/AreaBattle/Scripts/RecoveredWayLineVisual.cs:46)
AreaBattle.RecoveredWayLineVisual:Synchronize (AreaBattle.LineState,AreaBattle.TowerState,AreaBattle.TowerState,single) (at Assets/AreaBattle/Scripts/RecoveredWayLineVisual.cs:21)
AreaBattle.BattleView:RefreshPresentation () (at Assets/AreaBattle/Scripts/BattleView.cs:566)
AreaBattle.BattleView:AdvanceFrame (single,single) (at Assets/AreaBattle/Scripts/BattleView.cs:374)
AreaBattle.EditorTools.SkillInputValidation/<>c__DisplayClass1_3:<Run>b__19 () (at Assets/AreaBattle/Editor/SkillInputValidation.cs:177)
AreaBattle.EditorTools.SkillInputValidation/<>c__DisplayClass1_0:<Run>b__0 (string,System.Action) (at Assets/AreaBattle/Editor/SkillInputValidation.cs:18)
AreaBattle.EditorTools.SkillInputValidation:Run () (at Assets/AreaBattle/Editor/SkillInputValidation.cs:152)
System.Reflection.RuntimeMethodInfo:Invoke (object,System.Reflection.BindingFlags,System.Reflection.Binder,object[],System.Globalization.CultureInfo)
System.Reflection.MethodBase:Invoke (object,object[])
AreaBattle.EditorTools.BattleBuild:ValidateIntegrated () (at Assets/AreaBattle/Editor/BattleBuild.cs:32)
AreaBattle.EditorTools.BattleBuild:ValidateMechanicsOnly () (at Assets/AreaBattle/Editor/BattleBuild.cs:18)

[Assets/AreaBattle/Scripts/RecoveredWayLineVisual.cs line 21]

Instantiating material due to calling renderer.material during edit mode. This will leak materials into the scene. You most likely want to use renderer.sharedMaterial instead.
UnityEngine.Debug:ExtractStackTraceNoAlloc (byte*,int,string)
UnityEngine.StackTraceUtility:ExtractStackTrace () (at /Users/bokken/build/output/unity/unity/Runtime/Export/Scripting/StackTrace.cs:35)
UnityEngine.Renderer:GetMaterial ()
UnityEngine.Renderer:get_material () (at /Users/bokken/build/output/unity/unity/Runtime/Export/Graphics/GraphicsRenderers.bindings.cs:180)
AreaBattle.RecoveredWayLineVisual:Initialize () (at Assets/AreaBattle/Scripts/RecoveredWayLineVisual.cs:33)
AreaBattle.RecoveredWayLineVisual:SetLine (UnityEngine.Vector3,UnityEngine.Vector3,UnityEngine.Color,UnityEngine.Color,bool,bool,single) (at Assets/AreaBattle/Scripts/RecoveredWayLineVisual.cs:56)
AreaBattle.RecoveredWayLineVisual:Synchronize (AreaBattle.LineState,AreaBattle.TowerState,AreaBattle.TowerState,UnityEngine.Color,UnityEngine.Color,single) (at Assets/AreaBattle/Scripts/RecoveredWayLineVisual.cs:46)
AreaBattle.RecoveredWayLineVisual:Synchronize (AreaBattle.LineState,AreaBattle.TowerState,AreaBattle.TowerState,single) (at Assets/AreaBattle/Scripts/RecoveredWayLineVisual.cs:21)
AreaBattle.BattleView:RefreshPresentation () (at Assets/AreaBattle/Scripts/BattleView.cs:566)
AreaBattle.BattleView:AdvanceFrame (single,single) (at Assets/AreaBattle/Scripts/BattleView.cs:374)
AreaBattle.EditorTools.SkillInputValidation/<>c__DisplayClass1_3:<Run>b__19 () (at Assets/AreaBattle/Editor/SkillInputValidation.cs:177)
AreaBattle.EditorTools.SkillInputValidation/<>c__DisplayClass1_0:<Run>b__0 (string,System.Action) (at Assets/AreaBattle/Editor/SkillInputValidation.cs:18)
AreaBattle.EditorTools.SkillInputValidation:Run () (at Assets/AreaBattle/Editor/SkillInputValidation.cs:152)
System.Reflection.RuntimeMethodInfo:Invoke (object,System.Reflection.BindingFlags,System.Reflection.Binder,object[],System.Globalization.CultureInfo)
System.Reflection.MethodBase:Invoke (object,object[])
AreaBattle.EditorTools.BattleBuild:ValidateIntegrated () (at Assets/AreaBattle/Editor/BattleBuild.cs:32)
AreaBattle.EditorTools.BattleBuild:ValidateMechanicsOnly () (at Assets/AreaBattle/Editor/BattleBuild.cs:18)

[Assets/AreaBattle/Scripts/RecoveredWayLineVisual.cs line 21]

Instantiating material due to calling renderer.material during edit mode. This will leak materials into the scene. You most likely want to use renderer.sharedMaterial instead.
UnityEngine.Debug:ExtractStackTraceNoAlloc (byte*,int,string)
UnityEngine.StackTraceUtility:ExtractStackTrace () (at /Users/bokken/build/output/unity/unity/Runtime/Export/Scripting/StackTrace.cs:35)
UnityEngine.Renderer:GetMaterial ()
UnityEngine.Renderer:get_material () (at /Users/bokken/build/output/unity/unity/Runtime/Export/Graphics/GraphicsRenderers.bindings.cs:180)
AreaBattle.RecoveredWayLineVisual:Initialize () (at Assets/AreaBattle/Scripts/RecoveredWayLineVisual.cs:33)
AreaBattle.RecoveredWayLineVisual:SetLine (UnityEngine.Vector3,UnityEngine.Vector3,UnityEngine.Color,UnityEngine.Color,bool,bool,single) (at Assets/AreaBattle/Scripts/RecoveredWayLineVisual.cs:56)
AreaBattle.RecoveredWayLineVisual:Synchronize (AreaBattle.LineState,AreaBattle.TowerState,AreaBattle.TowerState,UnityEngine.Color,UnityEngine.Color,single) (at Assets/AreaBattle/Scripts/RecoveredWayLineVisual.cs:46)
AreaBattle.RecoveredWayLineVisual:Synchronize (AreaBattle.LineState,AreaBattle.TowerState,AreaBattle.TowerState,single) (at Assets/AreaBattle/Scripts/RecoveredWayLineVisual.cs:21)
AreaBattle.BattleView:RefreshPresentation () (at Assets/AreaBattle/Scripts/BattleView.cs:566)
AreaBattle.BattleView:AdvanceFrame (single,single) (at Assets/AreaBattle/Scripts/BattleView.cs:374)
AreaBattle.EditorTools.SkillInputValidation/<>c__DisplayClass1_3:<Run>b__19 () (at Assets/AreaBattle/Editor/SkillInputValidation.cs:177)
AreaBattle.EditorTools.SkillInputValidation/<>c__DisplayClass1_0:<Run>b__0 (string,System.Action) (at Assets/AreaBattle/Editor/SkillInputValidation.cs:18)
AreaBattle.EditorTools.SkillInputValidation:Run () (at Assets/AreaBattle/Editor/SkillInputValidation.cs:152)
System.Reflection.RuntimeMethodInfo:Invoke (object,System.Reflection.BindingFlags,System.Reflection.Binder,object[],System.Globalization.CultureInfo)
System.Reflection.MethodBase:Invoke (object,object[])
AreaBattle.EditorTools.BattleBuild:ValidateIntegrated () (at Assets/AreaBattle/Editor/BattleBuild.cs:32)
AreaBattle.EditorTools.BattleBuild:ValidateMechanicsOnly () (at Assets/AreaBattle/Editor/BattleBuild.cs:18)

[Assets/AreaBattle/Scripts/RecoveredWayLineVisual.cs line 21]

Instantiating material due to calling renderer.material during edit mode. This will leak materials into the scene. You most likely want to use renderer.sharedMaterial instead.
UnityEngine.Debug:ExtractStackTraceNoAlloc (byte*,int,string)
UnityEngine.StackTraceUtility:ExtractStackTrace () (at /Users/bokken/build/output/unity/unity/Runtime/Export/Scripting/StackTrace.cs:35)
UnityEngine.Renderer:GetMaterial ()
UnityEngine.Renderer:get_material () (at /Users/bokken/build/output/unity/unity/Runtime/Export/Graphics/GraphicsRenderers.bindings.cs:180)
AreaBattle.RecoveredWayLineVisual:Initialize () (at Assets/AreaBattle/Scripts/RecoveredWayLineVisual.cs:33)
AreaBattle.RecoveredWayLineVisual:SetLine (UnityEngine.Vector3,UnityEngine.Vector3,UnityEngine.Color,UnityEngine.Color,bool,bool,single) (at Assets/AreaBattle/Scripts/RecoveredWayLineVisual.cs:56)
AreaBattle.RecoveredWayLineVisual:Synchronize (AreaBattle.LineState,AreaBattle.TowerState,AreaBattle.TowerState,UnityEngine.Color,UnityEngine.Color,single) (at Assets/AreaBattle/Scripts/RecoveredWayLineVisual.cs:46)
AreaBattle.RecoveredWayLineVisual:Synchronize (AreaBattle.LineState,AreaBattle.TowerState,AreaBattle.TowerState,single) (at Assets/AreaBattle/Scripts/RecoveredWayLineVisual.cs:21)
AreaBattle.BattleView:RefreshPresentation () (at Assets/AreaBattle/Scripts/BattleView.cs:566)
AreaBattle.BattleView:AdvanceFrame (single,single) (at Assets/AreaBattle/Scripts/BattleView.cs:374)
AreaBattle.EditorTools.SkillInputValidation/<>c__DisplayClass1_3:<Run>b__19 () (at Assets/AreaBattle/Editor/SkillInputValidation.cs:177)
AreaBattle.EditorTools.SkillInputValidation/<>c__DisplayClass1_0:<Run>b__0 (string,System.Action) (at Assets/AreaBattle/Editor/SkillInputValidation.cs:18)
AreaBattle.EditorTools.SkillInputValidation:Run () (at Assets/AreaBattle/Editor/SkillInputValidation.cs:152)
System.Reflection.RuntimeMethodInfo:Invoke (object,System.Reflection.BindingFlags,System.Reflection.Binder,object[],System.Globalization.CultureInfo)
System.Reflection.MethodBase:Invoke (object,object[])
AreaBattle.EditorTools.BattleBuild:ValidateIntegrated () (at Assets/AreaBattle/Editor/BattleBuild.cs:32)
AreaBattle.EditorTools.BattleBuild:ValidateMechanicsOnly () (at Assets/AreaBattle/Editor/BattleBuild.cs:18)

[Assets/AreaBattle/Scripts/RecoveredWayLineVisual.cs line 21]

Instantiating material due to calling renderer.material during edit mode. This will leak materials into the scene. You most likely want to use renderer.sharedMaterial instead.
UnityEngine.Debug:ExtractStackTraceNoAlloc (byte*,int,string)
UnityEngine.StackTraceUtility:ExtractStackTrace () (at /Users/bokken/build/output/unity/unity/Runtime/Export/Scripting/StackTrace.cs:35)
UnityEngine.Renderer:GetMaterial ()
UnityEngine.Renderer:get_material () (at /Users/bokken/build/output/unity/unity/Runtime/Export/Graphics/GraphicsRenderers.bindings.cs:180)
AreaBattle.RecoveredWayLineVisual:Initialize () (at Assets/AreaBattle/Scripts/RecoveredWayLineVisual.cs:33)
AreaBattle.RecoveredWayLineVisual:SetLine (UnityEngine.Vector3,UnityEngine.Vector3,UnityEngine.Color,UnityEngine.Color,bool,bool,single) (at Assets/AreaBattle/Scripts/RecoveredWayLineVisual.cs:56)
AreaBattle.RecoveredWayLineVisual:Synchronize (AreaBattle.LineState,AreaBattle.TowerState,AreaBattle.TowerState,UnityEngine.Color,UnityEngine.Color,single) (at Assets/AreaBattle/Scripts/RecoveredWayLineVisual.cs:46)
AreaBattle.RecoveredWayLineVisual:Synchronize (AreaBattle.LineState,AreaBattle.TowerState,AreaBattle.TowerState,single) (at Assets/AreaBattle/Scripts/RecoveredWayLineVisual.cs:21)
AreaBattle.BattleView:RefreshPresentation () (at Assets/AreaBattle/Scripts/BattleView.cs:566)
AreaBattle.BattleView:AdvanceFrame (single,single) (at Assets/AreaBattle/Scripts/BattleView.cs:374)
AreaBattle.EditorTools.SkillInputValidation/<>c__DisplayClass1_3:<Run>b__19 () (at Assets/AreaBattle/Editor/SkillInputValidation.cs:177)
AreaBattle.EditorTools.SkillInputValidation/<>c__DisplayClass1_0:<Run>b__0 (string,System.Action) (at Assets/AreaBattle/Editor/SkillInputValidation.cs:18)
AreaBattle.EditorTools.SkillInputValidation:Run () (at Assets/AreaBattle/Editor/SkillInputValidation.cs:152)
System.Reflection.RuntimeMethodInfo:Invoke (object,System.Reflection.BindingFlags,System.Reflection.Binder,object[],System.Globalization.CultureInfo)
System.Reflection.MethodBase:Invoke (object,object[])
AreaBattle.EditorTools.BattleBuild:ValidateIntegrated () (at Assets/AreaBattle/Editor/BattleBuild.cs:32)
AreaBattle.EditorTools.BattleBuild:ValidateMechanicsOnly () (at Assets/AreaBattle/Editor/BattleBuild.cs:18)

[Assets/AreaBattle/Scripts/RecoveredWayLineVisual.cs line 21]

Instantiating material due to calling renderer.material during edit mode. This will leak materials into the scene. You most likely want to use renderer.sharedMaterial instead.
UnityEngine.Debug:ExtractStackTraceNoAlloc (byte*,int,string)
UnityEngine.StackTraceUtility:ExtractStackTrace () (at /Users/bokken/build/output/unity/unity/Runtime/Export/Scripting/StackTrace.cs:35)
UnityEngine.Renderer:GetMaterial ()
UnityEngine.Renderer:get_material () (at /Users/bokken/build/output/unity/unity/Runtime/Export/Graphics/GraphicsRenderers.bindings.cs:180)
AreaBattle.RecoveredWayLineVisual:Initialize () (at Assets/AreaBattle/Scripts/RecoveredWayLineVisual.cs:33)
AreaBattle.RecoveredWayLineVisual:SetLine (UnityEngine.Vector3,UnityEngine.Vector3,UnityEngine.Color,UnityEngine.Color,bool,bool,single) (at Assets/AreaBattle/Scripts/RecoveredWayLineVisual.cs:56)
AreaBattle.RecoveredWayLineVisual:Synchronize (AreaBattle.LineState,AreaBattle.TowerState,AreaBattle.TowerState,UnityEngine.Color,UnityEngine.Color,single) (at Assets/AreaBattle/Scripts/RecoveredWayLineVisual.cs:46)
AreaBattle.RecoveredWayLineVisual:Synchronize (AreaBattle.LineState,AreaBattle.TowerState,AreaBattle.TowerState,single) (at Assets/AreaBattle/Scripts/RecoveredWayLineVisual.cs:21)
AreaBattle.BattleView:RefreshPresentation () (at Assets/AreaBattle/Scripts/BattleView.cs:566)
AreaBattle.BattleView:AdvanceFrame (single,single) (at Assets/AreaBattle/Scripts/BattleView.cs:374)
AreaBattle.EditorTools.SkillInputValidation/<>c__DisplayClass1_3:<Run>b__19 () (at Assets/AreaBattle/Editor/SkillInputValidation.cs:177)
AreaBattle.EditorTools.SkillInputValidation/<>c__DisplayClass1_0:<Run>b__0 (string,System.Action) (at Assets/AreaBattle/Editor/SkillInputValidation.cs:18)
AreaBattle.EditorTools.SkillInputValidation:Run () (at Assets/AreaBattle/Editor/SkillInputValidation.cs:152)
System.Reflection.RuntimeMethodInfo:Invoke (object,System.Reflection.BindingFlags,System.Reflection.Binder,object[],System.Globalization.CultureInfo)
System.Reflection.MethodBase:Invoke (object,object[])
AreaBattle.EditorTools.BattleBuild:ValidateIntegrated () (at Assets/AreaBattle/Editor/BattleBuild.cs:32)
AreaBattle.EditorTools.BattleBuild:ValidateMechanicsOnly () (at Assets/AreaBattle/Editor/BattleBuild.cs:18)

[Assets/AreaBattle/Scripts/RecoveredWayLineVisual.cs line 21]

Instantiating material due to calling renderer.material during edit mode. This will leak materials into the scene. You most likely want to use renderer.sharedMaterial instead.
UnityEngine.Debug:ExtractStackTraceNoAlloc (byte*,int,string)
UnityEngine.StackTraceUtility:ExtractStackTrace () (at /Users/bokken/build/output/unity/unity/Runtime/Export/Scripting/StackTrace.cs:35)
UnityEngine.Renderer:GetMaterial ()
UnityEngine.Renderer:get_material () (at /Users/bokken/build/output/unity/unity/Runtime/Export/Graphics/GraphicsRenderers.bindings.cs:180)
AreaBattle.RecoveredWayLineVisual:Initialize () (at Assets/AreaBattle/Scripts/RecoveredWayLineVisual.cs:33)
AreaBattle.RecoveredWayLineVisual:SetLine (UnityEngine.Vector3,UnityEngine.Vector3,UnityEngine.Color,UnityEngine.Color,bool,bool,single) (at Assets/AreaBattle/Scripts/RecoveredWayLineVisual.cs:56)
AreaBattle.RecoveredWayLineVisual:Synchronize (AreaBattle.LineState,AreaBattle.TowerState,AreaBattle.TowerState,UnityEngine.Color,UnityEngine.Color,single) (at Assets/AreaBattle/Scripts/RecoveredWayLineVisual.cs:46)
AreaBattle.RecoveredWayLineVisual:Synchronize (AreaBattle.LineState,AreaBattle.TowerState,AreaBattle.TowerState,single) (at Assets/AreaBattle/Scripts/RecoveredWayLineVisual.cs:21)
AreaBattle.BattleView:RefreshPresentation () (at Assets/AreaBattle/Scripts/BattleView.cs:566)
AreaBattle.BattleView:AdvanceFrame (single,single) (at Assets/AreaBattle/Scripts/BattleView.cs:374)
AreaBattle.EditorTools.SkillInputValidation/<>c__DisplayClass1_3:<Run>b__19 () (at Assets/AreaBattle/Editor/SkillInputValidation.cs:177)
AreaBattle.EditorTools.SkillInputValidation/<>c__DisplayClass1_0:<Run>b__0 (string,System.Action) (at Assets/AreaBattle/Editor/SkillInputValidation.cs:18)
AreaBattle.EditorTools.SkillInputValidation:Run () (at Assets/AreaBattle/Editor/SkillInputValidation.cs:152)
System.Reflection.RuntimeMethodInfo:Invoke (object,System.Reflection.BindingFlags,System.Reflection.Binder,object[],System.Globalization.CultureInfo)
System.Reflection.MethodBase:Invoke (object,object[])
AreaBattle.EditorTools.BattleBuild:ValidateIntegrated () (at Assets/AreaBattle/Editor/BattleBuild.cs:32)
AreaBattle.EditorTools.BattleBuild:ValidateMechanicsOnly () (at Assets/AreaBattle/Editor/BattleBuild.cs:18)

[Assets/AreaBattle/Scripts/RecoveredWayLineVisual.cs line 21]

Instantiating material due to calling renderer.material during edit mode. This will leak materials into the scene. You most likely want to use renderer.sharedMaterial instead.
UnityEngine.Debug:ExtractStackTraceNoAlloc (byte*,int,string)
UnityEngine.StackTraceUtility:ExtractStackTrace () (at /Users/bokken/build/output/unity/unity/Runtime/Export/Scripting/StackTrace.cs:35)
UnityEngine.Renderer:GetMaterial ()
UnityEngine.Renderer:get_material () (at /Users/bokken/build/output/unity/unity/Runtime/Export/Graphics/GraphicsRenderers.bindings.cs:180)
AreaBattle.RecoveredWayLineVisual:Initialize () (at Assets/AreaBattle/Scripts/RecoveredWayLineVisual.cs:33)
AreaBattle.RecoveredWayLineVisual:SetLine (UnityEngine.Vector3,UnityEngine.Vector3,UnityEngine.Color,UnityEngine.Color,bool,bool,single) (at Assets/AreaBattle/Scripts/RecoveredWayLineVisual.cs:56)
AreaBattle.RecoveredWayLineVisual:Synchronize (AreaBattle.LineState,AreaBattle.TowerState,AreaBattle.TowerState,UnityEngine.Color,UnityEngine.Color,single) (at Assets/AreaBattle/Scripts/RecoveredWayLineVisual.cs:46)
AreaBattle.RecoveredWayLineVisual:Synchronize (AreaBattle.LineState,AreaBattle.TowerState,AreaBattle.TowerState,single) (at Assets/AreaBattle/Scripts/RecoveredWayLineVisual.cs:21)
AreaBattle.BattleView:RefreshPresentation () (at Assets/AreaBattle/Scripts/BattleView.cs:566)
AreaBattle.BattleView:AdvanceFrame (single,single) (at Assets/AreaBattle/Scripts/BattleView.cs:374)
AreaBattle.EditorTools.SkillInputValidation/<>c__DisplayClass1_3:<Run>b__19 () (at Assets/AreaBattle/Editor/SkillInputValidation.cs:177)
AreaBattle.EditorTools.SkillInputValidation/<>c__DisplayClass1_0:<Run>b__0 (string,System.Action) (at Assets/AreaBattle/Editor/SkillInputValidation.cs:18)
AreaBattle.EditorTools.SkillInputValidation:Run () (at Assets/AreaBattle/Editor/SkillInputValidation.cs:152)
System.Reflection.RuntimeMethodInfo:Invoke (object,System.Reflection.BindingFlags,System.Reflection.Binder,object[],System.Globalization.CultureInfo)
System.Reflection.MethodBase:Invoke (object,object[])
AreaBattle.EditorTools.BattleBuild:ValidateIntegrated () (at Assets/AreaBattle/Editor/BattleBuild.cs:32)
AreaBattle.EditorTools.BattleBuild:ValidateMechanicsOnly () (at Assets/AreaBattle/Editor/BattleBuild.cs:18)

[Assets/AreaBattle/Scripts/RecoveredWayLineVisual.cs line 21]

Instantiating material due to calling renderer.material during edit mode. This will leak materials into the scene. You most likely want to use renderer.sharedMaterial instead.
UnityEngine.Debug:ExtractStackTraceNoAlloc (byte*,int,string)
UnityEngine.StackTraceUtility:ExtractStackTrace () (at /Users/bokken/build/output/unity/unity/Runtime/Export/Scripting/StackTrace.cs:35)
UnityEngine.Renderer:GetMaterial ()
UnityEngine.Renderer:get_material () (at /Users/bokken/build/output/unity/unity/Runtime/Export/Graphics/GraphicsRenderers.bindings.cs:180)
AreaBattle.RecoveredWayLineVisual:Initialize () (at Assets/AreaBattle/Scripts/RecoveredWayLineVisual.cs:33)
AreaBattle.RecoveredWayLineVisual:SetLine (UnityEngine.Vector3,UnityEngine.Vector3,UnityEngine.Color,UnityEngine.Color,bool,bool,single) (at Assets/AreaBattle/Scripts/RecoveredWayLineVisual.cs:56)
AreaBattle.RecoveredWayLineVisual:Synchronize (AreaBattle.LineState,AreaBattle.TowerState,AreaBattle.TowerState,UnityEngine.Color,UnityEngine.Color,single) (at Assets/AreaBattle/Scripts/RecoveredWayLineVisual.cs:46)
AreaBattle.RecoveredWayLineVisual:Synchronize (AreaBattle.LineState,AreaBattle.TowerState,AreaBattle.TowerState,single) (at Assets/AreaBattle/Scripts/RecoveredWayLineVisual.cs:21)
AreaBattle.BattleView:RefreshPresentation () (at Assets/AreaBattle/Scripts/BattleView.cs:566)
AreaBattle.BattleView:AdvanceFrame (single,single) (at Assets/AreaBattle/Scripts/BattleView.cs:374)
AreaBattle.EditorTools.SkillInputValidation/<>c__DisplayClass1_3:<Run>b__19 () (at Assets/AreaBattle/Editor/SkillInputValidation.cs:177)
AreaBattle.EditorTools.SkillInputValidation/<>c__DisplayClass1_0:<Run>b__0 (string,System.Action) (at Assets/AreaBattle/Editor/SkillInputValidation.cs:18)
AreaBattle.EditorTools.SkillInputValidation:Run () (at Assets/AreaBattle/Editor/SkillInputValidation.cs:152)
System.Reflection.RuntimeMethodInfo:Invoke (object,System.Reflection.BindingFlags,System.Reflection.Binder,object[],System.Globalization.CultureInfo)
System.Reflection.MethodBase:Invoke (object,object[])
AreaBattle.EditorTools.BattleBuild:ValidateIntegrated () (at Assets/AreaBattle/Editor/BattleBuild.cs:32)
AreaBattle.EditorTools.BattleBuild:ValidateMechanicsOnly () (at Assets/AreaBattle/Editor/BattleBuild.cs:18)

[Assets/AreaBattle/Scripts/RecoveredWayLineVisual.cs line 21]

Instantiating material due to calling renderer.material during edit mode. This will leak materials into the scene. You most likely want to use renderer.sharedMaterial instead.
UnityEngine.Debug:ExtractStackTraceNoAlloc (byte*,int,string)
UnityEngine.StackTraceUtility:ExtractStackTrace () (at /Users/bokken/build/output/unity/unity/Runtime/Export/Scripting/StackTrace.cs:35)
UnityEngine.Renderer:GetMaterial ()
UnityEngine.Renderer:get_material () (at /Users/bokken/build/output/unity/unity/Runtime/Export/Graphics/GraphicsRenderers.bindings.cs:180)
AreaBattle.RecoveredWayLineVisual:Initialize () (at Assets/AreaBattle/Scripts/RecoveredWayLineVisual.cs:33)
AreaBattle.RecoveredWayLineVisual:SetLine (UnityEngine.Vector3,UnityEngine.Vector3,UnityEngine.Color,UnityEngine.Color,bool,bool,single) (at Assets/AreaBattle/Scripts/RecoveredWayLineVisual.cs:56)
AreaBattle.RecoveredWayLineVisual:Synchronize (AreaBattle.LineState,AreaBattle.TowerState,AreaBattle.TowerState,UnityEngine.Color,UnityEngine.Color,single) (at Assets/AreaBattle/Scripts/RecoveredWayLineVisual.cs:46)
AreaBattle.RecoveredWayLineVisual:Synchronize (AreaBattle.LineState,AreaBattle.TowerState,AreaBattle.TowerState,single) (at Assets/AreaBattle/Scripts/RecoveredWayLineVisual.cs:21)
AreaBattle.BattleView:RefreshPresentation () (at Assets/AreaBattle/Scripts/BattleView.cs:566)
AreaBattle.BattleView:AdvanceFrame (single,single) (at Assets/AreaBattle/Scripts/BattleView.cs:374)
AreaBattle.EditorTools.SkillInputValidation/<>c__DisplayClass1_3:<Run>b__19 () (at Assets/AreaBattle/Editor/SkillInputValidation.cs:177)
AreaBattle.EditorTools.SkillInputValidation/<>c__DisplayClass1_0:<Run>b__0 (string,System.Action) (at Assets/AreaBattle/Editor/SkillInputValidation.cs:18)
AreaBattle.EditorTools.SkillInputValidation:Run () (at Assets/AreaBattle/Editor/SkillInputValidation.cs:152)
System.Reflection.RuntimeMethodInfo:Invoke (object,System.Reflection.BindingFlags,System.Reflection.Binder,object[],System.Globalization.CultureInfo)
System.Reflection.MethodBase:Invoke (object,object[])
AreaBattle.EditorTools.BattleBuild:ValidateIntegrated () (at Assets/AreaBattle/Editor/BattleBuild.cs:32)
AreaBattle.EditorTools.BattleBuild:ValidateMechanicsOnly () (at Assets/AreaBattle/Editor/BattleBuild.cs:18)

[Assets/AreaBattle/Scripts/RecoveredWayLineVisual.cs line 21]

Instantiating material due to calling renderer.material during edit mode. This will leak materials into the scene. You most likely want to use renderer.sharedMaterial instead.
UnityEngine.Debug:ExtractStackTraceNoAlloc (byte*,int,string)
UnityEngine.StackTraceUtility:ExtractStackTrace () (at /Users/bokken/build/output/unity/unity/Runtime/Export/Scripting/StackTrace.cs:35)
UnityEngine.Renderer:GetMaterial ()
UnityEngine.Renderer:get_material () (at /Users/bokken/build/output/unity/unity/Runtime/Export/Graphics/GraphicsRenderers.bindings.cs:180)
AreaBattle.RecoveredWayLineVisual:Initialize () (at Assets/AreaBattle/Scripts/RecoveredWayLineVisual.cs:33)
AreaBattle.RecoveredWayLineVisual:SetLine (UnityEngine.Vector3,UnityEngine.Vector3,UnityEngine.Color,UnityEngine.Color,bool,bool,single) (at Assets/AreaBattle/Scripts/RecoveredWayLineVisual.cs:56)
AreaBattle.RecoveredWayLineVisual:Synchronize (AreaBattle.LineState,AreaBattle.TowerState,AreaBattle.TowerState,UnityEngine.Color,UnityEngine.Color,single) (at Assets/AreaBattle/Scripts/RecoveredWayLineVisual.cs:46)
AreaBattle.RecoveredWayLineVisual:Synchronize (AreaBattle.LineState,AreaBattle.TowerState,AreaBattle.TowerState,single) (at Assets/AreaBattle/Scripts/RecoveredWayLineVisual.cs:21)
AreaBattle.BattleView:RefreshPresentation () (at Assets/AreaBattle/Scripts/BattleView.cs:566)
AreaBattle.BattleView:AdvanceFrame (single,single) (at Assets/AreaBattle/Scripts/BattleView.cs:374)
AreaBattle.EditorTools.SkillInputValidation/<>c__DisplayClass1_3:<Run>b__19 () (at Assets/AreaBattle/Editor/SkillInputValidation.cs:177)
AreaBattle.EditorTools.SkillInputValidation/<>c__DisplayClass1_0:<Run>b__0 (string,System.Action) (at Assets/AreaBattle/Editor/SkillInputValidation.cs:18)
AreaBattle.EditorTools.SkillInputValidation:Run () (at Assets/AreaBattle/Editor/SkillInputValidation.cs:152)
System.Reflection.RuntimeMethodInfo:Invoke (object,System.Reflection.BindingFlags,System.Reflection.Binder,object[],System.Globalization.CultureInfo)
System.Reflection.MethodBase:Invoke (object,object[])
AreaBattle.EditorTools.BattleBuild:ValidateIntegrated () (at Assets/AreaBattle/Editor/BattleBuild.cs:32)
AreaBattle.EditorTools.BattleBuild:ValidateMechanicsOnly () (at Assets/AreaBattle/Editor/BattleBuild.cs:18)

[Assets/AreaBattle/Scripts/RecoveredWayLineVisual.cs line 21]

Instantiating material due to calling renderer.material during edit mode. This will leak materials into the scene. You most likely want to use renderer.sharedMaterial instead.
UnityEngine.Debug:ExtractStackTraceNoAlloc (byte*,int,string)
UnityEngine.StackTraceUtility:ExtractStackTrace () (at /Users/bokken/build/output/unity/unity/Runtime/Export/Scripting/StackTrace.cs:35)
UnityEngine.Renderer:GetMaterial ()
UnityEngine.Renderer:get_material () (at /Users/bokken/build/output/unity/unity/Runtime/Export/Graphics/GraphicsRenderers.bindings.cs:180)
AreaBattle.RecoveredWayLineVisual:Initialize () (at Assets/AreaBattle/Scripts/RecoveredWayLineVisual.cs:33)
AreaBattle.RecoveredWayLineVisual:SetLine (UnityEngine.Vector3,UnityEngine.Vector3,UnityEngine.Color,UnityEngine.Color,bool,bool,single) (at Assets/AreaBattle/Scripts/RecoveredWayLineVisual.cs:56)
AreaBattle.RecoveredWayLineVisual:Synchronize (AreaBattle.LineState,AreaBattle.TowerState,AreaBattle.TowerState,UnityEngine.Color,UnityEngine.Color,single) (at Assets/AreaBattle/Scripts/RecoveredWayLineVisual.cs:46)
AreaBattle.RecoveredWayLineVisual:Synchronize (AreaBattle.LineState,AreaBattle.TowerState,AreaBattle.TowerState,single) (at Assets/AreaBattle/Scripts/RecoveredWayLineVisual.cs:21)
AreaBattle.BattleView:RefreshPresentation () (at Assets/AreaBattle/Scripts/BattleView.cs:566)
AreaBattle.BattleView:AdvanceFrame (single,single) (at Assets/AreaBattle/Scripts/BattleView.cs:374)
AreaBattle.EditorTools.SkillInputValidation/<>c__DisplayClass1_3:<Run>b__19 () (at Assets/AreaBattle/Editor/SkillInputValidation.cs:177)
AreaBattle.EditorTools.SkillInputValidation/<>c__DisplayClass1_0:<Run>b__0 (string,System.Action) (at Assets/AreaBattle/Editor/SkillInputValidation.cs:18)
AreaBattle.EditorTools.SkillInputValidation:Run () (at Assets/AreaBattle/Editor/SkillInputValidation.cs:152)
System.Reflection.RuntimeMethodInfo:Invoke (object,System.Reflection.BindingFlags,System.Reflection.Binder,object[],System.Globalization.CultureInfo)
System.Reflection.MethodBase:Invoke (object,object[])
AreaBattle.EditorTools.BattleBuild:ValidateIntegrated () (at Assets/AreaBattle/Editor/BattleBuild.cs:32)
AreaBattle.EditorTools.BattleBuild:ValidateMechanicsOnly () (at Assets/AreaBattle/Editor/BattleBuild.cs:18)

[Assets/AreaBattle/Scripts/RecoveredWayLineVisual.cs line 21]

Instantiating material due to calling renderer.material during edit mode. This will leak materials into the scene. You most likely want to use renderer.sharedMaterial instead.
UnityEngine.Debug:ExtractStackTraceNoAlloc (byte*,int,string)
UnityEngine.StackTraceUtility:ExtractStackTrace () (at /Users/bokken/build/output/unity/unity/Runtime/Export/Scripting/StackTrace.cs:35)
UnityEngine.Renderer:GetMaterial ()
UnityEngine.Renderer:get_material () (at /Users/bokken/build/output/unity/unity/Runtime/Export/Graphics/GraphicsRenderers.bindings.cs:180)
AreaBattle.RecoveredWayLineVisual:Initialize () (at Assets/AreaBattle/Scripts/RecoveredWayLineVisual.cs:33)
AreaBattle.RecoveredWayLineVisual:SetLine (UnityEngine.Vector3,UnityEngine.Vector3,UnityEngine.Color,UnityEngine.Color,bool,bool,single) (at Assets/AreaBattle/Scripts/RecoveredWayLineVisual.cs:56)
AreaBattle.RecoveredWayLineVisual:Synchronize (AreaBattle.LineState,AreaBattle.TowerState,AreaBattle.TowerState,UnityEngine.Color,UnityEngine.Color,single) (at Assets/AreaBattle/Scripts/RecoveredWayLineVisual.cs:46)
AreaBattle.RecoveredWayLineVisual:Synchronize (AreaBattle.LineState,AreaBattle.TowerState,AreaBattle.TowerState,single) (at Assets/AreaBattle/Scripts/RecoveredWayLineVisual.cs:21)
AreaBattle.BattleView:RefreshPresentation () (at Assets/AreaBattle/Scripts/BattleView.cs:566)
AreaBattle.BattleView:AdvanceFrame (single,single) (at Assets/AreaBattle/Scripts/BattleView.cs:374)
AreaBattle.EditorTools.SkillInputValidation/<>c__DisplayClass1_3:<Run>b__19 () (at Assets/AreaBattle/Editor/SkillInputValidation.cs:177)
AreaBattle.EditorTools.SkillInputValidation/<>c__DisplayClass1_0:<Run>b__0 (string,System.Action) (at Assets/AreaBattle/Editor/SkillInputValidation.cs:18)
AreaBattle.EditorTools.SkillInputValidation:Run () (at Assets/AreaBattle/Editor/SkillInputValidation.cs:152)
System.Reflection.RuntimeMethodInfo:Invoke (object,System.Reflection.BindingFlags,System.Reflection.Binder,object[],System.Globalization.CultureInfo)
System.Reflection.MethodBase:Invoke (object,object[])
AreaBattle.EditorTools.BattleBuild:ValidateIntegrated () (at Assets/AreaBattle/Editor/BattleBuild.cs:32)
AreaBattle.EditorTools.BattleBuild:ValidateMechanicsOnly () (at Assets/AreaBattle/Editor/BattleBuild.cs:18)

[Assets/AreaBattle/Scripts/RecoveredWayLineVisual.cs line 21]

Instantiating material due to calling renderer.material during edit mode. This will leak materials into the scene. You most likely want to use renderer.sharedMaterial instead.
UnityEngine.Debug:ExtractStackTraceNoAlloc (byte*,int,string)
UnityEngine.StackTraceUtility:ExtractStackTrace () (at /Users/bokken/build/output/unity/unity/Runtime/Export/Scripting/StackTrace.cs:35)
UnityEngine.Renderer:GetMaterial ()
UnityEngine.Renderer:get_material () (at /Users/bokken/build/output/unity/unity/Runtime/Export/Graphics/GraphicsRenderers.bindings.cs:180)
AreaBattle.RecoveredWayLineVisual:Initialize () (at Assets/AreaBattle/Scripts/RecoveredWayLineVisual.cs:33)
AreaBattle.RecoveredWayLineVisual:SetLine (UnityEngine.Vector3,UnityEngine.Vector3,UnityEngine.Color,UnityEngine.Color,bool,bool,single) (at Assets/AreaBattle/Scripts/RecoveredWayLineVisual.cs:56)
AreaBattle.RecoveredWayLineVisual:Synchronize (AreaBattle.LineState,AreaBattle.TowerState,AreaBattle.TowerState,UnityEngine.Color,UnityEngine.Color,single) (at Assets/AreaBattle/Scripts/RecoveredWayLineVisual.cs:46)
AreaBattle.RecoveredWayLineVisual:Synchronize (AreaBattle.LineState,AreaBattle.TowerState,AreaBattle.TowerState,single) (at Assets/AreaBattle/Scripts/RecoveredWayLineVisual.cs:21)
AreaBattle.BattleView:RefreshPresentation () (at Assets/AreaBattle/Scripts/BattleView.cs:566)
AreaBattle.BattleView:AdvanceFrame (single,single) (at Assets/AreaBattle/Scripts/BattleView.cs:374)
AreaBattle.EditorTools.SkillInputValidation/<>c__DisplayClass1_3:<Run>b__19 () (at Assets/AreaBattle/Editor/SkillInputValidation.cs:177)
AreaBattle.EditorTools.SkillInputValidation/<>c__DisplayClass1_0:<Run>b__0 (string,System.Action) (at Assets/AreaBattle/Editor/SkillInputValidation.cs:18)
AreaBattle.EditorTools.SkillInputValidation:Run () (at Assets/AreaBattle/Editor/SkillInputValidation.cs:152)
System.Reflection.RuntimeMethodInfo:Invoke (object,System.Reflection.BindingFlags,System.Reflection.Binder,object[],System.Globalization.CultureInfo)
System.Reflection.MethodBase:Invoke (object,object[])
AreaBattle.EditorTools.BattleBuild:ValidateIntegrated () (at Assets/AreaBattle/Editor/BattleBuild.cs:32)
AreaBattle.EditorTools.BattleBuild:ValidateMechanicsOnly () (at Assets/AreaBattle/Editor/BattleBuild.cs:18)

[Assets/AreaBattle/Scripts/RecoveredWayLineVisual.cs line 21]

Instantiating material due to calling renderer.material during edit mode. This will leak materials into the scene. You most likely want to use renderer.sharedMaterial instead.
UnityEngine.Debug:ExtractStackTraceNoAlloc (byte*,int,string)
UnityEngine.StackTraceUtility:ExtractStackTrace () (at /Users/bokken/build/output/unity/unity/Runtime/Export/Scripting/StackTrace.cs:35)
UnityEngine.Renderer:GetMaterial ()
UnityEngine.Renderer:get_material () (at /Users/bokken/build/output/unity/unity/Runtime/Export/Graphics/GraphicsRenderers.bindings.cs:180)
AreaBattle.RecoveredWayLineVisual:Initialize () (at Assets/AreaBattle/Scripts/RecoveredWayLineVisual.cs:33)
AreaBattle.RecoveredWayLineVisual:SetLine (UnityEngine.Vector3,UnityEngine.Vector3,UnityEngine.Color,UnityEngine.Color,bool,bool,single) (at Assets/AreaBattle/Scripts/RecoveredWayLineVisual.cs:56)
AreaBattle.RecoveredWayLineVisual:Synchronize (AreaBattle.LineState,AreaBattle.TowerState,AreaBattle.TowerState,UnityEngine.Color,UnityEngine.Color,single) (at Assets/AreaBattle/Scripts/RecoveredWayLineVisual.cs:46)
AreaBattle.RecoveredWayLineVisual:Synchronize (AreaBattle.LineState,AreaBattle.TowerState,AreaBattle.TowerState,single) (at Assets/AreaBattle/Scripts/RecoveredWayLineVisual.cs:21)
AreaBattle.BattleView:RefreshPresentation () (at Assets/AreaBattle/Scripts/BattleView.cs:566)
AreaBattle.BattleView:AdvanceFrame (single,single) (at Assets/AreaBattle/Scripts/BattleView.cs:374)
AreaBattle.EditorTools.SkillInputValidation/<>c__DisplayClass1_3:<Run>b__19 () (at Assets/AreaBattle/Editor/SkillInputValidation.cs:177)
AreaBattle.EditorTools.SkillInputValidation/<>c__DisplayClass1_0:<Run>b__0 (string,System.Action) (at Assets/AreaBattle/Editor/SkillInputValidation.cs:18)
AreaBattle.EditorTools.SkillInputValidation:Run () (at Assets/AreaBattle/Editor/SkillInputValidation.cs:152)
System.Reflection.RuntimeMethodInfo:Invoke (object,System.Reflection.BindingFlags,System.Reflection.Binder,object[],System.Globalization.CultureInfo)
System.Reflection.MethodBase:Invoke (object,object[])
AreaBattle.EditorTools.BattleBuild:ValidateIntegrated () (at Assets/AreaBattle/Editor/BattleBuild.cs:32)
AreaBattle.EditorTools.BattleBuild:ValidateMechanicsOnly () (at Assets/AreaBattle/Editor/BattleBuild.cs:18)

[Assets/AreaBattle/Scripts/RecoveredWayLineVisual.cs line 21]

Instantiating material due to calling renderer.material during edit mode. This will leak materials into the scene. You most likely want to use renderer.sharedMaterial instead.
UnityEngine.Debug:ExtractStackTraceNoAlloc (byte*,int,string)
UnityEngine.StackTraceUtility:ExtractStackTrace () (at /Users/bokken/build/output/unity/unity/Runtime/Export/Scripting/StackTrace.cs:35)
UnityEngine.Renderer:GetMaterial ()
UnityEngine.Renderer:get_material () (at /Users/bokken/build/output/unity/unity/Runtime/Export/Graphics/GraphicsRenderers.bindings.cs:180)
AreaBattle.RecoveredWayLineVisual:Initialize () (at Assets/AreaBattle/Scripts/RecoveredWayLineVisual.cs:33)
AreaBattle.RecoveredWayLineVisual:SetLine (UnityEngine.Vector3,UnityEngine.Vector3,UnityEngine.Color,UnityEngine.Color,bool,bool,single) (at Assets/AreaBattle/Scripts/RecoveredWayLineVisual.cs:56)
AreaBattle.EditorTools.RecoveredWayLineImporter/<>c:<Run>b__13_2 (AreaBattle.RecoveredWayLineVisual) (at Assets/AreaBattle/Editor/RecoveredWayLineImporter.cs:100)
AreaBattle.EditorTools.RecoveredWayLineImporter/<>c__DisplayClass14_0:<CheckPrefab>b__0 () (at Assets/AreaBattle/Editor/RecoveredWayLineImporter.cs:121)
AreaBattle.EditorTools.RecoveredWayLineImporter/<>c__DisplayClass13_0:<Run>b__0 (string,System.Action) (at Assets/AreaBattle/Editor/RecoveredWayLineImporter.cs:97)
AreaBattle.EditorTools.RecoveredWayLineImporter:CheckPrefab (System.Action`2<string, System.Action>,string,bool,System.Action`1<AreaBattle.RecoveredWayLineVisual>) (at Assets/AreaBattle/Editor/RecoveredWayLineImporter.cs:121)
AreaBattle.EditorTools.RecoveredWayLineImporter:Run () (at Assets/AreaBattle/Editor/RecoveredWayLineImporter.cs:99)
System.Reflection.RuntimeMethodInfo:Invoke (object,System.Reflection.BindingFlags,System.Reflection.Binder,object[],System.Globalization.CultureInfo)
System.Reflection.MethodBase:Invoke (object,object[])
AreaBattle.EditorTools.BattleBuild:ValidateIntegrated () (at Assets/AreaBattle/Editor/BattleBuild.cs:32)
AreaBattle.EditorTools.BattleBuild:ValidateMechanicsOnly () (at Assets/AreaBattle/Editor/BattleBuild.cs:18)

[Assets/AreaBattle/Editor/RecoveredWayLineImporter.cs line 100]

Instantiating material due to calling renderer.material during edit mode. This will leak materials into the scene. You most likely want to use renderer.sharedMaterial instead.
UnityEngine.Debug:ExtractStackTraceNoAlloc (byte*,int,string)
UnityEngine.StackTraceUtility:ExtractStackTrace () (at /Users/bokken/build/output/unity/unity/Runtime/Export/Scripting/StackTrace.cs:35)
UnityEngine.Renderer:GetMaterial ()
UnityEngine.Renderer:get_material () (at /Users/bokken/build/output/unity/unity/Runtime/Export/Graphics/GraphicsRenderers.bindings.cs:180)
AreaBattle.RecoveredWayLineVisual:Initialize () (at Assets/AreaBattle/Scripts/RecoveredWayLineVisual.cs:33)
AreaBattle.RecoveredWayLineVisual:SetLine (UnityEngine.Vector3,UnityEngine.Vector3,UnityEngine.Color,UnityEngine.Color,bool,bool,single) (at Assets/AreaBattle/Scripts/RecoveredWayLineVisual.cs:56)
AreaBattle.EditorTools.RecoveredWayLineImporter/<>c:<Run>b__13_2 (AreaBattle.RecoveredWayLineVisual) (at Assets/AreaBattle/Editor/RecoveredWayLineImporter.cs:100)
AreaBattle.EditorTools.RecoveredWayLineImporter/<>c__DisplayClass14_0:<CheckPrefab>b__0 () (at Assets/AreaBattle/Editor/RecoveredWayLineImporter.cs:121)
AreaBattle.EditorTools.RecoveredWayLineImporter/<>c__DisplayClass13_0:<Run>b__0 (string,System.Action) (at Assets/AreaBattle/Editor/RecoveredWayLineImporter.cs:97)
AreaBattle.EditorTools.RecoveredWayLineImporter:CheckPrefab (System.Action`2<string, System.Action>,string,bool,System.Action`1<AreaBattle.RecoveredWayLineVisual>) (at Assets/AreaBattle/Editor/RecoveredWayLineImporter.cs:121)
AreaBattle.EditorTools.RecoveredWayLineImporter:Run () (at Assets/AreaBattle/Editor/RecoveredWayLineImporter.cs:99)
System.Reflection.RuntimeMethodInfo:Invoke (object,System.Reflection.BindingFlags,System.Reflection.Binder,object[],System.Globalization.CultureInfo)
System.Reflection.MethodBase:Invoke (object,object[])
AreaBattle.EditorTools.BattleBuild:ValidateIntegrated () (at Assets/AreaBattle/Editor/BattleBuild.cs:32)
AreaBattle.EditorTools.BattleBuild:ValidateMechanicsOnly () (at Assets/AreaBattle/Editor/BattleBuild.cs:18)

[Assets/AreaBattle/Editor/RecoveredWayLineImporter.cs line 100]

Instantiating material due to calling renderer.material during edit mode. This will leak materials into the scene. You most likely want to use renderer.sharedMaterial instead.
UnityEngine.Debug:ExtractStackTraceNoAlloc (byte*,int,string)
UnityEngine.StackTraceUtility:ExtractStackTrace () (at /Users/bokken/build/output/unity/unity/Runtime/Export/Scripting/StackTrace.cs:35)
UnityEngine.Renderer:GetMaterial ()
UnityEngine.Renderer:get_material () (at /Users/bokken/build/output/unity/unity/Runtime/Export/Graphics/GraphicsRenderers.bindings.cs:180)
AreaBattle.RecoveredWayLineVisual:Initialize () (at Assets/AreaBattle/Scripts/RecoveredWayLineVisual.cs:33)
AreaBattle.RecoveredWayLineVisual:SetLine (UnityEngine.Vector3,UnityEngine.Vector3,UnityEngine.Color,UnityEngine.Color,bool,bool,single) (at Assets/AreaBattle/Scripts/RecoveredWayLineVisual.cs:56)
AreaBattle.EditorTools.RecoveredWayLineImporter/<>c:<Run>b__13_3 (AreaBattle.RecoveredWayLineVisual) (at Assets/AreaBattle/Editor/RecoveredWayLineImporter.cs:106)
AreaBattle.EditorTools.RecoveredWayLineImporter/<>c__DisplayClass14_0:<CheckPrefab>b__0 () (at Assets/AreaBattle/Editor/RecoveredWayLineImporter.cs:121)
AreaBattle.EditorTools.RecoveredWayLineImporter/<>c__DisplayClass13_0:<Run>b__0 (string,System.Action) (at Assets/AreaBattle/Editor/RecoveredWayLineImporter.cs:97)
AreaBattle.EditorTools.RecoveredWayLineImporter:CheckPrefab (System.Action`2<string, System.Action>,string,bool,System.Action`1<AreaBattle.RecoveredWayLineVisual>) (at Assets/AreaBattle/Editor/RecoveredWayLineImporter.cs:121)
AreaBattle.EditorTools.RecoveredWayLineImporter:Run () (at Assets/AreaBattle/Editor/RecoveredWayLineImporter.cs:105)
System.Reflection.RuntimeMethodInfo:Invoke (object,System.Reflection.BindingFlags,System.Reflection.Binder,object[],System.Globalization.CultureInfo)
System.Reflection.MethodBase:Invoke (object,object[])
AreaBattle.EditorTools.BattleBuild:ValidateIntegrated () (at Assets/AreaBattle/Editor/BattleBuild.cs:32)
AreaBattle.EditorTools.BattleBuild:ValidateMechanicsOnly () (at Assets/AreaBattle/Editor/BattleBuild.cs:18)

[Assets/AreaBattle/Editor/RecoveredWayLineImporter.cs line 106]

Instantiating material due to calling renderer.material during edit mode. This will leak materials into the scene. You most likely want to use renderer.sharedMaterial instead.
UnityEngine.Debug:ExtractStackTraceNoAlloc (byte*,int,string)
UnityEngine.StackTraceUtility:ExtractStackTrace () (at /Users/bokken/build/output/unity/unity/Runtime/Export/Scripting/StackTrace.cs:35)
UnityEngine.Renderer:GetMaterial ()
UnityEngine.Renderer:get_material () (at /Users/bokken/build/output/unity/unity/Runtime/Export/Graphics/GraphicsRenderers.bindings.cs:180)
AreaBattle.RecoveredWayLineVisual:Initialize () (at Assets/AreaBattle/Scripts/RecoveredWayLineVisual.cs:33)
AreaBattle.RecoveredWayLineVisual:SetLine (UnityEngine.Vector3,UnityEngine.Vector3,UnityEngine.Color,UnityEngine.Color,bool,bool,single) (at Assets/AreaBattle/Scripts/RecoveredWayLineVisual.cs:56)
AreaBattle.EditorTools.RecoveredWayLineImporter/<>c:<Run>b__13_3 (AreaBattle.RecoveredWayLineVisual) (at Assets/AreaBattle/Editor/RecoveredWayLineImporter.cs:106)
AreaBattle.EditorTools.RecoveredWayLineImporter/<>c__DisplayClass14_0:<CheckPrefab>b__0 () (at Assets/AreaBattle/Editor/RecoveredWayLineImporter.cs:121)
AreaBattle.EditorTools.RecoveredWayLineImporter/<>c__DisplayClass13_0:<Run>b__0 (string,System.Action) (at Assets/AreaBattle/Editor/RecoveredWayLineImporter.cs:97)
AreaBattle.EditorTools.RecoveredWayLineImporter:CheckPrefab (System.Action`2<string, System.Action>,string,bool,System.Action`1<AreaBattle.RecoveredWayLineVisual>) (at Assets/AreaBattle/Editor/RecoveredWayLineImporter.cs:121)
AreaBattle.EditorTools.RecoveredWayLineImporter:Run () (at Assets/AreaBattle/Editor/RecoveredWayLineImporter.cs:105)
System.Reflection.RuntimeMethodInfo:Invoke (object,System.Reflection.BindingFlags,System.Reflection.Binder,object[],System.Globalization.CultureInfo)
System.Reflection.MethodBase:Invoke (object,object[])
AreaBattle.EditorTools.BattleBuild:ValidateIntegrated () (at Assets/AreaBattle/Editor/BattleBuild.cs:32)
AreaBattle.EditorTools.BattleBuild:ValidateMechanicsOnly () (at Assets/AreaBattle/Editor/BattleBuild.cs:18)

[Assets/AreaBattle/Editor/RecoveredWayLineImporter.cs line 106]

Instantiating material due to calling renderer.material during edit mode. This will leak materials into the scene. You most likely want to use renderer.sharedMaterial instead.
UnityEngine.Debug:ExtractStackTraceNoAlloc (byte*,int,string)
UnityEngine.StackTraceUtility:ExtractStackTrace () (at /Users/bokken/build/output/unity/unity/Runtime/Export/Scripting/StackTrace.cs:35)
UnityEngine.Renderer:GetMaterial ()
UnityEngine.Renderer:get_material () (at /Users/bokken/build/output/unity/unity/Runtime/Export/Graphics/GraphicsRenderers.bindings.cs:180)
AreaBattle.RecoveredWayLineVisual:Initialize () (at Assets/AreaBattle/Scripts/RecoveredWayLineVisual.cs:33)
AreaBattle.RecoveredWayLineVisual:SetLine (UnityEngine.Vector3,UnityEngine.Vector3,UnityEngine.Color,UnityEngine.Color,bool,bool,single) (at Assets/AreaBattle/Scripts/RecoveredWayLineVisual.cs:56)
AreaBattle.EditorTools.RecoveredWayLineImporter/<>c:<Run>b__13_3 (AreaBattle.RecoveredWayLineVisual) (at Assets/AreaBattle/Editor/RecoveredWayLineImporter.cs:106)
AreaBattle.EditorTools.RecoveredWayLineImporter/<>c__DisplayClass14_0:<CheckPrefab>b__0 () (at Assets/AreaBattle/Editor/RecoveredWayLineImporter.cs:121)
AreaBattle.EditorTools.RecoveredWayLineImporter/<>c__DisplayClass13_0:<Run>b__0 (string,System.Action) (at Assets/AreaBattle/Editor/RecoveredWayLineImporter.cs:97)
AreaBattle.EditorTools.RecoveredWayLineImporter:CheckPrefab (System.Action`2<string, System.Action>,string,bool,System.Action`1<AreaBattle.RecoveredWayLineVisual>) (at Assets/AreaBattle/Editor/RecoveredWayLineImporter.cs:121)
AreaBattle.EditorTools.RecoveredWayLineImporter:Run () (at Assets/AreaBattle/Editor/RecoveredWayLineImporter.cs:105)
System.Reflection.RuntimeMethodInfo:Invoke (object,System.Reflection.BindingFlags,System.Reflection.Binder,object[],System.Globalization.CultureInfo)
System.Reflection.MethodBase:Invoke (object,object[])
AreaBattle.EditorTools.BattleBuild:ValidateIntegrated () (at Assets/AreaBattle/Editor/BattleBuild.cs:32)
AreaBattle.EditorTools.BattleBuild:ValidateMechanicsOnly () (at Assets/AreaBattle/Editor/BattleBuild.cs:18)

[Assets/AreaBattle/Editor/RecoveredWayLineImporter.cs line 106]

Instantiating material due to calling renderer.material during edit mode. This will leak materials into the scene. You most likely want to use renderer.sharedMaterial instead.
UnityEngine.Debug:ExtractStackTraceNoAlloc (byte*,int,string)
UnityEngine.StackTraceUtility:ExtractStackTrace () (at /Users/bokken/build/output/unity/unity/Runtime/Export/Scripting/StackTrace.cs:35)
UnityEngine.Renderer:GetMaterial ()
UnityEngine.Renderer:get_material () (at /Users/bokken/build/output/unity/unity/Runtime/Export/Graphics/GraphicsRenderers.bindings.cs:180)
AreaBattle.RecoveredWayLineVisual:Initialize () (at Assets/AreaBattle/Scripts/RecoveredWayLineVisual.cs:33)
AreaBattle.RecoveredWayLineVisual:SetLine (UnityEngine.Vector3,UnityEngine.Vector3,UnityEngine.Color,UnityEngine.Color,bool,bool,single) (at Assets/AreaBattle/Scripts/RecoveredWayLineVisual.cs:56)
AreaBattle.EditorTools.RecoveredWayLineImporter/<>c:<Run>b__13_3 (AreaBattle.RecoveredWayLineVisual) (at Assets/AreaBattle/Editor/RecoveredWayLineImporter.cs:106)
AreaBattle.EditorTools.RecoveredWayLineImporter/<>c__DisplayClass14_0:<CheckPrefab>b__0 () (at Assets/AreaBattle/Editor/RecoveredWayLineImporter.cs:121)
AreaBattle.EditorTools.RecoveredWayLineImporter/<>c__DisplayClass13_0:<Run>b__0 (string,System.Action) (at Assets/AreaBattle/Editor/RecoveredWayLineImporter.cs:97)
AreaBattle.EditorTools.RecoveredWayLineImporter:CheckPrefab (System.Action`2<string, System.Action>,string,bool,System.Action`1<AreaBattle.RecoveredWayLineVisual>) (at Assets/AreaBattle/Editor/RecoveredWayLineImporter.cs:121)
AreaBattle.EditorTools.RecoveredWayLineImporter:Run () (at Assets/AreaBattle/Editor/RecoveredWayLineImporter.cs:105)
System.Reflection.RuntimeMethodInfo:Invoke (object,System.Reflection.BindingFlags,System.Reflection.Binder,object[],System.Globalization.CultureInfo)
System.Reflection.MethodBase:Invoke (object,object[])
AreaBattle.EditorTools.BattleBuild:ValidateIntegrated () (at Assets/AreaBattle/Editor/BattleBuild.cs:32)
AreaBattle.EditorTools.BattleBuild:ValidateMechanicsOnly () (at Assets/AreaBattle/Editor/BattleBuild.cs:18)

[Assets/AreaBattle/Editor/RecoveredWayLineImporter.cs line 106]

Instantiating material due to calling renderer.material during edit mode. This will leak materials into the scene. You most likely want to use renderer.sharedMaterial instead.
UnityEngine.Debug:ExtractStackTraceNoAlloc (byte*,int,string)
UnityEngine.StackTraceUtility:ExtractStackTrace () (at /Users/bokken/build/output/unity/unity/Runtime/Export/Scripting/StackTrace.cs:35)
UnityEngine.Renderer:GetMaterial ()
UnityEngine.Renderer:get_material () (at /Users/bokken/build/output/unity/unity/Runtime/Export/Graphics/GraphicsRenderers.bindings.cs:180)
AreaBattle.RecoveredWayLineVisual:Initialize () (at Assets/AreaBattle/Scripts/RecoveredWayLineVisual.cs:33)
AreaBattle.RecoveredWayLineVisual:SetLine (UnityEngine.Vector3,UnityEngine.Vector3,UnityEngine.Color,UnityEngine.Color,bool,bool,single) (at Assets/AreaBattle/Scripts/RecoveredWayLineVisual.cs:56)
AreaBattle.RecoveredWayLineVisual:Synchronize (AreaBattle.LineState,AreaBattle.TowerState,AreaBattle.TowerState,UnityEngine.Color,UnityEngine.Color,single) (at Assets/AreaBattle/Scripts/RecoveredWayLineVisual.cs:46)
AreaBattle.EditorTools.RecoveredWayLineImporter/<>c:<Run>b__13_4 (AreaBattle.RecoveredWayLineVisual) (at Assets/AreaBattle/Editor/RecoveredWayLineImporter.cs:113)
AreaBattle.EditorTools.RecoveredWayLineImporter/<>c__DisplayClass14_0:<CheckPrefab>b__0 () (at Assets/AreaBattle/Editor/RecoveredWayLineImporter.cs:121)
AreaBattle.EditorTools.RecoveredWayLineImporter/<>c__DisplayClass13_0:<Run>b__0 (string,System.Action) (at Assets/AreaBattle/Editor/RecoveredWayLineImporter.cs:97)
AreaBattle.EditorTools.RecoveredWayLineImporter:CheckPrefab (System.Action`2<string, System.Action>,string,bool,System.Action`1<AreaBattle.RecoveredWayLineVisual>) (at Assets/AreaBattle/Editor/RecoveredWayLineImporter.cs:121)
AreaBattle.EditorTools.RecoveredWayLineImporter:Run () (at Assets/AreaBattle/Editor/RecoveredWayLineImporter.cs:111)
System.Reflection.RuntimeMethodInfo:Invoke (object,System.Reflection.BindingFlags,System.Reflection.Binder,object[],System.Globalization.CultureInfo)
System.Reflection.MethodBase:Invoke (object,object[])
AreaBattle.EditorTools.BattleBuild:ValidateIntegrated () (at Assets/AreaBattle/Editor/BattleBuild.cs:32)
AreaBattle.EditorTools.BattleBuild:ValidateMechanicsOnly () (at Assets/AreaBattle/Editor/BattleBuild.cs:18)

[Assets/AreaBattle/Editor/RecoveredWayLineImporter.cs line 113]

Instantiating material due to calling renderer.material during edit mode. This will leak materials into the scene. You most likely want to use renderer.sharedMaterial instead.
UnityEngine.Debug:ExtractStackTraceNoAlloc (byte*,int,string)
UnityEngine.StackTraceUtility:ExtractStackTrace () (at /Users/bokken/build/output/unity/unity/Runtime/Export/Scripting/StackTrace.cs:35)
UnityEngine.Renderer:GetMaterial ()
UnityEngine.Renderer:get_material () (at /Users/bokken/build/output/unity/unity/Runtime/Export/Graphics/GraphicsRenderers.bindings.cs:180)
AreaBattle.RecoveredWayLineVisual:Initialize () (at Assets/AreaBattle/Scripts/RecoveredWayLineVisual.cs:33)
AreaBattle.RecoveredWayLineVisual:SetLine (UnityEngine.Vector3,UnityEngine.Vector3,UnityEngine.Color,UnityEngine.Color,bool,bool,single) (at Assets/AreaBattle/Scripts/RecoveredWayLineVisual.cs:56)
AreaBattle.RecoveredWayLineVisual:Synchronize (AreaBattle.LineState,AreaBattle.TowerState,AreaBattle.TowerState,UnityEngine.Color,UnityEngine.Color,single) (at Assets/AreaBattle/Scripts/RecoveredWayLineVisual.cs:46)
AreaBattle.EditorTools.RecoveredWayLineImporter/<>c:<Run>b__13_4 (AreaBattle.RecoveredWayLineVisual) (at Assets/AreaBattle/Editor/RecoveredWayLineImporter.cs:113)
AreaBattle.EditorTools.RecoveredWayLineImporter/<>c__DisplayClass14_0:<CheckPrefab>b__0 () (at Assets/AreaBattle/Editor/RecoveredWayLineImporter.cs:121)
AreaBattle.EditorTools.RecoveredWayLineImporter/<>c__DisplayClass13_0:<Run>b__0 (string,System.Action) (at Assets/AreaBattle/Editor/RecoveredWayLineImporter.cs:97)
AreaBattle.EditorTools.RecoveredWayLineImporter:CheckPrefab (System.Action`2<string, System.Action>,string,bool,System.Action`1<AreaBattle.RecoveredWayLineVisual>) (at Assets/AreaBattle/Editor/RecoveredWayLineImporter.cs:121)
AreaBattle.EditorTools.RecoveredWayLineImporter:Run () (at Assets/AreaBattle/Editor/RecoveredWayLineImporter.cs:111)
System.Reflection.RuntimeMethodInfo:Invoke (object,System.Reflection.BindingFlags,System.Reflection.Binder,object[],System.Globalization.CultureInfo)
System.Reflection.MethodBase:Invoke (object,object[])
AreaBattle.EditorTools.BattleBuild:ValidateIntegrated () (at Assets/AreaBattle/Editor/BattleBuild.cs:32)
AreaBattle.EditorTools.BattleBuild:ValidateMechanicsOnly () (at Assets/AreaBattle/Editor/BattleBuild.cs:18)

[Assets/AreaBattle/Editor/RecoveredWayLineImporter.cs line 113]

Instantiating material due to calling renderer.material during edit mode. This will leak materials into the scene. You most likely want to use renderer.sharedMaterial instead.
UnityEngine.Debug:ExtractStackTraceNoAlloc (byte*,int,string)
UnityEngine.StackTraceUtility:ExtractStackTrace () (at /Users/bokken/build/output/unity/unity/Runtime/Export/Scripting/StackTrace.cs:35)
UnityEngine.Renderer:GetMaterial ()
UnityEngine.Renderer:get_material () (at /Users/bokken/build/output/unity/unity/Runtime/Export/Graphics/GraphicsRenderers.bindings.cs:180)
AreaBattle.RecoveredWayLineVisual:Initialize () (at Assets/AreaBattle/Scripts/RecoveredWayLineVisual.cs:33)
AreaBattle.RecoveredWayLineVisual:SetLine (UnityEngine.Vector3,UnityEngine.Vector3,UnityEngine.Color,UnityEngine.Color,bool,bool,single) (at Assets/AreaBattle/Scripts/RecoveredWayLineVisual.cs:56)
AreaBattle.EditorTools.RecoveredWayLineImporter/<>c:<Run>b__13_5 (AreaBattle.RecoveredWayLineVisual) (at Assets/AreaBattle/Editor/RecoveredWayLineImporter.cs:117)
AreaBattle.EditorTools.RecoveredWayLineImporter/<>c__DisplayClass14_0:<CheckPrefab>b__0 () (at Assets/AreaBattle/Editor/RecoveredWayLineImporter.cs:121)
AreaBattle.EditorTools.RecoveredWayLineImporter/<>c__DisplayClass13_0:<Run>b__0 (string,System.Action) (at Assets/AreaBattle/Editor/RecoveredWayLineImporter.cs:97)
AreaBattle.EditorTools.RecoveredWayLineImporter:CheckPrefab (System.Action`2<string, System.Action>,string,bool,System.Action`1<AreaBattle.RecoveredWayLineVisual>) (at Assets/AreaBattle/Editor/RecoveredWayLineImporter.cs:121)
AreaBattle.EditorTools.RecoveredWayLineImporter:Run () (at Assets/AreaBattle/Editor/RecoveredWayLineImporter.cs:117)
System.Reflection.RuntimeMethodInfo:Invoke (object,System.Reflection.BindingFlags,System.Reflection.Binder,object[],System.Globalization.CultureInfo)
System.Reflection.MethodBase:Invoke (object,object[])
AreaBattle.EditorTools.BattleBuild:ValidateIntegrated () (at Assets/AreaBattle/Editor/BattleBuild.cs:32)
AreaBattle.EditorTools.BattleBuild:ValidateMechanicsOnly () (at Assets/AreaBattle/Editor/BattleBuild.cs:18)

[Assets/AreaBattle/Editor/RecoveredWayLineImporter.cs line 117]

Instantiating material due to calling renderer.material during edit mode. This will leak materials into the scene. You most likely want to use renderer.sharedMaterial instead.
UnityEngine.Debug:ExtractStackTraceNoAlloc (byte*,int,string)
UnityEngine.StackTraceUtility:ExtractStackTrace () (at /Users/bokken/build/output/unity/unity/Runtime/Export/Scripting/StackTrace.cs:35)
UnityEngine.Renderer:GetMaterial ()
UnityEngine.Renderer:get_material () (at /Users/bokken/build/output/unity/unity/Runtime/Export/Graphics/GraphicsRenderers.bindings.cs:180)
AreaBattle.RecoveredWayLineVisual:Initialize () (at Assets/AreaBattle/Scripts/RecoveredWayLineVisual.cs:33)
AreaBattle.RecoveredWayLineVisual:SetLine (UnityEngine.Vector3,UnityEngine.Vector3,UnityEngine.Color,UnityEngine.Color,bool,bool,single) (at Assets/AreaBattle/Scripts/RecoveredWayLineVisual.cs:56)
AreaBattle.EditorTools.RecoveredWayLineImporter/<>c:<Run>b__13_5 (AreaBattle.RecoveredWayLineVisual) (at Assets/AreaBattle/Editor/RecoveredWayLineImporter.cs:117)
AreaBattle.EditorTools.RecoveredWayLineImporter/<>c__DisplayClass14_0:<CheckPrefab>b__0 () (at Assets/AreaBattle/Editor/RecoveredWayLineImporter.cs:121)
AreaBattle.EditorTools.RecoveredWayLineImporter/<>c__DisplayClass13_0:<Run>b__0 (string,System.Action) (at Assets/AreaBattle/Editor/RecoveredWayLineImporter.cs:97)
AreaBattle.EditorTools.RecoveredWayLineImporter:CheckPrefab (System.Action`2<string, System.Action>,string,bool,System.Action`1<AreaBattle.RecoveredWayLineVisual>) (at Assets/AreaBattle/Editor/RecoveredWayLineImporter.cs:121)
AreaBattle.EditorTools.RecoveredWayLineImporter:Run () (at Assets/AreaBattle/Editor/RecoveredWayLineImporter.cs:117)
System.Reflection.RuntimeMethodInfo:Invoke (object,System.Reflection.BindingFlags,System.Reflection.Binder,object[],System.Globalization.CultureInfo)
System.Reflection.MethodBase:Invoke (object,object[])
AreaBattle.EditorTools.BattleBuild:ValidateIntegrated () (at Assets/AreaBattle/Editor/BattleBuild.cs:32)
AreaBattle.EditorTools.BattleBuild:ValidateMechanicsOnly () (at Assets/AreaBattle/Editor/BattleBuild.cs:18)

[Assets/AreaBattle/Editor/RecoveredWayLineImporter.cs line 117]

Instantiating material due to calling renderer.material during edit mode. This will leak materials into the scene. You most likely want to use renderer.sharedMaterial instead.
UnityEngine.Debug:ExtractStackTraceNoAlloc (byte*,int,string)
UnityEngine.StackTraceUtility:ExtractStackTrace () (at /Users/bokken/build/output/unity/unity/Runtime/Export/Scripting/StackTrace.cs:35)
UnityEngine.Renderer:GetMaterial ()
UnityEngine.Renderer:get_material () (at /Users/bokken/build/output/unity/unity/Runtime/Export/Graphics/GraphicsRenderers.bindings.cs:180)
AreaBattle.RecoveredWayLineVisual:Initialize () (at Assets/AreaBattle/Scripts/RecoveredWayLineVisual.cs:33)
AreaBattle.RecoveredWayLineVisual:SetLine (UnityEngine.Vector3,UnityEngine.Vector3,UnityEngine.Color,UnityEngine.Color,bool,bool,single) (at Assets/AreaBattle/Scripts/RecoveredWayLineVisual.cs:56)
AreaBattle.RecoveredGestureVisuals:DrawPreview (UnityEngine.Vector3,UnityEngine.Vector3,UnityEngine.Color,bool,UnityEngine.Transform,bool,single) (at Assets/AreaBattle/Scripts/RecoveredGestureVisuals.cs:97)
AreaBattle.EditorTools.RecoveredGestureImporter/<>c:<Run>b__19_4 () (at Assets/AreaBattle/Editor/RecoveredGestureImporter.cs:109)
AreaBattle.EditorTools.RecoveredGestureImporter/<>c__DisplayClass19_0:<Run>b__0 (string,System.Action) (at Assets/AreaBattle/Editor/RecoveredGestureImporter.cs:86)
AreaBattle.EditorTools.RecoveredGestureImporter:Run () (at Assets/AreaBattle/Editor/RecoveredGestureImporter.cs:105)
System.Reflection.RuntimeMethodInfo:Invoke (object,System.Reflection.BindingFlags,System.Reflection.Binder,object[],System.Globalization.CultureInfo)
System.Reflection.MethodBase:Invoke (object,object[])
AreaBattle.EditorTools.BattleBuild:ValidateIntegrated () (at Assets/AreaBattle/Editor/BattleBuild.cs:32)
AreaBattle.EditorTools.BattleBuild:ValidateMechanicsOnly () (at Assets/AreaBattle/Editor/BattleBuild.cs:18)

[Assets/AreaBattle/Editor/RecoveredGestureImporter.cs line 109]

Instantiating material due to calling renderer.material during edit mode. This will leak materials into the scene. You most likely want to use renderer.sharedMaterial instead.
UnityEngine.Debug:ExtractStackTraceNoAlloc (byte*,int,string)
UnityEngine.StackTraceUtility:ExtractStackTrace () (at /Users/bokken/build/output/unity/unity/Runtime/Export/Scripting/StackTrace.cs:35)
UnityEngine.Renderer:GetMaterial ()
UnityEngine.Renderer:get_material () (at /Users/bokken/build/output/unity/unity/Runtime/Export/Graphics/GraphicsRenderers.bindings.cs:180)
AreaBattle.RecoveredWayLineVisual:Initialize () (at Assets/AreaBattle/Scripts/RecoveredWayLineVisual.cs:33)
AreaBattle.RecoveredWayLineVisual:SetLine (UnityEngine.Vector3,UnityEngine.Vector3,UnityEngine.Color,UnityEngine.Color,bool,bool,single) (at Assets/AreaBattle/Scripts/RecoveredWayLineVisual.cs:56)
AreaBattle.RecoveredGestureVisuals:DrawPreview (UnityEngine.Vector3,UnityEngine.Vector3,UnityEngine.Color,bool,UnityEngine.Transform,bool,single) (at Assets/AreaBattle/Scripts/RecoveredGestureVisuals.cs:97)
AreaBattle.EditorTools.RecoveredGestureImporter/<>c:<Run>b__19_4 () (at Assets/AreaBattle/Editor/RecoveredGestureImporter.cs:109)
AreaBattle.EditorTools.RecoveredGestureImporter/<>c__DisplayClass19_0:<Run>b__0 (string,System.Action) (at Assets/AreaBattle/Editor/RecoveredGestureImporter.cs:86)
AreaBattle.EditorTools.RecoveredGestureImporter:Run () (at Assets/AreaBattle/Editor/RecoveredGestureImporter.cs:105)
System.Reflection.RuntimeMethodInfo:Invoke (object,System.Reflection.BindingFlags,System.Reflection.Binder,object[],System.Globalization.CultureInfo)
System.Reflection.MethodBase:Invoke (object,object[])
AreaBattle.EditorTools.BattleBuild:ValidateIntegrated () (at Assets/AreaBattle/Editor/BattleBuild.cs:32)
AreaBattle.EditorTools.BattleBuild:ValidateMechanicsOnly () (at Assets/AreaBattle/Editor/BattleBuild.cs:18)

[Assets/AreaBattle/Editor/RecoveredGestureImporter.cs line 109]

Instantiating material due to calling renderer.material during edit mode. This will leak materials into the scene. You most likely want to use renderer.sharedMaterial instead.
UnityEngine.Debug:ExtractStackTraceNoAlloc (byte*,int,string)
UnityEngine.StackTraceUtility:ExtractStackTrace () (at /Users/bokken/build/output/unity/unity/Runtime/Export/Scripting/StackTrace.cs:35)
UnityEngine.Renderer:GetMaterial ()
UnityEngine.Renderer:get_material () (at /Users/bokken/build/output/unity/unity/Runtime/Export/Graphics/GraphicsRenderers.bindings.cs:180)
AreaBattle.RecoveredWayLineVisual:Initialize () (at Assets/AreaBattle/Scripts/RecoveredWayLineVisual.cs:33)
AreaBattle.RecoveredWayLineVisual:SetLine (UnityEngine.Vector3,UnityEngine.Vector3,UnityEngine.Color,UnityEngine.Color,bool,bool,single) (at Assets/AreaBattle/Scripts/RecoveredWayLineVisual.cs:56)
AreaBattle.RecoveredGestureVisuals:DrawPreview (UnityEngine.Vector3,UnityEngine.Vector3,UnityEngine.Color,bool,UnityEngine.Transform,bool,single) (at Assets/AreaBattle/Scripts/RecoveredGestureVisuals.cs:97)
AreaBattle.BattleView:MoveTowerDrag (UnityEngine.Vector3,int) (at Assets/AreaBattle/Scripts/BattleView.cs:489)
AreaBattle.EditorTools.RecoveredGestureImporter/<>c:<Run>b__19_7 () (at Assets/AreaBattle/Editor/RecoveredGestureImporter.cs:153)
AreaBattle.EditorTools.RecoveredGestureImporter/<>c__DisplayClass19_0:<Run>b__0 (string,System.Action) (at Assets/AreaBattle/Editor/RecoveredGestureImporter.cs:86)
AreaBattle.EditorTools.RecoveredGestureImporter:Run () (at Assets/AreaBattle/Editor/RecoveredGestureImporter.cs:140)
System.Reflection.RuntimeMethodInfo:Invoke (object,System.Reflection.BindingFlags,System.Reflection.Binder,object[],System.Globalization.CultureInfo)
System.Reflection.MethodBase:Invoke (object,object[])
AreaBattle.EditorTools.BattleBuild:ValidateIntegrated () (at Assets/AreaBattle/Editor/BattleBuild.cs:32)
AreaBattle.EditorTools.BattleBuild:ValidateMechanicsOnly () (at Assets/AreaBattle/Editor/BattleBuild.cs:18)

[Assets/AreaBattle/Editor/RecoveredGestureImporter.cs line 153]

Instantiating material due to calling renderer.material during edit mode. This will leak materials into the scene. You most likely want to use renderer.sharedMaterial instead.
UnityEngine.Debug:ExtractStackTraceNoAlloc (byte*,int,string)
UnityEngine.StackTraceUtility:ExtractStackTrace () (at /Users/bokken/build/output/unity/unity/Runtime/Export/Scripting/StackTrace.cs:35)
UnityEngine.Renderer:GetMaterial ()
UnityEngine.Renderer:get_material () (at /Users/bokken/build/output/unity/unity/Runtime/Export/Graphics/GraphicsRenderers.bindings.cs:180)
AreaBattle.RecoveredWayLineVisual:Initialize () (at Assets/AreaBattle/Scripts/RecoveredWayLineVisual.cs:33)
AreaBattle.RecoveredWayLineVisual:SetLine (UnityEngine.Vector3,UnityEngine.Vector3,UnityEngine.Color,UnityEngine.Color,bool,bool,single) (at Assets/AreaBattle/Scripts/RecoveredWayLineVisual.cs:56)
AreaBattle.RecoveredGestureVisuals:DrawPreview (UnityEngine.Vector3,UnityEngine.Vector3,UnityEngine.Color,bool,UnityEngine.Transform,bool,single) (at Assets/AreaBattle/Scripts/RecoveredGestureVisuals.cs:97)
AreaBattle.BattleView:MoveTowerDrag (UnityEngine.Vector3,int) (at Assets/AreaBattle/Scripts/BattleView.cs:489)
AreaBattle.EditorTools.RecoveredGestureImporter/<>c:<Run>b__19_7 () (at Assets/AreaBattle/Editor/RecoveredGestureImporter.cs:153)
AreaBattle.EditorTools.RecoveredGestureImporter/<>c__DisplayClass19_0:<Run>b__0 (string,System.Action) (at Assets/AreaBattle/Editor/RecoveredGestureImporter.cs:86)
AreaBattle.EditorTools.RecoveredGestureImporter:Run () (at Assets/AreaBattle/Editor/RecoveredGestureImporter.cs:140)
System.Reflection.RuntimeMethodInfo:Invoke (object,System.Reflection.BindingFlags,System.Reflection.Binder,object[],System.Globalization.CultureInfo)
System.Reflection.MethodBase:Invoke (object,object[])
AreaBattle.EditorTools.BattleBuild:ValidateIntegrated () (at Assets/AreaBattle/Editor/BattleBuild.cs:32)
AreaBattle.EditorTools.BattleBuild:ValidateMechanicsOnly () (at Assets/AreaBattle/Editor/BattleBuild.cs:18)

[Assets/AreaBattle/Editor/RecoveredGestureImporter.cs line 153]

Instantiating material due to calling renderer.material during edit mode. This will leak materials into the scene. You most likely want to use renderer.sharedMaterial instead.
UnityEngine.Debug:ExtractStackTraceNoAlloc (byte*,int,string)
UnityEngine.StackTraceUtility:ExtractStackTrace () (at /Users/bokken/build/output/unity/unity/Runtime/Export/Scripting/StackTrace.cs:35)
UnityEngine.Renderer:GetMaterial ()
UnityEngine.Renderer:get_material () (at /Users/bokken/build/output/unity/unity/Runtime/Export/Graphics/GraphicsRenderers.bindings.cs:180)
AreaBattle.RecoveredWayLineVisual:Initialize () (at Assets/AreaBattle/Scripts/RecoveredWayLineVisual.cs:33)
AreaBattle.RecoveredWayLineVisual:SetLine (UnityEngine.Vector3,UnityEngine.Vector3,UnityEngine.Color,UnityEngine.Color,bool,bool,single) (at Assets/AreaBattle/Scripts/RecoveredWayLineVisual.cs:56)
AreaBattle.RecoveredWayLineVisual:Synchronize (AreaBattle.LineState,AreaBattle.TowerState,AreaBattle.TowerState,UnityEngine.Color,UnityEngine.Color,single) (at Assets/AreaBattle/Scripts/RecoveredWayLineVisual.cs:46)
AreaBattle.RecoveredWayLineVisual:Synchronize (AreaBattle.LineState,AreaBattle.TowerState,AreaBattle.TowerState,single) (at Assets/AreaBattle/Scripts/RecoveredWayLineVisual.cs:21)
AreaBattle.BattleView:RefreshPresentation () (at Assets/AreaBattle/Scripts/BattleView.cs:566)
AreaBattle.BattleView:AdvanceFrame (single,single) (at Assets/AreaBattle/Scripts/BattleView.cs:374)
AreaBattle.EditorTools.RecoveredGestureImporter/<>c:<Run>b__19_7 () (at Assets/AreaBattle/Editor/RecoveredGestureImporter.cs:161)
AreaBattle.EditorTools.RecoveredGestureImporter/<>c__DisplayClass19_0:<Run>b__0 (string,System.Action) (at Assets/AreaBattle/Editor/RecoveredGestureImporter.cs:86)
AreaBattle.EditorTools.RecoveredGestureImporter:Run () (at Assets/AreaBattle/Editor/RecoveredGestureImporter.cs:140)
System.Reflection.RuntimeMethodInfo:Invoke (object,System.Reflection.BindingFlags,System.Reflection.Binder,object[],System.Globalization.CultureInfo)
System.Reflection.MethodBase:Invoke (object,object[])
AreaBattle.EditorTools.BattleBuild:ValidateIntegrated () (at Assets/AreaBattle/Editor/BattleBuild.cs:32)
AreaBattle.EditorTools.BattleBuild:ValidateMechanicsOnly () (at Assets/AreaBattle/Editor/BattleBuild.cs:18)

[Assets/AreaBattle/Scripts/RecoveredWayLineVisual.cs line 21]

Instantiating material due to calling renderer.material during edit mode. This will leak materials into the scene. You most likely want to use renderer.sharedMaterial instead.
UnityEngine.Debug:ExtractStackTraceNoAlloc (byte*,int,string)
UnityEngine.StackTraceUtility:ExtractStackTrace () (at /Users/bokken/build/output/unity/unity/Runtime/Export/Scripting/StackTrace.cs:35)
UnityEngine.Renderer:GetMaterial ()
UnityEngine.Renderer:get_material () (at /Users/bokken/build/output/unity/unity/Runtime/Export/Graphics/GraphicsRenderers.bindings.cs:180)
AreaBattle.RecoveredWayLineVisual:Initialize () (at Assets/AreaBattle/Scripts/RecoveredWayLineVisual.cs:33)
AreaBattle.RecoveredWayLineVisual:SetLine (UnityEngine.Vector3,UnityEngine.Vector3,UnityEngine.Color,UnityEngine.Color,bool,bool,single) (at Assets/AreaBattle/Scripts/RecoveredWayLineVisual.cs:56)
AreaBattle.RecoveredWayLineVisual:Synchronize (AreaBattle.LineState,AreaBattle.TowerState,AreaBattle.TowerState,UnityEngine.Color,UnityEngine.Color,single) (at Assets/AreaBattle/Scripts/RecoveredWayLineVisual.cs:46)
AreaBattle.RecoveredWayLineVisual:Synchronize (AreaBattle.LineState,AreaBattle.TowerState,AreaBattle.TowerState,single) (at Assets/AreaBattle/Scripts/RecoveredWayLineVisual.cs:21)
AreaBattle.BattleView:RefreshPresentation () (at Assets/AreaBattle/Scripts/BattleView.cs:566)
AreaBattle.BattleView:AdvanceFrame (single,single) (at Assets/AreaBattle/Scripts/BattleView.cs:374)
AreaBattle.EditorTools.RecoveredGestureImporter/<>c:<Run>b__19_7 () (at Assets/AreaBattle/Editor/RecoveredGestureImporter.cs:161)
AreaBattle.EditorTools.RecoveredGestureImporter/<>c__DisplayClass19_0:<Run>b__0 (string,System.Action) (at Assets/AreaBattle/Editor/RecoveredGestureImporter.cs:86)
AreaBattle.EditorTools.RecoveredGestureImporter:Run () (at Assets/AreaBattle/Editor/RecoveredGestureImporter.cs:140)
System.Reflection.RuntimeMethodInfo:Invoke (object,System.Reflection.BindingFlags,System.Reflection.Binder,object[],System.Globalization.CultureInfo)
System.Reflection.MethodBase:Invoke (object,object[])
AreaBattle.EditorTools.BattleBuild:ValidateIntegrated () (at Assets/AreaBattle/Editor/BattleBuild.cs:32)
AreaBattle.EditorTools.BattleBuild:ValidateMechanicsOnly () (at Assets/AreaBattle/Editor/BattleBuild.cs:18)

[Assets/AreaBattle/Scripts/RecoveredWayLineVisual.cs line 21]

Instantiating material due to calling renderer.material during edit mode. This will leak materials into the scene. You most likely want to use renderer.sharedMaterial instead.
UnityEngine.Debug:ExtractStackTraceNoAlloc (byte*,int,string)
UnityEngine.StackTraceUtility:ExtractStackTrace () (at /Users/bokken/build/output/unity/unity/Runtime/Export/Scripting/StackTrace.cs:35)
UnityEngine.Renderer:GetMaterial ()
UnityEngine.Renderer:get_material () (at /Users/bokken/build/output/unity/unity/Runtime/Export/Graphics/GraphicsRenderers.bindings.cs:180)
AreaBattle.RecoveredWayLineVisual:Initialize () (at Assets/AreaBattle/Scripts/RecoveredWayLineVisual.cs:33)
AreaBattle.RecoveredWayLineVisual:SetLine (UnityEngine.Vector3,UnityEngine.Vector3,UnityEngine.Color,UnityEngine.Color,bool,bool,single) (at Assets/AreaBattle/Scripts/RecoveredWayLineVisual.cs:56)
AreaBattle.RecoveredWayLineVisual:Synchronize (AreaBattle.LineState,AreaBattle.TowerState,AreaBattle.TowerState,UnityEngine.Color,UnityEngine.Color,single) (at Assets/AreaBattle/Scripts/RecoveredWayLineVisual.cs:46)
AreaBattle.RecoveredWayLineVisual:Synchronize (AreaBattle.LineState,AreaBattle.TowerState,AreaBattle.TowerState,single) (at Assets/AreaBattle/Scripts/RecoveredWayLineVisual.cs:21)
AreaBattle.BattleView:RefreshPresentation () (at Assets/AreaBattle/Scripts/BattleView.cs:566)
AreaBattle.BattleView:AdvanceFrame (single,single) (at Assets/AreaBattle/Scripts/BattleView.cs:374)
AreaBattle.EditorTools.RepresentativeReplayValidation:Advance (AreaBattle.BattleView,single) (at Assets/AreaBattle/Editor/RepresentativeReplayValidation.cs:102)
AreaBattle.EditorTools.RepresentativeReplayValidation:Win (AreaBattle.BattleView,AreaBattle.EditorTools.RepresentativeReplayValidation/Replay) (at Assets/AreaBattle/Editor/RepresentativeReplayValidation.cs:108)
AreaBattle.EditorTools.RepresentativeReplayValidation:Run () (at Assets/AreaBattle/Editor/RepresentativeReplayValidation.cs:141)
System.Reflection.RuntimeMethodInfo:Invoke (object,System.Reflection.BindingFlags,System.Reflection.Binder,object[],System.Globalization.CultureInfo)
System.Reflection.MethodBase:Invoke (object,object[])
AreaBattle.EditorTools.BattleBuild:ValidateIntegrated () (at Assets/AreaBattle/Editor/BattleBuild.cs:32)
AreaBattle.EditorTools.BattleBuild:ValidateMechanicsOnly () (at Assets/AreaBattle/Editor/BattleBuild.cs:18)

[Assets/AreaBattle/Scripts/RecoveredWayLineVisual.cs line 21]

Instantiating material due to calling renderer.material during edit mode. This will leak materials into the scene. You most likely want to use renderer.sharedMaterial instead.
UnityEngine.Debug:ExtractStackTraceNoAlloc (byte*,int,string)
UnityEngine.StackTraceUtility:ExtractStackTrace () (at /Users/bokken/build/output/unity/unity/Runtime/Export/Scripting/StackTrace.cs:35)
UnityEngine.Renderer:GetMaterial ()
UnityEngine.Renderer:get_material () (at /Users/bokken/build/output/unity/unity/Runtime/Export/Graphics/GraphicsRenderers.bindings.cs:180)
AreaBattle.RecoveredWayLineVisual:Initialize () (at Assets/AreaBattle/Scripts/RecoveredWayLineVisual.cs:33)
AreaBattle.RecoveredWayLineVisual:SetLine (UnityEngine.Vector3,UnityEngine.Vector3,UnityEngine.Color,UnityEngine.Color,bool,bool,single) (at Assets/AreaBattle/Scripts/RecoveredWayLineVisual.cs:56)
AreaBattle.RecoveredWayLineVisual:Synchronize (AreaBattle.LineState,AreaBattle.TowerState,AreaBattle.TowerState,UnityEngine.Color,UnityEngine.Color,single) (at Assets/AreaBattle/Scripts/RecoveredWayLineVisual.cs:46)
AreaBattle.RecoveredWayLineVisual:Synchronize (AreaBattle.LineState,AreaBattle.TowerState,AreaBattle.TowerState,single) (at Assets/AreaBattle/Scripts/RecoveredWayLineVisual.cs:21)
AreaBattle.BattleView:RefreshPresentation () (at Assets/AreaBattle/Scripts/BattleView.cs:566)
AreaBattle.BattleView:AdvanceFrame (single,single) (at Assets/AreaBattle/Scripts/BattleView.cs:374)
AreaBattle.EditorTools.RepresentativeReplayValidation:Advance (AreaBattle.BattleView,single) (at Assets/AreaBattle/Editor/RepresentativeReplayValidation.cs:102)
AreaBattle.EditorTools.RepresentativeReplayValidation:Win (AreaBattle.BattleView,AreaBattle.EditorTools.RepresentativeReplayValidation/Replay) (at Assets/AreaBattle/Editor/RepresentativeReplayValidation.cs:108)
AreaBattle.EditorTools.RepresentativeReplayValidation:Run () (at Assets/AreaBattle/Editor/RepresentativeReplayValidation.cs:141)
System.Reflection.RuntimeMethodInfo:Invoke (object,System.Reflection.BindingFlags,System.Reflection.Binder,object[],System.Globalization.CultureInfo)
System.Reflection.MethodBase:Invoke (object,object[])
AreaBattle.EditorTools.BattleBuild:ValidateIntegrated () (at Assets/AreaBattle/Editor/BattleBuild.cs:32)
AreaBattle.EditorTools.BattleBuild:ValidateMechanicsOnly () (at Assets/AreaBattle/Editor/BattleBuild.cs:18)

[Assets/AreaBattle/Scripts/RecoveredWayLineVisual.cs line 21]

Instantiating material due to calling renderer.material during edit mode. This will leak materials into the scene. You most likely want to use renderer.sharedMaterial instead.
UnityEngine.Debug:ExtractStackTraceNoAlloc (byte*,int,string)
UnityEngine.StackTraceUtility:ExtractStackTrace () (at /Users/bokken/build/output/unity/unity/Runtime/Export/Scripting/StackTrace.cs:35)
UnityEngine.Renderer:GetMaterial ()
UnityEngine.Renderer:get_material () (at /Users/bokken/build/output/unity/unity/Runtime/Export/Graphics/GraphicsRenderers.bindings.cs:180)
AreaBattle.RecoveredWayLineVisual:Initialize () (at Assets/AreaBattle/Scripts/RecoveredWayLineVisual.cs:33)
AreaBattle.RecoveredWayLineVisual:SetLine (UnityEngine.Vector3,UnityEngine.Vector3,UnityEngine.Color,UnityEngine.Color,bool,bool,single) (at Assets/AreaBattle/Scripts/RecoveredWayLineVisual.cs:56)
AreaBattle.RecoveredWayLineVisual:Synchronize (AreaBattle.LineState,AreaBattle.TowerState,AreaBattle.TowerState,UnityEngine.Color,UnityEngine.Color,single) (at Assets/AreaBattle/Scripts/RecoveredWayLineVisual.cs:46)
AreaBattle.RecoveredWayLineVisual:Synchronize (AreaBattle.LineState,AreaBattle.TowerState,AreaBattle.TowerState,single) (at Assets/AreaBattle/Scripts/RecoveredWayLineVisual.cs:21)
AreaBattle.BattleView:RefreshPresentation () (at Assets/AreaBattle/Scripts/BattleView.cs:566)
AreaBattle.BattleView:AdvanceFrame (single,single) (at Assets/AreaBattle/Scripts/BattleView.cs:374)
AreaBattle.EditorTools.RepresentativeReplayValidation:Advance (AreaBattle.BattleView,single) (at Assets/AreaBattle/Editor/RepresentativeReplayValidation.cs:102)
AreaBattle.EditorTools.RepresentativeReplayValidation:Win (AreaBattle.BattleView,AreaBattle.EditorTools.RepresentativeReplayValidation/Replay) (at Assets/AreaBattle/Editor/RepresentativeReplayValidation.cs:108)
AreaBattle.EditorTools.RepresentativeReplayValidation:Run () (at Assets/AreaBattle/Editor/RepresentativeReplayValidation.cs:141)
System.Reflection.RuntimeMethodInfo:Invoke (object,System.Reflection.BindingFlags,System.Reflection.Binder,object[],System.Globalization.CultureInfo)
System.Reflection.MethodBase:Invoke (object,object[])
AreaBattle.EditorTools.BattleBuild:ValidateIntegrated () (at Assets/AreaBattle/Editor/BattleBuild.cs:32)
AreaBattle.EditorTools.BattleBuild:ValidateMechanicsOnly () (at Assets/AreaBattle/Editor/BattleBuild.cs:18)

[Assets/AreaBattle/Scripts/RecoveredWayLineVisual.cs line 21]

Instantiating material due to calling renderer.material during edit mode. This will leak materials into the scene. You most likely want to use renderer.sharedMaterial instead.
UnityEngine.Debug:ExtractStackTraceNoAlloc (byte*,int,string)
UnityEngine.StackTraceUtility:ExtractStackTrace () (at /Users/bokken/build/output/unity/unity/Runtime/Export/Scripting/StackTrace.cs:35)
UnityEngine.Renderer:GetMaterial ()
UnityEngine.Renderer:get_material () (at /Users/bokken/build/output/unity/unity/Runtime/Export/Graphics/GraphicsRenderers.bindings.cs:180)
AreaBattle.RecoveredWayLineVisual:Initialize () (at Assets/AreaBattle/Scripts/RecoveredWayLineVisual.cs:33)
AreaBattle.RecoveredWayLineVisual:SetLine (UnityEngine.Vector3,UnityEngine.Vector3,UnityEngine.Color,UnityEngine.Color,bool,bool,single) (at Assets/AreaBattle/Scripts/RecoveredWayLineVisual.cs:56)
AreaBattle.RecoveredWayLineVisual:Synchronize (AreaBattle.LineState,AreaBattle.TowerState,AreaBattle.TowerState,UnityEngine.Color,UnityEngine.Color,single) (at Assets/AreaBattle/Scripts/RecoveredWayLineVisual.cs:46)
AreaBattle.RecoveredWayLineVisual:Synchronize (AreaBattle.LineState,AreaBattle.TowerState,AreaBattle.TowerState,single) (at Assets/AreaBattle/Scripts/RecoveredWayLineVisual.cs:21)
AreaBattle.BattleView:RefreshPresentation () (at Assets/AreaBattle/Scripts/BattleView.cs:566)
AreaBattle.BattleView:AdvanceFrame (single,single) (at Assets/AreaBattle/Scripts/BattleView.cs:374)
AreaBattle.EditorTools.RepresentativeReplayValidation:Advance (AreaBattle.BattleView,single) (at Assets/AreaBattle/Editor/RepresentativeReplayValidation.cs:102)
AreaBattle.EditorTools.RepresentativeReplayValidation:Win (AreaBattle.BattleView,AreaBattle.EditorTools.RepresentativeReplayValidation/Replay) (at Assets/AreaBattle/Editor/RepresentativeReplayValidation.cs:108)
AreaBattle.EditorTools.RepresentativeReplayValidation:Run () (at Assets/AreaBattle/Editor/RepresentativeReplayValidation.cs:141)
System.Reflection.RuntimeMethodInfo:Invoke (object,System.Reflection.BindingFlags,System.Reflection.Binder,object[],System.Globalization.CultureInfo)
System.Reflection.MethodBase:Invoke (object,object[])
AreaBattle.EditorTools.BattleBuild:ValidateIntegrated () (at Assets/AreaBattle/Editor/BattleBuild.cs:32)
AreaBattle.EditorTools.BattleBuild:ValidateMechanicsOnly () (at Assets/AreaBattle/Editor/BattleBuild.cs:18)

[Assets/AreaBattle/Scripts/RecoveredWayLineVisual.cs line 21]

Instantiating material due to calling renderer.material during edit mode. This will leak materials into the scene. You most likely want to use renderer.sharedMaterial instead.
UnityEngine.Debug:ExtractStackTraceNoAlloc (byte*,int,string)
UnityEngine.StackTraceUtility:ExtractStackTrace () (at /Users/bokken/build/output/unity/unity/Runtime/Export/Scripting/StackTrace.cs:35)
UnityEngine.Renderer:GetMaterial ()
UnityEngine.Renderer:get_material () (at /Users/bokken/build/output/unity/unity/Runtime/Export/Graphics/GraphicsRenderers.bindings.cs:180)
AreaBattle.RecoveredWayLineVisual:Initialize () (at Assets/AreaBattle/Scripts/RecoveredWayLineVisual.cs:33)
AreaBattle.RecoveredWayLineVisual:SetLine (UnityEngine.Vector3,UnityEngine.Vector3,UnityEngine.Color,UnityEngine.Color,bool,bool,single) (at Assets/AreaBattle/Scripts/RecoveredWayLineVisual.cs:56)
AreaBattle.RecoveredWayLineVisual:Synchronize (AreaBattle.LineState,AreaBattle.TowerState,AreaBattle.TowerState,UnityEngine.Color,UnityEngine.Color,single) (at Assets/AreaBattle/Scripts/RecoveredWayLineVisual.cs:46)
AreaBattle.RecoveredWayLineVisual:Synchronize (AreaBattle.LineState,AreaBattle.TowerState,AreaBattle.TowerState,single) (at Assets/AreaBattle/Scripts/RecoveredWayLineVisual.cs:21)
AreaBattle.BattleView:RefreshPresentation () (at Assets/AreaBattle/Scripts/BattleView.cs:566)
AreaBattle.BattleView:AdvanceFrame (single,single) (at Assets/AreaBattle/Scripts/BattleView.cs:374)
AreaBattle.EditorTools.RepresentativeReplayValidation:Advance (AreaBattle.BattleView,single) (at Assets/AreaBattle/Editor/RepresentativeReplayValidation.cs:102)
AreaBattle.EditorTools.RepresentativeReplayValidation:Win (AreaBattle.BattleView,AreaBattle.EditorTools.RepresentativeReplayValidation/Replay) (at Assets/AreaBattle/Editor/RepresentativeReplayValidation.cs:108)
AreaBattle.EditorTools.RepresentativeReplayValidation:Run () (at Assets/AreaBattle/Editor/RepresentativeReplayValidation.cs:141)
System.Reflection.RuntimeMethodInfo:Invoke (object,System.Reflection.BindingFlags,System.Reflection.Binder,object[],System.Globalization.CultureInfo)
System.Reflection.MethodBase:Invoke (object,object[])
AreaBattle.EditorTools.BattleBuild:ValidateIntegrated () (at Assets/AreaBattle/Editor/BattleBuild.cs:32)
AreaBattle.EditorTools.BattleBuild:ValidateMechanicsOnly () (at Assets/AreaBattle/Editor/BattleBuild.cs:18)

[Assets/AreaBattle/Scripts/RecoveredWayLineVisual.cs line 21]

Instantiating material due to calling renderer.material during edit mode. This will leak materials into the scene. You most likely want to use renderer.sharedMaterial instead.
UnityEngine.Debug:ExtractStackTraceNoAlloc (byte*,int,string)
UnityEngine.StackTraceUtility:ExtractStackTrace () (at /Users/bokken/build/output/unity/unity/Runtime/Export/Scripting/StackTrace.cs:35)
UnityEngine.Renderer:GetMaterial ()
UnityEngine.Renderer:get_material () (at /Users/bokken/build/output/unity/unity/Runtime/Export/Graphics/GraphicsRenderers.bindings.cs:180)
AreaBattle.RecoveredWayLineVisual:Initialize () (at Assets/AreaBattle/Scripts/RecoveredWayLineVisual.cs:33)
AreaBattle.RecoveredWayLineVisual:SetLine (UnityEngine.Vector3,UnityEngine.Vector3,UnityEngine.Color,UnityEngine.Color,bool,bool,single) (at Assets/AreaBattle/Scripts/RecoveredWayLineVisual.cs:56)
AreaBattle.RecoveredWayLineVisual:Synchronize (AreaBattle.LineState,AreaBattle.TowerState,AreaBattle.TowerState,UnityEngine.Color,UnityEngine.Color,single) (at Assets/AreaBattle/Scripts/RecoveredWayLineVisual.cs:46)
AreaBattle.RecoveredWayLineVisual:Synchronize (AreaBattle.LineState,AreaBattle.TowerState,AreaBattle.TowerState,single) (at Assets/AreaBattle/Scripts/RecoveredWayLineVisual.cs:21)
AreaBattle.BattleView:RefreshPresentation () (at Assets/AreaBattle/Scripts/BattleView.cs:566)
AreaBattle.BattleView:AdvanceFrame (single,single) (at Assets/AreaBattle/Scripts/BattleView.cs:374)
AreaBattle.EditorTools.RepresentativeReplayValidation:Advance (AreaBattle.BattleView,single) (at Assets/AreaBattle/Editor/RepresentativeReplayValidation.cs:102)
AreaBattle.EditorTools.RepresentativeReplayValidation:Win (AreaBattle.BattleView,AreaBattle.EditorTools.RepresentativeReplayValidation/Replay) (at Assets/AreaBattle/Editor/RepresentativeReplayValidation.cs:108)
AreaBattle.EditorTools.RepresentativeReplayValidation:Run () (at Assets/AreaBattle/Editor/RepresentativeReplayValidation.cs:141)
System.Reflection.RuntimeMethodInfo:Invoke (object,System.Reflection.BindingFlags,System.Reflection.Binder,object[],System.Globalization.CultureInfo)
System.Reflection.MethodBase:Invoke (object,object[])
AreaBattle.EditorTools.BattleBuild:ValidateIntegrated () (at Assets/AreaBattle/Editor/BattleBuild.cs:32)
AreaBattle.EditorTools.BattleBuild:ValidateMechanicsOnly () (at Assets/AreaBattle/Editor/BattleBuild.cs:18)

[Assets/AreaBattle/Scripts/RecoveredWayLineVisual.cs line 21]

Instantiating material due to calling renderer.material during edit mode. This will leak materials into the scene. You most likely want to use renderer.sharedMaterial instead.
UnityEngine.Debug:ExtractStackTraceNoAlloc (byte*,int,string)
UnityEngine.StackTraceUtility:ExtractStackTrace () (at /Users/bokken/build/output/unity/unity/Runtime/Export/Scripting/StackTrace.cs:35)
UnityEngine.Renderer:GetMaterial ()
UnityEngine.Renderer:get_material () (at /Users/bokken/build/output/unity/unity/Runtime/Export/Graphics/GraphicsRenderers.bindings.cs:180)
AreaBattle.RecoveredWayLineVisual:Initialize () (at Assets/AreaBattle/Scripts/RecoveredWayLineVisual.cs:33)
AreaBattle.RecoveredWayLineVisual:SetLine (UnityEngine.Vector3,UnityEngine.Vector3,UnityEngine.Color,UnityEngine.Color,bool,bool,single) (at Assets/AreaBattle/Scripts/RecoveredWayLineVisual.cs:56)
AreaBattle.RecoveredWayLineVisual:Synchronize (AreaBattle.LineState,AreaBattle.TowerState,AreaBattle.TowerState,UnityEngine.Color,UnityEngine.Color,single) (at Assets/AreaBattle/Scripts/RecoveredWayLineVisual.cs:46)
AreaBattle.RecoveredWayLineVisual:Synchronize (AreaBattle.LineState,AreaBattle.TowerState,AreaBattle.TowerState,single) (at Assets/AreaBattle/Scripts/RecoveredWayLineVisual.cs:21)
AreaBattle.BattleView:RefreshPresentation () (at Assets/AreaBattle/Scripts/BattleView.cs:566)
AreaBattle.BattleView:AdvanceFrame (single,single) (at Assets/AreaBattle/Scripts/BattleView.cs:374)
AreaBattle.EditorTools.RepresentativeReplayValidation:Advance (AreaBattle.BattleView,single) (at Assets/AreaBattle/Editor/RepresentativeReplayValidation.cs:102)
AreaBattle.EditorTools.RepresentativeReplayValidation:Win (AreaBattle.BattleView,AreaBattle.EditorTools.RepresentativeReplayValidation/Replay) (at Assets/AreaBattle/Editor/RepresentativeReplayValidation.cs:108)
AreaBattle.EditorTools.RepresentativeReplayValidation:Run () (at Assets/AreaBattle/Editor/RepresentativeReplayValidation.cs:141)
System.Reflection.RuntimeMethodInfo:Invoke (object,System.Reflection.BindingFlags,System.Reflection.Binder,object[],System.Globalization.CultureInfo)
System.Reflection.MethodBase:Invoke (object,object[])
AreaBattle.EditorTools.BattleBuild:ValidateIntegrated () (at Assets/AreaBattle/Editor/BattleBuild.cs:32)
AreaBattle.EditorTools.BattleBuild:ValidateMechanicsOnly () (at Assets/AreaBattle/Editor/BattleBuild.cs:18)

[Assets/AreaBattle/Scripts/RecoveredWayLineVisual.cs line 21]

Instantiating material due to calling renderer.material during edit mode. This will leak materials into the scene. You most likely want to use renderer.sharedMaterial instead.
UnityEngine.Debug:ExtractStackTraceNoAlloc (byte*,int,string)
UnityEngine.StackTraceUtility:ExtractStackTrace () (at /Users/bokken/build/output/unity/unity/Runtime/Export/Scripting/StackTrace.cs:35)
UnityEngine.Renderer:GetMaterial ()
UnityEngine.Renderer:get_material () (at /Users/bokken/build/output/unity/unity/Runtime/Export/Graphics/GraphicsRenderers.bindings.cs:180)
AreaBattle.RecoveredWayLineVisual:Initialize () (at Assets/AreaBattle/Scripts/RecoveredWayLineVisual.cs:33)
AreaBattle.RecoveredWayLineVisual:SetLine (UnityEngine.Vector3,UnityEngine.Vector3,UnityEngine.Color,UnityEngine.Color,bool,bool,single) (at Assets/AreaBattle/Scripts/RecoveredWayLineVisual.cs:56)
AreaBattle.RecoveredWayLineVisual:Synchronize (AreaBattle.LineState,AreaBattle.TowerState,AreaBattle.TowerState,UnityEngine.Color,UnityEngine.Color,single) (at Assets/AreaBattle/Scripts/RecoveredWayLineVisual.cs:46)
AreaBattle.RecoveredWayLineVisual:Synchronize (AreaBattle.LineState,AreaBattle.TowerState,AreaBattle.TowerState,single) (at Assets/AreaBattle/Scripts/RecoveredWayLineVisual.cs:21)
AreaBattle.BattleView:RefreshPresentation () (at Assets/AreaBattle/Scripts/BattleView.cs:566)
AreaBattle.BattleView:AdvanceFrame (single,single) (at Assets/AreaBattle/Scripts/BattleView.cs:374)
AreaBattle.EditorTools.RepresentativeReplayValidation:Advance (AreaBattle.BattleView,single) (at Assets/AreaBattle/Editor/RepresentativeReplayValidation.cs:102)
AreaBattle.EditorTools.RepresentativeReplayValidation:Win (AreaBattle.BattleView,AreaBattle.EditorTools.RepresentativeReplayValidation/Replay) (at Assets/AreaBattle/Editor/RepresentativeReplayValidation.cs:108)
AreaBattle.EditorTools.RepresentativeReplayValidation:Run () (at Assets/AreaBattle/Editor/RepresentativeReplayValidation.cs:141)
System.Reflection.RuntimeMethodInfo:Invoke (object,System.Reflection.BindingFlags,System.Reflection.Binder,object[],System.Globalization.CultureInfo)
System.Reflection.MethodBase:Invoke (object,object[])
AreaBattle.EditorTools.BattleBuild:ValidateIntegrated () (at Assets/AreaBattle/Editor/BattleBuild.cs:32)
AreaBattle.EditorTools.BattleBuild:ValidateMechanicsOnly () (at Assets/AreaBattle/Editor/BattleBuild.cs:18)

[Assets/AreaBattle/Scripts/RecoveredWayLineVisual.cs line 21]

Instantiating material due to calling renderer.material during edit mode. This will leak materials into the scene. You most likely want to use renderer.sharedMaterial instead.
UnityEngine.Debug:ExtractStackTraceNoAlloc (byte*,int,string)
UnityEngine.StackTraceUtility:ExtractStackTrace () (at /Users/bokken/build/output/unity/unity/Runtime/Export/Scripting/StackTrace.cs:35)
UnityEngine.Renderer:GetMaterial ()
UnityEngine.Renderer:get_material () (at /Users/bokken/build/output/unity/unity/Runtime/Export/Graphics/GraphicsRenderers.bindings.cs:180)
AreaBattle.RecoveredWayLineVisual:Initialize () (at Assets/AreaBattle/Scripts/RecoveredWayLineVisual.cs:33)
AreaBattle.RecoveredWayLineVisual:SetLine (UnityEngine.Vector3,UnityEngine.Vector3,UnityEngine.Color,UnityEngine.Color,bool,bool,single) (at Assets/AreaBattle/Scripts/RecoveredWayLineVisual.cs:56)
AreaBattle.RecoveredWayLineVisual:Synchronize (AreaBattle.LineState,AreaBattle.TowerState,AreaBattle.TowerState,UnityEngine.Color,UnityEngine.Color,single) (at Assets/AreaBattle/Scripts/RecoveredWayLineVisual.cs:46)
AreaBattle.RecoveredWayLineVisual:Synchronize (AreaBattle.LineState,AreaBattle.TowerState,AreaBattle.TowerState,single) (at Assets/AreaBattle/Scripts/RecoveredWayLineVisual.cs:21)
AreaBattle.BattleView:RefreshPresentation () (at Assets/AreaBattle/Scripts/BattleView.cs:566)
AreaBattle.BattleView:AdvanceFrame (single,single) (at Assets/AreaBattle/Scripts/BattleView.cs:374)
AreaBattle.EditorTools.RepresentativeReplayValidation:Advance (AreaBattle.BattleView,single) (at Assets/AreaBattle/Editor/RepresentativeReplayValidation.cs:102)
AreaBattle.EditorTools.RepresentativeReplayValidation:Win (AreaBattle.BattleView,AreaBattle.EditorTools.RepresentativeReplayValidation/Replay) (at Assets/AreaBattle/Editor/RepresentativeReplayValidation.cs:108)
AreaBattle.EditorTools.RepresentativeReplayValidation:Run () (at Assets/AreaBattle/Editor/RepresentativeReplayValidation.cs:141)
System.Reflection.RuntimeMethodInfo:Invoke (object,System.Reflection.BindingFlags,System.Reflection.Binder,object[],System.Globalization.CultureInfo)
System.Reflection.MethodBase:Invoke (object,object[])
AreaBattle.EditorTools.BattleBuild:ValidateIntegrated () (at Assets/AreaBattle/Editor/BattleBuild.cs:32)
AreaBattle.EditorTools.BattleBuild:ValidateMechanicsOnly () (at Assets/AreaBattle/Editor/BattleBuild.cs:18)

[Assets/AreaBattle/Scripts/RecoveredWayLineVisual.cs line 21]

Instantiating material due to calling renderer.material during edit mode. This will leak materials into the scene. You most likely want to use renderer.sharedMaterial instead.
UnityEngine.Debug:ExtractStackTraceNoAlloc (byte*,int,string)
UnityEngine.StackTraceUtility:ExtractStackTrace () (at /Users/bokken/build/output/unity/unity/Runtime/Export/Scripting/StackTrace.cs:35)
UnityEngine.Renderer:GetMaterial ()
UnityEngine.Renderer:get_material () (at /Users/bokken/build/output/unity/unity/Runtime/Export/Graphics/GraphicsRenderers.bindings.cs:180)
AreaBattle.RecoveredWayLineVisual:Initialize () (at Assets/AreaBattle/Scripts/RecoveredWayLineVisual.cs:33)
AreaBattle.RecoveredWayLineVisual:SetLine (UnityEngine.Vector3,UnityEngine.Vector3,UnityEngine.Color,UnityEngine.Color,bool,bool,single) (at Assets/AreaBattle/Scripts/RecoveredWayLineVisual.cs:56)
AreaBattle.RecoveredWayLineVisual:Synchronize (AreaBattle.LineState,AreaBattle.TowerState,AreaBattle.TowerState,UnityEngine.Color,UnityEngine.Color,single) (at Assets/AreaBattle/Scripts/RecoveredWayLineVisual.cs:46)
AreaBattle.RecoveredWayLineVisual:Synchronize (AreaBattle.LineState,AreaBattle.TowerState,AreaBattle.TowerState,single) (at Assets/AreaBattle/Scripts/RecoveredWayLineVisual.cs:21)
AreaBattle.BattleView:RefreshPresentation () (at Assets/AreaBattle/Scripts/BattleView.cs:566)
AreaBattle.BattleView:AdvanceFrame (single,single) (at Assets/AreaBattle/Scripts/BattleView.cs:374)
AreaBattle.EditorTools.RepresentativeReplayValidation:Advance (AreaBattle.BattleView,single) (at Assets/AreaBattle/Editor/RepresentativeReplayValidation.cs:102)
AreaBattle.EditorTools.RepresentativeReplayValidation:Win (AreaBattle.BattleView,AreaBattle.EditorTools.RepresentativeReplayValidation/Replay) (at Assets/AreaBattle/Editor/RepresentativeReplayValidation.cs:108)
AreaBattle.EditorTools.RepresentativeReplayValidation:Run () (at Assets/AreaBattle/Editor/RepresentativeReplayValidation.cs:141)
System.Reflection.RuntimeMethodInfo:Invoke (object,System.Reflection.BindingFlags,System.Reflection.Binder,object[],System.Globalization.CultureInfo)
System.Reflection.MethodBase:Invoke (object,object[])
AreaBattle.EditorTools.BattleBuild:ValidateIntegrated () (at Assets/AreaBattle/Editor/BattleBuild.cs:32)
AreaBattle.EditorTools.BattleBuild:ValidateMechanicsOnly () (at Assets/AreaBattle/Editor/BattleBuild.cs:18)

[Assets/AreaBattle/Scripts/RecoveredWayLineVisual.cs line 21]

Instantiating material due to calling renderer.material during edit mode. This will leak materials into the scene. You most likely want to use renderer.sharedMaterial instead.
UnityEngine.Debug:ExtractStackTraceNoAlloc (byte*,int,string)
UnityEngine.StackTraceUtility:ExtractStackTrace () (at /Users/bokken/build/output/unity/unity/Runtime/Export/Scripting/StackTrace.cs:35)
UnityEngine.Renderer:GetMaterial ()
UnityEngine.Renderer:get_material () (at /Users/bokken/build/output/unity/unity/Runtime/Export/Graphics/GraphicsRenderers.bindings.cs:180)
AreaBattle.RecoveredWayLineVisual:Initialize () (at Assets/AreaBattle/Scripts/RecoveredWayLineVisual.cs:33)
AreaBattle.RecoveredWayLineVisual:SetLine (UnityEngine.Vector3,UnityEngine.Vector3,UnityEngine.Color,UnityEngine.Color,bool,bool,single) (at Assets/AreaBattle/Scripts/RecoveredWayLineVisual.cs:56)
AreaBattle.RecoveredWayLineVisual:Synchronize (AreaBattle.LineState,AreaBattle.TowerState,AreaBattle.TowerState,UnityEngine.Color,UnityEngine.Color,single) (at Assets/AreaBattle/Scripts/RecoveredWayLineVisual.cs:46)
AreaBattle.RecoveredWayLineVisual:Synchronize (AreaBattle.LineState,AreaBattle.TowerState,AreaBattle.TowerState,single) (at Assets/AreaBattle/Scripts/RecoveredWayLineVisual.cs:21)
AreaBattle.BattleView:RefreshPresentation () (at Assets/AreaBattle/Scripts/BattleView.cs:566)
AreaBattle.BattleView:AdvanceFrame (single,single) (at Assets/AreaBattle/Scripts/BattleView.cs:374)
AreaBattle.EditorTools.RepresentativeReplayValidation:Advance (AreaBattle.BattleView,single) (at Assets/AreaBattle/Editor/RepresentativeReplayValidation.cs:102)
AreaBattle.EditorTools.RepresentativeReplayValidation:Win (AreaBattle.BattleView,AreaBattle.EditorTools.RepresentativeReplayValidation/Replay) (at Assets/AreaBattle/Editor/RepresentativeReplayValidation.cs:108)
AreaBattle.EditorTools.RepresentativeReplayValidation:Run () (at Assets/AreaBattle/Editor/RepresentativeReplayValidation.cs:141)
System.Reflection.RuntimeMethodInfo:Invoke (object,System.Reflection.BindingFlags,System.Reflection.Binder,object[],System.Globalization.CultureInfo)
System.Reflection.MethodBase:Invoke (object,object[])
AreaBattle.EditorTools.BattleBuild:ValidateIntegrated () (at Assets/AreaBattle/Editor/BattleBuild.cs:32)
AreaBattle.EditorTools.BattleBuild:ValidateMechanicsOnly () (at Assets/AreaBattle/Editor/BattleBuild.cs:18)

[Assets/AreaBattle/Scripts/RecoveredWayLineVisual.cs line 21]

Instantiating material due to calling renderer.material during edit mode. This will leak materials into the scene. You most likely want to use renderer.sharedMaterial instead.
UnityEngine.Debug:ExtractStackTraceNoAlloc (byte*,int,string)
UnityEngine.StackTraceUtility:ExtractStackTrace () (at /Users/bokken/build/output/unity/unity/Runtime/Export/Scripting/StackTrace.cs:35)
UnityEngine.Renderer:GetMaterial ()
UnityEngine.Renderer:get_material () (at /Users/bokken/build/output/unity/unity/Runtime/Export/Graphics/GraphicsRenderers.bindings.cs:180)
AreaBattle.RecoveredWayLineVisual:Initialize () (at Assets/AreaBattle/Scripts/RecoveredWayLineVisual.cs:33)
AreaBattle.RecoveredWayLineVisual:SetLine (UnityEngine.Vector3,UnityEngine.Vector3,UnityEngine.Color,UnityEngine.Color,bool,bool,single) (at Assets/AreaBattle/Scripts/RecoveredWayLineVisual.cs:56)
AreaBattle.RecoveredWayLineVisual:Synchronize (AreaBattle.LineState,AreaBattle.TowerState,AreaBattle.TowerState,UnityEngine.Color,UnityEngine.Color,single) (at Assets/AreaBattle/Scripts/RecoveredWayLineVisual.cs:46)
AreaBattle.RecoveredWayLineVisual:Synchronize (AreaBattle.LineState,AreaBattle.TowerState,AreaBattle.TowerState,single) (at Assets/AreaBattle/Scripts/RecoveredWayLineVisual.cs:21)
AreaBattle.BattleView:RefreshPresentation () (at Assets/AreaBattle/Scripts/BattleView.cs:566)
AreaBattle.BattleView:AdvanceFrame (single,single) (at Assets/AreaBattle/Scripts/BattleView.cs:374)
AreaBattle.EditorTools.RepresentativeReplayValidation:Advance (AreaBattle.BattleView,single) (at Assets/AreaBattle/Editor/RepresentativeReplayValidation.cs:102)
AreaBattle.EditorTools.RepresentativeReplayValidation:Win (AreaBattle.BattleView,AreaBattle.EditorTools.RepresentativeReplayValidation/Replay) (at Assets/AreaBattle/Editor/RepresentativeReplayValidation.cs:108)
AreaBattle.EditorTools.RepresentativeReplayValidation:Run () (at Assets/AreaBattle/Editor/RepresentativeReplayValidation.cs:141)
System.Reflection.RuntimeMethodInfo:Invoke (object,System.Reflection.BindingFlags,System.Reflection.Binder,object[],System.Globalization.CultureInfo)
System.Reflection.MethodBase:Invoke (object,object[])
AreaBattle.EditorTools.BattleBuild:ValidateIntegrated () (at Assets/AreaBattle/Editor/BattleBuild.cs:32)
AreaBattle.EditorTools.BattleBuild:ValidateMechanicsOnly () (at Assets/AreaBattle/Editor/BattleBuild.cs:18)

[Assets/AreaBattle/Scripts/RecoveredWayLineVisual.cs line 21]

Instantiating material due to calling renderer.material during edit mode. This will leak materials into the scene. You most likely want to use renderer.sharedMaterial instead.
UnityEngine.Debug:ExtractStackTraceNoAlloc (byte*,int,string)
UnityEngine.StackTraceUtility:ExtractStackTrace () (at /Users/bokken/build/output/unity/unity/Runtime/Export/Scripting/StackTrace.cs:35)
UnityEngine.Renderer:GetMaterial ()
UnityEngine.Renderer:get_material () (at /Users/bokken/build/output/unity/unity/Runtime/Export/Graphics/GraphicsRenderers.bindings.cs:180)
AreaBattle.RecoveredWayLineVisual:Initialize () (at Assets/AreaBattle/Scripts/RecoveredWayLineVisual.cs:33)
AreaBattle.RecoveredWayLineVisual:SetLine (UnityEngine.Vector3,UnityEngine.Vector3,UnityEngine.Color,UnityEngine.Color,bool,bool,single) (at Assets/AreaBattle/Scripts/RecoveredWayLineVisual.cs:56)
AreaBattle.RecoveredWayLineVisual:Synchronize (AreaBattle.LineState,AreaBattle.TowerState,AreaBattle.TowerState,UnityEngine.Color,UnityEngine.Color,single) (at Assets/AreaBattle/Scripts/RecoveredWayLineVisual.cs:46)
AreaBattle.RecoveredWayLineVisual:Synchronize (AreaBattle.LineState,AreaBattle.TowerState,AreaBattle.TowerState,single) (at Assets/AreaBattle/Scripts/RecoveredWayLineVisual.cs:21)
AreaBattle.BattleView:RefreshPresentation () (at Assets/AreaBattle/Scripts/BattleView.cs:566)
AreaBattle.BattleView:AdvanceFrame (single,single) (at Assets/AreaBattle/Scripts/BattleView.cs:374)
AreaBattle.EditorTools.RepresentativeReplayValidation:Advance (AreaBattle.BattleView,single) (at Assets/AreaBattle/Editor/RepresentativeReplayValidation.cs:102)
AreaBattle.EditorTools.RepresentativeReplayValidation:Win (AreaBattle.BattleView,AreaBattle.EditorTools.RepresentativeReplayValidation/Replay) (at Assets/AreaBattle/Editor/RepresentativeReplayValidation.cs:108)
AreaBattle.EditorTools.RepresentativeReplayValidation:Run () (at Assets/AreaBattle/Editor/RepresentativeReplayValidation.cs:141)
System.Reflection.RuntimeMethodInfo:Invoke (object,System.Reflection.BindingFlags,System.Reflection.Binder,object[],System.Globalization.CultureInfo)
System.Reflection.MethodBase:Invoke (object,object[])
AreaBattle.EditorTools.BattleBuild:ValidateIntegrated () (at Assets/AreaBattle/Editor/BattleBuild.cs:32)
AreaBattle.EditorTools.BattleBuild:ValidateMechanicsOnly () (at Assets/AreaBattle/Editor/BattleBuild.cs:18)

[Assets/AreaBattle/Scripts/RecoveredWayLineVisual.cs line 21]

Instantiating material due to calling renderer.material during edit mode. This will leak materials into the scene. You most likely want to use renderer.sharedMaterial instead.
UnityEngine.Debug:ExtractStackTraceNoAlloc (byte*,int,string)
UnityEngine.StackTraceUtility:ExtractStackTrace () (at /Users/bokken/build/output/unity/unity/Runtime/Export/Scripting/StackTrace.cs:35)
UnityEngine.Renderer:GetMaterial ()
UnityEngine.Renderer:get_material () (at /Users/bokken/build/output/unity/unity/Runtime/Export/Graphics/GraphicsRenderers.bindings.cs:180)
AreaBattle.RecoveredWayLineVisual:Initialize () (at Assets/AreaBattle/Scripts/RecoveredWayLineVisual.cs:33)
AreaBattle.RecoveredWayLineVisual:SetLine (UnityEngine.Vector3,UnityEngine.Vector3,UnityEngine.Color,UnityEngine.Color,bool,bool,single) (at Assets/AreaBattle/Scripts/RecoveredWayLineVisual.cs:56)
AreaBattle.RecoveredWayLineVisual:Synchronize (AreaBattle.LineState,AreaBattle.TowerState,AreaBattle.TowerState,UnityEngine.Color,UnityEngine.Color,single) (at Assets/AreaBattle/Scripts/RecoveredWayLineVisual.cs:46)
AreaBattle.RecoveredWayLineVisual:Synchronize (AreaBattle.LineState,AreaBattle.TowerState,AreaBattle.TowerState,single) (at Assets/AreaBattle/Scripts/RecoveredWayLineVisual.cs:21)
AreaBattle.BattleView:RefreshPresentation () (at Assets/AreaBattle/Scripts/BattleView.cs:566)
AreaBattle.BattleView:AdvanceFrame (single,single) (at Assets/AreaBattle/Scripts/BattleView.cs:374)
AreaBattle.EditorTools.RepresentativeReplayValidation:Advance (AreaBattle.BattleView,single) (at Assets/AreaBattle/Editor/RepresentativeReplayValidation.cs:102)
AreaBattle.EditorTools.RepresentativeReplayValidation:Win (AreaBattle.BattleView,AreaBattle.EditorTools.RepresentativeReplayValidation/Replay) (at Assets/AreaBattle/Editor/RepresentativeReplayValidation.cs:108)
AreaBattle.EditorTools.RepresentativeReplayValidation:Run () (at Assets/AreaBattle/Editor/RepresentativeReplayValidation.cs:141)
System.Reflection.RuntimeMethodInfo:Invoke (object,System.Reflection.BindingFlags,System.Reflection.Binder,object[],System.Globalization.CultureInfo)
System.Reflection.MethodBase:Invoke (object,object[])
AreaBattle.EditorTools.BattleBuild:ValidateIntegrated () (at Assets/AreaBattle/Editor/BattleBuild.cs:32)
AreaBattle.EditorTools.BattleBuild:ValidateMechanicsOnly () (at Assets/AreaBattle/Editor/BattleBuild.cs:18)

[Assets/AreaBattle/Scripts/RecoveredWayLineVisual.cs line 21]

Instantiating material due to calling renderer.material during edit mode. This will leak materials into the scene. You most likely want to use renderer.sharedMaterial instead.
UnityEngine.Debug:ExtractStackTraceNoAlloc (byte*,int,string)
UnityEngine.StackTraceUtility:ExtractStackTrace () (at /Users/bokken/build/output/unity/unity/Runtime/Export/Scripting/StackTrace.cs:35)
UnityEngine.Renderer:GetMaterial ()
UnityEngine.Renderer:get_material () (at /Users/bokken/build/output/unity/unity/Runtime/Export/Graphics/GraphicsRenderers.bindings.cs:180)
AreaBattle.RecoveredWayLineVisual:Initialize () (at Assets/AreaBattle/Scripts/RecoveredWayLineVisual.cs:33)
AreaBattle.RecoveredWayLineVisual:SetLine (UnityEngine.Vector3,UnityEngine.Vector3,UnityEngine.Color,UnityEngine.Color,bool,bool,single) (at Assets/AreaBattle/Scripts/RecoveredWayLineVisual.cs:56)
AreaBattle.RecoveredWayLineVisual:Synchronize (AreaBattle.LineState,AreaBattle.TowerState,AreaBattle.TowerState,UnityEngine.Color,UnityEngine.Color,single) (at Assets/AreaBattle/Scripts/RecoveredWayLineVisual.cs:46)
AreaBattle.RecoveredWayLineVisual:Synchronize (AreaBattle.LineState,AreaBattle.TowerState,AreaBattle.TowerState,single) (at Assets/AreaBattle/Scripts/RecoveredWayLineVisual.cs:21)
AreaBattle.BattleView:RefreshPresentation () (at Assets/AreaBattle/Scripts/BattleView.cs:566)
AreaBattle.BattleView:AdvanceFrame (single,single) (at Assets/AreaBattle/Scripts/BattleView.cs:374)
AreaBattle.EditorTools.RepresentativeReplayValidation:Advance (AreaBattle.BattleView,single) (at Assets/AreaBattle/Editor/RepresentativeReplayValidation.cs:102)
AreaBattle.EditorTools.RepresentativeReplayValidation:Win (AreaBattle.BattleView,AreaBattle.EditorTools.RepresentativeReplayValidation/Replay) (at Assets/AreaBattle/Editor/RepresentativeReplayValidation.cs:108)
AreaBattle.EditorTools.RepresentativeReplayValidation:Run () (at Assets/AreaBattle/Editor/RepresentativeReplayValidation.cs:141)
System.Reflection.RuntimeMethodInfo:Invoke (object,System.Reflection.BindingFlags,System.Reflection.Binder,object[],System.Globalization.CultureInfo)
System.Reflection.MethodBase:Invoke (object,object[])
AreaBattle.EditorTools.BattleBuild:ValidateIntegrated () (at Assets/AreaBattle/Editor/BattleBuild.cs:32)
AreaBattle.EditorTools.BattleBuild:ValidateMechanicsOnly () (at Assets/AreaBattle/Editor/BattleBuild.cs:18)

[Assets/AreaBattle/Scripts/RecoveredWayLineVisual.cs line 21]

Instantiating material due to calling renderer.material during edit mode. This will leak materials into the scene. You most likely want to use renderer.sharedMaterial instead.
UnityEngine.Debug:ExtractStackTraceNoAlloc (byte*,int,string)
UnityEngine.StackTraceUtility:ExtractStackTrace () (at /Users/bokken/build/output/unity/unity/Runtime/Export/Scripting/StackTrace.cs:35)
UnityEngine.Renderer:GetMaterial ()
UnityEngine.Renderer:get_material () (at /Users/bokken/build/output/unity/unity/Runtime/Export/Graphics/GraphicsRenderers.bindings.cs:180)
AreaBattle.RecoveredWayLineVisual:Initialize () (at Assets/AreaBattle/Scripts/RecoveredWayLineVisual.cs:33)
AreaBattle.RecoveredWayLineVisual:SetLine (UnityEngine.Vector3,UnityEngine.Vector3,UnityEngine.Color,UnityEngine.Color,bool,bool,single) (at Assets/AreaBattle/Scripts/RecoveredWayLineVisual.cs:56)
AreaBattle.RecoveredWayLineVisual:Synchronize (AreaBattle.LineState,AreaBattle.TowerState,AreaBattle.TowerState,UnityEngine.Color,UnityEngine.Color,single) (at Assets/AreaBattle/Scripts/RecoveredWayLineVisual.cs:46)
AreaBattle.RecoveredWayLineVisual:Synchronize (AreaBattle.LineState,AreaBattle.TowerState,AreaBattle.TowerState,single) (at Assets/AreaBattle/Scripts/RecoveredWayLineVisual.cs:21)
AreaBattle.BattleView:RefreshPresentation () (at Assets/AreaBattle/Scripts/BattleView.cs:566)
AreaBattle.BattleView:AdvanceFrame (single,single) (at Assets/AreaBattle/Scripts/BattleView.cs:374)
AreaBattle.EditorTools.RepresentativeReplayValidation:Advance (AreaBattle.BattleView,single) (at Assets/AreaBattle/Editor/RepresentativeReplayValidation.cs:102)
AreaBattle.EditorTools.RepresentativeReplayValidation:Win (AreaBattle.BattleView,AreaBattle.EditorTools.RepresentativeReplayValidation/Replay) (at Assets/AreaBattle/Editor/RepresentativeReplayValidation.cs:108)
AreaBattle.EditorTools.RepresentativeReplayValidation:Run () (at Assets/AreaBattle/Editor/RepresentativeReplayValidation.cs:141)
System.Reflection.RuntimeMethodInfo:Invoke (object,System.Reflection.BindingFlags,System.Reflection.Binder,object[],System.Globalization.CultureInfo)
System.Reflection.MethodBase:Invoke (object,object[])
AreaBattle.EditorTools.BattleBuild:ValidateIntegrated () (at Assets/AreaBattle/Editor/BattleBuild.cs:32)
AreaBattle.EditorTools.BattleBuild:ValidateMechanicsOnly () (at Assets/AreaBattle/Editor/BattleBuild.cs:18)

[Assets/AreaBattle/Scripts/RecoveredWayLineVisual.cs line 21]

Instantiating material due to calling renderer.material during edit mode. This will leak materials into the scene. You most likely want to use renderer.sharedMaterial instead.
UnityEngine.Debug:ExtractStackTraceNoAlloc (byte*,int,string)
UnityEngine.StackTraceUtility:ExtractStackTrace () (at /Users/bokken/build/output/unity/unity/Runtime/Export/Scripting/StackTrace.cs:35)
UnityEngine.Renderer:GetMaterial ()
UnityEngine.Renderer:get_material () (at /Users/bokken/build/output/unity/unity/Runtime/Export/Graphics/GraphicsRenderers.bindings.cs:180)
AreaBattle.RecoveredWayLineVisual:Initialize () (at Assets/AreaBattle/Scripts/RecoveredWayLineVisual.cs:33)
AreaBattle.RecoveredWayLineVisual:SetLine (UnityEngine.Vector3,UnityEngine.Vector3,UnityEngine.Color,UnityEngine.Color,bool,bool,single) (at Assets/AreaBattle/Scripts/RecoveredWayLineVisual.cs:56)
AreaBattle.RecoveredWayLineVisual:Synchronize (AreaBattle.LineState,AreaBattle.TowerState,AreaBattle.TowerState,UnityEngine.Color,UnityEngine.Color,single) (at Assets/AreaBattle/Scripts/RecoveredWayLineVisual.cs:46)
AreaBattle.RecoveredWayLineVisual:Synchronize (AreaBattle.LineState,AreaBattle.TowerState,AreaBattle.TowerState,single) (at Assets/AreaBattle/Scripts/RecoveredWayLineVisual.cs:21)
AreaBattle.BattleView:RefreshPresentation () (at Assets/AreaBattle/Scripts/BattleView.cs:566)
AreaBattle.BattleView:AdvanceFrame (single,single) (at Assets/AreaBattle/Scripts/BattleView.cs:374)
AreaBattle.EditorTools.RepresentativeReplayValidation:Advance (AreaBattle.BattleView,single) (at Assets/AreaBattle/Editor/RepresentativeReplayValidation.cs:102)
AreaBattle.EditorTools.RepresentativeReplayValidation:Win (AreaBattle.BattleView,AreaBattle.EditorTools.RepresentativeReplayValidation/Replay) (at Assets/AreaBattle/Editor/RepresentativeReplayValidation.cs:108)
AreaBattle.EditorTools.RepresentativeReplayValidation:Run () (at Assets/AreaBattle/Editor/RepresentativeReplayValidation.cs:141)
System.Reflection.RuntimeMethodInfo:Invoke (object,System.Reflection.BindingFlags,System.Reflection.Binder,object[],System.Globalization.CultureInfo)
System.Reflection.MethodBase:Invoke (object,object[])
AreaBattle.EditorTools.BattleBuild:ValidateIntegrated () (at Assets/AreaBattle/Editor/BattleBuild.cs:32)
AreaBattle.EditorTools.BattleBuild:ValidateMechanicsOnly () (at Assets/AreaBattle/Editor/BattleBuild.cs:18)

[Assets/AreaBattle/Scripts/RecoveredWayLineVisual.cs line 21]

Instantiating material due to calling renderer.material during edit mode. This will leak materials into the scene. You most likely want to use renderer.sharedMaterial instead.
UnityEngine.Debug:ExtractStackTraceNoAlloc (byte*,int,string)
UnityEngine.StackTraceUtility:ExtractStackTrace () (at /Users/bokken/build/output/unity/unity/Runtime/Export/Scripting/StackTrace.cs:35)
UnityEngine.Renderer:GetMaterial ()
UnityEngine.Renderer:get_material () (at /Users/bokken/build/output/unity/unity/Runtime/Export/Graphics/GraphicsRenderers.bindings.cs:180)
AreaBattle.RecoveredWayLineVisual:Initialize () (at Assets/AreaBattle/Scripts/RecoveredWayLineVisual.cs:33)
AreaBattle.RecoveredWayLineVisual:SetLine (UnityEngine.Vector3,UnityEngine.Vector3,UnityEngine.Color,UnityEngine.Color,bool,bool,single) (at Assets/AreaBattle/Scripts/RecoveredWayLineVisual.cs:56)
AreaBattle.RecoveredWayLineVisual:Synchronize (AreaBattle.LineState,AreaBattle.TowerState,AreaBattle.TowerState,UnityEngine.Color,UnityEngine.Color,single) (at Assets/AreaBattle/Scripts/RecoveredWayLineVisual.cs:46)
AreaBattle.RecoveredWayLineVisual:Synchronize (AreaBattle.LineState,AreaBattle.TowerState,AreaBattle.TowerState,single) (at Assets/AreaBattle/Scripts/RecoveredWayLineVisual.cs:21)
AreaBattle.BattleView:RefreshPresentation () (at Assets/AreaBattle/Scripts/BattleView.cs:566)
AreaBattle.BattleView:AdvanceFrame (single,single) (at Assets/AreaBattle/Scripts/BattleView.cs:374)
AreaBattle.EditorTools.RepresentativeReplayValidation:Advance (AreaBattle.BattleView,single) (at Assets/AreaBattle/Editor/RepresentativeReplayValidation.cs:102)
AreaBattle.EditorTools.RepresentativeReplayValidation:Win (AreaBattle.BattleView,AreaBattle.EditorTools.RepresentativeReplayValidation/Replay) (at Assets/AreaBattle/Editor/RepresentativeReplayValidation.cs:108)
AreaBattle.EditorTools.RepresentativeReplayValidation:Run () (at Assets/AreaBattle/Editor/RepresentativeReplayValidation.cs:141)
System.Reflection.RuntimeMethodInfo:Invoke (object,System.Reflection.BindingFlags,System.Reflection.Binder,object[],System.Globalization.CultureInfo)
System.Reflection.MethodBase:Invoke (object,object[])
AreaBattle.EditorTools.BattleBuild:ValidateIntegrated () (at Assets/AreaBattle/Editor/BattleBuild.cs:32)
AreaBattle.EditorTools.BattleBuild:ValidateMechanicsOnly () (at Assets/AreaBattle/Editor/BattleBuild.cs:18)

[Assets/AreaBattle/Scripts/RecoveredWayLineVisual.cs line 21]

Instantiating material due to calling renderer.material during edit mode. This will leak materials into the scene. You most likely want to use renderer.sharedMaterial instead.
UnityEngine.Debug:ExtractStackTraceNoAlloc (byte*,int,string)
UnityEngine.StackTraceUtility:ExtractStackTrace () (at /Users/bokken/build/output/unity/unity/Runtime/Export/Scripting/StackTrace.cs:35)
UnityEngine.Renderer:GetMaterial ()
UnityEngine.Renderer:get_material () (at /Users/bokken/build/output/unity/unity/Runtime/Export/Graphics/GraphicsRenderers.bindings.cs:180)
AreaBattle.RecoveredWayLineVisual:Initialize () (at Assets/AreaBattle/Scripts/RecoveredWayLineVisual.cs:33)
AreaBattle.RecoveredWayLineVisual:SetLine (UnityEngine.Vector3,UnityEngine.Vector3,UnityEngine.Color,UnityEngine.Color,bool,bool,single) (at Assets/AreaBattle/Scripts/RecoveredWayLineVisual.cs:56)
AreaBattle.RecoveredWayLineVisual:Synchronize (AreaBattle.LineState,AreaBattle.TowerState,AreaBattle.TowerState,UnityEngine.Color,UnityEngine.Color,single) (at Assets/AreaBattle/Scripts/RecoveredWayLineVisual.cs:46)
AreaBattle.RecoveredWayLineVisual:Synchronize (AreaBattle.LineState,AreaBattle.TowerState,AreaBattle.TowerState,single) (at Assets/AreaBattle/Scripts/RecoveredWayLineVisual.cs:21)
AreaBattle.BattleView:RefreshPresentation () (at Assets/AreaBattle/Scripts/BattleView.cs:566)
AreaBattle.BattleView:AdvanceFrame (single,single) (at Assets/AreaBattle/Scripts/BattleView.cs:374)
AreaBattle.EditorTools.RepresentativeReplayValidation:Advance (AreaBattle.BattleView,single) (at Assets/AreaBattle/Editor/RepresentativeReplayValidation.cs:102)
AreaBattle.EditorTools.RepresentativeReplayValidation:Win (AreaBattle.BattleView,AreaBattle.EditorTools.RepresentativeReplayValidation/Replay) (at Assets/AreaBattle/Editor/RepresentativeReplayValidation.cs:108)
AreaBattle.EditorTools.RepresentativeReplayValidation:Run () (at Assets/AreaBattle/Editor/RepresentativeReplayValidation.cs:141)
System.Reflection.RuntimeMethodInfo:Invoke (object,System.Reflection.BindingFlags,System.Reflection.Binder,object[],System.Globalization.CultureInfo)
System.Reflection.MethodBase:Invoke (object,object[])
AreaBattle.EditorTools.BattleBuild:ValidateIntegrated () (at Assets/AreaBattle/Editor/BattleBuild.cs:32)
AreaBattle.EditorTools.BattleBuild:ValidateMechanicsOnly () (at Assets/AreaBattle/Editor/BattleBuild.cs:18)

[Assets/AreaBattle/Scripts/RecoveredWayLineVisual.cs line 21]

Instantiating material due to calling renderer.material during edit mode. This will leak materials into the scene. You most likely want to use renderer.sharedMaterial instead.
UnityEngine.Debug:ExtractStackTraceNoAlloc (byte*,int,string)
UnityEngine.StackTraceUtility:ExtractStackTrace () (at /Users/bokken/build/output/unity/unity/Runtime/Export/Scripting/StackTrace.cs:35)
UnityEngine.Renderer:GetMaterial ()
UnityEngine.Renderer:get_material () (at /Users/bokken/build/output/unity/unity/Runtime/Export/Graphics/GraphicsRenderers.bindings.cs:180)
AreaBattle.RecoveredWayLineVisual:Initialize () (at Assets/AreaBattle/Scripts/RecoveredWayLineVisual.cs:33)
AreaBattle.RecoveredWayLineVisual:SetLine (UnityEngine.Vector3,UnityEngine.Vector3,UnityEngine.Color,UnityEngine.Color,bool,bool,single) (at Assets/AreaBattle/Scripts/RecoveredWayLineVisual.cs:56)
AreaBattle.RecoveredWayLineVisual:Synchronize (AreaBattle.LineState,AreaBattle.TowerState,AreaBattle.TowerState,UnityEngine.Color,UnityEngine.Color,single) (at Assets/AreaBattle/Scripts/RecoveredWayLineVisual.cs:46)
AreaBattle.RecoveredWayLineVisual:Synchronize (AreaBattle.LineState,AreaBattle.TowerState,AreaBattle.TowerState,single) (at Assets/AreaBattle/Scripts/RecoveredWayLineVisual.cs:21)
AreaBattle.BattleView:RefreshPresentation () (at Assets/AreaBattle/Scripts/BattleView.cs:566)
AreaBattle.BattleView:AdvanceFrame (single,single) (at Assets/AreaBattle/Scripts/BattleView.cs:374)
AreaBattle.EditorTools.RepresentativeReplayValidation:Advance (AreaBattle.BattleView,single) (at Assets/AreaBattle/Editor/RepresentativeReplayValidation.cs:102)
AreaBattle.EditorTools.RepresentativeReplayValidation:Win (AreaBattle.BattleView,AreaBattle.EditorTools.RepresentativeReplayValidation/Replay) (at Assets/AreaBattle/Editor/RepresentativeReplayValidation.cs:108)
AreaBattle.EditorTools.RepresentativeReplayValidation:Run () (at Assets/AreaBattle/Editor/RepresentativeReplayValidation.cs:141)
System.Reflection.RuntimeMethodInfo:Invoke (object,System.Reflection.BindingFlags,System.Reflection.Binder,object[],System.Globalization.CultureInfo)
System.Reflection.MethodBase:Invoke (object,object[])
AreaBattle.EditorTools.BattleBuild:ValidateIntegrated () (at Assets/AreaBattle/Editor/BattleBuild.cs:32)
AreaBattle.EditorTools.BattleBuild:ValidateMechanicsOnly () (at Assets/AreaBattle/Editor/BattleBuild.cs:18)

[Assets/AreaBattle/Scripts/RecoveredWayLineVisual.cs line 21]

Instantiating material due to calling renderer.material during edit mode. This will leak materials into the scene. You most likely want to use renderer.sharedMaterial instead.
UnityEngine.Debug:ExtractStackTraceNoAlloc (byte*,int,string)
UnityEngine.StackTraceUtility:ExtractStackTrace () (at /Users/bokken/build/output/unity/unity/Runtime/Export/Scripting/StackTrace.cs:35)
UnityEngine.Renderer:GetMaterial ()
UnityEngine.Renderer:get_material () (at /Users/bokken/build/output/unity/unity/Runtime/Export/Graphics/GraphicsRenderers.bindings.cs:180)
AreaBattle.RecoveredWayLineVisual:Initialize () (at Assets/AreaBattle/Scripts/RecoveredWayLineVisual.cs:33)
AreaBattle.RecoveredWayLineVisual:SetLine (UnityEngine.Vector3,UnityEngine.Vector3,UnityEngine.Color,UnityEngine.Color,bool,bool,single) (at Assets/AreaBattle/Scripts/RecoveredWayLineVisual.cs:56)
AreaBattle.RecoveredWayLineVisual:Synchronize (AreaBattle.LineState,AreaBattle.TowerState,AreaBattle.TowerState,UnityEngine.Color,UnityEngine.Color,single) (at Assets/AreaBattle/Scripts/RecoveredWayLineVisual.cs:46)
AreaBattle.RecoveredWayLineVisual:Synchronize (AreaBattle.LineState,AreaBattle.TowerState,AreaBattle.TowerState,single) (at Assets/AreaBattle/Scripts/RecoveredWayLineVisual.cs:21)
AreaBattle.BattleView:RefreshPresentation () (at Assets/AreaBattle/Scripts/BattleView.cs:566)
AreaBattle.BattleView:AdvanceFrame (single,single) (at Assets/AreaBattle/Scripts/BattleView.cs:374)
AreaBattle.EditorTools.RepresentativeReplayValidation:Advance (AreaBattle.BattleView,single) (at Assets/AreaBattle/Editor/RepresentativeReplayValidation.cs:102)
AreaBattle.EditorTools.RepresentativeReplayValidation:Win (AreaBattle.BattleView,AreaBattle.EditorTools.RepresentativeReplayValidation/Replay) (at Assets/AreaBattle/Editor/RepresentativeReplayValidation.cs:108)
AreaBattle.EditorTools.RepresentativeReplayValidation:Run () (at Assets/AreaBattle/Editor/RepresentativeReplayValidation.cs:141)
System.Reflection.RuntimeMethodInfo:Invoke (object,System.Reflection.BindingFlags,System.Reflection.Binder,object[],System.Globalization.CultureInfo)
System.Reflection.MethodBase:Invoke (object,object[])
AreaBattle.EditorTools.BattleBuild:ValidateIntegrated () (at Assets/AreaBattle/Editor/BattleBuild.cs:32)
AreaBattle.EditorTools.BattleBuild:ValidateMechanicsOnly () (at Assets/AreaBattle/Editor/BattleBuild.cs:18)

[Assets/AreaBattle/Scripts/RecoveredWayLineVisual.cs line 21]

Instantiating material due to calling renderer.material during edit mode. This will leak materials into the scene. You most likely want to use renderer.sharedMaterial instead.
UnityEngine.Debug:ExtractStackTraceNoAlloc (byte*,int,string)
UnityEngine.StackTraceUtility:ExtractStackTrace () (at /Users/bokken/build/output/unity/unity/Runtime/Export/Scripting/StackTrace.cs:35)
UnityEngine.Renderer:GetMaterial ()
UnityEngine.Renderer:get_material () (at /Users/bokken/build/output/unity/unity/Runtime/Export/Graphics/GraphicsRenderers.bindings.cs:180)
AreaBattle.RecoveredWayLineVisual:Initialize () (at Assets/AreaBattle/Scripts/RecoveredWayLineVisual.cs:33)
AreaBattle.RecoveredWayLineVisual:SetLine (UnityEngine.Vector3,UnityEngine.Vector3,UnityEngine.Color,UnityEngine.Color,bool,bool,single) (at Assets/AreaBattle/Scripts/RecoveredWayLineVisual.cs:56)
AreaBattle.RecoveredWayLineVisual:Synchronize (AreaBattle.LineState,AreaBattle.TowerState,AreaBattle.TowerState,UnityEngine.Color,UnityEngine.Color,single) (at Assets/AreaBattle/Scripts/RecoveredWayLineVisual.cs:46)
AreaBattle.RecoveredWayLineVisual:Synchronize (AreaBattle.LineState,AreaBattle.TowerState,AreaBattle.TowerState,single) (at Assets/AreaBattle/Scripts/RecoveredWayLineVisual.cs:21)
AreaBattle.BattleView:RefreshPresentation () (at Assets/AreaBattle/Scripts/BattleView.cs:566)
AreaBattle.BattleView:AdvanceFrame (single,single) (at Assets/AreaBattle/Scripts/BattleView.cs:374)
AreaBattle.EditorTools.RepresentativeReplayValidation:Advance (AreaBattle.BattleView,single) (at Assets/AreaBattle/Editor/RepresentativeReplayValidation.cs:102)
AreaBattle.EditorTools.RepresentativeReplayValidation:Win (AreaBattle.BattleView,AreaBattle.EditorTools.RepresentativeReplayValidation/Replay) (at Assets/AreaBattle/Editor/RepresentativeReplayValidation.cs:108)
AreaBattle.EditorTools.RepresentativeReplayValidation:Run () (at Assets/AreaBattle/Editor/RepresentativeReplayValidation.cs:141)
System.Reflection.RuntimeMethodInfo:Invoke (object,System.Reflection.BindingFlags,System.Reflection.Binder,object[],System.Globalization.CultureInfo)
System.Reflection.MethodBase:Invoke (object,object[])
AreaBattle.EditorTools.BattleBuild:ValidateIntegrated () (at Assets/AreaBattle/Editor/BattleBuild.cs:32)
AreaBattle.EditorTools.BattleBuild:ValidateMechanicsOnly () (at Assets/AreaBattle/Editor/BattleBuild.cs:18)

[Assets/AreaBattle/Scripts/RecoveredWayLineVisual.cs line 21]

Instantiating material due to calling renderer.material during edit mode. This will leak materials into the scene. You most likely want to use renderer.sharedMaterial instead.
UnityEngine.Debug:ExtractStackTraceNoAlloc (byte*,int,string)
UnityEngine.StackTraceUtility:ExtractStackTrace () (at /Users/bokken/build/output/unity/unity/Runtime/Export/Scripting/StackTrace.cs:35)
UnityEngine.Renderer:GetMaterial ()
UnityEngine.Renderer:get_material () (at /Users/bokken/build/output/unity/unity/Runtime/Export/Graphics/GraphicsRenderers.bindings.cs:180)
AreaBattle.RecoveredWayLineVisual:Initialize () (at Assets/AreaBattle/Scripts/RecoveredWayLineVisual.cs:33)
AreaBattle.RecoveredWayLineVisual:SetLine (UnityEngine.Vector3,UnityEngine.Vector3,UnityEngine.Color,UnityEngine.Color,bool,bool,single) (at Assets/AreaBattle/Scripts/RecoveredWayLineVisual.cs:56)
AreaBattle.RecoveredWayLineVisual:Synchronize (AreaBattle.LineState,AreaBattle.TowerState,AreaBattle.TowerState,UnityEngine.Color,UnityEngine.Color,single) (at Assets/AreaBattle/Scripts/RecoveredWayLineVisual.cs:46)
AreaBattle.RecoveredWayLineVisual:Synchronize (AreaBattle.LineState,AreaBattle.TowerState,AreaBattle.TowerState,single) (at Assets/AreaBattle/Scripts/RecoveredWayLineVisual.cs:21)
AreaBattle.BattleView:RefreshPresentation () (at Assets/AreaBattle/Scripts/BattleView.cs:566)
AreaBattle.BattleView:AdvanceFrame (single,single) (at Assets/AreaBattle/Scripts/BattleView.cs:374)
AreaBattle.EditorTools.RepresentativeReplayValidation:Advance (AreaBattle.BattleView,single) (at Assets/AreaBattle/Editor/RepresentativeReplayValidation.cs:102)
AreaBattle.EditorTools.RepresentativeReplayValidation:Win (AreaBattle.BattleView,AreaBattle.EditorTools.RepresentativeReplayValidation/Replay) (at Assets/AreaBattle/Editor/RepresentativeReplayValidation.cs:108)
AreaBattle.EditorTools.RepresentativeReplayValidation:Run () (at Assets/AreaBattle/Editor/RepresentativeReplayValidation.cs:141)
System.Reflection.RuntimeMethodInfo:Invoke (object,System.Reflection.BindingFlags,System.Reflection.Binder,object[],System.Globalization.CultureInfo)
System.Reflection.MethodBase:Invoke (object,object[])
AreaBattle.EditorTools.BattleBuild:ValidateIntegrated () (at Assets/AreaBattle/Editor/BattleBuild.cs:32)
AreaBattle.EditorTools.BattleBuild:ValidateMechanicsOnly () (at Assets/AreaBattle/Editor/BattleBuild.cs:18)

[Assets/AreaBattle/Scripts/RecoveredWayLineVisual.cs line 21]

Instantiating material due to calling renderer.material during edit mode. This will leak materials into the scene. You most likely want to use renderer.sharedMaterial instead.
UnityEngine.Debug:ExtractStackTraceNoAlloc (byte*,int,string)
UnityEngine.StackTraceUtility:ExtractStackTrace () (at /Users/bokken/build/output/unity/unity/Runtime/Export/Scripting/StackTrace.cs:35)
UnityEngine.Renderer:GetMaterial ()
UnityEngine.Renderer:get_material () (at /Users/bokken/build/output/unity/unity/Runtime/Export/Graphics/GraphicsRenderers.bindings.cs:180)
AreaBattle.RecoveredWayLineVisual:Initialize () (at Assets/AreaBattle/Scripts/RecoveredWayLineVisual.cs:33)
AreaBattle.RecoveredWayLineVisual:SetLine (UnityEngine.Vector3,UnityEngine.Vector3,UnityEngine.Color,UnityEngine.Color,bool,bool,single) (at Assets/AreaBattle/Scripts/RecoveredWayLineVisual.cs:56)
AreaBattle.RecoveredWayLineVisual:Synchronize (AreaBattle.LineState,AreaBattle.TowerState,AreaBattle.TowerState,UnityEngine.Color,UnityEngine.Color,single) (at Assets/AreaBattle/Scripts/RecoveredWayLineVisual.cs:46)
AreaBattle.RecoveredWayLineVisual:Synchronize (AreaBattle.LineState,AreaBattle.TowerState,AreaBattle.TowerState,single) (at Assets/AreaBattle/Scripts/RecoveredWayLineVisual.cs:21)
AreaBattle.BattleView:RefreshPresentation () (at Assets/AreaBattle/Scripts/BattleView.cs:566)
AreaBattle.BattleView:AdvanceFrame (single,single) (at Assets/AreaBattle/Scripts/BattleView.cs:374)
AreaBattle.EditorTools.RepresentativeReplayValidation:Advance (AreaBattle.BattleView,single) (at Assets/AreaBattle/Editor/RepresentativeReplayValidation.cs:102)
AreaBattle.EditorTools.RepresentativeReplayValidation:Win (AreaBattle.BattleView,AreaBattle.EditorTools.RepresentativeReplayValidation/Replay) (at Assets/AreaBattle/Editor/RepresentativeReplayValidation.cs:108)
AreaBattle.EditorTools.RepresentativeReplayValidation:Run () (at Assets/AreaBattle/Editor/RepresentativeReplayValidation.cs:141)
System.Reflection.RuntimeMethodInfo:Invoke (object,System.Reflection.BindingFlags,System.Reflection.Binder,object[],System.Globalization.CultureInfo)
System.Reflection.MethodBase:Invoke (object,object[])
AreaBattle.EditorTools.BattleBuild:ValidateIntegrated () (at Assets/AreaBattle/Editor/BattleBuild.cs:32)
AreaBattle.EditorTools.BattleBuild:ValidateMechanicsOnly () (at Assets/AreaBattle/Editor/BattleBuild.cs:18)

[Assets/AreaBattle/Scripts/RecoveredWayLineVisual.cs line 21]

Instantiating material due to calling renderer.material during edit mode. This will leak materials into the scene. You most likely want to use renderer.sharedMaterial instead.
UnityEngine.Debug:ExtractStackTraceNoAlloc (byte*,int,string)
UnityEngine.StackTraceUtility:ExtractStackTrace () (at /Users/bokken/build/output/unity/unity/Runtime/Export/Scripting/StackTrace.cs:35)
UnityEngine.Renderer:GetMaterial ()
UnityEngine.Renderer:get_material () (at /Users/bokken/build/output/unity/unity/Runtime/Export/Graphics/GraphicsRenderers.bindings.cs:180)
AreaBattle.RecoveredWayLineVisual:Initialize () (at Assets/AreaBattle/Scripts/RecoveredWayLineVisual.cs:33)
AreaBattle.RecoveredWayLineVisual:SetLine (UnityEngine.Vector3,UnityEngine.Vector3,UnityEngine.Color,UnityEngine.Color,bool,bool,single) (at Assets/AreaBattle/Scripts/RecoveredWayLineVisual.cs:56)
AreaBattle.RecoveredWayLineVisual:Synchronize (AreaBattle.LineState,AreaBattle.TowerState,AreaBattle.TowerState,UnityEngine.Color,UnityEngine.Color,single) (at Assets/AreaBattle/Scripts/RecoveredWayLineVisual.cs:46)
AreaBattle.RecoveredWayLineVisual:Synchronize (AreaBattle.LineState,AreaBattle.TowerState,AreaBattle.TowerState,single) (at Assets/AreaBattle/Scripts/RecoveredWayLineVisual.cs:21)
AreaBattle.BattleView:RefreshPresentation () (at Assets/AreaBattle/Scripts/BattleView.cs:566)
AreaBattle.BattleView:AdvanceFrame (single,single) (at Assets/AreaBattle/Scripts/BattleView.cs:374)
AreaBattle.EditorTools.RepresentativeReplayValidation:Advance (AreaBattle.BattleView,single) (at Assets/AreaBattle/Editor/RepresentativeReplayValidation.cs:102)
AreaBattle.EditorTools.RepresentativeReplayValidation:Win (AreaBattle.BattleView,AreaBattle.EditorTools.RepresentativeReplayValidation/Replay) (at Assets/AreaBattle/Editor/RepresentativeReplayValidation.cs:108)
AreaBattle.EditorTools.RepresentativeReplayValidation:Run () (at Assets/AreaBattle/Editor/RepresentativeReplayValidation.cs:141)
System.Reflection.RuntimeMethodInfo:Invoke (object,System.Reflection.BindingFlags,System.Reflection.Binder,object[],System.Globalization.CultureInfo)
System.Reflection.MethodBase:Invoke (object,object[])
AreaBattle.EditorTools.BattleBuild:ValidateIntegrated () (at Assets/AreaBattle/Editor/BattleBuild.cs:32)
AreaBattle.EditorTools.BattleBuild:ValidateMechanicsOnly () (at Assets/AreaBattle/Editor/BattleBuild.cs:18)

[Assets/AreaBattle/Scripts/RecoveredWayLineVisual.cs line 21]

Instantiating material due to calling renderer.material during edit mode. This will leak materials into the scene. You most likely want to use renderer.sharedMaterial instead.
UnityEngine.Debug:ExtractStackTraceNoAlloc (byte*,int,string)
UnityEngine.StackTraceUtility:ExtractStackTrace () (at /Users/bokken/build/output/unity/unity/Runtime/Export/Scripting/StackTrace.cs:35)
UnityEngine.Renderer:GetMaterial ()
UnityEngine.Renderer:get_material () (at /Users/bokken/build/output/unity/unity/Runtime/Export/Graphics/GraphicsRenderers.bindings.cs:180)
AreaBattle.RecoveredWayLineVisual:Initialize () (at Assets/AreaBattle/Scripts/RecoveredWayLineVisual.cs:33)
AreaBattle.RecoveredWayLineVisual:SetLine (UnityEngine.Vector3,UnityEngine.Vector3,UnityEngine.Color,UnityEngine.Color,bool,bool,single) (at Assets/AreaBattle/Scripts/RecoveredWayLineVisual.cs:56)
AreaBattle.RecoveredWayLineVisual:Synchronize (AreaBattle.LineState,AreaBattle.TowerState,AreaBattle.TowerState,UnityEngine.Color,UnityEngine.Color,single) (at Assets/AreaBattle/Scripts/RecoveredWayLineVisual.cs:46)
AreaBattle.RecoveredWayLineVisual:Synchronize (AreaBattle.LineState,AreaBattle.TowerState,AreaBattle.TowerState,single) (at Assets/AreaBattle/Scripts/RecoveredWayLineVisual.cs:21)
AreaBattle.BattleView:RefreshPresentation () (at Assets/AreaBattle/Scripts/BattleView.cs:566)
AreaBattle.BattleView:AdvanceFrame (single,single) (at Assets/AreaBattle/Scripts/BattleView.cs:374)
AreaBattle.EditorTools.RepresentativeReplayValidation:Advance (AreaBattle.BattleView,single) (at Assets/AreaBattle/Editor/RepresentativeReplayValidation.cs:102)
AreaBattle.EditorTools.RepresentativeReplayValidation:Win (AreaBattle.BattleView,AreaBattle.EditorTools.RepresentativeReplayValidation/Replay) (at Assets/AreaBattle/Editor/RepresentativeReplayValidation.cs:108)
AreaBattle.EditorTools.RepresentativeReplayValidation:Run () (at Assets/AreaBattle/Editor/RepresentativeReplayValidation.cs:141)
System.Reflection.RuntimeMethodInfo:Invoke (object,System.Reflection.BindingFlags,System.Reflection.Binder,object[],System.Globalization.CultureInfo)
System.Reflection.MethodBase:Invoke (object,object[])
AreaBattle.EditorTools.BattleBuild:ValidateIntegrated () (at Assets/AreaBattle/Editor/BattleBuild.cs:32)
AreaBattle.EditorTools.BattleBuild:ValidateMechanicsOnly () (at Assets/AreaBattle/Editor/BattleBuild.cs:18)

[Assets/AreaBattle/Scripts/RecoveredWayLineVisual.cs line 21]

Instantiating material due to calling renderer.material during edit mode. This will leak materials into the scene. You most likely want to use renderer.sharedMaterial instead.
UnityEngine.Debug:ExtractStackTraceNoAlloc (byte*,int,string)
UnityEngine.StackTraceUtility:ExtractStackTrace () (at /Users/bokken/build/output/unity/unity/Runtime/Export/Scripting/StackTrace.cs:35)
UnityEngine.Renderer:GetMaterial ()
UnityEngine.Renderer:get_material () (at /Users/bokken/build/output/unity/unity/Runtime/Export/Graphics/GraphicsRenderers.bindings.cs:180)
AreaBattle.RecoveredWayLineVisual:Initialize () (at Assets/AreaBattle/Scripts/RecoveredWayLineVisual.cs:33)
AreaBattle.RecoveredWayLineVisual:SetLine (UnityEngine.Vector3,UnityEngine.Vector3,UnityEngine.Color,UnityEngine.Color,bool,bool,single) (at Assets/AreaBattle/Scripts/RecoveredWayLineVisual.cs:56)
AreaBattle.RecoveredWayLineVisual:Synchronize (AreaBattle.LineState,AreaBattle.TowerState,AreaBattle.TowerState,UnityEngine.Color,UnityEngine.Color,single) (at Assets/AreaBattle/Scripts/RecoveredWayLineVisual.cs:46)
AreaBattle.RecoveredWayLineVisual:Synchronize (AreaBattle.LineState,AreaBattle.TowerState,AreaBattle.TowerState,single) (at Assets/AreaBattle/Scripts/RecoveredWayLineVisual.cs:21)
AreaBattle.BattleView:RefreshPresentation () (at Assets/AreaBattle/Scripts/BattleView.cs:566)
AreaBattle.BattleView:AdvanceFrame (single,single) (at Assets/AreaBattle/Scripts/BattleView.cs:374)
AreaBattle.EditorTools.RepresentativeReplayValidation:Advance (AreaBattle.BattleView,single) (at Assets/AreaBattle/Editor/RepresentativeReplayValidation.cs:102)
AreaBattle.EditorTools.RepresentativeReplayValidation:Win (AreaBattle.BattleView,AreaBattle.EditorTools.RepresentativeReplayValidation/Replay) (at Assets/AreaBattle/Editor/RepresentativeReplayValidation.cs:108)
AreaBattle.EditorTools.RepresentativeReplayValidation:Run () (at Assets/AreaBattle/Editor/RepresentativeReplayValidation.cs:141)
System.Reflection.RuntimeMethodInfo:Invoke (object,System.Reflection.BindingFlags,System.Reflection.Binder,object[],System.Globalization.CultureInfo)
System.Reflection.MethodBase:Invoke (object,object[])
AreaBattle.EditorTools.BattleBuild:ValidateIntegrated () (at Assets/AreaBattle/Editor/BattleBuild.cs:32)
AreaBattle.EditorTools.BattleBuild:ValidateMechanicsOnly () (at Assets/AreaBattle/Editor/BattleBuild.cs:18)

[Assets/AreaBattle/Scripts/RecoveredWayLineVisual.cs line 21]

Instantiating material due to calling renderer.material during edit mode. This will leak materials into the scene. You most likely want to use renderer.sharedMaterial instead.
UnityEngine.Debug:ExtractStackTraceNoAlloc (byte*,int,string)
UnityEngine.StackTraceUtility:ExtractStackTrace () (at /Users/bokken/build/output/unity/unity/Runtime/Export/Scripting/StackTrace.cs:35)
UnityEngine.Renderer:GetMaterial ()
UnityEngine.Renderer:get_material () (at /Users/bokken/build/output/unity/unity/Runtime/Export/Graphics/GraphicsRenderers.bindings.cs:180)
AreaBattle.RecoveredWayLineVisual:Initialize () (at Assets/AreaBattle/Scripts/RecoveredWayLineVisual.cs:33)
AreaBattle.RecoveredWayLineVisual:SetLine (UnityEngine.Vector3,UnityEngine.Vector3,UnityEngine.Color,UnityEngine.Color,bool,bool,single) (at Assets/AreaBattle/Scripts/RecoveredWayLineVisual.cs:56)
AreaBattle.RecoveredWayLineVisual:Synchronize (AreaBattle.LineState,AreaBattle.TowerState,AreaBattle.TowerState,UnityEngine.Color,UnityEngine.Color,single) (at Assets/AreaBattle/Scripts/RecoveredWayLineVisual.cs:46)
AreaBattle.RecoveredWayLineVisual:Synchronize (AreaBattle.LineState,AreaBattle.TowerState,AreaBattle.TowerState,single) (at Assets/AreaBattle/Scripts/RecoveredWayLineVisual.cs:21)
AreaBattle.BattleView:RefreshPresentation () (at Assets/AreaBattle/Scripts/BattleView.cs:566)
AreaBattle.BattleView:AdvanceFrame (single,single) (at Assets/AreaBattle/Scripts/BattleView.cs:374)
AreaBattle.EditorTools.RepresentativeReplayValidation:Advance (AreaBattle.BattleView,single) (at Assets/AreaBattle/Editor/RepresentativeReplayValidation.cs:102)
AreaBattle.EditorTools.RepresentativeReplayValidation:Win (AreaBattle.BattleView,AreaBattle.EditorTools.RepresentativeReplayValidation/Replay) (at Assets/AreaBattle/Editor/RepresentativeReplayValidation.cs:108)
AreaBattle.EditorTools.RepresentativeReplayValidation:Run () (at Assets/AreaBattle/Editor/RepresentativeReplayValidation.cs:141)
System.Reflection.RuntimeMethodInfo:Invoke (object,System.Reflection.BindingFlags,System.Reflection.Binder,object[],System.Globalization.CultureInfo)
System.Reflection.MethodBase:Invoke (object,object[])
AreaBattle.EditorTools.BattleBuild:ValidateIntegrated () (at Assets/AreaBattle/Editor/BattleBuild.cs:32)
AreaBattle.EditorTools.BattleBuild:ValidateMechanicsOnly () (at Assets/AreaBattle/Editor/BattleBuild.cs:18)

[Assets/AreaBattle/Scripts/RecoveredWayLineVisual.cs line 21]

Instantiating material due to calling renderer.material during edit mode. This will leak materials into the scene. You most likely want to use renderer.sharedMaterial instead.
UnityEngine.Debug:ExtractStackTraceNoAlloc (byte*,int,string)
UnityEngine.StackTraceUtility:ExtractStackTrace () (at /Users/bokken/build/output/unity/unity/Runtime/Export/Scripting/StackTrace.cs:35)
UnityEngine.Renderer:GetMaterial ()
UnityEngine.Renderer:get_material () (at /Users/bokken/build/output/unity/unity/Runtime/Export/Graphics/GraphicsRenderers.bindings.cs:180)
AreaBattle.RecoveredWayLineVisual:Initialize () (at Assets/AreaBattle/Scripts/RecoveredWayLineVisual.cs:33)
AreaBattle.RecoveredWayLineVisual:SetLine (UnityEngine.Vector3,UnityEngine.Vector3,UnityEngine.Color,UnityEngine.Color,bool,bool,single) (at Assets/AreaBattle/Scripts/RecoveredWayLineVisual.cs:56)
AreaBattle.RecoveredWayLineVisual:Synchronize (AreaBattle.LineState,AreaBattle.TowerState,AreaBattle.TowerState,UnityEngine.Color,UnityEngine.Color,single) (at Assets/AreaBattle/Scripts/RecoveredWayLineVisual.cs:46)
AreaBattle.RecoveredWayLineVisual:Synchronize (AreaBattle.LineState,AreaBattle.TowerState,AreaBattle.TowerState,single) (at Assets/AreaBattle/Scripts/RecoveredWayLineVisual.cs:21)
AreaBattle.BattleView:RefreshPresentation () (at Assets/AreaBattle/Scripts/BattleView.cs:566)
AreaBattle.BattleView:AdvanceFrame (single,single) (at Assets/AreaBattle/Scripts/BattleView.cs:374)
AreaBattle.EditorTools.RepresentativeReplayValidation:Advance (AreaBattle.BattleView,single) (at Assets/AreaBattle/Editor/RepresentativeReplayValidation.cs:102)
AreaBattle.EditorTools.RepresentativeReplayValidation:Win (AreaBattle.BattleView,AreaBattle.EditorTools.RepresentativeReplayValidation/Replay) (at Assets/AreaBattle/Editor/RepresentativeReplayValidation.cs:108)
AreaBattle.EditorTools.RepresentativeReplayValidation:Run () (at Assets/AreaBattle/Editor/RepresentativeReplayValidation.cs:141)
System.Reflection.RuntimeMethodInfo:Invoke (object,System.Reflection.BindingFlags,System.Reflection.Binder,object[],System.Globalization.CultureInfo)
System.Reflection.MethodBase:Invoke (object,object[])
AreaBattle.EditorTools.BattleBuild:ValidateIntegrated () (at Assets/AreaBattle/Editor/BattleBuild.cs:32)
AreaBattle.EditorTools.BattleBuild:ValidateMechanicsOnly () (at Assets/AreaBattle/Editor/BattleBuild.cs:18)

[Assets/AreaBattle/Scripts/RecoveredWayLineVisual.cs line 21]

Instantiating material due to calling renderer.material during edit mode. This will leak materials into the scene. You most likely want to use renderer.sharedMaterial instead.
UnityEngine.Debug:ExtractStackTraceNoAlloc (byte*,int,string)
UnityEngine.StackTraceUtility:ExtractStackTrace () (at /Users/bokken/build/output/unity/unity/Runtime/Export/Scripting/StackTrace.cs:35)
UnityEngine.Renderer:GetMaterial ()
UnityEngine.Renderer:get_material () (at /Users/bokken/build/output/unity/unity/Runtime/Export/Graphics/GraphicsRenderers.bindings.cs:180)
AreaBattle.RecoveredWayLineVisual:Initialize () (at Assets/AreaBattle/Scripts/RecoveredWayLineVisual.cs:33)
AreaBattle.RecoveredWayLineVisual:SetLine (UnityEngine.Vector3,UnityEngine.Vector3,UnityEngine.Color,UnityEngine.Color,bool,bool,single) (at Assets/AreaBattle/Scripts/RecoveredWayLineVisual.cs:56)
AreaBattle.RecoveredWayLineVisual:Synchronize (AreaBattle.LineState,AreaBattle.TowerState,AreaBattle.TowerState,UnityEngine.Color,UnityEngine.Color,single) (at Assets/AreaBattle/Scripts/RecoveredWayLineVisual.cs:46)
AreaBattle.RecoveredWayLineVisual:Synchronize (AreaBattle.LineState,AreaBattle.TowerState,AreaBattle.TowerState,single) (at Assets/AreaBattle/Scripts/RecoveredWayLineVisual.cs:21)
AreaBattle.BattleView:RefreshPresentation () (at Assets/AreaBattle/Scripts/BattleView.cs:566)
AreaBattle.BattleView:AdvanceFrame (single,single) (at Assets/AreaBattle/Scripts/BattleView.cs:374)
AreaBattle.EditorTools.RepresentativeReplayValidation:Advance (AreaBattle.BattleView,single) (at Assets/AreaBattle/Editor/RepresentativeReplayValidation.cs:102)
AreaBattle.EditorTools.RepresentativeReplayValidation:Win (AreaBattle.BattleView,AreaBattle.EditorTools.RepresentativeReplayValidation/Replay) (at Assets/AreaBattle/Editor/RepresentativeReplayValidation.cs:108)
AreaBattle.EditorTools.RepresentativeReplayValidation:Run () (at Assets/AreaBattle/Editor/RepresentativeReplayValidation.cs:141)
System.Reflection.RuntimeMethodInfo:Invoke (object,System.Reflection.BindingFlags,System.Reflection.Binder,object[],System.Globalization.CultureInfo)
System.Reflection.MethodBase:Invoke (object,object[])
AreaBattle.EditorTools.BattleBuild:ValidateIntegrated () (at Assets/AreaBattle/Editor/BattleBuild.cs:32)
AreaBattle.EditorTools.BattleBuild:ValidateMechanicsOnly () (at Assets/AreaBattle/Editor/BattleBuild.cs:18)

[Assets/AreaBattle/Scripts/RecoveredWayLineVisual.cs line 21]

Instantiating material due to calling renderer.material during edit mode. This will leak materials into the scene. You most likely want to use renderer.sharedMaterial instead.
UnityEngine.Debug:ExtractStackTraceNoAlloc (byte*,int,string)
UnityEngine.StackTraceUtility:ExtractStackTrace () (at /Users/bokken/build/output/unity/unity/Runtime/Export/Scripting/StackTrace.cs:35)
UnityEngine.Renderer:GetMaterial ()
UnityEngine.Renderer:get_material () (at /Users/bokken/build/output/unity/unity/Runtime/Export/Graphics/GraphicsRenderers.bindings.cs:180)
AreaBattle.RecoveredWayLineVisual:Initialize () (at Assets/AreaBattle/Scripts/RecoveredWayLineVisual.cs:33)
AreaBattle.RecoveredWayLineVisual:SetLine (UnityEngine.Vector3,UnityEngine.Vector3,UnityEngine.Color,UnityEngine.Color,bool,bool,single) (at Assets/AreaBattle/Scripts/RecoveredWayLineVisual.cs:56)
AreaBattle.RecoveredWayLineVisual:Synchronize (AreaBattle.LineState,AreaBattle.TowerState,AreaBattle.TowerState,UnityEngine.Color,UnityEngine.Color,single) (at Assets/AreaBattle/Scripts/RecoveredWayLineVisual.cs:46)
AreaBattle.RecoveredWayLineVisual:Synchronize (AreaBattle.LineState,AreaBattle.TowerState,AreaBattle.TowerState,single) (at Assets/AreaBattle/Scripts/RecoveredWayLineVisual.cs:21)
AreaBattle.BattleView:RefreshPresentation () (at Assets/AreaBattle/Scripts/BattleView.cs:566)
AreaBattle.BattleView:AdvanceFrame (single,single) (at Assets/AreaBattle/Scripts/BattleView.cs:374)
AreaBattle.EditorTools.RepresentativeReplayValidation:Advance (AreaBattle.BattleView,single) (at Assets/AreaBattle/Editor/RepresentativeReplayValidation.cs:102)
AreaBattle.EditorTools.RepresentativeReplayValidation:Win (AreaBattle.BattleView,AreaBattle.EditorTools.RepresentativeReplayValidation/Replay) (at Assets/AreaBattle/Editor/RepresentativeReplayValidation.cs:108)
AreaBattle.EditorTools.RepresentativeReplayValidation:Run () (at Assets/AreaBattle/Editor/RepresentativeReplayValidation.cs:141)
System.Reflection.RuntimeMethodInfo:Invoke (object,System.Reflection.BindingFlags,System.Reflection.Binder,object[],System.Globalization.CultureInfo)
System.Reflection.MethodBase:Invoke (object,object[])
AreaBattle.EditorTools.BattleBuild:ValidateIntegrated () (at Assets/AreaBattle/Editor/BattleBuild.cs:32)
AreaBattle.EditorTools.BattleBuild:ValidateMechanicsOnly () (at Assets/AreaBattle/Editor/BattleBuild.cs:18)

[Assets/AreaBattle/Scripts/RecoveredWayLineVisual.cs line 21]

Instantiating material due to calling renderer.material during edit mode. This will leak materials into the scene. You most likely want to use renderer.sharedMaterial instead.
UnityEngine.Debug:ExtractStackTraceNoAlloc (byte*,int,string)
UnityEngine.StackTraceUtility:ExtractStackTrace () (at /Users/bokken/build/output/unity/unity/Runtime/Export/Scripting/StackTrace.cs:35)
UnityEngine.Renderer:GetMaterial ()
UnityEngine.Renderer:get_material () (at /Users/bokken/build/output/unity/unity/Runtime/Export/Graphics/GraphicsRenderers.bindings.cs:180)
AreaBattle.RecoveredWayLineVisual:Initialize () (at Assets/AreaBattle/Scripts/RecoveredWayLineVisual.cs:33)
AreaBattle.RecoveredWayLineVisual:SetLine (UnityEngine.Vector3,UnityEngine.Vector3,UnityEngine.Color,UnityEngine.Color,bool,bool,single) (at Assets/AreaBattle/Scripts/RecoveredWayLineVisual.cs:56)
AreaBattle.RecoveredWayLineVisual:Synchronize (AreaBattle.LineState,AreaBattle.TowerState,AreaBattle.TowerState,UnityEngine.Color,UnityEngine.Color,single) (at Assets/AreaBattle/Scripts/RecoveredWayLineVisual.cs:46)
AreaBattle.RecoveredWayLineVisual:Synchronize (AreaBattle.LineState,AreaBattle.TowerState,AreaBattle.TowerState,single) (at Assets/AreaBattle/Scripts/RecoveredWayLineVisual.cs:21)
AreaBattle.BattleView:RefreshPresentation () (at Assets/AreaBattle/Scripts/BattleView.cs:566)
AreaBattle.BattleView:AdvanceFrame (single,single) (at Assets/AreaBattle/Scripts/BattleView.cs:374)
AreaBattle.EditorTools.RepresentativeReplayValidation:Advance (AreaBattle.BattleView,single) (at Assets/AreaBattle/Editor/RepresentativeReplayValidation.cs:102)
AreaBattle.EditorTools.RepresentativeReplayValidation:Win (AreaBattle.BattleView,AreaBattle.EditorTools.RepresentativeReplayValidation/Replay) (at Assets/AreaBattle/Editor/RepresentativeReplayValidation.cs:108)
AreaBattle.EditorTools.RepresentativeReplayValidation:Run () (at Assets/AreaBattle/Editor/RepresentativeReplayValidation.cs:141)
System.Reflection.RuntimeMethodInfo:Invoke (object,System.Reflection.BindingFlags,System.Reflection.Binder,object[],System.Globalization.CultureInfo)
System.Reflection.MethodBase:Invoke (object,object[])
AreaBattle.EditorTools.BattleBuild:ValidateIntegrated () (at Assets/AreaBattle/Editor/BattleBuild.cs:32)
AreaBattle.EditorTools.BattleBuild:ValidateMechanicsOnly () (at Assets/AreaBattle/Editor/BattleBuild.cs:18)

[Assets/AreaBattle/Scripts/RecoveredWayLineVisual.cs line 21]

Instantiating material due to calling renderer.material during edit mode. This will leak materials into the scene. You most likely want to use renderer.sharedMaterial instead.
UnityEngine.Debug:ExtractStackTraceNoAlloc (byte*,int,string)
UnityEngine.StackTraceUtility:ExtractStackTrace () (at /Users/bokken/build/output/unity/unity/Runtime/Export/Scripting/StackTrace.cs:35)
UnityEngine.Renderer:GetMaterial ()
UnityEngine.Renderer:get_material () (at /Users/bokken/build/output/unity/unity/Runtime/Export/Graphics/GraphicsRenderers.bindings.cs:180)
AreaBattle.RecoveredWayLineVisual:Initialize () (at Assets/AreaBattle/Scripts/RecoveredWayLineVisual.cs:33)
AreaBattle.RecoveredWayLineVisual:SetLine (UnityEngine.Vector3,UnityEngine.Vector3,UnityEngine.Color,UnityEngine.Color,bool,bool,single) (at Assets/AreaBattle/Scripts/RecoveredWayLineVisual.cs:56)
AreaBattle.RecoveredWayLineVisual:Synchronize (AreaBattle.LineState,AreaBattle.TowerState,AreaBattle.TowerState,UnityEngine.Color,UnityEngine.Color,single) (at Assets/AreaBattle/Scripts/RecoveredWayLineVisual.cs:46)
AreaBattle.RecoveredWayLineVisual:Synchronize (AreaBattle.LineState,AreaBattle.TowerState,AreaBattle.TowerState,single) (at Assets/AreaBattle/Scripts/RecoveredWayLineVisual.cs:21)
AreaBattle.BattleView:RefreshPresentation () (at Assets/AreaBattle/Scripts/BattleView.cs:566)
AreaBattle.BattleView:AdvanceFrame (single,single) (at Assets/AreaBattle/Scripts/BattleView.cs:374)
AreaBattle.EditorTools.RepresentativeReplayValidation:Advance (AreaBattle.BattleView,single) (at Assets/AreaBattle/Editor/RepresentativeReplayValidation.cs:102)
AreaBattle.EditorTools.RepresentativeReplayValidation:Win (AreaBattle.BattleView,AreaBattle.EditorTools.RepresentativeReplayValidation/Replay) (at Assets/AreaBattle/Editor/RepresentativeReplayValidation.cs:108)
AreaBattle.EditorTools.RepresentativeReplayValidation:Run () (at Assets/AreaBattle/Editor/RepresentativeReplayValidation.cs:141)
System.Reflection.RuntimeMethodInfo:Invoke (object,System.Reflection.BindingFlags,System.Reflection.Binder,object[],System.Globalization.CultureInfo)
System.Reflection.MethodBase:Invoke (object,object[])
AreaBattle.EditorTools.BattleBuild:ValidateIntegrated () (at Assets/AreaBattle/Editor/BattleBuild.cs:32)
AreaBattle.EditorTools.BattleBuild:ValidateMechanicsOnly () (at Assets/AreaBattle/Editor/BattleBuild.cs:18)

[Assets/AreaBattle/Scripts/RecoveredWayLineVisual.cs line 21]

Instantiating material due to calling renderer.material during edit mode. This will leak materials into the scene. You most likely want to use renderer.sharedMaterial instead.
UnityEngine.Debug:ExtractStackTraceNoAlloc (byte*,int,string)
UnityEngine.StackTraceUtility:ExtractStackTrace () (at /Users/bokken/build/output/unity/unity/Runtime/Export/Scripting/StackTrace.cs:35)
UnityEngine.Renderer:GetMaterial ()
UnityEngine.Renderer:get_material () (at /Users/bokken/build/output/unity/unity/Runtime/Export/Graphics/GraphicsRenderers.bindings.cs:180)
AreaBattle.RecoveredWayLineVisual:Initialize () (at Assets/AreaBattle/Scripts/RecoveredWayLineVisual.cs:33)
AreaBattle.RecoveredWayLineVisual:SetLine (UnityEngine.Vector3,UnityEngine.Vector3,UnityEngine.Color,UnityEngine.Color,bool,bool,single) (at Assets/AreaBattle/Scripts/RecoveredWayLineVisual.cs:56)
AreaBattle.RecoveredWayLineVisual:Synchronize (AreaBattle.LineState,AreaBattle.TowerState,AreaBattle.TowerState,UnityEngine.Color,UnityEngine.Color,single) (at Assets/AreaBattle/Scripts/RecoveredWayLineVisual.cs:46)
AreaBattle.RecoveredWayLineVisual:Synchronize (AreaBattle.LineState,AreaBattle.TowerState,AreaBattle.TowerState,single) (at Assets/AreaBattle/Scripts/RecoveredWayLineVisual.cs:21)
AreaBattle.BattleView:RefreshPresentation () (at Assets/AreaBattle/Scripts/BattleView.cs:566)
AreaBattle.BattleView:AdvanceFrame (single,single) (at Assets/AreaBattle/Scripts/BattleView.cs:374)
AreaBattle.EditorTools.RepresentativeReplayValidation:Advance (AreaBattle.BattleView,single) (at Assets/AreaBattle/Editor/RepresentativeReplayValidation.cs:102)
AreaBattle.EditorTools.RepresentativeReplayValidation:Win (AreaBattle.BattleView,AreaBattle.EditorTools.RepresentativeReplayValidation/Replay) (at Assets/AreaBattle/Editor/RepresentativeReplayValidation.cs:108)
AreaBattle.EditorTools.RepresentativeReplayValidation:Run () (at Assets/AreaBattle/Editor/RepresentativeReplayValidation.cs:141)
System.Reflection.RuntimeMethodInfo:Invoke (object,System.Reflection.BindingFlags,System.Reflection.Binder,object[],System.Globalization.CultureInfo)
System.Reflection.MethodBase:Invoke (object,object[])
AreaBattle.EditorTools.BattleBuild:ValidateIntegrated () (at Assets/AreaBattle/Editor/BattleBuild.cs:32)
AreaBattle.EditorTools.BattleBuild:ValidateMechanicsOnly () (at Assets/AreaBattle/Editor/BattleBuild.cs:18)

[Assets/AreaBattle/Scripts/RecoveredWayLineVisual.cs line 21]

Instantiating material due to calling renderer.material during edit mode. This will leak materials into the scene. You most likely want to use renderer.sharedMaterial instead.
UnityEngine.Debug:ExtractStackTraceNoAlloc (byte*,int,string)
UnityEngine.StackTraceUtility:ExtractStackTrace () (at /Users/bokken/build/output/unity/unity/Runtime/Export/Scripting/StackTrace.cs:35)
UnityEngine.Renderer:GetMaterial ()
UnityEngine.Renderer:get_material () (at /Users/bokken/build/output/unity/unity/Runtime/Export/Graphics/GraphicsRenderers.bindings.cs:180)
AreaBattle.RecoveredWayLineVisual:Initialize () (at Assets/AreaBattle/Scripts/RecoveredWayLineVisual.cs:33)
AreaBattle.RecoveredWayLineVisual:SetLine (UnityEngine.Vector3,UnityEngine.Vector3,UnityEngine.Color,UnityEngine.Color,bool,bool,single) (at Assets/AreaBattle/Scripts/RecoveredWayLineVisual.cs:56)
AreaBattle.RecoveredWayLineVisual:Synchronize (AreaBattle.LineState,AreaBattle.TowerState,AreaBattle.TowerState,UnityEngine.Color,UnityEngine.Color,single) (at Assets/AreaBattle/Scripts/RecoveredWayLineVisual.cs:46)
AreaBattle.RecoveredWayLineVisual:Synchronize (AreaBattle.LineState,AreaBattle.TowerState,AreaBattle.TowerState,single) (at Assets/AreaBattle/Scripts/RecoveredWayLineVisual.cs:21)
AreaBattle.BattleView:RefreshPresentation () (at Assets/AreaBattle/Scripts/BattleView.cs:566)
AreaBattle.BattleView:AdvanceFrame (single,single) (at Assets/AreaBattle/Scripts/BattleView.cs:374)
AreaBattle.EditorTools.RepresentativeReplayValidation:Advance (AreaBattle.BattleView,single) (at Assets/AreaBattle/Editor/RepresentativeReplayValidation.cs:102)
AreaBattle.EditorTools.RepresentativeReplayValidation:Win (AreaBattle.BattleView,AreaBattle.EditorTools.RepresentativeReplayValidation/Replay) (at Assets/AreaBattle/Editor/RepresentativeReplayValidation.cs:108)
AreaBattle.EditorTools.RepresentativeReplayValidation:Run () (at Assets/AreaBattle/Editor/RepresentativeReplayValidation.cs:141)
System.Reflection.RuntimeMethodInfo:Invoke (object,System.Reflection.BindingFlags,System.Reflection.Binder,object[],System.Globalization.CultureInfo)
System.Reflection.MethodBase:Invoke (object,object[])
AreaBattle.EditorTools.BattleBuild:ValidateIntegrated () (at Assets/AreaBattle/Editor/BattleBuild.cs:32)
AreaBattle.EditorTools.BattleBuild:ValidateMechanicsOnly () (at Assets/AreaBattle/Editor/BattleBuild.cs:18)

[Assets/AreaBattle/Scripts/RecoveredWayLineVisual.cs line 21]

Instantiating material due to calling renderer.material during edit mode. This will leak materials into the scene. You most likely want to use renderer.sharedMaterial instead.
UnityEngine.Debug:ExtractStackTraceNoAlloc (byte*,int,string)
UnityEngine.StackTraceUtility:ExtractStackTrace () (at /Users/bokken/build/output/unity/unity/Runtime/Export/Scripting/StackTrace.cs:35)
UnityEngine.Renderer:GetMaterial ()
UnityEngine.Renderer:get_material () (at /Users/bokken/build/output/unity/unity/Runtime/Export/Graphics/GraphicsRenderers.bindings.cs:180)
AreaBattle.RecoveredWayLineVisual:Initialize () (at Assets/AreaBattle/Scripts/RecoveredWayLineVisual.cs:33)
AreaBattle.RecoveredWayLineVisual:SetLine (UnityEngine.Vector3,UnityEngine.Vector3,UnityEngine.Color,UnityEngine.Color,bool,bool,single) (at Assets/AreaBattle/Scripts/RecoveredWayLineVisual.cs:56)
AreaBattle.RecoveredWayLineVisual:Synchronize (AreaBattle.LineState,AreaBattle.TowerState,AreaBattle.TowerState,UnityEngine.Color,UnityEngine.Color,single) (at Assets/AreaBattle/Scripts/RecoveredWayLineVisual.cs:46)
AreaBattle.RecoveredWayLineVisual:Synchronize (AreaBattle.LineState,AreaBattle.TowerState,AreaBattle.TowerState,single) (at Assets/AreaBattle/Scripts/RecoveredWayLineVisual.cs:21)
AreaBattle.BattleView:RefreshPresentation () (at Assets/AreaBattle/Scripts/BattleView.cs:566)
AreaBattle.BattleView:AdvanceFrame (single,single) (at Assets/AreaBattle/Scripts/BattleView.cs:374)
AreaBattle.EditorTools.RepresentativeReplayValidation:Advance (AreaBattle.BattleView,single) (at Assets/AreaBattle/Editor/RepresentativeReplayValidation.cs:102)
AreaBattle.EditorTools.RepresentativeReplayValidation:Win (AreaBattle.BattleView,AreaBattle.EditorTools.RepresentativeReplayValidation/Replay) (at Assets/AreaBattle/Editor/RepresentativeReplayValidation.cs:108)
AreaBattle.EditorTools.RepresentativeReplayValidation:Run () (at Assets/AreaBattle/Editor/RepresentativeReplayValidation.cs:141)
System.Reflection.RuntimeMethodInfo:Invoke (object,System.Reflection.BindingFlags,System.Reflection.Binder,object[],System.Globalization.CultureInfo)
System.Reflection.MethodBase:Invoke (object,object[])
AreaBattle.EditorTools.BattleBuild:ValidateIntegrated () (at Assets/AreaBattle/Editor/BattleBuild.cs:32)
AreaBattle.EditorTools.BattleBuild:ValidateMechanicsOnly () (at Assets/AreaBattle/Editor/BattleBuild.cs:18)

[Assets/AreaBattle/Scripts/RecoveredWayLineVisual.cs line 21]

Instantiating material due to calling renderer.material during edit mode. This will leak materials into the scene. You most likely want to use renderer.sharedMaterial instead.
UnityEngine.Debug:ExtractStackTraceNoAlloc (byte*,int,string)
UnityEngine.StackTraceUtility:ExtractStackTrace () (at /Users/bokken/build/output/unity/unity/Runtime/Export/Scripting/StackTrace.cs:35)
UnityEngine.Renderer:GetMaterial ()
UnityEngine.Renderer:get_material () (at /Users/bokken/build/output/unity/unity/Runtime/Export/Graphics/GraphicsRenderers.bindings.cs:180)
AreaBattle.RecoveredWayLineVisual:Initialize () (at Assets/AreaBattle/Scripts/RecoveredWayLineVisual.cs:33)
AreaBattle.RecoveredWayLineVisual:SetLine (UnityEngine.Vector3,UnityEngine.Vector3,UnityEngine.Color,UnityEngine.Color,bool,bool,single) (at Assets/AreaBattle/Scripts/RecoveredWayLineVisual.cs:56)
AreaBattle.RecoveredWayLineVisual:Synchronize (AreaBattle.LineState,AreaBattle.TowerState,AreaBattle.TowerState,UnityEngine.Color,UnityEngine.Color,single) (at Assets/AreaBattle/Scripts/RecoveredWayLineVisual.cs:46)
AreaBattle.RecoveredWayLineVisual:Synchronize (AreaBattle.LineState,AreaBattle.TowerState,AreaBattle.TowerState,single) (at Assets/AreaBattle/Scripts/RecoveredWayLineVisual.cs:21)
AreaBattle.BattleView:RefreshPresentation () (at Assets/AreaBattle/Scripts/BattleView.cs:566)
AreaBattle.BattleView:AdvanceFrame (single,single) (at Assets/AreaBattle/Scripts/BattleView.cs:374)
AreaBattle.EditorTools.RepresentativeReplayValidation:Advance (AreaBattle.BattleView,single) (at Assets/AreaBattle/Editor/RepresentativeReplayValidation.cs:102)
AreaBattle.EditorTools.RepresentativeReplayValidation:Win (AreaBattle.BattleView,AreaBattle.EditorTools.RepresentativeReplayValidation/Replay) (at Assets/AreaBattle/Editor/RepresentativeReplayValidation.cs:108)
AreaBattle.EditorTools.RepresentativeReplayValidation:Run () (at Assets/AreaBattle/Editor/RepresentativeReplayValidation.cs:141)
System.Reflection.RuntimeMethodInfo:Invoke (object,System.Reflection.BindingFlags,System.Reflection.Binder,object[],System.Globalization.CultureInfo)
System.Reflection.MethodBase:Invoke (object,object[])
AreaBattle.EditorTools.BattleBuild:ValidateIntegrated () (at Assets/AreaBattle/Editor/BattleBuild.cs:32)
AreaBattle.EditorTools.BattleBuild:ValidateMechanicsOnly () (at Assets/AreaBattle/Editor/BattleBuild.cs:18)

[Assets/AreaBattle/Scripts/RecoveredWayLineVisual.cs line 21]

Instantiating material due to calling renderer.material during edit mode. This will leak materials into the scene. You most likely want to use renderer.sharedMaterial instead.
UnityEngine.Debug:ExtractStackTraceNoAlloc (byte*,int,string)
UnityEngine.StackTraceUtility:ExtractStackTrace () (at /Users/bokken/build/output/unity/unity/Runtime/Export/Scripting/StackTrace.cs:35)
UnityEngine.Renderer:GetMaterial ()
UnityEngine.Renderer:get_material () (at /Users/bokken/build/output/unity/unity/Runtime/Export/Graphics/GraphicsRenderers.bindings.cs:180)
AreaBattle.RecoveredWayLineVisual:Initialize () (at Assets/AreaBattle/Scripts/RecoveredWayLineVisual.cs:33)
AreaBattle.RecoveredWayLineVisual:SetLine (UnityEngine.Vector3,UnityEngine.Vector3,UnityEngine.Color,UnityEngine.Color,bool,bool,single) (at Assets/AreaBattle/Scripts/RecoveredWayLineVisual.cs:56)
AreaBattle.RecoveredWayLineVisual:Synchronize (AreaBattle.LineState,AreaBattle.TowerState,AreaBattle.TowerState,UnityEngine.Color,UnityEngine.Color,single) (at Assets/AreaBattle/Scripts/RecoveredWayLineVisual.cs:46)
AreaBattle.RecoveredWayLineVisual:Synchronize (AreaBattle.LineState,AreaBattle.TowerState,AreaBattle.TowerState,single) (at Assets/AreaBattle/Scripts/RecoveredWayLineVisual.cs:21)
AreaBattle.BattleView:RefreshPresentation () (at Assets/AreaBattle/Scripts/BattleView.cs:566)
AreaBattle.BattleView:AdvanceFrame (single,single) (at Assets/AreaBattle/Scripts/BattleView.cs:374)
AreaBattle.EditorTools.RepresentativeReplayValidation:Advance (AreaBattle.BattleView,single) (at Assets/AreaBattle/Editor/RepresentativeReplayValidation.cs:102)
AreaBattle.EditorTools.RepresentativeReplayValidation:Win (AreaBattle.BattleView,AreaBattle.EditorTools.RepresentativeReplayValidation/Replay) (at Assets/AreaBattle/Editor/RepresentativeReplayValidation.cs:108)
AreaBattle.EditorTools.RepresentativeReplayValidation:Run () (at Assets/AreaBattle/Editor/RepresentativeReplayValidation.cs:141)
System.Reflection.RuntimeMethodInfo:Invoke (object,System.Reflection.BindingFlags,System.Reflection.Binder,object[],System.Globalization.CultureInfo)
System.Reflection.MethodBase:Invoke (object,object[])
AreaBattle.EditorTools.BattleBuild:ValidateIntegrated () (at Assets/AreaBattle/Editor/BattleBuild.cs:32)
AreaBattle.EditorTools.BattleBuild:ValidateMechanicsOnly () (at Assets/AreaBattle/Editor/BattleBuild.cs:18)

[Assets/AreaBattle/Scripts/RecoveredWayLineVisual.cs line 21]

Instantiating material due to calling renderer.material during edit mode. This will leak materials into the scene. You most likely want to use renderer.sharedMaterial instead.
UnityEngine.Debug:ExtractStackTraceNoAlloc (byte*,int,string)
UnityEngine.StackTraceUtility:ExtractStackTrace () (at /Users/bokken/build/output/unity/unity/Runtime/Export/Scripting/StackTrace.cs:35)
UnityEngine.Renderer:GetMaterial ()
UnityEngine.Renderer:get_material () (at /Users/bokken/build/output/unity/unity/Runtime/Export/Graphics/GraphicsRenderers.bindings.cs:180)
AreaBattle.RecoveredWayLineVisual:Initialize () (at Assets/AreaBattle/Scripts/RecoveredWayLineVisual.cs:33)
AreaBattle.RecoveredWayLineVisual:SetLine (UnityEngine.Vector3,UnityEngine.Vector3,UnityEngine.Color,UnityEngine.Color,bool,bool,single) (at Assets/AreaBattle/Scripts/RecoveredWayLineVisual.cs:56)
AreaBattle.RecoveredWayLineVisual:Synchronize (AreaBattle.LineState,AreaBattle.TowerState,AreaBattle.TowerState,UnityEngine.Color,UnityEngine.Color,single) (at Assets/AreaBattle/Scripts/RecoveredWayLineVisual.cs:46)
AreaBattle.RecoveredWayLineVisual:Synchronize (AreaBattle.LineState,AreaBattle.TowerState,AreaBattle.TowerState,single) (at Assets/AreaBattle/Scripts/RecoveredWayLineVisual.cs:21)
AreaBattle.BattleView:RefreshPresentation () (at Assets/AreaBattle/Scripts/BattleView.cs:566)
AreaBattle.BattleView:AdvanceFrame (single,single) (at Assets/AreaBattle/Scripts/BattleView.cs:374)
AreaBattle.EditorTools.RepresentativeReplayValidation:Advance (AreaBattle.BattleView,single) (at Assets/AreaBattle/Editor/RepresentativeReplayValidation.cs:102)
AreaBattle.EditorTools.RepresentativeReplayValidation:Win (AreaBattle.BattleView,AreaBattle.EditorTools.RepresentativeReplayValidation/Replay) (at Assets/AreaBattle/Editor/RepresentativeReplayValidation.cs:108)
AreaBattle.EditorTools.RepresentativeReplayValidation:Run () (at Assets/AreaBattle/Editor/RepresentativeReplayValidation.cs:141)
System.Reflection.RuntimeMethodInfo:Invoke (object,System.Reflection.BindingFlags,System.Reflection.Binder,object[],System.Globalization.CultureInfo)
System.Reflection.MethodBase:Invoke (object,object[])
AreaBattle.EditorTools.BattleBuild:ValidateIntegrated () (at Assets/AreaBattle/Editor/BattleBuild.cs:32)
AreaBattle.EditorTools.BattleBuild:ValidateMechanicsOnly () (at Assets/AreaBattle/Editor/BattleBuild.cs:18)

[Assets/AreaBattle/Scripts/RecoveredWayLineVisual.cs line 21]

Instantiating material due to calling renderer.material during edit mode. This will leak materials into the scene. You most likely want to use renderer.sharedMaterial instead.
UnityEngine.Debug:ExtractStackTraceNoAlloc (byte*,int,string)
UnityEngine.StackTraceUtility:ExtractStackTrace () (at /Users/bokken/build/output/unity/unity/Runtime/Export/Scripting/StackTrace.cs:35)
UnityEngine.Renderer:GetMaterial ()
UnityEngine.Renderer:get_material () (at /Users/bokken/build/output/unity/unity/Runtime/Export/Graphics/GraphicsRenderers.bindings.cs:180)
AreaBattle.RecoveredWayLineVisual:Initialize () (at Assets/AreaBattle/Scripts/RecoveredWayLineVisual.cs:33)
AreaBattle.RecoveredWayLineVisual:SetLine (UnityEngine.Vector3,UnityEngine.Vector3,UnityEngine.Color,UnityEngine.Color,bool,bool,single) (at Assets/AreaBattle/Scripts/RecoveredWayLineVisual.cs:56)
AreaBattle.RecoveredWayLineVisual:Synchronize (AreaBattle.LineState,AreaBattle.TowerState,AreaBattle.TowerState,UnityEngine.Color,UnityEngine.Color,single) (at Assets/AreaBattle/Scripts/RecoveredWayLineVisual.cs:46)
AreaBattle.RecoveredWayLineVisual:Synchronize (AreaBattle.LineState,AreaBattle.TowerState,AreaBattle.TowerState,single) (at Assets/AreaBattle/Scripts/RecoveredWayLineVisual.cs:21)
AreaBattle.BattleView:RefreshPresentation () (at Assets/AreaBattle/Scripts/BattleView.cs:566)
AreaBattle.BattleView:AdvanceFrame (single,single) (at Assets/AreaBattle/Scripts/BattleView.cs:374)
AreaBattle.EditorTools.RepresentativeReplayValidation:Advance (AreaBattle.BattleView,single) (at Assets/AreaBattle/Editor/RepresentativeReplayValidation.cs:102)
AreaBattle.EditorTools.RepresentativeReplayValidation:Win (AreaBattle.BattleView,AreaBattle.EditorTools.RepresentativeReplayValidation/Replay) (at Assets/AreaBattle/Editor/RepresentativeReplayValidation.cs:108)
AreaBattle.EditorTools.RepresentativeReplayValidation:Run () (at Assets/AreaBattle/Editor/RepresentativeReplayValidation.cs:141)
System.Reflection.RuntimeMethodInfo:Invoke (object,System.Reflection.BindingFlags,System.Reflection.Binder,object[],System.Globalization.CultureInfo)
System.Reflection.MethodBase:Invoke (object,object[])
AreaBattle.EditorTools.BattleBuild:ValidateIntegrated () (at Assets/AreaBattle/Editor/BattleBuild.cs:32)
AreaBattle.EditorTools.BattleBuild:ValidateMechanicsOnly () (at Assets/AreaBattle/Editor/BattleBuild.cs:18)

[Assets/AreaBattle/Scripts/RecoveredWayLineVisual.cs line 21]


=================================================================
	Native Crash Reporting
=================================================================
Got a segv while executing native code. This usually indicates
a fatal error in the mono runtime or one of the native libraries 
used by your application.
=================================================================

=================================================================
	Native stacktrace:
=================================================================
	0x1548c137c - /Applications/Unity6000.3.7f1/Unity-6000.3.7f1/Unity.app/Contents/Frameworks/libmonobdwgc-2.0.dylib : mono_dump_native_crash_info
	0x1548835fc - /Applications/Unity6000.3.7f1/Unity-6000.3.7f1/Unity.app/Contents/Frameworks/libmonobdwgc-2.0.dylib : mono_handle_native_crash
	0x15480be04 - /Applications/Unity6000.3.7f1/Unity-6000.3.7f1/Unity.app/Contents/Frameworks/libmonobdwgc-2.0.dylib : mono_sigsegv_signal_handler_debug
	0x18ed69764 - /usr/lib/system/libsystem_platform.dylib : _sigtramp
	0x104d6c30c - /Applications/Unity6000.3.7f1/Unity-6000.3.7f1/Unity.app/Contents/MacOS/Unity : _ZN9GfxDevice22DrawSharedGeometryJobsERK16DynamicVBOBufferjS2_j16GeometryJobFencePK16DrawBuffersRangemP17VertexDeclaration
	0x1048667fc - /Applications/Unity6000.3.7f1/Unity-6000.3.7f1/Unity.app/Contents/MacOS/Unity : _ZN8DrawUtil28DrawLineOrTrailFromNodeQueueIL21SpriteMaskInteraction0EEEvRK15RenderNodeQueuej16VertexInputMasksi
	0x10477e244 - /Applications/Unity6000.3.7f1/Unity-6000.3.7f1/Unity.app/Contents/MacOS/Unity : _ZN13BatchRenderer5FlushE15BatchBreakCause
	0x104782334 - /Applications/Unity6000.3.7f1/Unity-6000.3.7f1/Unity.app/Contents/MacOS/Unity : _ZL20ForwardRenderLoopJobPN21GfxDeviceAsyncCommand10ArgScratchEPKNS_3ArgE
	0x104d71070 - /Applications/Unity6000.3.7f1/Unity-6000.3.7f1/Unity.app/Contents/MacOS/Unity : _ZN9GfxDevice12ExecuteAsyncEiPFvPN21GfxDeviceAsyncCommand10ArgScratchEPKNS0_3ArgEEPS2_S5_RK8JobFence
	0x104781934 - /Applications/Unity6000.3.7f1/Unity-6000.3.7f1/Unity.app/Contents/MacOS/Unity : _ZN23ForwardShaderRenderLoop15StartRenderJobsER8JobFencebbR17ShaderPassContext
	0x10478331c - /Applications/Unity6000.3.7f1/Unity-6000.3.7f1/Unity.app/Contents/MacOS/Unity : _ZN23ForwardShaderRenderLoop16PerformRenderingER8JobFencePK11ActiveLightRK13ShadowJobDatabbbN6Camera10RenderFlagE
	0x104784634 - /Applications/Unity6000.3.7f1/Unity-6000.3.7f1/Unity.app/Contents/MacOS/Unity : _Z25DoForwardShaderRenderLoopRK17RenderLoopContextRN4core6vectorI16RenderObjectDataNS2_9allocatorIS4_Lm0EEEEERK11CullResultsbbbN6Camera10RenderFlagE
	0x104778d34 - /Applications/Unity6000.3.7f1/Unity-6000.3.7f1/Unity.app/Contents/MacOS/Unity : _Z12DoRenderLoopR10RenderLoop13RenderingPathR11CullResultsR14ShadowMapCache
	0x10469ee98 - /Applications/Unity6000.3.7f1/Unity-6000.3.7f1/Unity.app/Contents/MacOS/Unity : _ZN6Camera17MultiCustomRenderER11CullResultsPKPNS_21PerformRenderFunctionEmb
	0x10469f15c - /Applications/Unity6000.3.7f1/Unity-6000.3.7f1/Unity.app/Contents/MacOS/Unity : _ZN6Camera8DoRenderER11CullResultsNS_10RenderFlagEPNS_21PerformRenderFunctionE
	0x1046a1388 - /Applications/Unity6000.3.7f1/Unity-6000.3.7f1/Unity.app/Contents/MacOS/Unity : _ZN6Camera12CustomRenderER11CullResultsR17ShaderPassContextPK21CameraRenderingParamsNS_10RenderFlagEPNS_21PerformRenderFunctionEPFvvESB_
	0x10469fe9c - /Applications/Unity6000.3.7f1/Unity-6000.3.7f1/Unity.app/Contents/MacOS/Unity : _ZN6Camera22StandaloneCustomRenderENS_10RenderFlagEP6ShaderRKN4core12basic_stringIcNS3_20StringStorageDefaultIcEEEEPNS_21PerformRenderFunctionE18ScriptingObjectPtr
	0x1046b1540 - /Applications/Unity6000.3.7f1/Unity-6000.3.7f1/Unity.app/Contents/MacOS/Unity : _ZN15CameraScripting6RenderEP6Camera
	0x16c9e41f0 - Unknown
	0x16c9e4108 - Unknown
	0x16c9e3ac0 - Unknown
	0x16c9de344 - Unknown
	0x160554868 - Unknown
	0x15480f0d8 - /Applications/Unity6000.3.7f1/Unity-6000.3.7f1/Unity.app/Contents/Frameworks/libmonobdwgc-2.0.dylib : mono_jit_runtime_invoke
	0x154994b64 - /Applications/Unity6000.3.7f1/Unity-6000.3.7f1/Unity.app/Contents/Frameworks/libmonobdwgc-2.0.dylib : do_runtime_invoke
	0x154998224 - /Applications/Unity6000.3.7f1/Unity-6000.3.7f1/Unity.app/Contents/Frameworks/libmonobdwgc-2.0.dylib : mono_runtime_try_invoke_array
	0x1549432a8 - /Applications/Unity6000.3.7f1/Unity-6000.3.7f1/Unity.app/Contents/Frameworks/libmonobdwgc-2.0.dylib : ves_icall_InternalInvoke
	0x154953cfc - /Applications/Unity6000.3.7f1/Unity-6000.3.7f1/Unity.app/Contents/Frameworks/libmonobdwgc-2.0.dylib : ves_icall_InternalInvoke_raw
	0x158755888 - Unknown
	0x158754ef0 - Unknown
	0x158754df4 - Unknown
	0x15aaed548 - Unknown
	0x15aae091c - Unknown
	0x1594a3c00 - Unknown
	0x15480f0d8 - /Applications/Unity6000.3.7f1/Unity-6000.3.7f1/Unity.app/Contents/Frameworks/libmonobdwgc-2.0.dylib : mono_jit_runtime_invoke
	0x154994b64 - /Applications/Unity6000.3.7f1/Unity-6000.3.7f1/Unity.app/Contents/Frameworks/libmonobdwgc-2.0.dylib : do_runtime_invoke
	0x154994aa4 - /Applications/Unity6000.3.7f1/Unity-6000.3.7f1/Unity.app/Contents/Frameworks/libmonobdwgc-2.0.dylib : mono_runtime_invoke
	0x104e92bc4 - /Applications/Unity6000.3.7f1/Unity-6000.3.7f1/Unity.app/Contents/MacOS/Unity : _Z23scripting_method_invoke18ScriptingMethodPtr18ScriptingObjectPtrR18ScriptingArgumentsP21ScriptingExceptionPtrb
	0x104e69138 - /Applications/Unity6000.3.7f1/Unity-6000.3.7f1/Unity.app/Contents/MacOS/Unity : _ZN19ScriptingInvocation6InvokeEP21ScriptingExceptionPtrb
	0x105f35634 - /Applications/Unity6000.3.7f1/Unity-6000.3.7f1/Unity.app/Contents/MacOS/Unity : _ZN11Application17ParseARGVCommandsEv
	0x105f34938 - /Applications/Unity6000.3.7f1/Unity-6000.3.7f1/Unity.app/Contents/MacOS/Unity : _ZN11Application20FinishLoadingProjectEv
	0x1073773c0 - /Applications/Unity6000.3.7f1/Unity-6000.3.7f1/Unity.app/Contents/MacOS/Unity : _Z14NoGraphicsMainv
	0x107377b5c - /Applications/Unity6000.3.7f1/Unity-6000.3.7f1/Unity.app/Contents/MacOS/Unity : _Z10EditorMainiPPKc
	0x107377e2c - /Applications/Unity6000.3.7f1/Unity-6000.3.7f1/Unity.app/Contents/MacOS/Unity : main
	0x18e995d54 - /usr/lib/dyld : start

=================================================================
	Telemetry Dumper:
=================================================================
Pkilling 0x6168948736x from 0x8506192128x
Pkilling 0x6120534016x from 0x8506192128x
Pkilling 0x6160363520x from 0x8506192128x
Pkilling 0x6171095040x from 0x8506192128x
Pkilling 0x6148485120x from 0x8506192128x
Pkilling 0x6162509824x from 0x8506192128x
Pkilling 0x6176534528x from 0x8506192128x
Pkilling 0x6121107456x from 0x8506192128x
Pkilling 0x6173241344x from 0x8506192128x
Pkilling 0x6150631424x from 0x8506192128x
Pkilling 0x6164656128x from 0x8506192128x
Pkilling 0x6175387648x from 0x8506192128x
Pkilling 0x6156070912x from 0x8506192128x
Pkilling 0x6166802432x from 0x8506192128x
Pkilling 0x6158217216x from 0x8506192128x
Entering thread summarizer pause from 0x8506192128x
Finished thread summarizer pause from 0x8506192128x.
Failed to create breadcrumb file (null)/crash_hash_0xa6b7a6100
debugger-agent: Unable to listen on 42

Waiting for dumping threads to resume

=================================================================
	External Debugger Dump:
=================================================================

=================================================================
	Basic Fault Address Reporting
=================================================================
Memory around native instruction pointer (0x104d6c318):0x104d6c308  00 01 3f d6 28 03 40 f9 a8 83 18 f8 ba 03 18 b8  ..?.(.@.........
0x104d6c318  68 22 40 39 b8 c3 16 b8 68 00 08 37 38 00 80 52  h"@9....h..78..R
0x104d6c328  0a 00 00 14 a8 02 40 f9 08 7d 41 f9 e0 03 15 aa  ......@..}A.....
0x104d6c338  01 00 80 52 00 01 3f d6 a0 03 19 f8 08 20 40 b9  ...R..?...... @.

=================================================================
	Managed Stacktrace:
=================================================================
	  at <unknown> <0xffffffff>
	  at UnityEngine.Camera:Render_Injected <0x00007>
	  at UnityEngine.Camera:Render <0x0006f>
	  at AreaBattle.EditorTools.BattleBuild:Capture <0x0011f>
	  at AreaBattle.EditorTools.RepresentativeReplayValidation:Run <0x011ab>
	  at <Module>:runtime_invoke_object <0x000c7>
	  at <unknown> <0xffffffff>
	  at System.Reflection.RuntimeMethodInfo:InternalInvoke <0x00007>
	  at System.Reflection.RuntimeMethodInfo:Invoke <0x000e7>
	  at System.Reflection.MethodBase:Invoke <0x0003b>
	  at AreaBattle.EditorTools.BattleBuild:ValidateIntegrated <0x00af7>
	  at AreaBattle.EditorTools.BattleBuild:ValidateMechanicsOnly <0x0001b>
	  at System.Object:runtime_invoke_void <0x00067>
=================================================================
Obtained 41 stack frames.
#0  0x00000104d6c318 in GfxDevice::DrawSharedGeometryJobs(DynamicVBOBuffer const&, unsigned int, DynamicVBOBuffer const&, unsigned int, GeometryJobFence, DrawBuffersRange const*, unsigned long, VertexDeclaration*)
#1  0x000001048667fc in void DrawUtil::DrawLineOrTrailFromNodeQueue<(SpriteMaskInteraction)0>(RenderNodeQueue const&, unsigned int, VertexInputMasks, int)
#2  0x0000010477e244 in BatchRenderer::Flush(BatchBreakCause)
#3  0x00000104782334 in ForwardRenderLoopJob(GfxDeviceAsyncCommand::ArgScratch*, GfxDeviceAsyncCommand::Arg const*)
#4  0x00000104d71070 in GfxDevice::ExecuteAsync(int, void (*)(GfxDeviceAsyncCommand::ArgScratch*, GfxDeviceAsyncCommand::Arg const*), GfxDeviceAsyncCommand::ArgScratch**, GfxDeviceAsyncCommand::Arg const*, JobFence const&)
#5  0x00000104781934 in ForwardShaderRenderLoop::StartRenderJobs(JobFence&, bool, bool, ShaderPassContext&)
#6  0x0000010478331c in ForwardShaderRenderLoop::PerformRendering(JobFence&, ActiveLight const*, ShadowJobData const&, bool, bool, bool, Camera::RenderFlag)
#7  0x00000104784634 in DoForwardShaderRenderLoop(RenderLoopContext const&, core::vector<RenderObjectData, core::allocator<RenderObjectData, 0ul>>&, CullResults const&, bool, bool, bool, Camera::RenderFlag)
#8  0x00000104778d34 in DoRenderLoop(RenderLoop&, RenderingPath, CullResults&, ShadowMapCache&)
#9  0x0000010469ee98 in Camera::MultiCustomRender(CullResults&, Camera::PerformRenderFunction* const*, unsigned long, bool)
#10 0x0000010469f15c in Camera::DoRender(CullResults&, Camera::RenderFlag, Camera::PerformRenderFunction*)
#11 0x000001046a1388 in Camera::CustomRender(CullResults&, ShaderPassContext&, CameraRenderingParams const*, Camera::RenderFlag, Camera::PerformRenderFunction*, void (*)(), void (*)())
#12 0x0000010469fe9c in Camera::StandaloneCustomRender(Camera::RenderFlag, Shader*, core::basic_string<char, core::StringStorageDefault<char>> const&, Camera::PerformRenderFunction*, ScriptingObjectPtr)
#13 0x000001046b1540 in CameraScripting::Render(Camera*)
#14 0x0000016c9e41f0 in  (wrapper managed-to-native) UnityEngine.Camera:Render_Injected (intptr) [{0x76a59d098} + 0x60]  (0x16c9e4190 0x16c9e4244) [0x151dc2a80 - Unity Child Domain]
#15 0x0000016c9e4108 in  UnityEngine.Camera:Render () [{0x767cd4d20} + 0x70]  (0x16c9e4098 0x16c9e411c) [0x151dc2a80 - Unity Child Domain]
#16 0x0000016c9e3ac0 in  AreaBattle.EditorTools.BattleBuild:Capture (AreaBattle.BattleView,string) [{0x76895f4f0} + 0x120] [/private/tmp/areabattle-validation-20261003/UnityProject/Assets/AreaBattle/Editor/BattleBuild.cs :: 181u] (0x16c9e39a0 0x16c9e3d04) [0x151dc2a80 - Unity Child Domain]
#17 0x0000016c9de344 in  AreaBattle.EditorTools.RepresentativeReplayValidation:Run () [{0x76a6f6210} + 0x11ac] [/private/tmp/areabattle-validation-20261003/UnityProject/Assets/AreaBattle/Editor/RepresentativeReplayValidation.cs :: 147u] (0x16c9dd198 0x16c9df4ac) [0x151dc2a80 - Unity Child Domain]
#18 0x00000160554868 in  (wrapper runtime-invoke) <Module>:runtime_invoke_object (object,intptr,intptr,intptr) [{0x7668d2c78} + 0xc8]  (0x1605547a0 0x1605548a4) [0x151dc2a80 - Unity Child Domain]
#19 0x0000015480f0d8 in mono_jit_runtime_invoke
#20 0x00000154994b64 in do_runtime_invoke
#21 0x00000154998224 in mono_runtime_try_invoke_array
#22 0x000001549432a8 in ves_icall_InternalInvoke
#23 0x00000154953cfc in ves_icall_InternalInvoke_raw
#24 0x00000158755888 in  (wrapper managed-to-native) System.Reflection.RuntimeMethodInfo:InternalInvoke (System.Reflection.RuntimeMethodInfo,object,object[],System.Exception&) [{0x767bd8a58} + 0x88]  (0x158755800 0x158755920) [0x151dc2a80 - Unity Child Domain]
#25 0x00000158754ef0 in  System.Reflection.RuntimeMethodInfo:Invoke (object,System.Reflection.BindingFlags,System.Reflection.Binder,object[],System.Globalization.CultureInfo) [{0x7656742a0} + 0xe8]  (0x158754e08 0x158754ff0) [0x151dc2a80 - Unity Child Domain]
#26 0x00000158754df4 in  System.Reflection.MethodBase:Invoke (object,object[]) [{0x76566a848} + 0x3c]  (0x158754db8 0x158754e04) [0x151dc2a80 - Unity Child Domain]
#27 0x0000015aaed548 in  AreaBattle.EditorTools.BattleBuild:ValidateIntegrated () [{0x76895f3b0} + 0xaf8] [/private/tmp/areabattle-validation-20261003/UnityProject/Assets/AreaBattle/Editor/BattleBuild.cs :: 32u] (0x15aaeca50 0x15aaed64c) [0x151dc2a80 - Unity Child Domain]
#28 0x0000015aae091c in  AreaBattle.EditorTools.BattleBuild:ValidateMechanicsOnly () [{0x76895f388} + 0x1c] [/private/tmp/areabattle-validation-20261003/UnityProject/Assets/AreaBattle/Editor/BattleBuild.cs :: 18u] (0x15aae0900 0x15aae0a14) [0x151dc2a80 - Unity Child Domain]
#29 0x000001594a3c00 in  (wrapper runtime-invoke) object:runtime_invoke_void (object,intptr,intptr,intptr) [{0x767276428} + 0x68]  (0x1594a3b98 0x1594a3c94) [0x151dc2a80 - Unity Child Domain]
#30 0x0000015480f0d8 in mono_jit_runtime_invoke
#31 0x00000154994b64 in do_runtime_invoke
#32 0x00000154994aa4 in mono_runtime_invoke
#33 0x00000104e92bc4 in scripting_method_invoke(ScriptingMethodPtr, ScriptingObjectPtr, ScriptingArguments&, ScriptingExceptionPtr*, bool)
#34 0x00000104e69138 in ScriptingInvocation::Invoke(ScriptingExceptionPtr*, bool)
#35 0x00000105f35634 in Application::ParseARGVCommands()
#36 0x00000105f34938 in Application::FinishLoadingProject()
#37 0x000001073773c0 in NoGraphicsMain()
#38 0x00000107377b5c in EditorMain(int, char const**)
#39 0x00000107377e2c in main
#40 0x0000018e995d54 in start
[40m[32minfo[39m[22m[49m: Microsoft.Hosting.Lifetime[0]
      Application is shutting down...
