Unity Editor version:    6000.3.7f1 (696ec25a53d1)
Branch:                  6000.3/staging
Build type:              Release
Batch mode:              YES
macOS version:           Version 26.3.1 (a) (Build 25D771280a)
Darwin version:          25.3.0
Architecture:            arm64
Running under Rosetta:   NO
Available memory:        32768 MB
Date:                    2026-10-03T15:39:47Z
[Licensing::Module] Trying to connect to existing licensing client channel...
[Licensing::IpcConnector] Successfully connected to: "LicenseClient-mt" at "2026-10-03T15:39:47.878228Z"
Launching external process: /Applications/Unity6000.3.7f1/Unity-6000.3.7f1/Unity.app/Contents/Resources/PackageManager/Server/UnityPackageManager

COMMAND LINE ARGUMENTS:
/Applications/Unity6000.3.7f1/Unity-6000.3.7f1/Unity.app/Contents/MacOS/Unity
-batchmode
-quit
-projectPath
/private/tmp/areabattle-validation-20261003/UnityProject
-executeMethod
AreaBattle.EditorTools.BattleBuild.ValidateMechanicsOnly
-logFile
/private/tmp/areabattle-validation-20261003/analysis/rank-transmitter-integrated.log
Successfully changed project path to: /private/tmp/areabattle-validation-20261003/UnityProject
/private/tmp/areabattle-validation-20261003/UnityProject
[UnityMemory] Configuration Parameters - Can be set up in boot.config
    "memorysetup-allocator-temp-initial-block-size-main=262144"
    "memorysetup-allocator-temp-initial-block-size-worker=262144"
    "memorysetup-temp-allocator-size-background-worker=32768"
    "memorysetup-temp-allocator-size-job-worker=262144"
    "memorysetup-temp-allocator-size-preload-manager=33554432"
    "memorysetup-temp-allocator-size-nav-mesh-worker=65536"
    "memorysetup-temp-allocator-size-audio-worker=65536"
    "memorysetup-temp-allocator-size-cloud-worker=32768"
    "memorysetup-bucket-allocator-granularity=16"
    "memorysetup-bucket-allocator-bucket-count=8"
    "memorysetup-bucket-allocator-block-size=33554432"
    "memorysetup-bucket-allocator-block-count=8"
    "memorysetup-main-allocator-block-size=16777216"
    "memorysetup-thread-allocator-block-size=16777216"
    "memorysetup-gfx-main-allocator-block-size=16777216"
    "memorysetup-gfx-thread-allocator-block-size=16777216"
    "memorysetup-cache-allocator-block-size=4194304"
    "memorysetup-typetree-allocator-block-size=2097152"
    "memorysetup-profiler-bucket-allocator-granularity=16"
    "memorysetup-profiler-bucket-allocator-bucket-count=8"
    "memorysetup-profiler-bucket-allocator-block-size=33554432"
    "memorysetup-profiler-bucket-allocator-block-count=8"
    "memorysetup-profiler-allocator-block-size=16777216"
    "memorysetup-profiler-editor-allocator-block-size=1048576"
    "memorysetup-temp-allocator-size-main=16777216"
    "memorysetup-job-temp-allocator-block-size=2097152"
    "memorysetup-job-temp-allocator-block-size-background=1048576"
    "memorysetup-job-temp-allocator-reduction-small-platforms=262144"
    "memorysetup-temp-allocator-size-gi-baking-worker=262144"
    "memorysetup-temp-allocator-size-gi-baking-worker=262144"
    "memorysetup-temp-allocator-size-gi-baking-worker=262144"
    "memorysetup-temp-allocator-size-gi-baking-worker=262144"
    "memorysetup-temp-allocator-size-gi-baking-worker=262144"
    "memorysetup-temp-allocator-size-gfx=262144"
Player connection [8506192128]  Target information:

Player connection [8506192128]  * "[IP] 192.168.0.136 [Port] 55506 [Flags] 2 [Guid] 2835779770 [EditorId] 2835779770 [Version] 1048832 [Id] OSXEditor(0,mtdeMacBook-Pro.local) [Debug] 1 [PackageName] OSXEditor [ProjectName] Editor" 

Player connection [8506192128]  * "[IP] 172.16.224.144 [Port] 55506 [Flags] 2 [Guid] 2835779770 [EditorId] 2835779770 [Version] 1048832 [Id] OSXEditor(0,mtdeMacBook-Pro.local) [Debug] 1 [PackageName] OSXEditor [ProjectName] Editor" 

Player connection [8506192128] Host joined multi-casting on [225.0.0.222:54997]...
Player connection [8506192128] Host joined alternative multi-casting on [225.0.0.222:34997]...
Input System module state changed to: Initialized.
[Physics::Module] Initialized fallback backend.
[Physics::Module] Id: 0xdecafbad
[Package Manager] Connected to IPC stream "Upm-70359" after 0.1 seconds.
[Licensing::Module] Licensing is not yet initialized.
[Licensing::Client] Code 0 while verifying Licensing Client signature (process Id: 75619, path: "/Applications/Unity6000.3.7f1/Unity-6000.3.7f1/Unity.app/Contents/Helpers/UnityLicensingClient.app/Contents/MacOS/Unity.Licensing.Client")
[Licensing::Module] LicensingClient has failed validation; ignoring
[Licensing::Client] Handshaking with LicensingClient:
  Version:                 1.17.4+4293ba1
  Session Id:              808701a1c084462e90c44ccc07a3a7c4
  Correlation Id:          5590b3a76bba764bac1a831184dbb7b5
  External correlation Id: 4940858487580173136
  Machine Id:              TkagbQsjfXQmspsXe7+0nD9Nk6Q=
[Licensing::Module] Successfully connected to LicensingClient on channel: "LicenseClient-mt" (connect: 0.00s, validation: 0.00s, handshake: 0.29s)
[Licensing::IpcConnector] Successfully connected to: "LicenseClient-mt-notifications" at "2026-10-03T15:39:48.170298Z"
[Licensing::Module] Error: Access token is unavailable; failed to update
[Licensing::Client] Successfully resolved entitlement details
[Licensing::Module] License group:
  Id: 00-0000-0000-0000-0000-XXXX
  Product: Unity Pro
  Type: ULF
  Expiration: Unlimited
[Licensing::Client] Successfully updated license, isAsync: True, time: 0.00
[Licensing::Client] Successfully resolved entitlement details
[Licensing::Module] Licensing Background thread has ended after 0.30s
[Licensing::Module] Licensing is initialized (took 0.06s).
[Licensing::Client] Successfully resolved entitlement details
Library Redirect Path: Library/
[Physics::Module] Selected backend.
[Physics::Module] Name: PhysX
[Physics::Module] Id: 0xf2b8ea05
[Physics::Module] SDK Version: 4.1.2
[Physics::Module] Integration Version: 1.0.0
[Physics::Module] Threading Mode: Multi-Threaded
Refreshing native plugins compatible for Editor in 0.00 ms, found 0 plugins.
Preloading 0 native plugins for Editor in 0.00 ms.
Initialize engine version: 6000.3.7f1 (696ec25a53d1)
[Subsystems] Discovering subsystems at path /Applications/Unity6000.3.7f1/Unity-6000.3.7f1/Unity.app/Contents/Resources/UnitySubsystems
[Subsystems] Discovering subsystems at path /private/tmp/areabattle-validation-20261003/UnityProject/Assets
GfxDevice: creating device client; kGfxThreadingModeNonThreaded
 preferred device: Apple M2 Pro (high power)
Metal devices available: 1
0: Apple M2 Pro (high power)
Using device Apple M2 Pro (high power)
Initializing Metal device caps: Apple M2 Pro
Mac GPU Family: 2
Apple GPU Family: 8
MSL Version: 3.0
Has Float MSAA: 1
Has Float Filtering: 1
ReadWrite Texture Tier: 2
Initialize mono
Mono path[0] = '/Applications/Unity6000.3.7f1/Unity-6000.3.7f1/Unity.app/Contents/Resources/Scripting/Managed'
Mono path[1] = '/Applications/Unity6000.3.7f1/Unity-6000.3.7f1/Unity.app/Contents/Resources/Scripting/MonoBleedingEdge/lib/mono/unityjit-macos'
Mono config path = '/Applications/Unity6000.3.7f1/Unity-6000.3.7f1/Unity.app/Contents/Resources/Scripting/MonoBleedingEdge/etc'
Using monoOptions --debugger-agent=transport=dt_socket,embedding=1,server=y,suspend=n,address=127.0.0.1:56359
Using cacheserver namespaces - metadata:defaultmetadata, artifacts:defaultartifacts
Using cacheserver namespaces - metadata:defaultmetadata, artifacts:defaultartifacts
ImportWorker Server TCP listen port: 0
AcceleratorClientConnectionCallback - disconnected - :0
Begin MonoManager ReloadAssembly
Registering precompiled unity dll's ...
Register platform support module: /Applications/Unity6000.3.7f1/Unity-6000.3.7f1/Unity.app/Contents/PlaybackEngines/MacStandaloneSupport/UnityEditor.OSXStandalone.Extensions.dll
[Licensing::Client] Successfully resolved entitlement details
Register platform support module: /Applications/Unity6000.3.7f1/Unity-6000.3.7f1/PlaybackEngines/AndroidPlayer/UnityEditor.Android.Extensions.dll
[Licensing::Client] Successfully resolved entitlement details
Register platform support module: /Applications/Unity6000.3.7f1/Unity-6000.3.7f1/PlaybackEngines/iOSSupport/UnityEditor.iOS.Extensions.dll
Registered in 0.004678 seconds.
- Loaded All Assemblies, in  0.270 seconds
[usbmuxd] Start listen thread
[usbmuxd] Listen thread started
[usbmuxd] Send listen message
Native extension for iOS target not found
Native extension for Android target not found
Native extension for OSXStandalone target not found
ScheduleIndexationOnStartup MainProcess:False IndexOnStartup:False
Mono: successfully reloaded assembly
- Finished resetting the current domain, in  0.305 seconds
Domain Reload Profiling: 574ms
	BeginReloadAssembly (90ms)
		ExecutionOrderSort (0ms)
		DisableScriptedObjects (0ms)
		BackupInstance (0ms)
		ReleaseScriptingObjects (0ms)
		CreateAndSetChildDomain (19ms)
	RebuildCommonClasses (24ms)
	RebuildNativeTypeToScriptingClass (9ms)
	initialDomainReloadingComplete (29ms)
	LoadAllAssembliesAndSetupDomain (117ms)
		LoadAssemblies (71ms)
		RebuildTransferFunctionScriptingTraits (0ms)
		AnalyzeDomain (115ms)
			TypeCache.Refresh (114ms)
				TypeCache.ScanAssembly (102ms)
			BuildScriptInfoCaches (0ms)
			ResolveRequiredComponents (0ms)
	FinalizeReload (305ms)
		ReleaseScriptCaches (0ms)
		RebuildScriptCaches (0ms)
		SetupLoadedEditorAssemblies (277ms)
			LogAssemblyErrors (0ms)
			InitializePlatformSupportModulesInManaged (73ms)
			SetLoadedEditorAssemblies (3ms)
			BeforeProcessingInitializeOnLoad (61ms)
			ProcessInitializeOnLoadAttributes (89ms)
			ProcessInitializeOnLoadMethodAttributes (51ms)
			AfterProcessingInitializeOnLoad (0ms)
			EditorAssembliesLoaded (0ms)
		ExecutionOrderSort2 (0ms)
		AwakeInstancesAfterBackupRestoration (0ms)
[Licensing::Client] Successfully resolved entitlement details
Application.AssetDatabase Initial Refresh Start
Package Manager log level set to [2]
[Package Manager] Restoring resolved packages state from cache
[Licensing::Client] Successfully resolved entitlement details
[Package Manager] Registered 38 packages:
  Built-in packages:
    com.unity.multiplayer.center@1.0.1 (location: /private/tmp/areabattle-validation-20261003/UnityProject/Library/PackageCache/com.unity.multiplayer.center@f01f4ba8d00a)
    com.unity.ugui@2.0.0 (location: /private/tmp/areabattle-validation-20261003/UnityProject/Library/PackageCache/com.unity.ugui@11343a6274f3)
    com.unity.modules.accessibility@1.0.0 (location: /private/tmp/areabattle-validation-20261003/UnityProject/Library/PackageCache/com.unity.modules.accessibility)
    com.unity.modules.adaptiveperformance@1.0.0 (location: /private/tmp/areabattle-validation-20261003/UnityProject/Library/PackageCache/com.unity.modules.adaptiveperformance)
    com.unity.modules.ai@1.0.0 (location: /private/tmp/areabattle-validation-20261003/UnityProject/Library/PackageCache/com.unity.modules.ai)
    com.unity.modules.androidjni@1.0.0 (location: /private/tmp/areabattle-validation-20261003/UnityProject/Library/PackageCache/com.unity.modules.androidjni)
    com.unity.modules.animation@1.0.0 (location: /private/tmp/areabattle-validation-20261003/UnityProject/Library/PackageCache/com.unity.modules.animation)
    com.unity.modules.assetbundle@1.0.0 (location: /private/tmp/areabattle-validation-20261003/UnityProject/Library/PackageCache/com.unity.modules.assetbundle)
    com.unity.modules.audio@1.0.0 (location: /private/tmp/areabattle-validation-20261003/UnityProject/Library/PackageCache/com.unity.modules.audio)
    com.unity.modules.cloth@1.0.0 (location: /private/tmp/areabattle-validation-20261003/UnityProject/Library/PackageCache/com.unity.modules.cloth)
    com.unity.modules.director@1.0.0 (location: /private/tmp/areabattle-validation-20261003/UnityProject/Library/PackageCache/com.unity.modules.director)
    com.unity.modules.imageconversion@1.0.0 (location: /private/tmp/areabattle-validation-20261003/UnityProject/Library/PackageCache/com.unity.modules.imageconversion)
    com.unity.modules.imgui@1.0.0 (location: /private/tmp/areabattle-validation-20261003/UnityProject/Library/PackageCache/com.unity.modules.imgui)
    com.unity.modules.jsonserialize@1.0.0 (location: /private/tmp/areabattle-validation-20261003/UnityProject/Library/PackageCache/com.unity.modules.jsonserialize)
    com.unity.modules.particlesystem@1.0.0 (location: /private/tmp/areabattle-validation-20261003/UnityProject/Library/PackageCache/com.unity.modules.particlesystem)
    com.unity.modules.physics@1.0.0 (location: /private/tmp/areabattle-validation-20261003/UnityProject/Library/PackageCache/com.unity.modules.physics)
    com.unity.modules.physics2d@1.0.0 (location: /private/tmp/areabattle-validation-20261003/UnityProject/Library/PackageCache/com.unity.modules.physics2d)
    com.unity.modules.screencapture@1.0.0 (location: /private/tmp/areabattle-validation-20261003/UnityProject/Library/PackageCache/com.unity.modules.screencapture)
    com.unity.modules.terrain@1.0.0 (location: /private/tmp/areabattle-validation-20261003/UnityProject/Library/PackageCache/com.unity.modules.terrain)
    com.unity.modules.terrainphysics@1.0.0 (location: /private/tmp/areabattle-validation-20261003/UnityProject/Library/PackageCache/com.unity.modules.terrainphysics)
    com.unity.modules.tilemap@1.0.0 (location: /private/tmp/areabattle-validation-20261003/UnityProject/Library/PackageCache/com.unity.modules.tilemap)
    com.unity.modules.ui@1.0.0 (location: /private/tmp/areabattle-validation-20261003/UnityProject/Library/PackageCache/com.unity.modules.ui)
    com.unity.modules.uielements@1.0.0 (location: /private/tmp/areabattle-validation-20261003/UnityProject/Library/PackageCache/com.unity.modules.uielements)
    com.unity.modules.umbra@1.0.0 (location: /private/tmp/areabattle-validation-20261003/UnityProject/Library/PackageCache/com.unity.modules.umbra)
    com.unity.modules.unityanalytics@1.0.0 (location: /private/tmp/areabattle-validation-20261003/UnityProject/Library/PackageCache/com.unity.modules.unityanalytics)
    com.unity.modules.unitywebrequest@1.0.0 (location: /private/tmp/areabattle-validation-20261003/UnityProject/Library/PackageCache/com.unity.modules.unitywebrequest)
    com.unity.modules.unitywebrequestassetbundle@1.0.0 (location: /private/tmp/areabattle-validation-20261003/UnityProject/Library/PackageCache/com.unity.modules.unitywebrequestassetbundle)
    com.unity.modules.unitywebrequestaudio@1.0.0 (location: /private/tmp/areabattle-validation-20261003/UnityProject/Library/PackageCache/com.unity.modules.unitywebrequestaudio)
    com.unity.modules.unitywebrequesttexture@1.0.0 (location: /private/tmp/areabattle-validation-20261003/UnityProject/Library/PackageCache/com.unity.modules.unitywebrequesttexture)
    com.unity.modules.unitywebrequestwww@1.0.0 (location: /private/tmp/areabattle-validation-20261003/UnityProject/Library/PackageCache/com.unity.modules.unitywebrequestwww)
    com.unity.modules.vectorgraphics@1.0.0 (location: /private/tmp/areabattle-validation-20261003/UnityProject/Library/PackageCache/com.unity.modules.vectorgraphics)
    com.unity.modules.vehicles@1.0.0 (location: /private/tmp/areabattle-validation-20261003/UnityProject/Library/PackageCache/com.unity.modules.vehicles)
    com.unity.modules.video@1.0.0 (location: /private/tmp/areabattle-validation-20261003/UnityProject/Library/PackageCache/com.unity.modules.video)
    com.unity.modules.vr@1.0.0 (location: /private/tmp/areabattle-validation-20261003/UnityProject/Library/PackageCache/com.unity.modules.vr)
    com.unity.modules.wind@1.0.0 (location: /private/tmp/areabattle-validation-20261003/UnityProject/Library/PackageCache/com.unity.modules.wind)
    com.unity.modules.xr@1.0.0 (location: /private/tmp/areabattle-validation-20261003/UnityProject/Library/PackageCache/com.unity.modules.xr)
    com.unity.modules.subsystems@1.0.0 (location: /private/tmp/areabattle-validation-20261003/UnityProject/Library/PackageCache/com.unity.modules.subsystems)
    com.unity.modules.hierarchycore@1.0.0 (location: /private/tmp/areabattle-validation-20261003/UnityProject/Library/PackageCache/com.unity.modules.hierarchycore)
[Subsystems] No new subsystems found in resolved package list.
[Package Manager] Done registering packages in 0.01 seconds
[ScriptCompilation] Requested script compilation because: Assetdatabase observed changes in script compilation related files
[40m[32minfo[39m[22m[49m: Microsoft.Hosting.Lifetime[14]
      Now listening on: http://unix:/tmp/ilpp.sock-b4295128722492fe3148b2072c065e13
[40m[32minfo[39m[22m[49m: Microsoft.Hosting.Lifetime[0]
      Application started. Press Ctrl+C to shut down.
[40m[32minfo[39m[22m[49m: Microsoft.Hosting.Lifetime[0]
      Hosting environment: Production
[40m[32minfo[39m[22m[49m: Microsoft.Hosting.Lifetime[0]
      Content root path: /private/tmp/areabattle-validation-20261003/UnityProject/
[40m[32minfo[39m[22m[49m: Microsoft.AspNetCore.Hosting.Diagnostics[1]
      Request starting HTTP/2 POST http://ilpp/UnityILPP.PostProcessing/Ping application/grpc -
[40m[32minfo[39m[22m[49m: Microsoft.AspNetCore.Routing.EndpointMiddleware[0]
      Executing endpoint 'gRPC - /UnityILPP.PostProcessing/Ping'
[40m[32minfo[39m[22m[49m: Microsoft.AspNetCore.Routing.EndpointMiddleware[1]
      Executed endpoint 'gRPC - /UnityILPP.PostProcessing/Ping'
[40m[32minfo[39m[22m[49m: Microsoft.AspNetCore.Hosting.Diagnostics[2]
      Request finished HTTP/2 POST http://ilpp/UnityILPP.PostProcessing/Ping application/grpc - - 200 - application/grpc 24.7536ms
Starting: /Applications/Unity6000.3.7f1/Unity-6000.3.7f1/Unity.app/Contents/Resources/BuildPipeline/bee_backend --ipc --defer-dag-verification --dagfile="Library/Bee/200b0aE.dag" --continue-on-failure --profile="Library/Bee/backend1.traceevents" ScriptAssemblies
WorkingDir: /private/tmp/areabattle-validation-20261003/UnityProject
DisplayProgressbar: Compiling Scripts
ExitCode: 0 Duration: 4s752ms
[238/244    2s] Csc Library/Bee/artifacts/200b0aE.dag/Assembly-CSharp.dll (+2 others)
Assets/AreaBattle/Scripts/OutgameFlyRuntime.cs(10,59): warning CS0108: 'OutgameFlyRuntime.animation' hides inherited member 'Component.animation'. Use the new keyword if hiding was intended.
Assets/AreaBattle/ThirdParty/LitJson/JsonWriter.cs(387,21): warning CS3021: 'JsonWriter.Write(ulong)' does not need a CLSCompliant attribute because the assembly does not have a CLSCompliant attribute
Assets/AreaBattle/ThirdParty/Spine41/spine-unity/Components/EditorSkeletonPlayer.cs(57,51): warning CS0618: 'Object.FindObjectsOfType<T>()' is obsolete: 'Object.FindObjectsOfType has been deprecated. Use Object.FindObjectsByType instead which lets you decide whether you need the results sorted or not.  FindObjectsOfType sorts the results by InstanceID but if you do not need this using FindObjectSortMode.None is considerably faster.'
Assets/AreaBattle/ThirdParty/Spine41/spine-unity/Components/Following/BoundingBoxFollower.cs(167,7): warning CS0618: 'Collider2D.usedByComposite' is obsolete: 'usedByComposite has been deprecated. Please use compositeOperation.'
Assets/AreaBattle/ThirdParty/Spine41/spine-unity/Components/Following/BoundingBoxFollowerGraphic.cs(168,7): warning CS0618: 'Collider2D.usedByComposite' is obsolete: 'usedByComposite has been deprecated. Please use compositeOperation.'
Assets/AreaBattle/ThirdParty/Spine41/spine-unity/Components/SkeletonUtility/SkeletonUtility.cs(126,5): warning CS0618: 'Rigidbody2D.isKinematic' is obsolete: 'isKinematic has been deprecated. Please use bodyType.'
Assets/AreaBattle/Scripts/OutgameInputManager.cs(44,37): warning CS0414: The field 'OutgameInputManager.TouchDebug' is assigned but its value is never used
Assets/AreaBattle/Scripts/OutgameTaskModels.cs(75,36): warning CS0414: The field 'OutgameTaskItemData.m_ArriveVideoTimes' is assigned but its value is never used
Assets/AreaBattle/Scripts/OutgameTaskModels.cs(54,41): warning CS0414: The field 'OutgameTaskGroupData.m_ArriveVideoTimes' is assigned but its value is never used
Assets/AreaBattle/Scripts/OutgameInputManager.cs(45,62): warning CS0414: The field 'OutgameInputManager.MulTouchBegin' is assigned but its value is never used
Assets/AreaBattle/Scripts/OutgameLegacyPrefabResource.cs(9,46): warning CS0414: The field 'OutgameLegacyPrefabResource.sprite' is assigned but its value is never used
Assets/AreaBattle/Scripts/OutgameTaskModels.cs(23,44): warning CS0414: The field 'OutgameChildTaskData.m_ArriveVideoTimes' is assigned but its value is never used
Assets/AreaBattle/Scripts/OutgameActivityBusinessConfig.cs(9,13): warning CS0414: The field 'OutgameActivityConditionPriority.reserved' is assigned but its value is never used
Assets/AreaBattle/Scripts/OutgameLegacyPrefabResource.cs(9,28): warning CS0414: The field 'OutgameLegacyPrefabResource.mainObject' is assigned but its value is never used
[239/244    0s] CopyFiles Library/ScriptAssemblies/Assembly-CSharp.pdb
[240/244    0s] CopyFiles Library/ScriptAssemblies/Assembly-CSharp.dll
[241/244    2s] Csc Library/Bee/artifacts/200b0aE.dag/Assembly-CSharp-Editor.dll (+2 others)
Assets/AreaBattle/Editor/OutgameAudioNodeValidation.cs(18,34): warning CS0108: 'OutgameAudioNodeValidation.Fixture.GetType' hides inherited member 'object.GetType()'. Use the new keyword if hiding was intended.
Assets/AreaBattle/Editor/OutgameUpdateManagerPlayModeValidation.cs(14,117): warning CS0414: The field 'OutgameUpdateManagerPlayModeValidation.driveActions' is assigned but its value is never used
[242/244    0s] CopyFiles Library/ScriptAssemblies/Assembly-CSharp-Editor.pdb
[243/244    0s] CopyFiles Library/ScriptAssemblies/Assembly-CSharp-Editor.dll
*** Tundra build success (4.73 seconds), 6 items updated, 244 evaluated
Assets/AreaBattle/Scripts/OutgameFlyRuntime.cs(10,59): warning CS0108: 'OutgameFlyRuntime.animation' hides inherited member 'Component.animation'. Use the new keyword if hiding was intended.
Assets/AreaBattle/ThirdParty/LitJson/JsonWriter.cs(387,21): warning CS3021: 'JsonWriter.Write(ulong)' does not need a CLSCompliant attribute because the assembly does not have a CLSCompliant attribute
Assets/AreaBattle/ThirdParty/Spine41/spine-unity/Components/EditorSkeletonPlayer.cs(57,51): warning CS0618: 'Object.FindObjectsOfType<T>()' is obsolete: 'Object.FindObjectsOfType has been deprecated. Use Object.FindObjectsByType instead which lets you decide whether you need the results sorted or not.  FindObjectsOfType sorts the results by InstanceID but if you do not need this using FindObjectSortMode.None is considerably faster.'
Assets/AreaBattle/ThirdParty/Spine41/spine-unity/Components/Following/BoundingBoxFollower.cs(167,7): warning CS0618: 'Collider2D.usedByComposite' is obsolete: 'usedByComposite has been deprecated. Please use compositeOperation.'
Assets/AreaBattle/ThirdParty/Spine41/spine-unity/Components/Following/BoundingBoxFollowerGraphic.cs(168,7): warning CS0618: 'Collider2D.usedByComposite' is obsolete: 'usedByComposite has been deprecated. Please use compositeOperation.'
Assets/AreaBattle/ThirdParty/Spine41/spine-unity/Components/SkeletonUtility/SkeletonUtility.cs(126,5): warning CS0618: 'Rigidbody2D.isKinematic' is obsolete: 'isKinematic has been deprecated. Please use bodyType.'
Assets/AreaBattle/Scripts/OutgameInputManager.cs(44,37): warning CS0414: The field 'OutgameInputManager.TouchDebug' is assigned but its value is never used
Assets/AreaBattle/Scripts/OutgameTaskModels.cs(75,36): warning CS0414: The field 'OutgameTaskItemData.m_ArriveVideoTimes' is assigned but its value is never used
Assets/AreaBattle/Scripts/OutgameTaskModels.cs(54,41): warning CS0414: The field 'OutgameTaskGroupData.m_ArriveVideoTimes' is assigned but its value is never used
Assets/AreaBattle/Scripts/OutgameInputManager.cs(45,62): warning CS0414: The field 'OutgameInputManager.MulTouchBegin' is assigned but its value is never used
Assets/AreaBattle/Scripts/OutgameLegacyPrefabResource.cs(9,46): warning CS0414: The field 'OutgameLegacyPrefabResource.sprite' is assigned but its value is never used
Assets/AreaBattle/Scripts/OutgameTaskModels.cs(23,44): warning CS0414: The field 'OutgameChildTaskData.m_ArriveVideoTimes' is assigned but its value is never used
Assets/AreaBattle/Scripts/OutgameActivityBusinessConfig.cs(9,13): warning CS0414: The field 'OutgameActivityConditionPriority.reserved' is assigned but its value is never used
Assets/AreaBattle/Scripts/OutgameLegacyPrefabResource.cs(9,28): warning CS0414: The field 'OutgameLegacyPrefabResource.mainObject' is assigned but its value is never used
Assets/AreaBattle/Editor/OutgameAudioNodeValidation.cs(18,34): warning CS0108: 'OutgameAudioNodeValidation.Fixture.GetType' hides inherited member 'object.GetType()'. Use the new keyword if hiding was intended.
Assets/AreaBattle/Editor/OutgameUpdateManagerPlayModeValidation.cs(14,117): warning CS0414: The field 'OutgameUpdateManagerPlayModeValidation.driveActions' is assigned but its value is never used
le/ThirdParty/Spine41/spine-unity/Components/EditorSkeletonPlayer.cs(57,51): warning CS0618: 'Object.FindObjectsOfType<T>()' is obsolete: 'Object.FindObjectsOfType has been deprecated. Use Object.FindObjectsByType instead which lets you decide whether you need the results sorted or not.  FindObjectsOfType sorts the results by InstanceID but if you do not need this using FindObjectSortMode.None is considerably faster.'
Assets/AreaBattle/ThirdParty/Spine41/spine-unity/Components/Following/BoundingBoxFollower.cs(167,7): warning CS0618: 'Collider2D.usedByComposite' is obsolete: 'usedByComposite has been deprecated. Please use compositeOperation.'
Assets/AreaBattle/ThirdParty/Spine41/spine-unity/Components/Following/BoundingBoxFollowerGraphic.cs(168,7): warning CS0618: 'Collider2D.usedByComposite' is obsolete: 'usedByComposite has been deprecated. Please use compositeOperation.'
Assets/AreaBattle/ThirdParty/Spine41/spine-unity/Components/SkeletonUtility/SkeletonUtility.cs(126,5): warning CS0618: 'Rigidbody2D.isKinematic' is obsolete: 'isKinematic has been deprecated. Please use bodyType.'
Assets/AreaBattle/Scripts/OutgameInputManager.cs(44,37): warning CS0414: The field 'OutgameInputManager.TouchDebug' is assigned but its value is never used
Assets/AreaBattle/Scripts/OutgameTaskModels.cs(75,36): warning CS0414: The field 'OutgameTaskItemData.m_ArriveVideoTimes' is assigned but its value is never used
Assets/AreaBattle/Scripts/OutgameTaskModels.cs(54,41): warning CS0414: The field 'OutgameTaskGroupData.m_ArriveVideoTimes' is assigned but its value is never used
Assets/AreaBattle/Scripts/OutgameInputManager.cs(45,62): warning CS0414: The field 'OutgameInputManager.MulTouchBegin' is assigned but its value is never used
Assets/AreaBattle/Scripts/OutgameLegacyPrefabResource.cs(9,46): warning CS0414: The field 'OutgameLegacyPrefabResource.sprite' is assigned but its value is never used
Assets/AreaBattle/Scripts/OutgameTaskModels.cs(23,44): warning CS0414: The field 'OutgameChildTaskData.m_ArriveVideoTimes' is assigned but its value is never used
Assets/AreaBattle/Scripts/OutgameActivityBusinessConfig.cs(9,13): warning CS0414: The field 'OutgameActivityConditionPriority.reserved' is assigned but its value is never used
Assets/AreaBattle/Scripts/OutgameLegacyPrefabResource.cs(9,28): warning CS0414: The field 'OutgameLegacyPrefabResource.mainObject' is assigned but its value is never used
AssetDatabase: script compilation time: 5.142604s
Begin MonoManager ReloadAssembly
- Loaded All Assemblies, in  0.358 seconds
Refreshing native plugins compatible for Editor in 0.00 ms, found 0 plugins.
Native extension for iOS target not found
Native extension for Android target not found
Native extension for OSXStandalone target not found
ScheduleIndexationOnStartup MainProcess:True IndexOnStartup:True
Mono: successfully reloaded assembly
- Finished resetting the current domain, in  0.299 seconds
Domain Reload Profiling: 657ms
	BeginReloadAssembly (256ms)
		ExecutionOrderSort (0ms)
		DisableScriptedObjects (25ms)
		BackupInstance (0ms)
		ReleaseScriptingObjects (0ms)
		CreateAndSetChildDomain (142ms)
	RebuildCommonClasses (24ms)
	RebuildNativeTypeToScriptingClass (9ms)
	initialDomainReloadingComplete (10ms)
	LoadAllAssembliesAndSetupDomain (57ms)
		LoadAssemblies (79ms)
		RebuildTransferFunctionScriptingTraits (0ms)
		AnalyzeDomain (40ms)
			TypeCache.Refresh (33ms)
				TypeCache.ScanAssembly (26ms)
			BuildScriptInfoCaches (4ms)
			ResolveRequiredComponents (2ms)
	FinalizeReload (300ms)
		ReleaseScriptCaches (0ms)
		RebuildScriptCaches (0ms)
		SetupLoadedEditorAssemblies (205ms)
			LogAssemblyErrors (0ms)
			InitializePlatformSupportModulesInManaged (27ms)
			SetLoadedEditorAssemblies (2ms)
			BeforeProcessingInitializeOnLoad (85ms)
			ProcessInitializeOnLoadAttributes (69ms)
			ProcessInitializeOnLoadMethodAttributes (21ms)
			AfterProcessingInitializeOnLoad (1ms)
			EditorAssembliesLoaded (0ms)
		ExecutionOrderSort2 (0ms)
		AwakeInstancesAfterBackupRestoration (3ms)
Refreshing native plugins compatible for Editor in 0.00 ms, found 0 plugins.
Preloading 0 native plugins for Editor in 0.00 ms.
Asset Pipeline Refresh (id=35c5f17041c38476fb543ddde575002a): Total: 6.062 seconds - Initiated by InitialRefreshV2(ForceSynchronousImport)
	Summary:
		Imports: total=0 (actual=0, local cache=0, cache server=0)
		Asset DB Process Time: managed=0 ms, native=491 ms
		Asset DB Callback time: managed=52 ms, native=11 ms
		Scripting: domain reloads=1, domain reload time=358 ms, compile time=5144 ms, other=4 ms
		Project Asset Count: scripts=394, non-scripts=2361
		Asset File Changes: new=0, changed=2, moved=0, deleted=0
		Scan Filter Count: 1
	InvokeCustomDependenciesCallbacks: 0.001ms
	InvokePackagesCallback: 10.126ms
	ApplyChangesToAssetFolders: 0.149ms
	Scan: 125.891ms
	OnSourceAssetsModified: 0.517ms
	CategorizeAssetsWithTransientArtifact: 2.661ms
	ProcessAssetsWithTransientArtifactChanges: 9.007ms
	CategorizeAssets: 13.270ms
	ImportOutOfDateAssets: 301.145ms (-4843.448ms without children)
		CompileScripts: 5143.759ms
		ReloadNativeAssets: 0.000ms
		UnloadImportedAssets: 0.232ms
		EnsureUptoDateAssetsAreRegisteredWithGuidPM: 0.295ms
		InitializingProgressBar: 0.000ms
		PostProcessAllAssetNotificationsAddChangedAssets: 0.000ms
		OnDemandSchedulerStart: 0.305ms
	PostProcessAllAssets: 52.953ms
	Hotreload: 1.275ms
	GatherAllCurrentPrimaryArtifactRevisions: 0.000ms
	UnloadStreamsBegin: 0.536ms
	PersistCurrentRevisions: 0.063ms
	UnloadStreamsEnd: 0.000ms
	GenerateScriptTypeHashes: 0.853ms
	Untracked: 5544.495ms

Application.AssetDatabase Initial Refresh End
Launching external process: /Applications/Unity6000.3.7f1/Unity-6000.3.7f1/Unity.app/Contents/Helpers/UnityShaderCompiler
Launched and connected shader compiler UnityShaderCompiler after 0.03 seconds
Scanning for USB devices : 0.033ms
Initializing Unity extensions:
[MODES] ModeService[none].Initialize
[MODES] ModeService[none].LoadModes
[MODES] Loading mode Default (0) for mode-current-id-AreaBattle
2026-10-03 23:39:55.278 Unity[70359:52515712] NSEventModifierFlagFunction specified to -setKeyEquivalentModifierMask: for item <NSMenuItem: 0xae64212c0 SDF, ke='Command-F12'>, but is only supported for system-provided menu items; will not be used
Unloading 57 Unused Serialized files (Serialized files now loaded: 0)
Unloading 1241 unused Assets / (5.3 MB). Loaded Objects now: 1798.
Memory consumption went from 137.0 MB to 131.7 MB.
Total: 7.547375 ms (FindLiveObjects: 0.093417 ms CreateObjectMapping: 0.044125 ms MarkObjects: 4.584000 ms  DeleteObjects: 2.825417 ms)

2026-10-03 23:39:55.313 Unity[70359:52515712] NSEventModifierFlagFunction specified to -setKeyEquivalentModifierMask: for item <NSMenuItem: 0xae6420a00 SDF, ke='Command-F12'>, but is only supported for system-provided menu items; will not be used
Asset Pipeline Refresh (id=f3ff0fd62f6964faeb6557bbc72595ab): Total: 0.057 seconds - Initiated by RefreshV2(NoUpdateAssetOptions)
Start importing ProjectSettings/TimeManager.asset using Guid(00000000000000007000000000000000) (LibraryAssetImporter) -> (artifact id: 'fcd35394ed3ce11a9b90be582fe50514') in 0.003496208 seconds
Refreshing native plugins compatible for Editor in 0.00 ms, found 0 plugins.
Preloading 0 native plugins for Editor in 0.00 ms.
Asset Pipeline Refresh (id=809f265d4032b4ec988844721acbe65b): Total: 0.014 seconds - Initiated by StopAssetImportingV2(NoUpdateAssetOptions)
2026-10-03 23:39:56.231 Unity[70359:52515712] NSEventModifierFlagFunction specified to -setKeyEquivalentModifierMask: for item <NSMenuItem: 0xae64219a0 SDF, ke='Command-F12'>, but is only supported for system-provided menu items; will not be used

***Player size statistics***
Total compressed size 1.5 KB. Total uncompressed size 4.1 KB.
Unloading 0 Unused Serialized files (Serialized files now loaded: 0)
Unloading 1003 unused Assets / (31.9 MB). Loaded Objects now: 1826.
Memory consumption went from 174.6 MB to 142.8 MB.
Total: 6.054666 ms (FindLiveObjects: 0.089167 ms CreateObjectMapping: 0.035708 ms MarkObjects: 4.543333 ms  DeleteObjects: 1.386334 ms)


-------------------------------------------------------------------------------
Bundle Name: account-rewards-config-bundles
Compressed Size:1.5 kb
Uncompressed usage by category (Percentages based on user generated assets only):
Textures               0.0 kb	 0.0% 
Meshes                 0.0 kb	 0.0% 
Animations             0.0 kb	 0.0% 
Sounds                 0.0 kb	 0.0% 
Shaders                0.0 kb	 0.0% 
Other Assets           0.2 kb	 4.4% 
Levels                 0.0 kb	 0.0% 
File headers           3.9 kb	 95.6% 
Total User Assets      4.1 kb	 100.0% 
Complete build size    4.1 kb
Used Assets and files from the Resources folder, sorted by uncompressed size:
 0.1 kb	 2.5% AssetBundle Object
 0.1 kb	 2.0% Built-in AssetBundleManifest: AssetBundleManifest
-------------------------------------------------------------------------------
2026-10-03 23:39:56.395 Unity[70359:52515712] NSEventModifierFlagFunction specified to -setKeyEquivalentModifierMask: for item <NSMenuItem: 0xae6421fe0 SDF, ke='Command-F12'>, but is only supported for system-provided menu items; will not be used

***Player size statistics***
Total compressed size 1.5 KB. Total uncompressed size 4.1 KB.
Unloading 82 Unused Serialized files (Serialized files now loaded: 0)
Unloading 497 unused Assets / (33.6 KB). Loaded Objects now: 3615.
Memory consumption went from 138.7 MB to 138.7 MB.
Total: 4.886458 ms (FindLiveObjects: 0.110334 ms CreateObjectMapping: 0.038041 ms MarkObjects: 4.575584 ms  DeleteObjects: 0.162250 ms)


-------------------------------------------------------------------------------
Bundle Name: top-info-effects-native-bundle
Compressed Size:1.5 kb
Uncompressed usage by category (Percentages based on user generated assets only):
Textures               0.0 kb	 0.0% 
Meshes                 0.0 kb	 0.0% 
Animations             0.0 kb	 0.0% 
Sounds                 0.0 kb	 0.0% 
Shaders                0.0 kb	 0.0% 
Other Assets           0.2 kb	 4.4% 
Levels                 0.0 kb	 0.0% 
File headers           3.9 kb	 95.6% 
Total User Assets      4.1 kb	 100.0% 
Complete build size    4.1 kb
Used Assets and files from the Resources folder, sorted by uncompressed size:
 0.1 kb	 2.5% AssetBundle Object
 0.1 kb	 2.0% Built-in AssetBundleManifest: AssetBundleManifest
-------------------------------------------------------------------------------
2026-10-03 23:39:56.438 Unity[70359:52515712] NSEventModifierFlagFunction specified to -setKeyEquivalentModifierMask: for item <NSMenuItem: 0xae641f3e0 SDF, ke='Command-F12'>, but is only supported for system-provided menu items; will not be used

***Player size statistics***
Total compressed size 1.5 KB. Total uncompressed size 4.1 KB.
Unloading 6 Unused Serialized files (Serialized files now loaded: 0)
Unloading 572 unused Assets / (0.8 MB). Loaded Objects now: 1826.
Memory consumption went from 145.2 MB to 144.3 MB.
Total: 4.736167 ms (FindLiveObjects: 0.065250 ms CreateObjectMapping: 0.026500 ms MarkObjects: 4.319000 ms  DeleteObjects: 0.325250 ms)


-------------------------------------------------------------------------------
Bundle Name: account-rewards-config-bundles
Compressed Size:1.5 kb
Uncompressed usage by category (Percentages based on user generated assets only):
Textures               0.0 kb	 0.0% 
Meshes                 0.0 kb	 0.0% 
Animations             0.0 kb	 0.0% 
Sounds                 0.0 kb	 0.0% 
Shaders                0.0 kb	 0.0% 
Other Assets           0.2 kb	 4.4% 
Levels                 0.0 kb	 0.0% 
File headers           3.9 kb	 95.6% 
Total User Assets      4.1 kb	 100.0% 
Complete build size    4.1 kb
Used Assets and files from the Resources folder, sorted by uncompressed size:
 0.1 kb	 2.5% AssetBundle Object
 0.1 kb	 2.0% Built-in AssetBundleManifest: AssetBundleManifest
-------------------------------------------------------------------------------
2026-10-03 23:39:56.498 Unity[70359:52515712] NSEventModifierFlagFunction specified to -setKeyEquivalentModifierMask: for item <NSMenuItem: 0xae6472440 SDF, ke='Command-F12'>, but is only supported for system-provided menu items; will not be used

***Player size statistics***
Total compressed size 1.5 KB. Total uncompressed size 4.1 KB.
Unloading 82 Unused Serialized files (Serialized files now loaded: 0)
Unloading 497 unused Assets / (31.8 KB). Loaded Objects now: 3615.
Memory consumption went from 155.3 MB to 155.3 MB.
Total: 5.188875 ms (FindLiveObjects: 0.142667 ms CreateObjectMapping: 0.039583 ms MarkObjects: 4.852125 ms  DeleteObjects: 0.154083 ms)


-------------------------------------------------------------------------------
Bundle Name: top-info-effects-native-bundle
Compressed Size:1.5 kb
Uncompressed usage by category (Percentages based on user generated assets only):
Textures               0.0 kb	 0.0% 
Meshes                 0.0 kb	 0.0% 
Animations             0.0 kb	 0.0% 
Sounds                 0.0 kb	 0.0% 
Shaders                0.0 kb	 0.0% 
Other Assets           0.2 kb	 4.4% 
Levels                 0.0 kb	 0.0% 
File headers           3.9 kb	 95.6% 
Total User Assets      4.1 kb	 100.0% 
Complete build size    4.1 kb
Used Assets and files from the Resources folder, sorted by uncompressed size:
 0.1 kb	 2.5% AssetBundle Object
 0.1 kb	 2.0% Built-in AssetBundleManifest: AssetBundleManifest
-------------------------------------------------------------------------------
2026-10-03 23:39:56.518 Unity[70359:52515712] NSEventModifierFlagFunction specified to -setKeyEquivalentModifierMask: for item <NSMenuItem: 0xae7322d00 SDF, ke='Command-F12'>, but is only supported for system-provided menu items; will not be used

***Player size statistics***
Total compressed size 1.5 KB. Total uncompressed size 4.1 KB.
Unloading 6 Unused Serialized files (Serialized files now loaded: 0)
Unloading 572 unused Assets / (0.8 MB). Loaded Objects now: 1826.
Memory consumption went from 145.0 MB to 144.2 MB.
Total: 4.666250 ms (FindLiveObjects: 0.059917 ms CreateObjectMapping: 0.025625 ms MarkObjects: 4.213791 ms  DeleteObjects: 0.366625 ms)


-------------------------------------------------------------------------------
Bundle Name: account-rewards-config-bundles
Compressed Size:1.5 kb
Uncompressed usage by category (Percentages based on user generated assets only):
Textures               0.0 kb	 0.0% 
Meshes                 0.0 kb	 0.0% 
Animations             0.0 kb	 0.0% 
Sounds                 0.0 kb	 0.0% 
Shaders                0.0 kb	 0.0% 
Other Assets           0.2 kb	 4.4% 
Levels                 0.0 kb	 0.0% 
File headers           3.9 kb	 95.6% 
Total User Assets      4.1 kb	 100.0% 
Complete build size    4.1 kb
Used Assets and files from the Resources folder, sorted by uncompressed size:
 0.1 kb	 2.5% AssetBundle Object
 0.1 kb	 2.0% Built-in AssetBundleManifest: AssetBundleManifest
-------------------------------------------------------------------------------
2026-10-03 23:39:56.578 Unity[70359:52515712] NSEventModifierFlagFunction specified to -setKeyEquivalentModifierMask: for item <NSMenuItem: 0xae7322f80 SDF, ke='Command-F12'>, but is only supported for system-provided menu items; will not be used

***Player size statistics***
Total compressed size 1.5 KB. Total uncompressed size 4.1 KB.
Unloading 82 Unused Serialized files (Serialized files now loaded: 0)
Unloading 497 unused Assets / (33.7 KB). Loaded Objects now: 3615.
Memory consumption went from 154.9 MB to 154.9 MB.
Total: 5.315250 ms (FindLiveObjects: 0.129542 ms CreateObjectMapping: 0.037042 ms MarkObjects: 4.999584 ms  DeleteObjects: 0.148791 ms)


-------------------------------------------------------------------------------
Bundle Name: top-info-effects-native-bundle
Compressed Size:1.5 kb
Uncompressed usage by category (Percentages based on user generated assets only):
Textures               0.0 kb	 0.0% 
Meshes                 0.0 kb	 0.0% 
Animations             0.0 kb	 0.0% 
Sounds                 0.0 kb	 0.0% 
Shaders                0.0 kb	 0.0% 
Other Assets           0.2 kb	 4.4% 
Levels                 0.0 kb	 0.0% 
File headers           3.9 kb	 95.6% 
Total User Assets      4.1 kb	 100.0% 
Complete build size    4.1 kb
Used Assets and files from the Resources folder, sorted by uncompressed size:
 0.1 kb	 2.5% AssetBundle Object
 0.1 kb	 2.0% Built-in AssetBundleManifest: AssetBundleManifest
-------------------------------------------------------------------------------
2026-10-03 23:39:56.607 Unity[70359:52515712] NSEventModifierFlagFunction specified to -setKeyEquivalentModifierMask: for item <NSMenuItem: 0xae7322620 SDF, ke='Command-F12'>, but is only supported for system-provided menu items; will not be used

***Player size statistics***
Total compressed size 1.5 KB. Total uncompressed size 4.1 KB.
Unloading 8 Unused Serialized files (Serialized files now loaded: 0)
Unloading 574 unused Assets / (0.8 MB). Loaded Objects now: 1826.
Memory consumption went from 145.1 MB to 144.2 MB.
Total: 5.427125 ms (FindLiveObjects: 0.066750 ms CreateObjectMapping: 0.025959 ms MarkObjects: 4.791375 ms  DeleteObjects: 0.542667 ms)


-------------------------------------------------------------------------------
Bundle Name: account-rewards-config-bundles
Compressed Size:1.5 kb
Uncompressed usage by category (Percentages based on user generated assets only):
Textures               0.0 kb	 0.0% 
Meshes                 0.0 kb	 0.0% 
Animations             0.0 kb	 0.0% 
Sounds                 0.0 kb	 0.0% 
Shaders                0.0 kb	 0.0% 
Other Assets           0.2 kb	 4.4% 
Levels                 0.0 kb	 0.0% 
File headers           3.9 kb	 95.6% 
Total User Assets      4.1 kb	 100.0% 
Complete build size    4.1 kb
Used Assets and files from the Resources folder, sorted by uncompressed size:
 0.1 kb	 2.5% AssetBundle Object
 0.1 kb	 2.0% Built-in AssetBundleManifest: AssetBundleManifest
-------------------------------------------------------------------------------
2026-10-03 23:39:56.669 Unity[70359:52515712] NSEventModifierFlagFunction specified to -setKeyEquivalentModifierMask: for item <NSMenuItem: 0xae7323ca0 SDF, ke='Command-F12'>, but is only supported for system-provided menu items; will not be used

***Player size statistics***
Total compressed size 1.5 KB. Total uncompressed size 4.1 KB.
Unloading 82 Unused Serialized files (Serialized files now loaded: 0)
Unloading 497 unused Assets / (32.6 KB). Loaded Objects now: 3615.
Memory consumption went from 155.2 MB to 155.2 MB.
Total: 5.504250 ms (FindLiveObjects: 0.137875 ms CreateObjectMapping: 0.043709 ms MarkObjects: 5.180541 ms  DeleteObjects: 0.141958 ms)


-------------------------------------------------------------------------------
Bundle Name: top-info-effects-native-bundle
Compressed Size:1.5 kb
Uncompressed usage by category (Percentages based on user generated assets only):
Textures               0.0 kb	 0.0% 
Meshes                 0.0 kb	 0.0% 
Animations             0.0 kb	 0.0% 
Sounds                 0.0 kb	 0.0% 
Shaders                0.0 kb	 0.0% 
Other Assets           0.2 kb	 4.4% 
Levels                 0.0 kb	 0.0% 
File headers           3.9 kb	 95.6% 
Total User Assets      4.1 kb	 100.0% 
Complete build size    4.1 kb
Used Assets and files from the Resources folder, sorted by uncompressed size:
 0.1 kb	 2.5% AssetBundle Object
 0.1 kb	 2.0% Built-in AssetBundleManifest: AssetBundleManifest
-------------------------------------------------------------------------------
2026-10-03 23:39:56.690 Unity[70359:52515712] NSEventModifierFlagFunction specified to -setKeyEquivalentModifierMask: for item <NSMenuItem: 0xae7322760 SDF, ke='Command-F12'>, but is only supported for system-provided menu items; will not be used

***Player size statistics***
Total compressed size 1.5 KB. Total uncompressed size 4.1 KB.
Unloading 8 Unused Serialized files (Serialized files now loaded: 0)
Unloading 574 unused Assets / (0.8 MB). Loaded Objects now: 1826.
Memory consumption went from 145.0 MB to 144.1 MB.
Total: 5.162375 ms (FindLiveObjects: 0.061333 ms CreateObjectMapping: 0.025667 ms MarkObjects: 4.629416 ms  DeleteObjects: 0.445791 ms)


-------------------------------------------------------------------------------
Bundle Name: account-rewards-config-bundles
Compressed Size:1.5 kb
Uncompressed usage by category (Percentages based on user generated assets only):
Textures               0.0 kb	 0.0% 
Meshes                 0.0 kb	 0.0% 
Animations             0.0 kb	 0.0% 
Sounds                 0.0 kb	 0.0% 
Shaders                0.0 kb	 0.0% 
Other Assets           0.2 kb	 4.4% 
Levels                 0.0 kb	 0.0% 
File headers           3.9 kb	 95.6% 
Total User Assets      4.1 kb	 100.0% 
Complete build size    4.1 kb
Used Assets and files from the Resources folder, sorted by uncompressed size:
 0.1 kb	 2.5% AssetBundle Object
 0.1 kb	 2.0% Built-in AssetBundleManifest: AssetBundleManifest
-------------------------------------------------------------------------------
2026-10-03 23:39:56.751 Unity[70359:52515712] NSEventModifierFlagFunction specified to -setKeyEquivalentModifierMask: for item <NSMenuItem: 0xae6472a80 SDF, ke='Command-F12'>, but is only supported for system-provided menu items; will not be used

***Player size statistics***
Total compressed size 1.5 KB. Total uncompressed size 4.1 KB.
Unloading 82 Unused Serialized files (Serialized files now loaded: 0)
Unloading 497 unused Assets / (32.7 KB). Loaded Objects now: 3615.
Memory consumption went from 154.9 MB to 154.8 MB.
Total: 5.472625 ms (FindLiveObjects: 0.121625 ms CreateObjectMapping: 0.038917 ms MarkObjects: 5.154541 ms  DeleteObjects: 0.157292 ms)


-------------------------------------------------------------------------------
Bundle Name: top-info-effects-native-bundle
Compressed Size:1.5 kb
Uncompressed usage by category (Percentages based on user generated assets only):
Textures               0.0 kb	 0.0% 
Meshes                 0.0 kb	 0.0% 
Animations             0.0 kb	 0.0% 
Sounds                 0.0 kb	 0.0% 
Shaders                0.0 kb	 0.0% 
Other Assets           0.2 kb	 4.4% 
Levels                 0.0 kb	 0.0% 
File headers           3.9 kb	 95.6% 
Total User Assets      4.1 kb	 100.0% 
Complete build size    4.1 kb
Used Assets and files from the Resources folder, sorted by uncompressed size:
 0.1 kb	 2.5% AssetBundle Object
 0.1 kb	 2.0% Built-in AssetBundleManifest: AssetBundleManifest
-------------------------------------------------------------------------------
2026-10-03 23:39:56.772 Unity[70359:52515712] NSEventModifierFlagFunction specified to -setKeyEquivalentModifierMask: for item <NSMenuItem: 0xae73226c0 SDF, ke='Command-F12'>, but is only supported for system-provided menu items; will not be used

***Player size statistics***
Total compressed size 1.5 KB. Total uncompressed size 4.1 KB.
Unloading 8 Unused Serialized files (Serialized files now loaded: 0)
Unloading 574 unused Assets / (0.8 MB). Loaded Objects now: 1826.
Memory consumption went from 144.8 MB to 144.0 MB.
Total: 4.796417 ms (FindLiveObjects: 0.057708 ms CreateObjectMapping: 0.023625 ms MarkObjects: 4.344583 ms  DeleteObjects: 0.370167 ms)


-------------------------------------------------------------------------------
Bundle Name: account-rewards-config-bundles
Compressed Size:1.5 kb
Uncompressed usage by category (Percentages based on user generated assets only):
Textures               0.0 kb	 0.0% 
Meshes                 0.0 kb	 0.0% 
Animations             0.0 kb	 0.0% 
Sounds                 0.0 kb	 0.0% 
Shaders                0.0 kb	 0.0% 
Other Assets           0.2 kb	 4.4% 
Levels                 0.0 kb	 0.0% 
File headers           3.9 kb	 95.6% 
Total User Assets      4.1 kb	 100.0% 
Complete build size    4.1 kb
Used Assets and files from the Resources folder, sorted by uncompressed size:
 0.1 kb	 2.5% AssetBundle Object
 0.1 kb	 2.0% Built-in AssetBundleManifest: AssetBundleManifest
-------------------------------------------------------------------------------
2026-10-03 23:39:56.832 Unity[70359:52515712] NSEventModifierFlagFunction specified to -setKeyEquivalentModifierMask: for item <NSMenuItem: 0xae73e3a20 SDF, ke='Command-F12'>, but is only supported for system-provided menu items; will not be used

***Player size statistics***
Total compressed size 1.5 KB. Total uncompressed size 4.1 KB.
Unloading 82 Unused Serialized files (Serialized files now loaded: 0)
Unloading 497 unused Assets / (31.2 KB). Loaded Objects now: 3615.
Memory consumption went from 154.9 MB to 154.9 MB.
Total: 5.179250 ms (FindLiveObjects: 0.133500 ms CreateObjectMapping: 0.036959 ms MarkObjects: 4.846958 ms  DeleteObjects: 0.161500 ms)


-------------------------------------------------------------------------------
Bundle Name: top-info-effects-native-bundle
Compressed Size:1.5 kb
Uncompressed usage by category (Percentages based on user generated assets only):
Textures               0.0 kb	 0.0% 
Meshes                 0.0 kb	 0.0% 
Animations             0.0 kb	 0.0% 
Sounds                 0.0 kb	 0.0% 
Shaders                0.0 kb	 0.0% 
Other Assets           0.2 kb	 4.4% 
Levels                 0.0 kb	 0.0% 
File headers           3.9 kb	 95.6% 
Total User Assets      4.1 kb	 100.0% 
Complete build size    4.1 kb
Used Assets and files from the Resources folder, sorted by uncompressed size:
 0.1 kb	 2.5% AssetBundle Object
 0.1 kb	 2.0% Built-in AssetBundleManifest: AssetBundleManifest
-------------------------------------------------------------------------------
2026-10-03 23:39:56.853 Unity[70359:52515712] NSEventModifierFlagFunction specified to -setKeyEquivalentModifierMask: for item <NSMenuItem: 0xae7323b60 SDF, ke='Command-F12'>, but is only supported for system-provided menu items; will not be used

***Player size statistics***
Total compressed size 1.5 KB. Total uncompressed size 4.1 KB.
Unloading 8 Unused Serialized files (Serialized files now loaded: 0)
Unloading 574 unused Assets / (0.8 MB). Loaded Objects now: 1826.
Memory consumption went from 144.6 MB to 143.8 MB.
Total: 5.211458 ms (FindLiveObjects: 0.060625 ms CreateObjectMapping: 0.025291 ms MarkObjects: 4.630792 ms  DeleteObjects: 0.494541 ms)


-------------------------------------------------------------------------------
Bundle Name: account-rewards-config-bundles
Compressed Size:1.5 kb
Uncompressed usage by category (Percentages based on user generated assets only):
Textures               0.0 kb	 0.0% 
Meshes                 0.0 kb	 0.0% 
Animations             0.0 kb	 0.0% 
Sounds                 0.0 kb	 0.0% 
Shaders                0.0 kb	 0.0% 
Other Assets           0.2 kb	 4.4% 
Levels                 0.0 kb	 0.0% 
File headers           3.9 kb	 95.6% 
Total User Assets      4.1 kb	 100.0% 
Complete build size    4.1 kb
Used Assets and files from the Resources folder, sorted by uncompressed size:
 0.1 kb	 2.5% AssetBundle Object
 0.1 kb	 2.0% Built-in AssetBundleManifest: AssetBundleManifest
-------------------------------------------------------------------------------
2026-10-03 23:39:56.913 Unity[70359:52515712] NSEventModifierFlagFunction specified to -setKeyEquivalentModifierMask: for item <NSMenuItem: 0xae64710e0 SDF, ke='Command-F12'>, but is only supported for system-provided menu items; will not be used

***Player size statistics***
Total compressed size 1.5 KB. Total uncompressed size 4.1 KB.
Unloading 82 Unused Serialized files (Serialized files now loaded: 0)
Unloading 497 unused Assets / (33.4 KB). Loaded Objects now: 3615.
Memory consumption went from 154.5 MB to 154.5 MB.
Total: 5.383416 ms (FindLiveObjects: 0.109875 ms CreateObjectMapping: 0.035917 ms MarkObjects: 5.084375 ms  DeleteObjects: 0.152792 ms)


-------------------------------------------------------------------------------
Bundle Name: top-info-effects-native-bundle
Compressed Size:1.5 kb
Uncompressed usage by category (Percentages based on user generated assets only):
Textures               0.0 kb	 0.0% 
Meshes                 0.0 kb	 0.0% 
Animations             0.0 kb	 0.0% 
Sounds                 0.0 kb	 0.0% 
Shaders                0.0 kb	 0.0% 
Other Assets           0.2 kb	 4.4% 
Levels                 0.0 kb	 0.0% 
File headers           3.9 kb	 95.6% 
Total User Assets      4.1 kb	 100.0% 
Complete build size    4.1 kb
Used Assets and files from the Resources folder, sorted by uncompressed size:
 0.1 kb	 2.5% AssetBundle Object
 0.1 kb	 2.0% Built-in AssetBundleManifest: AssetBundleManifest
-------------------------------------------------------------------------------
2026-10-03 23:39:56.934 Unity[70359:52515712] NSEventModifierFlagFunction specified to -setKeyEquivalentModifierMask: for item <NSMenuItem: 0xae60243c0 SDF, ke='Command-F12'>, but is only supported for system-provided menu items; will not be used

***Player size statistics***
Total compressed size 1.5 KB. Total uncompressed size 4.1 KB.
Unloading 8 Unused Serialized files (Serialized files now loaded: 0)
Unloading 574 unused Assets / (0.8 MB). Loaded Objects now: 1826.
Memory consumption went from 144.4 MB to 143.6 MB.
Total: 5.267208 ms (FindLiveObjects: 0.065250 ms CreateObjectMapping: 0.027041 ms MarkObjects: 4.826875 ms  DeleteObjects: 0.347792 ms)


-------------------------------------------------------------------------------
Bundle Name: account-rewards-config-bundles
Compressed Size:1.5 kb
Uncompressed usage by category (Percentages based on user generated assets only):
Textures               0.0 kb	 0.0% 
Meshes                 0.0 kb	 0.0% 
Animations             0.0 kb	 0.0% 
Sounds                 0.0 kb	 0.0% 
Shaders                0.0 kb	 0.0% 
Other Assets           0.2 kb	 4.4% 
Levels                 0.0 kb	 0.0% 
File headers           3.9 kb	 95.6% 
Total User Assets      4.1 kb	 100.0% 
Complete build size    4.1 kb
Used Assets and files from the Resources folder, sorted by uncompressed size:
 0.1 kb	 2.5% AssetBundle Object
 0.1 kb	 2.0% Built-in AssetBundleManifest: AssetBundleManifest
-------------------------------------------------------------------------------
2026-10-03 23:39:56.994 Unity[70359:52515712] NSEventModifierFlagFunction specified to -setKeyEquivalentModifierMask: for item <NSMenuItem: 0xae64705a0 SDF, ke='Command-F12'>, but is only supported for system-provided menu items; will not be used

***Player size statistics***
Total compressed size 1.5 KB. Total uncompressed size 4.1 KB.
Unloading 82 Unused Serialized files (Serialized files now loaded: 0)
Unloading 497 unused Assets / (32.8 KB). Loaded Objects now: 3615.
Memory consumption went from 154.7 MB to 154.6 MB.
Total: 5.221958 ms (FindLiveObjects: 0.137792 ms CreateObjectMapping: 0.037791 ms MarkObjects: 4.853042 ms  DeleteObjects: 0.193166 ms)


-------------------------------------------------------------------------------
Bundle Name: top-info-effects-native-bundle
Compressed Size:1.5 kb
Uncompressed usage by category (Percentages based on user generated assets only):
Textures               0.0 kb	 0.0% 
Meshes                 0.0 kb	 0.0% 
Animations             0.0 kb	 0.0% 
Sounds                 0.0 kb	 0.0% 
Shaders                0.0 kb	 0.0% 
Other Assets           0.2 kb	 4.4% 
Levels                 0.0 kb	 0.0% 
File headers           3.9 kb	 95.6% 
Total User Assets      4.1 kb	 100.0% 
Complete build size    4.1 kb
Used Assets and files from the Resources folder, sorted by uncompressed size:
 0.1 kb	 2.5% AssetBundle Object
 0.1 kb	 2.0% Built-in AssetBundleManifest: AssetBundleManifest
-------------------------------------------------------------------------------
2026-10-03 23:39:57.015 Unity[70359:52515712] NSEventModifierFlagFunction specified to -setKeyEquivalentModifierMask: for item <NSMenuItem: 0xae72f7ac0 SDF, ke='Command-F12'>, but is only supported for system-provided menu items; will not be used

***Player size statistics***
Total compressed size 1.5 KB. Total uncompressed size 4.1 KB.
Unloading 8 Unused Serialized files (Serialized files now loaded: 0)
Unloading 574 unused Assets / (0.8 MB). Loaded Objects now: 1826.
Memory consumption went from 144.4 MB to 143.6 MB.
Total: 5.391250 ms (FindLiveObjects: 0.054375 ms CreateObjectMapping: 0.022875 ms MarkObjects: 4.924625 ms  DeleteObjects: 0.388958 ms)


-------------------------------------------------------------------------------
Bundle Name: account-rewards-config-bundles
Compressed Size:1.5 kb
Uncompressed usage by category (Percentages based on user generated assets only):
Textures               0.0 kb	 0.0% 
Meshes                 0.0 kb	 0.0% 
Animations             0.0 kb	 0.0% 
Sounds                 0.0 kb	 0.0% 
Shaders                0.0 kb	 0.0% 
Other Assets           0.2 kb	 4.4% 
Levels                 0.0 kb	 0.0% 
File headers           3.9 kb	 95.6% 
Total User Assets      4.1 kb	 100.0% 
Complete build size    4.1 kb
Used Assets and files from the Resources folder, sorted by uncompressed size:
 0.1 kb	 2.5% AssetBundle Object
 0.1 kb	 2.0% Built-in AssetBundleManifest: AssetBundleManifest
-------------------------------------------------------------------------------
2026-10-03 23:39:57.075 Unity[70359:52515712] NSEventModifierFlagFunction specified to -setKeyEquivalentModifierMask: for item <NSMenuItem: 0xae619ec60 SDF, ke='Command-F12'>, but is only supported for system-provided menu items; will not be used

***Player size statistics***
Total compressed size 1.5 KB. Total uncompressed size 4.1 KB.
Unloading 82 Unused Serialized files (Serialized files now loaded: 0)
Unloading 497 unused Assets / (33.2 KB). Loaded Objects now: 3615.
Memory consumption went from 154.3 MB to 154.3 MB.
Total: 5.406292 ms (FindLiveObjects: 0.104708 ms CreateObjectMapping: 0.042208 ms MarkObjects: 5.110166 ms  DeleteObjects: 0.148917 ms)


-------------------------------------------------------------------------------
Bundle Name: top-info-effects-native-bundle
Compressed Size:1.5 kb
Uncompressed usage by category (Percentages based on user generated assets only):
Textures               0.0 kb	 0.0% 
Meshes                 0.0 kb	 0.0% 
Animations             0.0 kb	 0.0% 
Sounds                 0.0 kb	 0.0% 
Shaders                0.0 kb	 0.0% 
Other Assets           0.2 kb	 4.4% 
Levels                 0.0 kb	 0.0% 
File headers           3.9 kb	 95.6% 
Total User Assets      4.1 kb	 100.0% 
Complete build size    4.1 kb
Used Assets and files from the Resources folder, sorted by uncompressed size:
 0.1 kb	 2.5% AssetBundle Object
 0.1 kb	 2.0% Built-in AssetBundleManifest: AssetBundleManifest
-------------------------------------------------------------------------------
2026-10-03 23:39:57.096 Unity[70359:52515712] NSEventModifierFlagFunction specified to -setKeyEquivalentModifierMask: for item <NSMenuItem: 0xae619f160 SDF, ke='Command-F12'>, but is only supported for system-provided menu items; will not be used

***Player size statistics***
Total compressed size 1.5 KB. Total uncompressed size 4.1 KB.
Unloading 8 Unused Serialized files (Serialized files now loaded: 0)
Unloading 574 unused Assets / (0.8 MB). Loaded Objects now: 1826.
Memory consumption went from 144.2 MB to 143.4 MB.
Total: 5.502125 ms (FindLiveObjects: 0.066875 ms CreateObjectMapping: 0.025292 ms MarkObjects: 4.912833 ms  DeleteObjects: 0.496625 ms)


-------------------------------------------------------------------------------
Bundle Name: account-rewards-config-bundles
Compressed Size:1.5 kb
Uncompressed usage by category (Percentages based on user generated assets only):
Textures               0.0 kb	 0.0% 
Meshes                 0.0 kb	 0.0% 
Animations             0.0 kb	 0.0% 
Sounds                 0.0 kb	 0.0% 
Shaders                0.0 kb	 0.0% 
Other Assets           0.2 kb	 4.4% 
Levels                 0.0 kb	 0.0% 
File headers           3.9 kb	 95.6% 
Total User Assets      4.1 kb	 100.0% 
Complete build size    4.1 kb
Used Assets and files from the Resources folder, sorted by uncompressed size:
 0.1 kb	 2.5% AssetBundle Object
 0.1 kb	 2.0% Built-in AssetBundleManifest: AssetBundleManifest
-------------------------------------------------------------------------------
2026-10-03 23:39:57.154 Unity[70359:52515712] NSEventModifierFlagFunction specified to -setKeyEquivalentModifierMask: for item <NSMenuItem: 0xae619e3a0 SDF, ke='Command-F12'>, but is only supported for system-provided menu items; will not be used

***Player size statistics***
Total compressed size 1.5 KB. Total uncompressed size 4.1 KB.
Unloading 82 Unused Serialized files (Serialized files now loaded: 0)
Unloading 497 unused Assets / (32.8 KB). Loaded Objects now: 3615.
Memory consumption went from 154.3 MB to 154.3 MB.
Total: 5.057916 ms (FindLiveObjects: 0.131167 ms CreateObjectMapping: 0.036291 ms MarkObjects: 4.730709 ms  DeleteObjects: 0.159417 ms)


-------------------------------------------------------------------------------
Bundle Name: top-info-effects-native-bundle
Compressed Size:1.5 kb
Uncompressed usage by category (Percentages based on user generated assets only):
Textures               0.0 kb	 0.0% 
Meshes                 0.0 kb	 0.0% 
Animations             0.0 kb	 0.0% 
Sounds                 0.0 kb	 0.0% 
Shaders                0.0 kb	 0.0% 
Other Assets           0.2 kb	 4.4% 
Levels                 0.0 kb	 0.0% 
File headers           3.9 kb	 95.6% 
Total User Assets      4.1 kb	 100.0% 
Complete build size    4.1 kb
Used Assets and files from the Resources folder, sorted by uncompressed size:
 0.1 kb	 2.5% AssetBundle Object
 0.1 kb	 2.0% Built-in AssetBundleManifest: AssetBundleManifest
-------------------------------------------------------------------------------
2026-10-03 23:39:57.178 Unity[70359:52515712] NSEventModifierFlagFunction specified to -setKeyEquivalentModifierMask: for item <NSMenuItem: 0xae64235c0 SDF, ke='Command-F12'>, but is only supported for system-provided menu items; will not be used

***Player size statistics***
Total compressed size 1.5 KB. Total uncompressed size 4.1 KB.
Unloading 8 Unused Serialized files (Serialized files now loaded: 0)
Unloading 574 unused Assets / (0.8 MB). Loaded Objects now: 1826.
Memory consumption went from 144.1 MB to 143.2 MB.
Total: 5.499792 ms (FindLiveObjects: 0.065709 ms CreateObjectMapping: 0.026500 ms MarkObjects: 4.863125 ms  DeleteObjects: 0.544209 ms)


-------------------------------------------------------------------------------
Bundle Name: account-rewards-config-bundles
Compressed Size:1.5 kb
Uncompressed usage by category (Percentages based on user generated assets only):
Textures               0.0 kb	 0.0% 
Meshes                 0.0 kb	 0.0% 
Animations             0.0 kb	 0.0% 
Sounds                 0.0 kb	 0.0% 
Shaders                0.0 kb	 0.0% 
Other Assets           0.2 kb	 4.4% 
Levels                 0.0 kb	 0.0% 
File headers           3.9 kb	 95.6% 
Total User Assets      4.1 kb	 100.0% 
Complete build size    4.1 kb
Used Assets and files from the Resources folder, sorted by uncompressed size:
 0.1 kb	 2.5% AssetBundle Object
 0.1 kb	 2.0% Built-in AssetBundleManifest: AssetBundleManifest
-------------------------------------------------------------------------------
2026-10-03 23:39:57.240 Unity[70359:52515712] NSEventModifierFlagFunction specified to -setKeyEquivalentModifierMask: for item <NSMenuItem: 0xae62530c0 SDF, ke='Command-F12'>, but is only supported for system-provided menu items; will not be used

***Player size statistics***
Total compressed size 1.5 KB. Total uncompressed size 4.1 KB.
Unloading 82 Unused Serialized files (Serialized files now loaded: 0)
Unloading 497 unused Assets / (33.9 KB). Loaded Objects now: 3615.
Memory consumption went from 154.0 MB to 153.9 MB.
Total: 5.271083 ms (FindLiveObjects: 0.106792 ms CreateObjectMapping: 0.035875 ms MarkObjects: 4.967875 ms  DeleteObjects: 0.160291 ms)


-------------------------------------------------------------------------------
Bundle Name: top-info-effects-native-bundle
Compressed Size:1.5 kb
Uncompressed usage by category (Percentages based on user generated assets only):
Textures               0.0 kb	 0.0% 
Meshes                 0.0 kb	 0.0% 
Animations             0.0 kb	 0.0% 
Sounds                 0.0 kb	 0.0% 
Shaders                0.0 kb	 0.0% 
Other Assets           0.2 kb	 4.4% 
Levels                 0.0 kb	 0.0% 
File headers           3.9 kb	 95.6% 
Total User Assets      4.1 kb	 100.0% 
Complete build size    4.1 kb
Used Assets and files from the Resources folder, sorted by uncompressed size:
 0.1 kb	 2.5% AssetBundle Object
 0.1 kb	 2.0% Built-in AssetBundleManifest: AssetBundleManifest
-------------------------------------------------------------------------------
2026-10-03 23:39:57.259 Unity[70359:52515712] NSEventModifierFlagFunction specified to -setKeyEquivalentModifierMask: for item <NSMenuItem: 0xae6252b20 SDF, ke='Command-F12'>, but is only supported for system-provided menu items; will not be used

***Player size statistics***
Total compressed size 1.5 KB. Total uncompressed size 4.1 KB.
Unloading 8 Unused Serialized files (Serialized files now loaded: 0)
Unloading 574 unused Assets / (0.8 MB). Loaded Objects now: 1826.
Memory consumption went from 143.9 MB to 143.0 MB.
Total: 5.223083 ms (FindLiveObjects: 0.071042 ms CreateObjectMapping: 0.025625 ms MarkObjects: 4.786500 ms  DeleteObjects: 0.339708 ms)


-------------------------------------------------------------------------------
Bundle Name: account-rewards-config-bundles
Compressed Size:1.5 kb
Uncompressed usage by category (Percentages based on user generated assets only):
Textures               0.0 kb	 0.0% 
Meshes                 0.0 kb	 0.0% 
Animations             0.0 kb	 0.0% 
Sounds                 0.0 kb	 0.0% 
Shaders                0.0 kb	 0.0% 
Other Assets           0.2 kb	 4.4% 
Levels                 0.0 kb	 0.0% 
File headers           3.9 kb	 95.6% 
Total User Assets      4.1 kb	 100.0% 
Complete build size    4.1 kb
Used Assets and files from the Resources folder, sorted by uncompressed size:
 0.1 kb	 2.5% AssetBundle Object
 0.1 kb	 2.0% Built-in AssetBundleManifest: AssetBundleManifest
-------------------------------------------------------------------------------
2026-10-03 23:39:57.318 Unity[70359:52515712] NSEventModifierFlagFunction specified to -setKeyEquivalentModifierMask: for item <NSMenuItem: 0xae615bde0 SDF, ke='Command-F12'>, but is only supported for system-provided menu items; will not be used

***Player size statistics***
Total compressed size 1.5 KB. Total uncompressed size 4.1 KB.
Unloading 82 Unused Serialized files (Serialized files now loaded: 0)
Unloading 497 unused Assets / (32.5 KB). Loaded Objects now: 3615.
Memory consumption went from 153.9 MB to 153.9 MB.
Total: 4.936208 ms (FindLiveObjects: 0.139750 ms CreateObjectMapping: 0.037542 ms MarkObjects: 4.604666 ms  DeleteObjects: 0.154000 ms)


-------------------------------------------------------------------------------
Bundle Name: top-info-effects-native-bundle
Compressed Size:1.5 kb
Uncompressed usage by category (Percentages based on user generated assets only):
Textures               0.0 kb	 0.0% 
Meshes                 0.0 kb	 0.0% 
Animations             0.0 kb	 0.0% 
Sounds                 0.0 kb	 0.0% 
Shaders                0.0 kb	 0.0% 
Other Assets           0.2 kb	 4.4% 
Levels                 0.0 kb	 0.0% 
File headers           3.9 kb	 95.6% 
Total User Assets      4.1 kb	 100.0% 
Complete build size    4.1 kb
Used Assets and files from the Resources folder, sorted by uncompressed size:
 0.1 kb	 2.5% AssetBundle Object
 0.1 kb	 2.0% Built-in AssetBundleManifest: AssetBundleManifest
-------------------------------------------------------------------------------
2026-10-03 23:39:57.343 Unity[70359:52515712] NSEventModifierFlagFunction specified to -setKeyEquivalentModifierMask: for item <NSMenuItem: 0xae619f8e0 SDF, ke='Command-F12'>, but is only supported for system-provided menu items; will not be used

***Player size statistics***
Total compressed size 1.5 KB. Total uncompressed size 4.1 KB.
Unloading 8 Unused Serialized files (Serialized files now loaded: 0)
Unloading 574 unused Assets / (0.8 MB). Loaded Objects now: 1826.
Memory consumption went from 143.7 MB to 142.8 MB.
Total: 5.364583 ms (FindLiveObjects: 0.058875 ms CreateObjectMapping: 0.027834 ms MarkObjects: 4.749292 ms  DeleteObjects: 0.528291 ms)


-------------------------------------------------------------------------------
Bundle Name: account-rewards-config-bundles
Compressed Size:1.5 kb
Uncompressed usage by category (Percentages based on user generated assets only):
Textures               0.0 kb	 0.0% 
Meshes                 0.0 kb	 0.0% 
Animations             0.0 kb	 0.0% 
Sounds                 0.0 kb	 0.0% 
Shaders                0.0 kb	 0.0% 
Other Assets           0.2 kb	 4.4% 
Levels                 0.0 kb	 0.0% 
File headers           3.9 kb	 95.6% 
Total User Assets      4.1 kb	 100.0% 
Complete build size    4.1 kb
Used Assets and files from the Resources folder, sorted by uncompressed size:
 0.1 kb	 2.5% AssetBundle Object
 0.1 kb	 2.0% Built-in AssetBundleManifest: AssetBundleManifest
-------------------------------------------------------------------------------
2026-10-03 23:39:57.399 Unity[70359:52515712] NSEventModifierFlagFunction specified to -setKeyEquivalentModifierMask: for item <NSMenuItem: 0xae6253f20 SDF, ke='Command-F12'>, but is only supported for system-provided menu items; will not be used

***Player size statistics***
Total compressed size 1.5 KB. Total uncompressed size 4.1 KB.
Unloading 82 Unused Serialized files (Serialized files now loaded: 0)
Unloading 497 unused Assets / (33.5 KB). Loaded Objects now: 3615.
Memory consumption went from 153.6 MB to 153.6 MB.
Total: 4.978958 ms (FindLiveObjects: 0.151041 ms CreateObjectMapping: 0.042667 ms MarkObjects: 4.634250 ms  DeleteObjects: 0.150791 ms)


-------------------------------------------------------------------------------
Bundle Name: top-info-effects-native-bundle
Compressed Size:1.5 kb
Uncompressed usage by category (Percentages based on user generated assets only):
Textures               0.0 kb	 0.0% 
Meshes                 0.0 kb	 0.0% 
Animations             0.0 kb	 0.0% 
Sounds                 0.0 kb	 0.0% 
Shaders                0.0 kb	 0.0% 
Other Assets           0.2 kb	 4.4% 
Levels                 0.0 kb	 0.0% 
File headers           3.9 kb	 95.6% 
Total User Assets      4.1 kb	 100.0% 
Complete build size    4.1 kb
Used Assets and files from the Resources folder, sorted by uncompressed size:
 0.1 kb	 2.5% AssetBundle Object
 0.1 kb	 2.0% Built-in AssetBundleManifest: AssetBundleManifest
-------------------------------------------------------------------------------
2026-10-03 23:39:57.424 Unity[70359:52515712] NSEventModifierFlagFunction specified to -setKeyEquivalentModifierMask: for item <NSMenuItem: 0xae62524e0 SDF, ke='Command-F12'>, but is only supported for system-provided menu items; will not be used

***Player size statistics***
Total compressed size 1.5 KB. Total uncompressed size 4.1 KB.
Unloading 8 Unused Serialized files (Serialized files now loaded: 0)
Unloading 574 unused Assets / (0.8 MB). Loaded Objects now: 1826.
Memory consumption went from 143.5 MB to 142.7 MB.
Total: 5.257792 ms (FindLiveObjects: 0.057500 ms CreateObjectMapping: 0.024500 ms MarkObjects: 4.658541 ms  DeleteObjects: 0.516958 ms)


-------------------------------------------------------------------------------
Bundle Name: account-rewards-config-bundles
Compressed Size:1.5 kb
Uncompressed usage by category (Percentages based on user generated assets only):
Textures               0.0 kb	 0.0% 
Meshes                 0.0 kb	 0.0% 
Animations             0.0 kb	 0.0% 
Sounds                 0.0 kb	 0.0% 
Shaders                0.0 kb	 0.0% 
Other Assets           0.2 kb	 4.4% 
Levels                 0.0 kb	 0.0% 
File headers           3.9 kb	 95.6% 
Total User Assets      4.1 kb	 100.0% 
Complete build size    4.1 kb
Used Assets and files from the Resources folder, sorted by uncompressed size:
 0.1 kb	 2.5% AssetBundle Object
 0.1 kb	 2.0% Built-in AssetBundleManifest: AssetBundleManifest
-------------------------------------------------------------------------------
2026-10-03 23:39:57.480 Unity[70359:52515712] NSEventModifierFlagFunction specified to -setKeyEquivalentModifierMask: for item <NSMenuItem: 0xae60248c0 SDF, ke='Command-F12'>, but is only supported for system-provided menu items; will not be used

***Player size statistics***
Total compressed size 1.5 KB. Total uncompressed size 4.1 KB.
Unloading 82 Unused Serialized files (Serialized files now loaded: 0)
Unloading 497 unused Assets / (32.2 KB). Loaded Objects now: 3615.
Memory consumption went from 153.6 MB to 153.6 MB.
Total: 5.256209 ms (FindLiveObjects: 0.115291 ms CreateObjectMapping: 0.034709 ms MarkObjects: 4.935250 ms  DeleteObjects: 0.170709 ms)


-------------------------------------------------------------------------------
Bundle Name: top-info-effects-native-bundle
Compressed Size:1.5 kb
Uncompressed usage by category (Percentages based on user generated assets only):
Textures               0.0 kb	 0.0% 
Meshes                 0.0 kb	 0.0% 
Animations             0.0 kb	 0.0% 
Sounds                 0.0 kb	 0.0% 
Shaders                0.0 kb	 0.0% 
Other Assets           0.2 kb	 4.4% 
Levels                 0.0 kb	 0.0% 
File headers           3.9 kb	 95.6% 
Total User Assets      4.1 kb	 100.0% 
Complete build size    4.1 kb
Used Assets and files from the Resources folder, sorted by uncompressed size:
 0.1 kb	 2.5% AssetBundle Object
 0.1 kb	 2.0% Built-in AssetBundleManifest: AssetBundleManifest
-------------------------------------------------------------------------------
2026-10-03 23:39:57.504 Unity[70359:52515712] NSEventModifierFlagFunction specified to -setKeyEquivalentModifierMask: for item <NSMenuItem: 0xae6251680 SDF, ke='Command-F12'>, but is only supported for system-provided menu items; will not be used

***Player size statistics***
Total compressed size 1.5 KB. Total uncompressed size 4.1 KB.
Unloading 8 Unused Serialized files (Serialized files now loaded: 0)
Unloading 574 unused Assets / (0.8 MB). Loaded Objects now: 1826.
Memory consumption went from 143.4 MB to 142.5 MB.
Total: 5.002708 ms (FindLiveObjects: 0.064500 ms CreateObjectMapping: 0.025084 ms MarkObjects: 4.573625 ms  DeleteObjects: 0.339250 ms)


-------------------------------------------------------------------------------
Bundle Name: account-rewards-config-bundles
Compressed Size:1.5 kb
Uncompressed usage by category (Percentages based on user generated assets only):
Textures               0.0 kb	 0.0% 
Meshes                 0.0 kb	 0.0% 
Animations             0.0 kb	 0.0% 
Sounds                 0.0 kb	 0.0% 
Shaders                0.0 kb	 0.0% 
Other Assets           0.2 kb	 4.4% 
Levels                 0.0 kb	 0.0% 
File headers           3.9 kb	 95.6% 
Total User Assets      4.1 kb	 100.0% 
Complete build size    4.1 kb
Used Assets and files from the Resources folder, sorted by uncompressed size:
 0.1 kb	 2.5% AssetBundle Object
 0.1 kb	 2.0% Built-in AssetBundleManifest: AssetBundleManifest
-------------------------------------------------------------------------------
2026-10-03 23:39:57.560 Unity[70359:52515712] NSEventModifierFlagFunction specified to -setKeyEquivalentModifierMask: for item <NSMenuItem: 0xae7296d00 SDF, ke='Command-F12'>, but is only supported for system-provided menu items; will not be used

***Player size statistics***
Total compressed size 1.5 KB. Total uncompressed size 4.1 KB.
Unloading 82 Unused Serialized files (Serialized files now loaded: 0)
Unloading 497 unused Assets / (33.7 KB). Loaded Objects now: 3615.
Memory consumption went from 153.3 MB to 153.2 MB.
Total: 5.414000 ms (FindLiveObjects: 0.136958 ms CreateObjectMapping: 0.038334 ms MarkObjects: 5.078125 ms  DeleteObjects: 0.160125 ms)


-------------------------------------------------------------------------------
Bundle Name: top-info-effects-native-bundle
Compressed Size:1.5 kb
Uncompressed usage by category (Percentages based on user generated assets only):
Textures               0.0 kb	 0.0% 
Meshes                 0.0 kb	 0.0% 
Animations             0.0 kb	 0.0% 
Sounds                 0.0 kb	 0.0% 
Shaders                0.0 kb	 0.0% 
Other Assets           0.2 kb	 4.4% 
Levels                 0.0 kb	 0.0% 
File headers           3.9 kb	 95.6% 
Total User Assets      4.1 kb	 100.0% 
Complete build size    4.1 kb
Used Assets and files from the Resources folder, sorted by uncompressed size:
 0.1 kb	 2.5% AssetBundle Object
 0.1 kb	 2.0% Built-in AssetBundleManifest: AssetBundleManifest
-------------------------------------------------------------------------------
2026-10-03 23:39:57.585 Unity[70359:52515712] NSEventModifierFlagFunction specified to -setKeyEquivalentModifierMask: for item <NSMenuItem: 0xae63e6b20 SDF, ke='Command-F12'>, but is only supported for system-provided menu items; will not be used

***Player size statistics***
Total compressed size 1.5 KB. Total uncompressed size 4.1 KB.
Unloading 8 Unused Serialized files (Serialized files now loaded: 0)
Unloading 574 unused Assets / (0.8 MB). Loaded Objects now: 1826.
Memory consumption went from 143.2 MB to 142.4 MB.
Total: 5.119417 ms (FindLiveObjects: 0.059041 ms CreateObjectMapping: 0.025375 ms MarkObjects: 4.668750 ms  DeleteObjects: 0.365875 ms)


-------------------------------------------------------------------------------
Bundle Name: account-rewards-config-bundles
Compressed Size:1.5 kb
Uncompressed usage by category (Percentages based on user generated assets only):
Textures               0.0 kb	 0.0% 
Meshes                 0.0 kb	 0.0% 
Animations             0.0 kb	 0.0% 
Sounds                 0.0 kb	 0.0% 
Shaders                0.0 kb	 0.0% 
Other Assets           0.2 kb	 4.4% 
Levels                 0.0 kb	 0.0% 
File headers           3.9 kb	 95.6% 
Total User Assets      4.1 kb	 100.0% 
Complete build size    4.1 kb
Used Assets and files from the Resources folder, sorted by uncompressed size:
 0.1 kb	 2.5% AssetBundle Object
 0.1 kb	 2.0% Built-in AssetBundleManifest: AssetBundleManifest
-------------------------------------------------------------------------------
2026-10-03 23:39:57.641 Unity[70359:52515712] NSEventModifierFlagFunction specified to -setKeyEquivalentModifierMask: for item <NSMenuItem: 0xae63e6a80 SDF, ke='Command-F12'>, but is only supported for system-provided menu items; will not be used

***Player size statistics***
Total compressed size 1.5 KB. Total uncompressed size 4.1 KB.
Unloading 82 Unused Serialized files (Serialized files now loaded: 0)
Unloading 497 unused Assets / (32.8 KB). Loaded Objects now: 3615.
Memory consumption went from 153.6 MB to 153.5 MB.
Total: 5.320333 ms (FindLiveObjects: 0.099458 ms CreateObjectMapping: 0.034750 ms MarkObjects: 4.990875 ms  DeleteObjects: 0.195000 ms)


-------------------------------------------------------------------------------
Bundle Name: top-info-effects-native-bundle
Compressed Size:1.5 kb
Uncompressed usage by category (Percentages based on user generated assets only):
Textures               0.0 kb	 0.0% 
Meshes                 0.0 kb	 0.0% 
Animations             0.0 kb	 0.0% 
Sounds                 0.0 kb	 0.0% 
Shaders                0.0 kb	 0.0% 
Other Assets           0.2 kb	 4.4% 
Levels                 0.0 kb	 0.0% 
File headers           3.9 kb	 95.6% 
Total User Assets      4.1 kb	 100.0% 
Complete build size    4.1 kb
Used Assets and files from the Resources folder, sorted by uncompressed size:
 0.1 kb	 2.5% AssetBundle Object
 0.1 kb	 2.0% Built-in AssetBundleManifest: AssetBundleManifest
-------------------------------------------------------------------------------
2026-10-03 23:39:57.666 Unity[70359:52515712] NSEventModifierFlagFunction specified to -setKeyEquivalentModifierMask: for item <NSMenuItem: 0xae61595e0 SDF, ke='Command-F12'>, but is only supported for system-provided menu items; will not be used

***Player size statistics***
Total compressed size 1.5 KB. Total uncompressed size 4.1 KB.
Unloading 8 Unused Serialized files (Serialized files now loaded: 0)
Unloading 574 unused Assets / (0.8 MB). Loaded Objects now: 1826.
Memory consumption went from 143.4 MB to 142.6 MB.
Total: 5.464458 ms (FindLiveObjects: 0.072666 ms CreateObjectMapping: 0.026375 ms MarkObjects: 4.894042 ms  DeleteObjects: 0.471208 ms)


-------------------------------------------------------------------------------
Bundle Name: account-rewards-config-bundles
Compressed Size:1.5 kb
Uncompressed usage by category (Percentages based on user generated assets only):
Textures               0.0 kb	 0.0% 
Meshes                 0.0 kb	 0.0% 
Animations             0.0 kb	 0.0% 
Sounds                 0.0 kb	 0.0% 
Shaders                0.0 kb	 0.0% 
Other Assets           0.2 kb	 4.4% 
Levels                 0.0 kb	 0.0% 
File headers           3.9 kb	 95.6% 
Total User Assets      4.1 kb	 100.0% 
Complete build size    4.1 kb
Used Assets and files from the Resources folder, sorted by uncompressed size:
 0.1 kb	 2.5% AssetBundle Object
 0.1 kb	 2.0% Built-in AssetBundleManifest: AssetBundleManifest
-------------------------------------------------------------------------------
2026-10-03 23:39:57.723 Unity[70359:52515712] NSEventModifierFlagFunction specified to -setKeyEquivalentModifierMask: for item <NSMenuItem: 0xae63300a0 SDF, ke='Command-F12'>, but is only supported for system-provided menu items; will not be used

***Player size statistics***
Total compressed size 1.5 KB. Total uncompressed size 4.1 KB.
Unloading 82 Unused Serialized files (Serialized files now loaded: 0)
Unloading 497 unused Assets / (33.8 KB). Loaded Objects now: 3615.
Memory consumption went from 153.3 MB to 153.3 MB.
Total: 5.409708 ms (FindLiveObjects: 0.098292 ms CreateObjectMapping: 0.033875 ms MarkObjects: 5.113417 ms  DeleteObjects: 0.163750 ms)


-------------------------------------------------------------------------------
Bundle Name: top-info-effects-native-bundle
Compressed Size:1.5 kb
Uncompressed usage by category (Percentages based on user generated assets only):
Textures               0.0 kb	 0.0% 
Meshes                 0.0 kb	 0.0% 
Animations             0.0 kb	 0.0% 
Sounds                 0.0 kb	 0.0% 
Shaders                0.0 kb	 0.0% 
Other Assets           0.2 kb	 4.4% 
Levels                 0.0 kb	 0.0% 
File headers           3.9 kb	 95.6% 
Total User Assets      4.1 kb	 100.0% 
Complete build size    4.1 kb
Used Assets and files from the Resources folder, sorted by uncompressed size:
 0.1 kb	 2.5% AssetBundle Object
 0.1 kb	 2.0% Built-in AssetBundleManifest: AssetBundleManifest
-------------------------------------------------------------------------------
2026-10-03 23:39:57.744 Unity[70359:52515712] NSEventModifierFlagFunction specified to -setKeyEquivalentModifierMask: for item <NSMenuItem: 0xae5c9ef80 SDF, ke='Command-F12'>, but is only supported for system-provided menu items; will not be used

***Player size statistics***
Total compressed size 1.5 KB. Total uncompressed size 4.1 KB.
Unloading 8 Unused Serialized files (Serialized files now loaded: 0)
Unloading 574 unused Assets / (0.8 MB). Loaded Objects now: 1826.
Memory consumption went from 143.2 MB to 142.4 MB.
Total: 5.326000 ms (FindLiveObjects: 0.062833 ms CreateObjectMapping: 0.026333 ms MarkObjects: 4.878584 ms  DeleteObjects: 0.358041 ms)


-------------------------------------------------------------------------------
Bundle Name: account-rewards-config-bundles
Compressed Size:1.5 kb
Uncompressed usage by category (Percentages based on user generated assets only):
Textures               0.0 kb	 0.0% 
Meshes                 0.0 kb	 0.0% 
Animations             0.0 kb	 0.0% 
Sounds                 0.0 kb	 0.0% 
Shaders                0.0 kb	 0.0% 
Other Assets           0.2 kb	 4.4% 
Levels                 0.0 kb	 0.0% 
File headers           3.9 kb	 95.6% 
Total User Assets      4.1 kb	 100.0% 
Complete build size    4.1 kb
Used Assets and files from the Resources folder, sorted by uncompressed size:
 0.1 kb	 2.5% AssetBundle Object
 0.1 kb	 2.0% Built-in AssetBundleManifest: AssetBundleManifest
-------------------------------------------------------------------------------
2026-10-03 23:39:57.808 Unity[70359:52515712] NSEventModifierFlagFunction specified to -setKeyEquivalentModifierMask: for item <NSMenuItem: 0xae5c9d680 SDF, ke='Command-F12'>, but is only supported for system-provided menu items; will not be used

***Player size statistics***
Total compressed size 1.5 KB. Total uncompressed size 4.1 KB.
Unloading 82 Unused Serialized files (Serialized files now loaded: 0)
Unloading 497 unused Assets / (32.8 KB). Loaded Objects now: 3615.
Memory consumption went from 153.3 MB to 153.3 MB.
Total: 5.518000 ms (FindLiveObjects: 0.108375 ms CreateObjectMapping: 0.033250 ms MarkObjects: 5.210375 ms  DeleteObjects: 0.165750 ms)


-------------------------------------------------------------------------------
Bundle Name: top-info-effects-native-bundle
Compressed Size:1.5 kb
Uncompressed usage by category (Percentages based on user generated assets only):
Textures               0.0 kb	 0.0% 
Meshes                 0.0 kb	 0.0% 
Animations             0.0 kb	 0.0% 
Sounds                 0.0 kb	 0.0% 
Shaders                0.0 kb	 0.0% 
Other Assets           0.2 kb	 4.4% 
Levels                 0.0 kb	 0.0% 
File headers           3.9 kb	 95.6% 
Total User Assets      4.1 kb	 100.0% 
Complete build size    4.1 kb
Used Assets and files from the Resources folder, sorted by uncompressed size:
 0.1 kb	 2.5% AssetBundle Object
 0.1 kb	 2.0% Built-in AssetBundleManifest: AssetBundleManifest
-------------------------------------------------------------------------------
2026-10-03 23:39:57.848 Unity[70359:52515712] NSEventModifierFlagFunction specified to -setKeyEquivalentModifierMask: for item <NSMenuItem: 0xae5c9fc00 SDF, ke='Command-F12'>, but is only supported for system-provided menu items; will not be used

***Player size statistics***
Total compressed size 1.5 KB. Total uncompressed size 4.1 KB.
Unloading 8 Unused Serialized files (Serialized files now loaded: 0)
Unloading 574 unused Assets / (0.7 MB). Loaded Objects now: 1826.
Memory consumption went from 143.3 MB to 142.6 MB.
Total: 5.347542 ms (FindLiveObjects: 0.084125 ms CreateObjectMapping: 0.026667 ms MarkObjects: 4.753666 ms  DeleteObjects: 0.482667 ms)


-------------------------------------------------------------------------------
Bundle Name: account-rewards-config-bundles
Compressed Size:1.5 kb
Uncompressed usage by category (Percentages based on user generated assets only):
Textures               0.0 kb	 0.0% 
Meshes                 0.0 kb	 0.0% 
Animations             0.0 kb	 0.0% 
Sounds                 0.0 kb	 0.0% 
Shaders                0.0 kb	 0.0% 
Other Assets           0.2 kb	 4.4% 
Levels                 0.0 kb	 0.0% 
File headers           3.9 kb	 95.6% 
Total User Assets      4.1 kb	 100.0% 
Complete build size    4.1 kb
Used Assets and files from the Resources folder, sorted by uncompressed size:
 0.1 kb	 2.5% AssetBundle Object
 0.1 kb	 2.0% Built-in AssetBundleManifest: AssetBundleManifest
-------------------------------------------------------------------------------
2026-10-03 23:39:57.906 Unity[70359:52515712] NSEventModifierFlagFunction specified to -setKeyEquivalentModifierMask: for item <NSMenuItem: 0xae5c9dfe0 SDF, ke='Command-F12'>, but is only supported for system-provided menu items; will not be used

***Player size statistics***
Total compressed size 1.5 KB. Total uncompressed size 4.1 KB.
Unloading 82 Unused Serialized files (Serialized files now loaded: 0)
Unloading 497 unused Assets / (32.8 KB). Loaded Objects now: 3615.
Memory consumption went from 153.2 MB to 153.2 MB.
Total: 5.213375 ms (FindLiveObjects: 0.124167 ms CreateObjectMapping: 0.035166 ms MarkObjects: 4.803875 ms  DeleteObjects: 0.249875 ms)


-------------------------------------------------------------------------------
Bundle Name: top-info-effects-native-bundle
Compressed Size:1.5 kb
Uncompressed usage by category (Percentages based on user generated assets only):
Textures               0.0 kb	 0.0% 
Meshes                 0.0 kb	 0.0% 
Animations             0.0 kb	 0.0% 
Sounds                 0.0 kb	 0.0% 
Shaders                0.0 kb	 0.0% 
Other Assets           0.2 kb	 4.4% 
Levels                 0.0 kb	 0.0% 
File headers           3.9 kb	 95.6% 
Total User Assets      4.1 kb	 100.0% 
Complete build size    4.1 kb
Used Assets and files from the Resources folder, sorted by uncompressed size:
 0.1 kb	 2.5% AssetBundle Object
 0.1 kb	 2.0% Built-in AssetBundleManifest: AssetBundleManifest
-------------------------------------------------------------------------------
2026-10-03 23:39:57.955 Unity[70359:52515712] NSEventModifierFlagFunction specified to -setKeyEquivalentModifierMask: for item <NSMenuItem: 0xae63e6620 SDF, ke='Command-F12'>, but is only supported for system-provided menu items; will not be used

***Player size statistics***
Total compressed size 1.5 KB. Total uncompressed size 4.1 KB.
Unloading 13 Unused Serialized files (Serialized files now loaded: 0)
Unloading 579 unused Assets / (1.0 MB). Loaded Objects now: 1826.
Memory consumption went from 144.4 MB to 143.4 MB.
Total: 5.259000 ms (FindLiveObjects: 0.065167 ms CreateObjectMapping: 0.027542 ms MarkObjects: 4.657208 ms  DeleteObjects: 0.508792 ms)


-------------------------------------------------------------------------------
Bundle Name: account-rewards-config-bundles
Compressed Size:1.5 kb
Uncompressed usage by category (Percentages based on user generated assets only):
Textures               0.0 kb	 0.0% 
Meshes                 0.0 kb	 0.0% 
Animations             0.0 kb	 0.0% 
Sounds                 0.0 kb	 0.0% 
Shaders                0.0 kb	 0.0% 
Other Assets           0.2 kb	 4.4% 
Levels                 0.0 kb	 0.0% 
File headers           3.9 kb	 95.6% 
Total User Assets      4.1 kb	 100.0% 
Complete build size    4.1 kb
Used Assets and files from the Resources folder, sorted by uncompressed size:
 0.1 kb	 2.5% AssetBundle Object
 0.1 kb	 2.0% Built-in AssetBundleManifest: AssetBundleManifest
-------------------------------------------------------------------------------
2026-10-03 23:39:58.014 Unity[70359:52515712] NSEventModifierFlagFunction specified to -setKeyEquivalentModifierMask: for item <NSMenuItem: 0xae62b8a00 SDF, ke='Command-F12'>, but is only supported for system-provided menu items; will not be used

***Player size statistics***
Total compressed size 1.5 KB. Total uncompressed size 4.1 KB.
Unloading 82 Unused Serialized files (Serialized files now loaded: 0)
Unloading 497 unused Assets / (32.7 KB). Loaded Objects now: 3615.
Memory consumption went from 153.6 MB to 153.6 MB.
Total: 5.290125 ms (FindLiveObjects: 0.128917 ms CreateObjectMapping: 0.035041 ms MarkObjects: 4.968625 ms  DeleteObjects: 0.157250 ms)


-------------------------------------------------------------------------------
Bundle Name: top-info-effects-native-bundle
Compressed Size:1.5 kb
Uncompressed usage by category (Percentages based on user generated assets only):
Textures               0.0 kb	 0.0% 
Meshes                 0.0 kb	 0.0% 
Animations             0.0 kb	 0.0% 
Sounds                 0.0 kb	 0.0% 
Shaders                0.0 kb	 0.0% 
Other Assets           0.2 kb	 4.4% 
Levels                 0.0 kb	 0.0% 
File headers           3.9 kb	 95.6% 
Total User Assets      4.1 kb	 100.0% 
Complete build size    4.1 kb
Used Assets and files from the Resources folder, sorted by uncompressed size:
 0.1 kb	 2.5% AssetBundle Object
 0.1 kb	 2.0% Built-in AssetBundleManifest: AssetBundleManifest
-------------------------------------------------------------------------------
2026-10-03 23:39:58.054 Unity[70359:52515712] NSEventModifierFlagFunction specified to -setKeyEquivalentModifierMask: for item <NSMenuItem: 0xae619c5a0 SDF, ke='Command-F12'>, but is only supported for system-provided menu items; will not be used

***Player size statistics***
Total compressed size 1.5 KB. Total uncompressed size 4.1 KB.
Unloading 15 Unused Serialized files (Serialized files now loaded: 0)
Unloading 581 unused Assets / (1.0 MB). Loaded Objects now: 1826.
Memory consumption went from 144.8 MB to 143.7 MB.
Total: 5.089416 ms (FindLiveObjects: 0.073542 ms CreateObjectMapping: 0.027000 ms MarkObjects: 4.539750 ms  DeleteObjects: 0.448750 ms)


-------------------------------------------------------------------------------
Bundle Name: account-rewards-config-bundles
Compressed Size:1.5 kb
Uncompressed usage by category (Percentages based on user generated assets only):
Textures               0.0 kb	 0.0% 
Meshes                 0.0 kb	 0.0% 
Animations             0.0 kb	 0.0% 
Sounds                 0.0 kb	 0.0% 
Shaders                0.0 kb	 0.0% 
Other Assets           0.2 kb	 4.4% 
Levels                 0.0 kb	 0.0% 
File headers           3.9 kb	 95.6% 
Total User Assets      4.1 kb	 100.0% 
Complete build size    4.1 kb
Used Assets and files from the Resources folder, sorted by uncompressed size:
 0.1 kb	 2.5% AssetBundle Object
 0.1 kb	 2.0% Built-in AssetBundleManifest: AssetBundleManifest
-------------------------------------------------------------------------------
2026-10-03 23:39:58.111 Unity[70359:52515712] NSEventModifierFlagFunction specified to -setKeyEquivalentModifierMask: for item <NSMenuItem: 0xae5d86d00 SDF, ke='Command-F12'>, but is only supported for system-provided menu items; will not be used

***Player size statistics***
Total compressed size 1.5 KB. Total uncompressed size 4.1 KB.
Unloading 82 Unused Serialized files (Serialized files now loaded: 0)
Unloading 497 unused Assets / (33.6 KB). Loaded Objects now: 3615.
Memory consumption went from 153.5 MB to 153.4 MB.
Total: 5.229209 ms (FindLiveObjects: 0.107125 ms CreateObjectMapping: 0.035875 ms MarkObjects: 4.851166 ms  DeleteObjects: 0.234750 ms)


-------------------------------------------------------------------------------
Bundle Name: top-info-effects-native-bundle
Compressed Size:1.5 kb
Uncompressed usage by category (Percentages based on user generated assets only):
Textures               0.0 kb	 0.0% 
Meshes                 0.0 kb	 0.0% 
Animations             0.0 kb	 0.0% 
Sounds                 0.0 kb	 0.0% 
Shaders                0.0 kb	 0.0% 
Other Assets           0.2 kb	 4.4% 
Levels                 0.0 kb	 0.0% 
File headers           3.9 kb	 95.6% 
Total User Assets      4.1 kb	 100.0% 
Complete build size    4.1 kb
Used Assets and files from the Resources folder, sorted by uncompressed size:
 0.1 kb	 2.5% AssetBundle Object
 0.1 kb	 2.0% Built-in AssetBundleManifest: AssetBundleManifest
-------------------------------------------------------------------------------
2026-10-03 23:39:58.139 Unity[70359:52515712] NSEventModifierFlagFunction specified to -setKeyEquivalentModifierMask: for item <NSMenuItem: 0xae5d87480 SDF, ke='Command-F12'>, but is only supported for system-provided menu items; will not be used

***Player size statistics***
Total compressed size 1.5 KB. Total uncompressed size 4.1 KB.
Unloading 13 Unused Serialized files (Serialized files now loaded: 0)
Unloading 579 unused Assets / (1.0 MB). Loaded Objects now: 1826.
Memory consumption went from 144.6 MB to 143.5 MB.
Total: 5.430375 ms (FindLiveObjects: 0.062750 ms CreateObjectMapping: 0.026125 ms MarkObjects: 4.812750 ms  DeleteObjects: 0.528500 ms)


-------------------------------------------------------------------------------
Bundle Name: account-rewards-config-bundles
Compressed Size:1.5 kb
Uncompressed usage by category (Percentages based on user generated assets only):
Textures               0.0 kb	 0.0% 
Meshes                 0.0 kb	 0.0% 
Animations             0.0 kb	 0.0% 
Sounds                 0.0 kb	 0.0% 
Shaders                0.0 kb	 0.0% 
Other Assets           0.2 kb	 4.4% 
Levels                 0.0 kb	 0.0% 
File headers           3.9 kb	 95.6% 
Total User Assets      4.1 kb	 100.0% 
Complete build size    4.1 kb
Used Assets and files from the Resources folder, sorted by uncompressed size:
 0.1 kb	 2.5% AssetBundle Object
 0.1 kb	 2.0% Built-in AssetBundleManifest: AssetBundleManifest
-------------------------------------------------------------------------------
2026-10-03 23:39:58.201 Unity[70359:52515712] NSEventModifierFlagFunction specified to -setKeyEquivalentModifierMask: for item <NSMenuItem: 0xae5e8aa80 SDF, ke='Command-F12'>, but is only supported for system-provided menu items; will not be used

***Player size statistics***
Total compressed size 1.5 KB. Total uncompressed size 4.1 KB.
Unloading 82 Unused Serialized files (Serialized files now loaded: 0)
Unloading 497 unused Assets / (32.0 KB). Loaded Objects now: 3615.
Memory consumption went from 153.5 MB to 153.5 MB.
Total: 5.115125 ms (FindLiveObjects: 0.111083 ms CreateObjectMapping: 0.034125 ms MarkObjects: 4.817750 ms  DeleteObjects: 0.151875 ms)


-------------------------------------------------------------------------------
Bundle Name: top-info-effects-native-bundle
Compressed Size:1.5 kb
Uncompressed usage by category (Percentages based on user generated assets only):
Textures               0.0 kb	 0.0% 
Meshes                 0.0 kb	 0.0% 
Animations             0.0 kb	 0.0% 
Sounds                 0.0 kb	 0.0% 
Shaders                0.0 kb	 0.0% 
Other Assets           0.2 kb	 4.4% 
Levels                 0.0 kb	 0.0% 
File headers           3.9 kb	 95.6% 
Total User Assets      4.1 kb	 100.0% 
Complete build size    4.1 kb
Used Assets and files from the Resources folder, sorted by uncompressed size:
 0.1 kb	 2.5% AssetBundle Object
 0.1 kb	 2.0% Built-in AssetBundleManifest: AssetBundleManifest
-------------------------------------------------------------------------------
2026-10-03 23:39:58.273 Unity[70359:52515712] NSEventModifierFlagFunction specified to -setKeyEquivalentModifierMask: for item <NSMenuItem: 0xae5e8b2a0 SDF, ke='Command-F12'>, but is only supported for system-provided menu items; will not be used

***Player size statistics***
Total compressed size 1.5 KB. Total uncompressed size 4.1 KB.
Unloading 13 Unused Serialized files (Serialized files now loaded: 0)
Unloading 579 unused Assets / (0.9 MB). Loaded Objects now: 1826.
Memory consumption went from 145.6 MB to 144.7 MB.
Total: 5.675833 ms (FindLiveObjects: 0.062583 ms CreateObjectMapping: 0.026667 ms MarkObjects: 5.082458 ms  DeleteObjects: 0.503459 ms)


-------------------------------------------------------------------------------
Bundle Name: account-rewards-config-bundles
Compressed Size:1.5 kb
Uncompressed usage by category (Percentages based on user generated assets only):
Textures               0.0 kb	 0.0% 
Meshes                 0.0 kb	 0.0% 
Animations             0.0 kb	 0.0% 
Sounds                 0.0 kb	 0.0% 
Shaders                0.0 kb	 0.0% 
Other Assets           0.2 kb	 4.4% 
Levels                 0.0 kb	 0.0% 
File headers           3.9 kb	 95.6% 
Total User Assets      4.1 kb	 100.0% 
Complete build size    4.1 kb
Used Assets and files from the Resources folder, sorted by uncompressed size:
 0.1 kb	 2.5% AssetBundle Object
 0.1 kb	 2.0% Built-in AssetBundleManifest: AssetBundleManifest
-------------------------------------------------------------------------------
2026-10-03 23:39:58.338 Unity[70359:52515712] NSEventModifierFlagFunction specified to -setKeyEquivalentModifierMask: for item <NSMenuItem: 0xae5e89cc0 SDF, ke='Command-F12'>, but is only supported for system-provided menu items; will not be used

***Player size statistics***
Total compressed size 1.5 KB. Total uncompressed size 4.1 KB.
Unloading 82 Unused Serialized files (Serialized files now loaded: 0)
Unloading 497 unused Assets / (33.8 KB). Loaded Objects now: 3615.
Memory consumption went from 154.4 MB to 154.3 MB.
Total: 5.233708 ms (FindLiveObjects: 0.103000 ms CreateObjectMapping: 0.035375 ms MarkObjects: 4.915083 ms  DeleteObjects: 0.180125 ms)


-------------------------------------------------------------------------------
Bundle Name: top-info-effects-native-bundle
Compressed Size:1.5 kb
Uncompressed usage by category (Percentages based on user generated assets only):
Textures               0.0 kb	 0.0% 
Meshes                 0.0 kb	 0.0% 
Animations             0.0 kb	 0.0% 
Sounds                 0.0 kb	 0.0% 
Shaders                0.0 kb	 0.0% 
Other Assets           0.2 kb	 4.4% 
Levels                 0.0 kb	 0.0% 
File headers           3.9 kb	 95.6% 
Total User Assets      4.1 kb	 100.0% 
Complete build size    4.1 kb
Used Assets and files from the Resources folder, sorted by uncompressed size:
 0.1 kb	 2.5% AssetBundle Object
 0.1 kb	 2.0% Built-in AssetBundleManifest: AssetBundleManifest
-------------------------------------------------------------------------------
2026-10-03 23:39:58.360 Unity[70359:52515712] NSEventModifierFlagFunction specified to -setKeyEquivalentModifierMask: for item <NSMenuItem: 0xae5e4f3e0 SDF, ke='Command-F12'>, but is only supported for system-provided menu items; will not be used

***Player size statistics***
Total compressed size 1.5 KB. Total uncompressed size 4.1 KB.
Unloading 11 Unused Serialized files (Serialized files now loaded: 0)
Unloading 577 unused Assets / (0.9 MB). Loaded Objects now: 1826.
Memory consumption went from 145.2 MB to 144.3 MB.
Total: 5.594083 ms (FindLiveObjects: 0.053667 ms CreateObjectMapping: 0.024041 ms MarkObjects: 5.148584 ms  DeleteObjects: 0.367417 ms)


-------------------------------------------------------------------------------
Bundle Name: account-rewards-config-bundles
Compressed Size:1.5 kb
Uncompressed usage by category (Percentages based on user generated assets only):
Textures               0.0 kb	 0.0% 
Meshes                 0.0 kb	 0.0% 
Animations             0.0 kb	 0.0% 
Sounds                 0.0 kb	 0.0% 
Shaders                0.0 kb	 0.0% 
Other Assets           0.2 kb	 4.4% 
Levels                 0.0 kb	 0.0% 
File headers           3.9 kb	 95.6% 
Total User Assets      4.1 kb	 100.0% 
Complete build size    4.1 kb
Used Assets and files from the Resources folder, sorted by uncompressed size:
 0.1 kb	 2.5% AssetBundle Object
 0.1 kb	 2.0% Built-in AssetBundleManifest: AssetBundleManifest
-------------------------------------------------------------------------------
2026-10-03 23:39:58.420 Unity[70359:52515712] NSEventModifierFlagFunction specified to -setKeyEquivalentModifierMask: for item <NSMenuItem: 0xae5fa2f80 SDF, ke='Command-F12'>, but is only supported for system-provided menu items; will not be used

***Player size statistics***
Total compressed size 1.5 KB. Total uncompressed size 4.1 KB.
Unloading 82 Unused Serialized files (Serialized files now loaded: 0)
Unloading 497 unused Assets / (32.5 KB). Loaded Objects now: 3615.
Memory consumption went from 154.4 MB to 154.3 MB.
Total: 5.146333 ms (FindLiveObjects: 0.109000 ms CreateObjectMapping: 0.035958 ms MarkObjects: 4.846792 ms  DeleteObjects: 0.154166 ms)


-------------------------------------------------------------------------------
Bundle Name: top-info-effects-native-bundle
Compressed Size:1.5 kb
Uncompressed usage by category (Percentages based on user generated assets only):
Textures               0.0 kb	 0.0% 
Meshes                 0.0 kb	 0.0% 
Animations             0.0 kb	 0.0% 
Sounds                 0.0 kb	 0.0% 
Shaders                0.0 kb	 0.0% 
Other Assets           0.2 kb	 4.4% 
Levels                 0.0 kb	 0.0% 
File headers           3.9 kb	 95.6% 
Total User Assets      4.1 kb	 100.0% 
Complete build size    4.1 kb
Used Assets and files from the Resources folder, sorted by uncompressed size:
 0.1 kb	 2.5% AssetBundle Object
 0.1 kb	 2.0% Built-in AssetBundleManifest: AssetBundleManifest
-------------------------------------------------------------------------------
2026-10-03 23:39:58.443 Unity[70359:52515712] NSEventModifierFlagFunction specified to -setKeyEquivalentModifierMask: for item <NSMenuItem: 0xae5fa2800 SDF, ke='Command-F12'>, but is only supported for system-provided menu items; will not be used

***Player size statistics***
Total compressed size 1.5 KB. Total uncompressed size 4.1 KB.
Unloading 6 Unused Serialized files (Serialized files now loaded: 0)
Unloading 572 unused Assets / (0.8 MB). Loaded Objects now: 1826.
Memory consumption went from 144.1 MB to 143.3 MB.
Total: 5.658667 ms (FindLiveObjects: 0.060000 ms CreateObjectMapping: 0.023375 ms MarkObjects: 5.205958 ms  DeleteObjects: 0.369125 ms)


-------------------------------------------------------------------------------
Bundle Name: account-rewards-config-bundles
Compressed Size:1.5 kb
Uncompressed usage by category (Percentages based on user generated assets only):
Textures               0.0 kb	 0.0% 
Meshes                 0.0 kb	 0.0% 
Animations             0.0 kb	 0.0% 
Sounds                 0.0 kb	 0.0% 
Shaders                0.0 kb	 0.0% 
Other Assets           0.2 kb	 4.4% 
Levels                 0.0 kb	 0.0% 
File headers           3.9 kb	 95.6% 
Total User Assets      4.1 kb	 100.0% 
Complete build size    4.1 kb
Used Assets and files from the Resources folder, sorted by uncompressed size:
 0.1 kb	 2.5% AssetBundle Object
 0.1 kb	 2.0% Built-in AssetBundleManifest: AssetBundleManifest
-------------------------------------------------------------------------------
2026-10-03 23:39:58.502 Unity[70359:52515712] NSEventModifierFlagFunction specified to -setKeyEquivalentModifierMask: for item <NSMenuItem: 0xae5e4f020 SDF, ke='Command-F12'>, but is only supported for system-provided menu items; will not be used

***Player size statistics***
Total compressed size 1.5 KB. Total uncompressed size 4.1 KB.
Unloading 82 Unused Serialized files (Serialized files now loaded: 0)
Unloading 497 unused Assets / (34.2 KB). Loaded Objects now: 3615.
Memory consumption went from 154.1 MB to 154.0 MB.
Total: 5.080042 ms (FindLiveObjects: 0.099875 ms CreateObjectMapping: 0.034500 ms MarkObjects: 4.806792 ms  DeleteObjects: 0.138792 ms)


-------------------------------------------------------------------------------
Bundle Name: top-info-effects-native-bundle
Compressed Size:1.5 kb
Uncompressed usage by category (Percentages based on user generated assets only):
Textures               0.0 kb	 0.0% 
Meshes                 0.0 kb	 0.0% 
Animations             0.0 kb	 0.0% 
Sounds                 0.0 kb	 0.0% 
Shaders                0.0 kb	 0.0% 
Other Assets           0.2 kb	 4.4% 
Levels                 0.0 kb	 0.0% 
File headers           3.9 kb	 95.6% 
Total User Assets      4.1 kb	 100.0% 
Complete build size    4.1 kb
Used Assets and files from the Resources folder, sorted by uncompressed size:
 0.1 kb	 2.5% AssetBundle Object
 0.1 kb	 2.0% Built-in AssetBundleManifest: AssetBundleManifest
-------------------------------------------------------------------------------
2026-10-03 23:39:58.525 Unity[70359:52515712] NSEventModifierFlagFunction specified to -setKeyEquivalentModifierMask: for item <NSMenuItem: 0xae5fa3480 SDF, ke='Command-F12'>, but is only supported for system-provided menu items; will not be used

***Player size statistics***
Total compressed size 1.5 KB. Total uncompressed size 4.1 KB.
Unloading 11 Unused Serialized files (Serialized files now loaded: 0)
Unloading 577 unused Assets / (0.9 MB). Loaded Objects now: 1826.
Memory consumption went from 144.9 MB to 144.0 MB.
Total: 5.630375 ms (FindLiveObjects: 0.058709 ms CreateObjectMapping: 0.025708 ms MarkObjects: 5.089125 ms  DeleteObjects: 0.456459 ms)


-------------------------------------------------------------------------------
Bundle Name: account-rewards-config-bundles
Compressed Size:1.5 kb
Uncompressed usage by category (Percentages based on user generated assets only):
Textures               0.0 kb	 0.0% 
Meshes                 0.0 kb	 0.0% 
Animations             0.0 kb	 0.0% 
Sounds                 0.0 kb	 0.0% 
Shaders                0.0 kb	 0.0% 
Other Assets           0.2 kb	 4.4% 
Levels                 0.0 kb	 0.0% 
File headers           3.9 kb	 95.6% 
Total User Assets      4.1 kb	 100.0% 
Complete build size    4.1 kb
Used Assets and files from the Resources folder, sorted by uncompressed size:
 0.1 kb	 2.5% AssetBundle Object
 0.1 kb	 2.0% Built-in AssetBundleManifest: AssetBundleManifest
-------------------------------------------------------------------------------
2026-10-03 23:39:58.587 Unity[70359:52515712] NSEventModifierFlagFunction specified to -setKeyEquivalentModifierMask: for item <NSMenuItem: 0xae5e89040 SDF, ke='Command-F12'>, but is only supported for system-provided menu items; will not be used

***Player size statistics***
Total compressed size 1.5 KB. Total uncompressed size 4.1 KB.
Unloading 82 Unused Serialized files (Serialized files now loaded: 0)
Unloading 497 unused Assets / (32.6 KB). Loaded Objects now: 3615.
Memory consumption went from 154.1 MB to 154.1 MB.
Total: 5.319125 ms (FindLiveObjects: 0.112750 ms CreateObjectMapping: 0.034041 ms MarkObjects: 5.013167 ms  DeleteObjects: 0.158875 ms)


-------------------------------------------------------------------------------
Bundle Name: top-info-effects-native-bundle
Compressed Size:1.5 kb
Uncompressed usage by category (Percentages based on user generated assets only):
Textures               0.0 kb	 0.0% 
Meshes                 0.0 kb	 0.0% 
Animations             0.0 kb	 0.0% 
Sounds                 0.0 kb	 0.0% 
Shaders                0.0 kb	 0.0% 
Other Assets           0.2 kb	 4.4% 
Levels                 0.0 kb	 0.0% 
File headers           3.9 kb	 95.6% 
Total User Assets      4.1 kb	 100.0% 
Complete build size    4.1 kb
Used Assets and files from the Resources folder, sorted by uncompressed size:
 0.1 kb	 2.5% AssetBundle Object
 0.1 kb	 2.0% Built-in AssetBundleManifest: AssetBundleManifest
-------------------------------------------------------------------------------
2026-10-03 23:39:58.610 Unity[70359:52515712] NSEventModifierFlagFunction specified to -setKeyEquivalentModifierMask: for item <NSMenuItem: 0xae5dcf660 SDF, ke='Command-F12'>, but is only supported for system-provided menu items; will not be used

***Player size statistics***
Total compressed size 1.5 KB. Total uncompressed size 4.1 KB.
Unloading 11 Unused Serialized files (Serialized files now loaded: 0)
Unloading 577 unused Assets / (0.9 MB). Loaded Objects now: 1826.
Memory consumption went from 144.8 MB to 143.8 MB.
Total: 5.470625 ms (FindLiveObjects: 0.063375 ms CreateObjectMapping: 0.026708 ms MarkObjects: 4.955500 ms  DeleteObjects: 0.424667 ms)


-------------------------------------------------------------------------------
Bundle Name: account-rewards-config-bundles
Compressed Size:1.5 kb
Uncompressed usage by category (Percentages based on user generated assets only):
Textures               0.0 kb	 0.0% 
Meshes                 0.0 kb	 0.0% 
Animations             0.0 kb	 0.0% 
Sounds                 0.0 kb	 0.0% 
Shaders                0.0 kb	 0.0% 
Other Assets           0.2 kb	 4.4% 
Levels                 0.0 kb	 0.0% 
File headers           3.9 kb	 95.6% 
Total User Assets      4.1 kb	 100.0% 
Complete build size    4.1 kb
Used Assets and files from the Resources folder, sorted by uncompressed size:
 0.1 kb	 2.5% AssetBundle Object
 0.1 kb	 2.0% Built-in AssetBundleManifest: AssetBundleManifest
-------------------------------------------------------------------------------
2026-10-03 23:39:58.670 Unity[70359:52515712] NSEventModifierFlagFunction specified to -setKeyEquivalentModifierMask: for item <NSMenuItem: 0xae5dccaa0 SDF, ke='Command-F12'>, but is only supported for system-provided menu items; will not be used

***Player size statistics***
Total compressed size 1.5 KB. Total uncompressed size 4.1 KB.
Unloading 82 Unused Serialized files (Serialized files now loaded: 0)
Unloading 497 unused Assets / (33.5 KB). Loaded Objects now: 3615.
Memory consumption went from 153.8 MB to 153.8 MB.
Total: 5.268583 ms (FindLiveObjects: 0.112000 ms CreateObjectMapping: 0.035209 ms MarkObjects: 4.957708 ms  DeleteObjects: 0.163583 ms)


-------------------------------------------------------------------------------
Bundle Name: top-info-effects-native-bundle
Compressed Size:1.5 kb
Uncompressed usage by category (Percentages based on user generated assets only):
Textures               0.0 kb	 0.0% 
Meshes                 0.0 kb	 0.0% 
Animations             0.0 kb	 0.0% 
Sounds                 0.0 kb	 0.0% 
Shaders                0.0 kb	 0.0% 
Other Assets           0.2 kb	 4.4% 
Levels                 0.0 kb	 0.0% 
File headers           3.9 kb	 95.6% 
Total User Assets      4.1 kb	 100.0% 
Complete build size    4.1 kb
Used Assets and files from the Resources folder, sorted by uncompressed size:
 0.1 kb	 2.5% AssetBundle Object
 0.1 kb	 2.0% Built-in AssetBundleManifest: AssetBundleManifest
-------------------------------------------------------------------------------
2026-10-03 23:39:58.695 Unity[70359:52515712] NSEventModifierFlagFunction specified to -setKeyEquivalentModifierMask: for item <NSMenuItem: 0xae5fa1040 SDF, ke='Command-F12'>, but is only supported for system-provided menu items; will not be used

***Player size statistics***
Total compressed size 1.5 KB. Total uncompressed size 4.1 KB.
Unloading 11 Unused Serialized files (Serialized files now loaded: 0)
Unloading 577 unused Assets / (0.9 MB). Loaded Objects now: 1826.
Memory consumption went from 144.6 MB to 143.7 MB.
Total: 5.929958 ms (FindLiveObjects: 0.068625 ms CreateObjectMapping: 0.027708 ms MarkObjects: 5.419042 ms  DeleteObjects: 0.414250 ms)


-------------------------------------------------------------------------------
Bundle Name: account-rewards-config-bundles
Compressed Size:1.5 kb
Uncompressed usage by category (Percentages based on user generated assets only):
Textures               0.0 kb	 0.0% 
Meshes                 0.0 kb	 0.0% 
Animations             0.0 kb	 0.0% 
Sounds                 0.0 kb	 0.0% 
Shaders                0.0 kb	 0.0% 
Other Assets           0.2 kb	 4.4% 
Levels                 0.0 kb	 0.0% 
File headers           3.9 kb	 95.6% 
Total User Assets      4.1 kb	 100.0% 
Complete build size    4.1 kb
Used Assets and files from the Resources folder, sorted by uncompressed size:
 0.1 kb	 2.5% AssetBundle Object
 0.1 kb	 2.0% Built-in AssetBundleManifest: AssetBundleManifest
-------------------------------------------------------------------------------
2026-10-03 23:39:58.756 Unity[70359:52515712] NSEventModifierFlagFunction specified to -setKeyEquivalentModifierMask: for item <NSMenuItem: 0xae63b97c0 SDF, ke='Command-F12'>, but is only supported for system-provided menu items; will not be used

***Player size statistics***
Total compressed size 1.5 KB. Total uncompressed size 4.1 KB.
Unloading 82 Unused Serialized files (Serialized files now loaded: 0)
Unloading 497 unused Assets / (32.7 KB). Loaded Objects now: 3615.
Memory consumption went from 153.8 MB to 153.8 MB.
Total: 5.743792 ms (FindLiveObjects: 0.128375 ms CreateObjectMapping: 0.042792 ms MarkObjects: 5.394500 ms  DeleteObjects: 0.177709 ms)


-------------------------------------------------------------------------------
Bundle Name: top-info-effects-native-bundle
Compressed Size:1.5 kb
Uncompressed usage by category (Percentages based on user generated assets only):
Textures               0.0 kb	 0.0% 
Meshes                 0.0 kb	 0.0% 
Animations             0.0 kb	 0.0% 
Sounds                 0.0 kb	 0.0% 
Shaders                0.0 kb	 0.0% 
Other Assets           0.2 kb	 4.4% 
Levels                 0.0 kb	 0.0% 
File headers           3.9 kb	 95.6% 
Total User Assets      4.1 kb	 100.0% 
Complete build size    4.1 kb
Used Assets and files from the Resources folder, sorted by uncompressed size:
 0.1 kb	 2.5% AssetBundle Object
 0.1 kb	 2.0% Built-in AssetBundleManifest: AssetBundleManifest
-------------------------------------------------------------------------------
2026-10-03 23:39:58.780 Unity[70359:52515712] NSEventModifierFlagFunction specified to -setKeyEquivalentModifierMask: for item <NSMenuItem: 0xae585b7a0 SDF, ke='Command-F12'>, but is only supported for system-provided menu items; will not be used

***Player size statistics***
Total compressed size 1.5 KB. Total uncompressed size 4.1 KB.
Unloading 11 Unused Serialized files (Serialized files now loaded: 0)
Unloading 577 unused Assets / (1.0 MB). Loaded Objects now: 1826.
Memory consumption went from 144.5 MB to 143.5 MB.
Total: 5.699000 ms (FindLiveObjects: 0.069417 ms CreateObjectMapping: 0.026541 ms MarkObjects: 5.254833 ms  DeleteObjects: 0.347792 ms)


-------------------------------------------------------------------------------
Bundle Name: account-rewards-config-bundles
Compressed Size:1.5 kb
Uncompressed usage by category (Percentages based on user generated assets only):
Textures               0.0 kb	 0.0% 
Meshes                 0.0 kb	 0.0% 
Animations             0.0 kb	 0.0% 
Sounds                 0.0 kb	 0.0% 
Shaders                0.0 kb	 0.0% 
Other Assets           0.2 kb	 4.4% 
Levels                 0.0 kb	 0.0% 
File headers           3.9 kb	 95.6% 
Total User Assets      4.1 kb	 100.0% 
Complete build size    4.1 kb
Used Assets and files from the Resources folder, sorted by uncompressed size:
 0.1 kb	 2.5% AssetBundle Object
 0.1 kb	 2.0% Built-in AssetBundleManifest: AssetBundleManifest
-------------------------------------------------------------------------------
2026-10-03 23:39:58.841 Unity[70359:52515712] NSEventModifierFlagFunction specified to -setKeyEquivalentModifierMask: for item <NSMenuItem: 0xae6432b20 SDF, ke='Command-F12'>, but is only supported for system-provided menu items; will not be used

***Player size statistics***
Total compressed size 1.5 KB. Total uncompressed size 4.1 KB.
Unloading 82 Unused Serialized files (Serialized files now loaded: 0)
Unloading 497 unused Assets / (33.5 KB). Loaded Objects now: 3615.
Memory consumption went from 153.5 MB to 153.4 MB.
Total: 5.518166 ms (FindLiveObjects: 0.101292 ms CreateObjectMapping: 0.035250 ms MarkObjects: 5.176000 ms  DeleteObjects: 0.205458 ms)


-------------------------------------------------------------------------------
Bundle Name: top-info-effects-native-bundle
Compressed Size:1.5 kb
Uncompressed usage by category (Percentages based on user generated assets only):
Textures               0.0 kb	 0.0% 
Meshes                 0.0 kb	 0.0% 
Animations             0.0 kb	 0.0% 
Sounds                 0.0 kb	 0.0% 
Shaders                0.0 kb	 0.0% 
Other Assets           0.2 kb	 4.4% 
Levels                 0.0 kb	 0.0% 
File headers           3.9 kb	 95.6% 
Total User Assets      4.1 kb	 100.0% 
Complete build size    4.1 kb
Used Assets and files from the Resources folder, sorted by uncompressed size:
 0.1 kb	 2.5% AssetBundle Object
 0.1 kb	 2.0% Built-in AssetBundleManifest: AssetBundleManifest
-------------------------------------------------------------------------------
2026-10-03 23:39:58.862 Unity[70359:52515712] NSEventModifierFlagFunction specified to -setKeyEquivalentModifierMask: for item <NSMenuItem: 0xae5858500 SDF, ke='Command-F12'>, but is only supported for system-provided menu items; will not be used

***Player size statistics***
Total compressed size 1.5 KB. Total uncompressed size 4.1 KB.
Unloading 11 Unused Serialized files (Serialized files now loaded: 0)
Unloading 577 unused Assets / (1.0 MB). Loaded Objects now: 1826.
Memory consumption went from 144.3 MB to 143.3 MB.
Total: 5.777833 ms (FindLiveObjects: 0.060042 ms CreateObjectMapping: 0.025875 ms MarkObjects: 5.262583 ms  DeleteObjects: 0.429208 ms)


-------------------------------------------------------------------------------
Bundle Name: account-rewards-config-bundles
Compressed Size:1.5 kb
Uncompressed usage by category (Percentages based on user generated assets only):
Textures               0.0 kb	 0.0% 
Meshes                 0.0 kb	 0.0% 
Animations             0.0 kb	 0.0% 
Sounds                 0.0 kb	 0.0% 
Shaders                0.0 kb	 0.0% 
Other Assets           0.2 kb	 4.4% 
Levels                 0.0 kb	 0.0% 
File headers           3.9 kb	 95.6% 
Total User Assets      4.1 kb	 100.0% 
Complete build size    4.1 kb
Used Assets and files from the Resources folder, sorted by uncompressed size:
 0.1 kb	 2.5% AssetBundle Object
 0.1 kb	 2.0% Built-in AssetBundleManifest: AssetBundleManifest
-------------------------------------------------------------------------------
2026-10-03 23:39:58.922 Unity[70359:52515712] NSEventModifierFlagFunction specified to -setKeyEquivalentModifierMask: for item <NSMenuItem: 0xae5dcf5c0 SDF, ke='Command-F12'>, but is only supported for system-provided menu items; will not be used

***Player size statistics***
Total compressed size 1.5 KB. Total uncompressed size 4.1 KB.
Unloading 82 Unused Serialized files (Serialized files now loaded: 0)
Unloading 497 unused Assets / (32.6 KB). Loaded Objects now: 3615.
Memory consumption went from 154.0 MB to 154.0 MB.
Total: 5.309542 ms (FindLiveObjects: 0.105875 ms CreateObjectMapping: 0.033000 ms MarkObjects: 4.973584 ms  DeleteObjects: 0.196792 ms)


-------------------------------------------------------------------------------
Bundle Name: top-info-effects-native-bundle
Compressed Size:1.5 kb
Uncompressed usage by category (Percentages based on user generated assets only):
Textures               0.0 kb	 0.0% 
Meshes                 0.0 kb	 0.0% 
Animations             0.0 kb	 0.0% 
Sounds                 0.0 kb	 0.0% 
Shaders                0.0 kb	 0.0% 
Other Assets           0.2 kb	 4.4% 
Levels                 0.0 kb	 0.0% 
File headers           3.9 kb	 95.6% 
Total User Assets      4.1 kb	 100.0% 
Complete build size    4.1 kb
Used Assets and files from the Resources folder, sorted by uncompressed size:
 0.1 kb	 2.5% AssetBundle Object
 0.1 kb	 2.0% Built-in AssetBundleManifest: AssetBundleManifest
-------------------------------------------------------------------------------
2026-10-03 23:39:58.946 Unity[70359:52515712] NSEventModifierFlagFunction specified to -setKeyEquivalentModifierMask: for item <NSMenuItem: 0xae5a2aee0 SDF, ke='Command-F12'>, but is only supported for system-provided menu items; will not be used

***Player size statistics***
Total compressed size 1.5 KB. Total uncompressed size 4.1 KB.
Unloading 11 Unused Serialized files (Serialized files now loaded: 0)
Unloading 577 unused Assets / (0.9 MB). Loaded Objects now: 1826.
Memory consumption went from 144.7 MB to 143.7 MB.
Total: 5.920083 ms (FindLiveObjects: 0.062458 ms CreateObjectMapping: 0.024833 ms MarkObjects: 5.351833 ms  DeleteObjects: 0.480750 ms)


-------------------------------------------------------------------------------
Bundle Name: account-rewards-config-bundles
Compressed Size:1.5 kb
Uncompressed usage by category (Percentages based on user generated assets only):
Textures               0.0 kb	 0.0% 
Meshes                 0.0 kb	 0.0% 
Animations             0.0 kb	 0.0% 
Sounds                 0.0 kb	 0.0% 
Shaders                0.0 kb	 0.0% 
Other Assets           0.2 kb	 4.4% 
Levels                 0.0 kb	 0.0% 
File headers           3.9 kb	 95.6% 
Total User Assets      4.1 kb	 100.0% 
Complete build size    4.1 kb
Used Assets and files from the Resources folder, sorted by uncompressed size:
 0.1 kb	 2.5% AssetBundle Object
 0.1 kb	 2.0% Built-in AssetBundleManifest: AssetBundleManifest
-------------------------------------------------------------------------------
2026-10-03 23:39:59.008 Unity[70359:52515712] NSEventModifierFlagFunction specified to -setKeyEquivalentModifierMask: for item <NSMenuItem: 0xae5a2ada0 SDF, ke='Command-F12'>, but is only supported for system-provided menu items; will not be used

***Player size statistics***
Total compressed size 1.5 KB. Total uncompressed size 4.1 KB.
Unloading 82 Unused Serialized files (Serialized files now loaded: 0)
Unloading 497 unused Assets / (33.7 KB). Loaded Objects now: 3615.
Memory consumption went from 153.6 MB to 153.6 MB.
Total: 5.631625 ms (FindLiveObjects: 0.099917 ms CreateObjectMapping: 0.034417 ms MarkObjects: 5.345750 ms  DeleteObjects: 0.151292 ms)


-------------------------------------------------------------------------------
Bundle Name: top-info-effects-native-bundle
Compressed Size:1.5 kb
Uncompressed usage by category (Percentages based on user generated assets only):
Textures               0.0 kb	 0.0% 
Meshes                 0.0 kb	 0.0% 
Animations             0.0 kb	 0.0% 
Sounds                 0.0 kb	 0.0% 
Shaders                0.0 kb	 0.0% 
Other Assets           0.2 kb	 4.4% 
Levels                 0.0 kb	 0.0% 
File headers           3.9 kb	 95.6% 
Total User Assets      4.1 kb	 100.0% 
Complete build size    4.1 kb
Used Assets and files from the Resources folder, sorted by uncompressed size:
 0.1 kb	 2.5% AssetBundle Object
 0.1 kb	 2.0% Built-in AssetBundleManifest: AssetBundleManifest
-------------------------------------------------------------------------------
2026-10-03 23:39:59.031 Unity[70359:52515712] NSEventModifierFlagFunction specified to -setKeyEquivalentModifierMask: for item <NSMenuItem: 0xae5a299a0 SDF, ke='Command-F12'>, but is only supported for system-provided menu items; will not be used

***Player size statistics***
Total compressed size 1.5 KB. Total uncompressed size 4.1 KB.
Unloading 11 Unused Serialized files (Serialized files now loaded: 0)
Unloading 577 unused Assets / (0.9 MB). Loaded Objects now: 1826.
Memory consumption went from 144.5 MB to 143.6 MB.
Total: 5.523208 ms (FindLiveObjects: 0.066166 ms CreateObjectMapping: 0.026792 ms MarkObjects: 4.993042 ms  DeleteObjects: 0.436834 ms)


-------------------------------------------------------------------------------
Bundle Name: account-rewards-config-bundles
Compressed Size:1.5 kb
Uncompressed usage by category (Percentages based on user generated assets only):
Textures               0.0 kb	 0.0% 
Meshes                 0.0 kb	 0.0% 
Animations             0.0 kb	 0.0% 
Sounds                 0.0 kb	 0.0% 
Shaders                0.0 kb	 0.0% 
Other Assets           0.2 kb	 4.4% 
Levels                 0.0 kb	 0.0% 
File headers           3.9 kb	 95.6% 
Total User Assets      4.1 kb	 100.0% 
Complete build size    4.1 kb
Used Assets and files from the Resources folder, sorted by uncompressed size:
 0.1 kb	 2.5% AssetBundle Object
 0.1 kb	 2.0% Built-in AssetBundleManifest: AssetBundleManifest
-------------------------------------------------------------------------------
2026-10-03 23:39:59.093 Unity[70359:52515712] NSEventModifierFlagFunction specified to -setKeyEquivalentModifierMask: for item <NSMenuItem: 0xae5a2ac60 SDF, ke='Command-F12'>, but is only supported for system-provided menu items; will not be used

***Player size statistics***
Total compressed size 1.5 KB. Total uncompressed size 4.1 KB.
Unloading 82 Unused Serialized files (Serialized files now loaded: 0)
Unloading 497 unused Assets / (32.6 KB). Loaded Objects now: 3615.
Memory consumption went from 153.7 MB to 153.6 MB.
Total: 6.050792 ms (FindLiveObjects: 0.118958 ms CreateObjectMapping: 0.038167 ms MarkObjects: 5.731916 ms  DeleteObjects: 0.161542 ms)


-------------------------------------------------------------------------------
Bundle Name: top-info-effects-native-bundle
Compressed Size:1.5 kb
Uncompressed usage by category (Percentages based on user generated assets only):
Textures               0.0 kb	 0.0% 
Meshes                 0.0 kb	 0.0% 
Animations             0.0 kb	 0.0% 
Sounds                 0.0 kb	 0.0% 
Shaders                0.0 kb	 0.0% 
Other Assets           0.2 kb	 4.4% 
Levels                 0.0 kb	 0.0% 
File headers           3.9 kb	 95.6% 
Total User Assets      4.1 kb	 100.0% 
Complete build size    4.1 kb
Used Assets and files from the Resources folder, sorted by uncompressed size:
 0.1 kb	 2.5% AssetBundle Object
 0.1 kb	 2.0% Built-in AssetBundleManifest: AssetBundleManifest
-------------------------------------------------------------------------------
2026-10-03 23:39:59.116 Unity[70359:52515712] NSEventModifierFlagFunction specified to -setKeyEquivalentModifierMask: for item <NSMenuItem: 0xae5fa3ac0 SDF, ke='Command-F12'>, but is only supported for system-provided menu items; will not be used

***Player size statistics***
Total compressed size 1.5 KB. Total uncompressed size 4.1 KB.
Unloading 11 Unused Serialized files (Serialized files now loaded: 0)
Unloading 577 unused Assets / (1.0 MB). Loaded Objects now: 1826.
Memory consumption went from 144.3 MB to 143.4 MB.
Total: 5.745625 ms (FindLiveObjects: 0.061708 ms CreateObjectMapping: 0.026542 ms MarkObjects: 5.102458 ms  DeleteObjects: 0.554583 ms)


-------------------------------------------------------------------------------
Bundle Name: account-rewards-config-bundles
Compressed Size:1.5 kb
Uncompressed usage by category (Percentages based on user generated assets only):
Textures               0.0 kb	 0.0% 
Meshes                 0.0 kb	 0.0% 
Animations             0.0 kb	 0.0% 
Sounds                 0.0 kb	 0.0% 
Shaders                0.0 kb	 0.0% 
Other Assets           0.2 kb	 4.4% 
Levels                 0.0 kb	 0.0% 
File headers           3.9 kb	 95.6% 
Total User Assets      4.1 kb	 100.0% 
Complete build size    4.1 kb
Used Assets and files from the Resources folder, sorted by uncompressed size:
 0.1 kb	 2.5% AssetBundle Object
 0.1 kb	 2.0% Built-in AssetBundleManifest: AssetBundleManifest
-------------------------------------------------------------------------------
2026-10-03 23:39:59.178 Unity[70359:52515712] NSEventModifierFlagFunction specified to -setKeyEquivalentModifierMask: for item <NSMenuItem: 0xae5a2ada0 SDF, ke='Command-F12'>, but is only supported for system-provided menu items; will not be used

***Player size statistics***
Total compressed size 1.5 KB. Total uncompressed size 4.1 KB.
Unloading 82 Unused Serialized files (Serialized files now loaded: 0)
Unloading 497 unused Assets / (33.9 KB). Loaded Objects now: 3615.
Memory consumption went from 153.3 MB to 153.3 MB.
Total: 6.011292 ms (FindLiveObjects: 0.106708 ms CreateObjectMapping: 0.035584 ms MarkObjects: 5.712000 ms  DeleteObjects: 0.156833 ms)


-------------------------------------------------------------------------------
Bundle Name: top-info-effects-native-bundle
Compressed Size:1.5 kb
Uncompressed usage by category (Percentages based on user generated assets only):
Textures               0.0 kb	 0.0% 
Meshes                 0.0 kb	 0.0% 
Animations             0.0 kb	 0.0% 
Sounds                 0.0 kb	 0.0% 
Shaders                0.0 kb	 0.0% 
Other Assets           0.2 kb	 4.4% 
Levels                 0.0 kb	 0.0% 
File headers           3.9 kb	 95.6% 
Total User Assets      4.1 kb	 100.0% 
Complete build size    4.1 kb
Used Assets and files from the Resources folder, sorted by uncompressed size:
 0.1 kb	 2.5% AssetBundle Object
 0.1 kb	 2.0% Built-in AssetBundleManifest: AssetBundleManifest
-------------------------------------------------------------------------------
2026-10-03 23:39:59.204 Unity[70359:52515712] NSEventModifierFlagFunction specified to -setKeyEquivalentModifierMask: for item <NSMenuItem: 0xae5a29fe0 SDF, ke='Command-F12'>, but is only supported for system-provided menu items; will not be used

***Player size statistics***
Total compressed size 1.5 KB. Total uncompressed size 4.1 KB.
Unloading 11 Unused Serialized files (Serialized files now loaded: 0)
Unloading 577 unused Assets / (0.9 MB). Loaded Objects now: 1826.
Memory consumption went from 144.1 MB to 143.3 MB.
Total: 5.449458 ms (FindLiveObjects: 0.072500 ms CreateObjectMapping: 0.027042 ms MarkObjects: 4.990500 ms  DeleteObjects: 0.359000 ms)


-------------------------------------------------------------------------------
Bundle Name: account-rewards-config-bundles
Compressed Size:1.5 kb
Uncompressed usage by category (Percentages based on user generated assets only):
Textures               0.0 kb	 0.0% 
Meshes                 0.0 kb	 0.0% 
Animations             0.0 kb	 0.0% 
Sounds                 0.0 kb	 0.0% 
Shaders                0.0 kb	 0.0% 
Other Assets           0.2 kb	 4.4% 
Levels                 0.0 kb	 0.0% 
File headers           3.9 kb	 95.6% 
Total User Assets      4.1 kb	 100.0% 
Complete build size    4.1 kb
Used Assets and files from the Resources folder, sorted by uncompressed size:
 0.1 kb	 2.5% AssetBundle Object
 0.1 kb	 2.0% Built-in AssetBundleManifest: AssetBundleManifest
-------------------------------------------------------------------------------
2026-10-03 23:39:59.266 Unity[70359:52515712] NSEventModifierFlagFunction specified to -setKeyEquivalentModifierMask: for item <NSMenuItem: 0xae5f11400 SDF, ke='Command-F12'>, but is only supported for system-provided menu items; will not be used

***Player size statistics***
Total compressed size 1.5 KB. Total uncompressed size 4.1 KB.
Unloading 82 Unused Serialized files (Serialized files now loaded: 0)
Unloading 497 unused Assets / (32.3 KB). Loaded Objects now: 3615.
Memory consumption went from 153.3 MB to 153.3 MB.
Total: 5.775792 ms (FindLiveObjects: 0.153458 ms CreateObjectMapping: 0.042000 ms MarkObjects: 5.423334 ms  DeleteObjects: 0.156834 ms)


-------------------------------------------------------------------------------
Bundle Name: top-info-effects-native-bundle
Compressed Size:1.5 kb
Uncompressed usage by category (Percentages based on user generated assets only):
Textures               0.0 kb	 0.0% 
Meshes                 0.0 kb	 0.0% 
Animations             0.0 kb	 0.0% 
Sounds                 0.0 kb	 0.0% 
Shaders                0.0 kb	 0.0% 
Other Assets           0.2 kb	 4.4% 
Levels                 0.0 kb	 0.0% 
File headers           3.9 kb	 95.6% 
Total User Assets      4.1 kb	 100.0% 
Complete build size    4.1 kb
Used Assets and files from the Resources folder, sorted by uncompressed size:
 0.1 kb	 2.5% AssetBundle Object
 0.1 kb	 2.0% Built-in AssetBundleManifest: AssetBundleManifest
-------------------------------------------------------------------------------
2026-10-03 23:39:59.291 Unity[70359:52515712] NSEventModifierFlagFunction specified to -setKeyEquivalentModifierMask: for item <NSMenuItem: 0xae5b14460 SDF, ke='Command-F12'>, but is only supported for system-provided menu items; will not be used

***Player size statistics***
Total compressed size 1.5 KB. Total uncompressed size 4.1 KB.
Unloading 11 Unused Serialized files (Serialized files now loaded: 0)
Unloading 577 unused Assets / (0.9 MB). Loaded Objects now: 1826.
Memory consumption went from 144.0 MB to 143.1 MB.
Total: 5.563291 ms (FindLiveObjects: 0.057166 ms CreateObjectMapping: 0.025042 ms MarkObjects: 5.059667 ms  DeleteObjects: 0.421041 ms)


-------------------------------------------------------------------------------
Bundle Name: account-rewards-config-bundles
Compressed Size:1.5 kb
Uncompressed usage by category (Percentages based on user generated assets only):
Textures               0.0 kb	 0.0% 
Meshes                 0.0 kb	 0.0% 
Animations             0.0 kb	 0.0% 
Sounds                 0.0 kb	 0.0% 
Shaders                0.0 kb	 0.0% 
Other Assets           0.2 kb	 4.4% 
Levels                 0.0 kb	 0.0% 
File headers           3.9 kb	 95.6% 
Total User Assets      4.1 kb	 100.0% 
Complete build size    4.1 kb
Used Assets and files from the Resources folder, sorted by uncompressed size:
 0.1 kb	 2.5% AssetBundle Object
 0.1 kb	 2.0% Built-in AssetBundleManifest: AssetBundleManifest
-------------------------------------------------------------------------------
2026-10-03 23:39:59.353 Unity[70359:52515712] NSEventModifierFlagFunction specified to -setKeyEquivalentModifierMask: for item <NSMenuItem: 0xae5fa3520 SDF, ke='Command-F12'>, but is only supported for system-provided menu items; will not be used

***Player size statistics***
Total compressed size 1.5 KB. Total uncompressed size 4.1 KB.
Unloading 82 Unused Serialized files (Serialized files now loaded: 0)
Unloading 497 unused Assets / (33.6 KB). Loaded Objects now: 3615.
Memory consumption went from 153.0 MB to 152.9 MB.
Total: 5.259750 ms (FindLiveObjects: 0.100250 ms CreateObjectMapping: 0.034834 ms MarkObjects: 4.970208 ms  DeleteObjects: 0.154208 ms)


-------------------------------------------------------------------------------
Bundle Name: top-info-effects-native-bundle
Compressed Size:1.5 kb
Uncompressed usage by category (Percentages based on user generated assets only):
Textures               0.0 kb	 0.0% 
Meshes                 0.0 kb	 0.0% 
Animations             0.0 kb	 0.0% 
Sounds                 0.0 kb	 0.0% 
Shaders                0.0 kb	 0.0% 
Other Assets           0.2 kb	 4.4% 
Levels                 0.0 kb	 0.0% 
File headers           3.9 kb	 95.6% 
Total User Assets      4.1 kb	 100.0% 
Complete build size    4.1 kb
Used Assets and files from the Resources folder, sorted by uncompressed size:
 0.1 kb	 2.5% AssetBundle Object
 0.1 kb	 2.0% Built-in AssetBundleManifest: AssetBundleManifest
-------------------------------------------------------------------------------
2026-10-03 23:39:59.374 Unity[70359:52515712] NSEventModifierFlagFunction specified to -setKeyEquivalentModifierMask: for item <NSMenuItem: 0xae5fd0820 SDF, ke='Command-F12'>, but is only supported for system-provided menu items; will not be used

***Player size statistics***
Total compressed size 1.5 KB. Total uncompressed size 4.1 KB.
Unloading 11 Unused Serialized files (Serialized files now loaded: 0)
Unloading 577 unused Assets / (1.0 MB). Loaded Objects now: 1826.
Memory consumption went from 143.8 MB to 142.8 MB.
Total: 5.772875 ms (FindLiveObjects: 0.054916 ms CreateObjectMapping: 0.023959 ms MarkObjects: 5.139375 ms  DeleteObjects: 0.554459 ms)


-------------------------------------------------------------------------------
Bundle Name: account-rewards-config-bundles
Compressed Size:1.5 kb
Uncompressed usage by category (Percentages based on user generated assets only):
Textures               0.0 kb	 0.0% 
Meshes                 0.0 kb	 0.0% 
Animations             0.0 kb	 0.0% 
Sounds                 0.0 kb	 0.0% 
Shaders                0.0 kb	 0.0% 
Other Assets           0.2 kb	 4.4% 
Levels                 0.0 kb	 0.0% 
File headers           3.9 kb	 95.6% 
Total User Assets      4.1 kb	 100.0% 
Complete build size    4.1 kb
Used Assets and files from the Resources folder, sorted by uncompressed size:
 0.1 kb	 2.5% AssetBundle Object
 0.1 kb	 2.0% Built-in AssetBundleManifest: AssetBundleManifest
-------------------------------------------------------------------------------
2026-10-03 23:39:59.435 Unity[70359:52515712] NSEventModifierFlagFunction specified to -setKeyEquivalentModifierMask: for item <NSMenuItem: 0xae58d26c0 SDF, ke='Command-F12'>, but is only supported for system-provided menu items; will not be used

***Player size statistics***
Total compressed size 1.5 KB. Total uncompressed size 4.1 KB.
Unloading 82 Unused Serialized files (Serialized files now loaded: 0)
Unloading 497 unused Assets / (32.6 KB). Loaded Objects now: 3615.
Memory consumption went from 153.0 MB to 153.0 MB.
Total: 5.480333 ms (FindLiveObjects: 0.119625 ms CreateObjectMapping: 0.035208 ms MarkObjects: 5.173292 ms  DeleteObjects: 0.151792 ms)


-------------------------------------------------------------------------------
Bundle Name: top-info-effects-native-bundle
Compressed Size:1.5 kb
Uncompressed usage by category (Percentages based on user generated assets only):
Textures               0.0 kb	 0.0% 
Meshes                 0.0 kb	 0.0% 
Animations             0.0 kb	 0.0% 
Sounds                 0.0 kb	 0.0% 
Shaders                0.0 kb	 0.0% 
Other Assets           0.2 kb	 4.4% 
Levels                 0.0 kb	 0.0% 
File headers           3.9 kb	 95.6% 
Total User Assets      4.1 kb	 100.0% 
Complete build size    4.1 kb
Used Assets and files from the Resources folder, sorted by uncompressed size:
 0.1 kb	 2.5% AssetBundle Object
 0.1 kb	 2.0% Built-in AssetBundleManifest: AssetBundleManifest
-------------------------------------------------------------------------------
2026-10-03 23:39:59.456 Unity[70359:52515712] NSEventModifierFlagFunction specified to -setKeyEquivalentModifierMask: for item <NSMenuItem: 0xae5f555e0 SDF, ke='Command-F12'>, but is only supported for system-provided menu items; will not be used

***Player size statistics***
Total compressed size 1.5 KB. Total uncompressed size 4.1 KB.
Unloading 11 Unused Serialized files (Serialized files now loaded: 0)
Unloading 577 unused Assets / (0.9 MB). Loaded Objects now: 1826.
Memory consumption went from 143.7 MB to 142.7 MB.
Total: 5.339417 ms (FindLiveObjects: 0.065750 ms CreateObjectMapping: 0.026541 ms MarkObjects: 4.678209 ms  DeleteObjects: 0.568625 ms)


-------------------------------------------------------------------------------
Bundle Name: account-rewards-config-bundles
Compressed Size:1.5 kb
Uncompressed usage by category (Percentages based on user generated assets only):
Textures               0.0 kb	 0.0% 
Meshes                 0.0 kb	 0.0% 
Animations             0.0 kb	 0.0% 
Sounds                 0.0 kb	 0.0% 
Shaders                0.0 kb	 0.0% 
Other Assets           0.2 kb	 4.4% 
Levels                 0.0 kb	 0.0% 
File headers           3.9 kb	 95.6% 
Total User Assets      4.1 kb	 100.0% 
Complete build size    4.1 kb
Used Assets and files from the Resources folder, sorted by uncompressed size:
 0.1 kb	 2.5% AssetBundle Object
 0.1 kb	 2.0% Built-in AssetBundleManifest: AssetBundleManifest
-------------------------------------------------------------------------------
2026-10-03 23:39:59.519 Unity[70359:52515712] NSEventModifierFlagFunction specified to -setKeyEquivalentModifierMask: for item <NSMenuItem: 0xae546ee40 SDF, ke='Command-F12'>, but is only supported for system-provided menu items; will not be used

***Player size statistics***
Total compressed size 1.5 KB. Total uncompressed size 4.1 KB.
Unloading 82 Unused Serialized files (Serialized files now loaded: 0)
Unloading 497 unused Assets / (33.6 KB). Loaded Objects now: 3615.
Memory consumption went from 152.6 MB to 152.6 MB.
Total: 5.448625 ms (FindLiveObjects: 0.102417 ms CreateObjectMapping: 0.035792 ms MarkObjects: 5.164791 ms  DeleteObjects: 0.145542 ms)


-------------------------------------------------------------------------------
Bundle Name: top-info-effects-native-bundle
Compressed Size:1.5 kb
Uncompressed usage by category (Percentages based on user generated assets only):
Textures               0.0 kb	 0.0% 
Meshes                 0.0 kb	 0.0% 
Animations             0.0 kb	 0.0% 
Sounds                 0.0 kb	 0.0% 
Shaders                0.0 kb	 0.0% 
Other Assets           0.2 kb	 4.4% 
Levels                 0.0 kb	 0.0% 
File headers           3.9 kb	 95.6% 
Total User Assets      4.1 kb	 100.0% 
Complete build size    4.1 kb
Used Assets and files from the Resources folder, sorted by uncompressed size:
 0.1 kb	 2.5% AssetBundle Object
 0.1 kb	 2.0% Built-in AssetBundleManifest: AssetBundleManifest
-------------------------------------------------------------------------------
2026-10-03 23:39:59.543 Unity[70359:52515712] NSEventModifierFlagFunction specified to -setKeyEquivalentModifierMask: for item <NSMenuItem: 0xae546ee40 SDF, ke='Command-F12'>, but is only supported for system-provided menu items; will not be used

***Player size statistics***
Total compressed size 1.5 KB. Total uncompressed size 4.1 KB.
Unloading 11 Unused Serialized files (Serialized files now loaded: 0)
Unloading 577 unused Assets / (0.9 MB). Loaded Objects now: 1826.
Memory consumption went from 143.5 MB to 142.6 MB.
Total: 6.259083 ms (FindLiveObjects: 0.057417 ms CreateObjectMapping: 0.024958 ms MarkObjects: 5.613833 ms  DeleteObjects: 0.562708 ms)


-------------------------------------------------------------------------------
Bundle Name: account-rewards-config-bundles
Compressed Size:1.5 kb
Uncompressed usage by category (Percentages based on user generated assets only):
Textures               0.0 kb	 0.0% 
Meshes                 0.0 kb	 0.0% 
Animations             0.0 kb	 0.0% 
Sounds                 0.0 kb	 0.0% 
Shaders                0.0 kb	 0.0% 
Other Assets           0.2 kb	 4.4% 
Levels                 0.0 kb	 0.0% 
File headers           3.9 kb	 95.6% 
Total User Assets      4.1 kb	 100.0% 
Complete build size    4.1 kb
Used Assets and files from the Resources folder, sorted by uncompressed size:
 0.1 kb	 2.5% AssetBundle Object
 0.1 kb	 2.0% Built-in AssetBundleManifest: AssetBundleManifest
-------------------------------------------------------------------------------
2026-10-03 23:39:59.606 Unity[70359:52515712] NSEventModifierFlagFunction specified to -setKeyEquivalentModifierMask: for item <NSMenuItem: 0xae546df40 SDF, ke='Command-F12'>, but is only supported for system-provided menu items; will not be used

***Player size statistics***
Total compressed size 1.5 KB. Total uncompressed size 4.1 KB.
Unloading 82 Unused Serialized files (Serialized files now loaded: 0)
Unloading 497 unused Assets / (32.4 KB). Loaded Objects now: 3615.
Memory consumption went from 152.7 MB to 152.6 MB.
Total: 6.383833 ms (FindLiveObjects: 0.118792 ms CreateObjectMapping: 0.036042 ms MarkObjects: 6.056375 ms  DeleteObjects: 0.172250 ms)


-------------------------------------------------------------------------------
Bundle Name: top-info-effects-native-bundle
Compressed Size:1.5 kb
Uncompressed usage by category (Percentages based on user generated assets only):
Textures               0.0 kb	 0.0% 
Meshes                 0.0 kb	 0.0% 
Animations             0.0 kb	 0.0% 
Sounds                 0.0 kb	 0.0% 
Shaders                0.0 kb	 0.0% 
Other Assets           0.2 kb	 4.4% 
Levels                 0.0 kb	 0.0% 
File headers           3.9 kb	 95.6% 
Total User Assets      4.1 kb	 100.0% 
Complete build size    4.1 kb
Used Assets and files from the Resources folder, sorted by uncompressed size:
 0.1 kb	 2.5% AssetBundle Object
 0.1 kb	 2.0% Built-in AssetBundleManifest: AssetBundleManifest
-------------------------------------------------------------------------------
2026-10-03 23:39:59.630 Unity[70359:52515712] NSEventModifierFlagFunction specified to -setKeyEquivalentModifierMask: for item <NSMenuItem: 0xae546ea80 SDF, ke='Command-F12'>, but is only supported for system-provided menu items; will not be used

***Player size statistics***
Total compressed size 1.5 KB. Total uncompressed size 4.1 KB.
Unloading 11 Unused Serialized files (Serialized files now loaded: 0)
Unloading 577 unused Assets / (0.9 MB). Loaded Objects now: 1826.
Memory consumption went from 143.3 MB to 142.4 MB.
Total: 6.001791 ms (FindLiveObjects: 0.068583 ms CreateObjectMapping: 0.027375 ms MarkObjects: 5.500542 ms  DeleteObjects: 0.405000 ms)


-------------------------------------------------------------------------------
Bundle Name: account-rewards-config-bundles
Compressed Size:1.5 kb
Uncompressed usage by category (Percentages based on user generated assets only):
Textures               0.0 kb	 0.0% 
Meshes                 0.0 kb	 0.0% 
Animations             0.0 kb	 0.0% 
Sounds                 0.0 kb	 0.0% 
Shaders                0.0 kb	 0.0% 
Other Assets           0.2 kb	 4.4% 
Levels                 0.0 kb	 0.0% 
File headers           3.9 kb	 95.6% 
Total User Assets      4.1 kb	 100.0% 
Complete build size    4.1 kb
Used Assets and files from the Resources folder, sorted by uncompressed size:
 0.1 kb	 2.5% AssetBundle Object
 0.1 kb	 2.0% Built-in AssetBundleManifest: AssetBundleManifest
-------------------------------------------------------------------------------
2026-10-03 23:39:59.692 Unity[70359:52515712] NSEventModifierFlagFunction specified to -setKeyEquivalentModifierMask: for item <NSMenuItem: 0xae546cbe0 SDF, ke='Command-F12'>, but is only supported for system-provided menu items; will not be used

***Player size statistics***
Total compressed size 1.5 KB. Total uncompressed size 4.1 KB.
Unloading 82 Unused Serialized files (Serialized files now loaded: 0)
Unloading 497 unused Assets / (33.8 KB). Loaded Objects now: 3615.
Memory consumption went from 152.3 MB to 152.3 MB.
Total: 5.924541 ms (FindLiveObjects: 0.101584 ms CreateObjectMapping: 0.035708 ms MarkObjects: 5.616125 ms  DeleteObjects: 0.170875 ms)


-------------------------------------------------------------------------------
Bundle Name: top-info-effects-native-bundle
Compressed Size:1.5 kb
Uncompressed usage by category (Percentages based on user generated assets only):
Textures               0.0 kb	 0.0% 
Meshes                 0.0 kb	 0.0% 
Animations             0.0 kb	 0.0% 
Sounds                 0.0 kb	 0.0% 
Shaders                0.0 kb	 0.0% 
Other Assets           0.2 kb	 4.4% 
Levels                 0.0 kb	 0.0% 
File headers           3.9 kb	 95.6% 
Total User Assets      4.1 kb	 100.0% 
Complete build size    4.1 kb
Used Assets and files from the Resources folder, sorted by uncompressed size:
 0.1 kb	 2.5% AssetBundle Object
 0.1 kb	 2.0% Built-in AssetBundleManifest: AssetBundleManifest
-------------------------------------------------------------------------------
2026-10-03 23:39:59.714 Unity[70359:52515712] NSEventModifierFlagFunction specified to -setKeyEquivalentModifierMask: for item <NSMenuItem: 0xae546c8c0 SDF, ke='Command-F12'>, but is only supported for system-provided menu items; will not be used

***Player size statistics***
Total compressed size 1.5 KB. Total uncompressed size 4.1 KB.
Unloading 11 Unused Serialized files (Serialized files now loaded: 0)
Unloading 577 unused Assets / (0.9 MB). Loaded Objects now: 1826.
Memory consumption went from 143.2 MB to 142.2 MB.
Total: 5.803667 ms (FindLiveObjects: 0.064250 ms CreateObjectMapping: 0.025167 ms MarkObjects: 5.295292 ms  DeleteObjects: 0.418875 ms)


-------------------------------------------------------------------------------
Bundle Name: account-rewards-config-bundles
Compressed Size:1.5 kb
Uncompressed usage by category (Percentages based on user generated assets only):
Textures               0.0 kb	 0.0% 
Meshes                 0.0 kb	 0.0% 
Animations             0.0 kb	 0.0% 
Sounds                 0.0 kb	 0.0% 
Shaders                0.0 kb	 0.0% 
Other Assets           0.2 kb	 4.4% 
Levels                 0.0 kb	 0.0% 
File headers           3.9 kb	 95.6% 
Total User Assets      4.1 kb	 100.0% 
Complete build size    4.1 kb
Used Assets and files from the Resources folder, sorted by uncompressed size:
 0.1 kb	 2.5% AssetBundle Object
 0.1 kb	 2.0% Built-in AssetBundleManifest: AssetBundleManifest
-------------------------------------------------------------------------------
2026-10-03 23:39:59.779 Unity[70359:52515712] NSEventModifierFlagFunction specified to -setKeyEquivalentModifierMask: for item <NSMenuItem: 0xae5967480 SDF, ke='Command-F12'>, but is only supported for system-provided menu items; will not be used

***Player size statistics***
Total compressed size 1.5 KB. Total uncompressed size 4.1 KB.
Unloading 82 Unused Serialized files (Serialized files now loaded: 0)
Unloading 497 unused Assets / (32.1 KB). Loaded Objects now: 3615.
Memory consumption went from 152.4 MB to 152.3 MB.
Total: 5.678125 ms (FindLiveObjects: 0.113917 ms CreateObjectMapping: 0.034375 ms MarkObjects: 5.374417 ms  DeleteObjects: 0.155250 ms)


-------------------------------------------------------------------------------
Bundle Name: top-info-effects-native-bundle
Compressed Size:1.5 kb
Uncompressed usage by category (Percentages based on user generated assets only):
Textures               0.0 kb	 0.0% 
Meshes                 0.0 kb	 0.0% 
Animations             0.0 kb	 0.0% 
Sounds                 0.0 kb	 0.0% 
Shaders                0.0 kb	 0.0% 
Other Assets           0.2 kb	 4.4% 
Levels                 0.0 kb	 0.0% 
File headers           3.9 kb	 95.6% 
Total User Assets      4.1 kb	 100.0% 
Complete build size    4.1 kb
Used Assets and files from the Resources folder, sorted by uncompressed size:
 0.1 kb	 2.5% AssetBundle Object
 0.1 kb	 2.0% Built-in AssetBundleManifest: AssetBundleManifest
-------------------------------------------------------------------------------
2026-10-03 23:39:59.805 Unity[70359:52515712] NSEventModifierFlagFunction specified to -setKeyEquivalentModifierMask: for item <NSMenuItem: 0xae546ca00 SDF, ke='Command-F12'>, but is only supported for system-provided menu items; will not be used

***Player size statistics***
Total compressed size 1.5 KB. Total uncompressed size 4.1 KB.
Unloading 11 Unused Serialized files (Serialized files now loaded: 0)
Unloading 577 unused Assets / (1.0 MB). Loaded Objects now: 1826.
Memory consumption went from 143.0 MB to 142.1 MB.
Total: 5.462375 ms (FindLiveObjects: 0.068125 ms CreateObjectMapping: 0.026291 ms MarkObjects: 4.928084 ms  DeleteObjects: 0.439667 ms)


-------------------------------------------------------------------------------
Bundle Name: account-rewards-config-bundles
Compressed Size:1.5 kb
Uncompressed usage by category (Percentages based on user generated assets only):
Textures               0.0 kb	 0.0% 
Meshes                 0.0 kb	 0.0% 
Animations             0.0 kb	 0.0% 
Sounds                 0.0 kb	 0.0% 
Shaders                0.0 kb	 0.0% 
Other Assets           0.2 kb	 4.4% 
Levels                 0.0 kb	 0.0% 
File headers           3.9 kb	 95.6% 
Total User Assets      4.1 kb	 100.0% 
Complete build size    4.1 kb
Used Assets and files from the Resources folder, sorted by uncompressed size:
 0.1 kb	 2.5% AssetBundle Object
 0.1 kb	 2.0% Built-in AssetBundleManifest: AssetBundleManifest
-------------------------------------------------------------------------------
2026-10-03 23:39:59.868 Unity[70359:52515712] NSEventModifierFlagFunction specified to -setKeyEquivalentModifierMask: for item <NSMenuItem: 0xae5b88b40 SDF, ke='Command-F12'>, but is only supported for system-provided menu items; will not be used

***Player size statistics***
Total compressed size 1.5 KB. Total uncompressed size 4.1 KB.
Unloading 82 Unused Serialized files (Serialized files now loaded: 0)
Unloading 497 unused Assets / (33.3 KB). Loaded Objects now: 3615.
Memory consumption went from 152.0 MB to 152.0 MB.
Total: 5.508333 ms (FindLiveObjects: 0.131333 ms CreateObjectMapping: 0.037375 ms MarkObjects: 5.181042 ms  DeleteObjects: 0.158292 ms)


-------------------------------------------------------------------------------
Bundle Name: top-info-effects-native-bundle
Compressed Size:1.5 kb
Uncompressed usage by category (Percentages based on user generated assets only):
Textures               0.0 kb	 0.0% 
Meshes                 0.0 kb	 0.0% 
Animations             0.0 kb	 0.0% 
Sounds                 0.0 kb	 0.0% 
Shaders                0.0 kb	 0.0% 
Other Assets           0.2 kb	 4.4% 
Levels                 0.0 kb	 0.0% 
File headers           3.9 kb	 95.6% 
Total User Assets      4.1 kb	 100.0% 
Complete build size    4.1 kb
Used Assets and files from the Resources folder, sorted by uncompressed size:
 0.1 kb	 2.5% AssetBundle Object
 0.1 kb	 2.0% Built-in AssetBundleManifest: AssetBundleManifest
-------------------------------------------------------------------------------
2026-10-03 23:39:59.918 Unity[70359:52515712] NSEventModifierFlagFunction specified to -setKeyEquivalentModifierMask: for item <NSMenuItem: 0xae546e6c0 SDF, ke='Command-F12'>, but is only supported for system-provided menu items; will not be used

***Player size statistics***
Total compressed size 1.5 KB. Total uncompressed size 4.1 KB.
Unloading 13 Unused Serialized files (Serialized files now loaded: 0)
Unloading 584 unused Assets / (0.9 MB). Loaded Objects now: 1826.
Memory consumption went from 143.4 MB to 142.4 MB.
Total: 5.839750 ms (FindLiveObjects: 0.073500 ms CreateObjectMapping: 0.031541 ms MarkObjects: 5.198208 ms  DeleteObjects: 0.536208 ms)


-------------------------------------------------------------------------------
Bundle Name: account-rewards-config-bundles
Compressed Size:1.5 kb
Uncompressed usage by category (Percentages based on user generated assets only):
Textures               0.0 kb	 0.0% 
Meshes                 0.0 kb	 0.0% 
Animations             0.0 kb	 0.0% 
Sounds                 0.0 kb	 0.0% 
Shaders                0.0 kb	 0.0% 
Other Assets           0.2 kb	 4.4% 
Levels                 0.0 kb	 0.0% 
File headers           3.9 kb	 95.6% 
Total User Assets      4.1 kb	 100.0% 
Complete build size    4.1 kb
Used Assets and files from the Resources folder, sorted by uncompressed size:
 0.1 kb	 2.5% AssetBundle Object
 0.1 kb	 2.0% Built-in AssetBundleManifest: AssetBundleManifest
-------------------------------------------------------------------------------
2026-10-03 23:39:59.990 Unity[70359:52515712] NSEventModifierFlagFunction specified to -setKeyEquivalentModifierMask: for item <NSMenuItem: 0xae5a68500 SDF, ke='Command-F12'>, but is only supported for system-provided menu items; will not be used

***Player size statistics***
Total compressed size 1.5 KB. Total uncompressed size 4.1 KB.
Unloading 86 Unused Serialized files (Serialized files now loaded: 0)
Unloading 938 unused Assets / (1.6 MB). Loaded Objects now: 1814.
Memory consumption went from 152.2 MB to 150.6 MB.
Total: 6.420041 ms (FindLiveObjects: 0.081375 ms CreateObjectMapping: 0.033625 ms MarkObjects: 5.753500 ms  DeleteObjects: 0.551375 ms)


-------------------------------------------------------------------------------
Bundle Name: task-box-effect-native-bundle
Compressed Size:1.5 kb
Uncompressed usage by category (Percentages based on user generated assets only):
Textures               0.0 kb	 0.0% 
Meshes                 0.0 kb	 0.0% 
Animations             0.0 kb	 0.0% 
Sounds                 0.0 kb	 0.0% 
Shaders                0.0 kb	 0.0% 
Other Assets           0.2 kb	 4.4% 
Levels                 0.0 kb	 0.0% 
File headers           3.9 kb	 95.6% 
Total User Assets      4.1 kb	 100.0% 
Complete build size    4.1 kb
Used Assets and files from the Resources folder, sorted by uncompressed size:
 0.1 kb	 2.5% AssetBundle Object
 0.1 kb	 2.0% Built-in AssetBundleManifest: AssetBundleManifest
-------------------------------------------------------------------------------
2026-10-03 23:40:00.011 Unity[70359:52515712] NSEventModifierFlagFunction specified to -setKeyEquivalentModifierMask: for item <NSMenuItem: 0xae54a4640 SDF, ke='Command-F12'>, but is only supported for system-provided menu items; will not be used

***Player size statistics***
Total compressed size 1.5 KB. Total uncompressed size 4.1 KB.
Unloading 0 Unused Serialized files (Serialized files now loaded: 0)
Unloading 4 unused Assets / (0 B). Loaded Objects now: 1826.
Memory consumption went from 140.0 MB to 140.0 MB.
Total: 5.351292 ms (FindLiveObjects: 0.048500 ms CreateObjectMapping: 0.017042 ms MarkObjects: 5.275291 ms  DeleteObjects: 0.010208 ms)


-------------------------------------------------------------------------------
Bundle Name: account-rewards-config-bundles
Compressed Size:1.5 kb
Uncompressed usage by category (Percentages based on user generated assets only):
Textures               0.0 kb	 0.0% 
Meshes                 0.0 kb	 0.0% 
Animations             0.0 kb	 0.0% 
Sounds                 0.0 kb	 0.0% 
Shaders                0.0 kb	 0.0% 
Other Assets           0.2 kb	 4.4% 
Levels                 0.0 kb	 0.0% 
File headers           3.9 kb	 95.6% 
Total User Assets      4.1 kb	 100.0% 
Complete build size    4.1 kb
Used Assets and files from the Resources folder, sorted by uncompressed size:
 0.1 kb	 2.5% AssetBundle Object
 0.1 kb	 2.0% Built-in AssetBundleManifest: AssetBundleManifest
-------------------------------------------------------------------------------
2026-10-03 23:40:00.075 Unity[70359:52515712] NSEventModifierFlagFunction specified to -setKeyEquivalentModifierMask: for item <NSMenuItem: 0xae55ebac0 SDF, ke='Command-F12'>, but is only supported for system-provided menu items; will not be used

***Player size statistics***
Total compressed size 1.5 KB. Total uncompressed size 4.1 KB.
Unloading 82 Unused Serialized files (Serialized files now loaded: 0)
Unloading 497 unused Assets / (34.0 KB). Loaded Objects now: 3472.
Memory consumption went from 152.1 MB to 152.0 MB.
Total: 5.786000 ms (FindLiveObjects: 0.094291 ms CreateObjectMapping: 0.035667 ms MarkObjects: 5.492292 ms  DeleteObjects: 0.163500 ms)


-------------------------------------------------------------------------------
Bundle Name: task-box-effect-native-bundle
Compressed Size:1.5 kb
Uncompressed usage by category (Percentages based on user generated assets only):
Textures               0.0 kb	 0.0% 
Meshes                 0.0 kb	 0.0% 
Animations             0.0 kb	 0.0% 
Sounds                 0.0 kb	 0.0% 
Shaders                0.0 kb	 0.0% 
Other Assets           0.2 kb	 4.4% 
Levels                 0.0 kb	 0.0% 
File headers           3.9 kb	 95.6% 
Total User Assets      4.1 kb	 100.0% 
Complete build size    4.1 kb
Used Assets and files from the Resources folder, sorted by uncompressed size:
 0.1 kb	 2.5% AssetBundle Object
 0.1 kb	 2.0% Built-in AssetBundleManifest: AssetBundleManifest
-------------------------------------------------------------------------------
2026-10-03 23:40:00.093 Unity[70359:52515712] NSEventModifierFlagFunction specified to -setKeyEquivalentModifierMask: for item <NSMenuItem: 0xae56eeda0 SDF, ke='Command-F12'>, but is only supported for system-provided menu items; will not be used

***Player size statistics***
Total compressed size 1.5 KB. Total uncompressed size 4.1 KB.
Unloading 0 Unused Serialized files (Serialized files now loaded: 0)
Unloading 431 unused Assets / (434.5 KB). Loaded Objects now: 1826.
Memory consumption went from 141.7 MB to 141.3 MB.
Total: 5.717250 ms (FindLiveObjects: 0.050083 ms CreateObjectMapping: 0.021958 ms MarkObjects: 5.313750 ms  DeleteObjects: 0.331292 ms)


-------------------------------------------------------------------------------
Bundle Name: account-rewards-config-bundles
Compressed Size:1.5 kb
Uncompressed usage by category (Percentages based on user generated assets only):
Textures               0.0 kb	 0.0% 
Meshes                 0.0 kb	 0.0% 
Animations             0.0 kb	 0.0% 
Sounds                 0.0 kb	 0.0% 
Shaders                0.0 kb	 0.0% 
Other Assets           0.2 kb	 4.4% 
Levels                 0.0 kb	 0.0% 
File headers           3.9 kb	 95.6% 
Total User Assets      4.1 kb	 100.0% 
Complete build size    4.1 kb
Used Assets and files from the Resources folder, sorted by uncompressed size:
 0.1 kb	 2.5% AssetBundle Object
 0.1 kb	 2.0% Built-in AssetBundleManifest: AssetBundleManifest
-------------------------------------------------------------------------------
2026-10-03 23:40:00.157 Unity[70359:52515712] NSEventModifierFlagFunction specified to -setKeyEquivalentModifierMask: for item <NSMenuItem: 0xae56eee40 SDF, ke='Command-F12'>, but is only supported for system-provided menu items; will not be used

***Player size statistics***
Total compressed size 1.5 KB. Total uncompressed size 4.1 KB.
Unloading 82 Unused Serialized files (Serialized files now loaded: 0)
Unloading 497 unused Assets / (33.7 KB). Loaded Objects now: 3472.
Memory consumption went from 151.9 MB to 151.9 MB.
Total: 5.850042 ms (FindLiveObjects: 0.106375 ms CreateObjectMapping: 0.035375 ms MarkObjects: 5.541917 ms  DeleteObjects: 0.166167 ms)


-------------------------------------------------------------------------------
Bundle Name: task-box-effect-native-bundle
Compressed Size:1.5 kb
Uncompressed usage by category (Percentages based on user generated assets only):
Textures               0.0 kb	 0.0% 
Meshes                 0.0 kb	 0.0% 
Animations             0.0 kb	 0.0% 
Sounds                 0.0 kb	 0.0% 
Shaders                0.0 kb	 0.0% 
Other Assets           0.2 kb	 4.4% 
Levels                 0.0 kb	 0.0% 
File headers           3.9 kb	 95.6% 
Total User Assets      4.1 kb	 100.0% 
Complete build size    4.1 kb
Used Assets and files from the Resources folder, sorted by uncompressed size:
 0.1 kb	 2.5% AssetBundle Object
 0.1 kb	 2.0% Built-in AssetBundleManifest: AssetBundleManifest
-------------------------------------------------------------------------------
2026-10-03 23:40:00.192 Unity[70359:52515712] NSEventModifierFlagFunction specified to -setKeyEquivalentModifierMask: for item <NSMenuItem: 0xae56eeda0 SDF, ke='Command-F12'>, but is only supported for system-provided menu items; will not be used

***Player size statistics***
Total compressed size 1.5 KB. Total uncompressed size 4.1 KB.
Unloading 4 Unused Serialized files (Serialized files now loaded: 0)
Unloading 435 unused Assets / (1.1 MB). Loaded Objects now: 1826.
Memory consumption went from 142.4 MB to 141.3 MB.
Total: 6.190917 ms (FindLiveObjects: 0.055833 ms CreateObjectMapping: 0.024084 ms MarkObjects: 5.626708 ms  DeleteObjects: 0.484083 ms)


-------------------------------------------------------------------------------
Bundle Name: account-rewards-config-bundles
Compressed Size:1.5 kb
Uncompressed usage by category (Percentages based on user generated assets only):
Textures               0.0 kb	 0.0% 
Meshes                 0.0 kb	 0.0% 
Animations             0.0 kb	 0.0% 
Sounds                 0.0 kb	 0.0% 
Shaders                0.0 kb	 0.0% 
Other Assets           0.2 kb	 4.4% 
Levels                 0.0 kb	 0.0% 
File headers           3.9 kb	 95.6% 
Total User Assets      4.1 kb	 100.0% 
Complete build size    4.1 kb
Used Assets and files from the Resources folder, sorted by uncompressed size:
 0.1 kb	 2.5% AssetBundle Object
 0.1 kb	 2.0% Built-in AssetBundleManifest: AssetBundleManifest
-------------------------------------------------------------------------------
2026-10-03 23:40:00.255 Unity[70359:52515712] NSEventModifierFlagFunction specified to -setKeyEquivalentModifierMask: for item <NSMenuItem: 0xae56ed4a0 SDF, ke='Command-F12'>, but is only supported for system-provided menu items; will not be used

***Player size statistics***
Total compressed size 1.5 KB. Total uncompressed size 4.1 KB.
Unloading 82 Unused Serialized files (Serialized files now loaded: 0)
Unloading 497 unused Assets / (33.6 KB). Loaded Objects now: 3472.
Memory consumption went from 151.9 MB to 151.9 MB.
Total: 5.589542 ms (FindLiveObjects: 0.132083 ms CreateObjectMapping: 0.036167 ms MarkObjects: 5.252542 ms  DeleteObjects: 0.168458 ms)


-------------------------------------------------------------------------------
Bundle Name: task-box-effect-native-bundle
Compressed Size:1.5 kb
Uncompressed usage by category (Percentages based on user generated assets only):
Textures               0.0 kb	 0.0% 
Meshes                 0.0 kb	 0.0% 
Animations             0.0 kb	 0.0% 
Sounds                 0.0 kb	 0.0% 
Shaders                0.0 kb	 0.0% 
Other Assets           0.2 kb	 4.4% 
Levels                 0.0 kb	 0.0% 
File headers           3.9 kb	 95.6% 
Total User Assets      4.1 kb	 100.0% 
Complete build size    4.1 kb
Used Assets and files from the Resources folder, sorted by uncompressed size:
 0.1 kb	 2.5% AssetBundle Object
 0.1 kb	 2.0% Built-in AssetBundleManifest: AssetBundleManifest
-------------------------------------------------------------------------------
2026-10-03 23:40:00.292 Unity[70359:52515712] NSEventModifierFlagFunction specified to -setKeyEquivalentModifierMask: for item <NSMenuItem: 0xae56ef200 SDF, ke='Command-F12'>, but is only supported for system-provided menu items; will not be used

***Player size statistics***
Total compressed size 1.5 KB. Total uncompressed size 4.1 KB.
Unloading 5 Unused Serialized files (Serialized files now loaded: 0)
Unloading 436 unused Assets / (1.1 MB). Loaded Objects now: 1826.
Memory consumption went from 142.5 MB to 141.4 MB.
Total: 6.091833 ms (FindLiveObjects: 0.051208 ms CreateObjectMapping: 0.024500 ms MarkObjects: 5.598083 ms  DeleteObjects: 0.417792 ms)


-------------------------------------------------------------------------------
Bundle Name: account-rewards-config-bundles
Compressed Size:1.5 kb
Uncompressed usage by category (Percentages based on user generated assets only):
Textures               0.0 kb	 0.0% 
Meshes                 0.0 kb	 0.0% 
Animations             0.0 kb	 0.0% 
Sounds                 0.0 kb	 0.0% 
Shaders                0.0 kb	 0.0% 
Other Assets           0.2 kb	 4.4% 
Levels                 0.0 kb	 0.0% 
File headers           3.9 kb	 95.6% 
Total User Assets      4.1 kb	 100.0% 
Complete build size    4.1 kb
Used Assets and files from the Resources folder, sorted by uncompressed size:
 0.1 kb	 2.5% AssetBundle Object
 0.1 kb	 2.0% Built-in AssetBundleManifest: AssetBundleManifest
-------------------------------------------------------------------------------
2026-10-03 23:40:00.357 Unity[70359:52515712] NSEventModifierFlagFunction specified to -setKeyEquivalentModifierMask: for item <NSMenuItem: 0xae56edae0 SDF, ke='Command-F12'>, but is only supported for system-provided menu items; will not be used

***Player size statistics***
Total compressed size 1.5 KB. Total uncompressed size 4.1 KB.
Unloading 82 Unused Serialized files (Serialized files now loaded: 0)
Unloading 497 unused Assets / (33.9 KB). Loaded Objects now: 3472.
Memory consumption went from 151.8 MB to 151.8 MB.
Total: 6.013250 ms (FindLiveObjects: 0.097541 ms CreateObjectMapping: 0.034125 ms MarkObjects: 5.676875 ms  DeleteObjects: 0.204542 ms)


-------------------------------------------------------------------------------
Bundle Name: task-box-effect-native-bundle
Compressed Size:1.5 kb
Uncompressed usage by category (Percentages based on user generated assets only):
Textures               0.0 kb	 0.0% 
Meshes                 0.0 kb	 0.0% 
Animations             0.0 kb	 0.0% 
Sounds                 0.0 kb	 0.0% 
Shaders                0.0 kb	 0.0% 
Other Assets           0.2 kb	 4.4% 
Levels                 0.0 kb	 0.0% 
File headers           3.9 kb	 95.6% 
Total User Assets      4.1 kb	 100.0% 
Complete build size    4.1 kb
Used Assets and files from the Resources folder, sorted by uncompressed size:
 0.1 kb	 2.5% AssetBundle Object
 0.1 kb	 2.0% Built-in AssetBundleManifest: AssetBundleManifest
-------------------------------------------------------------------------------
2026-10-03 23:40:00.398 Unity[70359:52515712] NSEventModifierFlagFunction specified to -setKeyEquivalentModifierMask: for item <NSMenuItem: 0xae56c2f80 SDF, ke='Command-F12'>, but is only supported for system-provided menu items; will not be used

***Player size statistics***
Total compressed size 1.5 KB. Total uncompressed size 4.1 KB.
Unloading 5 Unused Serialized files (Serialized files now loaded: 0)
Unloading 436 unused Assets / (1.1 MB). Loaded Objects now: 1826.
Memory consumption went from 142.3 MB to 141.2 MB.
Total: 6.063875 ms (FindLiveObjects: 0.070500 ms CreateObjectMapping: 0.024375 ms MarkObjects: 5.456208 ms  DeleteObjects: 0.512583 ms)


-------------------------------------------------------------------------------
Bundle Name: account-rewards-config-bundles
Compressed Size:1.5 kb
Uncompressed usage by category (Percentages based on user generated assets only):
Textures               0.0 kb	 0.0% 
Meshes                 0.0 kb	 0.0% 
Animations             0.0 kb	 0.0% 
Sounds                 0.0 kb	 0.0% 
Shaders                0.0 kb	 0.0% 
Other Assets           0.2 kb	 4.4% 
Levels                 0.0 kb	 0.0% 
File headers           3.9 kb	 95.6% 
Total User Assets      4.1 kb	 100.0% 
Complete build size    4.1 kb
Used Assets and files from the Resources folder, sorted by uncompressed size:
 0.1 kb	 2.5% AssetBundle Object
 0.1 kb	 2.0% Built-in AssetBundleManifest: AssetBundleManifest
-------------------------------------------------------------------------------
2026-10-03 23:40:00.462 Unity[70359:52515712] NSEventModifierFlagFunction specified to -setKeyEquivalentModifierMask: for item <NSMenuItem: 0xae57d73e0 SDF, ke='Command-F12'>, but is only supported for system-provided menu items; will not be used

***Player size statistics***
Total compressed size 1.5 KB. Total uncompressed size 4.1 KB.
Unloading 82 Unused Serialized files (Serialized files now loaded: 0)
Unloading 497 unused Assets / (34.0 KB). Loaded Objects now: 3472.
Memory consumption went from 151.6 MB to 151.6 MB.
Total: 5.994166 ms (FindLiveObjects: 0.130792 ms CreateObjectMapping: 0.036500 ms MarkObjects: 5.640250 ms  DeleteObjects: 0.186125 ms)


-------------------------------------------------------------------------------
Bundle Name: task-box-effect-native-bundle
Compressed Size:1.5 kb
Uncompressed usage by category (Percentages based on user generated assets only):
Textures               0.0 kb	 0.0% 
Meshes                 0.0 kb	 0.0% 
Animations             0.0 kb	 0.0% 
Sounds                 0.0 kb	 0.0% 
Shaders                0.0 kb	 0.0% 
Other Assets           0.2 kb	 4.4% 
Levels                 0.0 kb	 0.0% 
File headers           3.9 kb	 95.6% 
Total User Assets      4.1 kb	 100.0% 
Complete build size    4.1 kb
Used Assets and files from the Resources folder, sorted by uncompressed size:
 0.1 kb	 2.5% AssetBundle Object
 0.1 kb	 2.0% Built-in AssetBundleManifest: AssetBundleManifest
-------------------------------------------------------------------------------
2026-10-03 23:40:00.488 Unity[70359:52515712] NSEventModifierFlagFunction specified to -setKeyEquivalentModifierMask: for item <NSMenuItem: 0xae56c0000 SDF, ke='Command-F12'>, but is only supported for system-provided menu items; will not be used

***Player size statistics***
Total compressed size 1.5 KB. Total uncompressed size 4.1 KB.
Unloading 4 Unused Serialized files (Serialized files now loaded: 0)
Unloading 435 unused Assets / (0.7 MB). Loaded Objects now: 1826.
Memory consumption went from 141.9 MB to 141.3 MB.
Total: 5.623750 ms (FindLiveObjects: 0.063708 ms CreateObjectMapping: 0.023667 ms MarkObjects: 5.212875 ms  DeleteObjects: 0.323209 ms)


-------------------------------------------------------------------------------
Bundle Name: account-rewards-config-bundles
Compressed Size:1.5 kb
Uncompressed usage by category (Percentages based on user generated assets only):
Textures               0.0 kb	 0.0% 
Meshes                 0.0 kb	 0.0% 
Animations             0.0 kb	 0.0% 
Sounds                 0.0 kb	 0.0% 
Shaders                0.0 kb	 0.0% 
Other Assets           0.2 kb	 4.4% 
Levels                 0.0 kb	 0.0% 
File headers           3.9 kb	 95.6% 
Total User Assets      4.1 kb	 100.0% 
Complete build size    4.1 kb
Used Assets and files from the Resources folder, sorted by uncompressed size:
 0.1 kb	 2.5% AssetBundle Object
 0.1 kb	 2.0% Built-in AssetBundleManifest: AssetBundleManifest
-------------------------------------------------------------------------------
2026-10-03 23:40:00.554 Unity[70359:52515712] NSEventModifierFlagFunction specified to -setKeyEquivalentModifierMask: for item <NSMenuItem: 0xae56edea0 SDF, ke='Command-F12'>, but is only supported for system-provided menu items; will not be used

***Player size statistics***
Total compressed size 1.5 KB. Total uncompressed size 4.1 KB.
Unloading 82 Unused Serialized files (Serialized files now loaded: 0)
Unloading 497 unused Assets / (31.4 KB). Loaded Objects now: 3472.
Memory consumption went from 151.5 MB to 151.4 MB.
Total: 5.583667 ms (FindLiveObjects: 0.108542 ms CreateObjectMapping: 0.033208 ms MarkObjects: 5.275666 ms  DeleteObjects: 0.165917 ms)


-------------------------------------------------------------------------------
Bundle Name: task-box-effect-native-bundle
Compressed Size:1.5 kb
Uncompressed usage by category (Percentages based on user generated assets only):
Textures               0.0 kb	 0.0% 
Meshes                 0.0 kb	 0.0% 
Animations             0.0 kb	 0.0% 
Sounds                 0.0 kb	 0.0% 
Shaders                0.0 kb	 0.0% 
Other Assets           0.2 kb	 4.4% 
Levels                 0.0 kb	 0.0% 
File headers           3.9 kb	 95.6% 
Total User Assets      4.1 kb	 100.0% 
Complete build size    4.1 kb
Used Assets and files from the Resources folder, sorted by uncompressed size:
 0.1 kb	 2.5% AssetBundle Object
 0.1 kb	 2.0% Built-in AssetBundleManifest: AssetBundleManifest
-------------------------------------------------------------------------------
2026-10-03 23:40:00.589 Unity[70359:52515712] NSEventModifierFlagFunction specified to -setKeyEquivalentModifierMask: for item <NSMenuItem: 0xae56c01e0 SDF, ke='Command-F12'>, but is only supported for system-provided menu items; will not be used

***Player size statistics***
Total compressed size 1.5 KB. Total uncompressed size 4.1 KB.
Unloading 4 Unused Serialized files (Serialized files now loaded: 0)
Unloading 435 unused Assets / (504.8 KB). Loaded Objects now: 1826.
Memory consumption went from 141.9 MB to 141.5 MB.
Total: 5.680125 ms (FindLiveObjects: 0.066084 ms CreateObjectMapping: 0.025166 ms MarkObjects: 5.196209 ms  DeleteObjects: 0.392541 ms)


-------------------------------------------------------------------------------
Bundle Name: account-rewards-config-bundles
Compressed Size:1.5 kb
Uncompressed usage by category (Percentages based on user generated assets only):
Textures               0.0 kb	 0.0% 
Meshes                 0.0 kb	 0.0% 
Animations             0.0 kb	 0.0% 
Sounds                 0.0 kb	 0.0% 
Shaders                0.0 kb	 0.0% 
Other Assets           0.2 kb	 4.4% 
Levels                 0.0 kb	 0.0% 
File headers           3.9 kb	 95.6% 
Total User Assets      4.1 kb	 100.0% 
Complete build size    4.1 kb
Used Assets and files from the Resources folder, sorted by uncompressed size:
 0.1 kb	 2.5% AssetBundle Object
 0.1 kb	 2.0% Built-in AssetBundleManifest: AssetBundleManifest
-------------------------------------------------------------------------------
Assertion failed on expression: 'ShouldRunBehaviour()'
UnityEngine.Debug:ExtractStackTraceNoAlloc (byte*,int,string)
UnityEngine.StackTraceUtility:ExtractStackTrace () (at /Users/bokken/build/output/unity/unity/Runtime/Export/Scripting/StackTrace.cs:35)
UnityEngine.Component:SendMessage (string,object,UnityEngine.SendMessageOptions)
UnityEngine.Component:SendMessage (string) (at /Users/bokken/build/output/unity/unity/Runtime/Export/Scripting/Component.bindings.cs:248)
AreaBattle.EditorTools.OutgameRedDotValidation/<>c:<Run>b__3_5 () (at Assets/AreaBattle/Editor/OutgameRedDotValidation.cs:69)
AreaBattle.EditorTools.OutgameRedDotValidation/<>c__DisplayClass3_0:<Run>b__0 (string,System.Action) (at Assets/AreaBattle/Editor/OutgameRedDotValidation.cs:34)
AreaBattle.EditorTools.OutgameRedDotValidation:Run () (at Assets/AreaBattle/Editor/OutgameRedDotValidation.cs:68)
System.Reflection.RuntimeMethodInfo:Invoke (object,System.Reflection.BindingFlags,System.Reflection.Binder,object[],System.Globalization.CultureInfo)
System.Reflection.MethodBase:Invoke (object,object[])
AreaBattle.EditorTools.BattleBuild:ValidateIntegrated () (at Assets/AreaBattle/Editor/BattleBuild.cs:32)
AreaBattle.EditorTools.BattleBuild:ValidateMechanicsOnly () (at Assets/AreaBattle/Editor/BattleBuild.cs:18)

[Assets/AreaBattle/Editor/OutgameRedDotValidation.cs line 69]

Assertion failed on expression: 'ShouldRunBehaviour()'
UnityEngine.Debug:ExtractStackTraceNoAlloc (byte*,int,string)
UnityEngine.StackTraceUtility:ExtractStackTrace () (at /Users/bokken/build/output/unity/unity/Runtime/Export/Scripting/StackTrace.cs:35)
UnityEngine.Component:SendMessage (string,object,UnityEngine.SendMessageOptions)
UnityEngine.Component:SendMessage (string) (at /Users/bokken/build/output/unity/unity/Runtime/Export/Scripting/Component.bindings.cs:248)
AreaBattle.EditorTools.OutgameRedDotValidation/<>c:<Run>b__3_5 () (at Assets/AreaBattle/Editor/OutgameRedDotValidation.cs:70)
AreaBattle.EditorTools.OutgameRedDotValidation/<>c__DisplayClass3_0:<Run>b__0 (string,System.Action) (at Assets/AreaBattle/Editor/OutgameRedDotValidation.cs:34)
AreaBattle.EditorTools.OutgameRedDotValidation:Run () (at Assets/AreaBattle/Editor/OutgameRedDotValidation.cs:68)
System.Reflection.RuntimeMethodInfo:Invoke (object,System.Reflection.BindingFlags,System.Reflection.Binder,object[],System.Globalization.CultureInfo)
System.Reflection.MethodBase:Invoke (object,object[])
AreaBattle.EditorTools.BattleBuild:ValidateIntegrated () (at Assets/AreaBattle/Editor/BattleBuild.cs:32)
AreaBattle.EditorTools.BattleBuild:ValidateMechanicsOnly () (at Assets/AreaBattle/Editor/BattleBuild.cs:18)

[Assets/AreaBattle/Editor/OutgameRedDotValidation.cs line 70]

Assertion failed on expression: 'ShouldRunBehaviour()'
UnityEngine.Debug:ExtractStackTraceNoAlloc (byte*,int,string)
UnityEngine.StackTraceUtility:ExtractStackTrace () (at /Users/bokken/build/output/unity/unity/Runtime/Export/Scripting/StackTrace.cs:35)
UnityEngine.Component:SendMessage (string,object,UnityEngine.SendMessageOptions)
UnityEngine.Component:SendMessage (string) (at /Users/bokken/build/output/unity/unity/Runtime/Export/Scripting/Component.bindings.cs:248)
AreaBattle.EditorTools.OutgameRedDotValidation/<>c:<Run>b__3_5 () (at Assets/AreaBattle/Editor/OutgameRedDotValidation.cs:70)
AreaBattle.EditorTools.OutgameRedDotValidation/<>c__DisplayClass3_0:<Run>b__0 (string,System.Action) (at Assets/AreaBattle/Editor/OutgameRedDotValidation.cs:34)
AreaBattle.EditorTools.OutgameRedDotValidation:Run () (at Assets/AreaBattle/Editor/OutgameRedDotValidation.cs:68)
System.Reflection.RuntimeMethodInfo:Invoke (object,System.Reflection.BindingFlags,System.Reflection.Binder,object[],System.Globalization.CultureInfo)
System.Reflection.MethodBase:Invoke (object,object[])
AreaBattle.EditorTools.BattleBuild:ValidateIntegrated () (at Assets/AreaBattle/Editor/BattleBuild.cs:32)
AreaBattle.EditorTools.BattleBuild:ValidateMechanicsOnly () (at Assets/AreaBattle/Editor/BattleBuild.cs:18)

[Assets/AreaBattle/Editor/OutgameRedDotValidation.cs line 70]

Assertion failed on expression: 'ShouldRunBehaviour()'
UnityEngine.Debug:ExtractStackTraceNoAlloc (byte*,int,string)
UnityEngine.StackTraceUtility:ExtractStackTrace () (at /Users/bokken/build/output/unity/unity/Runtime/Export/Scripting/StackTrace.cs:35)
UnityEngine.Component:SendMessage (string,object,UnityEngine.SendMessageOptions)
UnityEngine.Component:SendMessage (string) (at /Users/bokken/build/output/unity/unity/Runtime/Export/Scripting/Component.bindings.cs:248)
AreaBattle.EditorTools.OutgameRedDotValidation/<>c:<Run>b__3_8 () (at Assets/AreaBattle/Editor/OutgameRedDotValidation.cs:91)
AreaBattle.EditorTools.OutgameRedDotValidation/<>c__DisplayClass3_0:<Run>b__0 (string,System.Action) (at Assets/AreaBattle/Editor/OutgameRedDotValidation.cs:34)
AreaBattle.EditorTools.OutgameRedDotValidation:Run () (at Assets/AreaBattle/Editor/OutgameRedDotValidation.cs:85)
System.Reflection.RuntimeMethodInfo:Invoke (object,System.Reflection.BindingFlags,System.Reflection.Binder,object[],System.Globalization.CultureInfo)
System.Reflection.MethodBase:Invoke (object,object[])
AreaBattle.EditorTools.BattleBuild:ValidateIntegrated () (at Assets/AreaBattle/Editor/BattleBuild.cs:32)
AreaBattle.EditorTools.BattleBuild:ValidateMechanicsOnly () (at Assets/AreaBattle/Editor/BattleBuild.cs:18)

[Assets/AreaBattle/Editor/OutgameRedDotValidation.cs line 91]

Assertion failed on expression: 'ShouldRunBehaviour()'
UnityEngine.Debug:ExtractStackTraceNoAlloc (byte*,int,string)
UnityEngine.StackTraceUtility:ExtractStackTrace () (at /Users/bokken/build/output/unity/unity/Runtime/Export/Scripting/StackTrace.cs:35)
UnityEngine.Component:SendMessage (string,object,UnityEngine.SendMessageOptions)
UnityEngine.Component:SendMessage (string) (at /Users/bokken/build/output/unity/unity/Runtime/Export/Scripting/Component.bindings.cs:248)
AreaBattle.EditorTools.OutgameGuideBookPageValidation/Fixture:<.ctor>b__19_13 (object[]) (at Assets/AreaBattle/Editor/OutgameGuideBookPageValidation.cs:62)
AreaBattle.OutgameMessageDispatcher:SendMessage (string,object[]) (at Assets/AreaBattle/Scripts/OutgameMessageDispatcher.cs:24)
AreaBattle.OutgameUiPage:SetVisible (bool) (at Assets/AreaBattle/Scripts/OutgameUiPage.cs:19)
AreaBattle.OutgameUiObjectInitialization:Init (UnityEngine.GameObject) (at Assets/AreaBattle/Scripts/OutgameUiObjectInitialization.cs:28)
AreaBattle.OutgameUiOpenHost:InitGameObject (UnityEngine.GameObject) (at Assets/AreaBattle/Scripts/OutgameUiOpenHost.cs:24)
AreaBattle.OutgameUiOpenLifecycle:Loaded (UnityEngine.GameObject,object,bool) (at Assets/AreaBattle/Scripts/OutgameUiOpenLifecycle.cs:28)
AreaBattle.OutgameUiOpenLifecycle:LoadedModern (UnityEngine.GameObject) (at Assets/AreaBattle/Scripts/OutgameUiOpenLifecycle.cs:21)
AreaBattle.OutgameUiLoadRequest:<Open>b__9_0 (UnityEngine.GameObject,AreaBattle.OutgameAssetHandle) (at Assets/AreaBattle/Scripts/OutgameUiLoadRequest.cs:22)
AreaBattle.OutgameUiModernLoader/<>c__DisplayClass5_1:<LoadModern>b__1 () (at Assets/AreaBattle/Scripts/OutgameUiModernLoader.cs:23)
AreaBattle.OutgameUiModernLoader/<WaitTwoFrames>d__7:MoveNext () (at Assets/AreaBattle/Scripts/OutgameUiModernLoader.cs:27)
AreaBattle.EditorTools.OutgameGuideBookPageValidation/Fixture:CompleteLoad () (at Assets/AreaBattle/Editor/OutgameGuideBookPageValidation.cs:66)
AreaBattle.EditorTools.OutgameGuideBookPageValidation/<>c:<Run>b__2_1 () (at Assets/AreaBattle/Editor/OutgameGuideBookPageValidation.cs:78)
AreaBattle.EditorTools.OutgameGuideBookPageValidation/<>c__DisplayClass2_0:<Run>b__0 (string,System.Action) (at Assets/AreaBattle/Editor/OutgameGuideBookPageValidation.cs:73)
AreaBattle.EditorTools.OutgameGuideBookPageValidation:Run () (at Assets/AreaBattle/Editor/OutgameGuideBookPageValidation.cs:74)
System.Reflection.RuntimeMethodInfo:Invoke (object,System.Reflection.BindingFlags,System.Reflection.Binder,object[],System.Globalization.CultureInfo)
System.Reflection.MethodBase:Invoke (object,object[])
AreaBattle.EditorTools.BattleBuild:ValidateIntegrated () (at Assets/AreaBattle/Editor/BattleBuild.cs:32)
AreaBattle.EditorTools.BattleBuild:ValidateMechanicsOnly () (at Assets/AreaBattle/Editor/BattleBuild.cs:18)

[Assets/AreaBattle/Scripts/OutgameUiModernLoader.cs line 23]

Assertion failed on expression: 'ShouldRunBehaviour()'
UnityEngine.Debug:ExtractStackTraceNoAlloc (byte*,int,string)
UnityEngine.StackTraceUtility:ExtractStackTrace () (at /Users/bokken/build/output/unity/unity/Runtime/Export/Scripting/StackTrace.cs:35)
UnityEngine.Component:SendMessage (string,object,UnityEngine.SendMessageOptions)
UnityEngine.Component:SendMessage (string) (at /Users/bokken/build/output/unity/unity/Runtime/Export/Scripting/Component.bindings.cs:248)
AreaBattle.EditorTools.OutgameGuideBookPageValidation/Fixture:<.ctor>b__19_13 (object[]) (at Assets/AreaBattle/Editor/OutgameGuideBookPageValidation.cs:62)
AreaBattle.OutgameMessageDispatcher:SendMessage (string,object[]) (at Assets/AreaBattle/Scripts/OutgameMessageDispatcher.cs:24)
AreaBattle.OutgameUiPage:SetVisible (bool) (at Assets/AreaBattle/Scripts/OutgameUiPage.cs:19)
AreaBattle.OutgameUiObjectInitialization:Init (UnityEngine.GameObject) (at Assets/AreaBattle/Scripts/OutgameUiObjectInitialization.cs:28)
AreaBattle.OutgameUiOpenHost:InitGameObject (UnityEngine.GameObject) (at Assets/AreaBattle/Scripts/OutgameUiOpenHost.cs:24)
AreaBattle.OutgameUiOpenLifecycle:Loaded (UnityEngine.GameObject,object,bool) (at Assets/AreaBattle/Scripts/OutgameUiOpenLifecycle.cs:28)
AreaBattle.OutgameUiOpenLifecycle:LoadedModern (UnityEngine.GameObject) (at Assets/AreaBattle/Scripts/OutgameUiOpenLifecycle.cs:21)
AreaBattle.OutgameUiLoadRequest:<Open>b__9_0 (UnityEngine.GameObject,AreaBattle.OutgameAssetHandle) (at Assets/AreaBattle/Scripts/OutgameUiLoadRequest.cs:22)
AreaBattle.OutgameUiModernLoader/<>c__DisplayClass5_1:<LoadModern>b__1 () (at Assets/AreaBattle/Scripts/OutgameUiModernLoader.cs:23)
AreaBattle.OutgameUiModernLoader/<WaitTwoFrames>d__7:MoveNext () (at Assets/AreaBattle/Scripts/OutgameUiModernLoader.cs:27)
AreaBattle.EditorTools.OutgameGuideBookPageValidation/Fixture:CompleteLoad () (at Assets/AreaBattle/Editor/OutgameGuideBookPageValidation.cs:66)
AreaBattle.EditorTools.OutgameGuideBookPageValidation/<>c:<Run>b__2_1 () (at Assets/AreaBattle/Editor/OutgameGuideBookPageValidation.cs:78)
AreaBattle.EditorTools.OutgameGuideBookPageValidation/<>c__DisplayClass2_0:<Run>b__0 (string,System.Action) (at Assets/AreaBattle/Editor/OutgameGuideBookPageValidation.cs:73)
AreaBattle.EditorTools.OutgameGuideBookPageValidation:Run () (at Assets/AreaBattle/Editor/OutgameGuideBookPageValidation.cs:74)
System.Reflection.RuntimeMethodInfo:Invoke (object,System.Reflection.BindingFlags,System.Reflection.Binder,object[],System.Globalization.CultureInfo)
System.Reflection.MethodBase:Invoke (object,object[])
AreaBattle.EditorTools.BattleBuild:ValidateIntegrated () (at Assets/AreaBattle/Editor/BattleBuild.cs:32)
AreaBattle.EditorTools.BattleBuild:ValidateMechanicsOnly () (at Assets/AreaBattle/Editor/BattleBuild.cs:18)

[Assets/AreaBattle/Scripts/OutgameUiModernLoader.cs line 23]

Assertion failed on expression: 'ShouldRunBehaviour()'
UnityEngine.Debug:ExtractStackTraceNoAlloc (byte*,int,string)
UnityEngine.StackTraceUtility:ExtractStackTrace () (at /Users/bokken/build/output/unity/unity/Runtime/Export/Scripting/StackTrace.cs:35)
UnityEngine.Component:SendMessage (string,object,UnityEngine.SendMessageOptions)
UnityEngine.Component:SendMessage (string) (at /Users/bokken/build/output/unity/unity/Runtime/Export/Scripting/Component.bindings.cs:248)
AreaBattle.EditorTools.OutgameGuideBookPageValidation/Fixture:<.ctor>b__19_13 (object[]) (at Assets/AreaBattle/Editor/OutgameGuideBookPageValidation.cs:62)
AreaBattle.OutgameMessageDispatcher:SendMessage (string,object[]) (at Assets/AreaBattle/Scripts/OutgameMessageDispatcher.cs:24)
AreaBattle.OutgameUiPage:SetVisible (bool) (at Assets/AreaBattle/Scripts/OutgameUiPage.cs:19)
AreaBattle.OutgameUiObjectInitialization:Init (UnityEngine.GameObject) (at Assets/AreaBattle/Scripts/OutgameUiObjectInitialization.cs:28)
AreaBattle.OutgameUiOpenHost:InitGameObject (UnityEngine.GameObject) (at Assets/AreaBattle/Scripts/OutgameUiOpenHost.cs:24)
AreaBattle.OutgameUiOpenLifecycle:Loaded (UnityEngine.GameObject,object,bool) (at Assets/AreaBattle/Scripts/OutgameUiOpenLifecycle.cs:28)
AreaBattle.OutgameUiOpenLifecycle:LoadedModern (UnityEngine.GameObject) (at Assets/AreaBattle/Scripts/OutgameUiOpenLifecycle.cs:21)
AreaBattle.OutgameUiLoadRequest:<Open>b__9_0 (UnityEngine.GameObject,AreaBattle.OutgameAssetHandle) (at Assets/AreaBattle/Scripts/OutgameUiLoadRequest.cs:22)
AreaBattle.OutgameUiModernLoader/<>c__DisplayClass5_1:<LoadModern>b__1 () (at Assets/AreaBattle/Scripts/OutgameUiModernLoader.cs:23)
AreaBattle.OutgameUiModernLoader/<WaitTwoFrames>d__7:MoveNext () (at Assets/AreaBattle/Scripts/OutgameUiModernLoader.cs:27)
AreaBattle.EditorTools.OutgameGuideBookPageValidation/Fixture:CompleteLoad () (at Assets/AreaBattle/Editor/OutgameGuideBookPageValidation.cs:66)
AreaBattle.EditorTools.OutgameGuideBookPageValidation/<>c:<Run>b__2_1 () (at Assets/AreaBattle/Editor/OutgameGuideBookPageValidation.cs:78)
AreaBattle.EditorTools.OutgameGuideBookPageValidation/<>c__DisplayClass2_0:<Run>b__0 (string,System.Action) (at Assets/AreaBattle/Editor/OutgameGuideBookPageValidation.cs:73)
AreaBattle.EditorTools.OutgameGuideBookPageValidation:Run () (at Assets/AreaBattle/Editor/OutgameGuideBookPageValidation.cs:74)
System.Reflection.RuntimeMethodInfo:Invoke (object,System.Reflection.BindingFlags,System.Reflection.Binder,object[],System.Globalization.CultureInfo)
System.Reflection.MethodBase:Invoke (object,object[])
AreaBattle.EditorTools.BattleBuild:ValidateIntegrated () (at Assets/AreaBattle/Editor/BattleBuild.cs:32)
AreaBattle.EditorTools.BattleBuild:ValidateMechanicsOnly () (at Assets/AreaBattle/Editor/BattleBuild.cs:18)

[Assets/AreaBattle/Scripts/OutgameUiModernLoader.cs line 23]

Assertion failed on expression: 'ShouldRunBehaviour()'
UnityEngine.Debug:ExtractStackTraceNoAlloc (byte*,int,string)
UnityEngine.StackTraceUtility:ExtractStackTrace () (at /Users/bokken/build/output/unity/unity/Runtime/Export/Scripting/StackTrace.cs:35)
UnityEngine.Component:SendMessage (string,object,UnityEngine.SendMessageOptions)
UnityEngine.Component:SendMessage (string) (at /Users/bokken/build/output/unity/unity/Runtime/Export/Scripting/Component.bindings.cs:248)
AreaBattle.EditorTools.OutgameGuideBookPageValidation/Fixture:<.ctor>b__19_13 (object[]) (at Assets/AreaBattle/Editor/OutgameGuideBookPageValidation.cs:62)
AreaBattle.OutgameMessageDispatcher:SendMessage (string,object[]) (at Assets/AreaBattle/Scripts/OutgameMessageDispatcher.cs:24)
AreaBattle.OutgameUiPage:SetVisible (bool) (at Assets/AreaBattle/Scripts/OutgameUiPage.cs:19)
AreaBattle.OutgameUiObjectInitialization:Init (UnityEngine.GameObject) (at Assets/AreaBattle/Scripts/OutgameUiObjectInitialization.cs:28)
AreaBattle.OutgameUiOpenHost:InitGameObject (UnityEngine.GameObject) (at Assets/AreaBattle/Scripts/OutgameUiOpenHost.cs:24)
AreaBattle.OutgameUiOpenLifecycle:Loaded (UnityEngine.GameObject,object,bool) (at Assets/AreaBattle/Scripts/OutgameUiOpenLifecycle.cs:28)
AreaBattle.OutgameUiOpenLifecycle:LoadedModern (UnityEngine.GameObject) (at Assets/AreaBattle/Scripts/OutgameUiOpenLifecycle.cs:21)
AreaBattle.OutgameUiLoadRequest:<Open>b__9_0 (UnityEngine.GameObject,AreaBattle.OutgameAssetHandle) (at Assets/AreaBattle/Scripts/OutgameUiLoadRequest.cs:22)
AreaBattle.OutgameUiModernLoader/<>c__DisplayClass5_1:<LoadModern>b__1 () (at Assets/AreaBattle/Scripts/OutgameUiModernLoader.cs:23)
AreaBattle.OutgameUiModernLoader/<WaitTwoFrames>d__7:MoveNext () (at Assets/AreaBattle/Scripts/OutgameUiModernLoader.cs:27)
AreaBattle.EditorTools.OutgameGuideBookPageValidation/Fixture:CompleteLoad () (at Assets/AreaBattle/Editor/OutgameGuideBookPageValidation.cs:66)
AreaBattle.EditorTools.OutgameGuideBookPageValidation/<>c:<Run>b__2_2 () (at Assets/AreaBattle/Editor/OutgameGuideBookPageValidation.cs:87)
AreaBattle.EditorTools.OutgameGuideBookPageValidation/<>c__DisplayClass2_0:<Run>b__0 (string,System.Action) (at Assets/AreaBattle/Editor/OutgameGuideBookPageValidation.cs:73)
AreaBattle.EditorTools.OutgameGuideBookPageValidation:Run () (at Assets/AreaBattle/Editor/OutgameGuideBookPageValidation.cs:85)
System.Reflection.RuntimeMethodInfo:Invoke (object,System.Reflection.BindingFlags,System.Reflection.Binder,object[],System.Globalization.CultureInfo)
System.Reflection.MethodBase:Invoke (object,object[])
AreaBattle.EditorTools.BattleBuild:ValidateIntegrated () (at Assets/AreaBattle/Editor/BattleBuild.cs:32)
AreaBattle.EditorTools.BattleBuild:ValidateMechanicsOnly () (at Assets/AreaBattle/Editor/BattleBuild.cs:18)

[Assets/AreaBattle/Scripts/OutgameUiModernLoader.cs line 23]

Assertion failed on expression: 'ShouldRunBehaviour()'
UnityEngine.Debug:ExtractStackTraceNoAlloc (byte*,int,string)
UnityEngine.StackTraceUtility:ExtractStackTrace () (at /Users/bokken/build/output/unity/unity/Runtime/Export/Scripting/StackTrace.cs:35)
UnityEngine.Component:SendMessage (string,object,UnityEngine.SendMessageOptions)
UnityEngine.Component:SendMessage (string) (at /Users/bokken/build/output/unity/unity/Runtime/Export/Scripting/Component.bindings.cs:248)
AreaBattle.EditorTools.OutgameGuideBookPageValidation/Fixture:<.ctor>b__19_13 (object[]) (at Assets/AreaBattle/Editor/OutgameGuideBookPageValidation.cs:62)
AreaBattle.OutgameMessageDispatcher:SendMessage (string,object[]) (at Assets/AreaBattle/Scripts/OutgameMessageDispatcher.cs:24)
AreaBattle.OutgameUiPage:SetVisible (bool) (at Assets/AreaBattle/Scripts/OutgameUiPage.cs:19)
AreaBattle.OutgameUiObjectInitialization:Init (UnityEngine.GameObject) (at Assets/AreaBattle/Scripts/OutgameUiObjectInitialization.cs:28)
AreaBattle.OutgameUiOpenHost:InitGameObject (UnityEngine.GameObject) (at Assets/AreaBattle/Scripts/OutgameUiOpenHost.cs:24)
AreaBattle.OutgameUiOpenLifecycle:Loaded (UnityEngine.GameObject,object,bool) (at Assets/AreaBattle/Scripts/OutgameUiOpenLifecycle.cs:28)
AreaBattle.OutgameUiOpenLifecycle:LoadedModern (UnityEngine.GameObject) (at Assets/AreaBattle/Scripts/OutgameUiOpenLifecycle.cs:21)
AreaBattle.OutgameUiLoadRequest:<Open>b__9_0 (UnityEngine.GameObject,AreaBattle.OutgameAssetHandle) (at Assets/AreaBattle/Scripts/OutgameUiLoadRequest.cs:22)
AreaBattle.OutgameUiModernLoader/<>c__DisplayClass5_1:<LoadModern>b__1 () (at Assets/AreaBattle/Scripts/OutgameUiModernLoader.cs:23)
AreaBattle.OutgameUiModernLoader/<WaitTwoFrames>d__7:MoveNext () (at Assets/AreaBattle/Scripts/OutgameUiModernLoader.cs:27)
AreaBattle.EditorTools.OutgameGuideBookPageValidation/Fixture:CompleteLoad () (at Assets/AreaBattle/Editor/OutgameGuideBookPageValidation.cs:66)
AreaBattle.EditorTools.OutgameGuideBookPageValidation/<>c:<Run>b__2_2 () (at Assets/AreaBattle/Editor/OutgameGuideBookPageValidation.cs:87)
AreaBattle.EditorTools.OutgameGuideBookPageValidation/<>c__DisplayClass2_0:<Run>b__0 (string,System.Action) (at Assets/AreaBattle/Editor/OutgameGuideBookPageValidation.cs:73)
AreaBattle.EditorTools.OutgameGuideBookPageValidation:Run () (at Assets/AreaBattle/Editor/OutgameGuideBookPageValidation.cs:85)
System.Reflection.RuntimeMethodInfo:Invoke (object,System.Reflection.BindingFlags,System.Reflection.Binder,object[],System.Globalization.CultureInfo)
System.Reflection.MethodBase:Invoke (object,object[])
AreaBattle.EditorTools.BattleBuild:ValidateIntegrated () (at Assets/AreaBattle/Editor/BattleBuild.cs:32)
AreaBattle.EditorTools.BattleBuild:ValidateMechanicsOnly () (at Assets/AreaBattle/Editor/BattleBuild.cs:18)

[Assets/AreaBattle/Scripts/OutgameUiModernLoader.cs line 23]

Assertion failed on expression: 'ShouldRunBehaviour()'
UnityEngine.Debug:ExtractStackTraceNoAlloc (byte*,int,string)
UnityEngine.StackTraceUtility:ExtractStackTrace () (at /Users/bokken/build/output/unity/unity/Runtime/Export/Scripting/StackTrace.cs:35)
UnityEngine.Component:SendMessage (string,object,UnityEngine.SendMessageOptions)
UnityEngine.Component:SendMessage (string) (at /Users/bokken/build/output/unity/unity/Runtime/Export/Scripting/Component.bindings.cs:248)
AreaBattle.EditorTools.OutgameGuideBookPageValidation/Fixture:<.ctor>b__19_13 (object[]) (at Assets/AreaBattle/Editor/OutgameGuideBookPageValidation.cs:62)
AreaBattle.OutgameMessageDispatcher:SendMessage (string,object[]) (at Assets/AreaBattle/Scripts/OutgameMessageDispatcher.cs:24)
AreaBattle.OutgameUiPage:SetVisible (bool) (at Assets/AreaBattle/Scripts/OutgameUiPage.cs:19)
AreaBattle.OutgameUiObjectInitialization:Init (UnityEngine.GameObject) (at Assets/AreaBattle/Scripts/OutgameUiObjectInitialization.cs:28)
AreaBattle.OutgameUiOpenHost:InitGameObject (UnityEngine.GameObject) (at Assets/AreaBattle/Scripts/OutgameUiOpenHost.cs:24)
AreaBattle.OutgameUiOpenLifecycle:Loaded (UnityEngine.GameObject,object,bool) (at Assets/AreaBattle/Scripts/OutgameUiOpenLifecycle.cs:28)
AreaBattle.OutgameUiOpenLifecycle:LoadedModern (UnityEngine.GameObject) (at Assets/AreaBattle/Scripts/OutgameUiOpenLifecycle.cs:21)
AreaBattle.OutgameUiLoadRequest:<Open>b__9_0 (UnityEngine.GameObject,AreaBattle.OutgameAssetHandle) (at Assets/AreaBattle/Scripts/OutgameUiLoadRequest.cs:22)
AreaBattle.OutgameUiModernLoader/<>c__DisplayClass5_1:<LoadModern>b__1 () (at Assets/AreaBattle/Scripts/OutgameUiModernLoader.cs:23)
AreaBattle.OutgameUiModernLoader/<WaitTwoFrames>d__7:MoveNext () (at Assets/AreaBattle/Scripts/OutgameUiModernLoader.cs:27)
AreaBattle.EditorTools.OutgameGuideBookPageValidation/Fixture:CompleteLoad () (at Assets/AreaBattle/Editor/OutgameGuideBookPageValidation.cs:66)
AreaBattle.EditorTools.OutgameGuideBookPageValidation/<>c:<Run>b__2_2 () (at Assets/AreaBattle/Editor/OutgameGuideBookPageValidation.cs:87)
AreaBattle.EditorTools.OutgameGuideBookPageValidation/<>c__DisplayClass2_0:<Run>b__0 (string,System.Action) (at Assets/AreaBattle/Editor/OutgameGuideBookPageValidation.cs:73)
AreaBattle.EditorTools.OutgameGuideBookPageValidation:Run () (at Assets/AreaBattle/Editor/OutgameGuideBookPageValidation.cs:85)
System.Reflection.RuntimeMethodInfo:Invoke (object,System.Reflection.BindingFlags,System.Reflection.Binder,object[],System.Globalization.CultureInfo)
System.Reflection.MethodBase:Invoke (object,object[])
AreaBattle.EditorTools.BattleBuild:ValidateIntegrated () (at Assets/AreaBattle/Editor/BattleBuild.cs:32)
AreaBattle.EditorTools.BattleBuild:ValidateMechanicsOnly () (at Assets/AreaBattle/Editor/BattleBuild.cs:18)

[Assets/AreaBattle/Scripts/OutgameUiModernLoader.cs line 23]

Assertion failed on expression: 'ShouldRunBehaviour()'
UnityEngine.Debug:ExtractStackTraceNoAlloc (byte*,int,string)
UnityEngine.StackTraceUtility:ExtractStackTrace () (at /Users/bokken/build/output/unity/unity/Runtime/Export/Scripting/StackTrace.cs:35)
UnityEngine.Component:SendMessage (string,object,UnityEngine.SendMessageOptions)
UnityEngine.Component:SendMessage (string) (at /Users/bokken/build/output/unity/unity/Runtime/Export/Scripting/Component.bindings.cs:248)
AreaBattle.EditorTools.OutgameGuideBookPageValidation/Fixture:<.ctor>b__19_13 (object[]) (at Assets/AreaBattle/Editor/OutgameGuideBookPageValidation.cs:62)
AreaBattle.OutgameMessageDispatcher:SendMessage (string,object[]) (at Assets/AreaBattle/Scripts/OutgameMessageDispatcher.cs:24)
AreaBattle.OutgameUiPage:SetVisible (bool) (at Assets/AreaBattle/Scripts/OutgameUiPage.cs:19)
AreaBattle.OutgameUiObjectInitialization:Init (UnityEngine.GameObject) (at Assets/AreaBattle/Scripts/OutgameUiObjectInitialization.cs:28)
AreaBattle.OutgameUiOpenHost:InitGameObject (UnityEngine.GameObject) (at Assets/AreaBattle/Scripts/OutgameUiOpenHost.cs:24)
AreaBattle.OutgameUiOpenLifecycle:Loaded (UnityEngine.GameObject,object,bool) (at Assets/AreaBattle/Scripts/OutgameUiOpenLifecycle.cs:28)
AreaBattle.OutgameUiOpenLifecycle:LoadedModern (UnityEngine.GameObject) (at Assets/AreaBattle/Scripts/OutgameUiOpenLifecycle.cs:21)
AreaBattle.OutgameUiLoadRequest:<Open>b__9_0 (UnityEngine.GameObject,AreaBattle.OutgameAssetHandle) (at Assets/AreaBattle/Scripts/OutgameUiLoadRequest.cs:22)
AreaBattle.OutgameUiModernLoader/<>c__DisplayClass5_1:<LoadModern>b__1 () (at Assets/AreaBattle/Scripts/OutgameUiModernLoader.cs:23)
AreaBattle.OutgameUiModernLoader/<WaitTwoFrames>d__7:MoveNext () (at Assets/AreaBattle/Scripts/OutgameUiModernLoader.cs:27)
AreaBattle.EditorTools.OutgameGuideBookPageValidation/Fixture:CompleteLoad () (at Assets/AreaBattle/Editor/OutgameGuideBookPageValidation.cs:66)
AreaBattle.EditorTools.OutgameGuideBookPageValidation/<>c:<Run>b__2_3 () (at Assets/AreaBattle/Editor/OutgameGuideBookPageValidation.cs:96)
AreaBattle.EditorTools.OutgameGuideBookPageValidation/<>c__DisplayClass2_0:<Run>b__0 (string,System.Action) (at Assets/AreaBattle/Editor/OutgameGuideBookPageValidation.cs:73)
AreaBattle.EditorTools.OutgameGuideBookPageValidation:Run () (at Assets/AreaBattle/Editor/OutgameGuideBookPageValidation.cs:94)
System.Reflection.RuntimeMethodInfo:Invoke (object,System.Reflection.BindingFlags,System.Reflection.Binder,object[],System.Globalization.CultureInfo)
System.Reflection.MethodBase:Invoke (object,object[])
AreaBattle.EditorTools.BattleBuild:ValidateIntegrated () (at Assets/AreaBattle/Editor/BattleBuild.cs:32)
AreaBattle.EditorTools.BattleBuild:ValidateMechanicsOnly () (at Assets/AreaBattle/Editor/BattleBuild.cs:18)

[Assets/AreaBattle/Scripts/OutgameUiModernLoader.cs line 23]

Assertion failed on expression: 'ShouldRunBehaviour()'
UnityEngine.Debug:ExtractStackTraceNoAlloc (byte*,int,string)
UnityEngine.StackTraceUtility:ExtractStackTrace () (at /Users/bokken/build/output/unity/unity/Runtime/Export/Scripting/StackTrace.cs:35)
UnityEngine.Component:SendMessage (string,object,UnityEngine.SendMessageOptions)
UnityEngine.Component:SendMessage (string) (at /Users/bokken/build/output/unity/unity/Runtime/Export/Scripting/Component.bindings.cs:248)
AreaBattle.EditorTools.OutgameGuideBookPageValidation/Fixture:<.ctor>b__19_13 (object[]) (at Assets/AreaBattle/Editor/OutgameGuideBookPageValidation.cs:62)
AreaBattle.OutgameMessageDispatcher:SendMessage (string,object[]) (at Assets/AreaBattle/Scripts/OutgameMessageDispatcher.cs:24)
AreaBattle.OutgameUiPage:SetVisible (bool) (at Assets/AreaBattle/Scripts/OutgameUiPage.cs:19)
AreaBattle.OutgameUiObjectInitialization:Init (UnityEngine.GameObject) (at Assets/AreaBattle/Scripts/OutgameUiObjectInitialization.cs:28)
AreaBattle.OutgameUiOpenHost:InitGameObject (UnityEngine.GameObject) (at Assets/AreaBattle/Scripts/OutgameUiOpenHost.cs:24)
AreaBattle.OutgameUiOpenLifecycle:Loaded (UnityEngine.GameObject,object,bool) (at Assets/AreaBattle/Scripts/OutgameUiOpenLifecycle.cs:28)
AreaBattle.OutgameUiOpenLifecycle:LoadedModern (UnityEngine.GameObject) (at Assets/AreaBattle/Scripts/OutgameUiOpenLifecycle.cs:21)
AreaBattle.OutgameUiLoadRequest:<Open>b__9_0 (UnityEngine.GameObject,AreaBattle.OutgameAssetHandle) (at Assets/AreaBattle/Scripts/OutgameUiLoadRequest.cs:22)
AreaBattle.OutgameUiModernLoader/<>c__DisplayClass5_1:<LoadModern>b__1 () (at Assets/AreaBattle/Scripts/OutgameUiModernLoader.cs:23)
AreaBattle.OutgameUiModernLoader/<WaitTwoFrames>d__7:MoveNext () (at Assets/AreaBattle/Scripts/OutgameUiModernLoader.cs:27)
AreaBattle.EditorTools.OutgameGuideBookPageValidation/Fixture:CompleteLoad () (at Assets/AreaBattle/Editor/OutgameGuideBookPageValidation.cs:66)
AreaBattle.EditorTools.OutgameGuideBookPageValidation/<>c:<Run>b__2_3 () (at Assets/AreaBattle/Editor/OutgameGuideBookPageValidation.cs:96)
AreaBattle.EditorTools.OutgameGuideBookPageValidation/<>c__DisplayClass2_0:<Run>b__0 (string,System.Action) (at Assets/AreaBattle/Editor/OutgameGuideBookPageValidation.cs:73)
AreaBattle.EditorTools.OutgameGuideBookPageValidation:Run () (at Assets/AreaBattle/Editor/OutgameGuideBookPageValidation.cs:94)
System.Reflection.RuntimeMethodInfo:Invoke (object,System.Reflection.BindingFlags,System.Reflection.Binder,object[],System.Globalization.CultureInfo)
System.Reflection.MethodBase:Invoke (object,object[])
AreaBattle.EditorTools.BattleBuild:ValidateIntegrated () (at Assets/AreaBattle/Editor/BattleBuild.cs:32)
AreaBattle.EditorTools.BattleBuild:ValidateMechanicsOnly () (at Assets/AreaBattle/Editor/BattleBuild.cs:18)

[Assets/AreaBattle/Scripts/OutgameUiModernLoader.cs line 23]

Assertion failed on expression: 'ShouldRunBehaviour()'
UnityEngine.Debug:ExtractStackTraceNoAlloc (byte*,int,string)
UnityEngine.StackTraceUtility:ExtractStackTrace () (at /Users/bokken/build/output/unity/unity/Runtime/Export/Scripting/StackTrace.cs:35)
UnityEngine.Component:SendMessage (string,object,UnityEngine.SendMessageOptions)
UnityEngine.Component:SendMessage (string) (at /Users/bokken/build/output/unity/unity/Runtime/Export/Scripting/Component.bindings.cs:248)
AreaBattle.EditorTools.OutgameGuideBookPageValidation/Fixture:<.ctor>b__19_13 (object[]) (at Assets/AreaBattle/Editor/OutgameGuideBookPageValidation.cs:62)
AreaBattle.OutgameMessageDispatcher:SendMessage (string,object[]) (at Assets/AreaBattle/Scripts/OutgameMessageDispatcher.cs:24)
AreaBattle.OutgameUiPage:SetVisible (bool) (at Assets/AreaBattle/Scripts/OutgameUiPage.cs:19)
AreaBattle.OutgameUiObjectInitialization:Init (UnityEngine.GameObject) (at Assets/AreaBattle/Scripts/OutgameUiObjectInitialization.cs:28)
AreaBattle.OutgameUiOpenHost:InitGameObject (UnityEngine.GameObject) (at Assets/AreaBattle/Scripts/OutgameUiOpenHost.cs:24)
AreaBattle.OutgameUiOpenLifecycle:Loaded (UnityEngine.GameObject,object,bool) (at Assets/AreaBattle/Scripts/OutgameUiOpenLifecycle.cs:28)
AreaBattle.OutgameUiOpenLifecycle:LoadedModern (UnityEngine.GameObject) (at Assets/AreaBattle/Scripts/OutgameUiOpenLifecycle.cs:21)
AreaBattle.OutgameUiLoadRequest:<Open>b__9_0 (UnityEngine.GameObject,AreaBattle.OutgameAssetHandle) (at Assets/AreaBattle/Scripts/OutgameUiLoadRequest.cs:22)
AreaBattle.OutgameUiModernLoader/<>c__DisplayClass5_1:<LoadModern>b__1 () (at Assets/AreaBattle/Scripts/OutgameUiModernLoader.cs:23)
AreaBattle.OutgameUiModernLoader/<WaitTwoFrames>d__7:MoveNext () (at Assets/AreaBattle/Scripts/OutgameUiModernLoader.cs:27)
AreaBattle.EditorTools.OutgameGuideBookPageValidation/Fixture:CompleteLoad () (at Assets/AreaBattle/Editor/OutgameGuideBookPageValidation.cs:66)
AreaBattle.EditorTools.OutgameGuideBookPageValidation/<>c:<Run>b__2_3 () (at Assets/AreaBattle/Editor/OutgameGuideBookPageValidation.cs:96)
AreaBattle.EditorTools.OutgameGuideBookPageValidation/<>c__DisplayClass2_0:<Run>b__0 (string,System.Action) (at Assets/AreaBattle/Editor/OutgameGuideBookPageValidation.cs:73)
AreaBattle.EditorTools.OutgameGuideBookPageValidation:Run () (at Assets/AreaBattle/Editor/OutgameGuideBookPageValidation.cs:94)
System.Reflection.RuntimeMethodInfo:Invoke (object,System.Reflection.BindingFlags,System.Reflection.Binder,object[],System.Globalization.CultureInfo)
System.Reflection.MethodBase:Invoke (object,object[])
AreaBattle.EditorTools.BattleBuild:ValidateIntegrated () (at Assets/AreaBattle/Editor/BattleBuild.cs:32)
AreaBattle.EditorTools.BattleBuild:ValidateMechanicsOnly () (at Assets/AreaBattle/Editor/BattleBuild.cs:18)

[Assets/AreaBattle/Scripts/OutgameUiModernLoader.cs line 23]

Destroy may not be called from edit mode! Use DestroyImmediate instead.
Destroying an object in edit mode destroys it permanently.
UnityEngine.Debug:ExtractStackTraceNoAlloc (byte*,int,string)
UnityEngine.StackTraceUtility:ExtractStackTrace () (at /Users/bokken/build/output/unity/unity/Runtime/Export/Scripting/StackTrace.cs:35)
UnityEngine.Object:Destroy (UnityEngine.Object,single)
UnityEngine.Object:Destroy (UnityEngine.Object) (at /Users/bokken/build/output/unity/unity/Runtime/Export/Scripting/UnityEngineObject.bindings.cs:672)
AreaBattle.OutgameUiLifetime/<>c:<.ctor>b__26_0 (UnityEngine.GameObject) (at Assets/AreaBattle/Scripts/OutgameUiLifetime.cs:16)
AreaBattle.OutgameUiLifetime:DestroyObject (UnityEngine.GameObject) (at Assets/AreaBattle/Scripts/OutgameUiLifetime.cs:23)
AreaBattle.OutgameTipBookItem:Dispose () (at Assets/AreaBattle/Scripts/OutgameTipBookItem.cs:62)
AreaBattle.OutgameGuideBookBrowseBinding:DisposeItemsAndTabs () (at Assets/AreaBattle/Scripts/OutgameGuideBookBrowseBinding.cs:61)
AreaBattle.OutgameGuideBookPage/<>c__DisplayClass61_0:<.ctor>b__1 () (at Assets/AreaBattle/Scripts/OutgameGuideBookPage.cs:69)
AreaBattle.OutgameGuideBookPage/PageLifetime:Dispose () (at Assets/AreaBattle/Scripts/OutgameGuideBookPage.cs:32)
AreaBattle.OutgameUiLifetime:CloseUINow () (at Assets/AreaBattle/Scripts/OutgameUiLifetime.cs:20)
AreaBattle.OutgameGuideBookPage:CloseUINow () (at Assets/AreaBattle/Scripts/OutgameGuideBookPage.cs:105)
AreaBattle.EditorTools.OutgameGuideBookPageValidation/<>c:<Run>b__2_3 () (at Assets/AreaBattle/Editor/OutgameGuideBookPageValidation.cs:97)
AreaBattle.EditorTools.OutgameGuideBookPageValidation/<>c__DisplayClass2_0:<Run>b__0 (string,System.Action) (at Assets/AreaBattle/Editor/OutgameGuideBookPageValidation.cs:73)
AreaBattle.EditorTools.OutgameGuideBookPageValidation:Run () (at Assets/AreaBattle/Editor/OutgameGuideBookPageValidation.cs:94)
System.Reflection.RuntimeMethodInfo:Invoke (object,System.Reflection.BindingFlags,System.Reflection.Binder,object[],System.Globalization.CultureInfo)
System.Reflection.MethodBase:Invoke (object,object[])
AreaBattle.EditorTools.BattleBuild:ValidateIntegrated () (at Assets/AreaBattle/Editor/BattleBuild.cs:32)
AreaBattle.EditorTools.BattleBuild:ValidateMechanicsOnly () (at Assets/AreaBattle/Editor/BattleBuild.cs:18)

[Assets/AreaBattle/Scripts/OutgameTipBookItem.cs line 62]

Destroy may not be called from edit mode! Use DestroyImmediate instead.
Destroying an object in edit mode destroys it permanently.
UnityEngine.Debug:ExtractStackTraceNoAlloc (byte*,int,string)
UnityEngine.StackTraceUtility:ExtractStackTrace () (at /Users/bokken/build/output/unity/unity/Runtime/Export/Scripting/StackTrace.cs:35)
UnityEngine.Object:Destroy (UnityEngine.Object,single)
UnityEngine.Object:Destroy (UnityEngine.Object) (at /Users/bokken/build/output/unity/unity/Runtime/Export/Scripting/UnityEngineObject.bindings.cs:672)
AreaBattle.OutgameUiLifetime/<>c:<.ctor>b__26_0 (UnityEngine.GameObject) (at Assets/AreaBattle/Scripts/OutgameUiLifetime.cs:16)
AreaBattle.OutgameUiLifetime:DestroyObject (UnityEngine.GameObject) (at Assets/AreaBattle/Scripts/OutgameUiLifetime.cs:23)
AreaBattle.OutgameTipBookItem:Dispose () (at Assets/AreaBattle/Scripts/OutgameTipBookItem.cs:62)
AreaBattle.OutgameGuideBookBrowseBinding:DisposeItemsAndTabs () (at Assets/AreaBattle/Scripts/OutgameGuideBookBrowseBinding.cs:61)
AreaBattle.OutgameGuideBookPage/<>c__DisplayClass61_0:<.ctor>b__1 () (at Assets/AreaBattle/Scripts/OutgameGuideBookPage.cs:69)
AreaBattle.OutgameGuideBookPage/PageLifetime:Dispose () (at Assets/AreaBattle/Scripts/OutgameGuideBookPage.cs:32)
AreaBattle.OutgameUiLifetime:CloseUINow () (at Assets/AreaBattle/Scripts/OutgameUiLifetime.cs:20)
AreaBattle.OutgameGuideBookPage:CloseUINow () (at Assets/AreaBattle/Scripts/OutgameGuideBookPage.cs:105)
AreaBattle.EditorTools.OutgameGuideBookPageValidation/<>c:<Run>b__2_3 () (at Assets/AreaBattle/Editor/OutgameGuideBookPageValidation.cs:97)
AreaBattle.EditorTools.OutgameGuideBookPageValidation/<>c__DisplayClass2_0:<Run>b__0 (string,System.Action) (at Assets/AreaBattle/Editor/OutgameGuideBookPageValidation.cs:73)
AreaBattle.EditorTools.OutgameGuideBookPageValidation:Run () (at Assets/AreaBattle/Editor/OutgameGuideBookPageValidation.cs:94)
System.Reflection.RuntimeMethodInfo:Invoke (object,System.Reflection.BindingFlags,System.Reflection.Binder,object[],System.Globalization.CultureInfo)
System.Reflection.MethodBase:Invoke (object,object[])
AreaBattle.EditorTools.BattleBuild:ValidateIntegrated () (at Assets/AreaBattle/Editor/BattleBuild.cs:32)
AreaBattle.EditorTools.BattleBuild:ValidateMechanicsOnly () (at Assets/AreaBattle/Editor/BattleBuild.cs:18)

[Assets/AreaBattle/Scripts/OutgameTipBookItem.cs line 62]

Destroy may not be called from edit mode! Use DestroyImmediate instead.
Destroying an object in edit mode destroys it permanently.
UnityEngine.Debug:ExtractStackTraceNoAlloc (byte*,int,string)
UnityEngine.StackTraceUtility:ExtractStackTrace () (at /Users/bokken/build/output/unity/unity/Runtime/Export/Scripting/StackTrace.cs:35)
UnityEngine.Object:Destroy (UnityEngine.Object,single)
UnityEngine.Object:Destroy (UnityEngine.Object) (at /Users/bokken/build/output/unity/unity/Runtime/Export/Scripting/UnityEngineObject.bindings.cs:672)
AreaBattle.OutgameUiLifetime/<>c:<.ctor>b__26_0 (UnityEngine.GameObject) (at Assets/AreaBattle/Scripts/OutgameUiLifetime.cs:16)
AreaBattle.OutgameUiLifetime:DestroyObject (UnityEngine.GameObject) (at Assets/AreaBattle/Scripts/OutgameUiLifetime.cs:23)
AreaBattle.OutgameTipBookItem:Dispose () (at Assets/AreaBattle/Scripts/OutgameTipBookItem.cs:62)
AreaBattle.OutgameGuideBookBrowseBinding:DisposeItemsAndTabs () (at Assets/AreaBattle/Scripts/OutgameGuideBookBrowseBinding.cs:61)
AreaBattle.OutgameGuideBookPage/<>c__DisplayClass61_0:<.ctor>b__1 () (at Assets/AreaBattle/Scripts/OutgameGuideBookPage.cs:69)
AreaBattle.OutgameGuideBookPage/PageLifetime:Dispose () (at Assets/AreaBattle/Scripts/OutgameGuideBookPage.cs:32)
AreaBattle.OutgameUiLifetime:CloseUINow () (at Assets/AreaBattle/Scripts/OutgameUiLifetime.cs:20)
AreaBattle.OutgameGuideBookPage:CloseUINow () (at Assets/AreaBattle/Scripts/OutgameGuideBookPage.cs:105)
AreaBattle.EditorTools.OutgameGuideBookPageValidation/<>c:<Run>b__2_3 () (at Assets/AreaBattle/Editor/OutgameGuideBookPageValidation.cs:97)
AreaBattle.EditorTools.OutgameGuideBookPageValidation/<>c__DisplayClass2_0:<Run>b__0 (string,System.Action) (at Assets/AreaBattle/Editor/OutgameGuideBookPageValidation.cs:73)
AreaBattle.EditorTools.OutgameGuideBookPageValidation:Run () (at Assets/AreaBattle/Editor/OutgameGuideBookPageValidation.cs:94)
System.Reflection.RuntimeMethodInfo:Invoke (object,System.Reflection.BindingFlags,System.Reflection.Binder,object[],System.Globalization.CultureInfo)
System.Reflection.MethodBase:Invoke (object,object[])
AreaBattle.EditorTools.BattleBuild:ValidateIntegrated () (at Assets/AreaBattle/Editor/BattleBuild.cs:32)
AreaBattle.EditorTools.BattleBuild:ValidateMechanicsOnly () (at Assets/AreaBattle/Editor/BattleBuild.cs:18)

[Assets/AreaBattle/Scripts/OutgameTipBookItem.cs line 62]

Destroy may not be called from edit mode! Use DestroyImmediate instead.
Destroying an object in edit mode destroys it permanently.
UnityEngine.Debug:ExtractStackTraceNoAlloc (byte*,int,string)
UnityEngine.StackTraceUtility:ExtractStackTrace () (at /Users/bokken/build/output/unity/unity/Runtime/Export/Scripting/StackTrace.cs:35)
UnityEngine.Object:Destroy (UnityEngine.Object,single)
UnityEngine.Object:Destroy (UnityEngine.Object) (at /Users/bokken/build/output/unity/unity/Runtime/Export/Scripting/UnityEngineObject.bindings.cs:672)
AreaBattle.OutgameUiLifetime/<>c:<.ctor>b__26_0 (UnityEngine.GameObject) (at Assets/AreaBattle/Scripts/OutgameUiLifetime.cs:16)
AreaBattle.OutgameUiLifetime:DestroyObject (UnityEngine.GameObject) (at Assets/AreaBattle/Scripts/OutgameUiLifetime.cs:23)
AreaBattle.OutgameTipBookItem:Dispose () (at Assets/AreaBattle/Scripts/OutgameTipBookItem.cs:62)
AreaBattle.OutgameGuideBookBrowseBinding:DisposeItemsAndTabs () (at Assets/AreaBattle/Scripts/OutgameGuideBookBrowseBinding.cs:61)
AreaBattle.OutgameGuideBookPage/<>c__DisplayClass61_0:<.ctor>b__1 () (at Assets/AreaBattle/Scripts/OutgameGuideBookPage.cs:69)
AreaBattle.OutgameGuideBookPage/PageLifetime:Dispose () (at Assets/AreaBattle/Scripts/OutgameGuideBookPage.cs:32)
AreaBattle.OutgameUiLifetime:CloseUINow () (at Assets/AreaBattle/Scripts/OutgameUiLifetime.cs:20)
AreaBattle.OutgameGuideBookPage:CloseUINow () (at Assets/AreaBattle/Scripts/OutgameGuideBookPage.cs:105)
AreaBattle.EditorTools.OutgameGuideBookPageValidation/<>c:<Run>b__2_3 () (at Assets/AreaBattle/Editor/OutgameGuideBookPageValidation.cs:97)
AreaBattle.EditorTools.OutgameGuideBookPageValidation/<>c__DisplayClass2_0:<Run>b__0 (string,System.Action) (at Assets/AreaBattle/Editor/OutgameGuideBookPageValidation.cs:73)
AreaBattle.EditorTools.OutgameGuideBookPageValidation:Run () (at Assets/AreaBattle/Editor/OutgameGuideBookPageValidation.cs:94)
System.Reflection.RuntimeMethodInfo:Invoke (object,System.Reflection.BindingFlags,System.Reflection.Binder,object[],System.Globalization.CultureInfo)
System.Reflection.MethodBase:Invoke (object,object[])
AreaBattle.EditorTools.BattleBuild:ValidateIntegrated () (at Assets/AreaBattle/Editor/BattleBuild.cs:32)
AreaBattle.EditorTools.BattleBuild:ValidateMechanicsOnly () (at Assets/AreaBattle/Editor/BattleBuild.cs:18)

[Assets/AreaBattle/Scripts/OutgameTipBookItem.cs line 62]

Destroy may not be called from edit mode! Use DestroyImmediate instead.
Destroying an object in edit mode destroys it permanently.
UnityEngine.Debug:ExtractStackTraceNoAlloc (byte*,int,string)
UnityEngine.StackTraceUtility:ExtractStackTrace () (at /Users/bokken/build/output/unity/unity/Runtime/Export/Scripting/StackTrace.cs:35)
UnityEngine.Object:Destroy (UnityEngine.Object,single)
UnityEngine.Object:Destroy (UnityEngine.Object) (at /Users/bokken/build/output/unity/unity/Runtime/Export/Scripting/UnityEngineObject.bindings.cs:672)
AreaBattle.OutgameUiLifetime/<>c:<.ctor>b__26_0 (UnityEngine.GameObject) (at Assets/AreaBattle/Scripts/OutgameUiLifetime.cs:16)
AreaBattle.OutgameUiLifetime:DestroyObject (UnityEngine.GameObject) (at Assets/AreaBattle/Scripts/OutgameUiLifetime.cs:23)
AreaBattle.OutgameTipBookItem:Dispose () (at Assets/AreaBattle/Scripts/OutgameTipBookItem.cs:62)
AreaBattle.OutgameGuideBookBrowseBinding:DisposeItemsAndTabs () (at Assets/AreaBattle/Scripts/OutgameGuideBookBrowseBinding.cs:61)
AreaBattle.OutgameGuideBookPage/<>c__DisplayClass61_0:<.ctor>b__1 () (at Assets/AreaBattle/Scripts/OutgameGuideBookPage.cs:69)
AreaBattle.OutgameGuideBookPage/PageLifetime:Dispose () (at Assets/AreaBattle/Scripts/OutgameGuideBookPage.cs:32)
AreaBattle.OutgameUiLifetime:CloseUINow () (at Assets/AreaBattle/Scripts/OutgameUiLifetime.cs:20)
AreaBattle.OutgameGuideBookPage:CloseUINow () (at Assets/AreaBattle/Scripts/OutgameGuideBookPage.cs:105)
AreaBattle.EditorTools.OutgameGuideBookPageValidation/<>c:<Run>b__2_3 () (at Assets/AreaBattle/Editor/OutgameGuideBookPageValidation.cs:97)
AreaBattle.EditorTools.OutgameGuideBookPageValidation/<>c__DisplayClass2_0:<Run>b__0 (string,System.Action) (at Assets/AreaBattle/Editor/OutgameGuideBookPageValidation.cs:73)
AreaBattle.EditorTools.OutgameGuideBookPageValidation:Run () (at Assets/AreaBattle/Editor/OutgameGuideBookPageValidation.cs:94)
System.Reflection.RuntimeMethodInfo:Invoke (object,System.Reflection.BindingFlags,System.Reflection.Binder,object[],System.Globalization.CultureInfo)
System.Reflection.MethodBase:Invoke (object,object[])
AreaBattle.EditorTools.BattleBuild:ValidateIntegrated () (at Assets/AreaBattle/Editor/BattleBuild.cs:32)
AreaBattle.EditorTools.BattleBuild:ValidateMechanicsOnly () (at Assets/AreaBattle/Editor/BattleBuild.cs:18)

[Assets/AreaBattle/Scripts/OutgameTipBookItem.cs line 62]

Destroy may not be called from edit mode! Use DestroyImmediate instead.
Destroying an object in edit mode destroys it permanently.
UnityEngine.Debug:ExtractStackTraceNoAlloc (byte*,int,string)
UnityEngine.StackTraceUtility:ExtractStackTrace () (at /Users/bokken/build/output/unity/unity/Runtime/Export/Scripting/StackTrace.cs:35)
UnityEngine.Object:Destroy (UnityEngine.Object,single)
UnityEngine.Object:Destroy (UnityEngine.Object) (at /Users/bokken/build/output/unity/unity/Runtime/Export/Scripting/UnityEngineObject.bindings.cs:672)
AreaBattle.OutgameUiLifetime/<>c:<.ctor>b__26_0 (UnityEngine.GameObject) (at Assets/AreaBattle/Scripts/OutgameUiLifetime.cs:16)
AreaBattle.OutgameUiLifetime:DestroyObject (UnityEngine.GameObject) (at Assets/AreaBattle/Scripts/OutgameUiLifetime.cs:23)
AreaBattle.OutgameTipBookItem:Dispose () (at Assets/AreaBattle/Scripts/OutgameTipBookItem.cs:62)
AreaBattle.OutgameGuideBookBrowseBinding:DisposeItemsAndTabs () (at Assets/AreaBattle/Scripts/OutgameGuideBookBrowseBinding.cs:61)
AreaBattle.OutgameGuideBookPage/<>c__DisplayClass61_0:<.ctor>b__1 () (at Assets/AreaBattle/Scripts/OutgameGuideBookPage.cs:69)
AreaBattle.OutgameGuideBookPage/PageLifetime:Dispose () (at Assets/AreaBattle/Scripts/OutgameGuideBookPage.cs:32)
AreaBattle.OutgameUiLifetime:CloseUINow () (at Assets/AreaBattle/Scripts/OutgameUiLifetime.cs:20)
AreaBattle.OutgameGuideBookPage:CloseUINow () (at Assets/AreaBattle/Scripts/OutgameGuideBookPage.cs:105)
AreaBattle.EditorTools.OutgameGuideBookPageValidation/<>c:<Run>b__2_3 () (at Assets/AreaBattle/Editor/OutgameGuideBookPageValidation.cs:97)
AreaBattle.EditorTools.OutgameGuideBookPageValidation/<>c__DisplayClass2_0:<Run>b__0 (string,System.Action) (at Assets/AreaBattle/Editor/OutgameGuideBookPageValidation.cs:73)
AreaBattle.EditorTools.OutgameGuideBookPageValidation:Run () (at Assets/AreaBattle/Editor/OutgameGuideBookPageValidation.cs:94)
System.Reflection.RuntimeMethodInfo:Invoke (object,System.Reflection.BindingFlags,System.Reflection.Binder,object[],System.Globalization.CultureInfo)
System.Reflection.MethodBase:Invoke (object,object[])
AreaBattle.EditorTools.BattleBuild:ValidateIntegrated () (at Assets/AreaBattle/Editor/BattleBuild.cs:32)
AreaBattle.EditorTools.BattleBuild:ValidateMechanicsOnly () (at Assets/AreaBattle/Editor/BattleBuild.cs:18)

[Assets/AreaBattle/Scripts/OutgameTipBookItem.cs line 62]

Destroy may not be called from edit mode! Use DestroyImmediate instead.
Destroying an object in edit mode destroys it permanently.
UnityEngine.Debug:ExtractStackTraceNoAlloc (byte*,int,string)
UnityEngine.StackTraceUtility:ExtractStackTrace () (at /Users/bokken/build/output/unity/unity/Runtime/Export/Scripting/StackTrace.cs:35)
UnityEngine.Object:Destroy (UnityEngine.Object,single)
UnityEngine.Object:Destroy (UnityEngine.Object) (at /Users/bokken/build/output/unity/unity/Runtime/Export/Scripting/UnityEngineObject.bindings.cs:672)
AreaBattle.OutgameUiLifetime/<>c:<.ctor>b__26_0 (UnityEngine.GameObject) (at Assets/AreaBattle/Scripts/OutgameUiLifetime.cs:16)
AreaBattle.OutgameUiLifetime:DestroyObject (UnityEngine.GameObject) (at Assets/AreaBattle/Scripts/OutgameUiLifetime.cs:23)
AreaBattle.OutgameTipBookItem:Dispose () (at Assets/AreaBattle/Scripts/OutgameTipBookItem.cs:62)
AreaBattle.OutgameGuideBookBrowseBinding:DisposeItemsAndTabs () (at Assets/AreaBattle/Scripts/OutgameGuideBookBrowseBinding.cs:61)
AreaBattle.OutgameGuideBookPage/<>c__DisplayClass61_0:<.ctor>b__1 () (at Assets/AreaBattle/Scripts/OutgameGuideBookPage.cs:69)
AreaBattle.OutgameGuideBookPage/PageLifetime:Dispose () (at Assets/AreaBattle/Scripts/OutgameGuideBookPage.cs:32)
AreaBattle.OutgameUiLifetime:CloseUINow () (at Assets/AreaBattle/Scripts/OutgameUiLifetime.cs:20)
AreaBattle.OutgameGuideBookPage:CloseUINow () (at Assets/AreaBattle/Scripts/OutgameGuideBookPage.cs:105)
AreaBattle.EditorTools.OutgameGuideBookPageValidation/<>c:<Run>b__2_3 () (at Assets/AreaBattle/Editor/OutgameGuideBookPageValidation.cs:97)
AreaBattle.EditorTools.OutgameGuideBookPageValidation/<>c__DisplayClass2_0:<Run>b__0 (string,System.Action) (at Assets/AreaBattle/Editor/OutgameGuideBookPageValidation.cs:73)
AreaBattle.EditorTools.OutgameGuideBookPageValidation:Run () (at Assets/AreaBattle/Editor/OutgameGuideBookPageValidation.cs:94)
System.Reflection.RuntimeMethodInfo:Invoke (object,System.Reflection.BindingFlags,System.Reflection.Binder,object[],System.Globalization.CultureInfo)
System.Reflection.MethodBase:Invoke (object,object[])
AreaBattle.EditorTools.BattleBuild:ValidateIntegrated () (at Assets/AreaBattle/Editor/BattleBuild.cs:32)
AreaBattle.EditorTools.BattleBuild:ValidateMechanicsOnly () (at Assets/AreaBattle/Editor/BattleBuild.cs:18)

[Assets/AreaBattle/Scripts/OutgameTipBookItem.cs line 62]

Destroy may not be called from edit mode! Use DestroyImmediate instead.
Destroying an object in edit mode destroys it permanently.
UnityEngine.Debug:ExtractStackTraceNoAlloc (byte*,int,string)
UnityEngine.StackTraceUtility:ExtractStackTrace () (at /Users/bokken/build/output/unity/unity/Runtime/Export/Scripting/StackTrace.cs:35)
UnityEngine.Object:Destroy (UnityEngine.Object,single)
UnityEngine.Object:Destroy (UnityEngine.Object) (at /Users/bokken/build/output/unity/unity/Runtime/Export/Scripting/UnityEngineObject.bindings.cs:672)
AreaBattle.OutgameUiLifetime/<>c:<.ctor>b__26_0 (UnityEngine.GameObject) (at Assets/AreaBattle/Scripts/OutgameUiLifetime.cs:16)
AreaBattle.OutgameUiLifetime:DestroyObject (UnityEngine.GameObject) (at Assets/AreaBattle/Scripts/OutgameUiLifetime.cs:23)
AreaBattle.OutgameTipBookItem:Dispose () (at Assets/AreaBattle/Scripts/OutgameTipBookItem.cs:62)
AreaBattle.OutgameGuideBookBrowseBinding:DisposeItemsAndTabs () (at Assets/AreaBattle/Scripts/OutgameGuideBookBrowseBinding.cs:61)
AreaBattle.OutgameGuideBookPage/<>c__DisplayClass61_0:<.ctor>b__1 () (at Assets/AreaBattle/Scripts/OutgameGuideBookPage.cs:69)
AreaBattle.OutgameGuideBookPage/PageLifetime:Dispose () (at Assets/AreaBattle/Scripts/OutgameGuideBookPage.cs:32)
AreaBattle.OutgameUiLifetime:CloseUINow () (at Assets/AreaBattle/Scripts/OutgameUiLifetime.cs:20)
AreaBattle.OutgameGuideBookPage:CloseUINow () (at Assets/AreaBattle/Scripts/OutgameGuideBookPage.cs:105)
AreaBattle.EditorTools.OutgameGuideBookPageValidation/<>c:<Run>b__2_3 () (at Assets/AreaBattle/Editor/OutgameGuideBookPageValidation.cs:97)
AreaBattle.EditorTools.OutgameGuideBookPageValidation/<>c__DisplayClass2_0:<Run>b__0 (string,System.Action) (at Assets/AreaBattle/Editor/OutgameGuideBookPageValidation.cs:73)
AreaBattle.EditorTools.OutgameGuideBookPageValidation:Run () (at Assets/AreaBattle/Editor/OutgameGuideBookPageValidation.cs:94)
System.Reflection.RuntimeMethodInfo:Invoke (object,System.Reflection.BindingFlags,System.Reflection.Binder,object[],System.Globalization.CultureInfo)
System.Reflection.MethodBase:Invoke (object,object[])
AreaBattle.EditorTools.BattleBuild:ValidateIntegrated () (at Assets/AreaBattle/Editor/BattleBuild.cs:32)
AreaBattle.EditorTools.BattleBuild:ValidateMechanicsOnly () (at Assets/AreaBattle/Editor/BattleBuild.cs:18)

[Assets/AreaBattle/Scripts/OutgameTipBookItem.cs line 62]

Destroy may not be called from edit mode! Use DestroyImmediate instead.
Destroying an object in edit mode destroys it permanently.
UnityEngine.Debug:ExtractStackTraceNoAlloc (byte*,int,string)
UnityEngine.StackTraceUtility:ExtractStackTrace () (at /Users/bokken/build/output/unity/unity/Runtime/Export/Scripting/StackTrace.cs:35)
UnityEngine.Object:Destroy (UnityEngine.Object,single)
UnityEngine.Object:Destroy (UnityEngine.Object) (at /Users/bokken/build/output/unity/unity/Runtime/Export/Scripting/UnityEngineObject.bindings.cs:672)
AreaBattle.OutgameUiLifetime/<>c:<.ctor>b__26_0 (UnityEngine.GameObject) (at Assets/AreaBattle/Scripts/OutgameUiLifetime.cs:16)
AreaBattle.OutgameUiLifetime:DestroyObject (UnityEngine.GameObject) (at Assets/AreaBattle/Scripts/OutgameUiLifetime.cs:23)
AreaBattle.OutgameTipBookItem:Dispose () (at Assets/AreaBattle/Scripts/OutgameTipBookItem.cs:62)
AreaBattle.OutgameGuideBookBrowseBinding:DisposeItemsAndTabs () (at Assets/AreaBattle/Scripts/OutgameGuideBookBrowseBinding.cs:61)
AreaBattle.OutgameGuideBookPage/<>c__DisplayClass61_0:<.ctor>b__1 () (at Assets/AreaBattle/Scripts/OutgameGuideBookPage.cs:69)
AreaBattle.OutgameGuideBookPage/PageLifetime:Dispose () (at Assets/AreaBattle/Scripts/OutgameGuideBookPage.cs:32)
AreaBattle.OutgameUiLifetime:CloseUINow () (at Assets/AreaBattle/Scripts/OutgameUiLifetime.cs:20)
AreaBattle.OutgameGuideBookPage:CloseUINow () (at Assets/AreaBattle/Scripts/OutgameGuideBookPage.cs:105)
AreaBattle.EditorTools.OutgameGuideBookPageValidation/<>c:<Run>b__2_3 () (at Assets/AreaBattle/Editor/OutgameGuideBookPageValidation.cs:97)
AreaBattle.EditorTools.OutgameGuideBookPageValidation/<>c__DisplayClass2_0:<Run>b__0 (string,System.Action) (at Assets/AreaBattle/Editor/OutgameGuideBookPageValidation.cs:73)
AreaBattle.EditorTools.OutgameGuideBookPageValidation:Run () (at Assets/AreaBattle/Editor/OutgameGuideBookPageValidation.cs:94)
System.Reflection.RuntimeMethodInfo:Invoke (object,System.Reflection.BindingFlags,System.Reflection.Binder,object[],System.Globalization.CultureInfo)
System.Reflection.MethodBase:Invoke (object,object[])
AreaBattle.EditorTools.BattleBuild:ValidateIntegrated () (at Assets/AreaBattle/Editor/BattleBuild.cs:32)
AreaBattle.EditorTools.BattleBuild:ValidateMechanicsOnly () (at Assets/AreaBattle/Editor/BattleBuild.cs:18)

[Assets/AreaBattle/Scripts/OutgameTipBookItem.cs line 62]

Destroy may not be called from edit mode! Use DestroyImmediate instead.
Destroying an object in edit mode destroys it permanently.
UnityEngine.Debug:ExtractStackTraceNoAlloc (byte*,int,string)
UnityEngine.StackTraceUtility:ExtractStackTrace () (at /Users/bokken/build/output/unity/unity/Runtime/Export/Scripting/StackTrace.cs:35)
UnityEngine.Object:Destroy (UnityEngine.Object,single)
UnityEngine.Object:Destroy (UnityEngine.Object) (at /Users/bokken/build/output/unity/unity/Runtime/Export/Scripting/UnityEngineObject.bindings.cs:672)
AreaBattle.OutgameUiLifetime/<>c:<.ctor>b__26_0 (UnityEngine.GameObject) (at Assets/AreaBattle/Scripts/OutgameUiLifetime.cs:16)
AreaBattle.OutgameUiLifetime:DestroyObject (UnityEngine.GameObject) (at Assets/AreaBattle/Scripts/OutgameUiLifetime.cs:23)
AreaBattle.OutgameTipBookItem:Dispose () (at Assets/AreaBattle/Scripts/OutgameTipBookItem.cs:62)
AreaBattle.OutgameGuideBookBrowseBinding:DisposeItemsAndTabs () (at Assets/AreaBattle/Scripts/OutgameGuideBookBrowseBinding.cs:61)
AreaBattle.OutgameGuideBookPage/<>c__DisplayClass61_0:<.ctor>b__1 () (at Assets/AreaBattle/Scripts/OutgameGuideBookPage.cs:69)
AreaBattle.OutgameGuideBookPage/PageLifetime:Dispose () (at Assets/AreaBattle/Scripts/OutgameGuideBookPage.cs:32)
AreaBattle.OutgameUiLifetime:CloseUINow () (at Assets/AreaBattle/Scripts/OutgameUiLifetime.cs:20)
AreaBattle.OutgameGuideBookPage:CloseUINow () (at Assets/AreaBattle/Scripts/OutgameGuideBookPage.cs:105)
AreaBattle.EditorTools.OutgameGuideBookPageValidation/<>c:<Run>b__2_3 () (at Assets/AreaBattle/Editor/OutgameGuideBookPageValidation.cs:97)
AreaBattle.EditorTools.OutgameGuideBookPageValidation/<>c__DisplayClass2_0:<Run>b__0 (string,System.Action) (at Assets/AreaBattle/Editor/OutgameGuideBookPageValidation.cs:73)
AreaBattle.EditorTools.OutgameGuideBookPageValidation:Run () (at Assets/AreaBattle/Editor/OutgameGuideBookPageValidation.cs:94)
System.Reflection.RuntimeMethodInfo:Invoke (object,System.Reflection.BindingFlags,System.Reflection.Binder,object[],System.Globalization.CultureInfo)
System.Reflection.MethodBase:Invoke (object,object[])
AreaBattle.EditorTools.BattleBuild:ValidateIntegrated () (at Assets/AreaBattle/Editor/BattleBuild.cs:32)
AreaBattle.EditorTools.BattleBuild:ValidateMechanicsOnly () (at Assets/AreaBattle/Editor/BattleBuild.cs:18)

[Assets/AreaBattle/Scripts/OutgameTipBookItem.cs line 62]

Locate Index Error 999
UnityEngine.Debug:ExtractStackTraceNoAlloc (byte*,int,string)
UnityEngine.StackTraceUtility:ExtractStackTrace () (at /Users/bokken/build/output/unity/unity/Runtime/Export/Scripting/StackTrace.cs:35)
UnityEngine.DebugLogHandler:Internal_Log (UnityEngine.LogType,UnityEngine.LogOption,string,UnityEngine.Object)
UnityEngine.DebugLogHandler:LogFormat (UnityEngine.LogType,UnityEngine.Object,string,object[])
UnityEngine.Logger:Log (UnityEngine.LogType,object)
UnityEngine.Debug:LogWarning (object)
AreaBattle.OutgameDynamicList:CenteredWithIndex (int,single) (at Assets/AreaBattle/Scripts/OutgameDynamicList.cs:248)
AreaBattle.EditorTools.OutgameDynamicCenterValidation/<>c:<Run>b__2_1 () (at Assets/AreaBattle/Editor/OutgameDynamicCenterValidation.cs:22)
AreaBattle.EditorTools.OutgameDynamicCenterValidation/<>c__DisplayClass2_0:<Run>b__0 (string,System.Action) (at Assets/AreaBattle/Editor/OutgameDynamicCenterValidation.cs:15)
AreaBattle.EditorTools.OutgameDynamicCenterValidation:Run () (at Assets/AreaBattle/Editor/OutgameDynamicCenterValidation.cs:16)
System.Reflection.RuntimeMethodInfo:Invoke (object,System.Reflection.BindingFlags,System.Reflection.Binder,object[],System.Globalization.CultureInfo)
System.Reflection.MethodBase:Invoke (object,object[])
AreaBattle.EditorTools.BattleBuild:ValidateIntegrated () (at Assets/AreaBattle/Editor/BattleBuild.cs:32)
AreaBattle.EditorTools.BattleBuild:ValidateMechanicsOnly () (at Assets/AreaBattle/Editor/BattleBuild.cs:18)

(Filename: Assets/AreaBattle/Scripts/OutgameDynamicList.cs Line: 248)

Locate Index Error -99
UnityEngine.Debug:ExtractStackTraceNoAlloc (byte*,int,string)
UnityEngine.StackTraceUtility:ExtractStackTrace () (at /Users/bokken/build/output/unity/unity/Runtime/Export/Scripting/StackTrace.cs:35)
UnityEngine.DebugLogHandler:Internal_Log (UnityEngine.LogType,UnityEngine.LogOption,string,UnityEngine.Object)
UnityEngine.DebugLogHandler:LogFormat (UnityEngine.LogType,UnityEngine.Object,string,object[])
UnityEngine.Logger:Log (UnityEngine.LogType,object)
UnityEngine.Debug:LogWarning (object)
AreaBattle.OutgameDynamicList:CenteredWithIndex (int,single) (at Assets/AreaBattle/Scripts/OutgameDynamicList.cs:248)
AreaBattle.EditorTools.OutgameDynamicCenterValidation/<>c:<Run>b__2_1 () (at Assets/AreaBattle/Editor/OutgameDynamicCenterValidation.cs:23)
AreaBattle.EditorTools.OutgameDynamicCenterValidation/<>c__DisplayClass2_0:<Run>b__0 (string,System.Action) (at Assets/AreaBattle/Editor/OutgameDynamicCenterValidation.cs:15)
AreaBattle.EditorTools.OutgameDynamicCenterValidation:Run () (at Assets/AreaBattle/Editor/OutgameDynamicCenterValidation.cs:16)
System.Reflection.RuntimeMethodInfo:Invoke (object,System.Reflection.BindingFlags,System.Reflection.Binder,object[],System.Globalization.CultureInfo)
System.Reflection.MethodBase:Invoke (object,object[])
AreaBattle.EditorTools.BattleBuild:ValidateIntegrated () (at Assets/AreaBattle/Editor/BattleBuild.cs:32)
AreaBattle.EditorTools.BattleBuild:ValidateMechanicsOnly () (at Assets/AreaBattle/Editor/BattleBuild.cs:18)

(Filename: Assets/AreaBattle/Scripts/OutgameDynamicList.cs Line: 248)

Locate Index Error -1
UnityEngine.Debug:ExtractStackTraceNoAlloc (byte*,int,string)
UnityEngine.StackTraceUtility:ExtractStackTrace () (at /Users/bokken/build/output/unity/unity/Runtime/Export/Scripting/StackTrace.cs:35)
UnityEngine.DebugLogHandler:Internal_Log (UnityEngine.LogType,UnityEngine.LogOption,string,UnityEngine.Object)
UnityEngine.DebugLogHandler:LogFormat (UnityEngine.LogType,UnityEngine.Object,string,object[])
UnityEngine.Logger:Log (UnityEngine.LogType,object)
UnityEngine.Debug:LogWarning (object)
AreaBattle.OutgameDynamicList:CenteredWithIndex (int,single) (at Assets/AreaBattle/Scripts/OutgameDynamicList.cs:248)
AreaBattle.OutgameDynamicList:Centered2Bottom (single) (at Assets/AreaBattle/Scripts/OutgameDynamicList.cs:243)
AreaBattle.EditorTools.OutgameDynamicCenterValidation/<>c:<Run>b__2_1 () (at Assets/AreaBattle/Editor/OutgameDynamicCenterValidation.cs:24)
AreaBattle.EditorTools.OutgameDynamicCenterValidation/<>c__DisplayClass2_0:<Run>b__0 (string,System.Action) (at Assets/AreaBattle/Editor/OutgameDynamicCenterValidation.cs:15)
AreaBattle.EditorTools.OutgameDynamicCenterValidation:Run () (at Assets/AreaBattle/Editor/OutgameDynamicCenterValidation.cs:16)
System.Reflection.RuntimeMethodInfo:Invoke (object,System.Reflection.BindingFlags,System.Reflection.Binder,object[],System.Globalization.CultureInfo)
System.Reflection.MethodBase:Invoke (object,object[])
AreaBattle.EditorTools.BattleBuild:ValidateIntegrated () (at Assets/AreaBattle/Editor/BattleBuild.cs:32)
AreaBattle.EditorTools.BattleBuild:ValidateMechanicsOnly () (at Assets/AreaBattle/Editor/BattleBuild.cs:18)

(Filename: Assets/AreaBattle/Scripts/OutgameDynamicList.cs Line: 248)

Assertion failed on expression: 'ShouldRunBehaviour()'
UnityEngine.Debug:ExtractStackTraceNoAlloc (byte*,int,string)
UnityEngine.StackTraceUtility:ExtractStackTrace () (at /Users/bokken/build/output/unity/unity/Runtime/Export/Scripting/StackTrace.cs:35)
UnityEngine.Component:SendMessage (string,object,UnityEngine.SendMessageOptions)
UnityEngine.Component:SendMessage (string) (at /Users/bokken/build/output/unity/unity/Runtime/Export/Scripting/Component.bindings.cs:248)
AreaBattle.EditorTools.OutgameGuideBookBrowseValidation/Fixture:.ctor (bool) (at Assets/AreaBattle/Editor/OutgameGuideBookBrowseValidation.cs:29)
AreaBattle.EditorTools.OutgameGuideBookBrowseValidation/<>c:<Run>b__4_1 () (at Assets/AreaBattle/Editor/OutgameGuideBookBrowseValidation.cs:50)
AreaBattle.EditorTools.OutgameGuideBookBrowseValidation/<>c__DisplayClass4_0:<Run>b__0 (string,System.Action) (at Assets/AreaBattle/Editor/OutgameGuideBookBrowseValidation.cs:48)
AreaBattle.EditorTools.OutgameGuideBookBrowseValidation:Run () (at Assets/AreaBattle/Editor/OutgameGuideBookBrowseValidation.cs:49)
System.Reflection.RuntimeMethodInfo:Invoke (object,System.Reflection.BindingFlags,System.Reflection.Binder,object[],System.Globalization.CultureInfo)
System.Reflection.MethodBase:Invoke (object,object[])
AreaBattle.EditorTools.BattleBuild:ValidateIntegrated () (at Assets/AreaBattle/Editor/BattleBuild.cs:32)
AreaBattle.EditorTools.BattleBuild:ValidateMechanicsOnly () (at Assets/AreaBattle/Editor/BattleBuild.cs:18)

[Assets/AreaBattle/Editor/OutgameGuideBookBrowseValidation.cs line 29]

Assertion failed on expression: 'ShouldRunBehaviour()'
UnityEngine.Debug:ExtractStackTraceNoAlloc (byte*,int,string)
UnityEngine.StackTraceUtility:ExtractStackTrace () (at /Users/bokken/build/output/unity/unity/Runtime/Export/Scripting/StackTrace.cs:35)
UnityEngine.Component:SendMessage (string,object,UnityEngine.SendMessageOptions)
UnityEngine.Component:SendMessage (string) (at /Users/bokken/build/output/unity/unity/Runtime/Export/Scripting/Component.bindings.cs:248)
AreaBattle.EditorTools.OutgameGuideBookBrowseValidation/Fixture:.ctor (bool) (at Assets/AreaBattle/Editor/OutgameGuideBookBrowseValidation.cs:29)
AreaBattle.EditorTools.OutgameGuideBookBrowseValidation/<>c:<Run>b__4_1 () (at Assets/AreaBattle/Editor/OutgameGuideBookBrowseValidation.cs:50)
AreaBattle.EditorTools.OutgameGuideBookBrowseValidation/<>c__DisplayClass4_0:<Run>b__0 (string,System.Action) (at Assets/AreaBattle/Editor/OutgameGuideBookBrowseValidation.cs:48)
AreaBattle.EditorTools.OutgameGuideBookBrowseValidation:Run () (at Assets/AreaBattle/Editor/OutgameGuideBookBrowseValidation.cs:49)
System.Reflection.RuntimeMethodInfo:Invoke (object,System.Reflection.BindingFlags,System.Reflection.Binder,object[],System.Globalization.CultureInfo)
System.Reflection.MethodBase:Invoke (object,object[])
AreaBattle.EditorTools.BattleBuild:ValidateIntegrated () (at Assets/AreaBattle/Editor/BattleBuild.cs:32)
AreaBattle.EditorTools.BattleBuild:ValidateMechanicsOnly () (at Assets/AreaBattle/Editor/BattleBuild.cs:18)

[Assets/AreaBattle/Editor/OutgameGuideBookBrowseValidation.cs line 29]

Assertion failed on expression: 'ShouldRunBehaviour()'
UnityEngine.Debug:ExtractStackTraceNoAlloc (byte*,int,string)
UnityEngine.StackTraceUtility:ExtractStackTrace () (at /Users/bokken/build/output/unity/unity/Runtime/Export/Scripting/StackTrace.cs:35)
UnityEngine.Component:SendMessage (string,object,UnityEngine.SendMessageOptions)
UnityEngine.Component:SendMessage (string) (at /Users/bokken/build/output/unity/unity/Runtime/Export/Scripting/Component.bindings.cs:248)
AreaBattle.EditorTools.OutgameGuideBookBrowseValidation/Fixture:.ctor (bool) (at Assets/AreaBattle/Editor/OutgameGuideBookBrowseValidation.cs:29)
AreaBattle.EditorTools.OutgameGuideBookBrowseValidation/<>c:<Run>b__4_1 () (at Assets/AreaBattle/Editor/OutgameGuideBookBrowseValidation.cs:50)
AreaBattle.EditorTools.OutgameGuideBookBrowseValidation/<>c__DisplayClass4_0:<Run>b__0 (string,System.Action) (at Assets/AreaBattle/Editor/OutgameGuideBookBrowseValidation.cs:48)
AreaBattle.EditorTools.OutgameGuideBookBrowseValidation:Run () (at Assets/AreaBattle/Editor/OutgameGuideBookBrowseValidation.cs:49)
System.Reflection.RuntimeMethodInfo:Invoke (object,System.Reflection.BindingFlags,System.Reflection.Binder,object[],System.Globalization.CultureInfo)
System.Reflection.MethodBase:Invoke (object,object[])
AreaBattle.EditorTools.BattleBuild:ValidateIntegrated () (at Assets/AreaBattle/Editor/BattleBuild.cs:32)
AreaBattle.EditorTools.BattleBuild:ValidateMechanicsOnly () (at Assets/AreaBattle/Editor/BattleBuild.cs:18)

[Assets/AreaBattle/Editor/OutgameGuideBookBrowseValidation.cs line 29]

Assertion failed on expression: 'ShouldRunBehaviour()'
UnityEngine.Debug:ExtractStackTraceNoAlloc (byte*,int,string)
UnityEngine.StackTraceUtility:ExtractStackTrace () (at /Users/bokken/build/output/unity/unity/Runtime/Export/Scripting/StackTrace.cs:35)
UnityEngine.Component:SendMessage (string,object,UnityEngine.SendMessageOptions)
UnityEngine.Component:SendMessage (string) (at /Users/bokken/build/output/unity/unity/Runtime/Export/Scripting/Component.bindings.cs:248)
AreaBattle.EditorTools.OutgameGuideBookBrowseValidation/Fixture:.ctor (bool) (at Assets/AreaBattle/Editor/OutgameGuideBookBrowseValidation.cs:29)
AreaBattle.EditorTools.OutgameGuideBookBrowseValidation/<>c:<Run>b__4_2 () (at Assets/AreaBattle/Editor/OutgameGuideBookBrowseValidation.cs:61)
AreaBattle.EditorTools.OutgameGuideBookBrowseValidation/<>c__DisplayClass4_0:<Run>b__0 (string,System.Action) (at Assets/AreaBattle/Editor/OutgameGuideBookBrowseValidation.cs:48)
AreaBattle.EditorTools.OutgameGuideBookBrowseValidation:Run () (at Assets/AreaBattle/Editor/OutgameGuideBookBrowseValidation.cs:60)
System.Reflection.RuntimeMethodInfo:Invoke (object,System.Reflection.BindingFlags,System.Reflection.Binder,object[],System.Globalization.CultureInfo)
System.Reflection.MethodBase:Invoke (object,object[])
AreaBattle.EditorTools.BattleBuild:ValidateIntegrated () (at Assets/AreaBattle/Editor/BattleBuild.cs:32)
AreaBattle.EditorTools.BattleBuild:ValidateMechanicsOnly () (at Assets/AreaBattle/Editor/BattleBuild.cs:18)

[Assets/AreaBattle/Editor/OutgameGuideBookBrowseValidation.cs line 29]

Assertion failed on expression: 'ShouldRunBehaviour()'
UnityEngine.Debug:ExtractStackTraceNoAlloc (byte*,int,string)
UnityEngine.StackTraceUtility:ExtractStackTrace () (at /Users/bokken/build/output/unity/unity/Runtime/Export/Scripting/StackTrace.cs:35)
UnityEngine.Component:SendMessage (string,object,UnityEngine.SendMessageOptions)
UnityEngine.Component:SendMessage (string) (at /Users/bokken/build/output/unity/unity/Runtime/Export/Scripting/Component.bindings.cs:248)
AreaBattle.EditorTools.OutgameGuideBookBrowseValidation/Fixture:.ctor (bool) (at Assets/AreaBattle/Editor/OutgameGuideBookBrowseValidation.cs:29)
AreaBattle.EditorTools.OutgameGuideBookBrowseValidation/<>c:<Run>b__4_2 () (at Assets/AreaBattle/Editor/OutgameGuideBookBrowseValidation.cs:61)
AreaBattle.EditorTools.OutgameGuideBookBrowseValidation/<>c__DisplayClass4_0:<Run>b__0 (string,System.Action) (at Assets/AreaBattle/Editor/OutgameGuideBookBrowseValidation.cs:48)
AreaBattle.EditorTools.OutgameGuideBookBrowseValidation:Run () (at Assets/AreaBattle/Editor/OutgameGuideBookBrowseValidation.cs:60)
System.Reflection.RuntimeMethodInfo:Invoke (object,System.Reflection.BindingFlags,System.Reflection.Binder,object[],System.Globalization.CultureInfo)
System.Reflection.MethodBase:Invoke (object,object[])
AreaBattle.EditorTools.BattleBuild:ValidateIntegrated () (at Assets/AreaBattle/Editor/BattleBuild.cs:32)
AreaBattle.EditorTools.BattleBuild:ValidateMechanicsOnly () (at Assets/AreaBattle/Editor/BattleBuild.cs:18)

[Assets/AreaBattle/Editor/OutgameGuideBookBrowseValidation.cs line 29]

Assertion failed on expression: 'ShouldRunBehaviour()'
UnityEngine.Debug:ExtractStackTraceNoAlloc (byte*,int,string)
UnityEngine.StackTraceUtility:ExtractStackTrace () (at /Users/bokken/build/output/unity/unity/Runtime/Export/Scripting/StackTrace.cs:35)
UnityEngine.Component:SendMessage (string,object,UnityEngine.SendMessageOptions)
UnityEngine.Component:SendMessage (string) (at /Users/bokken/build/output/unity/unity/Runtime/Export/Scripting/Component.bindings.cs:248)
AreaBattle.EditorTools.OutgameGuideBookBrowseValidation/Fixture:.ctor (bool) (at Assets/AreaBattle/Editor/OutgameGuideBookBrowseValidation.cs:29)
AreaBattle.EditorTools.OutgameGuideBookBrowseValidation/<>c:<Run>b__4_2 () (at Assets/AreaBattle/Editor/OutgameGuideBookBrowseValidation.cs:61)
AreaBattle.EditorTools.OutgameGuideBookBrowseValidation/<>c__DisplayClass4_0:<Run>b__0 (string,System.Action) (at Assets/AreaBattle/Editor/OutgameGuideBookBrowseValidation.cs:48)
AreaBattle.EditorTools.OutgameGuideBookBrowseValidation:Run () (at Assets/AreaBattle/Editor/OutgameGuideBookBrowseValidation.cs:60)
System.Reflection.RuntimeMethodInfo:Invoke (object,System.Reflection.BindingFlags,System.Reflection.Binder,object[],System.Globalization.CultureInfo)
System.Reflection.MethodBase:Invoke (object,object[])
AreaBattle.EditorTools.BattleBuild:ValidateIntegrated () (at Assets/AreaBattle/Editor/BattleBuild.cs:32)
AreaBattle.EditorTools.BattleBuild:ValidateMechanicsOnly () (at Assets/AreaBattle/Editor/BattleBuild.cs:18)

[Assets/AreaBattle/Editor/OutgameGuideBookBrowseValidation.cs line 29]

Assertion failed on expression: 'ShouldRunBehaviour()'
UnityEngine.Debug:ExtractStackTraceNoAlloc (byte*,int,string)
UnityEngine.StackTraceUtility:ExtractStackTrace () (at /Users/bokken/build/output/unity/unity/Runtime/Export/Scripting/StackTrace.cs:35)
UnityEngine.Component:SendMessage (string,object,UnityEngine.SendMessageOptions)
UnityEngine.Component:SendMessage (string) (at /Users/bokken/build/output/unity/unity/Runtime/Export/Scripting/Component.bindings.cs:248)
AreaBattle.EditorTools.OutgameGuideBookBrowseValidation/Fixture:.ctor (bool) (at Assets/AreaBattle/Editor/OutgameGuideBookBrowseValidation.cs:29)
AreaBattle.EditorTools.OutgameGuideBookBrowseValidation/<>c:<Run>b__4_3 () (at Assets/AreaBattle/Editor/OutgameGuideBookBrowseValidation.cs:72)
AreaBattle.EditorTools.OutgameGuideBookBrowseValidation/<>c__DisplayClass4_0:<Run>b__0 (string,System.Action) (at Assets/AreaBattle/Editor/OutgameGuideBookBrowseValidation.cs:48)
AreaBattle.EditorTools.OutgameGuideBookBrowseValidation:Run () (at Assets/AreaBattle/Editor/OutgameGuideBookBrowseValidation.cs:71)
System.Reflection.RuntimeMethodInfo:Invoke (object,System.Reflection.BindingFlags,System.Reflection.Binder,object[],System.Globalization.CultureInfo)
System.Reflection.MethodBase:Invoke (object,object[])
AreaBattle.EditorTools.BattleBuild:ValidateIntegrated () (at Assets/AreaBattle/Editor/BattleBuild.cs:32)
AreaBattle.EditorTools.BattleBuild:ValidateMechanicsOnly () (at Assets/AreaBattle/Editor/BattleBuild.cs:18)

[Assets/AreaBattle/Editor/OutgameGuideBookBrowseValidation.cs line 29]

Assertion failed on expression: 'ShouldRunBehaviour()'
UnityEngine.Debug:ExtractStackTraceNoAlloc (byte*,int,string)
UnityEngine.StackTraceUtility:ExtractStackTrace () (at /Users/bokken/build/output/unity/unity/Runtime/Export/Scripting/StackTrace.cs:35)
UnityEngine.Component:SendMessage (string,object,UnityEngine.SendMessageOptions)
UnityEngine.Component:SendMessage (string) (at /Users/bokken/build/output/unity/unity/Runtime/Export/Scripting/Component.bindings.cs:248)
AreaBattle.EditorTools.OutgameGuideBookBrowseValidation/Fixture:.ctor (bool) (at Assets/AreaBattle/Editor/OutgameGuideBookBrowseValidation.cs:29)
AreaBattle.EditorTools.OutgameGuideBookBrowseValidation/<>c:<Run>b__4_3 () (at Assets/AreaBattle/Editor/OutgameGuideBookBrowseValidation.cs:72)
AreaBattle.EditorTools.OutgameGuideBookBrowseValidation/<>c__DisplayClass4_0:<Run>b__0 (string,System.Action) (at Assets/AreaBattle/Editor/OutgameGuideBookBrowseValidation.cs:48)
AreaBattle.EditorTools.OutgameGuideBookBrowseValidation:Run () (at Assets/AreaBattle/Editor/OutgameGuideBookBrowseValidation.cs:71)
System.Reflection.RuntimeMethodInfo:Invoke (object,System.Reflection.BindingFlags,System.Reflection.Binder,object[],System.Globalization.CultureInfo)
System.Reflection.MethodBase:Invoke (object,object[])
AreaBattle.EditorTools.BattleBuild:ValidateIntegrated () (at Assets/AreaBattle/Editor/BattleBuild.cs:32)
AreaBattle.EditorTools.BattleBuild:ValidateMechanicsOnly () (at Assets/AreaBattle/Editor/BattleBuild.cs:18)

[Assets/AreaBattle/Editor/OutgameGuideBookBrowseValidation.cs line 29]

Assertion failed on expression: 'ShouldRunBehaviour()'
UnityEngine.Debug:ExtractStackTraceNoAlloc (byte*,int,string)
UnityEngine.StackTraceUtility:ExtractStackTrace () (at /Users/bokken/build/output/unity/unity/Runtime/Export/Scripting/StackTrace.cs:35)
UnityEngine.Component:SendMessage (string,object,UnityEngine.SendMessageOptions)
UnityEngine.Component:SendMessage (string) (at /Users/bokken/build/output/unity/unity/Runtime/Export/Scripting/Component.bindings.cs:248)
AreaBattle.EditorTools.OutgameGuideBookBrowseValidation/Fixture:.ctor (bool) (at Assets/AreaBattle/Editor/OutgameGuideBookBrowseValidation.cs:29)
AreaBattle.EditorTools.OutgameGuideBookBrowseValidation/<>c:<Run>b__4_3 () (at Assets/AreaBattle/Editor/OutgameGuideBookBrowseValidation.cs:72)
AreaBattle.EditorTools.OutgameGuideBookBrowseValidation/<>c__DisplayClass4_0:<Run>b__0 (string,System.Action) (at Assets/AreaBattle/Editor/OutgameGuideBookBrowseValidation.cs:48)
AreaBattle.EditorTools.OutgameGuideBookBrowseValidation:Run () (at Assets/AreaBattle/Editor/OutgameGuideBookBrowseValidation.cs:71)
System.Reflection.RuntimeMethodInfo:Invoke (object,System.Reflection.BindingFlags,System.Reflection.Binder,object[],System.Globalization.CultureInfo)
System.Reflection.MethodBase:Invoke (object,object[])
AreaBattle.EditorTools.BattleBuild:ValidateIntegrated () (at Assets/AreaBattle/Editor/BattleBuild.cs:32)
AreaBattle.EditorTools.BattleBuild:ValidateMechanicsOnly () (at Assets/AreaBattle/Editor/BattleBuild.cs:18)

[Assets/AreaBattle/Editor/OutgameGuideBookBrowseValidation.cs line 29]

Assertion failed on expression: 'ShouldRunBehaviour()'
UnityEngine.Debug:ExtractStackTraceNoAlloc (byte*,int,string)
UnityEngine.StackTraceUtility:ExtractStackTrace () (at /Users/bokken/build/output/unity/unity/Runtime/Export/Scripting/StackTrace.cs:35)
UnityEngine.Component:SendMessage (string,object,UnityEngine.SendMessageOptions)
UnityEngine.Component:SendMessage (string) (at /Users/bokken/build/output/unity/unity/Runtime/Export/Scripting/Component.bindings.cs:248)
AreaBattle.EditorTools.OutgameGuideBookBrowseValidation/Fixture:.ctor (bool) (at Assets/AreaBattle/Editor/OutgameGuideBookBrowseValidation.cs:29)
AreaBattle.EditorTools.OutgameGuideBookBrowseValidation/<>c:<Run>b__4_4 () (at Assets/AreaBattle/Editor/OutgameGuideBookBrowseValidation.cs:83)
AreaBattle.EditorTools.OutgameGuideBookBrowseValidation/<>c__DisplayClass4_0:<Run>b__0 (string,System.Action) (at Assets/AreaBattle/Editor/OutgameGuideBookBrowseValidation.cs:48)
AreaBattle.EditorTools.OutgameGuideBookBrowseValidation:Run () (at Assets/AreaBattle/Editor/OutgameGuideBookBrowseValidation.cs:82)
System.Reflection.RuntimeMethodInfo:Invoke (object,System.Reflection.BindingFlags,System.Reflection.Binder,object[],System.Globalization.CultureInfo)
System.Reflection.MethodBase:Invoke (object,object[])
AreaBattle.EditorTools.BattleBuild:ValidateIntegrated () (at Assets/AreaBattle/Editor/BattleBuild.cs:32)
AreaBattle.EditorTools.BattleBuild:ValidateMechanicsOnly () (at Assets/AreaBattle/Editor/BattleBuild.cs:18)

[Assets/AreaBattle/Editor/OutgameGuideBookBrowseValidation.cs line 29]

Assertion failed on expression: 'ShouldRunBehaviour()'
UnityEngine.Debug:ExtractStackTraceNoAlloc (byte*,int,string)
UnityEngine.StackTraceUtility:ExtractStackTrace () (at /Users/bokken/build/output/unity/unity/Runtime/Export/Scripting/StackTrace.cs:35)
UnityEngine.Component:SendMessage (string,object,UnityEngine.SendMessageOptions)
UnityEngine.Component:SendMessage (string) (at /Users/bokken/build/output/unity/unity/Runtime/Export/Scripting/Component.bindings.cs:248)
AreaBattle.EditorTools.OutgameGuideBookBrowseValidation/Fixture:.ctor (bool) (at Assets/AreaBattle/Editor/OutgameGuideBookBrowseValidation.cs:29)
AreaBattle.EditorTools.OutgameGuideBookBrowseValidation/<>c:<Run>b__4_4 () (at Assets/AreaBattle/Editor/OutgameGuideBookBrowseValidation.cs:83)
AreaBattle.EditorTools.OutgameGuideBookBrowseValidation/<>c__DisplayClass4_0:<Run>b__0 (string,System.Action) (at Assets/AreaBattle/Editor/OutgameGuideBookBrowseValidation.cs:48)
AreaBattle.EditorTools.OutgameGuideBookBrowseValidation:Run () (at Assets/AreaBattle/Editor/OutgameGuideBookBrowseValidation.cs:82)
System.Reflection.RuntimeMethodInfo:Invoke (object,System.Reflection.BindingFlags,System.Reflection.Binder,object[],System.Globalization.CultureInfo)
System.Reflection.MethodBase:Invoke (object,object[])
AreaBattle.EditorTools.BattleBuild:ValidateIntegrated () (at Assets/AreaBattle/Editor/BattleBuild.cs:32)
AreaBattle.EditorTools.BattleBuild:ValidateMechanicsOnly () (at Assets/AreaBattle/Editor/BattleBuild.cs:18)

[Assets/AreaBattle/Editor/OutgameGuideBookBrowseValidation.cs line 29]

Assertion failed on expression: 'ShouldRunBehaviour()'
UnityEngine.Debug:ExtractStackTraceNoAlloc (byte*,int,string)
UnityEngine.StackTraceUtility:ExtractStackTrace () (at /Users/bokken/build/output/unity/unity/Runtime/Export/Scripting/StackTrace.cs:35)
UnityEngine.Component:SendMessage (string,object,UnityEngine.SendMessageOptions)
UnityEngine.Component:SendMessage (string) (at /Users/bokken/build/output/unity/unity/Runtime/Export/Scripting/Component.bindings.cs:248)
AreaBattle.EditorTools.OutgameGuideBookBrowseValidation/Fixture:.ctor (bool) (at Assets/AreaBattle/Editor/OutgameGuideBookBrowseValidation.cs:29)
AreaBattle.EditorTools.OutgameGuideBookBrowseValidation/<>c:<Run>b__4_4 () (at Assets/AreaBattle/Editor/OutgameGuideBookBrowseValidation.cs:83)
AreaBattle.EditorTools.OutgameGuideBookBrowseValidation/<>c__DisplayClass4_0:<Run>b__0 (string,System.Action) (at Assets/AreaBattle/Editor/OutgameGuideBookBrowseValidation.cs:48)
AreaBattle.EditorTools.OutgameGuideBookBrowseValidation:Run () (at Assets/AreaBattle/Editor/OutgameGuideBookBrowseValidation.cs:82)
System.Reflection.RuntimeMethodInfo:Invoke (object,System.Reflection.BindingFlags,System.Reflection.Binder,object[],System.Globalization.CultureInfo)
System.Reflection.MethodBase:Invoke (object,object[])
AreaBattle.EditorTools.BattleBuild:ValidateIntegrated () (at Assets/AreaBattle/Editor/BattleBuild.cs:32)
AreaBattle.EditorTools.BattleBuild:ValidateMechanicsOnly () (at Assets/AreaBattle/Editor/BattleBuild.cs:18)

[Assets/AreaBattle/Editor/OutgameGuideBookBrowseValidation.cs line 29]

Assertion failed on expression: 'ShouldRunBehaviour()'
UnityEngine.Debug:ExtractStackTraceNoAlloc (byte*,int,string)
UnityEngine.StackTraceUtility:ExtractStackTrace () (at /Users/bokken/build/output/unity/unity/Runtime/Export/Scripting/StackTrace.cs:35)
UnityEngine.Component:SendMessage (string,object,UnityEngine.SendMessageOptions)
UnityEngine.Component:SendMessage (string) (at /Users/bokken/build/output/unity/unity/Runtime/Export/Scripting/Component.bindings.cs:248)
AreaBattle.EditorTools.OutgameGuideBookBrowseValidation/Fixture:.ctor (bool) (at Assets/AreaBattle/Editor/OutgameGuideBookBrowseValidation.cs:29)
AreaBattle.EditorTools.OutgameGuideBookBrowseValidation/<>c:<Run>b__4_5 () (at Assets/AreaBattle/Editor/OutgameGuideBookBrowseValidation.cs:95)
AreaBattle.EditorTools.OutgameGuideBookBrowseValidation/<>c__DisplayClass4_0:<Run>b__0 (string,System.Action) (at Assets/AreaBattle/Editor/OutgameGuideBookBrowseValidation.cs:48)
AreaBattle.EditorTools.OutgameGuideBookBrowseValidation:Run () (at Assets/AreaBattle/Editor/OutgameGuideBookBrowseValidation.cs:94)
System.Reflection.RuntimeMethodInfo:Invoke (object,System.Reflection.BindingFlags,System.Reflection.Binder,object[],System.Globalization.CultureInfo)
System.Reflection.MethodBase:Invoke (object,object[])
AreaBattle.EditorTools.BattleBuild:ValidateIntegrated () (at Assets/AreaBattle/Editor/BattleBuild.cs:32)
AreaBattle.EditorTools.BattleBuild:ValidateMechanicsOnly () (at Assets/AreaBattle/Editor/BattleBuild.cs:18)

[Assets/AreaBattle/Editor/OutgameGuideBookBrowseValidation.cs line 29]

Assertion failed on expression: 'ShouldRunBehaviour()'
UnityEngine.Debug:ExtractStackTraceNoAlloc (byte*,int,string)
UnityEngine.StackTraceUtility:ExtractStackTrace () (at /Users/bokken/build/output/unity/unity/Runtime/Export/Scripting/StackTrace.cs:35)
UnityEngine.Component:SendMessage (string,object,UnityEngine.SendMessageOptions)
UnityEngine.Component:SendMessage (string) (at /Users/bokken/build/output/unity/unity/Runtime/Export/Scripting/Component.bindings.cs:248)
AreaBattle.EditorTools.OutgameGuideBookBrowseValidation/Fixture:.ctor (bool) (at Assets/AreaBattle/Editor/OutgameGuideBookBrowseValidation.cs:29)
AreaBattle.EditorTools.OutgameGuideBookBrowseValidation/<>c:<Run>b__4_5 () (at Assets/AreaBattle/Editor/OutgameGuideBookBrowseValidation.cs:95)
AreaBattle.EditorTools.OutgameGuideBookBrowseValidation/<>c__DisplayClass4_0:<Run>b__0 (string,System.Action) (at Assets/AreaBattle/Editor/OutgameGuideBookBrowseValidation.cs:48)
AreaBattle.EditorTools.OutgameGuideBookBrowseValidation:Run () (at Assets/AreaBattle/Editor/OutgameGuideBookBrowseValidation.cs:94)
System.Reflection.RuntimeMethodInfo:Invoke (object,System.Reflection.BindingFlags,System.Reflection.Binder,object[],System.Globalization.CultureInfo)
System.Reflection.MethodBase:Invoke (object,object[])
AreaBattle.EditorTools.BattleBuild:ValidateIntegrated () (at Assets/AreaBattle/Editor/BattleBuild.cs:32)
AreaBattle.EditorTools.BattleBuild:ValidateMechanicsOnly () (at Assets/AreaBattle/Editor/BattleBuild.cs:18)

[Assets/AreaBattle/Editor/OutgameGuideBookBrowseValidation.cs line 29]

Assertion failed on expression: 'ShouldRunBehaviour()'
UnityEngine.Debug:ExtractStackTraceNoAlloc (byte*,int,string)
UnityEngine.StackTraceUtility:ExtractStackTrace () (at /Users/bokken/build/output/unity/unity/Runtime/Export/Scripting/StackTrace.cs:35)
UnityEngine.Component:SendMessage (string,object,UnityEngine.SendMessageOptions)
UnityEngine.Component:SendMessage (string) (at /Users/bokken/build/output/unity/unity/Runtime/Export/Scripting/Component.bindings.cs:248)
AreaBattle.EditorTools.OutgameGuideBookBrowseValidation/Fixture:.ctor (bool) (at Assets/AreaBattle/Editor/OutgameGuideBookBrowseValidation.cs:29)
AreaBattle.EditorTools.OutgameGuideBookBrowseValidation/<>c:<Run>b__4_5 () (at Assets/AreaBattle/Editor/OutgameGuideBookBrowseValidation.cs:95)
AreaBattle.EditorTools.OutgameGuideBookBrowseValidation/<>c__DisplayClass4_0:<Run>b__0 (string,System.Action) (at Assets/AreaBattle/Editor/OutgameGuideBookBrowseValidation.cs:48)
AreaBattle.EditorTools.OutgameGuideBookBrowseValidation:Run () (at Assets/AreaBattle/Editor/OutgameGuideBookBrowseValidation.cs:94)
System.Reflection.RuntimeMethodInfo:Invoke (object,System.Reflection.BindingFlags,System.Reflection.Binder,object[],System.Globalization.CultureInfo)
System.Reflection.MethodBase:Invoke (object,object[])
AreaBattle.EditorTools.BattleBuild:ValidateIntegrated () (at Assets/AreaBattle/Editor/BattleBuild.cs:32)
AreaBattle.EditorTools.BattleBuild:ValidateMechanicsOnly () (at Assets/AreaBattle/Editor/BattleBuild.cs:18)

[Assets/AreaBattle/Editor/OutgameGuideBookBrowseValidation.cs line 29]

Assertion failed on expression: 'ShouldRunBehaviour()'
UnityEngine.Debug:ExtractStackTraceNoAlloc (byte*,int,string)
UnityEngine.StackTraceUtility:ExtractStackTrace () (at /Users/bokken/build/output/unity/unity/Runtime/Export/Scripting/StackTrace.cs:35)
UnityEngine.Component:SendMessage (string,object,UnityEngine.SendMessageOptions)
UnityEngine.Component:SendMessage (string) (at /Users/bokken/build/output/unity/unity/Runtime/Export/Scripting/Component.bindings.cs:248)
AreaBattle.EditorTools.OutgameGuideBookBrowseValidation/<>c:<Run>b__4_5 () (at Assets/AreaBattle/Editor/OutgameGuideBookBrowseValidation.cs:96)
AreaBattle.EditorTools.OutgameGuideBookBrowseValidation/<>c__DisplayClass4_0:<Run>b__0 (string,System.Action) (at Assets/AreaBattle/Editor/OutgameGuideBookBrowseValidation.cs:48)
AreaBattle.EditorTools.OutgameGuideBookBrowseValidation:Run () (at Assets/AreaBattle/Editor/OutgameGuideBookBrowseValidation.cs:94)
System.Reflection.RuntimeMethodInfo:Invoke (object,System.Reflection.BindingFlags,System.Reflection.Binder,object[],System.Globalization.CultureInfo)
System.Reflection.MethodBase:Invoke (object,object[])
AreaBattle.EditorTools.BattleBuild:ValidateIntegrated () (at Assets/AreaBattle/Editor/BattleBuild.cs:32)
AreaBattle.EditorTools.BattleBuild:ValidateMechanicsOnly () (at Assets/AreaBattle/Editor/BattleBuild.cs:18)

[Assets/AreaBattle/Editor/OutgameGuideBookBrowseValidation.cs line 96]

Assertion failed on expression: 'ShouldRunBehaviour()'
UnityEngine.Debug:ExtractStackTraceNoAlloc (byte*,int,string)
UnityEngine.StackTraceUtility:ExtractStackTrace () (at /Users/bokken/build/output/unity/unity/Runtime/Export/Scripting/StackTrace.cs:35)
UnityEngine.Component:SendMessage (string,object,UnityEngine.SendMessageOptions)
UnityEngine.Component:SendMessage (string) (at /Users/bokken/build/output/unity/unity/Runtime/Export/Scripting/Component.bindings.cs:248)
AreaBattle.EditorTools.OutgameGuideBookBrowseValidation/Fixture:.ctor (bool) (at Assets/AreaBattle/Editor/OutgameGuideBookBrowseValidation.cs:29)
AreaBattle.EditorTools.OutgameGuideBookBrowseValidation/<>c:<Run>b__4_6 () (at Assets/AreaBattle/Editor/OutgameGuideBookBrowseValidation.cs:106)
AreaBattle.EditorTools.OutgameGuideBookBrowseValidation/<>c__DisplayClass4_0:<Run>b__0 (string,System.Action) (at Assets/AreaBattle/Editor/OutgameGuideBookBrowseValidation.cs:48)
AreaBattle.EditorTools.OutgameGuideBookBrowseValidation:Run () (at Assets/AreaBattle/Editor/OutgameGuideBookBrowseValidation.cs:105)
System.Reflection.RuntimeMethodInfo:Invoke (object,System.Reflection.BindingFlags,System.Reflection.Binder,object[],System.Globalization.CultureInfo)
System.Reflection.MethodBase:Invoke (object,object[])
AreaBattle.EditorTools.BattleBuild:ValidateIntegrated () (at Assets/AreaBattle/Editor/BattleBuild.cs:32)
AreaBattle.EditorTools.BattleBuild:ValidateMechanicsOnly () (at Assets/AreaBattle/Editor/BattleBuild.cs:18)

[Assets/AreaBattle/Editor/OutgameGuideBookBrowseValidation.cs line 29]

Assertion failed on expression: 'ShouldRunBehaviour()'
UnityEngine.Debug:ExtractStackTraceNoAlloc (byte*,int,string)
UnityEngine.StackTraceUtility:ExtractStackTrace () (at /Users/bokken/build/output/unity/unity/Runtime/Export/Scripting/StackTrace.cs:35)
UnityEngine.Component:SendMessage (string,object,UnityEngine.SendMessageOptions)
UnityEngine.Component:SendMessage (string) (at /Users/bokken/build/output/unity/unity/Runtime/Export/Scripting/Component.bindings.cs:248)
AreaBattle.EditorTools.OutgameGuideBookBrowseValidation/Fixture:.ctor (bool) (at Assets/AreaBattle/Editor/OutgameGuideBookBrowseValidation.cs:29)
AreaBattle.EditorTools.OutgameGuideBookBrowseValidation/<>c:<Run>b__4_6 () (at Assets/AreaBattle/Editor/OutgameGuideBookBrowseValidation.cs:106)
AreaBattle.EditorTools.OutgameGuideBookBrowseValidation/<>c__DisplayClass4_0:<Run>b__0 (string,System.Action) (at Assets/AreaBattle/Editor/OutgameGuideBookBrowseValidation.cs:48)
AreaBattle.EditorTools.OutgameGuideBookBrowseValidation:Run () (at Assets/AreaBattle/Editor/OutgameGuideBookBrowseValidation.cs:105)
System.Reflection.RuntimeMethodInfo:Invoke (object,System.Reflection.BindingFlags,System.Reflection.Binder,object[],System.Globalization.CultureInfo)
System.Reflection.MethodBase:Invoke (object,object[])
AreaBattle.EditorTools.BattleBuild:ValidateIntegrated () (at Assets/AreaBattle/Editor/BattleBuild.cs:32)
AreaBattle.EditorTools.BattleBuild:ValidateMechanicsOnly () (at Assets/AreaBattle/Editor/BattleBuild.cs:18)

[Assets/AreaBattle/Editor/OutgameGuideBookBrowseValidation.cs line 29]

Assertion failed on expression: 'ShouldRunBehaviour()'
UnityEngine.Debug:ExtractStackTraceNoAlloc (byte*,int,string)
UnityEngine.StackTraceUtility:ExtractStackTrace () (at /Users/bokken/build/output/unity/unity/Runtime/Export/Scripting/StackTrace.cs:35)
UnityEngine.Component:SendMessage (string,object,UnityEngine.SendMessageOptions)
UnityEngine.Component:SendMessage (string) (at /Users/bokken/build/output/unity/unity/Runtime/Export/Scripting/Component.bindings.cs:248)
AreaBattle.EditorTools.OutgameGuideBookBrowseValidation/Fixture:.ctor (bool) (at Assets/AreaBattle/Editor/OutgameGuideBookBrowseValidation.cs:29)
AreaBattle.EditorTools.OutgameGuideBookBrowseValidation/<>c:<Run>b__4_6 () (at Assets/AreaBattle/Editor/OutgameGuideBookBrowseValidation.cs:106)
AreaBattle.EditorTools.OutgameGuideBookBrowseValidation/<>c__DisplayClass4_0:<Run>b__0 (string,System.Action) (at Assets/AreaBattle/Editor/OutgameGuideBookBrowseValidation.cs:48)
AreaBattle.EditorTools.OutgameGuideBookBrowseValidation:Run () (at Assets/AreaBattle/Editor/OutgameGuideBookBrowseValidation.cs:105)
System.Reflection.RuntimeMethodInfo:Invoke (object,System.Reflection.BindingFlags,System.Reflection.Binder,object[],System.Globalization.CultureInfo)
System.Reflection.MethodBase:Invoke (object,object[])
AreaBattle.EditorTools.BattleBuild:ValidateIntegrated () (at Assets/AreaBattle/Editor/BattleBuild.cs:32)
AreaBattle.EditorTools.BattleBuild:ValidateMechanicsOnly () (at Assets/AreaBattle/Editor/BattleBuild.cs:18)

[Assets/AreaBattle/Editor/OutgameGuideBookBrowseValidation.cs line 29]

add touch begin handle:
UnityEngine.Debug:ExtractStackTraceNoAlloc (byte*,int,string)
UnityEngine.StackTraceUtility:ExtractStackTrace () (at /Users/bokken/build/output/unity/unity/Runtime/Export/Scripting/StackTrace.cs:35)
UnityEngine.DebugLogHandler:Internal_Log (UnityEngine.LogType,UnityEngine.LogOption,string,UnityEngine.Object)
UnityEngine.DebugLogHandler:LogFormat (UnityEngine.LogType,UnityEngine.Object,string,object[])
UnityEngine.Logger:Log (UnityEngine.LogType,object)
UnityEngine.Debug:Log (object)
AreaBattle.OutgameInputManager/<>c:<.ctor>b__104_0 (object[]) (at Assets/AreaBattle/Scripts/OutgameInputManager.cs:40)
AreaBattle.OutgameInputManager:add_TouchBegin (System.Action`2<single, single>) (at Assets/AreaBattle/Scripts/OutgameInputManager.cs:42)
AreaBattle.EditorTools.OutgameInputManagerValidation/Fixture:.ctor () (at Assets/AreaBattle/Editor/OutgameInputManagerValidation.cs:22)
AreaBattle.EditorTools.OutgameInputManagerValidation/<>c:<Run>b__6_1 () (at Assets/AreaBattle/Editor/OutgameInputManagerValidation.cs:31)
AreaBattle.EditorTools.OutgameInputManagerValidation/<>c__DisplayClass6_0:<Run>b__0 (string,System.Action) (at Assets/AreaBattle/Editor/OutgameInputManagerValidation.cs:30)
AreaBattle.EditorTools.OutgameInputManagerValidation:Run () (at Assets/AreaBattle/Editor/OutgameInputManagerValidation.cs:31)
System.Reflection.RuntimeMethodInfo:Invoke (object,System.Reflection.BindingFlags,System.Reflection.Binder,object[],System.Globalization.CultureInfo)
System.Reflection.MethodBase:Invoke (object,object[])
AreaBattle.EditorTools.BattleBuild:ValidateIntegrated () (at Assets/AreaBattle/Editor/BattleBuild.cs:32)
AreaBattle.EditorTools.BattleBuild:ValidateMechanicsOnly () (at Assets/AreaBattle/Editor/BattleBuild.cs:18)

(Filename: Assets/AreaBattle/Scripts/OutgameInputManager.cs Line: 40)

add touch begin handle:
UnityEngine.Debug:ExtractStackTraceNoAlloc (byte*,int,string)
UnityEngine.StackTraceUtility:ExtractStackTrace () (at /Users/bokken/build/output/unity/unity/Runtime/Export/Scripting/StackTrace.cs:35)
UnityEngine.DebugLogHandler:Internal_Log (UnityEngine.LogType,UnityEngine.LogOption,string,UnityEngine.Object)
UnityEngine.DebugLogHandler:LogFormat (UnityEngine.LogType,UnityEngine.Object,string,object[])
UnityEngine.Logger:Log (UnityEngine.LogType,object)
UnityEngine.Debug:Log (object)
AreaBattle.OutgameInputManager/<>c:<.ctor>b__104_0 (object[]) (at Assets/AreaBattle/Scripts/OutgameInputManager.cs:40)
AreaBattle.OutgameInputManager:add_TouchBegin (System.Action`2<single, single>) (at Assets/AreaBattle/Scripts/OutgameInputManager.cs:42)
AreaBattle.EditorTools.OutgameInputManagerValidation/Fixture:.ctor () (at Assets/AreaBattle/Editor/OutgameInputManagerValidation.cs:22)
AreaBattle.EditorTools.OutgameInputManagerValidation/<>c:<Run>b__6_1 () (at Assets/AreaBattle/Editor/OutgameInputManagerValidation.cs:31)
AreaBattle.EditorTools.OutgameInputManagerValidation/<>c__DisplayClass6_0:<Run>b__0 (string,System.Action) (at Assets/AreaBattle/Editor/OutgameInputManagerValidation.cs:30)
AreaBattle.EditorTools.OutgameInputManagerValidation:Run () (at Assets/AreaBattle/Editor/OutgameInputManagerValidation.cs:31)
System.Reflection.RuntimeMethodInfo:Invoke (object,System.Reflection.BindingFlags,System.Reflection.Binder,object[],System.Globalization.CultureInfo)
System.Reflection.MethodBase:Invoke (object,object[])
AreaBattle.EditorTools.BattleBuild:ValidateIntegrated () (at Assets/AreaBattle/Editor/BattleBuild.cs:32)
AreaBattle.EditorTools.BattleBuild:ValidateMechanicsOnly () (at Assets/AreaBattle/Editor/BattleBuild.cs:18)

(Filename: Assets/AreaBattle/Scripts/OutgameInputManager.cs Line: 40)

add touch begin handle:
UnityEngine.Debug:ExtractStackTraceNoAlloc (byte*,int,string)
UnityEngine.StackTraceUtility:ExtractStackTrace () (at /Users/bokken/build/output/unity/unity/Runtime/Export/Scripting/StackTrace.cs:35)
UnityEngine.DebugLogHandler:Internal_Log (UnityEngine.LogType,UnityEngine.LogOption,string,UnityEngine.Object)
UnityEngine.DebugLogHandler:LogFormat (UnityEngine.LogType,UnityEngine.Object,string,object[])
UnityEngine.Logger:Log (UnityEngine.LogType,object)
UnityEngine.Debug:Log (object)
AreaBattle.OutgameInputManager/<>c:<.ctor>b__104_0 (object[]) (at Assets/AreaBattle/Scripts/OutgameInputManager.cs:40)
AreaBattle.OutgameInputManager:add_TouchBegin (System.Action`2<single, single>) (at Assets/AreaBattle/Scripts/OutgameInputManager.cs:42)
AreaBattle.EditorTools.OutgameInputManagerValidation/Fixture:.ctor () (at Assets/AreaBattle/Editor/OutgameInputManagerValidation.cs:22)
AreaBattle.EditorTools.OutgameInputManagerValidation/<>c:<Run>b__6_1 () (at Assets/AreaBattle/Editor/OutgameInputManagerValidation.cs:31)
AreaBattle.EditorTools.OutgameInputManagerValidation/<>c__DisplayClass6_0:<Run>b__0 (string,System.Action) (at Assets/AreaBattle/Editor/OutgameInputManagerValidation.cs:30)
AreaBattle.EditorTools.OutgameInputManagerValidation:Run () (at Assets/AreaBattle/Editor/OutgameInputManagerValidation.cs:31)
System.Reflection.RuntimeMethodInfo:Invoke (object,System.Reflection.BindingFlags,System.Reflection.Binder,object[],System.Globalization.CultureInfo)
System.Reflection.MethodBase:Invoke (object,object[])
AreaBattle.EditorTools.BattleBuild:ValidateIntegrated () (at Assets/AreaBattle/Editor/BattleBuild.cs:32)
AreaBattle.EditorTools.BattleBuild:ValidateMechanicsOnly () (at Assets/AreaBattle/Editor/BattleBuild.cs:18)

(Filename: Assets/AreaBattle/Scripts/OutgameInputManager.cs Line: 40)

add touch begin handle:
UnityEngine.Debug:ExtractStackTraceNoAlloc (byte*,int,string)
UnityEngine.StackTraceUtility:ExtractStackTrace () (at /Users/bokken/build/output/unity/unity/Runtime/Export/Scripting/StackTrace.cs:35)
UnityEngine.DebugLogHandler:Internal_Log (UnityEngine.LogType,UnityEngine.LogOption,string,UnityEngine.Object)
UnityEngine.DebugLogHandler:LogFormat (UnityEngine.LogType,UnityEngine.Object,string,object[])
UnityEngine.Logger:Log (UnityEngine.LogType,object)
UnityEngine.Debug:Log (object)
AreaBattle.OutgameInputManager/<>c:<.ctor>b__104_0 (object[]) (at Assets/AreaBattle/Scripts/OutgameInputManager.cs:40)
AreaBattle.OutgameInputManager:add_TouchBegin (System.Action`2<single, single>) (at Assets/AreaBattle/Scripts/OutgameInputManager.cs:42)
AreaBattle.EditorTools.OutgameInputManagerValidation/Fixture:.ctor () (at Assets/AreaBattle/Editor/OutgameInputManagerValidation.cs:22)
AreaBattle.EditorTools.OutgameInputManagerValidation/<>c:<Run>b__6_1 () (at Assets/AreaBattle/Editor/OutgameInputManagerValidation.cs:31)
AreaBattle.EditorTools.OutgameInputManagerValidation/<>c__DisplayClass6_0:<Run>b__0 (string,System.Action) (at Assets/AreaBattle/Editor/OutgameInputManagerValidation.cs:30)
AreaBattle.EditorTools.OutgameInputManagerValidation:Run () (at Assets/AreaBattle/Editor/OutgameInputManagerValidation.cs:31)
System.Reflection.RuntimeMethodInfo:Invoke (object,System.Reflection.BindingFlags,System.Reflection.Binder,object[],System.Globalization.CultureInfo)
System.Reflection.MethodBase:Invoke (object,object[])
AreaBattle.EditorTools.BattleBuild:ValidateIntegrated () (at Assets/AreaBattle/Editor/BattleBuild.cs:32)
AreaBattle.EditorTools.BattleBuild:ValidateMechanicsOnly () (at Assets/AreaBattle/Editor/BattleBuild.cs:18)

(Filename: Assets/AreaBattle/Scripts/OutgameInputManager.cs Line: 40)

add touch begin handle:
UnityEngine.Debug:ExtractStackTraceNoAlloc (byte*,int,string)
UnityEngine.StackTraceUtility:ExtractStackTrace () (at /Users/bokken/build/output/unity/unity/Runtime/Export/Scripting/StackTrace.cs:35)
UnityEngine.DebugLogHandler:Internal_Log (UnityEngine.LogType,UnityEngine.LogOption,string,UnityEngine.Object)
UnityEngine.DebugLogHandler:LogFormat (UnityEngine.LogType,UnityEngine.Object,string,object[])
UnityEngine.Logger:Log (UnityEngine.LogType,object)
UnityEngine.Debug:Log (object)
AreaBattle.OutgameInputManager/<>c:<.ctor>b__104_0 (object[]) (at Assets/AreaBattle/Scripts/OutgameInputManager.cs:40)
AreaBattle.OutgameInputManager:add_TouchBegin (System.Action`2<single, single>) (at Assets/AreaBattle/Scripts/OutgameInputManager.cs:42)
AreaBattle.EditorTools.OutgameInputManagerValidation/Fixture:.ctor () (at Assets/AreaBattle/Editor/OutgameInputManagerValidation.cs:22)
AreaBattle.EditorTools.OutgameInputManagerValidation/<>c:<Run>b__6_2 () (at Assets/AreaBattle/Editor/OutgameInputManagerValidation.cs:32)
AreaBattle.EditorTools.OutgameInputManagerValidation/<>c__DisplayClass6_0:<Run>b__0 (string,System.Action) (at Assets/AreaBattle/Editor/OutgameInputManagerValidation.cs:30)
AreaBattle.EditorTools.OutgameInputManagerValidation:Run () (at Assets/AreaBattle/Editor/OutgameInputManagerValidation.cs:32)
System.Reflection.RuntimeMethodInfo:Invoke (object,System.Reflection.BindingFlags,System.Reflection.Binder,object[],System.Globalization.CultureInfo)
System.Reflection.MethodBase:Invoke (object,object[])
AreaBattle.EditorTools.BattleBuild:ValidateIntegrated () (at Assets/AreaBattle/Editor/BattleBuild.cs:32)
AreaBattle.EditorTools.BattleBuild:ValidateMechanicsOnly () (at Assets/AreaBattle/Editor/BattleBuild.cs:18)

(Filename: Assets/AreaBattle/Scripts/OutgameInputManager.cs Line: 40)

add touch begin handle:
UnityEngine.Debug:ExtractStackTraceNoAlloc (byte*,int,string)
UnityEngine.StackTraceUtility:ExtractStackTrace () (at /Users/bokken/build/output/unity/unity/Runtime/Export/Scripting/StackTrace.cs:35)
UnityEngine.DebugLogHandler:Internal_Log (UnityEngine.LogType,UnityEngine.LogOption,string,UnityEngine.Object)
UnityEngine.DebugLogHandler:LogFormat (UnityEngine.LogType,UnityEngine.Object,string,object[])
UnityEngine.Logger:Log (UnityEngine.LogType,object)
UnityEngine.Debug:Log (object)
AreaBattle.OutgameInputManager/<>c:<.ctor>b__104_0 (object[]) (at Assets/AreaBattle/Scripts/OutgameInputManager.cs:40)
AreaBattle.OutgameInputManager:add_TouchBegin (System.Action`2<single, single>) (at Assets/AreaBattle/Scripts/OutgameInputManager.cs:42)
AreaBattle.EditorTools.OutgameInputManagerValidation/Fixture:.ctor () (at Assets/AreaBattle/Editor/OutgameInputManagerValidation.cs:22)
AreaBattle.EditorTools.OutgameInputManagerValidation/<>c:<Run>b__6_3 () (at Assets/AreaBattle/Editor/OutgameInputManagerValidation.cs:33)
AreaBattle.EditorTools.OutgameInputManagerValidation/<>c__DisplayClass6_0:<Run>b__0 (string,System.Action) (at Assets/AreaBattle/Editor/OutgameInputManagerValidation.cs:30)
AreaBattle.EditorTools.OutgameInputManagerValidation:Run () (at Assets/AreaBattle/Editor/OutgameInputManagerValidation.cs:33)
System.Reflection.RuntimeMethodInfo:Invoke (object,System.Reflection.BindingFlags,System.Reflection.Binder,object[],System.Globalization.CultureInfo)
System.Reflection.MethodBase:Invoke (object,object[])
AreaBattle.EditorTools.BattleBuild:ValidateIntegrated () (at Assets/AreaBattle/Editor/BattleBuild.cs:32)
AreaBattle.EditorTools.BattleBuild:ValidateMechanicsOnly () (at Assets/AreaBattle/Editor/BattleBuild.cs:18)

(Filename: Assets/AreaBattle/Scripts/OutgameInputManager.cs Line: 40)

add touch begin handle:
UnityEngine.Debug:ExtractStackTraceNoAlloc (byte*,int,string)
UnityEngine.StackTraceUtility:ExtractStackTrace () (at /Users/bokken/build/output/unity/unity/Runtime/Export/Scripting/StackTrace.cs:35)
UnityEngine.DebugLogHandler:Internal_Log (UnityEngine.LogType,UnityEngine.LogOption,string,UnityEngine.Object)
UnityEngine.DebugLogHandler:LogFormat (UnityEngine.LogType,UnityEngine.Object,string,object[])
UnityEngine.Logger:Log (UnityEngine.LogType,object)
UnityEngine.Debug:Log (object)
AreaBattle.OutgameInputManager/<>c:<.ctor>b__104_0 (object[]) (at Assets/AreaBattle/Scripts/OutgameInputManager.cs:40)
AreaBattle.OutgameInputManager:add_TouchBegin (System.Action`2<single, single>) (at Assets/AreaBattle/Scripts/OutgameInputManager.cs:42)
AreaBattle.EditorTools.OutgameInputManagerValidation/Fixture:.ctor () (at Assets/AreaBattle/Editor/OutgameInputManagerValidation.cs:22)
AreaBattle.EditorTools.OutgameInputManagerValidation/<>c:<Run>b__6_4 () (at Assets/AreaBattle/Editor/OutgameInputManagerValidation.cs:34)
AreaBattle.EditorTools.OutgameInputManagerValidation/<>c__DisplayClass6_0:<Run>b__0 (string,System.Action) (at Assets/AreaBattle/Editor/OutgameInputManagerValidation.cs:30)
AreaBattle.EditorTools.OutgameInputManagerValidation:Run () (at Assets/AreaBattle/Editor/OutgameInputManagerValidation.cs:34)
System.Reflection.RuntimeMethodInfo:Invoke (object,System.Reflection.BindingFlags,System.Reflection.Binder,object[],System.Globalization.CultureInfo)
System.Reflection.MethodBase:Invoke (object,object[])
AreaBattle.EditorTools.BattleBuild:ValidateIntegrated () (at Assets/AreaBattle/Editor/BattleBuild.cs:32)
AreaBattle.EditorTools.BattleBuild:ValidateMechanicsOnly () (at Assets/AreaBattle/Editor/BattleBuild.cs:18)

(Filename: Assets/AreaBattle/Scripts/OutgameInputManager.cs Line: 40)

add touch begin handle:
UnityEngine.Debug:ExtractStackTraceNoAlloc (byte*,int,string)
UnityEngine.StackTraceUtility:ExtractStackTrace () (at /Users/bokken/build/output/unity/unity/Runtime/Export/Scripting/StackTrace.cs:35)
UnityEngine.DebugLogHandler:Internal_Log (UnityEngine.LogType,UnityEngine.LogOption,string,UnityEngine.Object)
UnityEngine.DebugLogHandler:LogFormat (UnityEngine.LogType,UnityEngine.Object,string,object[])
UnityEngine.Logger:Log (UnityEngine.LogType,object)
UnityEngine.Debug:Log (object)
AreaBattle.OutgameInputManager/<>c:<.ctor>b__104_0 (object[]) (at Assets/AreaBattle/Scripts/OutgameInputManager.cs:40)
AreaBattle.OutgameInputManager:add_TouchBegin (System.Action`2<single, single>) (at Assets/AreaBattle/Scripts/OutgameInputManager.cs:42)
AreaBattle.EditorTools.OutgameInputManagerValidation/Fixture:.ctor () (at Assets/AreaBattle/Editor/OutgameInputManagerValidation.cs:22)
AreaBattle.EditorTools.OutgameInputManagerValidation/<>c:<Run>b__6_5 () (at Assets/AreaBattle/Editor/OutgameInputManagerValidation.cs:35)
AreaBattle.EditorTools.OutgameInputManagerValidation/<>c__DisplayClass6_0:<Run>b__0 (string,System.Action) (at Assets/AreaBattle/Editor/OutgameInputManagerValidation.cs:30)
AreaBattle.EditorTools.OutgameInputManagerValidation:Run () (at Assets/AreaBattle/Editor/OutgameInputManagerValidation.cs:35)
System.Reflection.RuntimeMethodInfo:Invoke (object,System.Reflection.BindingFlags,System.Reflection.Binder,object[],System.Globalization.CultureInfo)
System.Reflection.MethodBase:Invoke (object,object[])
AreaBattle.EditorTools.BattleBuild:ValidateIntegrated () (at Assets/AreaBattle/Editor/BattleBuild.cs:32)
AreaBattle.EditorTools.BattleBuild:ValidateMechanicsOnly () (at Assets/AreaBattle/Editor/BattleBuild.cs:18)

(Filename: Assets/AreaBattle/Scripts/OutgameInputManager.cs Line: 40)

add touch begin handle:
UnityEngine.Debug:ExtractStackTraceNoAlloc (byte*,int,string)
UnityEngine.StackTraceUtility:ExtractStackTrace () (at /Users/bokken/build/output/unity/unity/Runtime/Export/Scripting/StackTrace.cs:35)
UnityEngine.DebugLogHandler:Internal_Log (UnityEngine.LogType,UnityEngine.LogOption,string,UnityEngine.Object)
UnityEngine.DebugLogHandler:LogFormat (UnityEngine.LogType,UnityEngine.Object,string,object[])
UnityEngine.Logger:Log (UnityEngine.LogType,object)
UnityEngine.Debug:Log (object)
AreaBattle.OutgameInputManager/<>c:<.ctor>b__104_0 (object[]) (at Assets/AreaBattle/Scripts/OutgameInputManager.cs:40)
AreaBattle.OutgameInputManager:add_TouchBegin (System.Action`2<single, single>) (at Assets/AreaBattle/Scripts/OutgameInputManager.cs:42)
AreaBattle.EditorTools.OutgameInputManagerValidation/Fixture:.ctor () (at Assets/AreaBattle/Editor/OutgameInputManagerValidation.cs:22)
AreaBattle.EditorTools.OutgameInputManagerValidation/<>c:<Run>b__6_6 () (at Assets/AreaBattle/Editor/OutgameInputManagerValidation.cs:36)
AreaBattle.EditorTools.OutgameInputManagerValidation/<>c__DisplayClass6_0:<Run>b__0 (string,System.Action) (at Assets/AreaBattle/Editor/OutgameInputManagerValidation.cs:30)
AreaBattle.EditorTools.OutgameInputManagerValidation:Run () (at Assets/AreaBattle/Editor/OutgameInputManagerValidation.cs:36)
System.Reflection.RuntimeMethodInfo:Invoke (object,System.Reflection.BindingFlags,System.Reflection.Binder,object[],System.Globalization.CultureInfo)
System.Reflection.MethodBase:Invoke (object,object[])
AreaBattle.EditorTools.BattleBuild:ValidateIntegrated () (at Assets/AreaBattle/Editor/BattleBuild.cs:32)
AreaBattle.EditorTools.BattleBuild:ValidateMechanicsOnly () (at Assets/AreaBattle/Editor/BattleBuild.cs:18)

(Filename: Assets/AreaBattle/Scripts/OutgameInputManager.cs Line: 40)

add touch begin handle:
UnityEngine.Debug:ExtractStackTraceNoAlloc (byte*,int,string)
UnityEngine.StackTraceUtility:ExtractStackTrace () (at /Users/bokken/build/output/unity/unity/Runtime/Export/Scripting/StackTrace.cs:35)
UnityEngine.DebugLogHandler:Internal_Log (UnityEngine.LogType,UnityEngine.LogOption,string,UnityEngine.Object)
UnityEngine.DebugLogHandler:LogFormat (UnityEngine.LogType,UnityEngine.Object,string,object[])
UnityEngine.Logger:Log (UnityEngine.LogType,object)
UnityEngine.Debug:Log (object)
AreaBattle.OutgameInputManager/<>c:<.ctor>b__104_0 (object[]) (at Assets/AreaBattle/Scripts/OutgameInputManager.cs:40)
AreaBattle.OutgameInputManager:add_TouchBegin (System.Action`2<single, single>) (at Assets/AreaBattle/Scripts/OutgameInputManager.cs:42)
AreaBattle.EditorTools.OutgameInputManagerValidation/Fixture:.ctor () (at Assets/AreaBattle/Editor/OutgameInputManagerValidation.cs:22)
AreaBattle.EditorTools.OutgameInputManagerValidation/<>c:<Run>b__6_7 () (at Assets/AreaBattle/Editor/OutgameInputManagerValidation.cs:37)
AreaBattle.EditorTools.OutgameInputManagerValidation/<>c__DisplayClass6_0:<Run>b__0 (string,System.Action) (at Assets/AreaBattle/Editor/OutgameInputManagerValidation.cs:30)
AreaBattle.EditorTools.OutgameInputManagerValidation:Run () (at Assets/AreaBattle/Editor/OutgameInputManagerValidation.cs:37)
System.Reflection.RuntimeMethodInfo:Invoke (object,System.Reflection.BindingFlags,System.Reflection.Binder,object[],System.Globalization.CultureInfo)
System.Reflection.MethodBase:Invoke (object,object[])
AreaBattle.EditorTools.BattleBuild:ValidateIntegrated () (at Assets/AreaBattle/Editor/BattleBuild.cs:32)
AreaBattle.EditorTools.BattleBuild:ValidateMechanicsOnly () (at Assets/AreaBattle/Editor/BattleBuild.cs:18)

(Filename: Assets/AreaBattle/Scripts/OutgameInputManager.cs Line: 40)

add touch begin handle:
UnityEngine.Debug:ExtractStackTraceNoAlloc (byte*,int,string)
UnityEngine.StackTraceUtility:ExtractStackTrace () (at /Users/bokken/build/output/unity/unity/Runtime/Export/Scripting/StackTrace.cs:35)
UnityEngine.DebugLogHandler:Internal_Log (UnityEngine.LogType,UnityEngine.LogOption,string,UnityEngine.Object)
UnityEngine.DebugLogHandler:LogFormat (UnityEngine.LogType,UnityEngine.Object,string,object[])
UnityEngine.Logger:Log (UnityEngine.LogType,object)
UnityEngine.Debug:Log (object)
AreaBattle.OutgameInputManager/<>c:<.ctor>b__104_0 (object[]) (at Assets/AreaBattle/Scripts/OutgameInputManager.cs:40)
AreaBattle.OutgameInputManager:add_TouchBegin (System.Action`2<single, single>) (at Assets/AreaBattle/Scripts/OutgameInputManager.cs:42)
AreaBattle.EditorTools.OutgameInputManagerValidation/Fixture:.ctor () (at Assets/AreaBattle/Editor/OutgameInputManagerValidation.cs:22)
AreaBattle.EditorTools.OutgameInputManagerValidation/<>c:<Run>b__6_8 () (at Assets/AreaBattle/Editor/OutgameInputManagerValidation.cs:38)
AreaBattle.EditorTools.OutgameInputManagerValidation/<>c__DisplayClass6_0:<Run>b__0 (string,System.Action) (at Assets/AreaBattle/Editor/OutgameInputManagerValidation.cs:30)
AreaBattle.EditorTools.OutgameInputManagerValidation:Run () (at Assets/AreaBattle/Editor/OutgameInputManagerValidation.cs:38)
System.Reflection.RuntimeMethodInfo:Invoke (object,System.Reflection.BindingFlags,System.Reflection.Binder,object[],System.Globalization.CultureInfo)
System.Reflection.MethodBase:Invoke (object,object[])
AreaBattle.EditorTools.BattleBuild:ValidateIntegrated () (at Assets/AreaBattle/Editor/BattleBuild.cs:32)
AreaBattle.EditorTools.BattleBuild:ValidateMechanicsOnly () (at Assets/AreaBattle/Editor/BattleBuild.cs:18)

(Filename: Assets/AreaBattle/Scripts/OutgameInputManager.cs Line: 40)

add touch begin handle:
UnityEngine.Debug:ExtractStackTraceNoAlloc (byte*,int,string)
UnityEngine.StackTraceUtility:ExtractStackTrace () (at /Users/bokken/build/output/unity/unity/Runtime/Export/Scripting/StackTrace.cs:35)
UnityEngine.DebugLogHandler:Internal_Log (UnityEngine.LogType,UnityEngine.LogOption,string,UnityEngine.Object)
UnityEngine.DebugLogHandler:LogFormat (UnityEngine.LogType,UnityEngine.Object,string,object[])
UnityEngine.Logger:Log (UnityEngine.LogType,object)
UnityEngine.Debug:Log (object)
AreaBattle.OutgameInputManager/<>c:<.ctor>b__104_0 (object[]) (at Assets/AreaBattle/Scripts/OutgameInputManager.cs:40)
AreaBattle.OutgameInputManager:add_TouchBegin (System.Action`2<single, single>) (at Assets/AreaBattle/Scripts/OutgameInputManager.cs:42)
AreaBattle.EditorTools.OutgameInputManagerValidation/Fixture:.ctor () (at Assets/AreaBattle/Editor/OutgameInputManagerValidation.cs:22)
AreaBattle.EditorTools.OutgameInputManagerValidation/<>c:<Run>b__6_9 () (at Assets/AreaBattle/Editor/OutgameInputManagerValidation.cs:39)
AreaBattle.EditorTools.OutgameInputManagerValidation/<>c__DisplayClass6_0:<Run>b__0 (string,System.Action) (at Assets/AreaBattle/Editor/OutgameInputManagerValidation.cs:30)
AreaBattle.EditorTools.OutgameInputManagerValidation:Run () (at Assets/AreaBattle/Editor/OutgameInputManagerValidation.cs:39)
System.Reflection.RuntimeMethodInfo:Invoke (object,System.Reflection.BindingFlags,System.Reflection.Binder,object[],System.Globalization.CultureInfo)
System.Reflection.MethodBase:Invoke (object,object[])
AreaBattle.EditorTools.BattleBuild:ValidateIntegrated () (at Assets/AreaBattle/Editor/BattleBuild.cs:32)
AreaBattle.EditorTools.BattleBuild:ValidateMechanicsOnly () (at Assets/AreaBattle/Editor/BattleBuild.cs:18)

(Filename: Assets/AreaBattle/Scripts/OutgameInputManager.cs Line: 40)

add touch begin handle:
UnityEngine.Debug:ExtractStackTraceNoAlloc (byte*,int,string)
UnityEngine.StackTraceUtility:ExtractStackTrace () (at /Users/bokken/build/output/unity/unity/Runtime/Export/Scripting/StackTrace.cs:35)
UnityEngine.DebugLogHandler:Internal_Log (UnityEngine.LogType,UnityEngine.LogOption,string,UnityEngine.Object)
UnityEngine.DebugLogHandler:LogFormat (UnityEngine.LogType,UnityEngine.Object,string,object[])
UnityEngine.Logger:Log (UnityEngine.LogType,object)
UnityEngine.Debug:Log (object)
AreaBattle.OutgameInputManager/<>c:<.ctor>b__104_0 (object[]) (at Assets/AreaBattle/Scripts/OutgameInputManager.cs:40)
AreaBattle.OutgameInputManager:add_TouchBegin (System.Action`2<single, single>) (at Assets/AreaBattle/Scripts/OutgameInputManager.cs:42)
AreaBattle.EditorTools.OutgameInputManagerValidation/Fixture:.ctor () (at Assets/AreaBattle/Editor/OutgameInputManagerValidation.cs:22)
AreaBattle.EditorTools.OutgameInputManagerValidation/<>c:<Run>b__6_10 () (at Assets/AreaBattle/Editor/OutgameInputManagerValidation.cs:40)
AreaBattle.EditorTools.OutgameInputManagerValidation/<>c__DisplayClass6_0:<Run>b__0 (string,System.Action) (at Assets/AreaBattle/Editor/OutgameInputManagerValidation.cs:30)
AreaBattle.EditorTools.OutgameInputManagerValidation:Run () (at Assets/AreaBattle/Editor/OutgameInputManagerValidation.cs:40)
System.Reflection.RuntimeMethodInfo:Invoke (object,System.Reflection.BindingFlags,System.Reflection.Binder,object[],System.Globalization.CultureInfo)
System.Reflection.MethodBase:Invoke (object,object[])
AreaBattle.EditorTools.BattleBuild:ValidateIntegrated () (at Assets/AreaBattle/Editor/BattleBuild.cs:32)
AreaBattle.EditorTools.BattleBuild:ValidateMechanicsOnly () (at Assets/AreaBattle/Editor/BattleBuild.cs:18)

(Filename: Assets/AreaBattle/Scripts/OutgameInputManager.cs Line: 40)

add touch begin handle:
UnityEngine.Debug:ExtractStackTraceNoAlloc (byte*,int,string)
UnityEngine.StackTraceUtility:ExtractStackTrace () (at /Users/bokken/build/output/unity/unity/Runtime/Export/Scripting/StackTrace.cs:35)
UnityEngine.DebugLogHandler:Internal_Log (UnityEngine.LogType,UnityEngine.LogOption,string,UnityEngine.Object)
UnityEngine.DebugLogHandler:LogFormat (UnityEngine.LogType,UnityEngine.Object,string,object[])
UnityEngine.Logger:Log (UnityEngine.LogType,object)
UnityEngine.Debug:Log (object)
AreaBattle.OutgameInputManager/<>c:<.ctor>b__104_0 (object[]) (at Assets/AreaBattle/Scripts/OutgameInputManager.cs:40)
AreaBattle.OutgameInputManager:add_TouchBegin (System.Action`2<single, single>) (at Assets/AreaBattle/Scripts/OutgameInputManager.cs:42)
AreaBattle.EditorTools.OutgameInputManagerValidation/Fixture:.ctor () (at Assets/AreaBattle/Editor/OutgameInputManagerValidation.cs:22)
AreaBattle.EditorTools.OutgameInputManagerValidation/<>c:<Run>b__6_11 () (at Assets/AreaBattle/Editor/OutgameInputManagerValidation.cs:41)
AreaBattle.EditorTools.OutgameInputManagerValidation/<>c__DisplayClass6_0:<Run>b__0 (string,System.Action) (at Assets/AreaBattle/Editor/OutgameInputManagerValidation.cs:30)
AreaBattle.EditorTools.OutgameInputManagerValidation:Run () (at Assets/AreaBattle/Editor/OutgameInputManagerValidation.cs:41)
System.Reflection.RuntimeMethodInfo:Invoke (object,System.Reflection.BindingFlags,System.Reflection.Binder,object[],System.Globalization.CultureInfo)
System.Reflection.MethodBase:Invoke (object,object[])
AreaBattle.EditorTools.BattleBuild:ValidateIntegrated () (at Assets/AreaBattle/Editor/BattleBuild.cs:32)
AreaBattle.EditorTools.BattleBuild:ValidateMechanicsOnly () (at Assets/AreaBattle/Editor/BattleBuild.cs:18)

(Filename: Assets/AreaBattle/Scripts/OutgameInputManager.cs Line: 40)

add touch begin handle:
UnityEngine.Debug:ExtractStackTraceNoAlloc (byte*,int,string)
UnityEngine.StackTraceUtility:ExtractStackTrace () (at /Users/bokken/build/output/unity/unity/Runtime/Export/Scripting/StackTrace.cs:35)
UnityEngine.DebugLogHandler:Internal_Log (UnityEngine.LogType,UnityEngine.LogOption,string,UnityEngine.Object)
UnityEngine.DebugLogHandler:LogFormat (UnityEngine.LogType,UnityEngine.Object,string,object[])
UnityEngine.Logger:Log (UnityEngine.LogType,object)
UnityEngine.Debug:Log (object)
AreaBattle.OutgameInputManager/<>c:<.ctor>b__104_0 (object[]) (at Assets/AreaBattle/Scripts/OutgameInputManager.cs:40)
AreaBattle.OutgameInputManager:add_TouchBegin (System.Action`2<single, single>) (at Assets/AreaBattle/Scripts/OutgameInputManager.cs:42)
AreaBattle.EditorTools.OutgameInputManagerValidation/Fixture:.ctor () (at Assets/AreaBattle/Editor/OutgameInputManagerValidation.cs:22)
AreaBattle.EditorTools.OutgameInputManagerValidation/<>c:<Run>b__6_12 () (at Assets/AreaBattle/Editor/OutgameInputManagerValidation.cs:42)
AreaBattle.EditorTools.OutgameInputManagerValidation/<>c__DisplayClass6_0:<Run>b__0 (string,System.Action) (at Assets/AreaBattle/Editor/OutgameInputManagerValidation.cs:30)
AreaBattle.EditorTools.OutgameInputManagerValidation:Run () (at Assets/AreaBattle/Editor/OutgameInputManagerValidation.cs:42)
System.Reflection.RuntimeMethodInfo:Invoke (object,System.Reflection.BindingFlags,System.Reflection.Binder,object[],System.Globalization.CultureInfo)
System.Reflection.MethodBase:Invoke (object,object[])
AreaBattle.EditorTools.BattleBuild:ValidateIntegrated () (at Assets/AreaBattle/Editor/BattleBuild.cs:32)
AreaBattle.EditorTools.BattleBuild:ValidateMechanicsOnly () (at Assets/AreaBattle/Editor/BattleBuild.cs:18)

(Filename: Assets/AreaBattle/Scripts/OutgameInputManager.cs Line: 40)

add touch begin handle:
UnityEngine.Debug:ExtractStackTraceNoAlloc (byte*,int,string)
UnityEngine.StackTraceUtility:ExtractStackTrace () (at /Users/bokken/build/output/unity/unity/Runtime/Export/Scripting/StackTrace.cs:35)
UnityEngine.DebugLogHandler:Internal_Log (UnityEngine.LogType,UnityEngine.LogOption,string,UnityEngine.Object)
UnityEngine.DebugLogHandler:LogFormat (UnityEngine.LogType,UnityEngine.Object,string,object[])
UnityEngine.Logger:Log (UnityEngine.LogType,object)
UnityEngine.Debug:Log (object)
AreaBattle.OutgameInputManager/<>c:<.ctor>b__104_0 (object[]) (at Assets/AreaBattle/Scripts/OutgameInputManager.cs:40)
AreaBattle.OutgameInputManager:add_TouchBegin (System.Action`2<single, single>) (at Assets/AreaBattle/Scripts/OutgameInputManager.cs:42)
AreaBattle.EditorTools.OutgameInputManagerValidation/Fixture:.ctor () (at Assets/AreaBattle/Editor/OutgameInputManagerValidation.cs:22)
AreaBattle.EditorTools.OutgameInputManagerValidation/<>c:<Run>b__6_13 () (at Assets/AreaBattle/Editor/OutgameInputManagerValidation.cs:43)
AreaBattle.EditorTools.OutgameInputManagerValidation/<>c__DisplayClass6_0:<Run>b__0 (string,System.Action) (at Assets/AreaBattle/Editor/OutgameInputManagerValidation.cs:30)
AreaBattle.EditorTools.OutgameInputManagerValidation:Run () (at Assets/AreaBattle/Editor/OutgameInputManagerValidation.cs:43)
System.Reflection.RuntimeMethodInfo:Invoke (object,System.Reflection.BindingFlags,System.Reflection.Binder,object[],System.Globalization.CultureInfo)
System.Reflection.MethodBase:Invoke (object,object[])
AreaBattle.EditorTools.BattleBuild:ValidateIntegrated () (at Assets/AreaBattle/Editor/BattleBuild.cs:32)
AreaBattle.EditorTools.BattleBuild:ValidateMechanicsOnly () (at Assets/AreaBattle/Editor/BattleBuild.cs:18)

(Filename: Assets/AreaBattle/Scripts/OutgameInputManager.cs Line: 40)

add touch begin handle:
UnityEngine.Debug:ExtractStackTraceNoAlloc (byte*,int,string)
UnityEngine.StackTraceUtility:ExtractStackTrace () (at /Users/bokken/build/output/unity/unity/Runtime/Export/Scripting/StackTrace.cs:35)
UnityEngine.DebugLogHandler:Internal_Log (UnityEngine.LogType,UnityEngine.LogOption,string,UnityEngine.Object)
UnityEngine.DebugLogHandler:LogFormat (UnityEngine.LogType,UnityEngine.Object,string,object[])
UnityEngine.Logger:Log (UnityEngine.LogType,object)
UnityEngine.Debug:Log (object)
AreaBattle.OutgameInputManager/<>c:<.ctor>b__104_0 (object[]) (at Assets/AreaBattle/Scripts/OutgameInputManager.cs:40)
AreaBattle.OutgameInputManager:add_TouchBegin (System.Action`2<single, single>) (at Assets/AreaBattle/Scripts/OutgameInputManager.cs:42)
AreaBattle.EditorTools.OutgameInputManagerValidation/Fixture:.ctor () (at Assets/AreaBattle/Editor/OutgameInputManagerValidation.cs:22)
AreaBattle.EditorTools.OutgameInputManagerValidation/<>c:<Run>b__6_14 () (at Assets/AreaBattle/Editor/OutgameInputManagerValidation.cs:44)
AreaBattle.EditorTools.OutgameInputManagerValidation/<>c__DisplayClass6_0:<Run>b__0 (string,System.Action) (at Assets/AreaBattle/Editor/OutgameInputManagerValidation.cs:30)
AreaBattle.EditorTools.OutgameInputManagerValidation:Run () (at Assets/AreaBattle/Editor/OutgameInputManagerValidation.cs:44)
System.Reflection.RuntimeMethodInfo:Invoke (object,System.Reflection.BindingFlags,System.Reflection.Binder,object[],System.Globalization.CultureInfo)
System.Reflection.MethodBase:Invoke (object,object[])
AreaBattle.EditorTools.BattleBuild:ValidateIntegrated () (at Assets/AreaBattle/Editor/BattleBuild.cs:32)
AreaBattle.EditorTools.BattleBuild:ValidateMechanicsOnly () (at Assets/AreaBattle/Editor/BattleBuild.cs:18)

(Filename: Assets/AreaBattle/Scripts/OutgameInputManager.cs Line: 40)

add touch begin handle:
UnityEngine.Debug:ExtractStackTraceNoAlloc (byte*,int,string)
UnityEngine.StackTraceUtility:ExtractStackTrace () (at /Users/bokken/build/output/unity/unity/Runtime/Export/Scripting/StackTrace.cs:35)
UnityEngine.DebugLogHandler:Internal_Log (UnityEngine.LogType,UnityEngine.LogOption,string,UnityEngine.Object)
UnityEngine.DebugLogHandler:LogFormat (UnityEngine.LogType,UnityEngine.Object,string,object[])
UnityEngine.Logger:Log (UnityEngine.LogType,object)
UnityEngine.Debug:Log (object)
AreaBattle.OutgameInputManager/<>c:<.ctor>b__104_0 (object[]) (at Assets/AreaBattle/Scripts/OutgameInputManager.cs:40)
AreaBattle.OutgameInputManager:add_TouchBegin (System.Action`2<single, single>) (at Assets/AreaBattle/Scripts/OutgameInputManager.cs:42)
AreaBattle.EditorTools.OutgameInputManagerValidation/Fixture:.ctor () (at Assets/AreaBattle/Editor/OutgameInputManagerValidation.cs:22)
AreaBattle.EditorTools.OutgameInputManagerValidation/<>c:<Run>b__6_15 () (at Assets/AreaBattle/Editor/OutgameInputManagerValidation.cs:45)
AreaBattle.EditorTools.OutgameInputManagerValidation/<>c__DisplayClass6_0:<Run>b__0 (string,System.Action) (at Assets/AreaBattle/Editor/OutgameInputManagerValidation.cs:30)
AreaBattle.EditorTools.OutgameInputManagerValidation:Run () (at Assets/AreaBattle/Editor/OutgameInputManagerValidation.cs:45)
System.Reflection.RuntimeMethodInfo:Invoke (object,System.Reflection.BindingFlags,System.Reflection.Binder,object[],System.Globalization.CultureInfo)
System.Reflection.MethodBase:Invoke (object,object[])
AreaBattle.EditorTools.BattleBuild:ValidateIntegrated () (at Assets/AreaBattle/Editor/BattleBuild.cs:32)
AreaBattle.EditorTools.BattleBuild:ValidateMechanicsOnly () (at Assets/AreaBattle/Editor/BattleBuild.cs:18)

(Filename: Assets/AreaBattle/Scripts/OutgameInputManager.cs Line: 40)

add touch begin handle:
UnityEngine.Debug:ExtractStackTraceNoAlloc (byte*,int,string)
UnityEngine.StackTraceUtility:ExtractStackTrace () (at /Users/bokken/build/output/unity/unity/Runtime/Export/Scripting/StackTrace.cs:35)
UnityEngine.DebugLogHandler:Internal_Log (UnityEngine.LogType,UnityEngine.LogOption,string,UnityEngine.Object)
UnityEngine.DebugLogHandler:LogFormat (UnityEngine.LogType,UnityEngine.Object,string,object[])
UnityEngine.Logger:Log (UnityEngine.LogType,object)
UnityEngine.Debug:Log (object)
AreaBattle.OutgameInputManager/<>c:<.ctor>b__104_0 (object[]) (at Assets/AreaBattle/Scripts/OutgameInputManager.cs:40)
AreaBattle.OutgameInputManager:add_TouchBegin (System.Action`2<single, single>) (at Assets/AreaBattle/Scripts/OutgameInputManager.cs:42)
AreaBattle.EditorTools.OutgameInputManagerValidation/Fixture:.ctor () (at Assets/AreaBattle/Editor/OutgameInputManagerValidation.cs:22)
AreaBattle.EditorTools.OutgameInputManagerValidation/<>c:<Run>b__6_16 () (at Assets/AreaBattle/Editor/OutgameInputManagerValidation.cs:46)
AreaBattle.EditorTools.OutgameInputManagerValidation/<>c__DisplayClass6_0:<Run>b__0 (string,System.Action) (at Assets/AreaBattle/Editor/OutgameInputManagerValidation.cs:30)
AreaBattle.EditorTools.OutgameInputManagerValidation:Run () (at Assets/AreaBattle/Editor/OutgameInputManagerValidation.cs:46)
System.Reflection.RuntimeMethodInfo:Invoke (object,System.Reflection.BindingFlags,System.Reflection.Binder,object[],System.Globalization.CultureInfo)
System.Reflection.MethodBase:Invoke (object,object[])
AreaBattle.EditorTools.BattleBuild:ValidateIntegrated () (at Assets/AreaBattle/Editor/BattleBuild.cs:32)
AreaBattle.EditorTools.BattleBuild:ValidateMechanicsOnly () (at Assets/AreaBattle/Editor/BattleBuild.cs:18)

(Filename: Assets/AreaBattle/Scripts/OutgameInputManager.cs Line: 40)

add touch begin handle:
UnityEngine.Debug:ExtractStackTraceNoAlloc (byte*,int,string)
UnityEngine.StackTraceUtility:ExtractStackTrace () (at /Users/bokken/build/output/unity/unity/Runtime/Export/Scripting/StackTrace.cs:35)
UnityEngine.DebugLogHandler:Internal_Log (UnityEngine.LogType,UnityEngine.LogOption,string,UnityEngine.Object)
UnityEngine.DebugLogHandler:LogFormat (UnityEngine.LogType,UnityEngine.Object,string,object[])
UnityEngine.Logger:Log (UnityEngine.LogType,object)
UnityEngine.Debug:Log (object)
AreaBattle.OutgameInputManager/<>c:<.ctor>b__104_0 (object[]) (at Assets/AreaBattle/Scripts/OutgameInputManager.cs:40)
AreaBattle.OutgameInputManager:add_TouchBegin (System.Action`2<single, single>) (at Assets/AreaBattle/Scripts/OutgameInputManager.cs:42)
AreaBattle.EditorTools.OutgameInputManagerValidation/Fixture:.ctor () (at Assets/AreaBattle/Editor/OutgameInputManagerValidation.cs:22)
AreaBattle.EditorTools.OutgameInputManagerValidation/<>c:<Run>b__6_17 () (at Assets/AreaBattle/Editor/OutgameInputManagerValidation.cs:47)
AreaBattle.EditorTools.OutgameInputManagerValidation/<>c__DisplayClass6_0:<Run>b__0 (string,System.Action) (at Assets/AreaBattle/Editor/OutgameInputManagerValidation.cs:30)
AreaBattle.EditorTools.OutgameInputManagerValidation:Run () (at Assets/AreaBattle/Editor/OutgameInputManagerValidation.cs:47)
System.Reflection.RuntimeMethodInfo:Invoke (object,System.Reflection.BindingFlags,System.Reflection.Binder,object[],System.Globalization.CultureInfo)
System.Reflection.MethodBase:Invoke (object,object[])
AreaBattle.EditorTools.BattleBuild:ValidateIntegrated () (at Assets/AreaBattle/Editor/BattleBuild.cs:32)
AreaBattle.EditorTools.BattleBuild:ValidateMechanicsOnly () (at Assets/AreaBattle/Editor/BattleBuild.cs:18)

(Filename: Assets/AreaBattle/Scripts/OutgameInputManager.cs Line: 40)

add touch begin handle:
UnityEngine.Debug:ExtractStackTraceNoAlloc (byte*,int,string)
UnityEngine.StackTraceUtility:ExtractStackTrace () (at /Users/bokken/build/output/unity/unity/Runtime/Export/Scripting/StackTrace.cs:35)
UnityEngine.DebugLogHandler:Internal_Log (UnityEngine.LogType,UnityEngine.LogOption,string,UnityEngine.Object)
UnityEngine.DebugLogHandler:LogFormat (UnityEngine.LogType,UnityEngine.Object,string,object[])
UnityEngine.Logger:Log (UnityEngine.LogType,object)
UnityEngine.Debug:Log (object)
AreaBattle.OutgameInputManager/<>c:<.ctor>b__104_0 (object[]) (at Assets/AreaBattle/Scripts/OutgameInputManager.cs:40)
AreaBattle.OutgameInputManager:add_TouchBegin (System.Action`2<single, single>) (at Assets/AreaBattle/Scripts/OutgameInputManager.cs:42)
AreaBattle.EditorTools.OutgameInputManagerValidation/Fixture:.ctor () (at Assets/AreaBattle/Editor/OutgameInputManagerValidation.cs:22)
AreaBattle.EditorTools.OutgameInputManagerValidation/<>c:<Run>b__6_18 () (at Assets/AreaBattle/Editor/OutgameInputManagerValidation.cs:48)
AreaBattle.EditorTools.OutgameInputManagerValidation/<>c__DisplayClass6_0:<Run>b__0 (string,System.Action) (at Assets/AreaBattle/Editor/OutgameInputManagerValidation.cs:30)
AreaBattle.EditorTools.OutgameInputManagerValidation:Run () (at Assets/AreaBattle/Editor/OutgameInputManagerValidation.cs:48)
System.Reflection.RuntimeMethodInfo:Invoke (object,System.Reflection.BindingFlags,System.Reflection.Binder,object[],System.Globalization.CultureInfo)
System.Reflection.MethodBase:Invoke (object,object[])
AreaBattle.EditorTools.BattleBuild:ValidateIntegrated () (at Assets/AreaBattle/Editor/BattleBuild.cs:32)
AreaBattle.EditorTools.BattleBuild:ValidateMechanicsOnly () (at Assets/AreaBattle/Editor/BattleBuild.cs:18)

(Filename: Assets/AreaBattle/Scripts/OutgameInputManager.cs Line: 40)

add touch begin handle:
UnityEngine.Debug:ExtractStackTraceNoAlloc (byte*,int,string)
UnityEngine.StackTraceUtility:ExtractStackTrace () (at /Users/bokken/build/output/unity/unity/Runtime/Export/Scripting/StackTrace.cs:35)
UnityEngine.DebugLogHandler:Internal_Log (UnityEngine.LogType,UnityEngine.LogOption,string,UnityEngine.Object)
UnityEngine.DebugLogHandler:LogFormat (UnityEngine.LogType,UnityEngine.Object,string,object[])
UnityEngine.Logger:Log (UnityEngine.LogType,object)
UnityEngine.Debug:Log (object)
AreaBattle.OutgameInputManager/<>c:<.ctor>b__104_0 (object[]) (at Assets/AreaBattle/Scripts/OutgameInputManager.cs:40)
AreaBattle.OutgameInputManager:add_TouchBegin (System.Action`2<single, single>) (at Assets/AreaBattle/Scripts/OutgameInputManager.cs:42)
AreaBattle.EditorTools.OutgameInputManagerValidation/Fixture:.ctor () (at Assets/AreaBattle/Editor/OutgameInputManagerValidation.cs:22)
AreaBattle.EditorTools.OutgameInputManagerValidation/<>c:<Run>b__6_19 () (at Assets/AreaBattle/Editor/OutgameInputManagerValidation.cs:49)
AreaBattle.EditorTools.OutgameInputManagerValidation/<>c__DisplayClass6_0:<Run>b__0 (string,System.Action) (at Assets/AreaBattle/Editor/OutgameInputManagerValidation.cs:30)
AreaBattle.EditorTools.OutgameInputManagerValidation:Run () (at Assets/AreaBattle/Editor/OutgameInputManagerValidation.cs:49)
System.Reflection.RuntimeMethodInfo:Invoke (object,System.Reflection.BindingFlags,System.Reflection.Binder,object[],System.Globalization.CultureInfo)
System.Reflection.MethodBase:Invoke (object,object[])
AreaBattle.EditorTools.BattleBuild:ValidateIntegrated () (at Assets/AreaBattle/Editor/BattleBuild.cs:32)
AreaBattle.EditorTools.BattleBuild:ValidateMechanicsOnly () (at Assets/AreaBattle/Editor/BattleBuild.cs:18)

(Filename: Assets/AreaBattle/Scripts/OutgameInputManager.cs Line: 40)

target[page (UnityEngine.GameObject)]找到了CanvasGroup，优先使用CanvasGroup控制UI渐隐
UnityEngine.Debug:ExtractStackTraceNoAlloc (byte*,int,string)
UnityEngine.StackTraceUtility:ExtractStackTrace () (at /Users/bokken/build/output/unity/unity/Runtime/Export/Scripting/StackTrace.cs:35)
UnityEngine.DebugLogHandler:Internal_Log (UnityEngine.LogType,UnityEngine.LogOption,string,UnityEngine.Object)
UnityEngine.DebugLogHandler:LogFormat (UnityEngine.LogType,UnityEngine.Object,string,object[])
UnityEngine.Logger:Log (UnityEngine.LogType,object)
UnityEngine.Debug:Log (object)
AreaBattle.OutgameUiAnimation/<ObjectAnim>d__10:MoveNext () (at Assets/AreaBattle/Scripts/OutgameUiAnimation.cs:41)
AreaBattle.EditorTools.OutgameLoginSyncValidation/<>c:<Run>b__53_84 () (at Assets/AreaBattle/Editor/OutgameLoginSyncValidation.cs:1479)
AreaBattle.EditorTools.OutgameLoginSyncValidation/<>c__DisplayClass53_0:<Run>b__0 (string,System.Action) (at Assets/AreaBattle/Editor/OutgameLoginSyncValidation.cs:527)
AreaBattle.EditorTools.OutgameLoginSyncValidation:Run () (at Assets/AreaBattle/Editor/OutgameLoginSyncValidation.cs:1471)
System.Reflection.RuntimeMethodInfo:Invoke (object,System.Reflection.BindingFlags,System.Reflection.Binder,object[],System.Globalization.CultureInfo)
System.Reflection.MethodBase:Invoke (object,object[])
AreaBattle.EditorTools.BattleBuild:ValidateIntegrated () (at Assets/AreaBattle/Editor/BattleBuild.cs:32)
AreaBattle.EditorTools.BattleBuild:ValidateMechanicsOnly () (at Assets/AreaBattle/Editor/BattleBuild.cs:18)

(Filename: Assets/AreaBattle/Scripts/OutgameUiAnimation.cs Line: 41)

Curl error 35: Cert verify failed. Certificate could not be verified (either omitted or unsupported). UnityTls error code: 7
Instantiating material due to calling renderer.material during edit mode. This will leak materials into the scene. You most likely want to use renderer.sharedMaterial instead.
UnityEngine.Debug:ExtractStackTraceNoAlloc (byte*,int,string)
UnityEngine.StackTraceUtility:ExtractStackTrace () (at /Users/bokken/build/output/unity/unity/Runtime/Export/Scripting/StackTrace.cs:35)
UnityEngine.Renderer:GetMaterial ()
UnityEngine.Renderer:get_material () (at /Users/bokken/build/output/unity/unity/Runtime/Export/Graphics/GraphicsRenderers.bindings.cs:180)
AreaBattle.RecoveredWayLineVisual:Initialize () (at Assets/AreaBattle/Scripts/RecoveredWayLineVisual.cs:33)
AreaBattle.RecoveredWayLineVisual:SetLine (UnityEngine.Vector3,UnityEngine.Vector3,UnityEngine.Color,UnityEngine.Color,bool,bool,single) (at Assets/AreaBattle/Scripts/RecoveredWayLineVisual.cs:56)
AreaBattle.RecoveredWayLineVisual:Synchronize (AreaBattle.LineState,AreaBattle.TowerState,AreaBattle.TowerState,UnityEngine.Color,UnityEngine.Color,single) (at Assets/AreaBattle/Scripts/RecoveredWayLineVisual.cs:46)
AreaBattle.RecoveredWayLineVisual:Synchronize (AreaBattle.LineState,AreaBattle.TowerState,AreaBattle.TowerState,single) (at Assets/AreaBattle/Scripts/RecoveredWayLineVisual.cs:21)
AreaBattle.BattleView:RefreshPresentation () (at Assets/AreaBattle/Scripts/BattleView.cs:566)
AreaBattle.BattleView:AdvanceFrame (single,single) (at Assets/AreaBattle/Scripts/BattleView.cs:374)
AreaBattle.EditorTools.OriginalVideoValidation/<>c:<Run>b__6_7 () (at Assets/AreaBattle/Editor/OriginalVideoValidation.cs:116)
AreaBattle.EditorTools.OriginalVideoValidation/<>c__DisplayClass6_0:<Run>b__0 (string,System.Action) (at Assets/AreaBattle/Editor/OriginalVideoValidation.cs:35)
AreaBattle.EditorTools.OriginalVideoValidation:Run () (at Assets/AreaBattle/Editor/OriginalVideoValidation.cs:107)
System.Reflection.RuntimeMethodInfo:Invoke (object,System.Reflection.BindingFlags,System.Reflection.Binder,object[],System.Globalization.CultureInfo)
System.Reflection.MethodBase:Invoke (object,object[])
AreaBattle.EditorTools.BattleBuild:ValidateIntegrated () (at Assets/AreaBattle/Editor/BattleBuild.cs:32)
AreaBattle.EditorTools.BattleBuild:ValidateMechanicsOnly () (at Assets/AreaBattle/Editor/BattleBuild.cs:18)

[Assets/AreaBattle/Scripts/RecoveredWayLineVisual.cs line 21]

Instantiating material due to calling renderer.material during edit mode. This will leak materials into the scene. You most likely want to use renderer.sharedMaterial instead.
UnityEngine.Debug:ExtractStackTraceNoAlloc (byte*,int,string)
UnityEngine.StackTraceUtility:ExtractStackTrace () (at /Users/bokken/build/output/unity/unity/Runtime/Export/Scripting/StackTrace.cs:35)
UnityEngine.Renderer:GetMaterial ()
UnityEngine.Renderer:get_material () (at /Users/bokken/build/output/unity/unity/Runtime/Export/Graphics/GraphicsRenderers.bindings.cs:180)
AreaBattle.RecoveredWayLineVisual:Initialize () (at Assets/AreaBattle/Scripts/RecoveredWayLineVisual.cs:33)
AreaBattle.RecoveredWayLineVisual:SetLine (UnityEngine.Vector3,UnityEngine.Vector3,UnityEngine.Color,UnityEngine.Color,bool,bool,single) (at Assets/AreaBattle/Scripts/RecoveredWayLineVisual.cs:56)
AreaBattle.RecoveredWayLineVisual:Synchronize (AreaBattle.LineState,AreaBattle.TowerState,AreaBattle.TowerState,UnityEngine.Color,UnityEngine.Color,single) (at Assets/AreaBattle/Scripts/RecoveredWayLineVisual.cs:46)
AreaBattle.RecoveredWayLineVisual:Synchronize (AreaBattle.LineState,AreaBattle.TowerState,AreaBattle.TowerState,single) (at Assets/AreaBattle/Scripts/RecoveredWayLineVisual.cs:21)
AreaBattle.BattleView:RefreshPresentation () (at Assets/AreaBattle/Scripts/BattleView.cs:566)
AreaBattle.BattleView:AdvanceFrame (single,single) (at Assets/AreaBattle/Scripts/BattleView.cs:374)
AreaBattle.EditorTools.OriginalVideoValidation/<>c:<Run>b__6_7 () (at Assets/AreaBattle/Editor/OriginalVideoValidation.cs:116)
AreaBattle.EditorTools.OriginalVideoValidation/<>c__DisplayClass6_0:<Run>b__0 (string,System.Action) (at Assets/AreaBattle/Editor/OriginalVideoValidation.cs:35)
AreaBattle.EditorTools.OriginalVideoValidation:Run () (at Assets/AreaBattle/Editor/OriginalVideoValidation.cs:107)
System.Reflection.RuntimeMethodInfo:Invoke (object,System.Reflection.BindingFlags,System.Reflection.Binder,object[],System.Globalization.CultureInfo)
System.Reflection.MethodBase:Invoke (object,object[])
AreaBattle.EditorTools.BattleBuild:ValidateIntegrated () (at Assets/AreaBattle/Editor/BattleBuild.cs:32)
AreaBattle.EditorTools.BattleBuild:ValidateMechanicsOnly () (at Assets/AreaBattle/Editor/BattleBuild.cs:18)

[Assets/AreaBattle/Scripts/RecoveredWayLineVisual.cs line 21]

Instantiating material due to calling renderer.material during edit mode. This will leak materials into the scene. You most likely want to use renderer.sharedMaterial instead.
UnityEngine.Debug:ExtractStackTraceNoAlloc (byte*,int,string)
UnityEngine.StackTraceUtility:ExtractStackTrace () (at /Users/bokken/build/output/unity/unity/Runtime/Export/Scripting/StackTrace.cs:35)
UnityEngine.Renderer:GetMaterial ()
UnityEngine.Renderer:get_material () (at /Users/bokken/build/output/unity/unity/Runtime/Export/Graphics/GraphicsRenderers.bindings.cs:180)
AreaBattle.RecoveredWayLineVisual:Initialize () (at Assets/AreaBattle/Scripts/RecoveredWayLineVisual.cs:33)
AreaBattle.RecoveredWayLineVisual:SetLine (UnityEngine.Vector3,UnityEngine.Vector3,UnityEngine.Color,UnityEngine.Color,bool,bool,single) (at Assets/AreaBattle/Scripts/RecoveredWayLineVisual.cs:56)
AreaBattle.RecoveredWayLineVisual:Synchronize (AreaBattle.LineState,AreaBattle.TowerState,AreaBattle.TowerState,UnityEngine.Color,UnityEngine.Color,single) (at Assets/AreaBattle/Scripts/RecoveredWayLineVisual.cs:46)
AreaBattle.RecoveredWayLineVisual:Synchronize (AreaBattle.LineState,AreaBattle.TowerState,AreaBattle.TowerState,single) (at Assets/AreaBattle/Scripts/RecoveredWayLineVisual.cs:21)
AreaBattle.BattleView:RefreshPresentation () (at Assets/AreaBattle/Scripts/BattleView.cs:566)
AreaBattle.BattleView:AdvanceFrame (single,single) (at Assets/AreaBattle/Scripts/BattleView.cs:374)
AreaBattle.EditorTools.OriginalVideoValidation/<>c:<Run>b__6_7 () (at Assets/AreaBattle/Editor/OriginalVideoValidation.cs:116)
AreaBattle.EditorTools.OriginalVideoValidation/<>c__DisplayClass6_0:<Run>b__0 (string,System.Action) (at Assets/AreaBattle/Editor/OriginalVideoValidation.cs:35)
AreaBattle.EditorTools.OriginalVideoValidation:Run () (at Assets/AreaBattle/Editor/OriginalVideoValidation.cs:107)
System.Reflection.RuntimeMethodInfo:Invoke (object,System.Reflection.BindingFlags,System.Reflection.Binder,object[],System.Globalization.CultureInfo)
System.Reflection.MethodBase:Invoke (object,object[])
AreaBattle.EditorTools.BattleBuild:ValidateIntegrated () (at Assets/AreaBattle/Editor/BattleBuild.cs:32)
AreaBattle.EditorTools.BattleBuild:ValidateMechanicsOnly () (at Assets/AreaBattle/Editor/BattleBuild.cs:18)

[Assets/AreaBattle/Scripts/RecoveredWayLineVisual.cs line 21]

Instantiating material due to calling renderer.material during edit mode. This will leak materials into the scene. You most likely want to use renderer.sharedMaterial instead.
UnityEngine.Debug:ExtractStackTraceNoAlloc (byte*,int,string)
UnityEngine.StackTraceUtility:ExtractStackTrace () (at /Users/bokken/build/output/unity/unity/Runtime/Export/Scripting/StackTrace.cs:35)
UnityEngine.Renderer:GetMaterial ()
UnityEngine.Renderer:get_material () (at /Users/bokken/build/output/unity/unity/Runtime/Export/Graphics/GraphicsRenderers.bindings.cs:180)
AreaBattle.RecoveredWayLineVisual:Initialize () (at Assets/AreaBattle/Scripts/RecoveredWayLineVisual.cs:33)
AreaBattle.RecoveredWayLineVisual:SetLine (UnityEngine.Vector3,UnityEngine.Vector3,UnityEngine.Color,UnityEngine.Color,bool,bool,single) (at Assets/AreaBattle/Scripts/RecoveredWayLineVisual.cs:56)
AreaBattle.RecoveredWayLineVisual:Synchronize (AreaBattle.LineState,AreaBattle.TowerState,AreaBattle.TowerState,UnityEngine.Color,UnityEngine.Color,single) (at Assets/AreaBattle/Scripts/RecoveredWayLineVisual.cs:46)
AreaBattle.RecoveredWayLineVisual:Synchronize (AreaBattle.LineState,AreaBattle.TowerState,AreaBattle.TowerState,single) (at Assets/AreaBattle/Scripts/RecoveredWayLineVisual.cs:21)
AreaBattle.BattleView:RefreshPresentation () (at Assets/AreaBattle/Scripts/BattleView.cs:566)
AreaBattle.BattleView:AdvanceFrame (single,single) (at Assets/AreaBattle/Scripts/BattleView.cs:374)
AreaBattle.EditorTools.OriginalVideoValidation/<>c:<Run>b__6_7 () (at Assets/AreaBattle/Editor/OriginalVideoValidation.cs:116)
AreaBattle.EditorTools.OriginalVideoValidation/<>c__DisplayClass6_0:<Run>b__0 (string,System.Action) (at Assets/AreaBattle/Editor/OriginalVideoValidation.cs:35)
AreaBattle.EditorTools.OriginalVideoValidation:Run () (at Assets/AreaBattle/Editor/OriginalVideoValidation.cs:107)
System.Reflection.RuntimeMethodInfo:Invoke (object,System.Reflection.BindingFlags,System.Reflection.Binder,object[],System.Globalization.CultureInfo)
System.Reflection.MethodBase:Invoke (object,object[])
AreaBattle.EditorTools.BattleBuild:ValidateIntegrated () (at Assets/AreaBattle/Editor/BattleBuild.cs:32)
AreaBattle.EditorTools.BattleBuild:ValidateMechanicsOnly () (at Assets/AreaBattle/Editor/BattleBuild.cs:18)

[Assets/AreaBattle/Scripts/RecoveredWayLineVisual.cs line 21]

AREABATTLE_GUIDE_VALIDATION_PASS 17
UnityEngine.Debug:ExtractStackTraceNoAlloc (byte*,int,string)
UnityEngine.StackTraceUtility:ExtractStackTrace () (at /Users/bokken/build/output/unity/unity/Runtime/Export/Scripting/StackTrace.cs:35)
UnityEngine.DebugLogHandler:Internal_Log (UnityEngine.LogType,UnityEngine.LogOption,string,UnityEngine.Object)
UnityEngine.DebugLogHandler:LogFormat (UnityEngine.LogType,UnityEngine.Object,string,object[])
UnityEngine.Logger:Log (UnityEngine.LogType,object)
UnityEngine.Debug:Log (object)
AreaBattle.EditorTools.GuideValidation:Run () (at Assets/AreaBattle/Editor/GuideValidation.cs:253)
System.Reflection.RuntimeMethodInfo:Invoke (object,System.Reflection.BindingFlags,System.Reflection.Binder,object[],System.Globalization.CultureInfo)
System.Reflection.MethodBase:Invoke (object,object[])
AreaBattle.EditorTools.BattleBuild:ValidateIntegrated () (at Assets/AreaBattle/Editor/BattleBuild.cs:32)
AreaBattle.EditorTools.BattleBuild:ValidateMechanicsOnly () (at Assets/AreaBattle/Editor/BattleBuild.cs:18)

(Filename: Assets/AreaBattle/Editor/GuideValidation.cs Line: 253)

Instantiating material due to calling renderer.material during edit mode. This will leak materials into the scene. You most likely want to use renderer.sharedMaterial instead.
UnityEngine.Debug:ExtractStackTraceNoAlloc (byte*,int,string)
UnityEngine.StackTraceUtility:ExtractStackTrace () (at /Users/bokken/build/output/unity/unity/Runtime/Export/Scripting/StackTrace.cs:35)
UnityEngine.Renderer:GetMaterial ()
UnityEngine.Renderer:get_material () (at /Users/bokken/build/output/unity/unity/Runtime/Export/Graphics/GraphicsRenderers.bindings.cs:180)
AreaBattle.RecoveredWayLineVisual:Initialize () (at Assets/AreaBattle/Scripts/RecoveredWayLineVisual.cs:33)
AreaBattle.RecoveredWayLineVisual:SetLine (UnityEngine.Vector3,UnityEngine.Vector3,UnityEngine.Color,UnityEngine.Color,bool,bool,single) (at Assets/AreaBattle/Scripts/RecoveredWayLineVisual.cs:56)
AreaBattle.RecoveredWayLineVisual:Synchronize (AreaBattle.LineState,AreaBattle.TowerState,AreaBattle.TowerState,UnityEngine.Color,UnityEngine.Color,single) (at Assets/AreaBattle/Scripts/RecoveredWayLineVisual.cs:46)
AreaBattle.RecoveredWayLineVisual:Synchronize (AreaBattle.LineState,AreaBattle.TowerState,AreaBattle.TowerState,single) (at Assets/AreaBattle/Scripts/RecoveredWayLineVisual.cs:21)
AreaBattle.BattleView:RefreshPresentation () (at Assets/AreaBattle/Scripts/BattleView.cs:566)
AreaBattle.BattleView:AdvanceFrame (single,single) (at Assets/AreaBattle/Scripts/BattleView.cs:374)
AreaBattle.EditorTools.SkillInputValidation/<>c__DisplayClass1_3:<Run>b__19 () (at Assets/AreaBattle/Editor/SkillInputValidation.cs:177)
AreaBattle.EditorTools.SkillInputValidation/<>c__DisplayClass1_0:<Run>b__0 (string,System.Action) (at Assets/AreaBattle/Editor/SkillInputValidation.cs:18)
AreaBattle.EditorTools.SkillInputValidation:Run () (at Assets/AreaBattle/Editor/SkillInputValidation.cs:152)
System.Reflection.RuntimeMethodInfo:Invoke (object,System.Reflection.BindingFlags,System.Reflection.Binder,object[],System.Globalization.CultureInfo)
System.Reflection.MethodBase:Invoke (object,object[])
AreaBattle.EditorTools.BattleBuild:ValidateIntegrated () (at Assets/AreaBattle/Editor/BattleBuild.cs:32)
AreaBattle.EditorTools.BattleBuild:ValidateMechanicsOnly () (at Assets/AreaBattle/Editor/BattleBuild.cs:18)

[Assets/AreaBattle/Scripts/RecoveredWayLineVisual.cs line 21]

Instantiating material due to calling renderer.material during edit mode. This will leak materials into the scene. You most likely want to use renderer.sharedMaterial instead.
UnityEngine.Debug:ExtractStackTraceNoAlloc (byte*,int,string)
UnityEngine.StackTraceUtility:ExtractStackTrace () (at /Users/bokken/build/output/unity/unity/Runtime/Export/Scripting/StackTrace.cs:35)
UnityEngine.Renderer:GetMaterial ()
UnityEngine.Renderer:get_material () (at /Users/bokken/build/output/unity/unity/Runtime/Export/Graphics/GraphicsRenderers.bindings.cs:180)
AreaBattle.RecoveredWayLineVisual:Initialize () (at Assets/AreaBattle/Scripts/RecoveredWayLineVisual.cs:33)
AreaBattle.RecoveredWayLineVisual:SetLine (UnityEngine.Vector3,UnityEngine.Vector3,UnityEngine.Color,UnityEngine.Color,bool,bool,single) (at Assets/AreaBattle/Scripts/RecoveredWayLineVisual.cs:56)
AreaBattle.RecoveredWayLineVisual:Synchronize (AreaBattle.LineState,AreaBattle.TowerState,AreaBattle.TowerState,UnityEngine.Color,UnityEngine.Color,single) (at Assets/AreaBattle/Scripts/RecoveredWayLineVisual.cs:46)
AreaBattle.RecoveredWayLineVisual:Synchronize (AreaBattle.LineState,AreaBattle.TowerState,AreaBattle.TowerState,single) (at Assets/AreaBattle/Scripts/RecoveredWayLineVisual.cs:21)
AreaBattle.BattleView:RefreshPresentation () (at Assets/AreaBattle/Scripts/BattleView.cs:566)
AreaBattle.BattleView:AdvanceFrame (single,single) (at Assets/AreaBattle/Scripts/BattleView.cs:374)
AreaBattle.EditorTools.SkillInputValidation/<>c__DisplayClass1_3:<Run>b__19 () (at Assets/AreaBattle/Editor/SkillInputValidation.cs:177)
AreaBattle.EditorTools.SkillInputValidation/<>c__DisplayClass1_0:<Run>b__0 (string,System.Action) (at Assets/AreaBattle/Editor/SkillInputValidation.cs:18)
AreaBattle.EditorTools.SkillInputValidation:Run () (at Assets/AreaBattle/Editor/SkillInputValidation.cs:152)
System.Reflection.RuntimeMethodInfo:Invoke (object,System.Reflection.BindingFlags,System.Reflection.Binder,object[],System.Globalization.CultureInfo)
System.Reflection.MethodBase:Invoke (object,object[])
AreaBattle.EditorTools.BattleBuild:ValidateIntegrated () (at Assets/AreaBattle/Editor/BattleBuild.cs:32)
AreaBattle.EditorTools.BattleBuild:ValidateMechanicsOnly () (at Assets/AreaBattle/Editor/BattleBuild.cs:18)

[Assets/AreaBattle/Scripts/RecoveredWayLineVisual.cs line 21]

Instantiating material due to calling renderer.material during edit mode. This will leak materials into the scene. You most likely want to use renderer.sharedMaterial instead.
UnityEngine.Debug:ExtractStackTraceNoAlloc (byte*,int,string)
UnityEngine.StackTraceUtility:ExtractStackTrace () (at /Users/bokken/build/output/unity/unity/Runtime/Export/Scripting/StackTrace.cs:35)
UnityEngine.Renderer:GetMaterial ()
UnityEngine.Renderer:get_material () (at /Users/bokken/build/output/unity/unity/Runtime/Export/Graphics/GraphicsRenderers.bindings.cs:180)
AreaBattle.RecoveredWayLineVisual:Initialize () (at Assets/AreaBattle/Scripts/RecoveredWayLineVisual.cs:33)
AreaBattle.RecoveredWayLineVisual:SetLine (UnityEngine.Vector3,UnityEngine.Vector3,UnityEngine.Color,UnityEngine.Color,bool,bool,single) (at Assets/AreaBattle/Scripts/RecoveredWayLineVisual.cs:56)
AreaBattle.RecoveredWayLineVisual:Synchronize (AreaBattle.LineState,AreaBattle.TowerState,AreaBattle.TowerState,UnityEngine.Color,UnityEngine.Color,single) (at Assets/AreaBattle/Scripts/RecoveredWayLineVisual.cs:46)
AreaBattle.RecoveredWayLineVisual:Synchronize (AreaBattle.LineState,AreaBattle.TowerState,AreaBattle.TowerState,single) (at Assets/AreaBattle/Scripts/RecoveredWayLineVisual.cs:21)
AreaBattle.BattleView:RefreshPresentation () (at Assets/AreaBattle/Scripts/BattleView.cs:566)
AreaBattle.BattleView:AdvanceFrame (single,single) (at Assets/AreaBattle/Scripts/BattleView.cs:374)
AreaBattle.EditorTools.SkillInputValidation/<>c__DisplayClass1_3:<Run>b__19 () (at Assets/AreaBattle/Editor/SkillInputValidation.cs:177)
AreaBattle.EditorTools.SkillInputValidation/<>c__DisplayClass1_0:<Run>b__0 (string,System.Action) (at Assets/AreaBattle/Editor/SkillInputValidation.cs:18)
AreaBattle.EditorTools.SkillInputValidation:Run () (at Assets/AreaBattle/Editor/SkillInputValidation.cs:152)
System.Reflection.RuntimeMethodInfo:Invoke (object,System.Reflection.BindingFlags,System.Reflection.Binder,object[],System.Globalization.CultureInfo)
System.Reflection.MethodBase:Invoke (object,object[])
AreaBattle.EditorTools.BattleBuild:ValidateIntegrated () (at Assets/AreaBattle/Editor/BattleBuild.cs:32)
AreaBattle.EditorTools.BattleBuild:ValidateMechanicsOnly () (at Assets/AreaBattle/Editor/BattleBuild.cs:18)

[Assets/AreaBattle/Scripts/RecoveredWayLineVisual.cs line 21]

Instantiating material due to calling renderer.material during edit mode. This will leak materials into the scene. You most likely want to use renderer.sharedMaterial instead.
UnityEngine.Debug:ExtractStackTraceNoAlloc (byte*,int,string)
UnityEngine.StackTraceUtility:ExtractStackTrace () (at /Users/bokken/build/output/unity/unity/Runtime/Export/Scripting/StackTrace.cs:35)
UnityEngine.Renderer:GetMaterial ()
UnityEngine.Renderer:get_material () (at /Users/bokken/build/output/unity/unity/Runtime/Export/Graphics/GraphicsRenderers.bindings.cs:180)
AreaBattle.RecoveredWayLineVisual:Initialize () (at Assets/AreaBattle/Scripts/RecoveredWayLineVisual.cs:33)
AreaBattle.RecoveredWayLineVisual:SetLine (UnityEngine.Vector3,UnityEngine.Vector3,UnityEngine.Color,UnityEngine.Color,bool,bool,single) (at Assets/AreaBattle/Scripts/RecoveredWayLineVisual.cs:56)
AreaBattle.RecoveredWayLineVisual:Synchronize (AreaBattle.LineState,AreaBattle.TowerState,AreaBattle.TowerState,UnityEngine.Color,UnityEngine.Color,single) (at Assets/AreaBattle/Scripts/RecoveredWayLineVisual.cs:46)
AreaBattle.RecoveredWayLineVisual:Synchronize (AreaBattle.LineState,AreaBattle.TowerState,AreaBattle.TowerState,single) (at Assets/AreaBattle/Scripts/RecoveredWayLineVisual.cs:21)
AreaBattle.BattleView:RefreshPresentation () (at Assets/AreaBattle/Scripts/BattleView.cs:566)
AreaBattle.BattleView:AdvanceFrame (single,single) (at Assets/AreaBattle/Scripts/BattleView.cs:374)
AreaBattle.EditorTools.SkillInputValidation/<>c__DisplayClass1_3:<Run>b__19 () (at Assets/AreaBattle/Editor/SkillInputValidation.cs:177)
AreaBattle.EditorTools.SkillInputValidation/<>c__DisplayClass1_0:<Run>b__0 (string,System.Action) (at Assets/AreaBattle/Editor/SkillInputValidation.cs:18)
AreaBattle.EditorTools.SkillInputValidation:Run () (at Assets/AreaBattle/Editor/SkillInputValidation.cs:152)
System.Reflection.RuntimeMethodInfo:Invoke (object,System.Reflection.BindingFlags,System.Reflection.Binder,object[],System.Globalization.CultureInfo)
System.Reflection.MethodBase:Invoke (object,object[])
AreaBattle.EditorTools.BattleBuild:ValidateIntegrated () (at Assets/AreaBattle/Editor/BattleBuild.cs:32)
AreaBattle.EditorTools.BattleBuild:ValidateMechanicsOnly () (at Assets/AreaBattle/Editor/BattleBuild.cs:18)

[Assets/AreaBattle/Scripts/RecoveredWayLineVisual.cs line 21]

Instantiating material due to calling renderer.material during edit mode. This will leak materials into the scene. You most likely want to use renderer.sharedMaterial instead.
UnityEngine.Debug:ExtractStackTraceNoAlloc (byte*,int,string)
UnityEngine.StackTraceUtility:ExtractStackTrace () (at /Users/bokken/build/output/unity/unity/Runtime/Export/Scripting/StackTrace.cs:35)
UnityEngine.Renderer:GetMaterial ()
UnityEngine.Renderer:get_material () (at /Users/bokken/build/output/unity/unity/Runtime/Export/Graphics/GraphicsRenderers.bindings.cs:180)
AreaBattle.RecoveredWayLineVisual:Initialize () (at Assets/AreaBattle/Scripts/RecoveredWayLineVisual.cs:33)
AreaBattle.RecoveredWayLineVisual:SetLine (UnityEngine.Vector3,UnityEngine.Vector3,UnityEngine.Color,UnityEngine.Color,bool,bool,single) (at Assets/AreaBattle/Scripts/RecoveredWayLineVisual.cs:56)
AreaBattle.RecoveredWayLineVisual:Synchronize (AreaBattle.LineState,AreaBattle.TowerState,AreaBattle.TowerState,UnityEngine.Color,UnityEngine.Color,single) (at Assets/AreaBattle/Scripts/RecoveredWayLineVisual.cs:46)
AreaBattle.RecoveredWayLineVisual:Synchronize (AreaBattle.LineState,AreaBattle.TowerState,AreaBattle.TowerState,single) (at Assets/AreaBattle/Scripts/RecoveredWayLineVisual.cs:21)
AreaBattle.BattleView:RefreshPresentation () (at Assets/AreaBattle/Scripts/BattleView.cs:566)
AreaBattle.BattleView:AdvanceFrame (single,single) (at Assets/AreaBattle/Scripts/BattleView.cs:374)
AreaBattle.EditorTools.SkillInputValidation/<>c__DisplayClass1_3:<Run>b__19 () (at Assets/AreaBattle/Editor/SkillInputValidation.cs:177)
AreaBattle.EditorTools.SkillInputValidation/<>c__DisplayClass1_0:<Run>b__0 (string,System.Action) (at Assets/AreaBattle/Editor/SkillInputValidation.cs:18)
AreaBattle.EditorTools.SkillInputValidation:Run () (at Assets/AreaBattle/Editor/SkillInputValidation.cs:152)
System.Reflection.RuntimeMethodInfo:Invoke (object,System.Reflection.BindingFlags,System.Reflection.Binder,object[],System.Globalization.CultureInfo)
System.Reflection.MethodBase:Invoke (object,object[])
AreaBattle.EditorTools.BattleBuild:ValidateIntegrated () (at Assets/AreaBattle/Editor/BattleBuild.cs:32)
AreaBattle.EditorTools.BattleBuild:ValidateMechanicsOnly () (at Assets/AreaBattle/Editor/BattleBuild.cs:18)

[Assets/AreaBattle/Scripts/RecoveredWayLineVisual.cs line 21]

Instantiating material due to calling renderer.material during edit mode. This will leak materials into the scene. You most likely want to use renderer.sharedMaterial instead.
UnityEngine.Debug:ExtractStackTraceNoAlloc (byte*,int,string)
UnityEngine.StackTraceUtility:ExtractStackTrace () (at /Users/bokken/build/output/unity/unity/Runtime/Export/Scripting/StackTrace.cs:35)
UnityEngine.Renderer:GetMaterial ()
UnityEngine.Renderer:get_material () (at /Users/bokken/build/output/unity/unity/Runtime/Export/Graphics/GraphicsRenderers.bindings.cs:180)
AreaBattle.RecoveredWayLineVisual:Initialize () (at Assets/AreaBattle/Scripts/RecoveredWayLineVisual.cs:33)
AreaBattle.RecoveredWayLineVisual:SetLine (UnityEngine.Vector3,UnityEngine.Vector3,UnityEngine.Color,UnityEngine.Color,bool,bool,single) (at Assets/AreaBattle/Scripts/RecoveredWayLineVisual.cs:56)
AreaBattle.RecoveredWayLineVisual:Synchronize (AreaBattle.LineState,AreaBattle.TowerState,AreaBattle.TowerState,UnityEngine.Color,UnityEngine.Color,single) (at Assets/AreaBattle/Scripts/RecoveredWayLineVisual.cs:46)
AreaBattle.RecoveredWayLineVisual:Synchronize (AreaBattle.LineState,AreaBattle.TowerState,AreaBattle.TowerState,single) (at Assets/AreaBattle/Scripts/RecoveredWayLineVisual.cs:21)
AreaBattle.BattleView:RefreshPresentation () (at Assets/AreaBattle/Scripts/BattleView.cs:566)
AreaBattle.BattleView:AdvanceFrame (single,single) (at Assets/AreaBattle/Scripts/BattleView.cs:374)
AreaBattle.EditorTools.SkillInputValidation/<>c__DisplayClass1_3:<Run>b__19 () (at Assets/AreaBattle/Editor/SkillInputValidation.cs:177)
AreaBattle.EditorTools.SkillInputValidation/<>c__DisplayClass1_0:<Run>b__0 (string,System.Action) (at Assets/AreaBattle/Editor/SkillInputValidation.cs:18)
AreaBattle.EditorTools.SkillInputValidation:Run () (at Assets/AreaBattle/Editor/SkillInputValidation.cs:152)
System.Reflection.RuntimeMethodInfo:Invoke (object,System.Reflection.BindingFlags,System.Reflection.Binder,object[],System.Globalization.CultureInfo)
System.Reflection.MethodBase:Invoke (object,object[])
AreaBattle.EditorTools.BattleBuild:ValidateIntegrated () (at Assets/AreaBattle/Editor/BattleBuild.cs:32)
AreaBattle.EditorTools.BattleBuild:ValidateMechanicsOnly () (at Assets/AreaBattle/Editor/BattleBuild.cs:18)

[Assets/AreaBattle/Scripts/RecoveredWayLineVisual.cs line 21]

Instantiating material due to calling renderer.material during edit mode. This will leak materials into the scene. You most likely want to use renderer.sharedMaterial instead.
UnityEngine.Debug:ExtractStackTraceNoAlloc (byte*,int,string)
UnityEngine.StackTraceUtility:ExtractStackTrace () (at /Users/bokken/build/output/unity/unity/Runtime/Export/Scripting/StackTrace.cs:35)
UnityEngine.Renderer:GetMaterial ()
UnityEngine.Renderer:get_material () (at /Users/bokken/build/output/unity/unity/Runtime/Export/Graphics/GraphicsRenderers.bindings.cs:180)
AreaBattle.RecoveredWayLineVisual:Initialize () (at Assets/AreaBattle/Scripts/RecoveredWayLineVisual.cs:33)
AreaBattle.RecoveredWayLineVisual:SetLine (UnityEngine.Vector3,UnityEngine.Vector3,UnityEngine.Color,UnityEngine.Color,bool,bool,single) (at Assets/AreaBattle/Scripts/RecoveredWayLineVisual.cs:56)
AreaBattle.RecoveredWayLineVisual:Synchronize (AreaBattle.LineState,AreaBattle.TowerState,AreaBattle.TowerState,UnityEngine.Color,UnityEngine.Color,single) (at Assets/AreaBattle/Scripts/RecoveredWayLineVisual.cs:46)
AreaBattle.RecoveredWayLineVisual:Synchronize (AreaBattle.LineState,AreaBattle.TowerState,AreaBattle.TowerState,single) (at Assets/AreaBattle/Scripts/RecoveredWayLineVisual.cs:21)
AreaBattle.BattleView:RefreshPresentation () (at Assets/AreaBattle/Scripts/BattleView.cs:566)
AreaBattle.BattleView:AdvanceFrame (single,single) (at Assets/AreaBattle/Scripts/BattleView.cs:374)
AreaBattle.EditorTools.SkillInputValidation/<>c__DisplayClass1_3:<Run>b__19 () (at Assets/AreaBattle/Editor/SkillInputValidation.cs:177)
AreaBattle.EditorTools.SkillInputValidation/<>c__DisplayClass1_0:<Run>b__0 (string,System.Action) (at Assets/AreaBattle/Editor/SkillInputValidation.cs:18)
AreaBattle.EditorTools.SkillInputValidation:Run () (at Assets/AreaBattle/Editor/SkillInputValidation.cs:152)
System.Reflection.RuntimeMethodInfo:Invoke (object,System.Reflection.BindingFlags,System.Reflection.Binder,object[],System.Globalization.CultureInfo)
System.Reflection.MethodBase:Invoke (object,object[])
AreaBattle.EditorTools.BattleBuild:ValidateIntegrated () (at Assets/AreaBattle/Editor/BattleBuild.cs:32)
AreaBattle.EditorTools.BattleBuild:ValidateMechanicsOnly () (at Assets/AreaBattle/Editor/BattleBuild.cs:18)

[Assets/AreaBattle/Scripts/RecoveredWayLineVisual.cs line 21]

Instantiating material due to calling renderer.material during edit mode. This will leak materials into the scene. You most likely want to use renderer.sharedMaterial instead.
UnityEngine.Debug:ExtractStackTraceNoAlloc (byte*,int,string)
UnityEngine.StackTraceUtility:ExtractStackTrace () (at /Users/bokken/build/output/unity/unity/Runtime/Export/Scripting/StackTrace.cs:35)
UnityEngine.Renderer:GetMaterial ()
UnityEngine.Renderer:get_material () (at /Users/bokken/build/output/unity/unity/Runtime/Export/Graphics/GraphicsRenderers.bindings.cs:180)
AreaBattle.RecoveredWayLineVisual:Initialize () (at Assets/AreaBattle/Scripts/RecoveredWayLineVisual.cs:33)
AreaBattle.RecoveredWayLineVisual:SetLine (UnityEngine.Vector3,UnityEngine.Vector3,UnityEngine.Color,UnityEngine.Color,bool,bool,single) (at Assets/AreaBattle/Scripts/RecoveredWayLineVisual.cs:56)
AreaBattle.RecoveredWayLineVisual:Synchronize (AreaBattle.LineState,AreaBattle.TowerState,AreaBattle.TowerState,UnityEngine.Color,UnityEngine.Color,single) (at Assets/AreaBattle/Scripts/RecoveredWayLineVisual.cs:46)
AreaBattle.RecoveredWayLineVisual:Synchronize (AreaBattle.LineState,AreaBattle.TowerState,AreaBattle.TowerState,single) (at Assets/AreaBattle/Scripts/RecoveredWayLineVisual.cs:21)
AreaBattle.BattleView:RefreshPresentation () (at Assets/AreaBattle/Scripts/BattleView.cs:566)
AreaBattle.BattleView:AdvanceFrame (single,single) (at Assets/AreaBattle/Scripts/BattleView.cs:374)
AreaBattle.EditorTools.SkillInputValidation/<>c__DisplayClass1_3:<Run>b__19 () (at Assets/AreaBattle/Editor/SkillInputValidation.cs:177)
AreaBattle.EditorTools.SkillInputValidation/<>c__DisplayClass1_0:<Run>b__0 (string,System.Action) (at Assets/AreaBattle/Editor/SkillInputValidation.cs:18)
AreaBattle.EditorTools.SkillInputValidation:Run () (at Assets/AreaBattle/Editor/SkillInputValidation.cs:152)
System.Reflection.RuntimeMethodInfo:Invoke (object,System.Reflection.BindingFlags,System.Reflection.Binder,object[],System.Globalization.CultureInfo)
System.Reflection.MethodBase:Invoke (object,object[])
AreaBattle.EditorTools.BattleBuild:ValidateIntegrated () (at Assets/AreaBattle/Editor/BattleBuild.cs:32)
AreaBattle.EditorTools.BattleBuild:ValidateMechanicsOnly () (at Assets/AreaBattle/Editor/BattleBuild.cs:18)

[Assets/AreaBattle/Scripts/RecoveredWayLineVisual.cs line 21]

Instantiating material due to calling renderer.material during edit mode. This will leak materials into the scene. You most likely want to use renderer.sharedMaterial instead.
UnityEngine.Debug:ExtractStackTraceNoAlloc (byte*,int,string)
UnityEngine.StackTraceUtility:ExtractStackTrace () (at /Users/bokken/build/output/unity/unity/Runtime/Export/Scripting/StackTrace.cs:35)
UnityEngine.Renderer:GetMaterial ()
UnityEngine.Renderer:get_material () (at /Users/bokken/build/output/unity/unity/Runtime/Export/Graphics/GraphicsRenderers.bindings.cs:180)
AreaBattle.RecoveredWayLineVisual:Initialize () (at Assets/AreaBattle/Scripts/RecoveredWayLineVisual.cs:33)
AreaBattle.RecoveredWayLineVisual:SetLine (UnityEngine.Vector3,UnityEngine.Vector3,UnityEngine.Color,UnityEngine.Color,bool,bool,single) (at Assets/AreaBattle/Scripts/RecoveredWayLineVisual.cs:56)
AreaBattle.RecoveredWayLineVisual:Synchronize (AreaBattle.LineState,AreaBattle.TowerState,AreaBattle.TowerState,UnityEngine.Color,UnityEngine.Color,single) (at Assets/AreaBattle/Scripts/RecoveredWayLineVisual.cs:46)
AreaBattle.RecoveredWayLineVisual:Synchronize (AreaBattle.LineState,AreaBattle.TowerState,AreaBattle.TowerState,single) (at Assets/AreaBattle/Scripts/RecoveredWayLineVisual.cs:21)
AreaBattle.BattleView:RefreshPresentation () (at Assets/AreaBattle/Scripts/BattleView.cs:566)
AreaBattle.BattleView:AdvanceFrame (single,single) (at Assets/AreaBattle/Scripts/BattleView.cs:374)
AreaBattle.EditorTools.SkillInputValidation/<>c__DisplayClass1_3:<Run>b__19 () (at Assets/AreaBattle/Editor/SkillInputValidation.cs:177)
AreaBattle.EditorTools.SkillInputValidation/<>c__DisplayClass1_0:<Run>b__0 (string,System.Action) (at Assets/AreaBattle/Editor/SkillInputValidation.cs:18)
AreaBattle.EditorTools.SkillInputValidation:Run () (at Assets/AreaBattle/Editor/SkillInputValidation.cs:152)
System.Reflection.RuntimeMethodInfo:Invoke (object,System.Reflection.BindingFlags,System.Reflection.Binder,object[],System.Globalization.CultureInfo)
System.Reflection.MethodBase:Invoke (object,object[])
AreaBattle.EditorTools.BattleBuild:ValidateIntegrated () (at Assets/AreaBattle/Editor/BattleBuild.cs:32)
AreaBattle.EditorTools.BattleBuild:ValidateMechanicsOnly () (at Assets/AreaBattle/Editor/BattleBuild.cs:18)

[Assets/AreaBattle/Scripts/RecoveredWayLineVisual.cs line 21]

Instantiating material due to calling renderer.material during edit mode. This will leak materials into the scene. You most likely want to use renderer.sharedMaterial instead.
UnityEngine.Debug:ExtractStackTraceNoAlloc (byte*,int,string)
UnityEngine.StackTraceUtility:ExtractStackTrace () (at /Users/bokken/build/output/unity/unity/Runtime/Export/Scripting/StackTrace.cs:35)
UnityEngine.Renderer:GetMaterial ()
UnityEngine.Renderer:get_material () (at /Users/bokken/build/output/unity/unity/Runtime/Export/Graphics/GraphicsRenderers.bindings.cs:180)
AreaBattle.RecoveredWayLineVisual:Initialize () (at Assets/AreaBattle/Scripts/RecoveredWayLineVisual.cs:33)
AreaBattle.RecoveredWayLineVisual:SetLine (UnityEngine.Vector3,UnityEngine.Vector3,UnityEngine.Color,UnityEngine.Color,bool,bool,single) (at Assets/AreaBattle/Scripts/RecoveredWayLineVisual.cs:56)
AreaBattle.RecoveredWayLineVisual:Synchronize (AreaBattle.LineState,AreaBattle.TowerState,AreaBattle.TowerState,UnityEngine.Color,UnityEngine.Color,single) (at Assets/AreaBattle/Scripts/RecoveredWayLineVisual.cs:46)
AreaBattle.RecoveredWayLineVisual:Synchronize (AreaBattle.LineState,AreaBattle.TowerState,AreaBattle.TowerState,single) (at Assets/AreaBattle/Scripts/RecoveredWayLineVisual.cs:21)
AreaBattle.BattleView:RefreshPresentation () (at Assets/AreaBattle/Scripts/BattleView.cs:566)
AreaBattle.BattleView:AdvanceFrame (single,single) (at Assets/AreaBattle/Scripts/BattleView.cs:374)
AreaBattle.EditorTools.SkillInputValidation/<>c__DisplayClass1_3:<Run>b__19 () (at Assets/AreaBattle/Editor/SkillInputValidation.cs:177)
AreaBattle.EditorTools.SkillInputValidation/<>c__DisplayClass1_0:<Run>b__0 (string,System.Action) (at Assets/AreaBattle/Editor/SkillInputValidation.cs:18)
AreaBattle.EditorTools.SkillInputValidation:Run () (at Assets/AreaBattle/Editor/SkillInputValidation.cs:152)
System.Reflection.RuntimeMethodInfo:Invoke (object,System.Reflection.BindingFlags,System.Reflection.Binder,object[],System.Globalization.CultureInfo)
System.Reflection.MethodBase:Invoke (object,object[])
AreaBattle.EditorTools.BattleBuild:ValidateIntegrated () (at Assets/AreaBattle/Editor/BattleBuild.cs:32)
AreaBattle.EditorTools.BattleBuild:ValidateMechanicsOnly () (at Assets/AreaBattle/Editor/BattleBuild.cs:18)

[Assets/AreaBattle/Scripts/RecoveredWayLineVisual.cs line 21]

Instantiating material due to calling renderer.material during edit mode. This will leak materials into the scene. You most likely want to use renderer.sharedMaterial instead.
UnityEngine.Debug:ExtractStackTraceNoAlloc (byte*,int,string)
UnityEngine.StackTraceUtility:ExtractStackTrace () (at /Users/bokken/build/output/unity/unity/Runtime/Export/Scripting/StackTrace.cs:35)
UnityEngine.Renderer:GetMaterial ()
UnityEngine.Renderer:get_material () (at /Users/bokken/build/output/unity/unity/Runtime/Export/Graphics/GraphicsRenderers.bindings.cs:180)
AreaBattle.RecoveredWayLineVisual:Initialize () (at Assets/AreaBattle/Scripts/RecoveredWayLineVisual.cs:33)
AreaBattle.RecoveredWayLineVisual:SetLine (UnityEngine.Vector3,UnityEngine.Vector3,UnityEngine.Color,UnityEngine.Color,bool,bool,single) (at Assets/AreaBattle/Scripts/RecoveredWayLineVisual.cs:56)
AreaBattle.RecoveredWayLineVisual:Synchronize (AreaBattle.LineState,AreaBattle.TowerState,AreaBattle.TowerState,UnityEngine.Color,UnityEngine.Color,single) (at Assets/AreaBattle/Scripts/RecoveredWayLineVisual.cs:46)
AreaBattle.RecoveredWayLineVisual:Synchronize (AreaBattle.LineState,AreaBattle.TowerState,AreaBattle.TowerState,single) (at Assets/AreaBattle/Scripts/RecoveredWayLineVisual.cs:21)
AreaBattle.BattleView:RefreshPresentation () (at Assets/AreaBattle/Scripts/BattleView.cs:566)
AreaBattle.BattleView:AdvanceFrame (single,single) (at Assets/AreaBattle/Scripts/BattleView.cs:374)
AreaBattle.EditorTools.SkillInputValidation/<>c__DisplayClass1_3:<Run>b__19 () (at Assets/AreaBattle/Editor/SkillInputValidation.cs:177)
AreaBattle.EditorTools.SkillInputValidation/<>c__DisplayClass1_0:<Run>b__0 (string,System.Action) (at Assets/AreaBattle/Editor/SkillInputValidation.cs:18)
AreaBattle.EditorTools.SkillInputValidation:Run () (at Assets/AreaBattle/Editor/SkillInputValidation.cs:152)
System.Reflection.RuntimeMethodInfo:Invoke (object,System.Reflection.BindingFlags,System.Reflection.Binder,object[],System.Globalization.CultureInfo)
System.Reflection.MethodBase:Invoke (object,object[])
AreaBattle.EditorTools.BattleBuild:ValidateIntegrated () (at Assets/AreaBattle/Editor/BattleBuild.cs:32)
AreaBattle.EditorTools.BattleBuild:ValidateMechanicsOnly () (at Assets/AreaBattle/Editor/BattleBuild.cs:18)

[Assets/AreaBattle/Scripts/RecoveredWayLineVisual.cs line 21]

Instantiating material due to calling renderer.material during edit mode. This will leak materials into the scene. You most likely want to use renderer.sharedMaterial instead.
UnityEngine.Debug:ExtractStackTraceNoAlloc (byte*,int,string)
UnityEngine.StackTraceUtility:ExtractStackTrace () (at /Users/bokken/build/output/unity/unity/Runtime/Export/Scripting/StackTrace.cs:35)
UnityEngine.Renderer:GetMaterial ()
UnityEngine.Renderer:get_material () (at /Users/bokken/build/output/unity/unity/Runtime/Export/Graphics/GraphicsRenderers.bindings.cs:180)
AreaBattle.RecoveredWayLineVisual:Initialize () (at Assets/AreaBattle/Scripts/RecoveredWayLineVisual.cs:33)
AreaBattle.RecoveredWayLineVisual:SetLine (UnityEngine.Vector3,UnityEngine.Vector3,UnityEngine.Color,UnityEngine.Color,bool,bool,single) (at Assets/AreaBattle/Scripts/RecoveredWayLineVisual.cs:56)
AreaBattle.RecoveredWayLineVisual:Synchronize (AreaBattle.LineState,AreaBattle.TowerState,AreaBattle.TowerState,UnityEngine.Color,UnityEngine.Color,single) (at Assets/AreaBattle/Scripts/RecoveredWayLineVisual.cs:46)
AreaBattle.RecoveredWayLineVisual:Synchronize (AreaBattle.LineState,AreaBattle.TowerState,AreaBattle.TowerState,single) (at Assets/AreaBattle/Scripts/RecoveredWayLineVisual.cs:21)
AreaBattle.BattleView:RefreshPresentation () (at Assets/AreaBattle/Scripts/BattleView.cs:566)
AreaBattle.BattleView:AdvanceFrame (single,single) (at Assets/AreaBattle/Scripts/BattleView.cs:374)
AreaBattle.EditorTools.SkillInputValidation/<>c__DisplayClass1_3:<Run>b__19 () (at Assets/AreaBattle/Editor/SkillInputValidation.cs:177)
AreaBattle.EditorTools.SkillInputValidation/<>c__DisplayClass1_0:<Run>b__0 (string,System.Action) (at Assets/AreaBattle/Editor/SkillInputValidation.cs:18)
AreaBattle.EditorTools.SkillInputValidation:Run () (at Assets/AreaBattle/Editor/SkillInputValidation.cs:152)
System.Reflection.RuntimeMethodInfo:Invoke (object,System.Reflection.BindingFlags,System.Reflection.Binder,object[],System.Globalization.CultureInfo)
System.Reflection.MethodBase:Invoke (object,object[])
AreaBattle.EditorTools.BattleBuild:ValidateIntegrated () (at Assets/AreaBattle/Editor/BattleBuild.cs:32)
AreaBattle.EditorTools.BattleBuild:ValidateMechanicsOnly () (at Assets/AreaBattle/Editor/BattleBuild.cs:18)

[Assets/AreaBattle/Scripts/RecoveredWayLineVisual.cs line 21]

Instantiating material due to calling renderer.material during edit mode. This will leak materials into the scene. You most likely want to use renderer.sharedMaterial instead.
UnityEngine.Debug:ExtractStackTraceNoAlloc (byte*,int,string)
UnityEngine.StackTraceUtility:ExtractStackTrace () (at /Users/bokken/build/output/unity/unity/Runtime/Export/Scripting/StackTrace.cs:35)
UnityEngine.Renderer:GetMaterial ()
UnityEngine.Renderer:get_material () (at /Users/bokken/build/output/unity/unity/Runtime/Export/Graphics/GraphicsRenderers.bindings.cs:180)
AreaBattle.RecoveredWayLineVisual:Initialize () (at Assets/AreaBattle/Scripts/RecoveredWayLineVisual.cs:33)
AreaBattle.RecoveredWayLineVisual:SetLine (UnityEngine.Vector3,UnityEngine.Vector3,UnityEngine.Color,UnityEngine.Color,bool,bool,single) (at Assets/AreaBattle/Scripts/RecoveredWayLineVisual.cs:56)
AreaBattle.RecoveredWayLineVisual:Synchronize (AreaBattle.LineState,AreaBattle.TowerState,AreaBattle.TowerState,UnityEngine.Color,UnityEngine.Color,single) (at Assets/AreaBattle/Scripts/RecoveredWayLineVisual.cs:46)
AreaBattle.RecoveredWayLineVisual:Synchronize (AreaBattle.LineState,AreaBattle.TowerState,AreaBattle.TowerState,single) (at Assets/AreaBattle/Scripts/RecoveredWayLineVisual.cs:21)
AreaBattle.BattleView:RefreshPresentation () (at Assets/AreaBattle/Scripts/BattleView.cs:566)
AreaBattle.BattleView:AdvanceFrame (single,single) (at Assets/AreaBattle/Scripts/BattleView.cs:374)
AreaBattle.EditorTools.SkillInputValidation/<>c__DisplayClass1_3:<Run>b__19 () (at Assets/AreaBattle/Editor/SkillInputValidation.cs:177)
AreaBattle.EditorTools.SkillInputValidation/<>c__DisplayClass1_0:<Run>b__0 (string,System.Action) (at Assets/AreaBattle/Editor/SkillInputValidation.cs:18)
AreaBattle.EditorTools.SkillInputValidation:Run () (at Assets/AreaBattle/Editor/SkillInputValidation.cs:152)
System.Reflection.RuntimeMethodInfo:Invoke (object,System.Reflection.BindingFlags,System.Reflection.Binder,object[],System.Globalization.CultureInfo)
System.Reflection.MethodBase:Invoke (object,object[])
AreaBattle.EditorTools.BattleBuild:ValidateIntegrated () (at Assets/AreaBattle/Editor/BattleBuild.cs:32)
AreaBattle.EditorTools.BattleBuild:ValidateMechanicsOnly () (at Assets/AreaBattle/Editor/BattleBuild.cs:18)

[Assets/AreaBattle/Scripts/RecoveredWayLineVisual.cs line 21]

Instantiating material due to calling renderer.material during edit mode. This will leak materials into the scene. You most likely want to use renderer.sharedMaterial instead.
UnityEngine.Debug:ExtractStackTraceNoAlloc (byte*,int,string)
UnityEngine.StackTraceUtility:ExtractStackTrace () (at /Users/bokken/build/output/unity/unity/Runtime/Export/Scripting/StackTrace.cs:35)
UnityEngine.Renderer:GetMaterial ()
UnityEngine.Renderer:get_material () (at /Users/bokken/build/output/unity/unity/Runtime/Export/Graphics/GraphicsRenderers.bindings.cs:180)
AreaBattle.RecoveredWayLineVisual:Initialize () (at Assets/AreaBattle/Scripts/RecoveredWayLineVisual.cs:33)
AreaBattle.RecoveredWayLineVisual:SetLine (UnityEngine.Vector3,UnityEngine.Vector3,UnityEngine.Color,UnityEngine.Color,bool,bool,single) (at Assets/AreaBattle/Scripts/RecoveredWayLineVisual.cs:56)
AreaBattle.RecoveredWayLineVisual:Synchronize (AreaBattle.LineState,AreaBattle.TowerState,AreaBattle.TowerState,UnityEngine.Color,UnityEngine.Color,single) (at Assets/AreaBattle/Scripts/RecoveredWayLineVisual.cs:46)
AreaBattle.RecoveredWayLineVisual:Synchronize (AreaBattle.LineState,AreaBattle.TowerState,AreaBattle.TowerState,single) (at Assets/AreaBattle/Scripts/RecoveredWayLineVisual.cs:21)
AreaBattle.BattleView:RefreshPresentation () (at Assets/AreaBattle/Scripts/BattleView.cs:566)
AreaBattle.BattleView:AdvanceFrame (single,single) (at Assets/AreaBattle/Scripts/BattleView.cs:374)
AreaBattle.EditorTools.SkillInputValidation/<>c__DisplayClass1_3:<Run>b__19 () (at Assets/AreaBattle/Editor/SkillInputValidation.cs:177)
AreaBattle.EditorTools.SkillInputValidation/<>c__DisplayClass1_0:<Run>b__0 (string,System.Action) (at Assets/AreaBattle/Editor/SkillInputValidation.cs:18)
AreaBattle.EditorTools.SkillInputValidation:Run () (at Assets/AreaBattle/Editor/SkillInputValidation.cs:152)
System.Reflection.RuntimeMethodInfo:Invoke (object,System.Reflection.BindingFlags,System.Reflection.Binder,object[],System.Globalization.CultureInfo)
System.Reflection.MethodBase:Invoke (object,object[])
AreaBattle.EditorTools.BattleBuild:ValidateIntegrated () (at Assets/AreaBattle/Editor/BattleBuild.cs:32)
AreaBattle.EditorTools.BattleBuild:ValidateMechanicsOnly () (at Assets/AreaBattle/Editor/BattleBuild.cs:18)

[Assets/AreaBattle/Scripts/RecoveredWayLineVisual.cs line 21]

Instantiating material due to calling renderer.material during edit mode. This will leak materials into the scene. You most likely want to use renderer.sharedMaterial instead.
UnityEngine.Debug:ExtractStackTraceNoAlloc (byte*,int,string)
UnityEngine.StackTraceUtility:ExtractStackTrace () (at /Users/bokken/build/output/unity/unity/Runtime/Export/Scripting/StackTrace.cs:35)
UnityEngine.Renderer:GetMaterial ()
UnityEngine.Renderer:get_material () (at /Users/bokken/build/output/unity/unity/Runtime/Export/Graphics/GraphicsRenderers.bindings.cs:180)
AreaBattle.RecoveredWayLineVisual:Initialize () (at Assets/AreaBattle/Scripts/RecoveredWayLineVisual.cs:33)
AreaBattle.RecoveredWayLineVisual:SetLine (UnityEngine.Vector3,UnityEngine.Vector3,UnityEngine.Color,UnityEngine.Color,bool,bool,single) (at Assets/AreaBattle/Scripts/RecoveredWayLineVisual.cs:56)
AreaBattle.RecoveredWayLineVisual:Synchronize (AreaBattle.LineState,AreaBattle.TowerState,AreaBattle.TowerState,UnityEngine.Color,UnityEngine.Color,single) (at Assets/AreaBattle/Scripts/RecoveredWayLineVisual.cs:46)
AreaBattle.RecoveredWayLineVisual:Synchronize (AreaBattle.LineState,AreaBattle.TowerState,AreaBattle.TowerState,single) (at Assets/AreaBattle/Scripts/RecoveredWayLineVisual.cs:21)
AreaBattle.BattleView:RefreshPresentation () (at Assets/AreaBattle/Scripts/BattleView.cs:566)
AreaBattle.BattleView:AdvanceFrame (single,single) (at Assets/AreaBattle/Scripts/BattleView.cs:374)
AreaBattle.EditorTools.SkillInputValidation/<>c__DisplayClass1_3:<Run>b__19 () (at Assets/AreaBattle/Editor/SkillInputValidation.cs:177)
AreaBattle.EditorTools.SkillInputValidation/<>c__DisplayClass1_0:<Run>b__0 (string,System.Action) (at Assets/AreaBattle/Editor/SkillInputValidation.cs:18)
AreaBattle.EditorTools.SkillInputValidation:Run () (at Assets/AreaBattle/Editor/SkillInputValidation.cs:152)
System.Reflection.RuntimeMethodInfo:Invoke (object,System.Reflection.BindingFlags,System.Reflection.Binder,object[],System.Globalization.CultureInfo)
System.Reflection.MethodBase:Invoke (object,object[])
AreaBattle.EditorTools.BattleBuild:ValidateIntegrated () (at Assets/AreaBattle/Editor/BattleBuild.cs:32)
AreaBattle.EditorTools.BattleBuild:ValidateMechanicsOnly () (at Assets/AreaBattle/Editor/BattleBuild.cs:18)

[Assets/AreaBattle/Scripts/RecoveredWayLineVisual.cs line 21]

Instantiating material due to calling renderer.material during edit mode. This will leak materials into the scene. You most likely want to use renderer.sharedMaterial instead.
UnityEngine.Debug:ExtractStackTraceNoAlloc (byte*,int,string)
UnityEngine.StackTraceUtility:ExtractStackTrace () (at /Users/bokken/build/output/unity/unity/Runtime/Export/Scripting/StackTrace.cs:35)
UnityEngine.Renderer:GetMaterial ()
UnityEngine.Renderer:get_material () (at /Users/bokken/build/output/unity/unity/Runtime/Export/Graphics/GraphicsRenderers.bindings.cs:180)
AreaBattle.RecoveredWayLineVisual:Initialize () (at Assets/AreaBattle/Scripts/RecoveredWayLineVisual.cs:33)
AreaBattle.RecoveredWayLineVisual:SetLine (UnityEngine.Vector3,UnityEngine.Vector3,UnityEngine.Color,UnityEngine.Color,bool,bool,single) (at Assets/AreaBattle/Scripts/RecoveredWayLineVisual.cs:56)
AreaBattle.RecoveredWayLineVisual:Synchronize (AreaBattle.LineState,AreaBattle.TowerState,AreaBattle.TowerState,UnityEngine.Color,UnityEngine.Color,single) (at Assets/AreaBattle/Scripts/RecoveredWayLineVisual.cs:46)
AreaBattle.RecoveredWayLineVisual:Synchronize (AreaBattle.LineState,AreaBattle.TowerState,AreaBattle.TowerState,single) (at Assets/AreaBattle/Scripts/RecoveredWayLineVisual.cs:21)
AreaBattle.BattleView:RefreshPresentation () (at Assets/AreaBattle/Scripts/BattleView.cs:566)
AreaBattle.BattleView:AdvanceFrame (single,single) (at Assets/AreaBattle/Scripts/BattleView.cs:374)
AreaBattle.EditorTools.SkillInputValidation/<>c__DisplayClass1_3:<Run>b__19 () (at Assets/AreaBattle/Editor/SkillInputValidation.cs:177)
AreaBattle.EditorTools.SkillInputValidation/<>c__DisplayClass1_0:<Run>b__0 (string,System.Action) (at Assets/AreaBattle/Editor/SkillInputValidation.cs:18)
AreaBattle.EditorTools.SkillInputValidation:Run () (at Assets/AreaBattle/Editor/SkillInputValidation.cs:152)
System.Reflection.RuntimeMethodInfo:Invoke (object,System.Reflection.BindingFlags,System.Reflection.Binder,object[],System.Globalization.CultureInfo)
System.Reflection.MethodBase:Invoke (object,object[])
AreaBattle.EditorTools.BattleBuild:ValidateIntegrated () (at Assets/AreaBattle/Editor/BattleBuild.cs:32)
AreaBattle.EditorTools.BattleBuild:ValidateMechanicsOnly () (at Assets/AreaBattle/Editor/BattleBuild.cs:18)

[Assets/AreaBattle/Scripts/RecoveredWayLineVisual.cs line 21]

Instantiating material due to calling renderer.material during edit mode. This will leak materials into the scene. You most likely want to use renderer.sharedMaterial instead.
UnityEngine.Debug:ExtractStackTraceNoAlloc (byte*,int,string)
UnityEngine.StackTraceUtility:ExtractStackTrace () (at /Users/bokken/build/output/unity/unity/Runtime/Export/Scripting/StackTrace.cs:35)
UnityEngine.Renderer:GetMaterial ()
UnityEngine.Renderer:get_material () (at /Users/bokken/build/output/unity/unity/Runtime/Export/Graphics/GraphicsRenderers.bindings.cs:180)
AreaBattle.RecoveredWayLineVisual:Initialize () (at Assets/AreaBattle/Scripts/RecoveredWayLineVisual.cs:33)
AreaBattle.RecoveredWayLineVisual:SetLine (UnityEngine.Vector3,UnityEngine.Vector3,UnityEngine.Color,UnityEngine.Color,bool,bool,single) (at Assets/AreaBattle/Scripts/RecoveredWayLineVisual.cs:56)
AreaBattle.RecoveredWayLineVisual:Synchronize (AreaBattle.LineState,AreaBattle.TowerState,AreaBattle.TowerState,UnityEngine.Color,UnityEngine.Color,single) (at Assets/AreaBattle/Scripts/RecoveredWayLineVisual.cs:46)
AreaBattle.RecoveredWayLineVisual:Synchronize (AreaBattle.LineState,AreaBattle.TowerState,AreaBattle.TowerState,single) (at Assets/AreaBattle/Scripts/RecoveredWayLineVisual.cs:21)
AreaBattle.BattleView:RefreshPresentation () (at Assets/AreaBattle/Scripts/BattleView.cs:566)
AreaBattle.BattleView:AdvanceFrame (single,single) (at Assets/AreaBattle/Scripts/BattleView.cs:374)
AreaBattle.EditorTools.SkillInputValidation/<>c__DisplayClass1_3:<Run>b__19 () (at Assets/AreaBattle/Editor/SkillInputValidation.cs:177)
AreaBattle.EditorTools.SkillInputValidation/<>c__DisplayClass1_0:<Run>b__0 (string,System.Action) (at Assets/AreaBattle/Editor/SkillInputValidation.cs:18)
AreaBattle.EditorTools.SkillInputValidation:Run () (at Assets/AreaBattle/Editor/SkillInputValidation.cs:152)
System.Reflection.RuntimeMethodInfo:Invoke (object,System.Reflection.BindingFlags,System.Reflection.Binder,object[],System.Globalization.CultureInfo)
System.Reflection.MethodBase:Invoke (object,object[])
AreaBattle.EditorTools.BattleBuild:ValidateIntegrated () (at Assets/AreaBattle/Editor/BattleBuild.cs:32)
AreaBattle.EditorTools.BattleBuild:ValidateMechanicsOnly () (at Assets/AreaBattle/Editor/BattleBuild.cs:18)

[Assets/AreaBattle/Scripts/RecoveredWayLineVisual.cs line 21]

Instantiating material due to calling renderer.material during edit mode. This will leak materials into the scene. You most likely want to use renderer.sharedMaterial instead.
UnityEngine.Debug:ExtractStackTraceNoAlloc (byte*,int,string)
UnityEngine.StackTraceUtility:ExtractStackTrace () (at /Users/bokken/build/output/unity/unity/Runtime/Export/Scripting/StackTrace.cs:35)
UnityEngine.Renderer:GetMaterial ()
UnityEngine.Renderer:get_material () (at /Users/bokken/build/output/unity/unity/Runtime/Export/Graphics/GraphicsRenderers.bindings.cs:180)
AreaBattle.RecoveredWayLineVisual:Initialize () (at Assets/AreaBattle/Scripts/RecoveredWayLineVisual.cs:33)
AreaBattle.RecoveredWayLineVisual:SetLine (UnityEngine.Vector3,UnityEngine.Vector3,UnityEngine.Color,UnityEngine.Color,bool,bool,single) (at Assets/AreaBattle/Scripts/RecoveredWayLineVisual.cs:56)
AreaBattle.RecoveredWayLineVisual:Synchronize (AreaBattle.LineState,AreaBattle.TowerState,AreaBattle.TowerState,UnityEngine.Color,UnityEngine.Color,single) (at Assets/AreaBattle/Scripts/RecoveredWayLineVisual.cs:46)
AreaBattle.RecoveredWayLineVisual:Synchronize (AreaBattle.LineState,AreaBattle.TowerState,AreaBattle.TowerState,single) (at Assets/AreaBattle/Scripts/RecoveredWayLineVisual.cs:21)
AreaBattle.BattleView:RefreshPresentation () (at Assets/AreaBattle/Scripts/BattleView.cs:566)
AreaBattle.BattleView:AdvanceFrame (single,single) (at Assets/AreaBattle/Scripts/BattleView.cs:374)
AreaBattle.EditorTools.SkillInputValidation/<>c__DisplayClass1_3:<Run>b__19 () (at Assets/AreaBattle/Editor/SkillInputValidation.cs:177)
AreaBattle.EditorTools.SkillInputValidation/<>c__DisplayClass1_0:<Run>b__0 (string,System.Action) (at Assets/AreaBattle/Editor/SkillInputValidation.cs:18)
AreaBattle.EditorTools.SkillInputValidation:Run () (at Assets/AreaBattle/Editor/SkillInputValidation.cs:152)
System.Reflection.RuntimeMethodInfo:Invoke (object,System.Reflection.BindingFlags,System.Reflection.Binder,object[],System.Globalization.CultureInfo)
System.Reflection.MethodBase:Invoke (object,object[])
AreaBattle.EditorTools.BattleBuild:ValidateIntegrated () (at Assets/AreaBattle/Editor/BattleBuild.cs:32)
AreaBattle.EditorTools.BattleBuild:ValidateMechanicsOnly () (at Assets/AreaBattle/Editor/BattleBuild.cs:18)

[Assets/AreaBattle/Scripts/RecoveredWayLineVisual.cs line 21]

Instantiating material due to calling renderer.material during edit mode. This will leak materials into the scene. You most likely want to use renderer.sharedMaterial instead.
UnityEngine.Debug:ExtractStackTraceNoAlloc (byte*,int,string)
UnityEngine.StackTraceUtility:ExtractStackTrace () (at /Users/bokken/build/output/unity/unity/Runtime/Export/Scripting/StackTrace.cs:35)
UnityEngine.Renderer:GetMaterial ()
UnityEngine.Renderer:get_material () (at /Users/bokken/build/output/unity/unity/Runtime/Export/Graphics/GraphicsRenderers.bindings.cs:180)
AreaBattle.RecoveredWayLineVisual:Initialize () (at Assets/AreaBattle/Scripts/RecoveredWayLineVisual.cs:33)
AreaBattle.RecoveredWayLineVisual:SetLine (UnityEngine.Vector3,UnityEngine.Vector3,UnityEngine.Color,UnityEngine.Color,bool,bool,single) (at Assets/AreaBattle/Scripts/RecoveredWayLineVisual.cs:56)
AreaBattle.RecoveredWayLineVisual:Synchronize (AreaBattle.LineState,AreaBattle.TowerState,AreaBattle.TowerState,UnityEngine.Color,UnityEngine.Color,single) (at Assets/AreaBattle/Scripts/RecoveredWayLineVisual.cs:46)
AreaBattle.RecoveredWayLineVisual:Synchronize (AreaBattle.LineState,AreaBattle.TowerState,AreaBattle.TowerState,single) (at Assets/AreaBattle/Scripts/RecoveredWayLineVisual.cs:21)
AreaBattle.BattleView:RefreshPresentation () (at Assets/AreaBattle/Scripts/BattleView.cs:566)
AreaBattle.BattleView:AdvanceFrame (single,single) (at Assets/AreaBattle/Scripts/BattleView.cs:374)
AreaBattle.EditorTools.SkillInputValidation/<>c__DisplayClass1_3:<Run>b__19 () (at Assets/AreaBattle/Editor/SkillInputValidation.cs:177)
AreaBattle.EditorTools.SkillInputValidation/<>c__DisplayClass1_0:<Run>b__0 (string,System.Action) (at Assets/AreaBattle/Editor/SkillInputValidation.cs:18)
AreaBattle.EditorTools.SkillInputValidation:Run () (at Assets/AreaBattle/Editor/SkillInputValidation.cs:152)
System.Reflection.RuntimeMethodInfo:Invoke (object,System.Reflection.BindingFlags,System.Reflection.Binder,object[],System.Globalization.CultureInfo)
System.Reflection.MethodBase:Invoke (object,object[])
AreaBattle.EditorTools.BattleBuild:ValidateIntegrated () (at Assets/AreaBattle/Editor/BattleBuild.cs:32)
AreaBattle.EditorTools.BattleBuild:ValidateMechanicsOnly () (at Assets/AreaBattle/Editor/BattleBuild.cs:18)

[Assets/AreaBattle/Scripts/RecoveredWayLineVisual.cs line 21]

Instantiating material due to calling renderer.material during edit mode. This will leak materials into the scene. You most likely want to use renderer.sharedMaterial instead.
UnityEngine.Debug:ExtractStackTraceNoAlloc (byte*,int,string)
UnityEngine.StackTraceUtility:ExtractStackTrace () (at /Users/bokken/build/output/unity/unity/Runtime/Export/Scripting/StackTrace.cs:35)
UnityEngine.Renderer:GetMaterial ()
UnityEngine.Renderer:get_material () (at /Users/bokken/build/output/unity/unity/Runtime/Export/Graphics/GraphicsRenderers.bindings.cs:180)
AreaBattle.RecoveredWayLineVisual:Initialize () (at Assets/AreaBattle/Scripts/RecoveredWayLineVisual.cs:33)
AreaBattle.RecoveredWayLineVisual:SetLine (UnityEngine.Vector3,UnityEngine.Vector3,UnityEngine.Color,UnityEngine.Color,bool,bool,single) (at Assets/AreaBattle/Scripts/RecoveredWayLineVisual.cs:56)
AreaBattle.RecoveredWayLineVisual:Synchronize (AreaBattle.LineState,AreaBattle.TowerState,AreaBattle.TowerState,UnityEngine.Color,UnityEngine.Color,single) (at Assets/AreaBattle/Scripts/RecoveredWayLineVisual.cs:46)
AreaBattle.RecoveredWayLineVisual:Synchronize (AreaBattle.LineState,AreaBattle.TowerState,AreaBattle.TowerState,single) (at Assets/AreaBattle/Scripts/RecoveredWayLineVisual.cs:21)
AreaBattle.BattleView:RefreshPresentation () (at Assets/AreaBattle/Scripts/BattleView.cs:566)
AreaBattle.BattleView:AdvanceFrame (single,single) (at Assets/AreaBattle/Scripts/BattleView.cs:374)
AreaBattle.EditorTools.SkillInputValidation/<>c__DisplayClass1_3:<Run>b__19 () (at Assets/AreaBattle/Editor/SkillInputValidation.cs:177)
AreaBattle.EditorTools.SkillInputValidation/<>c__DisplayClass1_0:<Run>b__0 (string,System.Action) (at Assets/AreaBattle/Editor/SkillInputValidation.cs:18)
AreaBattle.EditorTools.SkillInputValidation:Run () (at Assets/AreaBattle/Editor/SkillInputValidation.cs:152)
System.Reflection.RuntimeMethodInfo:Invoke (object,System.Reflection.BindingFlags,System.Reflection.Binder,object[],System.Globalization.CultureInfo)
System.Reflection.MethodBase:Invoke (object,object[])
AreaBattle.EditorTools.BattleBuild:ValidateIntegrated () (at Assets/AreaBattle/Editor/BattleBuild.cs:32)
AreaBattle.EditorTools.BattleBuild:ValidateMechanicsOnly () (at Assets/AreaBattle/Editor/BattleBuild.cs:18)

[Assets/AreaBattle/Scripts/RecoveredWayLineVisual.cs line 21]

Instantiating material due to calling renderer.material during edit mode. This will leak materials into the scene. You most likely want to use renderer.sharedMaterial instead.
UnityEngine.Debug:ExtractStackTraceNoAlloc (byte*,int,string)
UnityEngine.StackTraceUtility:ExtractStackTrace () (at /Users/bokken/build/output/unity/unity/Runtime/Export/Scripting/StackTrace.cs:35)
UnityEngine.Renderer:GetMaterial ()
UnityEngine.Renderer:get_material () (at /Users/bokken/build/output/unity/unity/Runtime/Export/Graphics/GraphicsRenderers.bindings.cs:180)
AreaBattle.RecoveredWayLineVisual:Initialize () (at Assets/AreaBattle/Scripts/RecoveredWayLineVisual.cs:33)
AreaBattle.RecoveredWayLineVisual:SetLine (UnityEngine.Vector3,UnityEngine.Vector3,UnityEngine.Color,UnityEngine.Color,bool,bool,single) (at Assets/AreaBattle/Scripts/RecoveredWayLineVisual.cs:56)
AreaBattle.RecoveredWayLineVisual:Synchronize (AreaBattle.LineState,AreaBattle.TowerState,AreaBattle.TowerState,UnityEngine.Color,UnityEngine.Color,single) (at Assets/AreaBattle/Scripts/RecoveredWayLineVisual.cs:46)
AreaBattle.RecoveredWayLineVisual:Synchronize (AreaBattle.LineState,AreaBattle.TowerState,AreaBattle.TowerState,single) (at Assets/AreaBattle/Scripts/RecoveredWayLineVisual.cs:21)
AreaBattle.BattleView:RefreshPresentation () (at Assets/AreaBattle/Scripts/BattleView.cs:566)
AreaBattle.BattleView:AdvanceFrame (single,single) (at Assets/AreaBattle/Scripts/BattleView.cs:374)
AreaBattle.EditorTools.SkillInputValidation/<>c__DisplayClass1_3:<Run>b__19 () (at Assets/AreaBattle/Editor/SkillInputValidation.cs:177)
AreaBattle.EditorTools.SkillInputValidation/<>c__DisplayClass1_0:<Run>b__0 (string,System.Action) (at Assets/AreaBattle/Editor/SkillInputValidation.cs:18)
AreaBattle.EditorTools.SkillInputValidation:Run () (at Assets/AreaBattle/Editor/SkillInputValidation.cs:152)
System.Reflection.RuntimeMethodInfo:Invoke (object,System.Reflection.BindingFlags,System.Reflection.Binder,object[],System.Globalization.CultureInfo)
System.Reflection.MethodBase:Invoke (object,object[])
AreaBattle.EditorTools.BattleBuild:ValidateIntegrated () (at Assets/AreaBattle/Editor/BattleBuild.cs:32)
AreaBattle.EditorTools.BattleBuild:ValidateMechanicsOnly () (at Assets/AreaBattle/Editor/BattleBuild.cs:18)

[Assets/AreaBattle/Scripts/RecoveredWayLineVisual.cs line 21]

Instantiating material due to calling renderer.material during edit mode. This will leak materials into the scene. You most likely want to use renderer.sharedMaterial instead.
UnityEngine.Debug:ExtractStackTraceNoAlloc (byte*,int,string)
UnityEngine.StackTraceUtility:ExtractStackTrace () (at /Users/bokken/build/output/unity/unity/Runtime/Export/Scripting/StackTrace.cs:35)
UnityEngine.Renderer:GetMaterial ()
UnityEngine.Renderer:get_material () (at /Users/bokken/build/output/unity/unity/Runtime/Export/Graphics/GraphicsRenderers.bindings.cs:180)
AreaBattle.RecoveredWayLineVisual:Initialize () (at Assets/AreaBattle/Scripts/RecoveredWayLineVisual.cs:33)
AreaBattle.RecoveredWayLineVisual:SetLine (UnityEngine.Vector3,UnityEngine.Vector3,UnityEngine.Color,UnityEngine.Color,bool,bool,single) (at Assets/AreaBattle/Scripts/RecoveredWayLineVisual.cs:56)
AreaBattle.RecoveredWayLineVisual:Synchronize (AreaBattle.LineState,AreaBattle.TowerState,AreaBattle.TowerState,UnityEngine.Color,UnityEngine.Color,single) (at Assets/AreaBattle/Scripts/RecoveredWayLineVisual.cs:46)
AreaBattle.RecoveredWayLineVisual:Synchronize (AreaBattle.LineState,AreaBattle.TowerState,AreaBattle.TowerState,single) (at Assets/AreaBattle/Scripts/RecoveredWayLineVisual.cs:21)
AreaBattle.BattleView:RefreshPresentation () (at Assets/AreaBattle/Scripts/BattleView.cs:566)
AreaBattle.BattleView:AdvanceFrame (single,single) (at Assets/AreaBattle/Scripts/BattleView.cs:374)
AreaBattle.EditorTools.SkillInputValidation/<>c__DisplayClass1_3:<Run>b__19 () (at Assets/AreaBattle/Editor/SkillInputValidation.cs:177)
AreaBattle.EditorTools.SkillInputValidation/<>c__DisplayClass1_0:<Run>b__0 (string,System.Action) (at Assets/AreaBattle/Editor/SkillInputValidation.cs:18)
AreaBattle.EditorTools.SkillInputValidation:Run () (at Assets/AreaBattle/Editor/SkillInputValidation.cs:152)
System.Reflection.RuntimeMethodInfo:Invoke (object,System.Reflection.BindingFlags,System.Reflection.Binder,object[],System.Globalization.CultureInfo)
System.Reflection.MethodBase:Invoke (object,object[])
AreaBattle.EditorTools.BattleBuild:ValidateIntegrated () (at Assets/AreaBattle/Editor/BattleBuild.cs:32)
AreaBattle.EditorTools.BattleBuild:ValidateMechanicsOnly () (at Assets/AreaBattle/Editor/BattleBuild.cs:18)

[Assets/AreaBattle/Scripts/RecoveredWayLineVisual.cs line 21]

Instantiating material due to calling renderer.material during edit mode. This will leak materials into the scene. You most likely want to use renderer.sharedMaterial instead.
UnityEngine.Debug:ExtractStackTraceNoAlloc (byte*,int,string)
UnityEngine.StackTraceUtility:ExtractStackTrace () (at /Users/bokken/build/output/unity/unity/Runtime/Export/Scripting/StackTrace.cs:35)
UnityEngine.Renderer:GetMaterial ()
UnityEngine.Renderer:get_material () (at /Users/bokken/build/output/unity/unity/Runtime/Export/Graphics/GraphicsRenderers.bindings.cs:180)
AreaBattle.RecoveredWayLineVisual:Initialize () (at Assets/AreaBattle/Scripts/RecoveredWayLineVisual.cs:33)
AreaBattle.RecoveredWayLineVisual:SetLine (UnityEngine.Vector3,UnityEngine.Vector3,UnityEngine.Color,UnityEngine.Color,bool,bool,single) (at Assets/AreaBattle/Scripts/RecoveredWayLineVisual.cs:56)
AreaBattle.RecoveredWayLineVisual:Synchronize (AreaBattle.LineState,AreaBattle.TowerState,AreaBattle.TowerState,UnityEngine.Color,UnityEngine.Color,single) (at Assets/AreaBattle/Scripts/RecoveredWayLineVisual.cs:46)
AreaBattle.RecoveredWayLineVisual:Synchronize (AreaBattle.LineState,AreaBattle.TowerState,AreaBattle.TowerState,single) (at Assets/AreaBattle/Scripts/RecoveredWayLineVisual.cs:21)
AreaBattle.BattleView:RefreshPresentation () (at Assets/AreaBattle/Scripts/BattleView.cs:566)
AreaBattle.BattleView:AdvanceFrame (single,single) (at Assets/AreaBattle/Scripts/BattleView.cs:374)
AreaBattle.EditorTools.SkillInputValidation/<>c__DisplayClass1_3:<Run>b__19 () (at Assets/AreaBattle/Editor/SkillInputValidation.cs:177)
AreaBattle.EditorTools.SkillInputValidation/<>c__DisplayClass1_0:<Run>b__0 (string,System.Action) (at Assets/AreaBattle/Editor/SkillInputValidation.cs:18)
AreaBattle.EditorTools.SkillInputValidation:Run () (at Assets/AreaBattle/Editor/SkillInputValidation.cs:152)
System.Reflection.RuntimeMethodInfo:Invoke (object,System.Reflection.BindingFlags,System.Reflection.Binder,object[],System.Globalization.CultureInfo)
System.Reflection.MethodBase:Invoke (object,object[])
AreaBattle.EditorTools.BattleBuild:ValidateIntegrated () (at Assets/AreaBattle/Editor/BattleBuild.cs:32)
AreaBattle.EditorTools.BattleBuild:ValidateMechanicsOnly () (at Assets/AreaBattle/Editor/BattleBuild.cs:18)

[Assets/AreaBattle/Scripts/RecoveredWayLineVisual.cs line 21]

Instantiating material due to calling renderer.material during edit mode. This will leak materials into the scene. You most likely want to use renderer.sharedMaterial instead.
UnityEngine.Debug:ExtractStackTraceNoAlloc (byte*,int,string)
UnityEngine.StackTraceUtility:ExtractStackTrace () (at /Users/bokken/build/output/unity/unity/Runtime/Export/Scripting/StackTrace.cs:35)
UnityEngine.Renderer:GetMaterial ()
UnityEngine.Renderer:get_material () (at /Users/bokken/build/output/unity/unity/Runtime/Export/Graphics/GraphicsRenderers.bindings.cs:180)
AreaBattle.RecoveredWayLineVisual:Initialize () (at Assets/AreaBattle/Scripts/RecoveredWayLineVisual.cs:33)
AreaBattle.RecoveredWayLineVisual:SetLine (UnityEngine.Vector3,UnityEngine.Vector3,UnityEngine.Color,UnityEngine.Color,bool,bool,single) (at Assets/AreaBattle/Scripts/RecoveredWayLineVisual.cs:56)
AreaBattle.RecoveredWayLineVisual:Synchronize (AreaBattle.LineState,AreaBattle.TowerState,AreaBattle.TowerState,UnityEngine.Color,UnityEngine.Color,single) (at Assets/AreaBattle/Scripts/RecoveredWayLineVisual.cs:46)
AreaBattle.RecoveredWayLineVisual:Synchronize (AreaBattle.LineState,AreaBattle.TowerState,AreaBattle.TowerState,single) (at Assets/AreaBattle/Scripts/RecoveredWayLineVisual.cs:21)
AreaBattle.BattleView:RefreshPresentation () (at Assets/AreaBattle/Scripts/BattleView.cs:566)
AreaBattle.BattleView:AdvanceFrame (single,single) (at Assets/AreaBattle/Scripts/BattleView.cs:374)
AreaBattle.EditorTools.SkillInputValidation/<>c__DisplayClass1_3:<Run>b__19 () (at Assets/AreaBattle/Editor/SkillInputValidation.cs:177)
AreaBattle.EditorTools.SkillInputValidation/<>c__DisplayClass1_0:<Run>b__0 (string,System.Action) (at Assets/AreaBattle/Editor/SkillInputValidation.cs:18)
AreaBattle.EditorTools.SkillInputValidation:Run () (at Assets/AreaBattle/Editor/SkillInputValidation.cs:152)
System.Reflection.RuntimeMethodInfo:Invoke (object,System.Reflection.BindingFlags,System.Reflection.Binder,object[],System.Globalization.CultureInfo)
System.Reflection.MethodBase:Invoke (object,object[])
AreaBattle.EditorTools.BattleBuild:ValidateIntegrated () (at Assets/AreaBattle/Editor/BattleBuild.cs:32)
AreaBattle.EditorTools.BattleBuild:ValidateMechanicsOnly () (at Assets/AreaBattle/Editor/BattleBuild.cs:18)

[Assets/AreaBattle/Scripts/RecoveredWayLineVisual.cs line 21]

Instantiating material due to calling renderer.material during edit mode. This will leak materials into the scene. You most likely want to use renderer.sharedMaterial instead.
UnityEngine.Debug:ExtractStackTraceNoAlloc (byte*,int,string)
UnityEngine.StackTraceUtility:ExtractStackTrace () (at /Users/bokken/build/output/unity/unity/Runtime/Export/Scripting/StackTrace.cs:35)
UnityEngine.Renderer:GetMaterial ()
UnityEngine.Renderer:get_material () (at /Users/bokken/build/output/unity/unity/Runtime/Export/Graphics/GraphicsRenderers.bindings.cs:180)
AreaBattle.RecoveredWayLineVisual:Initialize () (at Assets/AreaBattle/Scripts/RecoveredWayLineVisual.cs:33)
AreaBattle.RecoveredWayLineVisual:SetLine (UnityEngine.Vector3,UnityEngine.Vector3,UnityEngine.Color,UnityEngine.Color,bool,bool,single) (at Assets/AreaBattle/Scripts/RecoveredWayLineVisual.cs:56)
AreaBattle.RecoveredWayLineVisual:Synchronize (AreaBattle.LineState,AreaBattle.TowerState,AreaBattle.TowerState,UnityEngine.Color,UnityEngine.Color,single) (at Assets/AreaBattle/Scripts/RecoveredWayLineVisual.cs:46)
AreaBattle.RecoveredWayLineVisual:Synchronize (AreaBattle.LineState,AreaBattle.TowerState,AreaBattle.TowerState,single) (at Assets/AreaBattle/Scripts/RecoveredWayLineVisual.cs:21)
AreaBattle.BattleView:RefreshPresentation () (at Assets/AreaBattle/Scripts/BattleView.cs:566)
AreaBattle.BattleView:AdvanceFrame (single,single) (at Assets/AreaBattle/Scripts/BattleView.cs:374)
AreaBattle.EditorTools.SkillInputValidation/<>c__DisplayClass1_3:<Run>b__19 () (at Assets/AreaBattle/Editor/SkillInputValidation.cs:177)
AreaBattle.EditorTools.SkillInputValidation/<>c__DisplayClass1_0:<Run>b__0 (string,System.Action) (at Assets/AreaBattle/Editor/SkillInputValidation.cs:18)
AreaBattle.EditorTools.SkillInputValidation:Run () (at Assets/AreaBattle/Editor/SkillInputValidation.cs:152)
System.Reflection.RuntimeMethodInfo:Invoke (object,System.Reflection.BindingFlags,System.Reflection.Binder,object[],System.Globalization.CultureInfo)
System.Reflection.MethodBase:Invoke (object,object[])
AreaBattle.EditorTools.BattleBuild:ValidateIntegrated () (at Assets/AreaBattle/Editor/BattleBuild.cs:32)
AreaBattle.EditorTools.BattleBuild:ValidateMechanicsOnly () (at Assets/AreaBattle/Editor/BattleBuild.cs:18)

[Assets/AreaBattle/Scripts/RecoveredWayLineVisual.cs line 21]

Instantiating material due to calling renderer.material during edit mode. This will leak materials into the scene. You most likely want to use renderer.sharedMaterial instead.
UnityEngine.Debug:ExtractStackTraceNoAlloc (byte*,int,string)
UnityEngine.StackTraceUtility:ExtractStackTrace () (at /Users/bokken/build/output/unity/unity/Runtime/Export/Scripting/StackTrace.cs:35)
UnityEngine.Renderer:GetMaterial ()
UnityEngine.Renderer:get_material () (at /Users/bokken/build/output/unity/unity/Runtime/Export/Graphics/GraphicsRenderers.bindings.cs:180)
AreaBattle.RecoveredWayLineVisual:Initialize () (at Assets/AreaBattle/Scripts/RecoveredWayLineVisual.cs:33)
AreaBattle.RecoveredWayLineVisual:SetLine (UnityEngine.Vector3,UnityEngine.Vector3,UnityEngine.Color,UnityEngine.Color,bool,bool,single) (at Assets/AreaBattle/Scripts/RecoveredWayLineVisual.cs:56)
AreaBattle.RecoveredWayLineVisual:Synchronize (AreaBattle.LineState,AreaBattle.TowerState,AreaBattle.TowerState,UnityEngine.Color,UnityEngine.Color,single) (at Assets/AreaBattle/Scripts/RecoveredWayLineVisual.cs:46)
AreaBattle.RecoveredWayLineVisual:Synchronize (AreaBattle.LineState,AreaBattle.TowerState,AreaBattle.TowerState,single) (at Assets/AreaBattle/Scripts/RecoveredWayLineVisual.cs:21)
AreaBattle.BattleView:RefreshPresentation () (at Assets/AreaBattle/Scripts/BattleView.cs:566)
AreaBattle.BattleView:AdvanceFrame (single,single) (at Assets/AreaBattle/Scripts/BattleView.cs:374)
AreaBattle.EditorTools.SkillInputValidation/<>c__DisplayClass1_3:<Run>b__19 () (at Assets/AreaBattle/Editor/SkillInputValidation.cs:177)
AreaBattle.EditorTools.SkillInputValidation/<>c__DisplayClass1_0:<Run>b__0 (string,System.Action) (at Assets/AreaBattle/Editor/SkillInputValidation.cs:18)
AreaBattle.EditorTools.SkillInputValidation:Run () (at Assets/AreaBattle/Editor/SkillInputValidation.cs:152)
System.Reflection.RuntimeMethodInfo:Invoke (object,System.Reflection.BindingFlags,System.Reflection.Binder,object[],System.Globalization.CultureInfo)
System.Reflection.MethodBase:Invoke (object,object[])
AreaBattle.EditorTools.BattleBuild:ValidateIntegrated () (at Assets/AreaBattle/Editor/BattleBuild.cs:32)
AreaBattle.EditorTools.BattleBuild:ValidateMechanicsOnly () (at Assets/AreaBattle/Editor/BattleBuild.cs:18)

[Assets/AreaBattle/Scripts/RecoveredWayLineVisual.cs line 21]

Instantiating material due to calling renderer.material during edit mode. This will leak materials into the scene. You most likely want to use renderer.sharedMaterial instead.
UnityEngine.Debug:ExtractStackTraceNoAlloc (byte*,int,string)
UnityEngine.StackTraceUtility:ExtractStackTrace () (at /Users/bokken/build/output/unity/unity/Runtime/Export/Scripting/StackTrace.cs:35)
UnityEngine.Renderer:GetMaterial ()
UnityEngine.Renderer:get_material () (at /Users/bokken/build/output/unity/unity/Runtime/Export/Graphics/GraphicsRenderers.bindings.cs:180)
AreaBattle.RecoveredWayLineVisual:Initialize () (at Assets/AreaBattle/Scripts/RecoveredWayLineVisual.cs:33)
AreaBattle.RecoveredWayLineVisual:SetLine (UnityEngine.Vector3,UnityEngine.Vector3,UnityEngine.Color,UnityEngine.Color,bool,bool,single) (at Assets/AreaBattle/Scripts/RecoveredWayLineVisual.cs:56)
AreaBattle.RecoveredWayLineVisual:Synchronize (AreaBattle.LineState,AreaBattle.TowerState,AreaBattle.TowerState,UnityEngine.Color,UnityEngine.Color,single) (at Assets/AreaBattle/Scripts/RecoveredWayLineVisual.cs:46)
AreaBattle.RecoveredWayLineVisual:Synchronize (AreaBattle.LineState,AreaBattle.TowerState,AreaBattle.TowerState,single) (at Assets/AreaBattle/Scripts/RecoveredWayLineVisual.cs:21)
AreaBattle.BattleView:RefreshPresentation () (at Assets/AreaBattle/Scripts/BattleView.cs:566)
AreaBattle.BattleView:AdvanceFrame (single,single) (at Assets/AreaBattle/Scripts/BattleView.cs:374)
AreaBattle.EditorTools.SkillInputValidation/<>c__DisplayClass1_3:<Run>b__19 () (at Assets/AreaBattle/Editor/SkillInputValidation.cs:177)
AreaBattle.EditorTools.SkillInputValidation/<>c__DisplayClass1_0:<Run>b__0 (string,System.Action) (at Assets/AreaBattle/Editor/SkillInputValidation.cs:18)
AreaBattle.EditorTools.SkillInputValidation:Run () (at Assets/AreaBattle/Editor/SkillInputValidation.cs:152)
System.Reflection.RuntimeMethodInfo:Invoke (object,System.Reflection.BindingFlags,System.Reflection.Binder,object[],System.Globalization.CultureInfo)
System.Reflection.MethodBase:Invoke (object,object[])
AreaBattle.EditorTools.BattleBuild:ValidateIntegrated () (at Assets/AreaBattle/Editor/BattleBuild.cs:32)
AreaBattle.EditorTools.BattleBuild:ValidateMechanicsOnly () (at Assets/AreaBattle/Editor/BattleBuild.cs:18)

[Assets/AreaBattle/Scripts/RecoveredWayLineVisual.cs line 21]

Instantiating material due to calling renderer.material during edit mode. This will leak materials into the scene. You most likely want to use renderer.sharedMaterial instead.
UnityEngine.Debug:ExtractStackTraceNoAlloc (byte*,int,string)
UnityEngine.StackTraceUtility:ExtractStackTrace () (at /Users/bokken/build/output/unity/unity/Runtime/Export/Scripting/StackTrace.cs:35)
UnityEngine.Renderer:GetMaterial ()
UnityEngine.Renderer:get_material () (at /Users/bokken/build/output/unity/unity/Runtime/Export/Graphics/GraphicsRenderers.bindings.cs:180)
AreaBattle.RecoveredWayLineVisual:Initialize () (at Assets/AreaBattle/Scripts/RecoveredWayLineVisual.cs:33)
AreaBattle.RecoveredWayLineVisual:SetLine (UnityEngine.Vector3,UnityEngine.Vector3,UnityEngine.Color,UnityEngine.Color,bool,bool,single) (at Assets/AreaBattle/Scripts/RecoveredWayLineVisual.cs:56)
AreaBattle.RecoveredWayLineVisual:Synchronize (AreaBattle.LineState,AreaBattle.TowerState,AreaBattle.TowerState,UnityEngine.Color,UnityEngine.Color,single) (at Assets/AreaBattle/Scripts/RecoveredWayLineVisual.cs:46)
AreaBattle.RecoveredWayLineVisual:Synchronize (AreaBattle.LineState,AreaBattle.TowerState,AreaBattle.TowerState,single) (at Assets/AreaBattle/Scripts/RecoveredWayLineVisual.cs:21)
AreaBattle.BattleView:RefreshPresentation () (at Assets/AreaBattle/Scripts/BattleView.cs:566)
AreaBattle.BattleView:AdvanceFrame (single,single) (at Assets/AreaBattle/Scripts/BattleView.cs:374)
AreaBattle.EditorTools.SkillInputValidation/<>c__DisplayClass1_3:<Run>b__19 () (at Assets/AreaBattle/Editor/SkillInputValidation.cs:177)
AreaBattle.EditorTools.SkillInputValidation/<>c__DisplayClass1_0:<Run>b__0 (string,System.Action) (at Assets/AreaBattle/Editor/SkillInputValidation.cs:18)
AreaBattle.EditorTools.SkillInputValidation:Run () (at Assets/AreaBattle/Editor/SkillInputValidation.cs:152)
System.Reflection.RuntimeMethodInfo:Invoke (object,System.Reflection.BindingFlags,System.Reflection.Binder,object[],System.Globalization.CultureInfo)
System.Reflection.MethodBase:Invoke (object,object[])
AreaBattle.EditorTools.BattleBuild:ValidateIntegrated () (at Assets/AreaBattle/Editor/BattleBuild.cs:32)
AreaBattle.EditorTools.BattleBuild:ValidateMechanicsOnly () (at Assets/AreaBattle/Editor/BattleBuild.cs:18)

[Assets/AreaBattle/Scripts/RecoveredWayLineVisual.cs line 21]

Instantiating material due to calling renderer.material during edit mode. This will leak materials into the scene. You most likely want to use renderer.sharedMaterial instead.
UnityEngine.Debug:ExtractStackTraceNoAlloc (byte*,int,string)
UnityEngine.StackTraceUtility:ExtractStackTrace () (at /Users/bokken/build/output/unity/unity/Runtime/Export/Scripting/StackTrace.cs:35)
UnityEngine.Renderer:GetMaterial ()
UnityEngine.Renderer:get_material () (at /Users/bokken/build/output/unity/unity/Runtime/Export/Graphics/GraphicsRenderers.bindings.cs:180)
AreaBattle.RecoveredWayLineVisual:Initialize () (at Assets/AreaBattle/Scripts/RecoveredWayLineVisual.cs:33)
AreaBattle.RecoveredWayLineVisual:SetLine (UnityEngine.Vector3,UnityEngine.Vector3,UnityEngine.Color,UnityEngine.Color,bool,bool,single) (at Assets/AreaBattle/Scripts/RecoveredWayLineVisual.cs:56)
AreaBattle.RecoveredWayLineVisual:Synchronize (AreaBattle.LineState,AreaBattle.TowerState,AreaBattle.TowerState,UnityEngine.Color,UnityEngine.Color,single) (at Assets/AreaBattle/Scripts/RecoveredWayLineVisual.cs:46)
AreaBattle.RecoveredWayLineVisual:Synchronize (AreaBattle.LineState,AreaBattle.TowerState,AreaBattle.TowerState,single) (at Assets/AreaBattle/Scripts/RecoveredWayLineVisual.cs:21)
AreaBattle.BattleView:RefreshPresentation () (at Assets/AreaBattle/Scripts/BattleView.cs:566)
AreaBattle.BattleView:AdvanceFrame (single,single) (at Assets/AreaBattle/Scripts/BattleView.cs:374)
AreaBattle.EditorTools.SkillInputValidation/<>c__DisplayClass1_3:<Run>b__19 () (at Assets/AreaBattle/Editor/SkillInputValidation.cs:177)
AreaBattle.EditorTools.SkillInputValidation/<>c__DisplayClass1_0:<Run>b__0 (string,System.Action) (at Assets/AreaBattle/Editor/SkillInputValidation.cs:18)
AreaBattle.EditorTools.SkillInputValidation:Run () (at Assets/AreaBattle/Editor/SkillInputValidation.cs:152)
System.Reflection.RuntimeMethodInfo:Invoke (object,System.Reflection.BindingFlags,System.Reflection.Binder,object[],System.Globalization.CultureInfo)
System.Reflection.MethodBase:Invoke (object,object[])
AreaBattle.EditorTools.BattleBuild:ValidateIntegrated () (at Assets/AreaBattle/Editor/BattleBuild.cs:32)
AreaBattle.EditorTools.BattleBuild:ValidateMechanicsOnly () (at Assets/AreaBattle/Editor/BattleBuild.cs:18)

[Assets/AreaBattle/Scripts/RecoveredWayLineVisual.cs line 21]

Instantiating material due to calling renderer.material during edit mode. This will leak materials into the scene. You most likely want to use renderer.sharedMaterial instead.
UnityEngine.Debug:ExtractStackTraceNoAlloc (byte*,int,string)
UnityEngine.StackTraceUtility:ExtractStackTrace () (at /Users/bokken/build/output/unity/unity/Runtime/Export/Scripting/StackTrace.cs:35)
UnityEngine.Renderer:GetMaterial ()
UnityEngine.Renderer:get_material () (at /Users/bokken/build/output/unity/unity/Runtime/Export/Graphics/GraphicsRenderers.bindings.cs:180)
AreaBattle.RecoveredWayLineVisual:Initialize () (at Assets/AreaBattle/Scripts/RecoveredWayLineVisual.cs:33)
AreaBattle.RecoveredWayLineVisual:SetLine (UnityEngine.Vector3,UnityEngine.Vector3,UnityEngine.Color,UnityEngine.Color,bool,bool,single) (at Assets/AreaBattle/Scripts/RecoveredWayLineVisual.cs:56)
AreaBattle.RecoveredWayLineVisual:Synchronize (AreaBattle.LineState,AreaBattle.TowerState,AreaBattle.TowerState,UnityEngine.Color,UnityEngine.Color,single) (at Assets/AreaBattle/Scripts/RecoveredWayLineVisual.cs:46)
AreaBattle.RecoveredWayLineVisual:Synchronize (AreaBattle.LineState,AreaBattle.TowerState,AreaBattle.TowerState,single) (at Assets/AreaBattle/Scripts/RecoveredWayLineVisual.cs:21)
AreaBattle.BattleView:RefreshPresentation () (at Assets/AreaBattle/Scripts/BattleView.cs:566)
AreaBattle.BattleView:AdvanceFrame (single,single) (at Assets/AreaBattle/Scripts/BattleView.cs:374)
AreaBattle.EditorTools.SkillInputValidation/<>c__DisplayClass1_3:<Run>b__19 () (at Assets/AreaBattle/Editor/SkillInputValidation.cs:177)
AreaBattle.EditorTools.SkillInputValidation/<>c__DisplayClass1_0:<Run>b__0 (string,System.Action) (at Assets/AreaBattle/Editor/SkillInputValidation.cs:18)
AreaBattle.EditorTools.SkillInputValidation:Run () (at Assets/AreaBattle/Editor/SkillInputValidation.cs:152)
System.Reflection.RuntimeMethodInfo:Invoke (object,System.Reflection.BindingFlags,System.Reflection.Binder,object[],System.Globalization.CultureInfo)
System.Reflection.MethodBase:Invoke (object,object[])
AreaBattle.EditorTools.BattleBuild:ValidateIntegrated () (at Assets/AreaBattle/Editor/BattleBuild.cs:32)
AreaBattle.EditorTools.BattleBuild:ValidateMechanicsOnly () (at Assets/AreaBattle/Editor/BattleBuild.cs:18)

[Assets/AreaBattle/Scripts/RecoveredWayLineVisual.cs line 21]

Instantiating material due to calling renderer.material during edit mode. This will leak materials into the scene. You most likely want to use renderer.sharedMaterial instead.
UnityEngine.Debug:ExtractStackTraceNoAlloc (byte*,int,string)
UnityEngine.StackTraceUtility:ExtractStackTrace () (at /Users/bokken/build/output/unity/unity/Runtime/Export/Scripting/StackTrace.cs:35)
UnityEngine.Renderer:GetMaterial ()
UnityEngine.Renderer:get_material () (at /Users/bokken/build/output/unity/unity/Runtime/Export/Graphics/GraphicsRenderers.bindings.cs:180)
AreaBattle.RecoveredWayLineVisual:Initialize () (at Assets/AreaBattle/Scripts/RecoveredWayLineVisual.cs:33)
AreaBattle.RecoveredWayLineVisual:SetLine (UnityEngine.Vector3,UnityEngine.Vector3,UnityEngine.Color,UnityEngine.Color,bool,bool,single) (at Assets/AreaBattle/Scripts/RecoveredWayLineVisual.cs:56)
AreaBattle.RecoveredWayLineVisual:Synchronize (AreaBattle.LineState,AreaBattle.TowerState,AreaBattle.TowerState,UnityEngine.Color,UnityEngine.Color,single) (at Assets/AreaBattle/Scripts/RecoveredWayLineVisual.cs:46)
AreaBattle.RecoveredWayLineVisual:Synchronize (AreaBattle.LineState,AreaBattle.TowerState,AreaBattle.TowerState,single) (at Assets/AreaBattle/Scripts/RecoveredWayLineVisual.cs:21)
AreaBattle.BattleView:RefreshPresentation () (at Assets/AreaBattle/Scripts/BattleView.cs:566)
AreaBattle.BattleView:AdvanceFrame (single,single) (at Assets/AreaBattle/Scripts/BattleView.cs:374)
AreaBattle.EditorTools.SkillInputValidation/<>c__DisplayClass1_3:<Run>b__19 () (at Assets/AreaBattle/Editor/SkillInputValidation.cs:177)
AreaBattle.EditorTools.SkillInputValidation/<>c__DisplayClass1_0:<Run>b__0 (string,System.Action) (at Assets/AreaBattle/Editor/SkillInputValidation.cs:18)
AreaBattle.EditorTools.SkillInputValidation:Run () (at Assets/AreaBattle/Editor/SkillInputValidation.cs:152)
System.Reflection.RuntimeMethodInfo:Invoke (object,System.Reflection.BindingFlags,System.Reflection.Binder,object[],System.Globalization.CultureInfo)
System.Reflection.MethodBase:Invoke (object,object[])
AreaBattle.EditorTools.BattleBuild:ValidateIntegrated () (at Assets/AreaBattle/Editor/BattleBuild.cs:32)
AreaBattle.EditorTools.BattleBuild:ValidateMechanicsOnly () (at Assets/AreaBattle/Editor/BattleBuild.cs:18)

[Assets/AreaBattle/Scripts/RecoveredWayLineVisual.cs line 21]

Instantiating material due to calling renderer.material during edit mode. This will leak materials into the scene. You most likely want to use renderer.sharedMaterial instead.
UnityEngine.Debug:ExtractStackTraceNoAlloc (byte*,int,string)
UnityEngine.StackTraceUtility:ExtractStackTrace () (at /Users/bokken/build/output/unity/unity/Runtime/Export/Scripting/StackTrace.cs:35)
UnityEngine.Renderer:GetMaterial ()
UnityEngine.Renderer:get_material () (at /Users/bokken/build/output/unity/unity/Runtime/Export/Graphics/GraphicsRenderers.bindings.cs:180)
AreaBattle.RecoveredWayLineVisual:Initialize () (at Assets/AreaBattle/Scripts/RecoveredWayLineVisual.cs:33)
AreaBattle.RecoveredWayLineVisual:SetLine (UnityEngine.Vector3,UnityEngine.Vector3,UnityEngine.Color,UnityEngine.Color,bool,bool,single) (at Assets/AreaBattle/Scripts/RecoveredWayLineVisual.cs:56)
AreaBattle.RecoveredWayLineVisual:Synchronize (AreaBattle.LineState,AreaBattle.TowerState,AreaBattle.TowerState,UnityEngine.Color,UnityEngine.Color,single) (at Assets/AreaBattle/Scripts/RecoveredWayLineVisual.cs:46)
AreaBattle.RecoveredWayLineVisual:Synchronize (AreaBattle.LineState,AreaBattle.TowerState,AreaBattle.TowerState,single) (at Assets/AreaBattle/Scripts/RecoveredWayLineVisual.cs:21)
AreaBattle.BattleView:RefreshPresentation () (at Assets/AreaBattle/Scripts/BattleView.cs:566)
AreaBattle.BattleView:AdvanceFrame (single,single) (at Assets/AreaBattle/Scripts/BattleView.cs:374)
AreaBattle.EditorTools.SkillInputValidation/<>c__DisplayClass1_3:<Run>b__19 () (at Assets/AreaBattle/Editor/SkillInputValidation.cs:177)
AreaBattle.EditorTools.SkillInputValidation/<>c__DisplayClass1_0:<Run>b__0 (string,System.Action) (at Assets/AreaBattle/Editor/SkillInputValidation.cs:18)
AreaBattle.EditorTools.SkillInputValidation:Run () (at Assets/AreaBattle/Editor/SkillInputValidation.cs:152)
System.Reflection.RuntimeMethodInfo:Invoke (object,System.Reflection.BindingFlags,System.Reflection.Binder,object[],System.Globalization.CultureInfo)
System.Reflection.MethodBase:Invoke (object,object[])
AreaBattle.EditorTools.BattleBuild:ValidateIntegrated () (at Assets/AreaBattle/Editor/BattleBuild.cs:32)
AreaBattle.EditorTools.BattleBuild:ValidateMechanicsOnly () (at Assets/AreaBattle/Editor/BattleBuild.cs:18)

[Assets/AreaBattle/Scripts/RecoveredWayLineVisual.cs line 21]

Instantiating material due to calling renderer.material during edit mode. This will leak materials into the scene. You most likely want to use renderer.sharedMaterial instead.
UnityEngine.Debug:ExtractStackTraceNoAlloc (byte*,int,string)
UnityEngine.StackTraceUtility:ExtractStackTrace () (at /Users/bokken/build/output/unity/unity/Runtime/Export/Scripting/StackTrace.cs:35)
UnityEngine.Renderer:GetMaterial ()
UnityEngine.Renderer:get_material () (at /Users/bokken/build/output/unity/unity/Runtime/Export/Graphics/GraphicsRenderers.bindings.cs:180)
AreaBattle.RecoveredWayLineVisual:Initialize () (at Assets/AreaBattle/Scripts/RecoveredWayLineVisual.cs:33)
AreaBattle.RecoveredWayLineVisual:SetLine (UnityEngine.Vector3,UnityEngine.Vector3,UnityEngine.Color,UnityEngine.Color,bool,bool,single) (at Assets/AreaBattle/Scripts/RecoveredWayLineVisual.cs:56)
AreaBattle.RecoveredWayLineVisual:Synchronize (AreaBattle.LineState,AreaBattle.TowerState,AreaBattle.TowerState,UnityEngine.Color,UnityEngine.Color,single) (at Assets/AreaBattle/Scripts/RecoveredWayLineVisual.cs:46)
AreaBattle.RecoveredWayLineVisual:Synchronize (AreaBattle.LineState,AreaBattle.TowerState,AreaBattle.TowerState,single) (at Assets/AreaBattle/Scripts/RecoveredWayLineVisual.cs:21)
AreaBattle.BattleView:RefreshPresentation () (at Assets/AreaBattle/Scripts/BattleView.cs:566)
AreaBattle.BattleView:AdvanceFrame (single,single) (at Assets/AreaBattle/Scripts/BattleView.cs:374)
AreaBattle.EditorTools.SkillInputValidation/<>c__DisplayClass1_3:<Run>b__19 () (at Assets/AreaBattle/Editor/SkillInputValidation.cs:177)
AreaBattle.EditorTools.SkillInputValidation/<>c__DisplayClass1_0:<Run>b__0 (string,System.Action) (at Assets/AreaBattle/Editor/SkillInputValidation.cs:18)
AreaBattle.EditorTools.SkillInputValidation:Run () (at Assets/AreaBattle/Editor/SkillInputValidation.cs:152)
System.Reflection.RuntimeMethodInfo:Invoke (object,System.Reflection.BindingFlags,System.Reflection.Binder,object[],System.Globalization.CultureInfo)
System.Reflection.MethodBase:Invoke (object,object[])
AreaBattle.EditorTools.BattleBuild:ValidateIntegrated () (at Assets/AreaBattle/Editor/BattleBuild.cs:32)
AreaBattle.EditorTools.BattleBuild:ValidateMechanicsOnly () (at Assets/AreaBattle/Editor/BattleBuild.cs:18)

[Assets/AreaBattle/Scripts/RecoveredWayLineVisual.cs line 21]

Instantiating material due to calling renderer.material during edit mode. This will leak materials into the scene. You most likely want to use renderer.sharedMaterial instead.
UnityEngine.Debug:ExtractStackTraceNoAlloc (byte*,int,string)
UnityEngine.StackTraceUtility:ExtractStackTrace () (at /Users/bokken/build/output/unity/unity/Runtime/Export/Scripting/StackTrace.cs:35)
UnityEngine.Renderer:GetMaterial ()
UnityEngine.Renderer:get_material () (at /Users/bokken/build/output/unity/unity/Runtime/Export/Graphics/GraphicsRenderers.bindings.cs:180)
AreaBattle.RecoveredWayLineVisual:Initialize () (at Assets/AreaBattle/Scripts/RecoveredWayLineVisual.cs:33)
AreaBattle.RecoveredWayLineVisual:SetLine (UnityEngine.Vector3,UnityEngine.Vector3,UnityEngine.Color,UnityEngine.Color,bool,bool,single) (at Assets/AreaBattle/Scripts/RecoveredWayLineVisual.cs:56)
AreaBattle.RecoveredWayLineVisual:Synchronize (AreaBattle.LineState,AreaBattle.TowerState,AreaBattle.TowerState,UnityEngine.Color,UnityEngine.Color,single) (at Assets/AreaBattle/Scripts/RecoveredWayLineVisual.cs:46)
AreaBattle.RecoveredWayLineVisual:Synchronize (AreaBattle.LineState,AreaBattle.TowerState,AreaBattle.TowerState,single) (at Assets/AreaBattle/Scripts/RecoveredWayLineVisual.cs:21)
AreaBattle.BattleView:RefreshPresentation () (at Assets/AreaBattle/Scripts/BattleView.cs:566)
AreaBattle.BattleView:AdvanceFrame (single,single) (at Assets/AreaBattle/Scripts/BattleView.cs:374)
AreaBattle.EditorTools.SkillInputValidation/<>c__DisplayClass1_3:<Run>b__19 () (at Assets/AreaBattle/Editor/SkillInputValidation.cs:177)
AreaBattle.EditorTools.SkillInputValidation/<>c__DisplayClass1_0:<Run>b__0 (string,System.Action) (at Assets/AreaBattle/Editor/SkillInputValidation.cs:18)
AreaBattle.EditorTools.SkillInputValidation:Run () (at Assets/AreaBattle/Editor/SkillInputValidation.cs:152)
System.Reflection.RuntimeMethodInfo:Invoke (object,System.Reflection.BindingFlags,System.Reflection.Binder,object[],System.Globalization.CultureInfo)
System.Reflection.MethodBase:Invoke (object,object[])
AreaBattle.EditorTools.BattleBuild:ValidateIntegrated () (at Assets/AreaBattle/Editor/BattleBuild.cs:32)
AreaBattle.EditorTools.BattleBuild:ValidateMechanicsOnly () (at Assets/AreaBattle/Editor/BattleBuild.cs:18)

[Assets/AreaBattle/Scripts/RecoveredWayLineVisual.cs line 21]

Instantiating material due to calling renderer.material during edit mode. This will leak materials into the scene. You most likely want to use renderer.sharedMaterial instead.
UnityEngine.Debug:ExtractStackTraceNoAlloc (byte*,int,string)
UnityEngine.StackTraceUtility:ExtractStackTrace () (at /Users/bokken/build/output/unity/unity/Runtime/Export/Scripting/StackTrace.cs:35)
UnityEngine.Renderer:GetMaterial ()
UnityEngine.Renderer:get_material () (at /Users/bokken/build/output/unity/unity/Runtime/Export/Graphics/GraphicsRenderers.bindings.cs:180)
AreaBattle.RecoveredWayLineVisual:Initialize () (at Assets/AreaBattle/Scripts/RecoveredWayLineVisual.cs:33)
AreaBattle.RecoveredWayLineVisual:SetLine (UnityEngine.Vector3,UnityEngine.Vector3,UnityEngine.Color,UnityEngine.Color,bool,bool,single) (at Assets/AreaBattle/Scripts/RecoveredWayLineVisual.cs:56)
AreaBattle.RecoveredWayLineVisual:Synchronize (AreaBattle.LineState,AreaBattle.TowerState,AreaBattle.TowerState,UnityEngine.Color,UnityEngine.Color,single) (at Assets/AreaBattle/Scripts/RecoveredWayLineVisual.cs:46)
AreaBattle.RecoveredWayLineVisual:Synchronize (AreaBattle.LineState,AreaBattle.TowerState,AreaBattle.TowerState,single) (at Assets/AreaBattle/Scripts/RecoveredWayLineVisual.cs:21)
AreaBattle.BattleView:RefreshPresentation () (at Assets/AreaBattle/Scripts/BattleView.cs:566)
AreaBattle.BattleView:AdvanceFrame (single,single) (at Assets/AreaBattle/Scripts/BattleView.cs:374)
AreaBattle.EditorTools.SkillInputValidation/<>c__DisplayClass1_3:<Run>b__19 () (at Assets/AreaBattle/Editor/SkillInputValidation.cs:177)
AreaBattle.EditorTools.SkillInputValidation/<>c__DisplayClass1_0:<Run>b__0 (string,System.Action) (at Assets/AreaBattle/Editor/SkillInputValidation.cs:18)
AreaBattle.EditorTools.SkillInputValidation:Run () (at Assets/AreaBattle/Editor/SkillInputValidation.cs:152)
System.Reflection.RuntimeMethodInfo:Invoke (object,System.Reflection.BindingFlags,System.Reflection.Binder,object[],System.Globalization.CultureInfo)
System.Reflection.MethodBase:Invoke (object,object[])
AreaBattle.EditorTools.BattleBuild:ValidateIntegrated () (at Assets/AreaBattle/Editor/BattleBuild.cs:32)
AreaBattle.EditorTools.BattleBuild:ValidateMechanicsOnly () (at Assets/AreaBattle/Editor/BattleBuild.cs:18)

[Assets/AreaBattle/Scripts/RecoveredWayLineVisual.cs line 21]

Instantiating material due to calling renderer.material during edit mode. This will leak materials into the scene. You most likely want to use renderer.sharedMaterial instead.
UnityEngine.Debug:ExtractStackTraceNoAlloc (byte*,int,string)
UnityEngine.StackTraceUtility:ExtractStackTrace () (at /Users/bokken/build/output/unity/unity/Runtime/Export/Scripting/StackTrace.cs:35)
UnityEngine.Renderer:GetMaterial ()
UnityEngine.Renderer:get_material () (at /Users/bokken/build/output/unity/unity/Runtime/Export/Graphics/GraphicsRenderers.bindings.cs:180)
AreaBattle.RecoveredWayLineVisual:Initialize () (at Assets/AreaBattle/Scripts/RecoveredWayLineVisual.cs:33)
AreaBattle.RecoveredWayLineVisual:SetLine (UnityEngine.Vector3,UnityEngine.Vector3,UnityEngine.Color,UnityEngine.Color,bool,bool,single) (at Assets/AreaBattle/Scripts/RecoveredWayLineVisual.cs:56)
AreaBattle.RecoveredWayLineVisual:Synchronize (AreaBattle.LineState,AreaBattle.TowerState,AreaBattle.TowerState,UnityEngine.Color,UnityEngine.Color,single) (at Assets/AreaBattle/Scripts/RecoveredWayLineVisual.cs:46)
AreaBattle.RecoveredWayLineVisual:Synchronize (AreaBattle.LineState,AreaBattle.TowerState,AreaBattle.TowerState,single) (at Assets/AreaBattle/Scripts/RecoveredWayLineVisual.cs:21)
AreaBattle.BattleView:RefreshPresentation () (at Assets/AreaBattle/Scripts/BattleView.cs:566)
AreaBattle.BattleView:AdvanceFrame (single,single) (at Assets/AreaBattle/Scripts/BattleView.cs:374)
AreaBattle.EditorTools.SkillInputValidation/<>c__DisplayClass1_3:<Run>b__19 () (at Assets/AreaBattle/Editor/SkillInputValidation.cs:177)
AreaBattle.EditorTools.SkillInputValidation/<>c__DisplayClass1_0:<Run>b__0 (string,System.Action) (at Assets/AreaBattle/Editor/SkillInputValidation.cs:18)
AreaBattle.EditorTools.SkillInputValidation:Run () (at Assets/AreaBattle/Editor/SkillInputValidation.cs:152)
System.Reflection.RuntimeMethodInfo:Invoke (object,System.Reflection.BindingFlags,System.Reflection.Binder,object[],System.Globalization.CultureInfo)
System.Reflection.MethodBase:Invoke (object,object[])
AreaBattle.EditorTools.BattleBuild:ValidateIntegrated () (at Assets/AreaBattle/Editor/BattleBuild.cs:32)
AreaBattle.EditorTools.BattleBuild:ValidateMechanicsOnly () (at Assets/AreaBattle/Editor/BattleBuild.cs:18)

[Assets/AreaBattle/Scripts/RecoveredWayLineVisual.cs line 21]

Instantiating material due to calling renderer.material during edit mode. This will leak materials into the scene. You most likely want to use renderer.sharedMaterial instead.
UnityEngine.Debug:ExtractStackTraceNoAlloc (byte*,int,string)
UnityEngine.StackTraceUtility:ExtractStackTrace () (at /Users/bokken/build/output/unity/unity/Runtime/Export/Scripting/StackTrace.cs:35)
UnityEngine.Renderer:GetMaterial ()
UnityEngine.Renderer:get_material () (at /Users/bokken/build/output/unity/unity/Runtime/Export/Graphics/GraphicsRenderers.bindings.cs:180)
AreaBattle.RecoveredWayLineVisual:Initialize () (at Assets/AreaBattle/Scripts/RecoveredWayLineVisual.cs:33)
AreaBattle.RecoveredWayLineVisual:SetLine (UnityEngine.Vector3,UnityEngine.Vector3,UnityEngine.Color,UnityEngine.Color,bool,bool,single) (at Assets/AreaBattle/Scripts/RecoveredWayLineVisual.cs:56)
AreaBattle.EditorTools.RecoveredWayLineImporter/<>c:<Run>b__13_2 (AreaBattle.RecoveredWayLineVisual) (at Assets/AreaBattle/Editor/RecoveredWayLineImporter.cs:100)
AreaBattle.EditorTools.RecoveredWayLineImporter/<>c__DisplayClass14_0:<CheckPrefab>b__0 () (at Assets/AreaBattle/Editor/RecoveredWayLineImporter.cs:121)
AreaBattle.EditorTools.RecoveredWayLineImporter/<>c__DisplayClass13_0:<Run>b__0 (string,System.Action) (at Assets/AreaBattle/Editor/RecoveredWayLineImporter.cs:97)
AreaBattle.EditorTools.RecoveredWayLineImporter:CheckPrefab (System.Action`2<string, System.Action>,string,bool,System.Action`1<AreaBattle.RecoveredWayLineVisual>) (at Assets/AreaBattle/Editor/RecoveredWayLineImporter.cs:121)
AreaBattle.EditorTools.RecoveredWayLineImporter:Run () (at Assets/AreaBattle/Editor/RecoveredWayLineImporter.cs:99)
System.Reflection.RuntimeMethodInfo:Invoke (object,System.Reflection.BindingFlags,System.Reflection.Binder,object[],System.Globalization.CultureInfo)
System.Reflection.MethodBase:Invoke (object,object[])
AreaBattle.EditorTools.BattleBuild:ValidateIntegrated () (at Assets/AreaBattle/Editor/BattleBuild.cs:32)
AreaBattle.EditorTools.BattleBuild:ValidateMechanicsOnly () (at Assets/AreaBattle/Editor/BattleBuild.cs:18)

[Assets/AreaBattle/Editor/RecoveredWayLineImporter.cs line 100]

Instantiating material due to calling renderer.material during edit mode. This will leak materials into the scene. You most likely want to use renderer.sharedMaterial instead.
UnityEngine.Debug:ExtractStackTraceNoAlloc (byte*,int,string)
UnityEngine.StackTraceUtility:ExtractStackTrace () (at /Users/bokken/build/output/unity/unity/Runtime/Export/Scripting/StackTrace.cs:35)
UnityEngine.Renderer:GetMaterial ()
UnityEngine.Renderer:get_material () (at /Users/bokken/build/output/unity/unity/Runtime/Export/Graphics/GraphicsRenderers.bindings.cs:180)
AreaBattle.RecoveredWayLineVisual:Initialize () (at Assets/AreaBattle/Scripts/RecoveredWayLineVisual.cs:33)
AreaBattle.RecoveredWayLineVisual:SetLine (UnityEngine.Vector3,UnityEngine.Vector3,UnityEngine.Color,UnityEngine.Color,bool,bool,single) (at Assets/AreaBattle/Scripts/RecoveredWayLineVisual.cs:56)
AreaBattle.EditorTools.RecoveredWayLineImporter/<>c:<Run>b__13_2 (AreaBattle.RecoveredWayLineVisual) (at Assets/AreaBattle/Editor/RecoveredWayLineImporter.cs:100)
AreaBattle.EditorTools.RecoveredWayLineImporter/<>c__DisplayClass14_0:<CheckPrefab>b__0 () (at Assets/AreaBattle/Editor/RecoveredWayLineImporter.cs:121)
AreaBattle.EditorTools.RecoveredWayLineImporter/<>c__DisplayClass13_0:<Run>b__0 (string,System.Action) (at Assets/AreaBattle/Editor/RecoveredWayLineImporter.cs:97)
AreaBattle.EditorTools.RecoveredWayLineImporter:CheckPrefab (System.Action`2<string, System.Action>,string,bool,System.Action`1<AreaBattle.RecoveredWayLineVisual>) (at Assets/AreaBattle/Editor/RecoveredWayLineImporter.cs:121)
AreaBattle.EditorTools.RecoveredWayLineImporter:Run () (at Assets/AreaBattle/Editor/RecoveredWayLineImporter.cs:99)
System.Reflection.RuntimeMethodInfo:Invoke (object,System.Reflection.BindingFlags,System.Reflection.Binder,object[],System.Globalization.CultureInfo)
System.Reflection.MethodBase:Invoke (object,object[])
AreaBattle.EditorTools.BattleBuild:ValidateIntegrated () (at Assets/AreaBattle/Editor/BattleBuild.cs:32)
AreaBattle.EditorTools.BattleBuild:ValidateMechanicsOnly () (at Assets/AreaBattle/Editor/BattleBuild.cs:18)

[Assets/AreaBattle/Editor/RecoveredWayLineImporter.cs line 100]

Instantiating material due to calling renderer.material during edit mode. This will leak materials into the scene. You most likely want to use renderer.sharedMaterial instead.
UnityEngine.Debug:ExtractStackTraceNoAlloc (byte*,int,string)
UnityEngine.StackTraceUtility:ExtractStackTrace () (at /Users/bokken/build/output/unity/unity/Runtime/Export/Scripting/StackTrace.cs:35)
UnityEngine.Renderer:GetMaterial ()
UnityEngine.Renderer:get_material () (at /Users/bokken/build/output/unity/unity/Runtime/Export/Graphics/GraphicsRenderers.bindings.cs:180)
AreaBattle.RecoveredWayLineVisual:Initialize () (at Assets/AreaBattle/Scripts/RecoveredWayLineVisual.cs:33)
AreaBattle.RecoveredWayLineVisual:SetLine (UnityEngine.Vector3,UnityEngine.Vector3,UnityEngine.Color,UnityEngine.Color,bool,bool,single) (at Assets/AreaBattle/Scripts/RecoveredWayLineVisual.cs:56)
AreaBattle.EditorTools.RecoveredWayLineImporter/<>c:<Run>b__13_3 (AreaBattle.RecoveredWayLineVisual) (at Assets/AreaBattle/Editor/RecoveredWayLineImporter.cs:106)
AreaBattle.EditorTools.RecoveredWayLineImporter/<>c__DisplayClass14_0:<CheckPrefab>b__0 () (at Assets/AreaBattle/Editor/RecoveredWayLineImporter.cs:121)
AreaBattle.EditorTools.RecoveredWayLineImporter/<>c__DisplayClass13_0:<Run>b__0 (string,System.Action) (at Assets/AreaBattle/Editor/RecoveredWayLineImporter.cs:97)
AreaBattle.EditorTools.RecoveredWayLineImporter:CheckPrefab (System.Action`2<string, System.Action>,string,bool,System.Action`1<AreaBattle.RecoveredWayLineVisual>) (at Assets/AreaBattle/Editor/RecoveredWayLineImporter.cs:121)
AreaBattle.EditorTools.RecoveredWayLineImporter:Run () (at Assets/AreaBattle/Editor/RecoveredWayLineImporter.cs:105)
System.Reflection.RuntimeMethodInfo:Invoke (object,System.Reflection.BindingFlags,System.Reflection.Binder,object[],System.Globalization.CultureInfo)
System.Reflection.MethodBase:Invoke (object,object[])
AreaBattle.EditorTools.BattleBuild:ValidateIntegrated () (at Assets/AreaBattle/Editor/BattleBuild.cs:32)
AreaBattle.EditorTools.BattleBuild:ValidateMechanicsOnly () (at Assets/AreaBattle/Editor/BattleBuild.cs:18)

[Assets/AreaBattle/Editor/RecoveredWayLineImporter.cs line 106]

Instantiating material due to calling renderer.material during edit mode. This will leak materials into the scene. You most likely want to use renderer.sharedMaterial instead.
UnityEngine.Debug:ExtractStackTraceNoAlloc (byte*,int,string)
UnityEngine.StackTraceUtility:ExtractStackTrace () (at /Users/bokken/build/output/unity/unity/Runtime/Export/Scripting/StackTrace.cs:35)
UnityEngine.Renderer:GetMaterial ()
UnityEngine.Renderer:get_material () (at /Users/bokken/build/output/unity/unity/Runtime/Export/Graphics/GraphicsRenderers.bindings.cs:180)
AreaBattle.RecoveredWayLineVisual:Initialize () (at Assets/AreaBattle/Scripts/RecoveredWayLineVisual.cs:33)
AreaBattle.RecoveredWayLineVisual:SetLine (UnityEngine.Vector3,UnityEngine.Vector3,UnityEngine.Color,UnityEngine.Color,bool,bool,single) (at Assets/AreaBattle/Scripts/RecoveredWayLineVisual.cs:56)
AreaBattle.EditorTools.RecoveredWayLineImporter/<>c:<Run>b__13_3 (AreaBattle.RecoveredWayLineVisual) (at Assets/AreaBattle/Editor/RecoveredWayLineImporter.cs:106)
AreaBattle.EditorTools.RecoveredWayLineImporter/<>c__DisplayClass14_0:<CheckPrefab>b__0 () (at Assets/AreaBattle/Editor/RecoveredWayLineImporter.cs:121)
AreaBattle.EditorTools.RecoveredWayLineImporter/<>c__DisplayClass13_0:<Run>b__0 (string,System.Action) (at Assets/AreaBattle/Editor/RecoveredWayLineImporter.cs:97)
AreaBattle.EditorTools.RecoveredWayLineImporter:CheckPrefab (System.Action`2<string, System.Action>,string,bool,System.Action`1<AreaBattle.RecoveredWayLineVisual>) (at Assets/AreaBattle/Editor/RecoveredWayLineImporter.cs:121)
AreaBattle.EditorTools.RecoveredWayLineImporter:Run () (at Assets/AreaBattle/Editor/RecoveredWayLineImporter.cs:105)
System.Reflection.RuntimeMethodInfo:Invoke (object,System.Reflection.BindingFlags,System.Reflection.Binder,object[],System.Globalization.CultureInfo)
System.Reflection.MethodBase:Invoke (object,object[])
AreaBattle.EditorTools.BattleBuild:ValidateIntegrated () (at Assets/AreaBattle/Editor/BattleBuild.cs:32)
AreaBattle.EditorTools.BattleBuild:ValidateMechanicsOnly () (at Assets/AreaBattle/Editor/BattleBuild.cs:18)

[Assets/AreaBattle/Editor/RecoveredWayLineImporter.cs line 106]

Instantiating material due to calling renderer.material during edit mode. This will leak materials into the scene. You most likely want to use renderer.sharedMaterial instead.
UnityEngine.Debug:ExtractStackTraceNoAlloc (byte*,int,string)
UnityEngine.StackTraceUtility:ExtractStackTrace () (at /Users/bokken/build/output/unity/unity/Runtime/Export/Scripting/StackTrace.cs:35)
UnityEngine.Renderer:GetMaterial ()
UnityEngine.Renderer:get_material () (at /Users/bokken/build/output/unity/unity/Runtime/Export/Graphics/GraphicsRenderers.bindings.cs:180)
AreaBattle.RecoveredWayLineVisual:Initialize () (at Assets/AreaBattle/Scripts/RecoveredWayLineVisual.cs:33)
AreaBattle.RecoveredWayLineVisual:SetLine (UnityEngine.Vector3,UnityEngine.Vector3,UnityEngine.Color,UnityEngine.Color,bool,bool,single) (at Assets/AreaBattle/Scripts/RecoveredWayLineVisual.cs:56)
AreaBattle.EditorTools.RecoveredWayLineImporter/<>c:<Run>b__13_3 (AreaBattle.RecoveredWayLineVisual) (at Assets/AreaBattle/Editor/RecoveredWayLineImporter.cs:106)
AreaBattle.EditorTools.RecoveredWayLineImporter/<>c__DisplayClass14_0:<CheckPrefab>b__0 () (at Assets/AreaBattle/Editor/RecoveredWayLineImporter.cs:121)
AreaBattle.EditorTools.RecoveredWayLineImporter/<>c__DisplayClass13_0:<Run>b__0 (string,System.Action) (at Assets/AreaBattle/Editor/RecoveredWayLineImporter.cs:97)
AreaBattle.EditorTools.RecoveredWayLineImporter:CheckPrefab (System.Action`2<string, System.Action>,string,bool,System.Action`1<AreaBattle.RecoveredWayLineVisual>) (at Assets/AreaBattle/Editor/RecoveredWayLineImporter.cs:121)
AreaBattle.EditorTools.RecoveredWayLineImporter:Run () (at Assets/AreaBattle/Editor/RecoveredWayLineImporter.cs:105)
System.Reflection.RuntimeMethodInfo:Invoke (object,System.Reflection.BindingFlags,System.Reflection.Binder,object[],System.Globalization.CultureInfo)
System.Reflection.MethodBase:Invoke (object,object[])
AreaBattle.EditorTools.BattleBuild:ValidateIntegrated () (at Assets/AreaBattle/Editor/BattleBuild.cs:32)
AreaBattle.EditorTools.BattleBuild:ValidateMechanicsOnly () (at Assets/AreaBattle/Editor/BattleBuild.cs:18)

[Assets/AreaBattle/Editor/RecoveredWayLineImporter.cs line 106]

Instantiating material due to calling renderer.material during edit mode. This will leak materials into the scene. You most likely want to use renderer.sharedMaterial instead.
UnityEngine.Debug:ExtractStackTraceNoAlloc (byte*,int,string)
UnityEngine.StackTraceUtility:ExtractStackTrace () (at /Users/bokken/build/output/unity/unity/Runtime/Export/Scripting/StackTrace.cs:35)
UnityEngine.Renderer:GetMaterial ()
UnityEngine.Renderer:get_material () (at /Users/bokken/build/output/unity/unity/Runtime/Export/Graphics/GraphicsRenderers.bindings.cs:180)
AreaBattle.RecoveredWayLineVisual:Initialize () (at Assets/AreaBattle/Scripts/RecoveredWayLineVisual.cs:33)
AreaBattle.RecoveredWayLineVisual:SetLine (UnityEngine.Vector3,UnityEngine.Vector3,UnityEngine.Color,UnityEngine.Color,bool,bool,single) (at Assets/AreaBattle/Scripts/RecoveredWayLineVisual.cs:56)
AreaBattle.EditorTools.RecoveredWayLineImporter/<>c:<Run>b__13_3 (AreaBattle.RecoveredWayLineVisual) (at Assets/AreaBattle/Editor/RecoveredWayLineImporter.cs:106)
AreaBattle.EditorTools.RecoveredWayLineImporter/<>c__DisplayClass14_0:<CheckPrefab>b__0 () (at Assets/AreaBattle/Editor/RecoveredWayLineImporter.cs:121)
AreaBattle.EditorTools.RecoveredWayLineImporter/<>c__DisplayClass13_0:<Run>b__0 (string,System.Action) (at Assets/AreaBattle/Editor/RecoveredWayLineImporter.cs:97)
AreaBattle.EditorTools.RecoveredWayLineImporter:CheckPrefab (System.Action`2<string, System.Action>,string,bool,System.Action`1<AreaBattle.RecoveredWayLineVisual>) (at Assets/AreaBattle/Editor/RecoveredWayLineImporter.cs:121)
AreaBattle.EditorTools.RecoveredWayLineImporter:Run () (at Assets/AreaBattle/Editor/RecoveredWayLineImporter.cs:105)
System.Reflection.RuntimeMethodInfo:Invoke (object,System.Reflection.BindingFlags,System.Reflection.Binder,object[],System.Globalization.CultureInfo)
System.Reflection.MethodBase:Invoke (object,object[])
AreaBattle.EditorTools.BattleBuild:ValidateIntegrated () (at Assets/AreaBattle/Editor/BattleBuild.cs:32)
AreaBattle.EditorTools.BattleBuild:ValidateMechanicsOnly () (at Assets/AreaBattle/Editor/BattleBuild.cs:18)

[Assets/AreaBattle/Editor/RecoveredWayLineImporter.cs line 106]

Instantiating material due to calling renderer.material during edit mode. This will leak materials into the scene. You most likely want to use renderer.sharedMaterial instead.
UnityEngine.Debug:ExtractStackTraceNoAlloc (byte*,int,string)
UnityEngine.StackTraceUtility:ExtractStackTrace () (at /Users/bokken/build/output/unity/unity/Runtime/Export/Scripting/StackTrace.cs:35)
UnityEngine.Renderer:GetMaterial ()
UnityEngine.Renderer:get_material () (at /Users/bokken/build/output/unity/unity/Runtime/Export/Graphics/GraphicsRenderers.bindings.cs:180)
AreaBattle.RecoveredWayLineVisual:Initialize () (at Assets/AreaBattle/Scripts/RecoveredWayLineVisual.cs:33)
AreaBattle.RecoveredWayLineVisual:SetLine (UnityEngine.Vector3,UnityEngine.Vector3,UnityEngine.Color,UnityEngine.Color,bool,bool,single) (at Assets/AreaBattle/Scripts/RecoveredWayLineVisual.cs:56)
AreaBattle.RecoveredWayLineVisual:Synchronize (AreaBattle.LineState,AreaBattle.TowerState,AreaBattle.TowerState,UnityEngine.Color,UnityEngine.Color,single) (at Assets/AreaBattle/Scripts/RecoveredWayLineVisual.cs:46)
AreaBattle.EditorTools.RecoveredWayLineImporter/<>c:<Run>b__13_4 (AreaBattle.RecoveredWayLineVisual) (at Assets/AreaBattle/Editor/RecoveredWayLineImporter.cs:113)
AreaBattle.EditorTools.RecoveredWayLineImporter/<>c__DisplayClass14_0:<CheckPrefab>b__0 () (at Assets/AreaBattle/Editor/RecoveredWayLineImporter.cs:121)
AreaBattle.EditorTools.RecoveredWayLineImporter/<>c__DisplayClass13_0:<Run>b__0 (string,System.Action) (at Assets/AreaBattle/Editor/RecoveredWayLineImporter.cs:97)
AreaBattle.EditorTools.RecoveredWayLineImporter:CheckPrefab (System.Action`2<string, System.Action>,string,bool,System.Action`1<AreaBattle.RecoveredWayLineVisual>) (at Assets/AreaBattle/Editor/RecoveredWayLineImporter.cs:121)
AreaBattle.EditorTools.RecoveredWayLineImporter:Run () (at Assets/AreaBattle/Editor/RecoveredWayLineImporter.cs:111)
System.Reflection.RuntimeMethodInfo:Invoke (object,System.Reflection.BindingFlags,System.Reflection.Binder,object[],System.Globalization.CultureInfo)
System.Reflection.MethodBase:Invoke (object,object[])
AreaBattle.EditorTools.BattleBuild:ValidateIntegrated () (at Assets/AreaBattle/Editor/BattleBuild.cs:32)
AreaBattle.EditorTools.BattleBuild:ValidateMechanicsOnly () (at Assets/AreaBattle/Editor/BattleBuild.cs:18)

[Assets/AreaBattle/Editor/RecoveredWayLineImporter.cs line 113]

Instantiating material due to calling renderer.material during edit mode. This will leak materials into the scene. You most likely want to use renderer.sharedMaterial instead.
UnityEngine.Debug:ExtractStackTraceNoAlloc (byte*,int,string)
UnityEngine.StackTraceUtility:ExtractStackTrace () (at /Users/bokken/build/output/unity/unity/Runtime/Export/Scripting/StackTrace.cs:35)
UnityEngine.Renderer:GetMaterial ()
UnityEngine.Renderer:get_material () (at /Users/bokken/build/output/unity/unity/Runtime/Export/Graphics/GraphicsRenderers.bindings.cs:180)
AreaBattle.RecoveredWayLineVisual:Initialize () (at Assets/AreaBattle/Scripts/RecoveredWayLineVisual.cs:33)
AreaBattle.RecoveredWayLineVisual:SetLine (UnityEngine.Vector3,UnityEngine.Vector3,UnityEngine.Color,UnityEngine.Color,bool,bool,single) (at Assets/AreaBattle/Scripts/RecoveredWayLineVisual.cs:56)
AreaBattle.RecoveredWayLineVisual:Synchronize (AreaBattle.LineState,AreaBattle.TowerState,AreaBattle.TowerState,UnityEngine.Color,UnityEngine.Color,single) (at Assets/AreaBattle/Scripts/RecoveredWayLineVisual.cs:46)
AreaBattle.EditorTools.RecoveredWayLineImporter/<>c:<Run>b__13_4 (AreaBattle.RecoveredWayLineVisual) (at Assets/AreaBattle/Editor/RecoveredWayLineImporter.cs:113)
AreaBattle.EditorTools.RecoveredWayLineImporter/<>c__DisplayClass14_0:<CheckPrefab>b__0 () (at Assets/AreaBattle/Editor/RecoveredWayLineImporter.cs:121)
AreaBattle.EditorTools.RecoveredWayLineImporter/<>c__DisplayClass13_0:<Run>b__0 (string,System.Action) (at Assets/AreaBattle/Editor/RecoveredWayLineImporter.cs:97)
AreaBattle.EditorTools.RecoveredWayLineImporter:CheckPrefab (System.Action`2<string, System.Action>,string,bool,System.Action`1<AreaBattle.RecoveredWayLineVisual>) (at Assets/AreaBattle/Editor/RecoveredWayLineImporter.cs:121)
AreaBattle.EditorTools.RecoveredWayLineImporter:Run () (at Assets/AreaBattle/Editor/RecoveredWayLineImporter.cs:111)
System.Reflection.RuntimeMethodInfo:Invoke (object,System.Reflection.BindingFlags,System.Reflection.Binder,object[],System.Globalization.CultureInfo)
System.Reflection.MethodBase:Invoke (object,object[])
AreaBattle.EditorTools.BattleBuild:ValidateIntegrated () (at Assets/AreaBattle/Editor/BattleBuild.cs:32)
AreaBattle.EditorTools.BattleBuild:ValidateMechanicsOnly () (at Assets/AreaBattle/Editor/BattleBuild.cs:18)

[Assets/AreaBattle/Editor/RecoveredWayLineImporter.cs line 113]

Instantiating material due to calling renderer.material during edit mode. This will leak materials into the scene. You most likely want to use renderer.sharedMaterial instead.
UnityEngine.Debug:ExtractStackTraceNoAlloc (byte*,int,string)
UnityEngine.StackTraceUtility:ExtractStackTrace () (at /Users/bokken/build/output/unity/unity/Runtime/Export/Scripting/StackTrace.cs:35)
UnityEngine.Renderer:GetMaterial ()
UnityEngine.Renderer:get_material () (at /Users/bokken/build/output/unity/unity/Runtime/Export/Graphics/GraphicsRenderers.bindings.cs:180)
AreaBattle.RecoveredWayLineVisual:Initialize () (at Assets/AreaBattle/Scripts/RecoveredWayLineVisual.cs:33)
AreaBattle.RecoveredWayLineVisual:SetLine (UnityEngine.Vector3,UnityEngine.Vector3,UnityEngine.Color,UnityEngine.Color,bool,bool,single) (at Assets/AreaBattle/Scripts/RecoveredWayLineVisual.cs:56)
AreaBattle.EditorTools.RecoveredWayLineImporter/<>c:<Run>b__13_5 (AreaBattle.RecoveredWayLineVisual) (at Assets/AreaBattle/Editor/RecoveredWayLineImporter.cs:117)
AreaBattle.EditorTools.RecoveredWayLineImporter/<>c__DisplayClass14_0:<CheckPrefab>b__0 () (at Assets/AreaBattle/Editor/RecoveredWayLineImporter.cs:121)
AreaBattle.EditorTools.RecoveredWayLineImporter/<>c__DisplayClass13_0:<Run>b__0 (string,System.Action) (at Assets/AreaBattle/Editor/RecoveredWayLineImporter.cs:97)
AreaBattle.EditorTools.RecoveredWayLineImporter:CheckPrefab (System.Action`2<string, System.Action>,string,bool,System.Action`1<AreaBattle.RecoveredWayLineVisual>) (at Assets/AreaBattle/Editor/RecoveredWayLineImporter.cs:121)
AreaBattle.EditorTools.RecoveredWayLineImporter:Run () (at Assets/AreaBattle/Editor/RecoveredWayLineImporter.cs:117)
System.Reflection.RuntimeMethodInfo:Invoke (object,System.Reflection.BindingFlags,System.Reflection.Binder,object[],System.Globalization.CultureInfo)
System.Reflection.MethodBase:Invoke (object,object[])
AreaBattle.EditorTools.BattleBuild:ValidateIntegrated () (at Assets/AreaBattle/Editor/BattleBuild.cs:32)
AreaBattle.EditorTools.BattleBuild:ValidateMechanicsOnly () (at Assets/AreaBattle/Editor/BattleBuild.cs:18)

[Assets/AreaBattle/Editor/RecoveredWayLineImporter.cs line 117]

Instantiating material due to calling renderer.material during edit mode. This will leak materials into the scene. You most likely want to use renderer.sharedMaterial instead.
UnityEngine.Debug:ExtractStackTraceNoAlloc (byte*,int,string)
UnityEngine.StackTraceUtility:ExtractStackTrace () (at /Users/bokken/build/output/unity/unity/Runtime/Export/Scripting/StackTrace.cs:35)
UnityEngine.Renderer:GetMaterial ()
UnityEngine.Renderer:get_material () (at /Users/bokken/build/output/unity/unity/Runtime/Export/Graphics/GraphicsRenderers.bindings.cs:180)
AreaBattle.RecoveredWayLineVisual:Initialize () (at Assets/AreaBattle/Scripts/RecoveredWayLineVisual.cs:33)
AreaBattle.RecoveredWayLineVisual:SetLine (UnityEngine.Vector3,UnityEngine.Vector3,UnityEngine.Color,UnityEngine.Color,bool,bool,single) (at Assets/AreaBattle/Scripts/RecoveredWayLineVisual.cs:56)
AreaBattle.EditorTools.RecoveredWayLineImporter/<>c:<Run>b__13_5 (AreaBattle.RecoveredWayLineVisual) (at Assets/AreaBattle/Editor/RecoveredWayLineImporter.cs:117)
AreaBattle.EditorTools.RecoveredWayLineImporter/<>c__DisplayClass14_0:<CheckPrefab>b__0 () (at Assets/AreaBattle/Editor/RecoveredWayLineImporter.cs:121)
AreaBattle.EditorTools.RecoveredWayLineImporter/<>c__DisplayClass13_0:<Run>b__0 (string,System.Action) (at Assets/AreaBattle/Editor/RecoveredWayLineImporter.cs:97)
AreaBattle.EditorTools.RecoveredWayLineImporter:CheckPrefab (System.Action`2<string, System.Action>,string,bool,System.Action`1<AreaBattle.RecoveredWayLineVisual>) (at Assets/AreaBattle/Editor/RecoveredWayLineImporter.cs:121)
AreaBattle.EditorTools.RecoveredWayLineImporter:Run () (at Assets/AreaBattle/Editor/RecoveredWayLineImporter.cs:117)
System.Reflection.RuntimeMethodInfo:Invoke (object,System.Reflection.BindingFlags,System.Reflection.Binder,object[],System.Globalization.CultureInfo)
System.Reflection.MethodBase:Invoke (object,object[])
AreaBattle.EditorTools.BattleBuild:ValidateIntegrated () (at Assets/AreaBattle/Editor/BattleBuild.cs:32)
AreaBattle.EditorTools.BattleBuild:ValidateMechanicsOnly () (at Assets/AreaBattle/Editor/BattleBuild.cs:18)

[Assets/AreaBattle/Editor/RecoveredWayLineImporter.cs line 117]

Instantiating material due to calling renderer.material during edit mode. This will leak materials into the scene. You most likely want to use renderer.sharedMaterial instead.
UnityEngine.Debug:ExtractStackTraceNoAlloc (byte*,int,string)
UnityEngine.StackTraceUtility:ExtractStackTrace () (at /Users/bokken/build/output/unity/unity/Runtime/Export/Scripting/StackTrace.cs:35)
UnityEngine.Renderer:GetMaterial ()
UnityEngine.Renderer:get_material () (at /Users/bokken/build/output/unity/unity/Runtime/Export/Graphics/GraphicsRenderers.bindings.cs:180)
AreaBattle.RecoveredWayLineVisual:Initialize () (at Assets/AreaBattle/Scripts/RecoveredWayLineVisual.cs:33)
AreaBattle.RecoveredWayLineVisual:SetLine (UnityEngine.Vector3,UnityEngine.Vector3,UnityEngine.Color,UnityEngine.Color,bool,bool,single) (at Assets/AreaBattle/Scripts/RecoveredWayLineVisual.cs:56)
AreaBattle.RecoveredGestureVisuals:DrawPreview (UnityEngine.Vector3,UnityEngine.Vector3,UnityEngine.Color,bool,UnityEngine.Transform,bool,single) (at Assets/AreaBattle/Scripts/RecoveredGestureVisuals.cs:97)
AreaBattle.EditorTools.RecoveredGestureImporter/<>c:<Run>b__19_4 () (at Assets/AreaBattle/Editor/RecoveredGestureImporter.cs:109)
AreaBattle.EditorTools.RecoveredGestureImporter/<>c__DisplayClass19_0:<Run>b__0 (string,System.Action) (at Assets/AreaBattle/Editor/RecoveredGestureImporter.cs:86)
AreaBattle.EditorTools.RecoveredGestureImporter:Run () (at Assets/AreaBattle/Editor/RecoveredGestureImporter.cs:105)
System.Reflection.RuntimeMethodInfo:Invoke (object,System.Reflection.BindingFlags,System.Reflection.Binder,object[],System.Globalization.CultureInfo)
System.Reflection.MethodBase:Invoke (object,object[])
AreaBattle.EditorTools.BattleBuild:ValidateIntegrated () (at Assets/AreaBattle/Editor/BattleBuild.cs:32)
AreaBattle.EditorTools.BattleBuild:ValidateMechanicsOnly () (at Assets/AreaBattle/Editor/BattleBuild.cs:18)

[Assets/AreaBattle/Editor/RecoveredGestureImporter.cs line 109]

Instantiating material due to calling renderer.material during edit mode. This will leak materials into the scene. You most likely want to use renderer.sharedMaterial instead.
UnityEngine.Debug:ExtractStackTraceNoAlloc (byte*,int,string)
UnityEngine.StackTraceUtility:ExtractStackTrace () (at /Users/bokken/build/output/unity/unity/Runtime/Export/Scripting/StackTrace.cs:35)
UnityEngine.Renderer:GetMaterial ()
UnityEngine.Renderer:get_material () (at /Users/bokken/build/output/unity/unity/Runtime/Export/Graphics/GraphicsRenderers.bindings.cs:180)
AreaBattle.RecoveredWayLineVisual:Initialize () (at Assets/AreaBattle/Scripts/RecoveredWayLineVisual.cs:33)
AreaBattle.RecoveredWayLineVisual:SetLine (UnityEngine.Vector3,UnityEngine.Vector3,UnityEngine.Color,UnityEngine.Color,bool,bool,single) (at Assets/AreaBattle/Scripts/RecoveredWayLineVisual.cs:56)
AreaBattle.RecoveredGestureVisuals:DrawPreview (UnityEngine.Vector3,UnityEngine.Vector3,UnityEngine.Color,bool,UnityEngine.Transform,bool,single) (at Assets/AreaBattle/Scripts/RecoveredGestureVisuals.cs:97)
AreaBattle.EditorTools.RecoveredGestureImporter/<>c:<Run>b__19_4 () (at Assets/AreaBattle/Editor/RecoveredGestureImporter.cs:109)
AreaBattle.EditorTools.RecoveredGestureImporter/<>c__DisplayClass19_0:<Run>b__0 (string,System.Action) (at Assets/AreaBattle/Editor/RecoveredGestureImporter.cs:86)
AreaBattle.EditorTools.RecoveredGestureImporter:Run () (at Assets/AreaBattle/Editor/RecoveredGestureImporter.cs:105)
System.Reflection.RuntimeMethodInfo:Invoke (object,System.Reflection.BindingFlags,System.Reflection.Binder,object[],System.Globalization.CultureInfo)
System.Reflection.MethodBase:Invoke (object,object[])
AreaBattle.EditorTools.BattleBuild:ValidateIntegrated () (at Assets/AreaBattle/Editor/BattleBuild.cs:32)
AreaBattle.EditorTools.BattleBuild:ValidateMechanicsOnly () (at Assets/AreaBattle/Editor/BattleBuild.cs:18)

[Assets/AreaBattle/Editor/RecoveredGestureImporter.cs line 109]

Instantiating material due to calling renderer.material during edit mode. This will leak materials into the scene. You most likely want to use renderer.sharedMaterial instead.
UnityEngine.Debug:ExtractStackTraceNoAlloc (byte*,int,string)
UnityEngine.StackTraceUtility:ExtractStackTrace () (at /Users/bokken/build/output/unity/unity/Runtime/Export/Scripting/StackTrace.cs:35)
UnityEngine.Renderer:GetMaterial ()
UnityEngine.Renderer:get_material () (at /Users/bokken/build/output/unity/unity/Runtime/Export/Graphics/GraphicsRenderers.bindings.cs:180)
AreaBattle.RecoveredWayLineVisual:Initialize () (at Assets/AreaBattle/Scripts/RecoveredWayLineVisual.cs:33)
AreaBattle.RecoveredWayLineVisual:SetLine (UnityEngine.Vector3,UnityEngine.Vector3,UnityEngine.Color,UnityEngine.Color,bool,bool,single) (at Assets/AreaBattle/Scripts/RecoveredWayLineVisual.cs:56)
AreaBattle.RecoveredGestureVisuals:DrawPreview (UnityEngine.Vector3,UnityEngine.Vector3,UnityEngine.Color,bool,UnityEngine.Transform,bool,single) (at Assets/AreaBattle/Scripts/RecoveredGestureVisuals.cs:97)
AreaBattle.BattleView:MoveTowerDrag (UnityEngine.Vector3,int) (at Assets/AreaBattle/Scripts/BattleView.cs:489)
AreaBattle.EditorTools.RecoveredGestureImporter/<>c:<Run>b__19_7 () (at Assets/AreaBattle/Editor/RecoveredGestureImporter.cs:153)
AreaBattle.EditorTools.RecoveredGestureImporter/<>c__DisplayClass19_0:<Run>b__0 (string,System.Action) (at Assets/AreaBattle/Editor/RecoveredGestureImporter.cs:86)
AreaBattle.EditorTools.RecoveredGestureImporter:Run () (at Assets/AreaBattle/Editor/RecoveredGestureImporter.cs:140)
System.Reflection.RuntimeMethodInfo:Invoke (object,System.Reflection.BindingFlags,System.Reflection.Binder,object[],System.Globalization.CultureInfo)
System.Reflection.MethodBase:Invoke (object,object[])
AreaBattle.EditorTools.BattleBuild:ValidateIntegrated () (at Assets/AreaBattle/Editor/BattleBuild.cs:32)
AreaBattle.EditorTools.BattleBuild:ValidateMechanicsOnly () (at Assets/AreaBattle/Editor/BattleBuild.cs:18)

[Assets/AreaBattle/Editor/RecoveredGestureImporter.cs line 153]

Instantiating material due to calling renderer.material during edit mode. This will leak materials into the scene. You most likely want to use renderer.sharedMaterial instead.
UnityEngine.Debug:ExtractStackTraceNoAlloc (byte*,int,string)
UnityEngine.StackTraceUtility:ExtractStackTrace () (at /Users/bokken/build/output/unity/unity/Runtime/Export/Scripting/StackTrace.cs:35)
UnityEngine.Renderer:GetMaterial ()
UnityEngine.Renderer:get_material () (at /Users/bokken/build/output/unity/unity/Runtime/Export/Graphics/GraphicsRenderers.bindings.cs:180)
AreaBattle.RecoveredWayLineVisual:Initialize () (at Assets/AreaBattle/Scripts/RecoveredWayLineVisual.cs:33)
AreaBattle.RecoveredWayLineVisual:SetLine (UnityEngine.Vector3,UnityEngine.Vector3,UnityEngine.Color,UnityEngine.Color,bool,bool,single) (at Assets/AreaBattle/Scripts/RecoveredWayLineVisual.cs:56)
AreaBattle.RecoveredGestureVisuals:DrawPreview (UnityEngine.Vector3,UnityEngine.Vector3,UnityEngine.Color,bool,UnityEngine.Transform,bool,single) (at Assets/AreaBattle/Scripts/RecoveredGestureVisuals.cs:97)
AreaBattle.BattleView:MoveTowerDrag (UnityEngine.Vector3,int) (at Assets/AreaBattle/Scripts/BattleView.cs:489)
AreaBattle.EditorTools.RecoveredGestureImporter/<>c:<Run>b__19_7 () (at Assets/AreaBattle/Editor/RecoveredGestureImporter.cs:153)
AreaBattle.EditorTools.RecoveredGestureImporter/<>c__DisplayClass19_0:<Run>b__0 (string,System.Action) (at Assets/AreaBattle/Editor/RecoveredGestureImporter.cs:86)
AreaBattle.EditorTools.RecoveredGestureImporter:Run () (at Assets/AreaBattle/Editor/RecoveredGestureImporter.cs:140)
System.Reflection.RuntimeMethodInfo:Invoke (object,System.Reflection.BindingFlags,System.Reflection.Binder,object[],System.Globalization.CultureInfo)
System.Reflection.MethodBase:Invoke (object,object[])
AreaBattle.EditorTools.BattleBuild:ValidateIntegrated () (at Assets/AreaBattle/Editor/BattleBuild.cs:32)
AreaBattle.EditorTools.BattleBuild:ValidateMechanicsOnly () (at Assets/AreaBattle/Editor/BattleBuild.cs:18)

[Assets/AreaBattle/Editor/RecoveredGestureImporter.cs line 153]

Instantiating material due to calling renderer.material during edit mode. This will leak materials into the scene. You most likely want to use renderer.sharedMaterial instead.
UnityEngine.Debug:ExtractStackTraceNoAlloc (byte*,int,string)
UnityEngine.StackTraceUtility:ExtractStackTrace () (at /Users/bokken/build/output/unity/unity/Runtime/Export/Scripting/StackTrace.cs:35)
UnityEngine.Renderer:GetMaterial ()
UnityEngine.Renderer:get_material () (at /Users/bokken/build/output/unity/unity/Runtime/Export/Graphics/GraphicsRenderers.bindings.cs:180)
AreaBattle.RecoveredWayLineVisual:Initialize () (at Assets/AreaBattle/Scripts/RecoveredWayLineVisual.cs:33)
AreaBattle.RecoveredWayLineVisual:SetLine (UnityEngine.Vector3,UnityEngine.Vector3,UnityEngine.Color,UnityEngine.Color,bool,bool,single) (at Assets/AreaBattle/Scripts/RecoveredWayLineVisual.cs:56)
AreaBattle.RecoveredWayLineVisual:Synchronize (AreaBattle.LineState,AreaBattle.TowerState,AreaBattle.TowerState,UnityEngine.Color,UnityEngine.Color,single) (at Assets/AreaBattle/Scripts/RecoveredWayLineVisual.cs:46)
AreaBattle.RecoveredWayLineVisual:Synchronize (AreaBattle.LineState,AreaBattle.TowerState,AreaBattle.TowerState,single) (at Assets/AreaBattle/Scripts/RecoveredWayLineVisual.cs:21)
AreaBattle.BattleView:RefreshPresentation () (at Assets/AreaBattle/Scripts/BattleView.cs:566)
AreaBattle.BattleView:AdvanceFrame (single,single) (at Assets/AreaBattle/Scripts/BattleView.cs:374)
AreaBattle.EditorTools.RecoveredGestureImporter/<>c:<Run>b__19_7 () (at Assets/AreaBattle/Editor/RecoveredGestureImporter.cs:161)
AreaBattle.EditorTools.RecoveredGestureImporter/<>c__DisplayClass19_0:<Run>b__0 (string,System.Action) (at Assets/AreaBattle/Editor/RecoveredGestureImporter.cs:86)
AreaBattle.EditorTools.RecoveredGestureImporter:Run () (at Assets/AreaBattle/Editor/RecoveredGestureImporter.cs:140)
System.Reflection.RuntimeMethodInfo:Invoke (object,System.Reflection.BindingFlags,System.Reflection.Binder,object[],System.Globalization.CultureInfo)
System.Reflection.MethodBase:Invoke (object,object[])
AreaBattle.EditorTools.BattleBuild:ValidateIntegrated () (at Assets/AreaBattle/Editor/BattleBuild.cs:32)
AreaBattle.EditorTools.BattleBuild:ValidateMechanicsOnly () (at Assets/AreaBattle/Editor/BattleBuild.cs:18)

[Assets/AreaBattle/Scripts/RecoveredWayLineVisual.cs line 21]

Instantiating material due to calling renderer.material during edit mode. This will leak materials into the scene. You most likely want to use renderer.sharedMaterial instead.
UnityEngine.Debug:ExtractStackTraceNoAlloc (byte*,int,string)
UnityEngine.StackTraceUtility:ExtractStackTrace () (at /Users/bokken/build/output/unity/unity/Runtime/Export/Scripting/StackTrace.cs:35)
UnityEngine.Renderer:GetMaterial ()
UnityEngine.Renderer:get_material () (at /Users/bokken/build/output/unity/unity/Runtime/Export/Graphics/GraphicsRenderers.bindings.cs:180)
AreaBattle.RecoveredWayLineVisual:Initialize () (at Assets/AreaBattle/Scripts/RecoveredWayLineVisual.cs:33)
AreaBattle.RecoveredWayLineVisual:SetLine (UnityEngine.Vector3,UnityEngine.Vector3,UnityEngine.Color,UnityEngine.Color,bool,bool,single) (at Assets/AreaBattle/Scripts/RecoveredWayLineVisual.cs:56)
AreaBattle.RecoveredWayLineVisual:Synchronize (AreaBattle.LineState,AreaBattle.TowerState,AreaBattle.TowerState,UnityEngine.Color,UnityEngine.Color,single) (at Assets/AreaBattle/Scripts/RecoveredWayLineVisual.cs:46)
AreaBattle.RecoveredWayLineVisual:Synchronize (AreaBattle.LineState,AreaBattle.TowerState,AreaBattle.TowerState,single) (at Assets/AreaBattle/Scripts/RecoveredWayLineVisual.cs:21)
AreaBattle.BattleView:RefreshPresentation () (at Assets/AreaBattle/Scripts/BattleView.cs:566)
AreaBattle.BattleView:AdvanceFrame (single,single) (at Assets/AreaBattle/Scripts/BattleView.cs:374)
AreaBattle.EditorTools.RecoveredGestureImporter/<>c:<Run>b__19_7 () (at Assets/AreaBattle/Editor/RecoveredGestureImporter.cs:161)
AreaBattle.EditorTools.RecoveredGestureImporter/<>c__DisplayClass19_0:<Run>b__0 (string,System.Action) (at Assets/AreaBattle/Editor/RecoveredGestureImporter.cs:86)
AreaBattle.EditorTools.RecoveredGestureImporter:Run () (at Assets/AreaBattle/Editor/RecoveredGestureImporter.cs:140)
System.Reflection.RuntimeMethodInfo:Invoke (object,System.Reflection.BindingFlags,System.Reflection.Binder,object[],System.Globalization.CultureInfo)
System.Reflection.MethodBase:Invoke (object,object[])
AreaBattle.EditorTools.BattleBuild:ValidateIntegrated () (at Assets/AreaBattle/Editor/BattleBuild.cs:32)
AreaBattle.EditorTools.BattleBuild:ValidateMechanicsOnly () (at Assets/AreaBattle/Editor/BattleBuild.cs:18)

[Assets/AreaBattle/Scripts/RecoveredWayLineVisual.cs line 21]

Instantiating material due to calling renderer.material during edit mode. This will leak materials into the scene. You most likely want to use renderer.sharedMaterial instead.
UnityEngine.Debug:ExtractStackTraceNoAlloc (byte*,int,string)
UnityEngine.StackTraceUtility:ExtractStackTrace () (at /Users/bokken/build/output/unity/unity/Runtime/Export/Scripting/StackTrace.cs:35)
UnityEngine.Renderer:GetMaterial ()
UnityEngine.Renderer:get_material () (at /Users/bokken/build/output/unity/unity/Runtime/Export/Graphics/GraphicsRenderers.bindings.cs:180)
AreaBattle.RecoveredWayLineVisual:Initialize () (at Assets/AreaBattle/Scripts/RecoveredWayLineVisual.cs:33)
AreaBattle.RecoveredWayLineVisual:SetLine (UnityEngine.Vector3,UnityEngine.Vector3,UnityEngine.Color,UnityEngine.Color,bool,bool,single) (at Assets/AreaBattle/Scripts/RecoveredWayLineVisual.cs:56)
AreaBattle.RecoveredWayLineVisual:Synchronize (AreaBattle.LineState,AreaBattle.TowerState,AreaBattle.TowerState,UnityEngine.Color,UnityEngine.Color,single) (at Assets/AreaBattle/Scripts/RecoveredWayLineVisual.cs:46)
AreaBattle.RecoveredWayLineVisual:Synchronize (AreaBattle.LineState,AreaBattle.TowerState,AreaBattle.TowerState,single) (at Assets/AreaBattle/Scripts/RecoveredWayLineVisual.cs:21)
AreaBattle.BattleView:RefreshPresentation () (at Assets/AreaBattle/Scripts/BattleView.cs:566)
AreaBattle.BattleView:AdvanceFrame (single,single) (at Assets/AreaBattle/Scripts/BattleView.cs:374)
AreaBattle.EditorTools.RecoveredBossValidation/<>c:<Run>b__1_6 () (at Assets/AreaBattle/Editor/RecoveredBossValidation.cs:60)
AreaBattle.EditorTools.RecoveredBossValidation/<>c__DisplayClass1_0:<Run>b__0 (string,System.Action) (at Assets/AreaBattle/Editor/RecoveredBossValidation.cs:18)
AreaBattle.EditorTools.RecoveredBossValidation:Run () (at Assets/AreaBattle/Editor/RecoveredBossValidation.cs:55)
System.Reflection.RuntimeMethodInfo:Invoke (object,System.Reflection.BindingFlags,System.Reflection.Binder,object[],System.Globalization.CultureInfo)
System.Reflection.MethodBase:Invoke (object,object[])
AreaBattle.EditorTools.BattleBuild:ValidateIntegrated () (at Assets/AreaBattle/Editor/BattleBuild.cs:32)
AreaBattle.EditorTools.BattleBuild:ValidateMechanicsOnly () (at Assets/AreaBattle/Editor/BattleBuild.cs:18)

[Assets/AreaBattle/Scripts/RecoveredWayLineVisual.cs line 21]

Instantiating material due to calling renderer.material during edit mode. This will leak materials into the scene. You most likely want to use renderer.sharedMaterial instead.
UnityEngine.Debug:ExtractStackTraceNoAlloc (byte*,int,string)
UnityEngine.StackTraceUtility:ExtractStackTrace () (at /Users/bokken/build/output/unity/unity/Runtime/Export/Scripting/StackTrace.cs:35)
UnityEngine.Renderer:GetMaterial ()
UnityEngine.Renderer:get_material () (at /Users/bokken/build/output/unity/unity/Runtime/Export/Graphics/GraphicsRenderers.bindings.cs:180)
AreaBattle.RecoveredWayLineVisual:Initialize () (at Assets/AreaBattle/Scripts/RecoveredWayLineVisual.cs:33)
AreaBattle.RecoveredWayLineVisual:SetLine (UnityEngine.Vector3,UnityEngine.Vector3,UnityEngine.Color,UnityEngine.Color,bool,bool,single) (at Assets/AreaBattle/Scripts/RecoveredWayLineVisual.cs:56)
AreaBattle.RecoveredWayLineVisual:Synchronize (AreaBattle.LineState,AreaBattle.TowerState,AreaBattle.TowerState,UnityEngine.Color,UnityEngine.Color,single) (at Assets/AreaBattle/Scripts/RecoveredWayLineVisual.cs:46)
AreaBattle.RecoveredWayLineVisual:Synchronize (AreaBattle.LineState,AreaBattle.TowerState,AreaBattle.TowerState,single) (at Assets/AreaBattle/Scripts/RecoveredWayLineVisual.cs:21)
AreaBattle.BattleView:RefreshPresentation () (at Assets/AreaBattle/Scripts/BattleView.cs:566)
AreaBattle.BattleView:AdvanceFrame (single,single) (at Assets/AreaBattle/Scripts/BattleView.cs:374)
AreaBattle.EditorTools.RecoveredBossValidation/<>c:<Run>b__1_6 () (at Assets/AreaBattle/Editor/RecoveredBossValidation.cs:60)
AreaBattle.EditorTools.RecoveredBossValidation/<>c__DisplayClass1_0:<Run>b__0 (string,System.Action) (at Assets/AreaBattle/Editor/RecoveredBossValidation.cs:18)
AreaBattle.EditorTools.RecoveredBossValidation:Run () (at Assets/AreaBattle/Editor/RecoveredBossValidation.cs:55)
System.Reflection.RuntimeMethodInfo:Invoke (object,System.Reflection.BindingFlags,System.Reflection.Binder,object[],System.Globalization.CultureInfo)
System.Reflection.MethodBase:Invoke (object,object[])
AreaBattle.EditorTools.BattleBuild:ValidateIntegrated () (at Assets/AreaBattle/Editor/BattleBuild.cs:32)
AreaBattle.EditorTools.BattleBuild:ValidateMechanicsOnly () (at Assets/AreaBattle/Editor/BattleBuild.cs:18)

[Assets/AreaBattle/Scripts/RecoveredWayLineVisual.cs line 21]

Instantiating material due to calling renderer.material during edit mode. This will leak materials into the scene. You most likely want to use renderer.sharedMaterial instead.
UnityEngine.Debug:ExtractStackTraceNoAlloc (byte*,int,string)
UnityEngine.StackTraceUtility:ExtractStackTrace () (at /Users/bokken/build/output/unity/unity/Runtime/Export/Scripting/StackTrace.cs:35)
UnityEngine.Renderer:GetMaterial ()
UnityEngine.Renderer:get_material () (at /Users/bokken/build/output/unity/unity/Runtime/Export/Graphics/GraphicsRenderers.bindings.cs:180)
AreaBattle.RecoveredWayLineVisual:Initialize () (at Assets/AreaBattle/Scripts/RecoveredWayLineVisual.cs:33)
AreaBattle.RecoveredWayLineVisual:SetLine (UnityEngine.Vector3,UnityEngine.Vector3,UnityEngine.Color,UnityEngine.Color,bool,bool,single) (at Assets/AreaBattle/Scripts/RecoveredWayLineVisual.cs:56)
AreaBattle.RecoveredWayLineVisual:Synchronize (AreaBattle.LineState,AreaBattle.TowerState,AreaBattle.TowerState,UnityEngine.Color,UnityEngine.Color,single) (at Assets/AreaBattle/Scripts/RecoveredWayLineVisual.cs:46)
AreaBattle.RecoveredWayLineVisual:Synchronize (AreaBattle.LineState,AreaBattle.TowerState,AreaBattle.TowerState,single) (at Assets/AreaBattle/Scripts/RecoveredWayLineVisual.cs:21)
AreaBattle.BattleView:RefreshPresentation () (at Assets/AreaBattle/Scripts/BattleView.cs:566)
AreaBattle.BattleView:AdvanceFrame (single,single) (at Assets/AreaBattle/Scripts/BattleView.cs:374)
AreaBattle.EditorTools.RepresentativeReplayValidation:Advance (AreaBattle.BattleView,single) (at Assets/AreaBattle/Editor/RepresentativeReplayValidation.cs:102)
AreaBattle.EditorTools.RepresentativeReplayValidation:Win (AreaBattle.BattleView,AreaBattle.EditorTools.RepresentativeReplayValidation/Replay) (at Assets/AreaBattle/Editor/RepresentativeReplayValidation.cs:108)
AreaBattle.EditorTools.RepresentativeReplayValidation:Run () (at Assets/AreaBattle/Editor/RepresentativeReplayValidation.cs:141)
System.Reflection.RuntimeMethodInfo:Invoke (object,System.Reflection.BindingFlags,System.Reflection.Binder,object[],System.Globalization.CultureInfo)
System.Reflection.MethodBase:Invoke (object,object[])
AreaBattle.EditorTools.BattleBuild:ValidateIntegrated () (at Assets/AreaBattle/Editor/BattleBuild.cs:32)
AreaBattle.EditorTools.BattleBuild:ValidateMechanicsOnly () (at Assets/AreaBattle/Editor/BattleBuild.cs:18)

[Assets/AreaBattle/Scripts/RecoveredWayLineVisual.cs line 21]

Instantiating material due to calling renderer.material during edit mode. This will leak materials into the scene. You most likely want to use renderer.sharedMaterial instead.
UnityEngine.Debug:ExtractStackTraceNoAlloc (byte*,int,string)
UnityEngine.StackTraceUtility:ExtractStackTrace () (at /Users/bokken/build/output/unity/unity/Runtime/Export/Scripting/StackTrace.cs:35)
UnityEngine.Renderer:GetMaterial ()
UnityEngine.Renderer:get_material () (at /Users/bokken/build/output/unity/unity/Runtime/Export/Graphics/GraphicsRenderers.bindings.cs:180)
AreaBattle.RecoveredWayLineVisual:Initialize () (at Assets/AreaBattle/Scripts/RecoveredWayLineVisual.cs:33)
AreaBattle.RecoveredWayLineVisual:SetLine (UnityEngine.Vector3,UnityEngine.Vector3,UnityEngine.Color,UnityEngine.Color,bool,bool,single) (at Assets/AreaBattle/Scripts/RecoveredWayLineVisual.cs:56)
AreaBattle.RecoveredWayLineVisual:Synchronize (AreaBattle.LineState,AreaBattle.TowerState,AreaBattle.TowerState,UnityEngine.Color,UnityEngine.Color,single) (at Assets/AreaBattle/Scripts/RecoveredWayLineVisual.cs:46)
AreaBattle.RecoveredWayLineVisual:Synchronize (AreaBattle.LineState,AreaBattle.TowerState,AreaBattle.TowerState,single) (at Assets/AreaBattle/Scripts/RecoveredWayLineVisual.cs:21)
AreaBattle.BattleView:RefreshPresentation () (at Assets/AreaBattle/Scripts/BattleView.cs:566)
AreaBattle.BattleView:AdvanceFrame (single,single) (at Assets/AreaBattle/Scripts/BattleView.cs:374)
AreaBattle.EditorTools.RepresentativeReplayValidation:Advance (AreaBattle.BattleView,single) (at Assets/AreaBattle/Editor/RepresentativeReplayValidation.cs:102)
AreaBattle.EditorTools.RepresentativeReplayValidation:Win (AreaBattle.BattleView,AreaBattle.EditorTools.RepresentativeReplayValidation/Replay) (at Assets/AreaBattle/Editor/RepresentativeReplayValidation.cs:108)
AreaBattle.EditorTools.RepresentativeReplayValidation:Run () (at Assets/AreaBattle/Editor/RepresentativeReplayValidation.cs:141)
System.Reflection.RuntimeMethodInfo:Invoke (object,System.Reflection.BindingFlags,System.Reflection.Binder,object[],System.Globalization.CultureInfo)
System.Reflection.MethodBase:Invoke (object,object[])
AreaBattle.EditorTools.BattleBuild:ValidateIntegrated () (at Assets/AreaBattle/Editor/BattleBuild.cs:32)
AreaBattle.EditorTools.BattleBuild:ValidateMechanicsOnly () (at Assets/AreaBattle/Editor/BattleBuild.cs:18)

[Assets/AreaBattle/Scripts/RecoveredWayLineVisual.cs line 21]

Instantiating material due to calling renderer.material during edit mode. This will leak materials into the scene. You most likely want to use renderer.sharedMaterial instead.
UnityEngine.Debug:ExtractStackTraceNoAlloc (byte*,int,string)
UnityEngine.StackTraceUtility:ExtractStackTrace () (at /Users/bokken/build/output/unity/unity/Runtime/Export/Scripting/StackTrace.cs:35)
UnityEngine.Renderer:GetMaterial ()
UnityEngine.Renderer:get_material () (at /Users/bokken/build/output/unity/unity/Runtime/Export/Graphics/GraphicsRenderers.bindings.cs:180)
AreaBattle.RecoveredWayLineVisual:Initialize () (at Assets/AreaBattle/Scripts/RecoveredWayLineVisual.cs:33)
AreaBattle.RecoveredWayLineVisual:SetLine (UnityEngine.Vector3,UnityEngine.Vector3,UnityEngine.Color,UnityEngine.Color,bool,bool,single) (at Assets/AreaBattle/Scripts/RecoveredWayLineVisual.cs:56)
AreaBattle.RecoveredWayLineVisual:Synchronize (AreaBattle.LineState,AreaBattle.TowerState,AreaBattle.TowerState,UnityEngine.Color,UnityEngine.Color,single) (at Assets/AreaBattle/Scripts/RecoveredWayLineVisual.cs:46)
AreaBattle.RecoveredWayLineVisual:Synchronize (AreaBattle.LineState,AreaBattle.TowerState,AreaBattle.TowerState,single) (at Assets/AreaBattle/Scripts/RecoveredWayLineVisual.cs:21)
AreaBattle.BattleView:RefreshPresentation () (at Assets/AreaBattle/Scripts/BattleView.cs:566)
AreaBattle.BattleView:AdvanceFrame (single,single) (at Assets/AreaBattle/Scripts/BattleView.cs:374)
AreaBattle.EditorTools.RepresentativeReplayValidation:Advance (AreaBattle.BattleView,single) (at Assets/AreaBattle/Editor/RepresentativeReplayValidation.cs:102)
AreaBattle.EditorTools.RepresentativeReplayValidation:Win (AreaBattle.BattleView,AreaBattle.EditorTools.RepresentativeReplayValidation/Replay) (at Assets/AreaBattle/Editor/RepresentativeReplayValidation.cs:108)
AreaBattle.EditorTools.RepresentativeReplayValidation:Run () (at Assets/AreaBattle/Editor/RepresentativeReplayValidation.cs:141)
System.Reflection.RuntimeMethodInfo:Invoke (object,System.Reflection.BindingFlags,System.Reflection.Binder,object[],System.Globalization.CultureInfo)
System.Reflection.MethodBase:Invoke (object,object[])
AreaBattle.EditorTools.BattleBuild:ValidateIntegrated () (at Assets/AreaBattle/Editor/BattleBuild.cs:32)
AreaBattle.EditorTools.BattleBuild:ValidateMechanicsOnly () (at Assets/AreaBattle/Editor/BattleBuild.cs:18)

[Assets/AreaBattle/Scripts/RecoveredWayLineVisual.cs line 21]

Instantiating material due to calling renderer.material during edit mode. This will leak materials into the scene. You most likely want to use renderer.sharedMaterial instead.
UnityEngine.Debug:ExtractStackTraceNoAlloc (byte*,int,string)
UnityEngine.StackTraceUtility:ExtractStackTrace () (at /Users/bokken/build/output/unity/unity/Runtime/Export/Scripting/StackTrace.cs:35)
UnityEngine.Renderer:GetMaterial ()
UnityEngine.Renderer:get_material () (at /Users/bokken/build/output/unity/unity/Runtime/Export/Graphics/GraphicsRenderers.bindings.cs:180)
AreaBattle.RecoveredWayLineVisual:Initialize () (at Assets/AreaBattle/Scripts/RecoveredWayLineVisual.cs:33)
AreaBattle.RecoveredWayLineVisual:SetLine (UnityEngine.Vector3,UnityEngine.Vector3,UnityEngine.Color,UnityEngine.Color,bool,bool,single) (at Assets/AreaBattle/Scripts/RecoveredWayLineVisual.cs:56)
AreaBattle.RecoveredWayLineVisual:Synchronize (AreaBattle.LineState,AreaBattle.TowerState,AreaBattle.TowerState,UnityEngine.Color,UnityEngine.Color,single) (at Assets/AreaBattle/Scripts/RecoveredWayLineVisual.cs:46)
AreaBattle.RecoveredWayLineVisual:Synchronize (AreaBattle.LineState,AreaBattle.TowerState,AreaBattle.TowerState,single) (at Assets/AreaBattle/Scripts/RecoveredWayLineVisual.cs:21)
AreaBattle.BattleView:RefreshPresentation () (at Assets/AreaBattle/Scripts/BattleView.cs:566)
AreaBattle.BattleView:AdvanceFrame (single,single) (at Assets/AreaBattle/Scripts/BattleView.cs:374)
AreaBattle.EditorTools.RepresentativeReplayValidation:Advance (AreaBattle.BattleView,single) (at Assets/AreaBattle/Editor/RepresentativeReplayValidation.cs:102)
AreaBattle.EditorTools.RepresentativeReplayValidation:Win (AreaBattle.BattleView,AreaBattle.EditorTools.RepresentativeReplayValidation/Replay) (at Assets/AreaBattle/Editor/RepresentativeReplayValidation.cs:108)
AreaBattle.EditorTools.RepresentativeReplayValidation:Run () (at Assets/AreaBattle/Editor/RepresentativeReplayValidation.cs:141)
System.Reflection.RuntimeMethodInfo:Invoke (object,System.Reflection.BindingFlags,System.Reflection.Binder,object[],System.Globalization.CultureInfo)
System.Reflection.MethodBase:Invoke (object,object[])
AreaBattle.EditorTools.BattleBuild:ValidateIntegrated () (at Assets/AreaBattle/Editor/BattleBuild.cs:32)
AreaBattle.EditorTools.BattleBuild:ValidateMechanicsOnly () (at Assets/AreaBattle/Editor/BattleBuild.cs:18)

[Assets/AreaBattle/Scripts/RecoveredWayLineVisual.cs line 21]

Instantiating material due to calling renderer.material during edit mode. This will leak materials into the scene. You most likely want to use renderer.sharedMaterial instead.
UnityEngine.Debug:ExtractStackTraceNoAlloc (byte*,int,string)
UnityEngine.StackTraceUtility:ExtractStackTrace () (at /Users/bokken/build/output/unity/unity/Runtime/Export/Scripting/StackTrace.cs:35)
UnityEngine.Renderer:GetMaterial ()
UnityEngine.Renderer:get_material () (at /Users/bokken/build/output/unity/unity/Runtime/Export/Graphics/GraphicsRenderers.bindings.cs:180)
AreaBattle.RecoveredWayLineVisual:Initialize () (at Assets/AreaBattle/Scripts/RecoveredWayLineVisual.cs:33)
AreaBattle.RecoveredWayLineVisual:SetLine (UnityEngine.Vector3,UnityEngine.Vector3,UnityEngine.Color,UnityEngine.Color,bool,bool,single) (at Assets/AreaBattle/Scripts/RecoveredWayLineVisual.cs:56)
AreaBattle.RecoveredWayLineVisual:Synchronize (AreaBattle.LineState,AreaBattle.TowerState,AreaBattle.TowerState,UnityEngine.Color,UnityEngine.Color,single) (at Assets/AreaBattle/Scripts/RecoveredWayLineVisual.cs:46)
AreaBattle.RecoveredWayLineVisual:Synchronize (AreaBattle.LineState,AreaBattle.TowerState,AreaBattle.TowerState,single) (at Assets/AreaBattle/Scripts/RecoveredWayLineVisual.cs:21)
AreaBattle.BattleView:RefreshPresentation () (at Assets/AreaBattle/Scripts/BattleView.cs:566)
AreaBattle.BattleView:AdvanceFrame (single,single) (at Assets/AreaBattle/Scripts/BattleView.cs:374)
AreaBattle.EditorTools.RepresentativeReplayValidation:Advance (AreaBattle.BattleView,single) (at Assets/AreaBattle/Editor/RepresentativeReplayValidation.cs:102)
AreaBattle.EditorTools.RepresentativeReplayValidation:Win (AreaBattle.BattleView,AreaBattle.EditorTools.RepresentativeReplayValidation/Replay) (at Assets/AreaBattle/Editor/RepresentativeReplayValidation.cs:108)
AreaBattle.EditorTools.RepresentativeReplayValidation:Run () (at Assets/AreaBattle/Editor/RepresentativeReplayValidation.cs:141)
System.Reflection.RuntimeMethodInfo:Invoke (object,System.Reflection.BindingFlags,System.Reflection.Binder,object[],System.Globalization.CultureInfo)
System.Reflection.MethodBase:Invoke (object,object[])
AreaBattle.EditorTools.BattleBuild:ValidateIntegrated () (at Assets/AreaBattle/Editor/BattleBuild.cs:32)
AreaBattle.EditorTools.BattleBuild:ValidateMechanicsOnly () (at Assets/AreaBattle/Editor/BattleBuild.cs:18)

[Assets/AreaBattle/Scripts/RecoveredWayLineVisual.cs line 21]

Instantiating material due to calling renderer.material during edit mode. This will leak materials into the scene. You most likely want to use renderer.sharedMaterial instead.
UnityEngine.Debug:ExtractStackTraceNoAlloc (byte*,int,string)
UnityEngine.StackTraceUtility:ExtractStackTrace () (at /Users/bokken/build/output/unity/unity/Runtime/Export/Scripting/StackTrace.cs:35)
UnityEngine.Renderer:GetMaterial ()
UnityEngine.Renderer:get_material () (at /Users/bokken/build/output/unity/unity/Runtime/Export/Graphics/GraphicsRenderers.bindings.cs:180)
AreaBattle.RecoveredWayLineVisual:Initialize () (at Assets/AreaBattle/Scripts/RecoveredWayLineVisual.cs:33)
AreaBattle.RecoveredWayLineVisual:SetLine (UnityEngine.Vector3,UnityEngine.Vector3,UnityEngine.Color,UnityEngine.Color,bool,bool,single) (at Assets/AreaBattle/Scripts/RecoveredWayLineVisual.cs:56)
AreaBattle.RecoveredWayLineVisual:Synchronize (AreaBattle.LineState,AreaBattle.TowerState,AreaBattle.TowerState,UnityEngine.Color,UnityEngine.Color,single) (at Assets/AreaBattle/Scripts/RecoveredWayLineVisual.cs:46)
AreaBattle.RecoveredWayLineVisual:Synchronize (AreaBattle.LineState,AreaBattle.TowerState,AreaBattle.TowerState,single) (at Assets/AreaBattle/Scripts/RecoveredWayLineVisual.cs:21)
AreaBattle.BattleView:RefreshPresentation () (at Assets/AreaBattle/Scripts/BattleView.cs:566)
AreaBattle.BattleView:AdvanceFrame (single,single) (at Assets/AreaBattle/Scripts/BattleView.cs:374)
AreaBattle.EditorTools.RepresentativeReplayValidation:Advance (AreaBattle.BattleView,single) (at Assets/AreaBattle/Editor/RepresentativeReplayValidation.cs:102)
AreaBattle.EditorTools.RepresentativeReplayValidation:Win (AreaBattle.BattleView,AreaBattle.EditorTools.RepresentativeReplayValidation/Replay) (at Assets/AreaBattle/Editor/RepresentativeReplayValidation.cs:108)
AreaBattle.EditorTools.RepresentativeReplayValidation:Run () (at Assets/AreaBattle/Editor/RepresentativeReplayValidation.cs:141)
System.Reflection.RuntimeMethodInfo:Invoke (object,System.Reflection.BindingFlags,System.Reflection.Binder,object[],System.Globalization.CultureInfo)
System.Reflection.MethodBase:Invoke (object,object[])
AreaBattle.EditorTools.BattleBuild:ValidateIntegrated () (at Assets/AreaBattle/Editor/BattleBuild.cs:32)
AreaBattle.EditorTools.BattleBuild:ValidateMechanicsOnly () (at Assets/AreaBattle/Editor/BattleBuild.cs:18)

[Assets/AreaBattle/Scripts/RecoveredWayLineVisual.cs line 21]

Instantiating material due to calling renderer.material during edit mode. This will leak materials into the scene. You most likely want to use renderer.sharedMaterial instead.
UnityEngine.Debug:ExtractStackTraceNoAlloc (byte*,int,string)
UnityEngine.StackTraceUtility:ExtractStackTrace () (at /Users/bokken/build/output/unity/unity/Runtime/Export/Scripting/StackTrace.cs:35)
UnityEngine.Renderer:GetMaterial ()
UnityEngine.Renderer:get_material () (at /Users/bokken/build/output/unity/unity/Runtime/Export/Graphics/GraphicsRenderers.bindings.cs:180)
AreaBattle.RecoveredWayLineVisual:Initialize () (at Assets/AreaBattle/Scripts/RecoveredWayLineVisual.cs:33)
AreaBattle.RecoveredWayLineVisual:SetLine (UnityEngine.Vector3,UnityEngine.Vector3,UnityEngine.Color,UnityEngine.Color,bool,bool,single) (at Assets/AreaBattle/Scripts/RecoveredWayLineVisual.cs:56)
AreaBattle.RecoveredWayLineVisual:Synchronize (AreaBattle.LineState,AreaBattle.TowerState,AreaBattle.TowerState,UnityEngine.Color,UnityEngine.Color,single) (at Assets/AreaBattle/Scripts/RecoveredWayLineVisual.cs:46)
AreaBattle.RecoveredWayLineVisual:Synchronize (AreaBattle.LineState,AreaBattle.TowerState,AreaBattle.TowerState,single) (at Assets/AreaBattle/Scripts/RecoveredWayLineVisual.cs:21)
AreaBattle.BattleView:RefreshPresentation () (at Assets/AreaBattle/Scripts/BattleView.cs:566)
AreaBattle.BattleView:AdvanceFrame (single,single) (at Assets/AreaBattle/Scripts/BattleView.cs:374)
AreaBattle.EditorTools.RepresentativeReplayValidation:Advance (AreaBattle.BattleView,single) (at Assets/AreaBattle/Editor/RepresentativeReplayValidation.cs:102)
AreaBattle.EditorTools.RepresentativeReplayValidation:Win (AreaBattle.BattleView,AreaBattle.EditorTools.RepresentativeReplayValidation/Replay) (at Assets/AreaBattle/Editor/RepresentativeReplayValidation.cs:108)
AreaBattle.EditorTools.RepresentativeReplayValidation:Run () (at Assets/AreaBattle/Editor/RepresentativeReplayValidation.cs:141)
System.Reflection.RuntimeMethodInfo:Invoke (object,System.Reflection.BindingFlags,System.Reflection.Binder,object[],System.Globalization.CultureInfo)
System.Reflection.MethodBase:Invoke (object,object[])
AreaBattle.EditorTools.BattleBuild:ValidateIntegrated () (at Assets/AreaBattle/Editor/BattleBuild.cs:32)
AreaBattle.EditorTools.BattleBuild:ValidateMechanicsOnly () (at Assets/AreaBattle/Editor/BattleBuild.cs:18)

[Assets/AreaBattle/Scripts/RecoveredWayLineVisual.cs line 21]

Instantiating material due to calling renderer.material during edit mode. This will leak materials into the scene. You most likely want to use renderer.sharedMaterial instead.
UnityEngine.Debug:ExtractStackTraceNoAlloc (byte*,int,string)
UnityEngine.StackTraceUtility:ExtractStackTrace () (at /Users/bokken/build/output/unity/unity/Runtime/Export/Scripting/StackTrace.cs:35)
UnityEngine.Renderer:GetMaterial ()
UnityEngine.Renderer:get_material () (at /Users/bokken/build/output/unity/unity/Runtime/Export/Graphics/GraphicsRenderers.bindings.cs:180)
AreaBattle.RecoveredWayLineVisual:Initialize () (at Assets/AreaBattle/Scripts/RecoveredWayLineVisual.cs:33)
AreaBattle.RecoveredWayLineVisual:SetLine (UnityEngine.Vector3,UnityEngine.Vector3,UnityEngine.Color,UnityEngine.Color,bool,bool,single) (at Assets/AreaBattle/Scripts/RecoveredWayLineVisual.cs:56)
AreaBattle.RecoveredWayLineVisual:Synchronize (AreaBattle.LineState,AreaBattle.TowerState,AreaBattle.TowerState,UnityEngine.Color,UnityEngine.Color,single) (at Assets/AreaBattle/Scripts/RecoveredWayLineVisual.cs:46)
AreaBattle.RecoveredWayLineVisual:Synchronize (AreaBattle.LineState,AreaBattle.TowerState,AreaBattle.TowerState,single) (at Assets/AreaBattle/Scripts/RecoveredWayLineVisual.cs:21)
AreaBattle.BattleView:RefreshPresentation () (at Assets/AreaBattle/Scripts/BattleView.cs:566)
AreaBattle.BattleView:AdvanceFrame (single,single) (at Assets/AreaBattle/Scripts/BattleView.cs:374)
AreaBattle.EditorTools.RepresentativeReplayValidation:Advance (AreaBattle.BattleView,single) (at Assets/AreaBattle/Editor/RepresentativeReplayValidation.cs:102)
AreaBattle.EditorTools.RepresentativeReplayValidation:Win (AreaBattle.BattleView,AreaBattle.EditorTools.RepresentativeReplayValidation/Replay) (at Assets/AreaBattle/Editor/RepresentativeReplayValidation.cs:108)
AreaBattle.EditorTools.RepresentativeReplayValidation:Run () (at Assets/AreaBattle/Editor/RepresentativeReplayValidation.cs:141)
System.Reflection.RuntimeMethodInfo:Invoke (object,System.Reflection.BindingFlags,System.Reflection.Binder,object[],System.Globalization.CultureInfo)
System.Reflection.MethodBase:Invoke (object,object[])
AreaBattle.EditorTools.BattleBuild:ValidateIntegrated () (at Assets/AreaBattle/Editor/BattleBuild.cs:32)
AreaBattle.EditorTools.BattleBuild:ValidateMechanicsOnly () (at Assets/AreaBattle/Editor/BattleBuild.cs:18)

[Assets/AreaBattle/Scripts/RecoveredWayLineVisual.cs line 21]

Instantiating material due to calling renderer.material during edit mode. This will leak materials into the scene. You most likely want to use renderer.sharedMaterial instead.
UnityEngine.Debug:ExtractStackTraceNoAlloc (byte*,int,string)
UnityEngine.StackTraceUtility:ExtractStackTrace () (at /Users/bokken/build/output/unity/unity/Runtime/Export/Scripting/StackTrace.cs:35)
UnityEngine.Renderer:GetMaterial ()
UnityEngine.Renderer:get_material () (at /Users/bokken/build/output/unity/unity/Runtime/Export/Graphics/GraphicsRenderers.bindings.cs:180)
AreaBattle.RecoveredWayLineVisual:Initialize () (at Assets/AreaBattle/Scripts/RecoveredWayLineVisual.cs:33)
AreaBattle.RecoveredWayLineVisual:SetLine (UnityEngine.Vector3,UnityEngine.Vector3,UnityEngine.Color,UnityEngine.Color,bool,bool,single) (at Assets/AreaBattle/Scripts/RecoveredWayLineVisual.cs:56)
AreaBattle.RecoveredWayLineVisual:Synchronize (AreaBattle.LineState,AreaBattle.TowerState,AreaBattle.TowerState,UnityEngine.Color,UnityEngine.Color,single) (at Assets/AreaBattle/Scripts/RecoveredWayLineVisual.cs:46)
AreaBattle.RecoveredWayLineVisual:Synchronize (AreaBattle.LineState,AreaBattle.TowerState,AreaBattle.TowerState,single) (at Assets/AreaBattle/Scripts/RecoveredWayLineVisual.cs:21)
AreaBattle.BattleView:RefreshPresentation () (at Assets/AreaBattle/Scripts/BattleView.cs:566)
AreaBattle.BattleView:AdvanceFrame (single,single) (at Assets/AreaBattle/Scripts/BattleView.cs:374)
AreaBattle.EditorTools.RepresentativeReplayValidation:Advance (AreaBattle.BattleView,single) (at Assets/AreaBattle/Editor/RepresentativeReplayValidation.cs:102)
AreaBattle.EditorTools.RepresentativeReplayValidation:Win (AreaBattle.BattleView,AreaBattle.EditorTools.RepresentativeReplayValidation/Replay) (at Assets/AreaBattle/Editor/RepresentativeReplayValidation.cs:108)
AreaBattle.EditorTools.RepresentativeReplayValidation:Run () (at Assets/AreaBattle/Editor/RepresentativeReplayValidation.cs:141)
System.Reflection.RuntimeMethodInfo:Invoke (object,System.Reflection.BindingFlags,System.Reflection.Binder,object[],System.Globalization.CultureInfo)
System.Reflection.MethodBase:Invoke (object,object[])
AreaBattle.EditorTools.BattleBuild:ValidateIntegrated () (at Assets/AreaBattle/Editor/BattleBuild.cs:32)
AreaBattle.EditorTools.BattleBuild:ValidateMechanicsOnly () (at Assets/AreaBattle/Editor/BattleBuild.cs:18)

[Assets/AreaBattle/Scripts/RecoveredWayLineVisual.cs line 21]

Instantiating material due to calling renderer.material during edit mode. This will leak materials into the scene. You most likely want to use renderer.sharedMaterial instead.
UnityEngine.Debug:ExtractStackTraceNoAlloc (byte*,int,string)
UnityEngine.StackTraceUtility:ExtractStackTrace () (at /Users/bokken/build/output/unity/unity/Runtime/Export/Scripting/StackTrace.cs:35)
UnityEngine.Renderer:GetMaterial ()
UnityEngine.Renderer:get_material () (at /Users/bokken/build/output/unity/unity/Runtime/Export/Graphics/GraphicsRenderers.bindings.cs:180)
AreaBattle.RecoveredWayLineVisual:Initialize () (at Assets/AreaBattle/Scripts/RecoveredWayLineVisual.cs:33)
AreaBattle.RecoveredWayLineVisual:SetLine (UnityEngine.Vector3,UnityEngine.Vector3,UnityEngine.Color,UnityEngine.Color,bool,bool,single) (at Assets/AreaBattle/Scripts/RecoveredWayLineVisual.cs:56)
AreaBattle.RecoveredWayLineVisual:Synchronize (AreaBattle.LineState,AreaBattle.TowerState,AreaBattle.TowerState,UnityEngine.Color,UnityEngine.Color,single) (at Assets/AreaBattle/Scripts/RecoveredWayLineVisual.cs:46)
AreaBattle.RecoveredWayLineVisual:Synchronize (AreaBattle.LineState,AreaBattle.TowerState,AreaBattle.TowerState,single) (at Assets/AreaBattle/Scripts/RecoveredWayLineVisual.cs:21)
AreaBattle.BattleView:RefreshPresentation () (at Assets/AreaBattle/Scripts/BattleView.cs:566)
AreaBattle.BattleView:AdvanceFrame (single,single) (at Assets/AreaBattle/Scripts/BattleView.cs:374)
AreaBattle.EditorTools.RepresentativeReplayValidation:Advance (AreaBattle.BattleView,single) (at Assets/AreaBattle/Editor/RepresentativeReplayValidation.cs:102)
AreaBattle.EditorTools.RepresentativeReplayValidation:Win (AreaBattle.BattleView,AreaBattle.EditorTools.RepresentativeReplayValidation/Replay) (at Assets/AreaBattle/Editor/RepresentativeReplayValidation.cs:108)
AreaBattle.EditorTools.RepresentativeReplayValidation:Run () (at Assets/AreaBattle/Editor/RepresentativeReplayValidation.cs:141)
System.Reflection.RuntimeMethodInfo:Invoke (object,System.Reflection.BindingFlags,System.Reflection.Binder,object[],System.Globalization.CultureInfo)
System.Reflection.MethodBase:Invoke (object,object[])
AreaBattle.EditorTools.BattleBuild:ValidateIntegrated () (at Assets/AreaBattle/Editor/BattleBuild.cs:32)
AreaBattle.EditorTools.BattleBuild:ValidateMechanicsOnly () (at Assets/AreaBattle/Editor/BattleBuild.cs:18)

[Assets/AreaBattle/Scripts/RecoveredWayLineVisual.cs line 21]

Instantiating material due to calling renderer.material during edit mode. This will leak materials into the scene. You most likely want to use renderer.sharedMaterial instead.
UnityEngine.Debug:ExtractStackTraceNoAlloc (byte*,int,string)
UnityEngine.StackTraceUtility:ExtractStackTrace () (at /Users/bokken/build/output/unity/unity/Runtime/Export/Scripting/StackTrace.cs:35)
UnityEngine.Renderer:GetMaterial ()
UnityEngine.Renderer:get_material () (at /Users/bokken/build/output/unity/unity/Runtime/Export/Graphics/GraphicsRenderers.bindings.cs:180)
AreaBattle.RecoveredWayLineVisual:Initialize () (at Assets/AreaBattle/Scripts/RecoveredWayLineVisual.cs:33)
AreaBattle.RecoveredWayLineVisual:SetLine (UnityEngine.Vector3,UnityEngine.Vector3,UnityEngine.Color,UnityEngine.Color,bool,bool,single) (at Assets/AreaBattle/Scripts/RecoveredWayLineVisual.cs:56)
AreaBattle.RecoveredWayLineVisual:Synchronize (AreaBattle.LineState,AreaBattle.TowerState,AreaBattle.TowerState,UnityEngine.Color,UnityEngine.Color,single) (at Assets/AreaBattle/Scripts/RecoveredWayLineVisual.cs:46)
AreaBattle.RecoveredWayLineVisual:Synchronize (AreaBattle.LineState,AreaBattle.TowerState,AreaBattle.TowerState,single) (at Assets/AreaBattle/Scripts/RecoveredWayLineVisual.cs:21)
AreaBattle.BattleView:RefreshPresentation () (at Assets/AreaBattle/Scripts/BattleView.cs:566)
AreaBattle.BattleView:AdvanceFrame (single,single) (at Assets/AreaBattle/Scripts/BattleView.cs:374)
AreaBattle.EditorTools.RepresentativeReplayValidation:Advance (AreaBattle.BattleView,single) (at Assets/AreaBattle/Editor/RepresentativeReplayValidation.cs:102)
AreaBattle.EditorTools.RepresentativeReplayValidation:Win (AreaBattle.BattleView,AreaBattle.EditorTools.RepresentativeReplayValidation/Replay) (at Assets/AreaBattle/Editor/RepresentativeReplayValidation.cs:108)
AreaBattle.EditorTools.RepresentativeReplayValidation:Run () (at Assets/AreaBattle/Editor/RepresentativeReplayValidation.cs:141)
System.Reflection.RuntimeMethodInfo:Invoke (object,System.Reflection.BindingFlags,System.Reflection.Binder,object[],System.Globalization.CultureInfo)
System.Reflection.MethodBase:Invoke (object,object[])
AreaBattle.EditorTools.BattleBuild:ValidateIntegrated () (at Assets/AreaBattle/Editor/BattleBuild.cs:32)
AreaBattle.EditorTools.BattleBuild:ValidateMechanicsOnly () (at Assets/AreaBattle/Editor/BattleBuild.cs:18)

[Assets/AreaBattle/Scripts/RecoveredWayLineVisual.cs line 21]

Instantiating material due to calling renderer.material during edit mode. This will leak materials into the scene. You most likely want to use renderer.sharedMaterial instead.
UnityEngine.Debug:ExtractStackTraceNoAlloc (byte*,int,string)
UnityEngine.StackTraceUtility:ExtractStackTrace () (at /Users/bokken/build/output/unity/unity/Runtime/Export/Scripting/StackTrace.cs:35)
UnityEngine.Renderer:GetMaterial ()
UnityEngine.Renderer:get_material () (at /Users/bokken/build/output/unity/unity/Runtime/Export/Graphics/GraphicsRenderers.bindings.cs:180)
AreaBattle.RecoveredWayLineVisual:Initialize () (at Assets/AreaBattle/Scripts/RecoveredWayLineVisual.cs:33)
AreaBattle.RecoveredWayLineVisual:SetLine (UnityEngine.Vector3,UnityEngine.Vector3,UnityEngine.Color,UnityEngine.Color,bool,bool,single) (at Assets/AreaBattle/Scripts/RecoveredWayLineVisual.cs:56)
AreaBattle.RecoveredWayLineVisual:Synchronize (AreaBattle.LineState,AreaBattle.TowerState,AreaBattle.TowerState,UnityEngine.Color,UnityEngine.Color,single) (at Assets/AreaBattle/Scripts/RecoveredWayLineVisual.cs:46)
AreaBattle.RecoveredWayLineVisual:Synchronize (AreaBattle.LineState,AreaBattle.TowerState,AreaBattle.TowerState,single) (at Assets/AreaBattle/Scripts/RecoveredWayLineVisual.cs:21)
AreaBattle.BattleView:RefreshPresentation () (at Assets/AreaBattle/Scripts/BattleView.cs:566)
AreaBattle.BattleView:AdvanceFrame (single,single) (at Assets/AreaBattle/Scripts/BattleView.cs:374)
AreaBattle.EditorTools.RepresentativeReplayValidation:Advance (AreaBattle.BattleView,single) (at Assets/AreaBattle/Editor/RepresentativeReplayValidation.cs:102)
AreaBattle.EditorTools.RepresentativeReplayValidation:Win (AreaBattle.BattleView,AreaBattle.EditorTools.RepresentativeReplayValidation/Replay) (at Assets/AreaBattle/Editor/RepresentativeReplayValidation.cs:108)
AreaBattle.EditorTools.RepresentativeReplayValidation:Run () (at Assets/AreaBattle/Editor/RepresentativeReplayValidation.cs:141)
System.Reflection.RuntimeMethodInfo:Invoke (object,System.Reflection.BindingFlags,System.Reflection.Binder,object[],System.Globalization.CultureInfo)
System.Reflection.MethodBase:Invoke (object,object[])
AreaBattle.EditorTools.BattleBuild:ValidateIntegrated () (at Assets/AreaBattle/Editor/BattleBuild.cs:32)
AreaBattle.EditorTools.BattleBuild:ValidateMechanicsOnly () (at Assets/AreaBattle/Editor/BattleBuild.cs:18)

[Assets/AreaBattle/Scripts/RecoveredWayLineVisual.cs line 21]

Instantiating material due to calling renderer.material during edit mode. This will leak materials into the scene. You most likely want to use renderer.sharedMaterial instead.
UnityEngine.Debug:ExtractStackTraceNoAlloc (byte*,int,string)
UnityEngine.StackTraceUtility:ExtractStackTrace () (at /Users/bokken/build/output/unity/unity/Runtime/Export/Scripting/StackTrace.cs:35)
UnityEngine.Renderer:GetMaterial ()
UnityEngine.Renderer:get_material () (at /Users/bokken/build/output/unity/unity/Runtime/Export/Graphics/GraphicsRenderers.bindings.cs:180)
AreaBattle.RecoveredWayLineVisual:Initialize () (at Assets/AreaBattle/Scripts/RecoveredWayLineVisual.cs:33)
AreaBattle.RecoveredWayLineVisual:SetLine (UnityEngine.Vector3,UnityEngine.Vector3,UnityEngine.Color,UnityEngine.Color,bool,bool,single) (at Assets/AreaBattle/Scripts/RecoveredWayLineVisual.cs:56)
AreaBattle.RecoveredWayLineVisual:Synchronize (AreaBattle.LineState,AreaBattle.TowerState,AreaBattle.TowerState,UnityEngine.Color,UnityEngine.Color,single) (at Assets/AreaBattle/Scripts/RecoveredWayLineVisual.cs:46)
AreaBattle.RecoveredWayLineVisual:Synchronize (AreaBattle.LineState,AreaBattle.TowerState,AreaBattle.TowerState,single) (at Assets/AreaBattle/Scripts/RecoveredWayLineVisual.cs:21)
AreaBattle.BattleView:RefreshPresentation () (at Assets/AreaBattle/Scripts/BattleView.cs:566)
AreaBattle.BattleView:AdvanceFrame (single,single) (at Assets/AreaBattle/Scripts/BattleView.cs:374)
AreaBattle.EditorTools.RepresentativeReplayValidation:Advance (AreaBattle.BattleView,single) (at Assets/AreaBattle/Editor/RepresentativeReplayValidation.cs:102)
AreaBattle.EditorTools.RepresentativeReplayValidation:Win (AreaBattle.BattleView,AreaBattle.EditorTools.RepresentativeReplayValidation/Replay) (at Assets/AreaBattle/Editor/RepresentativeReplayValidation.cs:108)
AreaBattle.EditorTools.RepresentativeReplayValidation:Run () (at Assets/AreaBattle/Editor/RepresentativeReplayValidation.cs:141)
System.Reflection.RuntimeMethodInfo:Invoke (object,System.Reflection.BindingFlags,System.Reflection.Binder,object[],System.Globalization.CultureInfo)
System.Reflection.MethodBase:Invoke (object,object[])
AreaBattle.EditorTools.BattleBuild:ValidateIntegrated () (at Assets/AreaBattle/Editor/BattleBuild.cs:32)
AreaBattle.EditorTools.BattleBuild:ValidateMechanicsOnly () (at Assets/AreaBattle/Editor/BattleBuild.cs:18)

[Assets/AreaBattle/Scripts/RecoveredWayLineVisual.cs line 21]

Instantiating material due to calling renderer.material during edit mode. This will leak materials into the scene. You most likely want to use renderer.sharedMaterial instead.
UnityEngine.Debug:ExtractStackTraceNoAlloc (byte*,int,string)
UnityEngine.StackTraceUtility:ExtractStackTrace () (at /Users/bokken/build/output/unity/unity/Runtime/Export/Scripting/StackTrace.cs:35)
UnityEngine.Renderer:GetMaterial ()
UnityEngine.Renderer:get_material () (at /Users/bokken/build/output/unity/unity/Runtime/Export/Graphics/GraphicsRenderers.bindings.cs:180)
AreaBattle.RecoveredWayLineVisual:Initialize () (at Assets/AreaBattle/Scripts/RecoveredWayLineVisual.cs:33)
AreaBattle.RecoveredWayLineVisual:SetLine (UnityEngine.Vector3,UnityEngine.Vector3,UnityEngine.Color,UnityEngine.Color,bool,bool,single) (at Assets/AreaBattle/Scripts/RecoveredWayLineVisual.cs:56)
AreaBattle.RecoveredWayLineVisual:Synchronize (AreaBattle.LineState,AreaBattle.TowerState,AreaBattle.TowerState,UnityEngine.Color,UnityEngine.Color,single) (at Assets/AreaBattle/Scripts/RecoveredWayLineVisual.cs:46)
AreaBattle.RecoveredWayLineVisual:Synchronize (AreaBattle.LineState,AreaBattle.TowerState,AreaBattle.TowerState,single) (at Assets/AreaBattle/Scripts/RecoveredWayLineVisual.cs:21)
AreaBattle.BattleView:RefreshPresentation () (at Assets/AreaBattle/Scripts/BattleView.cs:566)
AreaBattle.BattleView:AdvanceFrame (single,single) (at Assets/AreaBattle/Scripts/BattleView.cs:374)
AreaBattle.EditorTools.RepresentativeReplayValidation:Advance (AreaBattle.BattleView,single) (at Assets/AreaBattle/Editor/RepresentativeReplayValidation.cs:102)
AreaBattle.EditorTools.RepresentativeReplayValidation:Win (AreaBattle.BattleView,AreaBattle.EditorTools.RepresentativeReplayValidation/Replay) (at Assets/AreaBattle/Editor/RepresentativeReplayValidation.cs:108)
AreaBattle.EditorTools.RepresentativeReplayValidation:Run () (at Assets/AreaBattle/Editor/RepresentativeReplayValidation.cs:141)
System.Reflection.RuntimeMethodInfo:Invoke (object,System.Reflection.BindingFlags,System.Reflection.Binder,object[],System.Globalization.CultureInfo)
System.Reflection.MethodBase:Invoke (object,object[])
AreaBattle.EditorTools.BattleBuild:ValidateIntegrated () (at Assets/AreaBattle/Editor/BattleBuild.cs:32)
AreaBattle.EditorTools.BattleBuild:ValidateMechanicsOnly () (at Assets/AreaBattle/Editor/BattleBuild.cs:18)

[Assets/AreaBattle/Scripts/RecoveredWayLineVisual.cs line 21]

Instantiating material due to calling renderer.material during edit mode. This will leak materials into the scene. You most likely want to use renderer.sharedMaterial instead.
UnityEngine.Debug:ExtractStackTraceNoAlloc (byte*,int,string)
UnityEngine.StackTraceUtility:ExtractStackTrace () (at /Users/bokken/build/output/unity/unity/Runtime/Export/Scripting/StackTrace.cs:35)
UnityEngine.Renderer:GetMaterial ()
UnityEngine.Renderer:get_material () (at /Users/bokken/build/output/unity/unity/Runtime/Export/Graphics/GraphicsRenderers.bindings.cs:180)
AreaBattle.RecoveredWayLineVisual:Initialize () (at Assets/AreaBattle/Scripts/RecoveredWayLineVisual.cs:33)
AreaBattle.RecoveredWayLineVisual:SetLine (UnityEngine.Vector3,UnityEngine.Vector3,UnityEngine.Color,UnityEngine.Color,bool,bool,single) (at Assets/AreaBattle/Scripts/RecoveredWayLineVisual.cs:56)
AreaBattle.RecoveredWayLineVisual:Synchronize (AreaBattle.LineState,AreaBattle.TowerState,AreaBattle.TowerState,UnityEngine.Color,UnityEngine.Color,single) (at Assets/AreaBattle/Scripts/RecoveredWayLineVisual.cs:46)
AreaBattle.RecoveredWayLineVisual:Synchronize (AreaBattle.LineState,AreaBattle.TowerState,AreaBattle.TowerState,single) (at Assets/AreaBattle/Scripts/RecoveredWayLineVisual.cs:21)
AreaBattle.BattleView:RefreshPresentation () (at Assets/AreaBattle/Scripts/BattleView.cs:566)
AreaBattle.BattleView:AdvanceFrame (single,single) (at Assets/AreaBattle/Scripts/BattleView.cs:374)
AreaBattle.EditorTools.RepresentativeReplayValidation:Advance (AreaBattle.BattleView,single) (at Assets/AreaBattle/Editor/RepresentativeReplayValidation.cs:102)
AreaBattle.EditorTools.RepresentativeReplayValidation:Win (AreaBattle.BattleView,AreaBattle.EditorTools.RepresentativeReplayValidation/Replay) (at Assets/AreaBattle/Editor/RepresentativeReplayValidation.cs:108)
AreaBattle.EditorTools.RepresentativeReplayValidation:Run () (at Assets/AreaBattle/Editor/RepresentativeReplayValidation.cs:141)
System.Reflection.RuntimeMethodInfo:Invoke (object,System.Reflection.BindingFlags,System.Reflection.Binder,object[],System.Globalization.CultureInfo)
System.Reflection.MethodBase:Invoke (object,object[])
AreaBattle.EditorTools.BattleBuild:ValidateIntegrated () (at Assets/AreaBattle/Editor/BattleBuild.cs:32)
AreaBattle.EditorTools.BattleBuild:ValidateMechanicsOnly () (at Assets/AreaBattle/Editor/BattleBuild.cs:18)

[Assets/AreaBattle/Scripts/RecoveredWayLineVisual.cs line 21]

Instantiating material due to calling renderer.material during edit mode. This will leak materials into the scene. You most likely want to use renderer.sharedMaterial instead.
UnityEngine.Debug:ExtractStackTraceNoAlloc (byte*,int,string)
UnityEngine.StackTraceUtility:ExtractStackTrace () (at /Users/bokken/build/output/unity/unity/Runtime/Export/Scripting/StackTrace.cs:35)
UnityEngine.Renderer:GetMaterial ()
UnityEngine.Renderer:get_material () (at /Users/bokken/build/output/unity/unity/Runtime/Export/Graphics/GraphicsRenderers.bindings.cs:180)
AreaBattle.RecoveredWayLineVisual:Initialize () (at Assets/AreaBattle/Scripts/RecoveredWayLineVisual.cs:33)
AreaBattle.RecoveredWayLineVisual:SetLine (UnityEngine.Vector3,UnityEngine.Vector3,UnityEngine.Color,UnityEngine.Color,bool,bool,single) (at Assets/AreaBattle/Scripts/RecoveredWayLineVisual.cs:56)
AreaBattle.RecoveredWayLineVisual:Synchronize (AreaBattle.LineState,AreaBattle.TowerState,AreaBattle.TowerState,UnityEngine.Color,UnityEngine.Color,single) (at Assets/AreaBattle/Scripts/RecoveredWayLineVisual.cs:46)
AreaBattle.RecoveredWayLineVisual:Synchronize (AreaBattle.LineState,AreaBattle.TowerState,AreaBattle.TowerState,single) (at Assets/AreaBattle/Scripts/RecoveredWayLineVisual.cs:21)
AreaBattle.BattleView:RefreshPresentation () (at Assets/AreaBattle/Scripts/BattleView.cs:566)
AreaBattle.BattleView:AdvanceFrame (single,single) (at Assets/AreaBattle/Scripts/BattleView.cs:374)
AreaBattle.EditorTools.RepresentativeReplayValidation:Advance (AreaBattle.BattleView,single) (at Assets/AreaBattle/Editor/RepresentativeReplayValidation.cs:102)
AreaBattle.EditorTools.RepresentativeReplayValidation:Win (AreaBattle.BattleView,AreaBattle.EditorTools.RepresentativeReplayValidation/Replay) (at Assets/AreaBattle/Editor/RepresentativeReplayValidation.cs:108)
AreaBattle.EditorTools.RepresentativeReplayValidation:Run () (at Assets/AreaBattle/Editor/RepresentativeReplayValidation.cs:141)
System.Reflection.RuntimeMethodInfo:Invoke (object,System.Reflection.BindingFlags,System.Reflection.Binder,object[],System.Globalization.CultureInfo)
System.Reflection.MethodBase:Invoke (object,object[])
AreaBattle.EditorTools.BattleBuild:ValidateIntegrated () (at Assets/AreaBattle/Editor/BattleBuild.cs:32)
AreaBattle.EditorTools.BattleBuild:ValidateMechanicsOnly () (at Assets/AreaBattle/Editor/BattleBuild.cs:18)

[Assets/AreaBattle/Scripts/RecoveredWayLineVisual.cs line 21]

Instantiating material due to calling renderer.material during edit mode. This will leak materials into the scene. You most likely want to use renderer.sharedMaterial instead.
UnityEngine.Debug:ExtractStackTraceNoAlloc (byte*,int,string)
UnityEngine.StackTraceUtility:ExtractStackTrace () (at /Users/bokken/build/output/unity/unity/Runtime/Export/Scripting/StackTrace.cs:35)
UnityEngine.Renderer:GetMaterial ()
UnityEngine.Renderer:get_material () (at /Users/bokken/build/output/unity/unity/Runtime/Export/Graphics/GraphicsRenderers.bindings.cs:180)
AreaBattle.RecoveredWayLineVisual:Initialize () (at Assets/AreaBattle/Scripts/RecoveredWayLineVisual.cs:33)
AreaBattle.RecoveredWayLineVisual:SetLine (UnityEngine.Vector3,UnityEngine.Vector3,UnityEngine.Color,UnityEngine.Color,bool,bool,single) (at Assets/AreaBattle/Scripts/RecoveredWayLineVisual.cs:56)
AreaBattle.RecoveredWayLineVisual:Synchronize (AreaBattle.LineState,AreaBattle.TowerState,AreaBattle.TowerState,UnityEngine.Color,UnityEngine.Color,single) (at Assets/AreaBattle/Scripts/RecoveredWayLineVisual.cs:46)
AreaBattle.RecoveredWayLineVisual:Synchronize (AreaBattle.LineState,AreaBattle.TowerState,AreaBattle.TowerState,single) (at Assets/AreaBattle/Scripts/RecoveredWayLineVisual.cs:21)
AreaBattle.BattleView:RefreshPresentation () (at Assets/AreaBattle/Scripts/BattleView.cs:566)
AreaBattle.BattleView:AdvanceFrame (single,single) (at Assets/AreaBattle/Scripts/BattleView.cs:374)
AreaBattle.EditorTools.RepresentativeReplayValidation:Advance (AreaBattle.BattleView,single) (at Assets/AreaBattle/Editor/RepresentativeReplayValidation.cs:102)
AreaBattle.EditorTools.RepresentativeReplayValidation:Win (AreaBattle.BattleView,AreaBattle.EditorTools.RepresentativeReplayValidation/Replay) (at Assets/AreaBattle/Editor/RepresentativeReplayValidation.cs:108)
AreaBattle.EditorTools.RepresentativeReplayValidation:Run () (at Assets/AreaBattle/Editor/RepresentativeReplayValidation.cs:141)
System.Reflection.RuntimeMethodInfo:Invoke (object,System.Reflection.BindingFlags,System.Reflection.Binder,object[],System.Globalization.CultureInfo)
System.Reflection.MethodBase:Invoke (object,object[])
AreaBattle.EditorTools.BattleBuild:ValidateIntegrated () (at Assets/AreaBattle/Editor/BattleBuild.cs:32)
AreaBattle.EditorTools.BattleBuild:ValidateMechanicsOnly () (at Assets/AreaBattle/Editor/BattleBuild.cs:18)

[Assets/AreaBattle/Scripts/RecoveredWayLineVisual.cs line 21]

Instantiating material due to calling renderer.material during edit mode. This will leak materials into the scene. You most likely want to use renderer.sharedMaterial instead.
UnityEngine.Debug:ExtractStackTraceNoAlloc (byte*,int,string)
UnityEngine.StackTraceUtility:ExtractStackTrace () (at /Users/bokken/build/output/unity/unity/Runtime/Export/Scripting/StackTrace.cs:35)
UnityEngine.Renderer:GetMaterial ()
UnityEngine.Renderer:get_material () (at /Users/bokken/build/output/unity/unity/Runtime/Export/Graphics/GraphicsRenderers.bindings.cs:180)
AreaBattle.RecoveredWayLineVisual:Initialize () (at Assets/AreaBattle/Scripts/RecoveredWayLineVisual.cs:33)
AreaBattle.RecoveredWayLineVisual:SetLine (UnityEngine.Vector3,UnityEngine.Vector3,UnityEngine.Color,UnityEngine.Color,bool,bool,single) (at Assets/AreaBattle/Scripts/RecoveredWayLineVisual.cs:56)
AreaBattle.RecoveredWayLineVisual:Synchronize (AreaBattle.LineState,AreaBattle.TowerState,AreaBattle.TowerState,UnityEngine.Color,UnityEngine.Color,single) (at Assets/AreaBattle/Scripts/RecoveredWayLineVisual.cs:46)
AreaBattle.RecoveredWayLineVisual:Synchronize (AreaBattle.LineState,AreaBattle.TowerState,AreaBattle.TowerState,single) (at Assets/AreaBattle/Scripts/RecoveredWayLineVisual.cs:21)
AreaBattle.BattleView:RefreshPresentation () (at Assets/AreaBattle/Scripts/BattleView.cs:566)
AreaBattle.BattleView:AdvanceFrame (single,single) (at Assets/AreaBattle/Scripts/BattleView.cs:374)
AreaBattle.EditorTools.RepresentativeReplayValidation:Advance (AreaBattle.BattleView,single) (at Assets/AreaBattle/Editor/RepresentativeReplayValidation.cs:102)
AreaBattle.EditorTools.RepresentativeReplayValidation:Win (AreaBattle.BattleView,AreaBattle.EditorTools.RepresentativeReplayValidation/Replay) (at Assets/AreaBattle/Editor/RepresentativeReplayValidation.cs:108)
AreaBattle.EditorTools.RepresentativeReplayValidation:Run () (at Assets/AreaBattle/Editor/RepresentativeReplayValidation.cs:141)
System.Reflection.RuntimeMethodInfo:Invoke (object,System.Reflection.BindingFlags,System.Reflection.Binder,object[],System.Globalization.CultureInfo)
System.Reflection.MethodBase:Invoke (object,object[])
AreaBattle.EditorTools.BattleBuild:ValidateIntegrated () (at Assets/AreaBattle/Editor/BattleBuild.cs:32)
AreaBattle.EditorTools.BattleBuild:ValidateMechanicsOnly () (at Assets/AreaBattle/Editor/BattleBuild.cs:18)

[Assets/AreaBattle/Scripts/RecoveredWayLineVisual.cs line 21]

Instantiating material due to calling renderer.material during edit mode. This will leak materials into the scene. You most likely want to use renderer.sharedMaterial instead.
UnityEngine.Debug:ExtractStackTraceNoAlloc (byte*,int,string)
UnityEngine.StackTraceUtility:ExtractStackTrace () (at /Users/bokken/build/output/unity/unity/Runtime/Export/Scripting/StackTrace.cs:35)
UnityEngine.Renderer:GetMaterial ()
UnityEngine.Renderer:get_material () (at /Users/bokken/build/output/unity/unity/Runtime/Export/Graphics/GraphicsRenderers.bindings.cs:180)
AreaBattle.RecoveredWayLineVisual:Initialize () (at Assets/AreaBattle/Scripts/RecoveredWayLineVisual.cs:33)
AreaBattle.RecoveredWayLineVisual:SetLine (UnityEngine.Vector3,UnityEngine.Vector3,UnityEngine.Color,UnityEngine.Color,bool,bool,single) (at Assets/AreaBattle/Scripts/RecoveredWayLineVisual.cs:56)
AreaBattle.RecoveredWayLineVisual:Synchronize (AreaBattle.LineState,AreaBattle.TowerState,AreaBattle.TowerState,UnityEngine.Color,UnityEngine.Color,single) (at Assets/AreaBattle/Scripts/RecoveredWayLineVisual.cs:46)
AreaBattle.RecoveredWayLineVisual:Synchronize (AreaBattle.LineState,AreaBattle.TowerState,AreaBattle.TowerState,single) (at Assets/AreaBattle/Scripts/RecoveredWayLineVisual.cs:21)
AreaBattle.BattleView:RefreshPresentation () (at Assets/AreaBattle/Scripts/BattleView.cs:566)
AreaBattle.BattleView:AdvanceFrame (single,single) (at Assets/AreaBattle/Scripts/BattleView.cs:374)
AreaBattle.EditorTools.RepresentativeReplayValidation:Advance (AreaBattle.BattleView,single) (at Assets/AreaBattle/Editor/RepresentativeReplayValidation.cs:102)
AreaBattle.EditorTools.RepresentativeReplayValidation:Win (AreaBattle.BattleView,AreaBattle.EditorTools.RepresentativeReplayValidation/Replay) (at Assets/AreaBattle/Editor/RepresentativeReplayValidation.cs:108)
AreaBattle.EditorTools.RepresentativeReplayValidation:Run () (at Assets/AreaBattle/Editor/RepresentativeReplayValidation.cs:141)
System.Reflection.RuntimeMethodInfo:Invoke (object,System.Reflection.BindingFlags,System.Reflection.Binder,object[],System.Globalization.CultureInfo)
System.Reflection.MethodBase:Invoke (object,object[])
AreaBattle.EditorTools.BattleBuild:ValidateIntegrated () (at Assets/AreaBattle/Editor/BattleBuild.cs:32)
AreaBattle.EditorTools.BattleBuild:ValidateMechanicsOnly () (at Assets/AreaBattle/Editor/BattleBuild.cs:18)

[Assets/AreaBattle/Scripts/RecoveredWayLineVisual.cs line 21]

Instantiating material due to calling renderer.material during edit mode. This will leak materials into the scene. You most likely want to use renderer.sharedMaterial instead.
UnityEngine.Debug:ExtractStackTraceNoAlloc (byte*,int,string)
UnityEngine.StackTraceUtility:ExtractStackTrace () (at /Users/bokken/build/output/unity/unity/Runtime/Export/Scripting/StackTrace.cs:35)
UnityEngine.Renderer:GetMaterial ()
UnityEngine.Renderer:get_material () (at /Users/bokken/build/output/unity/unity/Runtime/Export/Graphics/GraphicsRenderers.bindings.cs:180)
AreaBattle.RecoveredWayLineVisual:Initialize () (at Assets/AreaBattle/Scripts/RecoveredWayLineVisual.cs:33)
AreaBattle.RecoveredWayLineVisual:SetLine (UnityEngine.Vector3,UnityEngine.Vector3,UnityEngine.Color,UnityEngine.Color,bool,bool,single) (at Assets/AreaBattle/Scripts/RecoveredWayLineVisual.cs:56)
AreaBattle.RecoveredWayLineVisual:Synchronize (AreaBattle.LineState,AreaBattle.TowerState,AreaBattle.TowerState,UnityEngine.Color,UnityEngine.Color,single) (at Assets/AreaBattle/Scripts/RecoveredWayLineVisual.cs:46)
AreaBattle.RecoveredWayLineVisual:Synchronize (AreaBattle.LineState,AreaBattle.TowerState,AreaBattle.TowerState,single) (at Assets/AreaBattle/Scripts/RecoveredWayLineVisual.cs:21)
AreaBattle.BattleView:RefreshPresentation () (at Assets/AreaBattle/Scripts/BattleView.cs:566)
AreaBattle.BattleView:AdvanceFrame (single,single) (at Assets/AreaBattle/Scripts/BattleView.cs:374)
AreaBattle.EditorTools.RepresentativeReplayValidation:Advance (AreaBattle.BattleView,single) (at Assets/AreaBattle/Editor/RepresentativeReplayValidation.cs:102)
AreaBattle.EditorTools.RepresentativeReplayValidation:Win (AreaBattle.BattleView,AreaBattle.EditorTools.RepresentativeReplayValidation/Replay) (at Assets/AreaBattle/Editor/RepresentativeReplayValidation.cs:108)
AreaBattle.EditorTools.RepresentativeReplayValidation:Run () (at Assets/AreaBattle/Editor/RepresentativeReplayValidation.cs:141)
System.Reflection.RuntimeMethodInfo:Invoke (object,System.Reflection.BindingFlags,System.Reflection.Binder,object[],System.Globalization.CultureInfo)
System.Reflection.MethodBase:Invoke (object,object[])
AreaBattle.EditorTools.BattleBuild:ValidateIntegrated () (at Assets/AreaBattle/Editor/BattleBuild.cs:32)
AreaBattle.EditorTools.BattleBuild:ValidateMechanicsOnly () (at Assets/AreaBattle/Editor/BattleBuild.cs:18)

[Assets/AreaBattle/Scripts/RecoveredWayLineVisual.cs line 21]

Instantiating material due to calling renderer.material during edit mode. This will leak materials into the scene. You most likely want to use renderer.sharedMaterial instead.
UnityEngine.Debug:ExtractStackTraceNoAlloc (byte*,int,string)
UnityEngine.StackTraceUtility:ExtractStackTrace () (at /Users/bokken/build/output/unity/unity/Runtime/Export/Scripting/StackTrace.cs:35)
UnityEngine.Renderer:GetMaterial ()
UnityEngine.Renderer:get_material () (at /Users/bokken/build/output/unity/unity/Runtime/Export/Graphics/GraphicsRenderers.bindings.cs:180)
AreaBattle.RecoveredWayLineVisual:Initialize () (at Assets/AreaBattle/Scripts/RecoveredWayLineVisual.cs:33)
AreaBattle.RecoveredWayLineVisual:SetLine (UnityEngine.Vector3,UnityEngine.Vector3,UnityEngine.Color,UnityEngine.Color,bool,bool,single) (at Assets/AreaBattle/Scripts/RecoveredWayLineVisual.cs:56)
AreaBattle.RecoveredWayLineVisual:Synchronize (AreaBattle.LineState,AreaBattle.TowerState,AreaBattle.TowerState,UnityEngine.Color,UnityEngine.Color,single) (at Assets/AreaBattle/Scripts/RecoveredWayLineVisual.cs:46)
AreaBattle.RecoveredWayLineVisual:Synchronize (AreaBattle.LineState,AreaBattle.TowerState,AreaBattle.TowerState,single) (at Assets/AreaBattle/Scripts/RecoveredWayLineVisual.cs:21)
AreaBattle.BattleView:RefreshPresentation () (at Assets/AreaBattle/Scripts/BattleView.cs:566)
AreaBattle.BattleView:AdvanceFrame (single,single) (at Assets/AreaBattle/Scripts/BattleView.cs:374)
AreaBattle.EditorTools.RepresentativeReplayValidation:Advance (AreaBattle.BattleView,single) (at Assets/AreaBattle/Editor/RepresentativeReplayValidation.cs:102)
AreaBattle.EditorTools.RepresentativeReplayValidation:Win (AreaBattle.BattleView,AreaBattle.EditorTools.RepresentativeReplayValidation/Replay) (at Assets/AreaBattle/Editor/RepresentativeReplayValidation.cs:108)
AreaBattle.EditorTools.RepresentativeReplayValidation:Run () (at Assets/AreaBattle/Editor/RepresentativeReplayValidation.cs:141)
System.Reflection.RuntimeMethodInfo:Invoke (object,System.Reflection.BindingFlags,System.Reflection.Binder,object[],System.Globalization.CultureInfo)
System.Reflection.MethodBase:Invoke (object,object[])
AreaBattle.EditorTools.BattleBuild:ValidateIntegrated () (at Assets/AreaBattle/Editor/BattleBuild.cs:32)
AreaBattle.EditorTools.BattleBuild:ValidateMechanicsOnly () (at Assets/AreaBattle/Editor/BattleBuild.cs:18)

[Assets/AreaBattle/Scripts/RecoveredWayLineVisual.cs line 21]

Instantiating material due to calling renderer.material during edit mode. This will leak materials into the scene. You most likely want to use renderer.sharedMaterial instead.
UnityEngine.Debug:ExtractStackTraceNoAlloc (byte*,int,string)
UnityEngine.StackTraceUtility:ExtractStackTrace () (at /Users/bokken/build/output/unity/unity/Runtime/Export/Scripting/StackTrace.cs:35)
UnityEngine.Renderer:GetMaterial ()
UnityEngine.Renderer:get_material () (at /Users/bokken/build/output/unity/unity/Runtime/Export/Graphics/GraphicsRenderers.bindings.cs:180)
AreaBattle.RecoveredWayLineVisual:Initialize () (at Assets/AreaBattle/Scripts/RecoveredWayLineVisual.cs:33)
AreaBattle.RecoveredWayLineVisual:SetLine (UnityEngine.Vector3,UnityEngine.Vector3,UnityEngine.Color,UnityEngine.Color,bool,bool,single) (at Assets/AreaBattle/Scripts/RecoveredWayLineVisual.cs:56)
AreaBattle.RecoveredWayLineVisual:Synchronize (AreaBattle.LineState,AreaBattle.TowerState,AreaBattle.TowerState,UnityEngine.Color,UnityEngine.Color,single) (at Assets/AreaBattle/Scripts/RecoveredWayLineVisual.cs:46)
AreaBattle.RecoveredWayLineVisual:Synchronize (AreaBattle.LineState,AreaBattle.TowerState,AreaBattle.TowerState,single) (at Assets/AreaBattle/Scripts/RecoveredWayLineVisual.cs:21)
AreaBattle.BattleView:RefreshPresentation () (at Assets/AreaBattle/Scripts/BattleView.cs:566)
AreaBattle.BattleView:AdvanceFrame (single,single) (at Assets/AreaBattle/Scripts/BattleView.cs:374)
AreaBattle.EditorTools.RepresentativeReplayValidation:Advance (AreaBattle.BattleView,single) (at Assets/AreaBattle/Editor/RepresentativeReplayValidation.cs:102)
AreaBattle.EditorTools.RepresentativeReplayValidation:Win (AreaBattle.BattleView,AreaBattle.EditorTools.RepresentativeReplayValidation/Replay) (at Assets/AreaBattle/Editor/RepresentativeReplayValidation.cs:108)
AreaBattle.EditorTools.RepresentativeReplayValidation:Run () (at Assets/AreaBattle/Editor/RepresentativeReplayValidation.cs:141)
System.Reflection.RuntimeMethodInfo:Invoke (object,System.Reflection.BindingFlags,System.Reflection.Binder,object[],System.Globalization.CultureInfo)
System.Reflection.MethodBase:Invoke (object,object[])
AreaBattle.EditorTools.BattleBuild:ValidateIntegrated () (at Assets/AreaBattle/Editor/BattleBuild.cs:32)
AreaBattle.EditorTools.BattleBuild:ValidateMechanicsOnly () (at Assets/AreaBattle/Editor/BattleBuild.cs:18)

[Assets/AreaBattle/Scripts/RecoveredWayLineVisual.cs line 21]

Instantiating material due to calling renderer.material during edit mode. This will leak materials into the scene. You most likely want to use renderer.sharedMaterial instead.
UnityEngine.Debug:ExtractStackTraceNoAlloc (byte*,int,string)
UnityEngine.StackTraceUtility:ExtractStackTrace () (at /Users/bokken/build/output/unity/unity/Runtime/Export/Scripting/StackTrace.cs:35)
UnityEngine.Renderer:GetMaterial ()
UnityEngine.Renderer:get_material () (at /Users/bokken/build/output/unity/unity/Runtime/Export/Graphics/GraphicsRenderers.bindings.cs:180)
AreaBattle.RecoveredWayLineVisual:Initialize () (at Assets/AreaBattle/Scripts/RecoveredWayLineVisual.cs:33)
AreaBattle.RecoveredWayLineVisual:SetLine (UnityEngine.Vector3,UnityEngine.Vector3,UnityEngine.Color,UnityEngine.Color,bool,bool,single) (at Assets/AreaBattle/Scripts/RecoveredWayLineVisual.cs:56)
AreaBattle.RecoveredWayLineVisual:Synchronize (AreaBattle.LineState,AreaBattle.TowerState,AreaBattle.TowerState,UnityEngine.Color,UnityEngine.Color,single) (at Assets/AreaBattle/Scripts/RecoveredWayLineVisual.cs:46)
AreaBattle.RecoveredWayLineVisual:Synchronize (AreaBattle.LineState,AreaBattle.TowerState,AreaBattle.TowerState,single) (at Assets/AreaBattle/Scripts/RecoveredWayLineVisual.cs:21)
AreaBattle.BattleView:RefreshPresentation () (at Assets/AreaBattle/Scripts/BattleView.cs:566)
AreaBattle.BattleView:AdvanceFrame (single,single) (at Assets/AreaBattle/Scripts/BattleView.cs:374)
AreaBattle.EditorTools.RepresentativeReplayValidation:Advance (AreaBattle.BattleView,single) (at Assets/AreaBattle/Editor/RepresentativeReplayValidation.cs:102)
AreaBattle.EditorTools.RepresentativeReplayValidation:Win (AreaBattle.BattleView,AreaBattle.EditorTools.RepresentativeReplayValidation/Replay) (at Assets/AreaBattle/Editor/RepresentativeReplayValidation.cs:108)
AreaBattle.EditorTools.RepresentativeReplayValidation:Run () (at Assets/AreaBattle/Editor/RepresentativeReplayValidation.cs:141)
System.Reflection.RuntimeMethodInfo:Invoke (object,System.Reflection.BindingFlags,System.Reflection.Binder,object[],System.Globalization.CultureInfo)
System.Reflection.MethodBase:Invoke (object,object[])
AreaBattle.EditorTools.BattleBuild:ValidateIntegrated () (at Assets/AreaBattle/Editor/BattleBuild.cs:32)
AreaBattle.EditorTools.BattleBuild:ValidateMechanicsOnly () (at Assets/AreaBattle/Editor/BattleBuild.cs:18)

[Assets/AreaBattle/Scripts/RecoveredWayLineVisual.cs line 21]

Instantiating material due to calling renderer.material during edit mode. This will leak materials into the scene. You most likely want to use renderer.sharedMaterial instead.
UnityEngine.Debug:ExtractStackTraceNoAlloc (byte*,int,string)
UnityEngine.StackTraceUtility:ExtractStackTrace () (at /Users/bokken/build/output/unity/unity/Runtime/Export/Scripting/StackTrace.cs:35)
UnityEngine.Renderer:GetMaterial ()
UnityEngine.Renderer:get_material () (at /Users/bokken/build/output/unity/unity/Runtime/Export/Graphics/GraphicsRenderers.bindings.cs:180)
AreaBattle.RecoveredWayLineVisual:Initialize () (at Assets/AreaBattle/Scripts/RecoveredWayLineVisual.cs:33)
AreaBattle.RecoveredWayLineVisual:SetLine (UnityEngine.Vector3,UnityEngine.Vector3,UnityEngine.Color,UnityEngine.Color,bool,bool,single) (at Assets/AreaBattle/Scripts/RecoveredWayLineVisual.cs:56)
AreaBattle.RecoveredWayLineVisual:Synchronize (AreaBattle.LineState,AreaBattle.TowerState,AreaBattle.TowerState,UnityEngine.Color,UnityEngine.Color,single) (at Assets/AreaBattle/Scripts/RecoveredWayLineVisual.cs:46)
AreaBattle.RecoveredWayLineVisual:Synchronize (AreaBattle.LineState,AreaBattle.TowerState,AreaBattle.TowerState,single) (at Assets/AreaBattle/Scripts/RecoveredWayLineVisual.cs:21)
AreaBattle.BattleView:RefreshPresentation () (at Assets/AreaBattle/Scripts/BattleView.cs:566)
AreaBattle.BattleView:AdvanceFrame (single,single) (at Assets/AreaBattle/Scripts/BattleView.cs:374)
AreaBattle.EditorTools.RepresentativeReplayValidation:Advance (AreaBattle.BattleView,single) (at Assets/AreaBattle/Editor/RepresentativeReplayValidation.cs:102)
AreaBattle.EditorTools.RepresentativeReplayValidation:Win (AreaBattle.BattleView,AreaBattle.EditorTools.RepresentativeReplayValidation/Replay) (at Assets/AreaBattle/Editor/RepresentativeReplayValidation.cs:108)
AreaBattle.EditorTools.RepresentativeReplayValidation:Run () (at Assets/AreaBattle/Editor/RepresentativeReplayValidation.cs:141)
System.Reflection.RuntimeMethodInfo:Invoke (object,System.Reflection.BindingFlags,System.Reflection.Binder,object[],System.Globalization.CultureInfo)
System.Reflection.MethodBase:Invoke (object,object[])
AreaBattle.EditorTools.BattleBuild:ValidateIntegrated () (at Assets/AreaBattle/Editor/BattleBuild.cs:32)
AreaBattle.EditorTools.BattleBuild:ValidateMechanicsOnly () (at Assets/AreaBattle/Editor/BattleBuild.cs:18)

[Assets/AreaBattle/Scripts/RecoveredWayLineVisual.cs line 21]

Instantiating material due to calling renderer.material during edit mode. This will leak materials into the scene. You most likely want to use renderer.sharedMaterial instead.
UnityEngine.Debug:ExtractStackTraceNoAlloc (byte*,int,string)
UnityEngine.StackTraceUtility:ExtractStackTrace () (at /Users/bokken/build/output/unity/unity/Runtime/Export/Scripting/StackTrace.cs:35)
UnityEngine.Renderer:GetMaterial ()
UnityEngine.Renderer:get_material () (at /Users/bokken/build/output/unity/unity/Runtime/Export/Graphics/GraphicsRenderers.bindings.cs:180)
AreaBattle.RecoveredWayLineVisual:Initialize () (at Assets/AreaBattle/Scripts/RecoveredWayLineVisual.cs:33)
AreaBattle.RecoveredWayLineVisual:SetLine (UnityEngine.Vector3,UnityEngine.Vector3,UnityEngine.Color,UnityEngine.Color,bool,bool,single) (at Assets/AreaBattle/Scripts/RecoveredWayLineVisual.cs:56)
AreaBattle.RecoveredWayLineVisual:Synchronize (AreaBattle.LineState,AreaBattle.TowerState,AreaBattle.TowerState,UnityEngine.Color,UnityEngine.Color,single) (at Assets/AreaBattle/Scripts/RecoveredWayLineVisual.cs:46)
AreaBattle.RecoveredWayLineVisual:Synchronize (AreaBattle.LineState,AreaBattle.TowerState,AreaBattle.TowerState,single) (at Assets/AreaBattle/Scripts/RecoveredWayLineVisual.cs:21)
AreaBattle.BattleView:RefreshPresentation () (at Assets/AreaBattle/Scripts/BattleView.cs:566)
AreaBattle.BattleView:AdvanceFrame (single,single) (at Assets/AreaBattle/Scripts/BattleView.cs:374)
AreaBattle.EditorTools.RepresentativeReplayValidation:Advance (AreaBattle.BattleView,single) (at Assets/AreaBattle/Editor/RepresentativeReplayValidation.cs:102)
AreaBattle.EditorTools.RepresentativeReplayValidation:Win (AreaBattle.BattleView,AreaBattle.EditorTools.RepresentativeReplayValidation/Replay) (at Assets/AreaBattle/Editor/RepresentativeReplayValidation.cs:108)
AreaBattle.EditorTools.RepresentativeReplayValidation:Run () (at Assets/AreaBattle/Editor/RepresentativeReplayValidation.cs:141)
System.Reflection.RuntimeMethodInfo:Invoke (object,System.Reflection.BindingFlags,System.Reflection.Binder,object[],System.Globalization.CultureInfo)
System.Reflection.MethodBase:Invoke (object,object[])
AreaBattle.EditorTools.BattleBuild:ValidateIntegrated () (at Assets/AreaBattle/Editor/BattleBuild.cs:32)
AreaBattle.EditorTools.BattleBuild:ValidateMechanicsOnly () (at Assets/AreaBattle/Editor/BattleBuild.cs:18)

[Assets/AreaBattle/Scripts/RecoveredWayLineVisual.cs line 21]

Instantiating material due to calling renderer.material during edit mode. This will leak materials into the scene. You most likely want to use renderer.sharedMaterial instead.
UnityEngine.Debug:ExtractStackTraceNoAlloc (byte*,int,string)
UnityEngine.StackTraceUtility:ExtractStackTrace () (at /Users/bokken/build/output/unity/unity/Runtime/Export/Scripting/StackTrace.cs:35)
UnityEngine.Renderer:GetMaterial ()
UnityEngine.Renderer:get_material () (at /Users/bokken/build/output/unity/unity/Runtime/Export/Graphics/GraphicsRenderers.bindings.cs:180)
AreaBattle.RecoveredWayLineVisual:Initialize () (at Assets/AreaBattle/Scripts/RecoveredWayLineVisual.cs:33)
AreaBattle.RecoveredWayLineVisual:SetLine (UnityEngine.Vector3,UnityEngine.Vector3,UnityEngine.Color,UnityEngine.Color,bool,bool,single) (at Assets/AreaBattle/Scripts/RecoveredWayLineVisual.cs:56)
AreaBattle.RecoveredWayLineVisual:Synchronize (AreaBattle.LineState,AreaBattle.TowerState,AreaBattle.TowerState,UnityEngine.Color,UnityEngine.Color,single) (at Assets/AreaBattle/Scripts/RecoveredWayLineVisual.cs:46)
AreaBattle.RecoveredWayLineVisual:Synchronize (AreaBattle.LineState,AreaBattle.TowerState,AreaBattle.TowerState,single) (at Assets/AreaBattle/Scripts/RecoveredWayLineVisual.cs:21)
AreaBattle.BattleView:RefreshPresentation () (at Assets/AreaBattle/Scripts/BattleView.cs:566)
AreaBattle.BattleView:AdvanceFrame (single,single) (at Assets/AreaBattle/Scripts/BattleView.cs:374)
AreaBattle.EditorTools.RepresentativeReplayValidation:Advance (AreaBattle.BattleView,single) (at Assets/AreaBattle/Editor/RepresentativeReplayValidation.cs:102)
AreaBattle.EditorTools.RepresentativeReplayValidation:Win (AreaBattle.BattleView,AreaBattle.EditorTools.RepresentativeReplayValidation/Replay) (at Assets/AreaBattle/Editor/RepresentativeReplayValidation.cs:108)
AreaBattle.EditorTools.RepresentativeReplayValidation:Run () (at Assets/AreaBattle/Editor/RepresentativeReplayValidation.cs:141)
System.Reflection.RuntimeMethodInfo:Invoke (object,System.Reflection.BindingFlags,System.Reflection.Binder,object[],System.Globalization.CultureInfo)
System.Reflection.MethodBase:Invoke (object,object[])
AreaBattle.EditorTools.BattleBuild:ValidateIntegrated () (at Assets/AreaBattle/Editor/BattleBuild.cs:32)
AreaBattle.EditorTools.BattleBuild:ValidateMechanicsOnly () (at Assets/AreaBattle/Editor/BattleBuild.cs:18)

[Assets/AreaBattle/Scripts/RecoveredWayLineVisual.cs line 21]

Instantiating material due to calling renderer.material during edit mode. This will leak materials into the scene. You most likely want to use renderer.sharedMaterial instead.
UnityEngine.Debug:ExtractStackTraceNoAlloc (byte*,int,string)
UnityEngine.StackTraceUtility:ExtractStackTrace () (at /Users/bokken/build/output/unity/unity/Runtime/Export/Scripting/StackTrace.cs:35)
UnityEngine.Renderer:GetMaterial ()
UnityEngine.Renderer:get_material () (at /Users/bokken/build/output/unity/unity/Runtime/Export/Graphics/GraphicsRenderers.bindings.cs:180)
AreaBattle.RecoveredWayLineVisual:Initialize () (at Assets/AreaBattle/Scripts/RecoveredWayLineVisual.cs:33)
AreaBattle.RecoveredWayLineVisual:SetLine (UnityEngine.Vector3,UnityEngine.Vector3,UnityEngine.Color,UnityEngine.Color,bool,bool,single) (at Assets/AreaBattle/Scripts/RecoveredWayLineVisual.cs:56)
AreaBattle.RecoveredWayLineVisual:Synchronize (AreaBattle.LineState,AreaBattle.TowerState,AreaBattle.TowerState,UnityEngine.Color,UnityEngine.Color,single) (at Assets/AreaBattle/Scripts/RecoveredWayLineVisual.cs:46)
AreaBattle.RecoveredWayLineVisual:Synchronize (AreaBattle.LineState,AreaBattle.TowerState,AreaBattle.TowerState,single) (at Assets/AreaBattle/Scripts/RecoveredWayLineVisual.cs:21)
AreaBattle.BattleView:RefreshPresentation () (at Assets/AreaBattle/Scripts/BattleView.cs:566)
AreaBattle.BattleView:AdvanceFrame (single,single) (at Assets/AreaBattle/Scripts/BattleView.cs:374)
AreaBattle.EditorTools.RepresentativeReplayValidation:Advance (AreaBattle.BattleView,single) (at Assets/AreaBattle/Editor/RepresentativeReplayValidation.cs:102)
AreaBattle.EditorTools.RepresentativeReplayValidation:Win (AreaBattle.BattleView,AreaBattle.EditorTools.RepresentativeReplayValidation/Replay) (at Assets/AreaBattle/Editor/RepresentativeReplayValidation.cs:108)
AreaBattle.EditorTools.RepresentativeReplayValidation:Run () (at Assets/AreaBattle/Editor/RepresentativeReplayValidation.cs:141)
System.Reflection.RuntimeMethodInfo:Invoke (object,System.Reflection.BindingFlags,System.Reflection.Binder,object[],System.Globalization.CultureInfo)
System.Reflection.MethodBase:Invoke (object,object[])
AreaBattle.EditorTools.BattleBuild:ValidateIntegrated () (at Assets/AreaBattle/Editor/BattleBuild.cs:32)
AreaBattle.EditorTools.BattleBuild:ValidateMechanicsOnly () (at Assets/AreaBattle/Editor/BattleBuild.cs:18)

[Assets/AreaBattle/Scripts/RecoveredWayLineVisual.cs line 21]

Instantiating material due to calling renderer.material during edit mode. This will leak materials into the scene. You most likely want to use renderer.sharedMaterial instead.
UnityEngine.Debug:ExtractStackTraceNoAlloc (byte*,int,string)
UnityEngine.StackTraceUtility:ExtractStackTrace () (at /Users/bokken/build/output/unity/unity/Runtime/Export/Scripting/StackTrace.cs:35)
UnityEngine.Renderer:GetMaterial ()
UnityEngine.Renderer:get_material () (at /Users/bokken/build/output/unity/unity/Runtime/Export/Graphics/GraphicsRenderers.bindings.cs:180)
AreaBattle.RecoveredWayLineVisual:Initialize () (at Assets/AreaBattle/Scripts/RecoveredWayLineVisual.cs:33)
AreaBattle.RecoveredWayLineVisual:SetLine (UnityEngine.Vector3,UnityEngine.Vector3,UnityEngine.Color,UnityEngine.Color,bool,bool,single) (at Assets/AreaBattle/Scripts/RecoveredWayLineVisual.cs:56)
AreaBattle.RecoveredWayLineVisual:Synchronize (AreaBattle.LineState,AreaBattle.TowerState,AreaBattle.TowerState,UnityEngine.Color,UnityEngine.Color,single) (at Assets/AreaBattle/Scripts/RecoveredWayLineVisual.cs:46)
AreaBattle.RecoveredWayLineVisual:Synchronize (AreaBattle.LineState,AreaBattle.TowerState,AreaBattle.TowerState,single) (at Assets/AreaBattle/Scripts/RecoveredWayLineVisual.cs:21)
AreaBattle.BattleView:RefreshPresentation () (at Assets/AreaBattle/Scripts/BattleView.cs:566)
AreaBattle.BattleView:AdvanceFrame (single,single) (at Assets/AreaBattle/Scripts/BattleView.cs:374)
AreaBattle.EditorTools.RepresentativeReplayValidation:Advance (AreaBattle.BattleView,single) (at Assets/AreaBattle/Editor/RepresentativeReplayValidation.cs:102)
AreaBattle.EditorTools.RepresentativeReplayValidation:Win (AreaBattle.BattleView,AreaBattle.EditorTools.RepresentativeReplayValidation/Replay) (at Assets/AreaBattle/Editor/RepresentativeReplayValidation.cs:108)
AreaBattle.EditorTools.RepresentativeReplayValidation:Run () (at Assets/AreaBattle/Editor/RepresentativeReplayValidation.cs:141)
System.Reflection.RuntimeMethodInfo:Invoke (object,System.Reflection.BindingFlags,System.Reflection.Binder,object[],System.Globalization.CultureInfo)
System.Reflection.MethodBase:Invoke (object,object[])
AreaBattle.EditorTools.BattleBuild:ValidateIntegrated () (at Assets/AreaBattle/Editor/BattleBuild.cs:32)
AreaBattle.EditorTools.BattleBuild:ValidateMechanicsOnly () (at Assets/AreaBattle/Editor/BattleBuild.cs:18)

[Assets/AreaBattle/Scripts/RecoveredWayLineVisual.cs line 21]

Instantiating material due to calling renderer.material during edit mode. This will leak materials into the scene. You most likely want to use renderer.sharedMaterial instead.
UnityEngine.Debug:ExtractStackTraceNoAlloc (byte*,int,string)
UnityEngine.StackTraceUtility:ExtractStackTrace () (at /Users/bokken/build/output/unity/unity/Runtime/Export/Scripting/StackTrace.cs:35)
UnityEngine.Renderer:GetMaterial ()
UnityEngine.Renderer:get_material () (at /Users/bokken/build/output/unity/unity/Runtime/Export/Graphics/GraphicsRenderers.bindings.cs:180)
AreaBattle.RecoveredWayLineVisual:Initialize () (at Assets/AreaBattle/Scripts/RecoveredWayLineVisual.cs:33)
AreaBattle.RecoveredWayLineVisual:SetLine (UnityEngine.Vector3,UnityEngine.Vector3,UnityEngine.Color,UnityEngine.Color,bool,bool,single) (at Assets/AreaBattle/Scripts/RecoveredWayLineVisual.cs:56)
AreaBattle.RecoveredWayLineVisual:Synchronize (AreaBattle.LineState,AreaBattle.TowerState,AreaBattle.TowerState,UnityEngine.Color,UnityEngine.Color,single) (at Assets/AreaBattle/Scripts/RecoveredWayLineVisual.cs:46)
AreaBattle.RecoveredWayLineVisual:Synchronize (AreaBattle.LineState,AreaBattle.TowerState,AreaBattle.TowerState,single) (at Assets/AreaBattle/Scripts/RecoveredWayLineVisual.cs:21)
AreaBattle.BattleView:RefreshPresentation () (at Assets/AreaBattle/Scripts/BattleView.cs:566)
AreaBattle.BattleView:AdvanceFrame (single,single) (at Assets/AreaBattle/Scripts/BattleView.cs:374)
AreaBattle.EditorTools.RepresentativeReplayValidation:Advance (AreaBattle.BattleView,single) (at Assets/AreaBattle/Editor/RepresentativeReplayValidation.cs:102)
AreaBattle.EditorTools.RepresentativeReplayValidation:Win (AreaBattle.BattleView,AreaBattle.EditorTools.RepresentativeReplayValidation/Replay) (at Assets/AreaBattle/Editor/RepresentativeReplayValidation.cs:108)
AreaBattle.EditorTools.RepresentativeReplayValidation:Run () (at Assets/AreaBattle/Editor/RepresentativeReplayValidation.cs:141)
System.Reflection.RuntimeMethodInfo:Invoke (object,System.Reflection.BindingFlags,System.Reflection.Binder,object[],System.Globalization.CultureInfo)
System.Reflection.MethodBase:Invoke (object,object[])
AreaBattle.EditorTools.BattleBuild:ValidateIntegrated () (at Assets/AreaBattle/Editor/BattleBuild.cs:32)
AreaBattle.EditorTools.BattleBuild:ValidateMechanicsOnly () (at Assets/AreaBattle/Editor/BattleBuild.cs:18)

[Assets/AreaBattle/Scripts/RecoveredWayLineVisual.cs line 21]

Instantiating material due to calling renderer.material during edit mode. This will leak materials into the scene. You most likely want to use renderer.sharedMaterial instead.
UnityEngine.Debug:ExtractStackTraceNoAlloc (byte*,int,string)
UnityEngine.StackTraceUtility:ExtractStackTrace () (at /Users/bokken/build/output/unity/unity/Runtime/Export/Scripting/StackTrace.cs:35)
UnityEngine.Renderer:GetMaterial ()
UnityEngine.Renderer:get_material () (at /Users/bokken/build/output/unity/unity/Runtime/Export/Graphics/GraphicsRenderers.bindings.cs:180)
AreaBattle.RecoveredWayLineVisual:Initialize () (at Assets/AreaBattle/Scripts/RecoveredWayLineVisual.cs:33)
AreaBattle.RecoveredWayLineVisual:SetLine (UnityEngine.Vector3,UnityEngine.Vector3,UnityEngine.Color,UnityEngine.Color,bool,bool,single) (at Assets/AreaBattle/Scripts/RecoveredWayLineVisual.cs:56)
AreaBattle.RecoveredWayLineVisual:Synchronize (AreaBattle.LineState,AreaBattle.TowerState,AreaBattle.TowerState,UnityEngine.Color,UnityEngine.Color,single) (at Assets/AreaBattle/Scripts/RecoveredWayLineVisual.cs:46)
AreaBattle.RecoveredWayLineVisual:Synchronize (AreaBattle.LineState,AreaBattle.TowerState,AreaBattle.TowerState,single) (at Assets/AreaBattle/Scripts/RecoveredWayLineVisual.cs:21)
AreaBattle.BattleView:RefreshPresentation () (at Assets/AreaBattle/Scripts/BattleView.cs:566)
AreaBattle.BattleView:AdvanceFrame (single,single) (at Assets/AreaBattle/Scripts/BattleView.cs:374)
AreaBattle.EditorTools.RepresentativeReplayValidation:Advance (AreaBattle.BattleView,single) (at Assets/AreaBattle/Editor/RepresentativeReplayValidation.cs:102)
AreaBattle.EditorTools.RepresentativeReplayValidation:Win (AreaBattle.BattleView,AreaBattle.EditorTools.RepresentativeReplayValidation/Replay) (at Assets/AreaBattle/Editor/RepresentativeReplayValidation.cs:108)
AreaBattle.EditorTools.RepresentativeReplayValidation:Run () (at Assets/AreaBattle/Editor/RepresentativeReplayValidation.cs:141)
System.Reflection.RuntimeMethodInfo:Invoke (object,System.Reflection.BindingFlags,System.Reflection.Binder,object[],System.Globalization.CultureInfo)
System.Reflection.MethodBase:Invoke (object,object[])
AreaBattle.EditorTools.BattleBuild:ValidateIntegrated () (at Assets/AreaBattle/Editor/BattleBuild.cs:32)
AreaBattle.EditorTools.BattleBuild:ValidateMechanicsOnly () (at Assets/AreaBattle/Editor/BattleBuild.cs:18)

[Assets/AreaBattle/Scripts/RecoveredWayLineVisual.cs line 21]

Instantiating material due to calling renderer.material during edit mode. This will leak materials into the scene. You most likely want to use renderer.sharedMaterial instead.
UnityEngine.Debug:ExtractStackTraceNoAlloc (byte*,int,string)
UnityEngine.StackTraceUtility:ExtractStackTrace () (at /Users/bokken/build/output/unity/unity/Runtime/Export/Scripting/StackTrace.cs:35)
UnityEngine.Renderer:GetMaterial ()
UnityEngine.Renderer:get_material () (at /Users/bokken/build/output/unity/unity/Runtime/Export/Graphics/GraphicsRenderers.bindings.cs:180)
AreaBattle.RecoveredWayLineVisual:Initialize () (at Assets/AreaBattle/Scripts/RecoveredWayLineVisual.cs:33)
AreaBattle.RecoveredWayLineVisual:SetLine (UnityEngine.Vector3,UnityEngine.Vector3,UnityEngine.Color,UnityEngine.Color,bool,bool,single) (at Assets/AreaBattle/Scripts/RecoveredWayLineVisual.cs:56)
AreaBattle.RecoveredWayLineVisual:Synchronize (AreaBattle.LineState,AreaBattle.TowerState,AreaBattle.TowerState,UnityEngine.Color,UnityEngine.Color,single) (at Assets/AreaBattle/Scripts/RecoveredWayLineVisual.cs:46)
AreaBattle.RecoveredWayLineVisual:Synchronize (AreaBattle.LineState,AreaBattle.TowerState,AreaBattle.TowerState,single) (at Assets/AreaBattle/Scripts/RecoveredWayLineVisual.cs:21)
AreaBattle.BattleView:RefreshPresentation () (at Assets/AreaBattle/Scripts/BattleView.cs:566)
AreaBattle.BattleView:AdvanceFrame (single,single) (at Assets/AreaBattle/Scripts/BattleView.cs:374)
AreaBattle.EditorTools.RepresentativeReplayValidation:Advance (AreaBattle.BattleView,single) (at Assets/AreaBattle/Editor/RepresentativeReplayValidation.cs:102)
AreaBattle.EditorTools.RepresentativeReplayValidation:Win (AreaBattle.BattleView,AreaBattle.EditorTools.RepresentativeReplayValidation/Replay) (at Assets/AreaBattle/Editor/RepresentativeReplayValidation.cs:108)
AreaBattle.EditorTools.RepresentativeReplayValidation:Run () (at Assets/AreaBattle/Editor/RepresentativeReplayValidation.cs:141)
System.Reflection.RuntimeMethodInfo:Invoke (object,System.Reflection.BindingFlags,System.Reflection.Binder,object[],System.Globalization.CultureInfo)
System.Reflection.MethodBase:Invoke (object,object[])
AreaBattle.EditorTools.BattleBuild:ValidateIntegrated () (at Assets/AreaBattle/Editor/BattleBuild.cs:32)
AreaBattle.EditorTools.BattleBuild:ValidateMechanicsOnly () (at Assets/AreaBattle/Editor/BattleBuild.cs:18)

[Assets/AreaBattle/Scripts/RecoveredWayLineVisual.cs line 21]

Instantiating material due to calling renderer.material during edit mode. This will leak materials into the scene. You most likely want to use renderer.sharedMaterial instead.
UnityEngine.Debug:ExtractStackTraceNoAlloc (byte*,int,string)
UnityEngine.StackTraceUtility:ExtractStackTrace () (at /Users/bokken/build/output/unity/unity/Runtime/Export/Scripting/StackTrace.cs:35)
UnityEngine.Renderer:GetMaterial ()
UnityEngine.Renderer:get_material () (at /Users/bokken/build/output/unity/unity/Runtime/Export/Graphics/GraphicsRenderers.bindings.cs:180)
AreaBattle.RecoveredWayLineVisual:Initialize () (at Assets/AreaBattle/Scripts/RecoveredWayLineVisual.cs:33)
AreaBattle.RecoveredWayLineVisual:SetLine (UnityEngine.Vector3,UnityEngine.Vector3,UnityEngine.Color,UnityEngine.Color,bool,bool,single) (at Assets/AreaBattle/Scripts/RecoveredWayLineVisual.cs:56)
AreaBattle.RecoveredWayLineVisual:Synchronize (AreaBattle.LineState,AreaBattle.TowerState,AreaBattle.TowerState,UnityEngine.Color,UnityEngine.Color,single) (at Assets/AreaBattle/Scripts/RecoveredWayLineVisual.cs:46)
AreaBattle.RecoveredWayLineVisual:Synchronize (AreaBattle.LineState,AreaBattle.TowerState,AreaBattle.TowerState,single) (at Assets/AreaBattle/Scripts/RecoveredWayLineVisual.cs:21)
AreaBattle.BattleView:RefreshPresentation () (at Assets/AreaBattle/Scripts/BattleView.cs:566)
AreaBattle.BattleView:AdvanceFrame (single,single) (at Assets/AreaBattle/Scripts/BattleView.cs:374)
AreaBattle.EditorTools.RepresentativeReplayValidation:Advance (AreaBattle.BattleView,single) (at Assets/AreaBattle/Editor/RepresentativeReplayValidation.cs:102)
AreaBattle.EditorTools.RepresentativeReplayValidation:Win (AreaBattle.BattleView,AreaBattle.EditorTools.RepresentativeReplayValidation/Replay) (at Assets/AreaBattle/Editor/RepresentativeReplayValidation.cs:108)
AreaBattle.EditorTools.RepresentativeReplayValidation:Run () (at Assets/AreaBattle/Editor/RepresentativeReplayValidation.cs:141)
System.Reflection.RuntimeMethodInfo:Invoke (object,System.Reflection.BindingFlags,System.Reflection.Binder,object[],System.Globalization.CultureInfo)
System.Reflection.MethodBase:Invoke (object,object[])
AreaBattle.EditorTools.BattleBuild:ValidateIntegrated () (at Assets/AreaBattle/Editor/BattleBuild.cs:32)
AreaBattle.EditorTools.BattleBuild:ValidateMechanicsOnly () (at Assets/AreaBattle/Editor/BattleBuild.cs:18)

[Assets/AreaBattle/Scripts/RecoveredWayLineVisual.cs line 21]

Instantiating material due to calling renderer.material during edit mode. This will leak materials into the scene. You most likely want to use renderer.sharedMaterial instead.
UnityEngine.Debug:ExtractStackTraceNoAlloc (byte*,int,string)
UnityEngine.StackTraceUtility:ExtractStackTrace () (at /Users/bokken/build/output/unity/unity/Runtime/Export/Scripting/StackTrace.cs:35)
UnityEngine.Renderer:GetMaterial ()
UnityEngine.Renderer:get_material () (at /Users/bokken/build/output/unity/unity/Runtime/Export/Graphics/GraphicsRenderers.bindings.cs:180)
AreaBattle.RecoveredWayLineVisual:Initialize () (at Assets/AreaBattle/Scripts/RecoveredWayLineVisual.cs:33)
AreaBattle.RecoveredWayLineVisual:SetLine (UnityEngine.Vector3,UnityEngine.Vector3,UnityEngine.Color,UnityEngine.Color,bool,bool,single) (at Assets/AreaBattle/Scripts/RecoveredWayLineVisual.cs:56)
AreaBattle.RecoveredWayLineVisual:Synchronize (AreaBattle.LineState,AreaBattle.TowerState,AreaBattle.TowerState,UnityEngine.Color,UnityEngine.Color,single) (at Assets/AreaBattle/Scripts/RecoveredWayLineVisual.cs:46)
AreaBattle.RecoveredWayLineVisual:Synchronize (AreaBattle.LineState,AreaBattle.TowerState,AreaBattle.TowerState,single) (at Assets/AreaBattle/Scripts/RecoveredWayLineVisual.cs:21)
AreaBattle.BattleView:RefreshPresentation () (at Assets/AreaBattle/Scripts/BattleView.cs:566)
AreaBattle.BattleView:AdvanceFrame (single,single) (at Assets/AreaBattle/Scripts/BattleView.cs:374)
AreaBattle.EditorTools.RepresentativeReplayValidation:Advance (AreaBattle.BattleView,single) (at Assets/AreaBattle/Editor/RepresentativeReplayValidation.cs:102)
AreaBattle.EditorTools.RepresentativeReplayValidation:Win (AreaBattle.BattleView,AreaBattle.EditorTools.RepresentativeReplayValidation/Replay) (at Assets/AreaBattle/Editor/RepresentativeReplayValidation.cs:108)
AreaBattle.EditorTools.RepresentativeReplayValidation:Run () (at Assets/AreaBattle/Editor/RepresentativeReplayValidation.cs:141)
System.Reflection.RuntimeMethodInfo:Invoke (object,System.Reflection.BindingFlags,System.Reflection.Binder,object[],System.Globalization.CultureInfo)
System.Reflection.MethodBase:Invoke (object,object[])
AreaBattle.EditorTools.BattleBuild:ValidateIntegrated () (at Assets/AreaBattle/Editor/BattleBuild.cs:32)
AreaBattle.EditorTools.BattleBuild:ValidateMechanicsOnly () (at Assets/AreaBattle/Editor/BattleBuild.cs:18)

[Assets/AreaBattle/Scripts/RecoveredWayLineVisual.cs line 21]

Instantiating material due to calling renderer.material during edit mode. This will leak materials into the scene. You most likely want to use renderer.sharedMaterial instead.
UnityEngine.Debug:ExtractStackTraceNoAlloc (byte*,int,string)
UnityEngine.StackTraceUtility:ExtractStackTrace () (at /Users/bokken/build/output/unity/unity/Runtime/Export/Scripting/StackTrace.cs:35)
UnityEngine.Renderer:GetMaterial ()
UnityEngine.Renderer:get_material () (at /Users/bokken/build/output/unity/unity/Runtime/Export/Graphics/GraphicsRenderers.bindings.cs:180)
AreaBattle.RecoveredWayLineVisual:Initialize () (at Assets/AreaBattle/Scripts/RecoveredWayLineVisual.cs:33)
AreaBattle.RecoveredWayLineVisual:SetLine (UnityEngine.Vector3,UnityEngine.Vector3,UnityEngine.Color,UnityEngine.Color,bool,bool,single) (at Assets/AreaBattle/Scripts/RecoveredWayLineVisual.cs:56)
AreaBattle.RecoveredWayLineVisual:Synchronize (AreaBattle.LineState,AreaBattle.TowerState,AreaBattle.TowerState,UnityEngine.Color,UnityEngine.Color,single) (at Assets/AreaBattle/Scripts/RecoveredWayLineVisual.cs:46)
AreaBattle.RecoveredWayLineVisual:Synchronize (AreaBattle.LineState,AreaBattle.TowerState,AreaBattle.TowerState,single) (at Assets/AreaBattle/Scripts/RecoveredWayLineVisual.cs:21)
AreaBattle.BattleView:RefreshPresentation () (at Assets/AreaBattle/Scripts/BattleView.cs:566)
AreaBattle.BattleView:AdvanceFrame (single,single) (at Assets/AreaBattle/Scripts/BattleView.cs:374)
AreaBattle.EditorTools.RepresentativeReplayValidation:Advance (AreaBattle.BattleView,single) (at Assets/AreaBattle/Editor/RepresentativeReplayValidation.cs:102)
AreaBattle.EditorTools.RepresentativeReplayValidation:Win (AreaBattle.BattleView,AreaBattle.EditorTools.RepresentativeReplayValidation/Replay) (at Assets/AreaBattle/Editor/RepresentativeReplayValidation.cs:108)
AreaBattle.EditorTools.RepresentativeReplayValidation:Run () (at Assets/AreaBattle/Editor/RepresentativeReplayValidation.cs:141)
System.Reflection.RuntimeMethodInfo:Invoke (object,System.Reflection.BindingFlags,System.Reflection.Binder,object[],System.Globalization.CultureInfo)
System.Reflection.MethodBase:Invoke (object,object[])
AreaBattle.EditorTools.BattleBuild:ValidateIntegrated () (at Assets/AreaBattle/Editor/BattleBuild.cs:32)
AreaBattle.EditorTools.BattleBuild:ValidateMechanicsOnly () (at Assets/AreaBattle/Editor/BattleBuild.cs:18)

[Assets/AreaBattle/Scripts/RecoveredWayLineVisual.cs line 21]

Instantiating material due to calling renderer.material during edit mode. This will leak materials into the scene. You most likely want to use renderer.sharedMaterial instead.
UnityEngine.Debug:ExtractStackTraceNoAlloc (byte*,int,string)
UnityEngine.StackTraceUtility:ExtractStackTrace () (at /Users/bokken/build/output/unity/unity/Runtime/Export/Scripting/StackTrace.cs:35)
UnityEngine.Renderer:GetMaterial ()
UnityEngine.Renderer:get_material () (at /Users/bokken/build/output/unity/unity/Runtime/Export/Graphics/GraphicsRenderers.bindings.cs:180)
AreaBattle.RecoveredWayLineVisual:Initialize () (at Assets/AreaBattle/Scripts/RecoveredWayLineVisual.cs:33)
AreaBattle.RecoveredWayLineVisual:SetLine (UnityEngine.Vector3,UnityEngine.Vector3,UnityEngine.Color,UnityEngine.Color,bool,bool,single) (at Assets/AreaBattle/Scripts/RecoveredWayLineVisual.cs:56)
AreaBattle.RecoveredWayLineVisual:Synchronize (AreaBattle.LineState,AreaBattle.TowerState,AreaBattle.TowerState,UnityEngine.Color,UnityEngine.Color,single) (at Assets/AreaBattle/Scripts/RecoveredWayLineVisual.cs:46)
AreaBattle.RecoveredWayLineVisual:Synchronize (AreaBattle.LineState,AreaBattle.TowerState,AreaBattle.TowerState,single) (at Assets/AreaBattle/Scripts/RecoveredWayLineVisual.cs:21)
AreaBattle.BattleView:RefreshPresentation () (at Assets/AreaBattle/Scripts/BattleView.cs:566)
AreaBattle.BattleView:AdvanceFrame (single,single) (at Assets/AreaBattle/Scripts/BattleView.cs:374)
AreaBattle.EditorTools.RepresentativeReplayValidation:Advance (AreaBattle.BattleView,single) (at Assets/AreaBattle/Editor/RepresentativeReplayValidation.cs:102)
AreaBattle.EditorTools.RepresentativeReplayValidation:Win (AreaBattle.BattleView,AreaBattle.EditorTools.RepresentativeReplayValidation/Replay) (at Assets/AreaBattle/Editor/RepresentativeReplayValidation.cs:108)
AreaBattle.EditorTools.RepresentativeReplayValidation:Run () (at Assets/AreaBattle/Editor/RepresentativeReplayValidation.cs:141)
System.Reflection.RuntimeMethodInfo:Invoke (object,System.Reflection.BindingFlags,System.Reflection.Binder,object[],System.Globalization.CultureInfo)
System.Reflection.MethodBase:Invoke (object,object[])
AreaBattle.EditorTools.BattleBuild:ValidateIntegrated () (at Assets/AreaBattle/Editor/BattleBuild.cs:32)
AreaBattle.EditorTools.BattleBuild:ValidateMechanicsOnly () (at Assets/AreaBattle/Editor/BattleBuild.cs:18)

[Assets/AreaBattle/Scripts/RecoveredWayLineVisual.cs line 21]

Instantiating material due to calling renderer.material during edit mode. This will leak materials into the scene. You most likely want to use renderer.sharedMaterial instead.
UnityEngine.Debug:ExtractStackTraceNoAlloc (byte*,int,string)
UnityEngine.StackTraceUtility:ExtractStackTrace () (at /Users/bokken/build/output/unity/unity/Runtime/Export/Scripting/StackTrace.cs:35)
UnityEngine.Renderer:GetMaterial ()
UnityEngine.Renderer:get_material () (at /Users/bokken/build/output/unity/unity/Runtime/Export/Graphics/GraphicsRenderers.bindings.cs:180)
AreaBattle.RecoveredWayLineVisual:Initialize () (at Assets/AreaBattle/Scripts/RecoveredWayLineVisual.cs:33)
AreaBattle.RecoveredWayLineVisual:SetLine (UnityEngine.Vector3,UnityEngine.Vector3,UnityEngine.Color,UnityEngine.Color,bool,bool,single) (at Assets/AreaBattle/Scripts/RecoveredWayLineVisual.cs:56)
AreaBattle.RecoveredWayLineVisual:Synchronize (AreaBattle.LineState,AreaBattle.TowerState,AreaBattle.TowerState,UnityEngine.Color,UnityEngine.Color,single) (at Assets/AreaBattle/Scripts/RecoveredWayLineVisual.cs:46)
AreaBattle.RecoveredWayLineVisual:Synchronize (AreaBattle.LineState,AreaBattle.TowerState,AreaBattle.TowerState,single) (at Assets/AreaBattle/Scripts/RecoveredWayLineVisual.cs:21)
AreaBattle.BattleView:RefreshPresentation () (at Assets/AreaBattle/Scripts/BattleView.cs:566)
AreaBattle.BattleView:AdvanceFrame (single,single) (at Assets/AreaBattle/Scripts/BattleView.cs:374)
AreaBattle.EditorTools.RepresentativeReplayValidation:Advance (AreaBattle.BattleView,single) (at Assets/AreaBattle/Editor/RepresentativeReplayValidation.cs:102)
AreaBattle.EditorTools.RepresentativeReplayValidation:Win (AreaBattle.BattleView,AreaBattle.EditorTools.RepresentativeReplayValidation/Replay) (at Assets/AreaBattle/Editor/RepresentativeReplayValidation.cs:108)
AreaBattle.EditorTools.RepresentativeReplayValidation:Run () (at Assets/AreaBattle/Editor/RepresentativeReplayValidation.cs:141)
System.Reflection.RuntimeMethodInfo:Invoke (object,System.Reflection.BindingFlags,System.Reflection.Binder,object[],System.Globalization.CultureInfo)
System.Reflection.MethodBase:Invoke (object,object[])
AreaBattle.EditorTools.BattleBuild:ValidateIntegrated () (at Assets/AreaBattle/Editor/BattleBuild.cs:32)
AreaBattle.EditorTools.BattleBuild:ValidateMechanicsOnly () (at Assets/AreaBattle/Editor/BattleBuild.cs:18)

[Assets/AreaBattle/Scripts/RecoveredWayLineVisual.cs line 21]

Instantiating material due to calling renderer.material during edit mode. This will leak materials into the scene. You most likely want to use renderer.sharedMaterial instead.
UnityEngine.Debug:ExtractStackTraceNoAlloc (byte*,int,string)
UnityEngine.StackTraceUtility:ExtractStackTrace () (at /Users/bokken/build/output/unity/unity/Runtime/Export/Scripting/StackTrace.cs:35)
UnityEngine.Renderer:GetMaterial ()
UnityEngine.Renderer:get_material () (at /Users/bokken/build/output/unity/unity/Runtime/Export/Graphics/GraphicsRenderers.bindings.cs:180)
AreaBattle.RecoveredWayLineVisual:Initialize () (at Assets/AreaBattle/Scripts/RecoveredWayLineVisual.cs:33)
AreaBattle.RecoveredWayLineVisual:SetLine (UnityEngine.Vector3,UnityEngine.Vector3,UnityEngine.Color,UnityEngine.Color,bool,bool,single) (at Assets/AreaBattle/Scripts/RecoveredWayLineVisual.cs:56)
AreaBattle.RecoveredWayLineVisual:Synchronize (AreaBattle.LineState,AreaBattle.TowerState,AreaBattle.TowerState,UnityEngine.Color,UnityEngine.Color,single) (at Assets/AreaBattle/Scripts/RecoveredWayLineVisual.cs:46)
AreaBattle.RecoveredWayLineVisual:Synchronize (AreaBattle.LineState,AreaBattle.TowerState,AreaBattle.TowerState,single) (at Assets/AreaBattle/Scripts/RecoveredWayLineVisual.cs:21)
AreaBattle.BattleView:RefreshPresentation () (at Assets/AreaBattle/Scripts/BattleView.cs:566)
AreaBattle.BattleView:AdvanceFrame (single,single) (at Assets/AreaBattle/Scripts/BattleView.cs:374)
AreaBattle.EditorTools.RepresentativeReplayValidation:Advance (AreaBattle.BattleView,single) (at Assets/AreaBattle/Editor/RepresentativeReplayValidation.cs:102)
AreaBattle.EditorTools.RepresentativeReplayValidation:Win (AreaBattle.BattleView,AreaBattle.EditorTools.RepresentativeReplayValidation/Replay) (at Assets/AreaBattle/Editor/RepresentativeReplayValidation.cs:108)
AreaBattle.EditorTools.RepresentativeReplayValidation:Run () (at Assets/AreaBattle/Editor/RepresentativeReplayValidation.cs:141)
System.Reflection.RuntimeMethodInfo:Invoke (object,System.Reflection.BindingFlags,System.Reflection.Binder,object[],System.Globalization.CultureInfo)
System.Reflection.MethodBase:Invoke (object,object[])
AreaBattle.EditorTools.BattleBuild:ValidateIntegrated () (at Assets/AreaBattle/Editor/BattleBuild.cs:32)
AreaBattle.EditorTools.BattleBuild:ValidateMechanicsOnly () (at Assets/AreaBattle/Editor/BattleBuild.cs:18)

[Assets/AreaBattle/Scripts/RecoveredWayLineVisual.cs line 21]

Instantiating material due to calling renderer.material during edit mode. This will leak materials into the scene. You most likely want to use renderer.sharedMaterial instead.
UnityEngine.Debug:ExtractStackTraceNoAlloc (byte*,int,string)
UnityEngine.StackTraceUtility:ExtractStackTrace () (at /Users/bokken/build/output/unity/unity/Runtime/Export/Scripting/StackTrace.cs:35)
UnityEngine.Renderer:GetMaterial ()
UnityEngine.Renderer:get_material () (at /Users/bokken/build/output/unity/unity/Runtime/Export/Graphics/GraphicsRenderers.bindings.cs:180)
AreaBattle.RecoveredWayLineVisual:Initialize () (at Assets/AreaBattle/Scripts/RecoveredWayLineVisual.cs:33)
AreaBattle.RecoveredWayLineVisual:SetLine (UnityEngine.Vector3,UnityEngine.Vector3,UnityEngine.Color,UnityEngine.Color,bool,bool,single) (at Assets/AreaBattle/Scripts/RecoveredWayLineVisual.cs:56)
AreaBattle.RecoveredWayLineVisual:Synchronize (AreaBattle.LineState,AreaBattle.TowerState,AreaBattle.TowerState,UnityEngine.Color,UnityEngine.Color,single) (at Assets/AreaBattle/Scripts/RecoveredWayLineVisual.cs:46)
AreaBattle.RecoveredWayLineVisual:Synchronize (AreaBattle.LineState,AreaBattle.TowerState,AreaBattle.TowerState,single) (at Assets/AreaBattle/Scripts/RecoveredWayLineVisual.cs:21)
AreaBattle.BattleView:RefreshPresentation () (at Assets/AreaBattle/Scripts/BattleView.cs:566)
AreaBattle.BattleView:AdvanceFrame (single,single) (at Assets/AreaBattle/Scripts/BattleView.cs:374)
AreaBattle.EditorTools.RepresentativeReplayValidation:Advance (AreaBattle.BattleView,single) (at Assets/AreaBattle/Editor/RepresentativeReplayValidation.cs:102)
AreaBattle.EditorTools.RepresentativeReplayValidation:Win (AreaBattle.BattleView,AreaBattle.EditorTools.RepresentativeReplayValidation/Replay) (at Assets/AreaBattle/Editor/RepresentativeReplayValidation.cs:108)
AreaBattle.EditorTools.RepresentativeReplayValidation:Run () (at Assets/AreaBattle/Editor/RepresentativeReplayValidation.cs:141)
System.Reflection.RuntimeMethodInfo:Invoke (object,System.Reflection.BindingFlags,System.Reflection.Binder,object[],System.Globalization.CultureInfo)
System.Reflection.MethodBase:Invoke (object,object[])
AreaBattle.EditorTools.BattleBuild:ValidateIntegrated () (at Assets/AreaBattle/Editor/BattleBuild.cs:32)
AreaBattle.EditorTools.BattleBuild:ValidateMechanicsOnly () (at Assets/AreaBattle/Editor/BattleBuild.cs:18)

[Assets/AreaBattle/Scripts/RecoveredWayLineVisual.cs line 21]

Instantiating material due to calling renderer.material during edit mode. This will leak materials into the scene. You most likely want to use renderer.sharedMaterial instead.
UnityEngine.Debug:ExtractStackTraceNoAlloc (byte*,int,string)
UnityEngine.StackTraceUtility:ExtractStackTrace () (at /Users/bokken/build/output/unity/unity/Runtime/Export/Scripting/StackTrace.cs:35)
UnityEngine.Renderer:GetMaterial ()
UnityEngine.Renderer:get_material () (at /Users/bokken/build/output/unity/unity/Runtime/Export/Graphics/GraphicsRenderers.bindings.cs:180)
AreaBattle.RecoveredWayLineVisual:Initialize () (at Assets/AreaBattle/Scripts/RecoveredWayLineVisual.cs:33)
AreaBattle.RecoveredWayLineVisual:SetLine (UnityEngine.Vector3,UnityEngine.Vector3,UnityEngine.Color,UnityEngine.Color,bool,bool,single) (at Assets/AreaBattle/Scripts/RecoveredWayLineVisual.cs:56)
AreaBattle.RecoveredWayLineVisual:Synchronize (AreaBattle.LineState,AreaBattle.TowerState,AreaBattle.TowerState,UnityEngine.Color,UnityEngine.Color,single) (at Assets/AreaBattle/Scripts/RecoveredWayLineVisual.cs:46)
AreaBattle.RecoveredWayLineVisual:Synchronize (AreaBattle.LineState,AreaBattle.TowerState,AreaBattle.TowerState,single) (at Assets/AreaBattle/Scripts/RecoveredWayLineVisual.cs:21)
AreaBattle.BattleView:RefreshPresentation () (at Assets/AreaBattle/Scripts/BattleView.cs:566)
AreaBattle.BattleView:AdvanceFrame (single,single) (at Assets/AreaBattle/Scripts/BattleView.cs:374)
AreaBattle.EditorTools.RepresentativeReplayValidation:Advance (AreaBattle.BattleView,single) (at Assets/AreaBattle/Editor/RepresentativeReplayValidation.cs:102)
AreaBattle.EditorTools.RepresentativeReplayValidation:Win (AreaBattle.BattleView,AreaBattle.EditorTools.RepresentativeReplayValidation/Replay) (at Assets/AreaBattle/Editor/RepresentativeReplayValidation.cs:108)
AreaBattle.EditorTools.RepresentativeReplayValidation:Run () (at Assets/AreaBattle/Editor/RepresentativeReplayValidation.cs:141)
System.Reflection.RuntimeMethodInfo:Invoke (object,System.Reflection.BindingFlags,System.Reflection.Binder,object[],System.Globalization.CultureInfo)
System.Reflection.MethodBase:Invoke (object,object[])
AreaBattle.EditorTools.BattleBuild:ValidateIntegrated () (at Assets/AreaBattle/Editor/BattleBuild.cs:32)
AreaBattle.EditorTools.BattleBuild:ValidateMechanicsOnly () (at Assets/AreaBattle/Editor/BattleBuild.cs:18)

[Assets/AreaBattle/Scripts/RecoveredWayLineVisual.cs line 21]

Instantiating material due to calling renderer.material during edit mode. This will leak materials into the scene. You most likely want to use renderer.sharedMaterial instead.
UnityEngine.Debug:ExtractStackTraceNoAlloc (byte*,int,string)
UnityEngine.StackTraceUtility:ExtractStackTrace () (at /Users/bokken/build/output/unity/unity/Runtime/Export/Scripting/StackTrace.cs:35)
UnityEngine.Renderer:GetMaterial ()
UnityEngine.Renderer:get_material () (at /Users/bokken/build/output/unity/unity/Runtime/Export/Graphics/GraphicsRenderers.bindings.cs:180)
AreaBattle.RecoveredWayLineVisual:Initialize () (at Assets/AreaBattle/Scripts/RecoveredWayLineVisual.cs:33)
AreaBattle.RecoveredWayLineVisual:SetLine (UnityEngine.Vector3,UnityEngine.Vector3,UnityEngine.Color,UnityEngine.Color,bool,bool,single) (at Assets/AreaBattle/Scripts/RecoveredWayLineVisual.cs:56)
AreaBattle.RecoveredWayLineVisual:Synchronize (AreaBattle.LineState,AreaBattle.TowerState,AreaBattle.TowerState,UnityEngine.Color,UnityEngine.Color,single) (at Assets/AreaBattle/Scripts/RecoveredWayLineVisual.cs:46)
AreaBattle.RecoveredWayLineVisual:Synchronize (AreaBattle.LineState,AreaBattle.TowerState,AreaBattle.TowerState,single) (at Assets/AreaBattle/Scripts/RecoveredWayLineVisual.cs:21)
AreaBattle.BattleView:RefreshPresentation () (at Assets/AreaBattle/Scripts/BattleView.cs:566)
AreaBattle.BattleView:AdvanceFrame (single,single) (at Assets/AreaBattle/Scripts/BattleView.cs:374)
AreaBattle.EditorTools.RepresentativeReplayValidation:Advance (AreaBattle.BattleView,single) (at Assets/AreaBattle/Editor/RepresentativeReplayValidation.cs:102)
AreaBattle.EditorTools.RepresentativeReplayValidation:Win (AreaBattle.BattleView,AreaBattle.EditorTools.RepresentativeReplayValidation/Replay) (at Assets/AreaBattle/Editor/RepresentativeReplayValidation.cs:108)
AreaBattle.EditorTools.RepresentativeReplayValidation:Run () (at Assets/AreaBattle/Editor/RepresentativeReplayValidation.cs:141)
System.Reflection.RuntimeMethodInfo:Invoke (object,System.Reflection.BindingFlags,System.Reflection.Binder,object[],System.Globalization.CultureInfo)
System.Reflection.MethodBase:Invoke (object,object[])
AreaBattle.EditorTools.BattleBuild:ValidateIntegrated () (at Assets/AreaBattle/Editor/BattleBuild.cs:32)
AreaBattle.EditorTools.BattleBuild:ValidateMechanicsOnly () (at Assets/AreaBattle/Editor/BattleBuild.cs:18)

[Assets/AreaBattle/Scripts/RecoveredWayLineVisual.cs line 21]

Instantiating material due to calling renderer.material during edit mode. This will leak materials into the scene. You most likely want to use renderer.sharedMaterial instead.
UnityEngine.Debug:ExtractStackTraceNoAlloc (byte*,int,string)
UnityEngine.StackTraceUtility:ExtractStackTrace () (at /Users/bokken/build/output/unity/unity/Runtime/Export/Scripting/StackTrace.cs:35)
UnityEngine.Renderer:GetMaterial ()
UnityEngine.Renderer:get_material () (at /Users/bokken/build/output/unity/unity/Runtime/Export/Graphics/GraphicsRenderers.bindings.cs:180)
AreaBattle.RecoveredWayLineVisual:Initialize () (at Assets/AreaBattle/Scripts/RecoveredWayLineVisual.cs:33)
AreaBattle.RecoveredWayLineVisual:SetLine (UnityEngine.Vector3,UnityEngine.Vector3,UnityEngine.Color,UnityEngine.Color,bool,bool,single) (at Assets/AreaBattle/Scripts/RecoveredWayLineVisual.cs:56)
AreaBattle.RecoveredWayLineVisual:Synchronize (AreaBattle.LineState,AreaBattle.TowerState,AreaBattle.TowerState,UnityEngine.Color,UnityEngine.Color,single) (at Assets/AreaBattle/Scripts/RecoveredWayLineVisual.cs:46)
AreaBattle.RecoveredWayLineVisual:Synchronize (AreaBattle.LineState,AreaBattle.TowerState,AreaBattle.TowerState,single) (at Assets/AreaBattle/Scripts/RecoveredWayLineVisual.cs:21)
AreaBattle.BattleView:RefreshPresentation () (at Assets/AreaBattle/Scripts/BattleView.cs:566)
AreaBattle.BattleView:AdvanceFrame (single,single) (at Assets/AreaBattle/Scripts/BattleView.cs:374)
AreaBattle.EditorTools.RepresentativeReplayValidation:Advance (AreaBattle.BattleView,single) (at Assets/AreaBattle/Editor/RepresentativeReplayValidation.cs:102)
AreaBattle.EditorTools.RepresentativeReplayValidation:Run () (at Assets/AreaBattle/Editor/RepresentativeReplayValidation.cs:154)
System.Reflection.RuntimeMethodInfo:Invoke (object,System.Reflection.BindingFlags,System.Reflection.Binder,object[],System.Globalization.CultureInfo)
System.Reflection.MethodBase:Invoke (object,object[])
AreaBattle.EditorTools.BattleBuild:ValidateIntegrated () (at Assets/AreaBattle/Editor/BattleBuild.cs:32)
AreaBattle.EditorTools.BattleBuild:ValidateMechanicsOnly () (at Assets/AreaBattle/Editor/BattleBuild.cs:18)

[Assets/AreaBattle/Scripts/RecoveredWayLineVisual.cs line 21]

Instantiating material due to calling renderer.material during edit mode. This will leak materials into the scene. You most likely want to use renderer.sharedMaterial instead.
UnityEngine.Debug:ExtractStackTraceNoAlloc (byte*,int,string)
UnityEngine.StackTraceUtility:ExtractStackTrace () (at /Users/bokken/build/output/unity/unity/Runtime/Export/Scripting/StackTrace.cs:35)
UnityEngine.Renderer:GetMaterial ()
UnityEngine.Renderer:get_material () (at /Users/bokken/build/output/unity/unity/Runtime/Export/Graphics/GraphicsRenderers.bindings.cs:180)
AreaBattle.RecoveredWayLineVisual:Initialize () (at Assets/AreaBattle/Scripts/RecoveredWayLineVisual.cs:33)
AreaBattle.RecoveredWayLineVisual:SetLine (UnityEngine.Vector3,UnityEngine.Vector3,UnityEngine.Color,UnityEngine.Color,bool,bool,single) (at Assets/AreaBattle/Scripts/RecoveredWayLineVisual.cs:56)
AreaBattle.RecoveredWayLineVisual:Synchronize (AreaBattle.LineState,AreaBattle.TowerState,AreaBattle.TowerState,UnityEngine.Color,UnityEngine.Color,single) (at Assets/AreaBattle/Scripts/RecoveredWayLineVisual.cs:46)
AreaBattle.RecoveredWayLineVisual:Synchronize (AreaBattle.LineState,AreaBattle.TowerState,AreaBattle.TowerState,single) (at Assets/AreaBattle/Scripts/RecoveredWayLineVisual.cs:21)
AreaBattle.BattleView:RefreshPresentation () (at Assets/AreaBattle/Scripts/BattleView.cs:566)
AreaBattle.BattleView:AdvanceFrame (single,single) (at Assets/AreaBattle/Scripts/BattleView.cs:374)
AreaBattle.EditorTools.RepresentativeReplayValidation:Advance (AreaBattle.BattleView,single) (at Assets/AreaBattle/Editor/RepresentativeReplayValidation.cs:102)
AreaBattle.EditorTools.RepresentativeReplayValidation:Run () (at Assets/AreaBattle/Editor/RepresentativeReplayValidation.cs:154)
System.Reflection.RuntimeMethodInfo:Invoke (object,System.Reflection.BindingFlags,System.Reflection.Binder,object[],System.Globalization.CultureInfo)
System.Reflection.MethodBase:Invoke (object,object[])
AreaBattle.EditorTools.BattleBuild:ValidateIntegrated () (at Assets/AreaBattle/Editor/BattleBuild.cs:32)
AreaBattle.EditorTools.BattleBuild:ValidateMechanicsOnly () (at Assets/AreaBattle/Editor/BattleBuild.cs:18)

[Assets/AreaBattle/Scripts/RecoveredWayLineVisual.cs line 21]

Instantiating material due to calling renderer.material during edit mode. This will leak materials into the scene. You most likely want to use renderer.sharedMaterial instead.
UnityEngine.Debug:ExtractStackTraceNoAlloc (byte*,int,string)
UnityEngine.StackTraceUtility:ExtractStackTrace () (at /Users/bokken/build/output/unity/unity/Runtime/Export/Scripting/StackTrace.cs:35)
UnityEngine.Renderer:GetMaterial ()
UnityEngine.Renderer:get_material () (at /Users/bokken/build/output/unity/unity/Runtime/Export/Graphics/GraphicsRenderers.bindings.cs:180)
AreaBattle.RecoveredWayLineVisual:Initialize () (at Assets/AreaBattle/Scripts/RecoveredWayLineVisual.cs:33)
AreaBattle.RecoveredWayLineVisual:SetLine (UnityEngine.Vector3,UnityEngine.Vector3,UnityEngine.Color,UnityEngine.Color,bool,bool,single) (at Assets/AreaBattle/Scripts/RecoveredWayLineVisual.cs:56)
AreaBattle.RecoveredWayLineVisual:Synchronize (AreaBattle.LineState,AreaBattle.TowerState,AreaBattle.TowerState,UnityEngine.Color,UnityEngine.Color,single) (at Assets/AreaBattle/Scripts/RecoveredWayLineVisual.cs:46)
AreaBattle.RecoveredWayLineVisual:Synchronize (AreaBattle.LineState,AreaBattle.TowerState,AreaBattle.TowerState,single) (at Assets/AreaBattle/Scripts/RecoveredWayLineVisual.cs:21)
AreaBattle.BattleView:RefreshPresentation () (at Assets/AreaBattle/Scripts/BattleView.cs:566)
AreaBattle.BattleView:AdvanceFrame (single,single) (at Assets/AreaBattle/Scripts/BattleView.cs:374)
AreaBattle.EditorTools.RepresentativeReplayValidation:Advance (AreaBattle.BattleView,single) (at Assets/AreaBattle/Editor/RepresentativeReplayValidation.cs:102)
AreaBattle.EditorTools.RepresentativeReplayValidation:Run () (at Assets/AreaBattle/Editor/RepresentativeReplayValidation.cs:154)
System.Reflection.RuntimeMethodInfo:Invoke (object,System.Reflection.BindingFlags,System.Reflection.Binder,object[],System.Globalization.CultureInfo)
System.Reflection.MethodBase:Invoke (object,object[])
AreaBattle.EditorTools.BattleBuild:ValidateIntegrated () (at Assets/AreaBattle/Editor/BattleBuild.cs:32)
AreaBattle.EditorTools.BattleBuild:ValidateMechanicsOnly () (at Assets/AreaBattle/Editor/BattleBuild.cs:18)

[Assets/AreaBattle/Scripts/RecoveredWayLineVisual.cs line 21]

Instantiating material due to calling renderer.material during edit mode. This will leak materials into the scene. You most likely want to use renderer.sharedMaterial instead.
UnityEngine.Debug:ExtractStackTraceNoAlloc (byte*,int,string)
UnityEngine.StackTraceUtility:ExtractStackTrace () (at /Users/bokken/build/output/unity/unity/Runtime/Export/Scripting/StackTrace.cs:35)
UnityEngine.Renderer:GetMaterial ()
UnityEngine.Renderer:get_material () (at /Users/bokken/build/output/unity/unity/Runtime/Export/Graphics/GraphicsRenderers.bindings.cs:180)
AreaBattle.RecoveredWayLineVisual:Initialize () (at Assets/AreaBattle/Scripts/RecoveredWayLineVisual.cs:33)
AreaBattle.RecoveredWayLineVisual:SetLine (UnityEngine.Vector3,UnityEngine.Vector3,UnityEngine.Color,UnityEngine.Color,bool,bool,single) (at Assets/AreaBattle/Scripts/RecoveredWayLineVisual.cs:56)
AreaBattle.RecoveredWayLineVisual:Synchronize (AreaBattle.LineState,AreaBattle.TowerState,AreaBattle.TowerState,UnityEngine.Color,UnityEngine.Color,single) (at Assets/AreaBattle/Scripts/RecoveredWayLineVisual.cs:46)
AreaBattle.RecoveredWayLineVisual:Synchronize (AreaBattle.LineState,AreaBattle.TowerState,AreaBattle.TowerState,single) (at Assets/AreaBattle/Scripts/RecoveredWayLineVisual.cs:21)
AreaBattle.BattleView:RefreshPresentation () (at Assets/AreaBattle/Scripts/BattleView.cs:566)
AreaBattle.BattleView:AdvanceFrame (single,single) (at Assets/AreaBattle/Scripts/BattleView.cs:374)
AreaBattle.EditorTools.RepresentativeReplayValidation:Advance (AreaBattle.BattleView,single) (at Assets/AreaBattle/Editor/RepresentativeReplayValidation.cs:102)
AreaBattle.EditorTools.RepresentativeReplayValidation:Run () (at Assets/AreaBattle/Editor/RepresentativeReplayValidation.cs:154)
System.Reflection.RuntimeMethodInfo:Invoke (object,System.Reflection.BindingFlags,System.Reflection.Binder,object[],System.Globalization.CultureInfo)
System.Reflection.MethodBase:Invoke (object,object[])
AreaBattle.EditorTools.BattleBuild:ValidateIntegrated () (at Assets/AreaBattle/Editor/BattleBuild.cs:32)
AreaBattle.EditorTools.BattleBuild:ValidateMechanicsOnly () (at Assets/AreaBattle/Editor/BattleBuild.cs:18)

[Assets/AreaBattle/Scripts/RecoveredWayLineVisual.cs line 21]

Instantiating material due to calling renderer.material during edit mode. This will leak materials into the scene. You most likely want to use renderer.sharedMaterial instead.
UnityEngine.Debug:ExtractStackTraceNoAlloc (byte*,int,string)
UnityEngine.StackTraceUtility:ExtractStackTrace () (at /Users/bokken/build/output/unity/unity/Runtime/Export/Scripting/StackTrace.cs:35)
UnityEngine.Renderer:GetMaterial ()
UnityEngine.Renderer:get_material () (at /Users/bokken/build/output/unity/unity/Runtime/Export/Graphics/GraphicsRenderers.bindings.cs:180)
AreaBattle.RecoveredWayLineVisual:Initialize () (at Assets/AreaBattle/Scripts/RecoveredWayLineVisual.cs:33)
AreaBattle.RecoveredWayLineVisual:SetLine (UnityEngine.Vector3,UnityEngine.Vector3,UnityEngine.Color,UnityEngine.Color,bool,bool,single) (at Assets/AreaBattle/Scripts/RecoveredWayLineVisual.cs:56)
AreaBattle.RecoveredWayLineVisual:Synchronize (AreaBattle.LineState,AreaBattle.TowerState,AreaBattle.TowerState,UnityEngine.Color,UnityEngine.Color,single) (at Assets/AreaBattle/Scripts/RecoveredWayLineVisual.cs:46)
AreaBattle.RecoveredWayLineVisual:Synchronize (AreaBattle.LineState,AreaBattle.TowerState,AreaBattle.TowerState,single) (at Assets/AreaBattle/Scripts/RecoveredWayLineVisual.cs:21)
AreaBattle.BattleView:RefreshPresentation () (at Assets/AreaBattle/Scripts/BattleView.cs:566)
AreaBattle.BattleView:AdvanceFrame (single,single) (at Assets/AreaBattle/Scripts/BattleView.cs:374)
AreaBattle.EditorTools.RepresentativeReplayValidation:Advance (AreaBattle.BattleView,single) (at Assets/AreaBattle/Editor/RepresentativeReplayValidation.cs:102)
AreaBattle.EditorTools.RepresentativeReplayValidation:Run () (at Assets/AreaBattle/Editor/RepresentativeReplayValidation.cs:154)
System.Reflection.RuntimeMethodInfo:Invoke (object,System.Reflection.BindingFlags,System.Reflection.Binder,object[],System.Globalization.CultureInfo)
System.Reflection.MethodBase:Invoke (object,object[])
AreaBattle.EditorTools.BattleBuild:ValidateIntegrated () (at Assets/AreaBattle/Editor/BattleBuild.cs:32)
AreaBattle.EditorTools.BattleBuild:ValidateMechanicsOnly () (at Assets/AreaBattle/Editor/BattleBuild.cs:18)

[Assets/AreaBattle/Scripts/RecoveredWayLineVisual.cs line 21]

Instantiating material due to calling renderer.material during edit mode. This will leak materials into the scene. You most likely want to use renderer.sharedMaterial instead.
UnityEngine.Debug:ExtractStackTraceNoAlloc (byte*,int,string)
UnityEngine.StackTraceUtility:ExtractStackTrace () (at /Users/bokken/build/output/unity/unity/Runtime/Export/Scripting/StackTrace.cs:35)
UnityEngine.Renderer:GetMaterial ()
UnityEngine.Renderer:get_material () (at /Users/bokken/build/output/unity/unity/Runtime/Export/Graphics/GraphicsRenderers.bindings.cs:180)
AreaBattle.RecoveredWayLineVisual:Initialize () (at Assets/AreaBattle/Scripts/RecoveredWayLineVisual.cs:33)
AreaBattle.RecoveredWayLineVisual:SetLine (UnityEngine.Vector3,UnityEngine.Vector3,UnityEngine.Color,UnityEngine.Color,bool,bool,single) (at Assets/AreaBattle/Scripts/RecoveredWayLineVisual.cs:56)
AreaBattle.RecoveredWayLineVisual:Synchronize (AreaBattle.LineState,AreaBattle.TowerState,AreaBattle.TowerState,UnityEngine.Color,UnityEngine.Color,single) (at Assets/AreaBattle/Scripts/RecoveredWayLineVisual.cs:46)
AreaBattle.RecoveredWayLineVisual:Synchronize (AreaBattle.LineState,AreaBattle.TowerState,AreaBattle.TowerState,single) (at Assets/AreaBattle/Scripts/RecoveredWayLineVisual.cs:21)
AreaBattle.BattleView:RefreshPresentation () (at Assets/AreaBattle/Scripts/BattleView.cs:566)
AreaBattle.BattleView:AdvanceFrame (single,single) (at Assets/AreaBattle/Scripts/BattleView.cs:374)
AreaBattle.EditorTools.RepresentativeReplayValidation:Advance (AreaBattle.BattleView,single) (at Assets/AreaBattle/Editor/RepresentativeReplayValidation.cs:102)
AreaBattle.EditorTools.RepresentativeReplayValidation:Run () (at Assets/AreaBattle/Editor/RepresentativeReplayValidation.cs:154)
System.Reflection.RuntimeMethodInfo:Invoke (object,System.Reflection.BindingFlags,System.Reflection.Binder,object[],System.Globalization.CultureInfo)
System.Reflection.MethodBase:Invoke (object,object[])
AreaBattle.EditorTools.BattleBuild:ValidateIntegrated () (at Assets/AreaBattle/Editor/BattleBuild.cs:32)
AreaBattle.EditorTools.BattleBuild:ValidateMechanicsOnly () (at Assets/AreaBattle/Editor/BattleBuild.cs:18)

[Assets/AreaBattle/Scripts/RecoveredWayLineVisual.cs line 21]

Instantiating material due to calling renderer.material during edit mode. This will leak materials into the scene. You most likely want to use renderer.sharedMaterial instead.
UnityEngine.Debug:ExtractStackTraceNoAlloc (byte*,int,string)
UnityEngine.StackTraceUtility:ExtractStackTrace () (at /Users/bokken/build/output/unity/unity/Runtime/Export/Scripting/StackTrace.cs:35)
UnityEngine.Renderer:GetMaterial ()
UnityEngine.Renderer:get_material () (at /Users/bokken/build/output/unity/unity/Runtime/Export/Graphics/GraphicsRenderers.bindings.cs:180)
AreaBattle.RecoveredWayLineVisual:Initialize () (at Assets/AreaBattle/Scripts/RecoveredWayLineVisual.cs:33)
AreaBattle.RecoveredWayLineVisual:SetLine (UnityEngine.Vector3,UnityEngine.Vector3,UnityEngine.Color,UnityEngine.Color,bool,bool,single) (at Assets/AreaBattle/Scripts/RecoveredWayLineVisual.cs:56)
AreaBattle.RecoveredWayLineVisual:Synchronize (AreaBattle.LineState,AreaBattle.TowerState,AreaBattle.TowerState,UnityEngine.Color,UnityEngine.Color,single) (at Assets/AreaBattle/Scripts/RecoveredWayLineVisual.cs:46)
AreaBattle.RecoveredWayLineVisual:Synchronize (AreaBattle.LineState,AreaBattle.TowerState,AreaBattle.TowerState,single) (at Assets/AreaBattle/Scripts/RecoveredWayLineVisual.cs:21)
AreaBattle.BattleView:RefreshPresentation () (at Assets/AreaBattle/Scripts/BattleView.cs:566)
AreaBattle.BattleView:AdvanceFrame (single,single) (at Assets/AreaBattle/Scripts/BattleView.cs:374)
AreaBattle.EditorTools.RepresentativeReplayValidation:Advance (AreaBattle.BattleView,single) (at Assets/AreaBattle/Editor/RepresentativeReplayValidation.cs:102)
AreaBattle.EditorTools.RepresentativeReplayValidation:Run () (at Assets/AreaBattle/Editor/RepresentativeReplayValidation.cs:174)
System.Reflection.RuntimeMethodInfo:Invoke (object,System.Reflection.BindingFlags,System.Reflection.Binder,object[],System.Globalization.CultureInfo)
System.Reflection.MethodBase:Invoke (object,object[])
AreaBattle.EditorTools.BattleBuild:ValidateIntegrated () (at Assets/AreaBattle/Editor/BattleBuild.cs:32)
AreaBattle.EditorTools.BattleBuild:ValidateMechanicsOnly () (at Assets/AreaBattle/Editor/BattleBuild.cs:18)

[Assets/AreaBattle/Scripts/RecoveredWayLineVisual.cs line 21]

Instantiating material due to calling renderer.material during edit mode. This will leak materials into the scene. You most likely want to use renderer.sharedMaterial instead.
UnityEngine.Debug:ExtractStackTraceNoAlloc (byte*,int,string)
UnityEngine.StackTraceUtility:ExtractStackTrace () (at /Users/bokken/build/output/unity/unity/Runtime/Export/Scripting/StackTrace.cs:35)
UnityEngine.Renderer:GetMaterial ()
UnityEngine.Renderer:get_material () (at /Users/bokken/build/output/unity/unity/Runtime/Export/Graphics/GraphicsRenderers.bindings.cs:180)
AreaBattle.RecoveredWayLineVisual:Initialize () (at Assets/AreaBattle/Scripts/RecoveredWayLineVisual.cs:33)
AreaBattle.RecoveredWayLineVisual:SetLine (UnityEngine.Vector3,UnityEngine.Vector3,UnityEngine.Color,UnityEngine.Color,bool,bool,single) (at Assets/AreaBattle/Scripts/RecoveredWayLineVisual.cs:56)
AreaBattle.RecoveredWayLineVisual:Synchronize (AreaBattle.LineState,AreaBattle.TowerState,AreaBattle.TowerState,UnityEngine.Color,UnityEngine.Color,single) (at Assets/AreaBattle/Scripts/RecoveredWayLineVisual.cs:46)
AreaBattle.RecoveredWayLineVisual:Synchronize (AreaBattle.LineState,AreaBattle.TowerState,AreaBattle.TowerState,single) (at Assets/AreaBattle/Scripts/RecoveredWayLineVisual.cs:21)
AreaBattle.BattleView:RefreshPresentation () (at Assets/AreaBattle/Scripts/BattleView.cs:566)
AreaBattle.BattleView:AdvanceFrame (single,single) (at Assets/AreaBattle/Scripts/BattleView.cs:374)
AreaBattle.EditorTools.RepresentativeReplayValidation:Advance (AreaBattle.BattleView,single) (at Assets/AreaBattle/Editor/RepresentativeReplayValidation.cs:102)
AreaBattle.EditorTools.RepresentativeReplayValidation:Run () (at Assets/AreaBattle/Editor/RepresentativeReplayValidation.cs:174)
System.Reflection.RuntimeMethodInfo:Invoke (object,System.Reflection.BindingFlags,System.Reflection.Binder,object[],System.Globalization.CultureInfo)
System.Reflection.MethodBase:Invoke (object,object[])
AreaBattle.EditorTools.BattleBuild:ValidateIntegrated () (at Assets/AreaBattle/Editor/BattleBuild.cs:32)
AreaBattle.EditorTools.BattleBuild:ValidateMechanicsOnly () (at Assets/AreaBattle/Editor/BattleBuild.cs:18)

[Assets/AreaBattle/Scripts/RecoveredWayLineVisual.cs line 21]

AREABATTLE_INTEGRATED_PASS cases=1704
UnityEngine.Debug:ExtractStackTraceNoAlloc (byte*,int,string)
UnityEngine.StackTraceUtility:ExtractStackTrace () (at /Users/bokken/build/output/unity/unity/Runtime/Export/Scripting/StackTrace.cs:35)
UnityEngine.DebugLogHandler:Internal_Log (UnityEngine.LogType,UnityEngine.LogOption,string,UnityEngine.Object)
UnityEngine.DebugLogHandler:LogFormat (UnityEngine.LogType,UnityEngine.Object,string,object[])
UnityEngine.Logger:Log (UnityEngine.LogType,object)
UnityEngine.Debug:Log (object)
AreaBattle.EditorTools.BattleBuild:ValidateMechanicsOnly () (at Assets/AreaBattle/Editor/BattleBuild.cs:19)

(Filename: Assets/AreaBattle/Editor/BattleBuild.cs Line: 19)

Request timed out while processing request "https://public-cdn.cloud.unity3d.com/config/production", HTTP error code 0
.[UnityConnect] Request timed out.
Start importing ProjectSettings/TimeManager.asset using Guid(00000000000000007000000000000000) (LibraryAssetImporter) -> (artifact id: '52c307e924e96ceef905bcc2cea85a00') in 0.005493084 seconds
Refreshing native plugins compatible for Editor in 0.00 ms, found 0 plugins.
Preloading 0 native plugins for Editor in 0.00 ms.
Asset Pipeline Refresh (id=b33df49f2a16149f3879e5f338206645): Total: 0.027 seconds - Initiated by StopAssetImportingV2(NoUpdateAssetOptions)
Thread 0x16c22b000 may have been prematurely finalized
Input System module state changed to: ShutdownInProgress.
Input System polling thread exited.
Input System module state changed to: Shutdown.
[Physics::Module] Cleanup current backend.
[Physics::Module] Id: 0xf2b8ea05
[Licensing::IpcConnector] LicenseClient-mt-notifications channel disconnected successfully.
[Licensing::IpcConnector] LicenseClient-mt channel disconnected successfully.
Thread 0x16caeb000 may have been prematurely finalized
Thread 0x16cb77000 may have been prematurely finalized
AcceleratorClientConnectionCallback - disconnected - :0
[40m[32minfo[39m[22m[49m: Microsoft.Hosting.Lifetime[0]
      Application is shutting down...
Cleanup mono
debugger-agent: Unable to listen on 43
[usbmuxd] Stop listen thread
[usbmuxd] Error: 
[usbmuxd] Listen thread exiting
