[Licensing::Module] Trying to connect to existing licensing client channel...
Built from '6000.0/staging' branch; Version is '6000.0.68f1 (e1e9baaf294b) revision 14805434'; Using compiler version '193933523'; Build Type 'Release'
OS: 'Windows 10  (10.0.19045) 64bit Professional' Language: 'zh' Physical Memory: 65325 MB
[Licensing::IpcConnector] Channel LicenseClient-jiachengwei doesn't exist
BatchMode: 1, IsHumanControllingUs: 0, StartBugReporterOnCrash: 0, Is64bit: 1
System  architecture: x64
Process architecture: x64
Date: 2026-09-29T15:25:17Z
[Licensing::Module] Successfully launched the LicensingClient (PId: 52908)

COMMAND LINE ARGUMENTS:
C:\Program Files\Unity\Hub\Editor\6000.0.68f1\Editor\Unity.exe
-batchmode
-projectPath
E:/Projects/AreaBattle/UnityProject
-executeMethod
AreaBattle.EditorTools.RecoveredHudImporter.ImportOutgameBatch
-logFile
E:/Projects/AreaBattle/analysis/shop-video-import.log
Successfully changed project path to: E:/Projects/AreaBattle/UnityProject
E:/Projects/AreaBattle/UnityProject
[UnityMemory] Configuration Parameters - Can be set up in boot.config
    "memorysetup-bucket-allocator-granularity=16"
    "memorysetup-bucket-allocator-bucket-count=8"
    "memorysetup-bucket-allocator-block-size=33554432"
    "memorysetup-bucket-allocator-block-count=8"
    "memorysetup-main-allocator-block-size=16777216"
    "memorysetup-thread-allocator-block-size=16777216"
    "memorysetup-gfx-main-allocator-block-size=16777216"
    "memorysetup-gfx-thread-allocator-block-size=16777216"
    "memorysetup-cache-allocator-block-size=4194304"
    "memorysetup-typetree-allocator-block-size=2097152"
    "memorysetup-profiler-bucket-allocator-granularity=16"
    "memorysetup-profiler-bucket-allocator-bucket-count=8"
    "memorysetup-profiler-bucket-allocator-block-size=33554432"
    "memorysetup-profiler-bucket-allocator-block-count=8"
    "memorysetup-profiler-allocator-block-size=16777216"
    "memorysetup-profiler-editor-allocator-block-size=1048576"
    "memorysetup-temp-allocator-size-main=16777216"
    "memorysetup-job-temp-allocator-block-size=2097152"
    "memorysetup-job-temp-allocator-block-size-background=1048576"
    "memorysetup-job-temp-allocator-reduction-small-platforms=262144"
    "memorysetup-allocator-temp-initial-block-size-main=262144"
    "memorysetup-allocator-temp-initial-block-size-worker=262144"
    "memorysetup-temp-allocator-size-background-worker=32768"
    "memorysetup-temp-allocator-size-job-worker=262144"
    "memorysetup-temp-allocator-size-preload-manager=33554432"
    "memorysetup-temp-allocator-size-nav-mesh-worker=65536"
    "memorysetup-temp-allocator-size-audio-worker=65536"
    "memorysetup-temp-allocator-size-cloud-worker=32768"
    "memorysetup-temp-allocator-size-gi-baking-worker=262144"
    "memorysetup-temp-allocator-size-gi-baking-worker=262144"
    "memorysetup-temp-allocator-size-gi-baking-worker=262144"
    "memorysetup-temp-allocator-size-gi-baking-worker=262144"
    "memorysetup-temp-allocator-size-gi-baking-worker=262144"
    "memorysetup-temp-allocator-size-gfx=262144"
Player connection [35144]  Target information:

Player connection [35144]  * "[IP] 192.168.12.13 [Port] 55506 [Flags] 2 [Guid] 1569881487 [EditorId] 1569881487 [Version] 1048832 [Id] WindowsEditor(7,DESKTOP-H2NB5JD) [Debug] 1 [PackageName] WindowsEditor [ProjectName] Editor" 

Player connection [35144] Host joined multi-casting on [225.0.0.222:54997]...
Player connection [35144] Host joined alternative multi-casting on [225.0.0.222:34997]...
Input System module state changed to: Initialized.
[Physics::Module] Initialized fallback backend.
[Physics::Module] Id: 0xdecafbad
[Licensing::IpcConnector] Successfully connected to: "LicenseClient-jiachengwei" at "2026-09-29T15:25:17.9439162Z"
[Package Manager] Connected to IPC stream "Upm-60776" after 0.2 seconds.
Library Redirect Path: Library/
[Physics::Module] Selected backend.
[Physics::Module] Name: PhysX
[Physics::Module] Id: 0xf2b8ea05
[Physics::Module] SDK Version: 4.1.2
[Physics::Module] Integration Version: 1.0.0
[Physics::Module] Threading Mode: Multi-Threaded
Refreshing native plugins compatible for Editor in 0.00 ms, found 0 plugins.
Preloading 0 native plugins for Editor in 0.00 ms.
Initialize engine version: 6000.0.68f1 (e1e9baaf294b)
[Subsystems] Discovering subsystems at path C:/Program Files/Unity/Hub/Editor/6000.0.68f1/Editor/Data/Resources/UnitySubsystems
[Subsystems] Discovering subsystems at path E:/Projects/AreaBattle/UnityProject/Assets
GfxDevice: creating device client; kGfxThreadingModeNonThreaded
Direct3D:
    Version:  Direct3D 11.0 [level 11.1]
    Renderer: NVIDIA GeForce RTX 3070 (ID=0x2488)
    Vendor:   NVIDIA
    VRAM:     8018 MB
    Driver:   32.0.15.8180
Initialize mono
Mono path[0] = 'C:/Program Files/Unity/Hub/Editor/6000.0.68f1/Editor/Data/Managed'
Mono path[1] = 'C:/Program Files/Unity/Hub/Editor/6000.0.68f1/Editor/Data/MonoBleedingEdge/lib/mono/unityjit-win32'
Mono config path = 'C:/Program Files/Unity/Hub/Editor/6000.0.68f1/Editor/Data/MonoBleedingEdge/etc'
Using monoOptions --debugger-agent=transport=dt_socket,embedding=1,server=y,suspend=n,address=127.0.0.1:56776
Using cacheserver namespaces - metadata:defaultmetadata, artifacts:defaultartifacts
Using cacheserver namespaces - metadata:defaultmetadata, artifacts:defaultartifacts
ImportWorker Server TCP listen port: 0
AcceleratorClientConnectionCallback - disconnected - :0
Begin MonoManager ReloadAssembly
Registering precompiled unity dll's ...
Register platform support module: C:/Program Files/Unity/Hub/Editor/6000.0.68f1/Editor/Data/PlaybackEngines/WindowsStandaloneSupport/UnityEditor.WindowsStandalone.Extensions.dll
[Licensing::Module] Licensing is not yet initialized.
[Licensing::Client] Code 3 while verifying Licensing Client signature (process Id: 52908, path: "C:/Program Files/Unity/Hub/Editor/6000.0.68f1/Editor/Data/Resources/Licensing/Client/Unity.Licensing.Client.exe")
[Licensing::Module] LicensingClient has failed validation; ignoring
[Licensing::Client] Handshaking with LicensingClient:
  Version:                 1.17.4+4293ba1
  Session Id:              a9f64a75add04305a734f2587910f270
  Correlation Id:          5d88b2c913eead2d52ce414342047aad
  External correlation Id: 2465820641762206024
  Machine Id:              9cQkwGhPtCyHx8hTJUSXA0S3txg=
[Licensing::Module] Successfully connected to LicensingClient on channel: "LicenseClient-jiachengwei" (connect: 0.25s, validation: 0.06s, handshake: 2.92s)
[Licensing::IpcConnector] Successfully connected to: "LicenseClient-jiachengwei-notifications" at "2026-09-29T15:25:20.9294664Z"
[Licensing::Module] Connected to LicensingClient (PId: 52908, launch time: 0.00, total connection time: 3.23s)
[Licensing::Module] Error: Access token is unavailable; failed to update
[Licensing::Client] Successfully resolved entitlement details
[Licensing::Module] License group:
  Id: 00-0000-0000-0000-0000-XXXX
  Product: Unity Pro
  Type: ULF
  Expiration: Unlimited
[Licensing::Client] Successfully updated license, isAsync: True, time: 0.00
[Licensing::Client] Successfully resolved entitlement details
[Licensing::Module] Licensing Background thread has ended after 3.25s
[Licensing::Module] Licensing is initialized (took 2.62s).
[Licensing::Client] Successfully resolved entitlement details
Register platform support module: C:/Program Files/Unity/Hub/Editor/6000.0.68f1/Editor/Data/PlaybackEngines/AndroidPlayer/UnityEditor.Android.Extensions.dll
Registered in 2.620841 seconds.
- Loaded All Assemblies, in  2.848 seconds
Native extension for Android target not found
Unauthorized device detected, Id: 7afd45a, please add debug authorization and reconnect.
UnityEngine.Debug:ExtractStackTraceNoAlloc (byte*,int,string)
UnityEngine.StackTraceUtility:ExtractStackTrace ()
UnityEngine.DebugLogHandler:Internal_Log (UnityEngine.LogType,UnityEngine.LogOption,string,UnityEngine.Object)
UnityEngine.DebugLogHandler:LogFormat (UnityEngine.LogType,UnityEngine.Object,string,object[])
UnityEngine.Logger:LogFormat (UnityEngine.LogType,string,object[])
UnityEngine.Debug:LogFormat (string,object[])
UnityEditor.Android.AndroidDeploymentTargetsExtension:GetKnownTargets (UnityEditor.DeploymentTargets.IDeploymentTargetsMainThreadContext,UnityEditor.ProgressHandler) (at /home/bokken/build/output/unity/unity/PlatformDependent/AndroidPlayer/Editor/Managed/DeploymentTargets/AndroidDeploymentTargetsExtension.cs:397)
UnityEditor.Android.TargetScanWorker:ScanSync () (at /home/bokken/build/output/unity/unity/PlatformDependent/AndroidPlayer/Editor/Managed/TargetScanWorker.cs:164)
UnityEditor.Android.TargetExtension:OnUsbDevicesChanged (UnityEditor.Hardware.UsbDevice[]) (at /home/bokken/build/output/unity/unity/PlatformDependent/AndroidPlayer/Editor/Managed/ExtensionModule.cs:106)
UnityEditor.Android.TargetExtension:OnLoad () (at /home/bokken/build/output/unity/unity/PlatformDependent/AndroidPlayer/Editor/Managed/ExtensionModule.cs:67)
UnityEditor.Modules.ModuleManager:InitializePlatformSupportModules ()

(Filename: /home/bokken/build/output/unity/unity/PlatformDependent/AndroidPlayer/Editor/Managed/DeploymentTargets/AndroidDeploymentTargetsExtension.cs Line: 397)

Android Extension - Scanning For ADB Devices 76 ms
Native extension for WindowsStandalone target not found
Mono: successfully reloaded assembly
- Finished resetting the current domain, in  0.272 seconds
Domain Reload Profiling: 3119ms
	BeginReloadAssembly (75ms)
		ExecutionOrderSort (0ms)
		DisableScriptedObjects (0ms)
		BackupInstance (0ms)
		ReleaseScriptingObjects (0ms)
		CreateAndSetChildDomain (0ms)
	RebuildCommonClasses (20ms)
	RebuildNativeTypeToScriptingClass (7ms)
	initialDomainReloadingComplete (2651ms)
	LoadAllAssembliesAndSetupDomain (93ms)
		LoadAssemblies (74ms)
		RebuildTransferFunctionScriptingTraits (0ms)
		AnalyzeDomain (91ms)
			TypeCache.Refresh (90ms)
				TypeCache.ScanAssembly (82ms)
			BuildScriptInfoCaches (0ms)
			ResolveRequiredComponents (0ms)
	FinalizeReload (272ms)
		ReleaseScriptCaches (0ms)
		RebuildScriptCaches (0ms)
		SetupLoadedEditorAssemblies (254ms)
			LogAssemblyErrors (0ms)
			InitializePlatformSupportModulesInManaged (123ms)
			SetLoadedEditorAssemblies (2ms)
			BeforeProcessingInitializeOnLoad (31ms)
			ProcessInitializeOnLoadAttributes (64ms)
			ProcessInitializeOnLoadMethodAttributes (33ms)
			AfterProcessingInitializeOnLoad (0ms)
			EditorAssembliesLoaded (0ms)
		ExecutionOrderSort2 (0ms)
		AwakeInstancesAfterBackupRestoration (0ms)
[Licensing::Client] Successfully resolved entitlement details
Application.AssetDatabase Initial Refresh Start
Package Manager log level set to [2]
[Package Manager] Restoring resolved packages state from cache
[Licensing::Client] Successfully resolved entitlement details
[Package Manager] Registered 36 packages:
  Built-in packages:
    com.unity.ugui@2.0.0 (location: E:\Projects\AreaBattle\UnityProject\Library\PackageCache\com.unity.ugui@cec3688a7c38)
    com.unity.multiplayer.center@1.0.0 (location: E:\Projects\AreaBattle\UnityProject\Library\PackageCache\com.unity.multiplayer.center@f3fb577b3546)
    com.unity.modules.accessibility@1.0.0 (location: E:\Projects\AreaBattle\UnityProject\Library\PackageCache\com.unity.modules.accessibility)
    com.unity.modules.ai@1.0.0 (location: E:\Projects\AreaBattle\UnityProject\Library\PackageCache\com.unity.modules.ai)
    com.unity.modules.androidjni@1.0.0 (location: E:\Projects\AreaBattle\UnityProject\Library\PackageCache\com.unity.modules.androidjni)
    com.unity.modules.animation@1.0.0 (location: E:\Projects\AreaBattle\UnityProject\Library\PackageCache\com.unity.modules.animation)
    com.unity.modules.assetbundle@1.0.0 (location: E:\Projects\AreaBattle\UnityProject\Library\PackageCache\com.unity.modules.assetbundle)
    com.unity.modules.audio@1.0.0 (location: E:\Projects\AreaBattle\UnityProject\Library\PackageCache\com.unity.modules.audio)
    com.unity.modules.cloth@1.0.0 (location: E:\Projects\AreaBattle\UnityProject\Library\PackageCache\com.unity.modules.cloth)
    com.unity.modules.director@1.0.0 (location: E:\Projects\AreaBattle\UnityProject\Library\PackageCache\com.unity.modules.director)
    com.unity.modules.imageconversion@1.0.0 (location: E:\Projects\AreaBattle\UnityProject\Library\PackageCache\com.unity.modules.imageconversion)
    com.unity.modules.imgui@1.0.0 (location: E:\Projects\AreaBattle\UnityProject\Library\PackageCache\com.unity.modules.imgui)
    com.unity.modules.jsonserialize@1.0.0 (location: E:\Projects\AreaBattle\UnityProject\Library\PackageCache\com.unity.modules.jsonserialize)
    com.unity.modules.particlesystem@1.0.0 (location: E:\Projects\AreaBattle\UnityProject\Library\PackageCache\com.unity.modules.particlesystem)
    com.unity.modules.physics@1.0.0 (location: E:\Projects\AreaBattle\UnityProject\Library\PackageCache\com.unity.modules.physics)
    com.unity.modules.physics2d@1.0.0 (location: E:\Projects\AreaBattle\UnityProject\Library\PackageCache\com.unity.modules.physics2d)
    com.unity.modules.screencapture@1.0.0 (location: E:\Projects\AreaBattle\UnityProject\Library\PackageCache\com.unity.modules.screencapture)
    com.unity.modules.terrain@1.0.0 (location: E:\Projects\AreaBattle\UnityProject\Library\PackageCache\com.unity.modules.terrain)
    com.unity.modules.terrainphysics@1.0.0 (location: E:\Projects\AreaBattle\UnityProject\Library\PackageCache\com.unity.modules.terrainphysics)
    com.unity.modules.tilemap@1.0.0 (location: E:\Projects\AreaBattle\UnityProject\Library\PackageCache\com.unity.modules.tilemap)
    com.unity.modules.ui@1.0.0 (location: E:\Projects\AreaBattle\UnityProject\Library\PackageCache\com.unity.modules.ui)
    com.unity.modules.uielements@1.0.0 (location: E:\Projects\AreaBattle\UnityProject\Library\PackageCache\com.unity.modules.uielements)
    com.unity.modules.umbra@1.0.0 (location: E:\Projects\AreaBattle\UnityProject\Library\PackageCache\com.unity.modules.umbra)
    com.unity.modules.unityanalytics@1.0.0 (location: E:\Projects\AreaBattle\UnityProject\Library\PackageCache\com.unity.modules.unityanalytics)
    com.unity.modules.unitywebrequest@1.0.0 (location: E:\Projects\AreaBattle\UnityProject\Library\PackageCache\com.unity.modules.unitywebrequest)
    com.unity.modules.unitywebrequestassetbundle@1.0.0 (location: E:\Projects\AreaBattle\UnityProject\Library\PackageCache\com.unity.modules.unitywebrequestassetbundle)
    com.unity.modules.unitywebrequestaudio@1.0.0 (location: E:\Projects\AreaBattle\UnityProject\Library\PackageCache\com.unity.modules.unitywebrequestaudio)
    com.unity.modules.unitywebrequesttexture@1.0.0 (location: E:\Projects\AreaBattle\UnityProject\Library\PackageCache\com.unity.modules.unitywebrequesttexture)
    com.unity.modules.unitywebrequestwww@1.0.0 (location: E:\Projects\AreaBattle\UnityProject\Library\PackageCache\com.unity.modules.unitywebrequestwww)
    com.unity.modules.vehicles@1.0.0 (location: E:\Projects\AreaBattle\UnityProject\Library\PackageCache\com.unity.modules.vehicles)
    com.unity.modules.video@1.0.0 (location: E:\Projects\AreaBattle\UnityProject\Library\PackageCache\com.unity.modules.video)
    com.unity.modules.vr@1.0.0 (location: E:\Projects\AreaBattle\UnityProject\Library\PackageCache\com.unity.modules.vr)
    com.unity.modules.wind@1.0.0 (location: E:\Projects\AreaBattle\UnityProject\Library\PackageCache\com.unity.modules.wind)
    com.unity.modules.xr@1.0.0 (location: E:\Projects\AreaBattle\UnityProject\Library\PackageCache\com.unity.modules.xr)
    com.unity.modules.subsystems@1.0.0 (location: E:\Projects\AreaBattle\UnityProject\Library\PackageCache\com.unity.modules.subsystems)
    com.unity.modules.hierarchycore@1.0.0 (location: E:\Projects\AreaBattle\UnityProject\Library\PackageCache\com.unity.modules.hierarchycore)
[Subsystems] No new subsystems found in resolved package list.
[Package Manager] Done registering packages in 0.01 seconds
[ScriptCompilation] Requested script compilation because: Assetdatabase observed changes in script compilation related files
Starting: C:\Program Files\Unity\Hub\Editor\6000.0.68f1\Editor\Data\bee_backend.exe --ipc --defer-dag-verification --dagfile="Library/Bee/1900b0aE.dag" --continue-on-failure --profile="Library/Bee/backend1.traceevents" ScriptAssemblies
WorkingDir: E:/Projects/AreaBattle/UnityProject
DisplayProgressbar: Compiling Scripts
ExitCode: 4 Duration: 0s294ms
Rebuilding DAG because FileSignature timestamp changed: Library/Bee/1900b0aE-inputdata.json
[210/213    0s] Csc Library/Bee/artifacts/1900b0aE.dag/Assembly-CSharp-Editor.dll (+2 others)
*** Tundra requires additional run (0.28 seconds), 1 items updated, 209 evaluated
Starting: C:\Program Files\Unity\Hub\Editor\6000.0.68f1\Editor\Data\Tools\netcorerun\netcorerun.exe "C:\Program Files\Unity\Hub\Editor\6000.0.68f1\Editor\Data\Tools\BuildPipeline\ScriptCompilationBuildProgram.exe" "Library/Bee/1900b0aE.dag.json" "Library/Bee/1900b0aE-inputdata.json" "Library\Bee\buildprogram0.traceevents"
WorkingDir: E:/Projects/AreaBattle/UnityProject
ExitCode: 0 Duration: 0s146ms
Starting: C:\Program Files\Unity\Hub\Editor\6000.0.68f1\Editor\Data\bee_backend.exe --ipc --defer-dag-verification --dagfile="Library/Bee/1900b0aE.dag" --continue-on-failure --dagfilejson="Library\Bee\1900b0aE.dag.json" --profile="Library/Bee/backend2.traceevents" ScriptAssemblies
WorkingDir: E:/Projects/AreaBattle/UnityProject
ExitCode: 0 Duration: 0s528ms
Finished compiling graph: 216 nodes, 1871 flattened edges (1751 ToBuild, 20 ToUse), maximum node priority 104
[166/213    0s] WriteText Library/Bee/artifacts/1900b0aE.dag/Assembly-CSharp.rsp
[207/213    0s] Csc Library/Bee/artifacts/1900b0aE.dag/Assembly-CSharp.dll (+2 others)
Assets\AreaBattle\Scripts\OutgameFlyRuntime.cs(10,59): warning CS0108: 'OutgameFlyRuntime.animation' hides inherited member 'Component.animation'. Use the new keyword if hiding was intended.

Assets\AreaBattle\ThirdParty\Spine41\spine-unity\Components\EditorSkeletonPlayer.cs(57,51): warning CS0618: 'Object.FindObjectsOfType<T>()' is obsolete: 'Object.FindObjectsOfType has been deprecated. Use Object.FindObjectsByType instead which lets you decide whether you need the results sorted or not.  FindObjectsOfType sorts the results by InstanceID but if you do not need this using FindObjectSortMode.None is considerably faster.'

Assets\AreaBattle\ThirdParty\Spine41\spine-unity\Components\Following\BoundingBoxFollower.cs(167,7): warning CS0618: 'Collider2D.usedByComposite' is obsolete: 'usedByComposite has been deprecated. Use Collider2D.compositeOperation instead'

Assets\AreaBattle\ThirdParty\Spine41\spine-unity\Components\Following\BoundingBoxFollowerGraphic.cs(168,7): warning CS0618: 'Collider2D.usedByComposite' is obsolete: 'usedByComposite has been deprecated. Use Collider2D.compositeOperation instead'

Assets\AreaBattle\ThirdParty\Spine41\spine-unity\Components\SkeletonUtility\SkeletonUtility.cs(126,5): warning CS0618: 'Rigidbody2D.isKinematic' is obsolete: 'Please use Rigidbody2D.bodyType instead.'

Assets\AreaBattle\ThirdParty\Spine41\spine-unity\Components\RootMotion\SkeletonRootMotionBase.cs(195,7): warning CS0618: 'Rigidbody2D.velocity' is obsolete: 'Please use Rigidbody2D.linearVelocity instead. (UnityUpgradable) -> linearVelocity'

Assets\AreaBattle\ThirdParty\Spine41\spine-unity\Components\RootMotion\SkeletonRootMotionBase.cs(197,8): warning CS0618: 'Rigidbody2D.velocity' is obsolete: 'Please use Rigidbody2D.linearVelocity instead. (UnityUpgradable) -> linearVelocity'
[208/213    0s] CopyFiles Library/ScriptAssemblies/Assembly-CSharp.pdb
[209/213    0s] CopyFiles Library/ScriptAssemblies/Assembly-CSharp.dll
[210/213    0s] Csc Library/Bee/artifacts/1900b0aE.dag/Assembly-CSharp-Editor.dll (+2 others)
[211/213    0s] CopyFiles Library/ScriptAssemblies/Assembly-CSharp-Editor.pdb
[212/213    0s] CopyFiles Library/ScriptAssemblies/Assembly-CSharp-Editor.dll
*** Tundra build success (0.52 seconds), 7 items updated, 213 evaluated
[ApiUpdater] Total time: 734ms, Parse response file: 30ms, Collect updater configs: 47ms, Update: 656ms, Save: 1ms Files: 1 modified / 1 visited / 203 total (Library/Bee/artifacts/1900b0aE.dag/Assembly-CSharp.dll).
[API Updater] Updated Files:
Skipping ScriptUpdater consent dialog. Consent declined based on command line parameters.
Finished running ScriptUpdaters
Assets\AreaBattle\Scripts\OutgameFlyRuntime.cs(10,59): warning CS0108: 'OutgameFlyRuntime.animation' hides inherited member 'Component.animation'. Use the new keyword if hiding was intended.
Assets\AreaBattle\ThirdParty\Spine41\spine-unity\Components\EditorSkeletonPlayer.cs(57,51): warning CS0618: 'Object.FindObjectsOfType<T>()' is obsolete: 'Object.FindObjectsOfType has been deprecated. Use Object.FindObjectsByType instead which lets you decide whether you need the results sorted or not.  FindObjectsOfType sorts the results by InstanceID but if you do not need this using FindObjectSortMode.None is considerably faster.'
Assets\AreaBattle\ThirdParty\Spine41\spine-unity\Components\Following\BoundingBoxFollower.cs(167,7): warning CS0618: 'Collider2D.usedByComposite' is obsolete: 'usedByComposite has been deprecated. Use Collider2D.compositeOperation instead'
Assets\AreaBattle\ThirdParty\Spine41\spine-unity\Components\Following\BoundingBoxFollowerGraphic.cs(168,7): warning CS0618: 'Collider2D.usedByComposite' is obsolete: 'usedByComposite has been deprecated. Use Collider2D.compositeOperation instead'
Assets\AreaBattle\ThirdParty\Spine41\spine-unity\Components\SkeletonUtility\SkeletonUtility.cs(126,5): warning CS0618: 'Rigidbody2D.isKinematic' is obsolete: 'Please use Rigidbody2D.bodyType instead.'
Assets\AreaBattle\ThirdParty\Spine41\spine-unity\Components\RootMotion\SkeletonRootMotionBase.cs(195,7): warning CS0618: 'Rigidbody2D.velocity' is obsolete: 'Please use Rigidbody2D.linearVelocity instead. (UnityUpgradable) -> linearVelocity'
Assets\AreaBattle\ThirdParty\Spine41\spine-unity\Components\RootMotion\SkeletonRootMotionBase.cs(197,8): warning CS0618: 'Rigidbody2D.velocity' is obsolete: 'Please use Rigidbody2D.linearVelocity instead. (UnityUpgradable) -> linearVelocity'
AssetDatabase: script compilation time: 1.836191s
Begin MonoManager ReloadAssembly
- Loaded All Assemblies, in  0.216 seconds
Refreshing native plugins compatible for Editor in 0.00 ms, found 0 plugins.
Native extension for Android target not found
Native extension for WindowsStandalone target not found
Mono: successfully reloaded assembly
- Finished resetting the current domain, in  0.218 seconds
Domain Reload Profiling: 433ms
	BeginReloadAssembly (147ms)
		ExecutionOrderSort (0ms)
		DisableScriptedObjects (34ms)
		BackupInstance (0ms)
		ReleaseScriptingObjects (0ms)
		CreateAndSetChildDomain (19ms)
	RebuildCommonClasses (20ms)
	RebuildNativeTypeToScriptingClass (7ms)
	initialDomainReloadingComplete (12ms)
	LoadAllAssembliesAndSetupDomain (28ms)
		LoadAssemblies (60ms)
		RebuildTransferFunctionScriptingTraits (0ms)
		AnalyzeDomain (24ms)
			TypeCache.Refresh (16ms)
				TypeCache.ScanAssembly (12ms)
			BuildScriptInfoCaches (3ms)
			ResolveRequiredComponents (4ms)
	FinalizeReload (218ms)
		ReleaseScriptCaches (0ms)
		RebuildScriptCaches (0ms)
		SetupLoadedEditorAssemblies (148ms)
			LogAssemblyErrors (0ms)
			InitializePlatformSupportModulesInManaged (15ms)
			SetLoadedEditorAssemblies (2ms)
			BeforeProcessingInitializeOnLoad (54ms)
			ProcessInitializeOnLoadAttributes (62ms)
			ProcessInitializeOnLoadMethodAttributes (13ms)
			AfterProcessingInitializeOnLoad (3ms)
			EditorAssembliesLoaded (0ms)
		ExecutionOrderSort2 (0ms)
		AwakeInstancesAfterBackupRestoration (5ms)
Refreshing native plugins compatible for Editor in 0.00 ms, found 0 plugins.
Preloading 0 native plugins for Editor in 0.00 ms.
Asset Pipeline Refresh (id=5acd2bb43398c47438dd151ba084a789): Total: 2.455 seconds - Initiated by InitialRefreshV2(ForceSynchronousImport)
	Summary:
		Imports: total=0 (actual=0, local cache=0, cache server=0)
		Asset DB Process Time: managed=0 ms, native=341 ms
		Asset DB Callback time: managed=45 ms, native=7 ms
		Scripting: domain reloads=1, domain reload time=216 ms, compile time=1837 ms, other=6 ms
		Project Asset Count: scripts=328, non-scripts=1932
		Asset File Changes: new=1, changed=2, moved=0, deleted=0
		Scan Filter Count: 0
	InvokeCustomDependenciesCallbacks: 0.001ms
	InvokePackagesCallback: 7.093ms
	ApplyChangesToAssetFolders: 0.243ms
	Scan: 64.945ms
	OnSourceAssetsModified: 0.477ms
	CategorizeAssetsWithTransientArtifact: 1.574ms
	ProcessAssetsWithTransientArtifactChanges: 6.966ms
	CategorizeAssets: 9.301ms
	ImportOutOfDateAssets: 219.145ms (-1618.551ms without children)
		CompileScripts: 1837.242ms
		ReloadNativeAssets: 0.000ms
		UnloadImportedAssets: 0.062ms
		EnsureUptoDateAssetsAreRegisteredWithGuidPM: 0.149ms
		InitializingProgressBar: 0.000ms
		PostProcessAllAssetNotificationsAddChangedAssets: 0.000ms
		OnDemandSchedulerStart: 0.242ms
	PostProcessAllAssets: 45.847ms
	Hotreload: 0.687ms
	GatherAllCurrentPrimaryArtifactRevisions: 0.001ms
	UnloadStreamsBegin: 0.278ms
	PersistCurrentRevisions: 0.051ms
	UnloadStreamsEnd: 0.001ms
	GenerateScriptTypeHashes: 0.734ms
	Untracked: 2098.347ms

Application.AssetDatabase Initial Refresh End
Scanning for USB devices : 5.634ms
Initializing Unity extensions:
Assertion failed on expression: 'SUCCEEDED(hr)'
Assertion failed on expression: 'SUCCEEDED(hr)'
Assertion failed on expression: 'ERROR_SUCCESS == status'
[MODES] ModeService[none].Initialize
[MODES] ModeService[none].LoadModes
[MODES] Loading mode Default (0) for mode-current-id-AreaBattle
Curl error 7: Failed to connect to config.uca.cloud.unity3d.com port 443 after 0 ms: Could not connect to server
Unloading 21 Unused Serialized files (Serialized files now loaded: 0)
Unloading 757 unused Assets / (2.4 MB). Loaded Objects now: 1286.
Memory consumption went from 104.4 MB to 102.0 MB.
Total: 3.945800 ms (FindLiveObjects: 0.054400 ms CreateObjectMapping: 0.014300 ms MarkObjects: 3.109400 ms  DeleteObjects: 0.767300 ms)

Asset Pipeline Refresh (id=5ec1bc951cce8264c9ba91cb68b8005a): Total: 0.006 seconds - Initiated by RefreshV2(NoUpdateAssetOptions)
Start importing Assets/AreaBattle/Resources/Recovered/GuideSpine/Textures/CAB-71a96badbcffab7b7451a783f271bc4b_2026805924299331817/YD.png using Guid(04c8c611faa238c4daf9028c4f06ec0a) (TextureImporter) -> (artifact id: '7144806e1d470b86d59763a9afce1998') in 0.0527244 seconds
Refreshing native plugins compatible for Editor in 0.00 ms, found 0 plugins.
Preloading 0 native plugins for Editor in 0.00 ms.
Asset Pipeline Refresh (id=8473c672205216243baf7444c0711c3b): Total: 0.067 seconds - Initiated by StopAssetImportingV2(NoUpdateAssetOptions)
Start importing Assets/AreaBattle/Resources/Recovered/GuideSpine/Textures/CAB-71a96badbcffab7b7451a783f271bc4b_2026805924299331817/YD.png using Guid(04c8c611faa238c4daf9028c4f06ec0a) (TextureImporter) -> (artifact id: '7144806e1d470b86d59763a9afce1998') in 0.0450187 seconds
Refreshing native plugins compatible for Editor in 0.00 ms, found 0 plugins.
Preloading 0 native plugins for Editor in 0.00 ms.
Asset Pipeline Refresh (id=4b3d5a21b61bfd64f87b349823ec0787): Total: 0.050 seconds - Initiated by StopAssetImportingV2(NoUpdateAssetOptions)
Start importing Assets/AreaBattle/Resources/Recovered/GuideSpine/Spine/CAB-71a96badbcffab7b7451a783f271bc4b_435856469966727484.txt using Guid(416b31bbe4f2653409abae32f1f49b09) (TextScriptImporter) -> (artifact id: '7ae6c84b3c7b665ea6338bb711bc4f75') in 0.0010831 seconds
Refreshing native plugins compatible for Editor in 0.00 ms, found 0 plugins.
Preloading 0 native plugins for Editor in 0.00 ms.
Asset Pipeline Refresh (id=73d5f5903a590a943ad77810dc03d521): Total: 0.005 seconds - Initiated by StopAssetImportingV2(NoUpdateAssetOptions)
Start importing Assets/AreaBattle/Resources/Recovered/GuideSpine/Textures/CAB-71a96badbcffab7b7451a783f271bc4b_-7791903411662756124/YD_2.png using Guid(3479ad8d8553dbf4a9eaabee610f7fc5) (TextureImporter) -> (artifact id: '9d780a7f3b91ea85c38808d68d885949') in 0.012435 seconds
Refreshing native plugins compatible for Editor in 0.00 ms, found 0 plugins.
Preloading 0 native plugins for Editor in 0.00 ms.
Asset Pipeline Refresh (id=c25ce0696ad255241b00c9a73ecdb0ea): Total: 0.017 seconds - Initiated by StopAssetImportingV2(NoUpdateAssetOptions)
Start importing Assets/AreaBattle/Resources/Recovered/GuideSpine/Textures/CAB-71a96badbcffab7b7451a783f271bc4b_-7791903411662756124/YD_2.png using Guid(3479ad8d8553dbf4a9eaabee610f7fc5) (TextureImporter) -> (artifact id: '9d780a7f3b91ea85c38808d68d885949') in 0.0111955 seconds
Refreshing native plugins compatible for Editor in 0.00 ms, found 0 plugins.
Preloading 0 native plugins for Editor in 0.00 ms.
Asset Pipeline Refresh (id=278a7495250cbfd41ac17e4925d849b7): Total: 0.016 seconds - Initiated by StopAssetImportingV2(NoUpdateAssetOptions)
Start importing Assets/AreaBattle/Resources/Recovered/GuideSpine/Spine/CAB-71a96badbcffab7b7451a783f271bc4b_5200670246001647623.txt using Guid(fc943b415feb09c43866392db5d9568e) (TextScriptImporter) -> (artifact id: 'a5035b6a37cd47acd2ffa664f485e20a') in 0.0010077 seconds
Refreshing native plugins compatible for Editor in 0.00 ms, found 0 plugins.
Preloading 0 native plugins for Editor in 0.00 ms.
Asset Pipeline Refresh (id=0300f3f2b98923346a5c93ccd23ff9ed): Total: 0.005 seconds - Initiated by StopAssetImportingV2(NoUpdateAssetOptions)
Start importing Assets/AreaBattle/Resources/Recovered/GuideSpine/Meshes/CAB-71a96badbcffab7b7451a783f271bc4b_-2780960743001050164.asset using Guid(7414d633902f4754aa651723b4868d95) (NativeFormatImporter) -> (artifact id: 'ac530c10a0b7277f043abd3ac8dacf60') in 0.0011949 seconds
Refreshing native plugins compatible for Editor in 0.00 ms, found 0 plugins.
Preloading 0 native plugins for Editor in 0.00 ms.
Asset Pipeline Refresh (id=148146d5bf80b3543b907211ea319b3d): Total: 0.006 seconds - Initiated by StopAssetImportingV2(NoUpdateAssetOptions)
Start importing Assets/AreaBattle/Resources/Recovered/GuideSpine/Materials/CAB-71a96badbcffab7b7451a783f271bc4b_-7672899569522605211.mat using Guid(fc641687867d0e545a80a6a58102e6cf) (NativeFormatImporter)Main Object Name 'YD_YD' does not match filename 'CAB-71a96badbcffab7b7451a783f271bc4b_-7672899569522605211'
UnityEngine.Debug:ExtractStackTraceNoAlloc (byte*,int,string)
UnityEngine.StackTraceUtility:ExtractStackTrace ()
UnityEditor.AssetDatabase:ImportAsset (string,UnityEditor.ImportAssetOptions)
AreaBattle.EditorTools.RecoveredGuideSpineImporter:ImportNativeResource (AreaBattle.EditorTools.RecoveredGuideSpineImporter/Resource,string,System.Type) (at Assets/AreaBattle/Editor/RecoveredGuideSpineImporter.cs:128)
AreaBattle.EditorTools.RecoveredGuideSpineImporter:Import () (at Assets/AreaBattle/Editor/RecoveredGuideSpineImporter.cs:65)
AreaBattle.EditorTools.RecoveredHudImporter:ImportManifest (string,string,int,string) (at Assets/AreaBattle/Editor/RecoveredHudImporter.cs:71)
AreaBattle.EditorTools.RecoveredHudImporter:ImportOutgame () (at Assets/AreaBattle/Editor/RecoveredHudImporter.cs:57)
AreaBattle.EditorTools.RecoveredHudImporter:ImportOutgameBatch () (at Assets/AreaBattle/Editor/RecoveredHudImporter.cs:60)

[Assets/AreaBattle/Editor/RecoveredGuideSpineImporter.cs line 128]

 -> (artifact id: 'ddd6bafd0f776b6ccfe5a060788f9ae9') in 0.0018646 seconds
Refreshing native plugins compatible for Editor in 0.00 ms, found 0 plugins.
Preloading 0 native plugins for Editor in 0.00 ms.
Asset Pipeline Refresh (id=990317bc49d02014b8e324969cb23d2d): Total: 0.006 seconds - Initiated by StopAssetImportingV2(NoUpdateAssetOptions)
Start importing Assets/AreaBattle/Resources/Recovered/GuideSpine/Materials/CAB-71a96badbcffab7b7451a783f271bc4b_-7572599234430709561.mat using Guid(fed2e73817d751a47a923e0a757d2d05) (NativeFormatImporter)Main Object Name 'YD_YD_2' does not match filename 'CAB-71a96badbcffab7b7451a783f271bc4b_-7572599234430709561'
UnityEngine.Debug:ExtractStackTraceNoAlloc (byte*,int,string)
UnityEngine.StackTraceUtility:ExtractStackTrace ()
UnityEditor.AssetDatabase:ImportAsset (string,UnityEditor.ImportAssetOptions)
AreaBattle.EditorTools.RecoveredGuideSpineImporter:ImportNativeResource (AreaBattle.EditorTools.RecoveredGuideSpineImporter/Resource,string,System.Type) (at Assets/AreaBattle/Editor/RecoveredGuideSpineImporter.cs:128)
AreaBattle.EditorTools.RecoveredGuideSpineImporter:Import () (at Assets/AreaBattle/Editor/RecoveredGuideSpineImporter.cs:65)
AreaBattle.EditorTools.RecoveredHudImporter:ImportManifest (string,string,int,string) (at Assets/AreaBattle/Editor/RecoveredHudImporter.cs:71)
AreaBattle.EditorTools.RecoveredHudImporter:ImportOutgame () (at Assets/AreaBattle/Editor/RecoveredHudImporter.cs:57)
AreaBattle.EditorTools.RecoveredHudImporter:ImportOutgameBatch () (at Assets/AreaBattle/Editor/RecoveredHudImporter.cs:60)

[Assets/AreaBattle/Editor/RecoveredGuideSpineImporter.cs line 128]

 -> (artifact id: '39adc3b7e0fc6ff9640ed38cc0df2929') in 0.0012591 seconds
Refreshing native plugins compatible for Editor in 0.00 ms, found 0 plugins.
Preloading 0 native plugins for Editor in 0.00 ms.
Asset Pipeline Refresh (id=f1a29f595f0e7b54e924fa920e41bcba): Total: 0.005 seconds - Initiated by StopAssetImportingV2(NoUpdateAssetOptions)
Launched and connected shader compiler UnityShaderCompiler.exe after 0.01 seconds
Start importing Assets/AreaBattle/Resources/Recovered/GuideSpine/Spine/CAB-71a96badbcffab7b7451a783f271bc4b_-1778157884270872766.asset using Guid(e5d72c94728ecf94b8781b24c65bead5) (NativeFormatImporter)Main Object Name 'YD_Atlas' does not match filename 'CAB-71a96badbcffab7b7451a783f271bc4b_-1778157884270872766'
UnityEngine.Debug:ExtractStackTraceNoAlloc (byte*,int,string)
UnityEngine.StackTraceUtility:ExtractStackTrace ()
UnityEditor.AssetDatabase:ImportAsset (string,UnityEditor.ImportAssetOptions)
AreaBattle.EditorTools.RecoveredGuideSpineImporter:ImportNativeResource (AreaBattle.EditorTools.RecoveredGuideSpineImporter/Resource,string,System.Type) (at Assets/AreaBattle/Editor/RecoveredGuideSpineImporter.cs:128)
AreaBattle.EditorTools.RecoveredGuideSpineImporter:Import () (at Assets/AreaBattle/Editor/RecoveredGuideSpineImporter.cs:77)
AreaBattle.EditorTools.RecoveredHudImporter:ImportManifest (string,string,int,string) (at Assets/AreaBattle/Editor/RecoveredHudImporter.cs:71)
AreaBattle.EditorTools.RecoveredHudImporter:ImportOutgame () (at Assets/AreaBattle/Editor/RecoveredHudImporter.cs:57)
AreaBattle.EditorTools.RecoveredHudImporter:ImportOutgameBatch () (at Assets/AreaBattle/Editor/RecoveredHudImporter.cs:60)

[Assets/AreaBattle/Editor/RecoveredGuideSpineImporter.cs line 128]

 -> (artifact id: '1c848d1e2bd5d1a9ce3b25dcd41adfa0') in 0.0014786 seconds
Refreshing native plugins compatible for Editor in 0.00 ms, found 0 plugins.
Preloading 0 native plugins for Editor in 0.00 ms.
Asset Pipeline Refresh (id=ae66ec8a5f55c5c49bfbc34b8e85229d): Total: 0.007 seconds - Initiated by StopAssetImportingV2(NoUpdateAssetOptions)
Refreshing native plugins compatible for Editor in 0.00 ms, found 0 plugins.
Preloading 0 native plugins for Editor in 0.00 ms.
Asset Pipeline Refresh (id=bac05d31e60b80c4a80cf6df23b67ce4): Total: 0.004 seconds - Initiated by StopAssetImportingV2(NoUpdateAssetOptions)
Start importing Assets/AreaBattle/Resources/Recovered/GuideSpine/Spine/CAB-71a96badbcffab7b7451a783f271bc4b_5262709187943515980.asset using Guid(e7401860532b0eb4d935e048f849e34f) (NativeFormatImporter)Main Object Name 'YD_SkeletonData' does not match filename 'CAB-71a96badbcffab7b7451a783f271bc4b_5262709187943515980'
UnityEngine.Debug:ExtractStackTraceNoAlloc (byte*,int,string)
UnityEngine.StackTraceUtility:ExtractStackTrace ()
UnityEditor.AssetDatabase:ImportAsset (string,UnityEditor.ImportAssetOptions)
AreaBattle.EditorTools.RecoveredGuideSpineImporter:ImportNativeResource (AreaBattle.EditorTools.RecoveredGuideSpineImporter/Resource,string,System.Type) (at Assets/AreaBattle/Editor/RecoveredGuideSpineImporter.cs:128)
AreaBattle.EditorTools.RecoveredGuideSpineImporter:Import () (at Assets/AreaBattle/Editor/RecoveredGuideSpineImporter.cs:77)
AreaBattle.EditorTools.RecoveredHudImporter:ImportManifest (string,string,int,string) (at Assets/AreaBattle/Editor/RecoveredHudImporter.cs:71)
AreaBattle.EditorTools.RecoveredHudImporter:ImportOutgame () (at Assets/AreaBattle/Editor/RecoveredHudImporter.cs:57)
AreaBattle.EditorTools.RecoveredHudImporter:ImportOutgameBatch () (at Assets/AreaBattle/Editor/RecoveredHudImporter.cs:60)

[Assets/AreaBattle/Editor/RecoveredGuideSpineImporter.cs line 128]

 -> (artifact id: '84e82761e1a71c03efc5053900db5e8d') in 0.0016816 seconds
Refreshing native plugins compatible for Editor in 0.00 ms, found 0 plugins.
Preloading 0 native plugins for Editor in 0.00 ms.
Asset Pipeline Refresh (id=a413c75c6b9b7ba4496a1cd0ec2d1ba7): Total: 0.006 seconds - Initiated by StopAssetImportingV2(NoUpdateAssetOptions)
Refreshing native plugins compatible for Editor in 0.00 ms, found 0 plugins.
Preloading 0 native plugins for Editor in 0.00 ms.
Asset Pipeline Refresh (id=73ec5d8ec8ceb6b4ba44b4cc0ac249a4): Total: 0.004 seconds - Initiated by StopAssetImportingV2(NoUpdateAssetOptions)
Start importing Assets/AreaBattle/Resources/Recovered/GuideSpine/YD_0.prefab using Guid(aaea5a43043e33644ad6a203858e23f4) (PrefabImporter) -> (artifact id: '04bbb4b9b6e4cefbc63ae43c9ba56858') in 0.0036103 seconds
Refreshing native plugins compatible for Editor in 0.00 ms, found 0 plugins.
Preloading 0 native plugins for Editor in 0.00 ms.
Asset Pipeline Refresh (id=0bec321c6ab6a0642a912884607eabeb): Total: 0.008 seconds - Initiated by StopAssetImportingV2(NoUpdateAssetOptions)
ConsistencyChecker - guid: aaea5a43043e33644ad6a203858e23f4, dependenciesHash.value: 4959ef41442e846ab5bb32d971216e6d, artifactid: 04bbb4b9b6e4cefbc63ae43c9ba56858, producedFiles[0].extension: , producedFiles[0].contentHash: 0ab9e8c5e5390f76c183630612bbc88a
ConsistencyChecker - guid: aaea5a43043e33644ad6a203858e23f4, dependenciesHash.value: 4959ef41442e846ab5bb32d971216e6d, artifactid: 86f2c2be509966b8ecebcfe0f49d9241, producedFiles[0].extension: , producedFiles[0].contentHash: 37690ccc415a682ebecc9bc4be7d97aa
Importer(PrefabImporter) generated inconsistent result for asset(guid:aaea5a43043e33644ad6a203858e23f4) "Assets/AreaBattle/Resources/Recovered/GuideSpine/YD_0.prefab"
UnityEngine.Debug:ExtractStackTraceNoAlloc (byte*,int,string)
UnityEngine.StackTraceUtility:ExtractStackTrace ()
UnityEditor.AssetDatabase:ImportAsset (string,UnityEditor.ImportAssetOptions)
AreaBattle.EditorTools.RecoveredGuideSpineImporter:Import () (at Assets/AreaBattle/Editor/RecoveredGuideSpineImporter.cs:83)
AreaBattle.EditorTools.RecoveredHudImporter:ImportManifest (string,string,int,string) (at Assets/AreaBattle/Editor/RecoveredHudImporter.cs:71)
AreaBattle.EditorTools.RecoveredHudImporter:ImportOutgame () (at Assets/AreaBattle/Editor/RecoveredHudImporter.cs:57)
AreaBattle.EditorTools.RecoveredHudImporter:ImportOutgameBatch () (at Assets/AreaBattle/Editor/RecoveredHudImporter.cs:60)

[Assets/AreaBattle/Editor/RecoveredGuideSpineImporter.cs line 83]

Start importing Assets/AreaBattle/Resources/Recovered/GuideSpine/YD_0.prefab using Guid(aaea5a43043e33644ad6a203858e23f4) (PrefabImporter) -> (artifact id: '04bbb4b9b6e4cefbc63ae43c9ba56858') in 0.001347 seconds
Refreshing native plugins compatible for Editor in 0.00 ms, found 0 plugins.
Preloading 0 native plugins for Editor in 0.00 ms.
Asset Pipeline Refresh (id=bc55064899ba3cb4b8b7378b1b6a31a7): Total: 0.007 seconds - Initiated by StopAssetImportingV2(NoUpdateAssetOptions)
ConsistencyChecker - guid: aaea5a43043e33644ad6a203858e23f4, dependenciesHash.value: 4959ef41442e846ab5bb32d971216e6d, artifactid: 04bbb4b9b6e4cefbc63ae43c9ba56858, producedFiles[0].extension: , producedFiles[0].contentHash: 0ab9e8c5e5390f76c183630612bbc88a
ConsistencyChecker - guid: aaea5a43043e33644ad6a203858e23f4, dependenciesHash.value: 4959ef41442e846ab5bb32d971216e6d, artifactid: 86f2c2be509966b8ecebcfe0f49d9241, producedFiles[0].extension: , producedFiles[0].contentHash: 37690ccc415a682ebecc9bc4be7d97aa
Importer(PrefabImporter) generated inconsistent result for asset(guid:aaea5a43043e33644ad6a203858e23f4) "Assets/AreaBattle/Resources/Recovered/GuideSpine/YD_0.prefab"
UnityEngine.Debug:ExtractStackTraceNoAlloc (byte*,int,string)
UnityEngine.StackTraceUtility:ExtractStackTrace ()
UnityEditor.AssetDatabase:ImportAsset (string,UnityEditor.ImportAssetOptions)
UnityEditor.AssetDatabase:ImportAsset (string)
UnityEditor.AssetImporter:SaveAndReimport ()
AreaBattle.EditorTools.RecoveredGuideSpineImporter:Import () (at Assets/AreaBattle/Editor/RecoveredGuideSpineImporter.cs:102)
AreaBattle.EditorTools.RecoveredHudImporter:ImportManifest (string,string,int,string) (at Assets/AreaBattle/Editor/RecoveredHudImporter.cs:71)
AreaBattle.EditorTools.RecoveredHudImporter:ImportOutgame () (at Assets/AreaBattle/Editor/RecoveredHudImporter.cs:57)
AreaBattle.EditorTools.RecoveredHudImporter:ImportOutgameBatch () (at Assets/AreaBattle/Editor/RecoveredHudImporter.cs:60)

[Assets/AreaBattle/Editor/RecoveredGuideSpineImporter.cs line 102]

Asset Pipeline Refresh (id=16f3ee6fab8454a43aeca2cef20ef013): Total: 0.003 seconds - Initiated by RefreshV2(NoUpdateAssetOptions)
Start importing Assets/AreaBattle/Resources/Recovered/Outgame/Sprites/CAB-68a3634b9a99c5a2a10a36b772e4e945_-2500702643996213034.png using Guid(6a27ed5ae9a4a394aa994741a97a4e5f) (TextureImporter) -> (artifact id: '2189d22f62cf9d9e1210d24a14ea174c') in 0.0027826 seconds
Refreshing native plugins compatible for Editor in 0.00 ms, found 0 plugins.
Preloading 0 native plugins for Editor in 0.00 ms.
Asset Pipeline Refresh (id=d809d151673f63f49804db0b23d1a67f): Total: 0.007 seconds - Initiated by StopAssetImportingV2(NoUpdateAssetOptions)
Start importing Assets/AreaBattle/Resources/Recovered/Outgame/Sprites/CAB-68a3634b9a99c5a2a10a36b772e4e945_-2500702643996213034.png using Guid(6a27ed5ae9a4a394aa994741a97a4e5f) (TextureImporter) -> (artifact id: '2189d22f62cf9d9e1210d24a14ea174c') in 0.0024154 seconds
Refreshing native plugins compatible for Editor in 0.00 ms, found 0 plugins.
Preloading 0 native plugins for Editor in 0.00 ms.
Asset Pipeline Refresh (id=1b55c26c3d91b674d8d85303d66b466f): Total: 0.007 seconds - Initiated by StopAssetImportingV2(NoUpdateAssetOptions)
Start importing Assets/AreaBattle/Resources/Recovered/Outgame/Sprites/CAB-68a3634b9a99c5a2a10a36b772e4e945_3968329229193633682.png using Guid(6c3a72709d2843944a264f0fd135dbae) (TextureImporter) -> (artifact id: '81684200ec5fff71acbee6f7cad5014a') in 0.0021502 seconds
Refreshing native plugins compatible for Editor in 0.00 ms, found 0 plugins.
Preloading 0 native plugins for Editor in 0.00 ms.
Asset Pipeline Refresh (id=6829ad7ea4d767544841d0af4ede5ccb): Total: 0.007 seconds - Initiated by StopAssetImportingV2(NoUpdateAssetOptions)
Start importing Assets/AreaBattle/Resources/Recovered/Outgame/Sprites/CAB-68a3634b9a99c5a2a10a36b772e4e945_3968329229193633682.png using Guid(6c3a72709d2843944a264f0fd135dbae) (TextureImporter) -> (artifact id: '81684200ec5fff71acbee6f7cad5014a') in 0.0021932 seconds
Refreshing native plugins compatible for Editor in 0.00 ms, found 0 plugins.
Preloading 0 native plugins for Editor in 0.00 ms.
Asset Pipeline Refresh (id=aec8aee37a7139a4a99c32d983776aa0): Total: 0.007 seconds - Initiated by StopAssetImportingV2(NoUpdateAssetOptions)
Start importing Assets/AreaBattle/Resources/Recovered/Outgame/Sprites/CAB-68a3634b9a99c5a2a10a36b772e4e945_-2067149362258942805.png using Guid(e711758b780e18448adec3fb35eaa505) (TextureImporter) -> (artifact id: '650b48ce78dcc2f298b427aea26b1d0a') in 0.0015511 seconds
Refreshing native plugins compatible for Editor in 0.00 ms, found 0 plugins.
Preloading 0 native plugins for Editor in 0.00 ms.
Asset Pipeline Refresh (id=615283b32f4238241a5ff74cc7812586): Total: 0.006 seconds - Initiated by StopAssetImportingV2(NoUpdateAssetOptions)
Start importing Assets/AreaBattle/Resources/Recovered/Outgame/Sprites/CAB-68a3634b9a99c5a2a10a36b772e4e945_-2067149362258942805.png using Guid(e711758b780e18448adec3fb35eaa505) (TextureImporter) -> (artifact id: '650b48ce78dcc2f298b427aea26b1d0a') in 0.001274 seconds
Refreshing native plugins compatible for Editor in 0.00 ms, found 0 plugins.
Preloading 0 native plugins for Editor in 0.00 ms.
Asset Pipeline Refresh (id=fa37880f1ae4aad4fa97657e8cfe65a9): Total: 0.006 seconds - Initiated by StopAssetImportingV2(NoUpdateAssetOptions)
Start importing Assets/AreaBattle/Resources/Recovered/Outgame/Sprites/CAB-68a3634b9a99c5a2a10a36b772e4e945_3841003378664186752.png using Guid(dc24b4962dcfbd446a77de7c97348bd4) (TextureImporter) -> (artifact id: '48780201a4e59c3cb7a7a83d3278db6e') in 0.0023044 seconds
Refreshing native plugins compatible for Editor in 0.00 ms, found 0 plugins.
Preloading 0 native plugins for Editor in 0.00 ms.
Asset Pipeline Refresh (id=fc066984eb323af41a4d544132916406): Total: 0.006 seconds - Initiated by StopAssetImportingV2(NoUpdateAssetOptions)
Start importing Assets/AreaBattle/Resources/Recovered/Outgame/Sprites/CAB-68a3634b9a99c5a2a10a36b772e4e945_3841003378664186752.png using Guid(dc24b4962dcfbd446a77de7c97348bd4) (TextureImporter) -> (artifact id: '48780201a4e59c3cb7a7a83d3278db6e') in 0.002275 seconds
Refreshing native plugins compatible for Editor in 0.00 ms, found 0 plugins.
Preloading 0 native plugins for Editor in 0.00 ms.
Asset Pipeline Refresh (id=ab523371b80e6de4c996024bf6a098d6): Total: 0.007 seconds - Initiated by StopAssetImportingV2(NoUpdateAssetOptions)
Start importing Assets/AreaBattle/Resources/Recovered/Outgame/Sprites/CAB-68a3634b9a99c5a2a10a36b772e4e945_5809055256516255449.png using Guid(44cb0fb4dbee0a04182511b0daf4d7df) (TextureImporter) -> (artifact id: 'ef9a3e298c8ed5d740a3e5d1d79c8685') in 0.0027332 seconds
Refreshing native plugins compatible for Editor in 0.00 ms, found 0 plugins.
Preloading 0 native plugins for Editor in 0.00 ms.
Asset Pipeline Refresh (id=ab7ef5e0cc4b1e944ad120bf8eb5abf2): Total: 0.007 seconds - Initiated by StopAssetImportingV2(NoUpdateAssetOptions)
Start importing Assets/AreaBattle/Resources/Recovered/Outgame/Sprites/CAB-68a3634b9a99c5a2a10a36b772e4e945_5809055256516255449.png using Guid(44cb0fb4dbee0a04182511b0daf4d7df) (TextureImporter) -> (artifact id: 'ef9a3e298c8ed5d740a3e5d1d79c8685') in 0.0026257 seconds
Refreshing native plugins compatible for Editor in 0.00 ms, found 0 plugins.
Preloading 0 native plugins for Editor in 0.00 ms.
Asset Pipeline Refresh (id=efe0ee14afef9414291720ce924206f0): Total: 0.007 seconds - Initiated by StopAssetImportingV2(NoUpdateAssetOptions)
Start importing Assets/AreaBattle/Resources/Recovered/Outgame/Sprites/CAB-68a3634b9a99c5a2a10a36b772e4e945_1741807505282529980.png using Guid(80e8de1547cbc8142ad18f24dc464f4b) (TextureImporter) -> (artifact id: '3b8420141f1d4f480e7ed48c26d2bc76') in 0.0022947 seconds
Refreshing native plugins compatible for Editor in 0.00 ms, found 0 plugins.
Preloading 0 native plugins for Editor in 0.00 ms.
Asset Pipeline Refresh (id=7895237286899dd43b8038e238005ff2): Total: 0.006 seconds - Initiated by StopAssetImportingV2(NoUpdateAssetOptions)
Start importing Assets/AreaBattle/Resources/Recovered/Outgame/Sprites/CAB-68a3634b9a99c5a2a10a36b772e4e945_1741807505282529980.png using Guid(80e8de1547cbc8142ad18f24dc464f4b) (TextureImporter) -> (artifact id: '3b8420141f1d4f480e7ed48c26d2bc76') in 0.0019836 seconds
Refreshing native plugins compatible for Editor in 0.00 ms, found 0 plugins.
Preloading 0 native plugins for Editor in 0.00 ms.
Asset Pipeline Refresh (id=51be69c67abc8114ea1cf6455f1035be): Total: 0.006 seconds - Initiated by StopAssetImportingV2(NoUpdateAssetOptions)
Start importing Assets/AreaBattle/Resources/Recovered/Outgame/Sprites/CAB-68a3634b9a99c5a2a10a36b772e4e945_-4555403145378848948.png using Guid(e6c9b1f4237d24142abfd997931cd6b8) (TextureImporter) -> (artifact id: 'fbcec8b3b80768427a29601589b07ade') in 0.0036917 seconds
Refreshing native plugins compatible for Editor in 0.00 ms, found 0 plugins.
Preloading 0 native plugins for Editor in 0.00 ms.
Asset Pipeline Refresh (id=568afcb8ff8a11c4c9b7e8059d6ccc6f): Total: 0.008 seconds - Initiated by StopAssetImportingV2(NoUpdateAssetOptions)
Start importing Assets/AreaBattle/Resources/Recovered/Outgame/Sprites/CAB-68a3634b9a99c5a2a10a36b772e4e945_-4555403145378848948.png using Guid(e6c9b1f4237d24142abfd997931cd6b8) (TextureImporter) -> (artifact id: 'fbcec8b3b80768427a29601589b07ade') in 0.0033757 seconds
Refreshing native plugins compatible for Editor in 0.00 ms, found 0 plugins.
Preloading 0 native plugins for Editor in 0.00 ms.
Asset Pipeline Refresh (id=90f45e4ce124d324281c72c1e6a138eb): Total: 0.008 seconds - Initiated by StopAssetImportingV2(NoUpdateAssetOptions)
Start importing Assets/AreaBattle/Resources/Recovered/Outgame/Sprites/CAB-68a3634b9a99c5a2a10a36b772e4e945_7575154139968864438.png using Guid(4bb6ee8e6191dcc41a9230f75182c429) (TextureImporter) -> (artifact id: '673761a90b1ad6b9e9ee18ccdc6ed0d4') in 0.0010935 seconds
Refreshing native plugins compatible for Editor in 0.00 ms, found 0 plugins.
Preloading 0 native plugins for Editor in 0.00 ms.
Asset Pipeline Refresh (id=4ceaa972c384ddf4cb865fc8625dab99): Total: 0.005 seconds - Initiated by StopAssetImportingV2(NoUpdateAssetOptions)
Start importing Assets/AreaBattle/Resources/Recovered/Outgame/Sprites/CAB-68a3634b9a99c5a2a10a36b772e4e945_7575154139968864438.png using Guid(4bb6ee8e6191dcc41a9230f75182c429) (TextureImporter) -> (artifact id: '673761a90b1ad6b9e9ee18ccdc6ed0d4') in 0.0009076 seconds
Refreshing native plugins compatible for Editor in 0.00 ms, found 0 plugins.
Preloading 0 native plugins for Editor in 0.00 ms.
Asset Pipeline Refresh (id=db307a6f03498d44f96d1bf2619318e1): Total: 0.005 seconds - Initiated by StopAssetImportingV2(NoUpdateAssetOptions)
Start importing Assets/AreaBattle/Resources/Recovered/Outgame/Sprites/CAB-68a3634b9a99c5a2a10a36b772e4e945_-1876091071912420819.png using Guid(d9d0d3d08ef27474b9cb78829271b465) (TextureImporter) -> (artifact id: 'a1c0de72f8b4656abcda4b80cbffbfc3') in 0.0032757 seconds
Refreshing native plugins compatible for Editor in 0.00 ms, found 0 plugins.
Preloading 0 native plugins for Editor in 0.00 ms.
Asset Pipeline Refresh (id=1aa7eff22d1ac204180ddec7bf274688): Total: 0.007 seconds - Initiated by StopAssetImportingV2(NoUpdateAssetOptions)
Start importing Assets/AreaBattle/Resources/Recovered/Outgame/Sprites/CAB-68a3634b9a99c5a2a10a36b772e4e945_-1876091071912420819.png using Guid(d9d0d3d08ef27474b9cb78829271b465) (TextureImporter) -> (artifact id: 'a1c0de72f8b4656abcda4b80cbffbfc3') in 0.003203 seconds
Refreshing native plugins compatible for Editor in 0.00 ms, found 0 plugins.
Preloading 0 native plugins for Editor in 0.00 ms.
Asset Pipeline Refresh (id=55d9f9b41d9d7054c8e42ca1c7318895): Total: 0.007 seconds - Initiated by StopAssetImportingV2(NoUpdateAssetOptions)
Start importing Assets/AreaBattle/Resources/Recovered/Outgame/Sprites/CAB-68a3634b9a99c5a2a10a36b772e4e945_-4054470188740975855.png using Guid(ad35257821fe897459fae513cb5fb990) (TextureImporter) -> (artifact id: '65144fe8e17e03c95ad30a666828e4f4') in 0.0036754 seconds
Refreshing native plugins compatible for Editor in 0.00 ms, found 0 plugins.
Preloading 0 native plugins for Editor in 0.00 ms.
Asset Pipeline Refresh (id=8e66da74825737244b33293df8b5be49): Total: 0.007 seconds - Initiated by StopAssetImportingV2(NoUpdateAssetOptions)
Start importing Assets/AreaBattle/Resources/Recovered/Outgame/Sprites/CAB-68a3634b9a99c5a2a10a36b772e4e945_-4054470188740975855.png using Guid(ad35257821fe897459fae513cb5fb990) (TextureImporter) -> (artifact id: '65144fe8e17e03c95ad30a666828e4f4') in 0.0034226 seconds
Refreshing native plugins compatible for Editor in 0.00 ms, found 0 plugins.
Preloading 0 native plugins for Editor in 0.00 ms.
Asset Pipeline Refresh (id=c9915963b61e9d34ca2a7aecb52221de): Total: 0.008 seconds - Initiated by StopAssetImportingV2(NoUpdateAssetOptions)
Start importing Assets/AreaBattle/Resources/Recovered/Outgame/Sprites/CAB-68a3634b9a99c5a2a10a36b772e4e945_378598764773864009.png using Guid(ead37ab5e5ec39541854fb9b39502346) (TextureImporter) -> (artifact id: '3c60502b15fd797236624c6895e4ebcb') in 0.0022491 seconds
Refreshing native plugins compatible for Editor in 0.00 ms, found 0 plugins.
Preloading 0 native plugins for Editor in 0.00 ms.
Asset Pipeline Refresh (id=195b79540e6bb52498c14442c4798928): Total: 0.006 seconds - Initiated by StopAssetImportingV2(NoUpdateAssetOptions)
Start importing Assets/AreaBattle/Resources/Recovered/Outgame/Sprites/CAB-68a3634b9a99c5a2a10a36b772e4e945_378598764773864009.png using Guid(ead37ab5e5ec39541854fb9b39502346) (TextureImporter) -> (artifact id: '3c60502b15fd797236624c6895e4ebcb') in 0.002126 seconds
Refreshing native plugins compatible for Editor in 0.00 ms, found 0 plugins.
Preloading 0 native plugins for Editor in 0.00 ms.
Asset Pipeline Refresh (id=1f45676f79f0a264fb489dce6f3552aa): Total: 0.006 seconds - Initiated by StopAssetImportingV2(NoUpdateAssetOptions)
Start importing Assets/AreaBattle/Resources/Recovered/Outgame/Sprites/CAB-68a3634b9a99c5a2a10a36b772e4e945_2593015141329605810.png using Guid(3afd4f14c83835e47a81485f9b712d48) (TextureImporter) -> (artifact id: 'c21e63d142c8912ba7d82eb329706712') in 0.0019896 seconds
Refreshing native plugins compatible for Editor in 0.00 ms, found 0 plugins.
Preloading 0 native plugins for Editor in 0.00 ms.
Asset Pipeline Refresh (id=afaf4b6920e1c1d4cace667ba055b78e): Total: 0.006 seconds - Initiated by StopAssetImportingV2(NoUpdateAssetOptions)
Start importing Assets/AreaBattle/Resources/Recovered/Outgame/Sprites/CAB-68a3634b9a99c5a2a10a36b772e4e945_2593015141329605810.png using Guid(3afd4f14c83835e47a81485f9b712d48) (TextureImporter) -> (artifact id: 'c21e63d142c8912ba7d82eb329706712') in 0.0018481 seconds
Refreshing native plugins compatible for Editor in 0.00 ms, found 0 plugins.
Preloading 0 native plugins for Editor in 0.00 ms.
Asset Pipeline Refresh (id=d55d0501dab0e41428729615bf893e23): Total: 0.006 seconds - Initiated by StopAssetImportingV2(NoUpdateAssetOptions)
Start importing Assets/AreaBattle/Resources/Recovered/Outgame/Sprites/CAB-68a3634b9a99c5a2a10a36b772e4e945_3241266111665667693.png using Guid(4f72d5c178410144580b1239d2753799) (TextureImporter) -> (artifact id: '0be9d2c05a605b497143606aacca6c28') in 0.0010266 seconds
Refreshing native plugins compatible for Editor in 0.00 ms, found 0 plugins.
Preloading 0 native plugins for Editor in 0.00 ms.
Asset Pipeline Refresh (id=1a764a285a0b5de43922d601849df73d): Total: 0.005 seconds - Initiated by StopAssetImportingV2(NoUpdateAssetOptions)
Start importing Assets/AreaBattle/Resources/Recovered/Outgame/Sprites/CAB-68a3634b9a99c5a2a10a36b772e4e945_3241266111665667693.png using Guid(4f72d5c178410144580b1239d2753799) (TextureImporter) -> (artifact id: '0be9d2c05a605b497143606aacca6c28') in 0.0008771 seconds
Refreshing native plugins compatible for Editor in 0.00 ms, found 0 plugins.
Preloading 0 native plugins for Editor in 0.00 ms.
Asset Pipeline Refresh (id=b5720ba89de421a409c23fb75bc3530c): Total: 0.005 seconds - Initiated by StopAssetImportingV2(NoUpdateAssetOptions)
Start importing Assets/AreaBattle/Resources/Recovered/Outgame/Sprites/CAB-68a3634b9a99c5a2a10a36b772e4e945_378101818839556220.png using Guid(8514b3d72fde63e4aa339f0972d6af87) (TextureImporter) -> (artifact id: 'ceefa7c3023e24d72d06cbf77a0614f2') in 0.0013526 seconds
Refreshing native plugins compatible for Editor in 0.00 ms, found 0 plugins.
Preloading 0 native plugins for Editor in 0.00 ms.
Asset Pipeline Refresh (id=2b2975c42d4b1524aa018f3d4bb5d0b4): Total: 0.005 seconds - Initiated by StopAssetImportingV2(NoUpdateAssetOptions)
Start importing Assets/AreaBattle/Resources/Recovered/Outgame/Sprites/CAB-68a3634b9a99c5a2a10a36b772e4e945_378101818839556220.png using Guid(8514b3d72fde63e4aa339f0972d6af87) (TextureImporter) -> (artifact id: 'ceefa7c3023e24d72d06cbf77a0614f2') in 0.001253 seconds
Refreshing native plugins compatible for Editor in 0.00 ms, found 0 plugins.
Preloading 0 native plugins for Editor in 0.00 ms.
Asset Pipeline Refresh (id=4902def7f44cc5c4fb8b734fe2e837ba): Total: 0.005 seconds - Initiated by StopAssetImportingV2(NoUpdateAssetOptions)
Start importing Assets/AreaBattle/Resources/Recovered/Outgame/Sprites/CAB-68a3634b9a99c5a2a10a36b772e4e945_5450819786949168930.png using Guid(89e6337e2026ceb4091fd71e73795da6) (TextureImporter) -> (artifact id: '68fa9ecb4f94442065b9c93619a037cc') in 0.0021949 seconds
Refreshing native plugins compatible for Editor in 0.00 ms, found 0 plugins.
Preloading 0 native plugins for Editor in 0.00 ms.
Asset Pipeline Refresh (id=b073e8147ebdb444fbf41ebe2adeb2ef): Total: 0.006 seconds - Initiated by StopAssetImportingV2(NoUpdateAssetOptions)
Start importing Assets/AreaBattle/Resources/Recovered/Outgame/Sprites/CAB-68a3634b9a99c5a2a10a36b772e4e945_5450819786949168930.png using Guid(89e6337e2026ceb4091fd71e73795da6) (TextureImporter) -> (artifact id: '68fa9ecb4f94442065b9c93619a037cc') in 0.0021192 seconds
Refreshing native plugins compatible for Editor in 0.00 ms, found 0 plugins.
Preloading 0 native plugins for Editor in 0.00 ms.
Asset Pipeline Refresh (id=c3dae34a67449d0408de40357f6c7272): Total: 0.006 seconds - Initiated by StopAssetImportingV2(NoUpdateAssetOptions)
Start importing Assets/AreaBattle/Resources/Recovered/Outgame/Sprites/CAB-68a3634b9a99c5a2a10a36b772e4e945_-7659324119193471886.png using Guid(fb97081e1698cef40884228bb20f98d2) (TextureImporter) -> (artifact id: '279f8a754026fa54a500a9aed04103b4') in 0.0022044 seconds
Refreshing native plugins compatible for Editor in 0.00 ms, found 0 plugins.
Preloading 0 native plugins for Editor in 0.00 ms.
Asset Pipeline Refresh (id=3596da35ff6aa714585c447cb6df64d8): Total: 0.006 seconds - Initiated by StopAssetImportingV2(NoUpdateAssetOptions)
Start importing Assets/AreaBattle/Resources/Recovered/Outgame/Sprites/CAB-68a3634b9a99c5a2a10a36b772e4e945_-7659324119193471886.png using Guid(fb97081e1698cef40884228bb20f98d2) (TextureImporter) -> (artifact id: '279f8a754026fa54a500a9aed04103b4') in 0.0021502 seconds
Refreshing native plugins compatible for Editor in 0.00 ms, found 0 plugins.
Preloading 0 native plugins for Editor in 0.00 ms.
Asset Pipeline Refresh (id=f5a01fcf3bc67f54ab9ed25577a573e6): Total: 0.006 seconds - Initiated by StopAssetImportingV2(NoUpdateAssetOptions)
Start importing Assets/AreaBattle/Resources/Recovered/Outgame/Sprites/CAB-68a3634b9a99c5a2a10a36b772e4e945_864233670361447348.png using Guid(97d27ff6db0fdf44098bf8f2aa476e4f) (TextureImporter) -> (artifact id: '3bb89afa82bce55e273c701bf4f57b0e') in 0.0022234 seconds
Refreshing native plugins compatible for Editor in 0.00 ms, found 0 plugins.
Preloading 0 native plugins for Editor in 0.00 ms.
Asset Pipeline Refresh (id=dec528f45b312de4ca982cd6b2ad8415): Total: 0.006 seconds - Initiated by StopAssetImportingV2(NoUpdateAssetOptions)
Start importing Assets/AreaBattle/Resources/Recovered/Outgame/Sprites/CAB-68a3634b9a99c5a2a10a36b772e4e945_864233670361447348.png using Guid(97d27ff6db0fdf44098bf8f2aa476e4f) (TextureImporter) -> (artifact id: '3bb89afa82bce55e273c701bf4f57b0e') in 0.0022828 seconds
Refreshing native plugins compatible for Editor in 0.00 ms, found 0 plugins.
Preloading 0 native plugins for Editor in 0.00 ms.
Asset Pipeline Refresh (id=b9d9f74ec804d4a40a62ce65a3a0fe4c): Total: 0.006 seconds - Initiated by StopAssetImportingV2(NoUpdateAssetOptions)
Start importing Assets/AreaBattle/Resources/Recovered/Outgame/Sprites/CAB-68a3634b9a99c5a2a10a36b772e4e945_-215119349402305133.png using Guid(97b49e663d973bd42879800b094ee697) (TextureImporter) -> (artifact id: '37de2e76e4853fe67a028cdf5008adf6') in 0.0023187 seconds
Refreshing native plugins compatible for Editor in 0.00 ms, found 0 plugins.
Preloading 0 native plugins for Editor in 0.00 ms.
Asset Pipeline Refresh (id=ab55460a438ae6d4f9af14ecf9b422a5): Total: 0.006 seconds - Initiated by StopAssetImportingV2(NoUpdateAssetOptions)
Start importing Assets/AreaBattle/Resources/Recovered/Outgame/Sprites/CAB-68a3634b9a99c5a2a10a36b772e4e945_-215119349402305133.png using Guid(97b49e663d973bd42879800b094ee697) (TextureImporter) -> (artifact id: '37de2e76e4853fe67a028cdf5008adf6') in 0.0021637 seconds
Refreshing native plugins compatible for Editor in 0.00 ms, found 0 plugins.
Preloading 0 native plugins for Editor in 0.00 ms.
Asset Pipeline Refresh (id=965d494397cdd6f4daf9b74fff34716d): Total: 0.006 seconds - Initiated by StopAssetImportingV2(NoUpdateAssetOptions)
Start importing Assets/AreaBattle/Resources/Recovered/Outgame/Sprites/CAB-68a3634b9a99c5a2a10a36b772e4e945_3721505923199446787.png using Guid(ac7649d1dc5eeea4093595bd06c170e5) (TextureImporter) -> (artifact id: 'cc0f970cb1528e8fc4a0118ae988d6ab') in 0.0018994 seconds
Refreshing native plugins compatible for Editor in 0.00 ms, found 0 plugins.
Preloading 0 native plugins for Editor in 0.00 ms.
Asset Pipeline Refresh (id=61fe40353ac8c4c4a819873cc2574a62): Total: 0.006 seconds - Initiated by StopAssetImportingV2(NoUpdateAssetOptions)
Start importing Assets/AreaBattle/Resources/Recovered/Outgame/Sprites/CAB-68a3634b9a99c5a2a10a36b772e4e945_3721505923199446787.png using Guid(ac7649d1dc5eeea4093595bd06c170e5) (TextureImporter) -> (artifact id: 'cc0f970cb1528e8fc4a0118ae988d6ab') in 0.0022214 seconds
Refreshing native plugins compatible for Editor in 0.00 ms, found 0 plugins.
Preloading 0 native plugins for Editor in 0.00 ms.
Asset Pipeline Refresh (id=acaa890092d854443804ed4d40500d44): Total: 0.008 seconds - Initiated by StopAssetImportingV2(NoUpdateAssetOptions)
Start importing Assets/AreaBattle/Resources/Recovered/Outgame/Sprites/CAB-68a3634b9a99c5a2a10a36b772e4e945_6036933308872373937.png using Guid(06d5cba077ba66b469b36dedf10853fb) (TextureImporter) -> (artifact id: '90b19a593cb53ce08165d285b9de625a') in 0.0022301 seconds
Refreshing native plugins compatible for Editor in 0.00 ms, found 0 plugins.
Preloading 0 native plugins for Editor in 0.00 ms.
Asset Pipeline Refresh (id=956d8965405cef04483d0a1964915f5f): Total: 0.007 seconds - Initiated by StopAssetImportingV2(NoUpdateAssetOptions)
Start importing Assets/AreaBattle/Resources/Recovered/Outgame/Sprites/CAB-68a3634b9a99c5a2a10a36b772e4e945_6036933308872373937.png using Guid(06d5cba077ba66b469b36dedf10853fb) (TextureImporter) -> (artifact id: '90b19a593cb53ce08165d285b9de625a') in 0.0018095 seconds
Refreshing native plugins compatible for Editor in 0.00 ms, found 0 plugins.
Preloading 0 native plugins for Editor in 0.00 ms.
Asset Pipeline Refresh (id=000696ca639121c46aa919f7bce297f8): Total: 0.006 seconds - Initiated by StopAssetImportingV2(NoUpdateAssetOptions)
Start importing Assets/AreaBattle/Resources/Recovered/Outgame/Sprites/CAB-68a3634b9a99c5a2a10a36b772e4e945_-8268854209399839647.png using Guid(1bbe877c8e971024ebec9cee7cae2a42) (TextureImporter) -> (artifact id: 'cbf46b7fa45020333f89d4b516a4f8cc') in 0.0024257 seconds
Refreshing native plugins compatible for Editor in 0.00 ms, found 0 plugins.
Preloading 0 native plugins for Editor in 0.00 ms.
Asset Pipeline Refresh (id=657b85c7bca23f2448424c52f8a702d4): Total: 0.007 seconds - Initiated by StopAssetImportingV2(NoUpdateAssetOptions)
Start importing Assets/AreaBattle/Resources/Recovered/Outgame/Sprites/CAB-68a3634b9a99c5a2a10a36b772e4e945_-8268854209399839647.png using Guid(1bbe877c8e971024ebec9cee7cae2a42) (TextureImporter) -> (artifact id: 'cbf46b7fa45020333f89d4b516a4f8cc') in 0.0018871 seconds
Refreshing native plugins compatible for Editor in 0.00 ms, found 0 plugins.
Preloading 0 native plugins for Editor in 0.00 ms.
Asset Pipeline Refresh (id=e1e1b5ac28c12364888e0a7f7b06fdb4): Total: 0.006 seconds - Initiated by StopAssetImportingV2(NoUpdateAssetOptions)
Start importing Assets/AreaBattle/Resources/Recovered/Outgame/Sprites/CAB-68a3634b9a99c5a2a10a36b772e4e945_-5159291304696048613.png using Guid(d28fb7dcf0d1fd2498849c94c0868b7d) (TextureImporter) -> (artifact id: 'bfbb77e0ed0a8bd9f7c1efed61b8ea1d') in 0.0013999 seconds
Refreshing native plugins compatible for Editor in 0.00 ms, found 0 plugins.
Preloading 0 native plugins for Editor in 0.00 ms.
Asset Pipeline Refresh (id=95d84d88ddd8ee0429530ecb074f18d4): Total: 0.006 seconds - Initiated by StopAssetImportingV2(NoUpdateAssetOptions)
Start importing Assets/AreaBattle/Resources/Recovered/Outgame/Sprites/CAB-68a3634b9a99c5a2a10a36b772e4e945_-5159291304696048613.png using Guid(d28fb7dcf0d1fd2498849c94c0868b7d) (TextureImporter) -> (artifact id: 'bfbb77e0ed0a8bd9f7c1efed61b8ea1d') in 0.001296 seconds
Refreshing native plugins compatible for Editor in 0.00 ms, found 0 plugins.
Preloading 0 native plugins for Editor in 0.00 ms.
Asset Pipeline Refresh (id=81f1a1d6172182e4d8760806651164bc): Total: 0.006 seconds - Initiated by StopAssetImportingV2(NoUpdateAssetOptions)
Start importing Assets/AreaBattle/Resources/Recovered/Outgame/Sprites/CAB-68a3634b9a99c5a2a10a36b772e4e945_-4971279914608531168.png using Guid(70bba2e4fc9d3d54daff0bed39c99b8c) (TextureImporter) -> (artifact id: 'd416e0945a4c2fbdcaf1572517e149ac') in 0.0017685 seconds
Refreshing native plugins compatible for Editor in 0.00 ms, found 0 plugins.
Preloading 0 native plugins for Editor in 0.00 ms.
Asset Pipeline Refresh (id=0d969a89c855fb64fbcecc1b5cd8fd76): Total: 0.006 seconds - Initiated by StopAssetImportingV2(NoUpdateAssetOptions)
Start importing Assets/AreaBattle/Resources/Recovered/Outgame/Sprites/CAB-68a3634b9a99c5a2a10a36b772e4e945_-4971279914608531168.png using Guid(70bba2e4fc9d3d54daff0bed39c99b8c) (TextureImporter) -> (artifact id: 'd416e0945a4c2fbdcaf1572517e149ac') in 0.0019326 seconds
Refreshing native plugins compatible for Editor in 0.00 ms, found 0 plugins.
Preloading 0 native plugins for Editor in 0.00 ms.
Asset Pipeline Refresh (id=8acc7a1b27946b84e889d339b19eeb00): Total: 0.008 seconds - Initiated by StopAssetImportingV2(NoUpdateAssetOptions)
Start importing Assets/AreaBattle/Resources/Recovered/Outgame/Sprites/CAB-68a3634b9a99c5a2a10a36b772e4e945_7552541131183963408.png using Guid(69616ff5159a4844bac2633ad26efe8e) (TextureImporter) -> (artifact id: '2b455f2abc8bbd8ea7788502ac0216bc') in 0.0021286 seconds
Refreshing native plugins compatible for Editor in 0.00 ms, found 0 plugins.
Preloading 0 native plugins for Editor in 0.00 ms.
Asset Pipeline Refresh (id=df94430ccba120444b647ef58cfb43e7): Total: 0.006 seconds - Initiated by StopAssetImportingV2(NoUpdateAssetOptions)
Start importing Assets/AreaBattle/Resources/Recovered/Outgame/Sprites/CAB-68a3634b9a99c5a2a10a36b772e4e945_7552541131183963408.png using Guid(69616ff5159a4844bac2633ad26efe8e) (TextureImporter) -> (artifact id: '2b455f2abc8bbd8ea7788502ac0216bc') in 0.0017744 seconds
Refreshing native plugins compatible for Editor in 0.00 ms, found 0 plugins.
Preloading 0 native plugins for Editor in 0.00 ms.
Asset Pipeline Refresh (id=0b0612c2d112fb848b8b1a905fa030ea): Total: 0.006 seconds - Initiated by StopAssetImportingV2(NoUpdateAssetOptions)
Start importing Assets/AreaBattle/Resources/Recovered/Outgame/Sprites/CAB-68a3634b9a99c5a2a10a36b772e4e945_3403665462750451336.png using Guid(0cd069db6a76c9f4084d16fd77adfa10) (TextureImporter) -> (artifact id: 'bc0912568ad400b05c16d22d6516990a') in 0.0021698 seconds
Refreshing native plugins compatible for Editor in 0.00 ms, found 0 plugins.
Preloading 0 native plugins for Editor in 0.00 ms.
Asset Pipeline Refresh (id=d4bc5bbe1f7db654d94e031285031117): Total: 0.006 seconds - Initiated by StopAssetImportingV2(NoUpdateAssetOptions)
Start importing Assets/AreaBattle/Resources/Recovered/Outgame/Sprites/CAB-68a3634b9a99c5a2a10a36b772e4e945_3403665462750451336.png using Guid(0cd069db6a76c9f4084d16fd77adfa10) (TextureImporter) -> (artifact id: 'bc0912568ad400b05c16d22d6516990a') in 0.0020733 seconds
Refreshing native plugins compatible for Editor in 0.00 ms, found 0 plugins.
Preloading 0 native plugins for Editor in 0.00 ms.
Asset Pipeline Refresh (id=914a9ea94007fa443ba7e63a2e3eafbc): Total: 0.006 seconds - Initiated by StopAssetImportingV2(NoUpdateAssetOptions)
Start importing Assets/AreaBattle/Resources/Recovered/Outgame/Sprites/CAB-68a3634b9a99c5a2a10a36b772e4e945_-3811664915477073136.png using Guid(684059d7e5797bd4384f8c039fcc9db1) (TextureImporter) -> (artifact id: '1df772ff81eb2f6fe3fe2199283ef99a') in 0.0023164 seconds
Refreshing native plugins compatible for Editor in 0.00 ms, found 0 plugins.
Preloading 0 native plugins for Editor in 0.00 ms.
Asset Pipeline Refresh (id=68f56a1b9f7741b4e877acd963c8f033): Total: 0.007 seconds - Initiated by StopAssetImportingV2(NoUpdateAssetOptions)
Start importing Assets/AreaBattle/Resources/Recovered/Outgame/Sprites/CAB-68a3634b9a99c5a2a10a36b772e4e945_-3811664915477073136.png using Guid(684059d7e5797bd4384f8c039fcc9db1) (TextureImporter) -> (artifact id: '1df772ff81eb2f6fe3fe2199283ef99a') in 0.0018634 seconds
Refreshing native plugins compatible for Editor in 0.00 ms, found 0 plugins.
Preloading 0 native plugins for Editor in 0.00 ms.
Asset Pipeline Refresh (id=0db726c9bf0f69b4189b8a161a3a6331): Total: 0.006 seconds - Initiated by StopAssetImportingV2(NoUpdateAssetOptions)
Start importing Assets/AreaBattle/Resources/Recovered/Outgame/Sprites/CAB-68a3634b9a99c5a2a10a36b772e4e945_-4322731864224811946.png using Guid(cb9dd6f722f76a940b8026af5a25eb73) (TextureImporter) -> (artifact id: '8959fe119e14d1c9bb9da7a928bb85ba') in 0.0020735 seconds
Refreshing native plugins compatible for Editor in 0.00 ms, found 0 plugins.
Preloading 0 native plugins for Editor in 0.00 ms.
Asset Pipeline Refresh (id=e4f5b3aeb33252a459175aff8633ae47): Total: 0.006 seconds - Initiated by StopAssetImportingV2(NoUpdateAssetOptions)
Start importing Assets/AreaBattle/Resources/Recovered/Outgame/Sprites/CAB-68a3634b9a99c5a2a10a36b772e4e945_-4322731864224811946.png using Guid(cb9dd6f722f76a940b8026af5a25eb73) (TextureImporter) -> (artifact id: '8959fe119e14d1c9bb9da7a928bb85ba') in 0.0019645 seconds
Refreshing native plugins compatible for Editor in 0.00 ms, found 0 plugins.
Preloading 0 native plugins for Editor in 0.00 ms.
Asset Pipeline Refresh (id=618fa79037765ff458b6fa5d4c6861ba): Total: 0.006 seconds - Initiated by StopAssetImportingV2(NoUpdateAssetOptions)
Start importing Assets/AreaBattle/Resources/Recovered/Outgame/Sprites/CAB-68a3634b9a99c5a2a10a36b772e4e945_5717087075749903458.png using Guid(8301644ca23dc7a478bcfe5c7c47035c) (TextureImporter) -> (artifact id: 'ebd50aadc6dc63c01eedf928e78c7f38') in 0.0018297 seconds
Refreshing native plugins compatible for Editor in 0.00 ms, found 0 plugins.
Preloading 0 native plugins for Editor in 0.00 ms.
Asset Pipeline Refresh (id=529a79f5e2d92c245a5f0f1841614ba8): Total: 0.006 seconds - Initiated by StopAssetImportingV2(NoUpdateAssetOptions)
Start importing Assets/AreaBattle/Resources/Recovered/Outgame/Sprites/CAB-68a3634b9a99c5a2a10a36b772e4e945_5717087075749903458.png using Guid(8301644ca23dc7a478bcfe5c7c47035c) (TextureImporter) -> (artifact id: 'ebd50aadc6dc63c01eedf928e78c7f38') in 0.0017001 seconds
Refreshing native plugins compatible for Editor in 0.00 ms, found 0 plugins.
Preloading 0 native plugins for Editor in 0.00 ms.
Asset Pipeline Refresh (id=464d3f6ee262c794d99ac63130cd2f7c): Total: 0.006 seconds - Initiated by StopAssetImportingV2(NoUpdateAssetOptions)
Start importing Assets/AreaBattle/Resources/Recovered/Outgame/Sprites/CAB-68a3634b9a99c5a2a10a36b772e4e945_-7128104167923467825.png using Guid(e674972eec5fc8542aa5ab22f989ae14) (TextureImporter) -> (artifact id: '3da96f8f860e0d2142662357bed0b97d') in 0.0015184 seconds
Refreshing native plugins compatible for Editor in 0.00 ms, found 0 plugins.
Preloading 0 native plugins for Editor in 0.00 ms.
Asset Pipeline Refresh (id=0920c8e6db1eb1348b065a9d27e60eec): Total: 0.005 seconds - Initiated by StopAssetImportingV2(NoUpdateAssetOptions)
Start importing Assets/AreaBattle/Resources/Recovered/Outgame/Sprites/CAB-68a3634b9a99c5a2a10a36b772e4e945_-7128104167923467825.png using Guid(e674972eec5fc8542aa5ab22f989ae14) (TextureImporter) -> (artifact id: '3da96f8f860e0d2142662357bed0b97d') in 0.0014213 seconds
Refreshing native plugins compatible for Editor in 0.00 ms, found 0 plugins.
Preloading 0 native plugins for Editor in 0.00 ms.
Asset Pipeline Refresh (id=64113ba635aa96e4089cefd03241cb3c): Total: 0.005 seconds - Initiated by StopAssetImportingV2(NoUpdateAssetOptions)
Start importing Assets/AreaBattle/Resources/Recovered/Outgame/Sprites/CAB-68a3634b9a99c5a2a10a36b772e4e945_3639792147345486873.png using Guid(ede5290172a1a134d84ecacb1f389696) (TextureImporter) -> (artifact id: '2bf1c049d115ddb3f1ce391831b260e0') in 0.0020758 seconds
Refreshing native plugins compatible for Editor in 0.00 ms, found 0 plugins.
Preloading 0 native plugins for Editor in 0.00 ms.
Asset Pipeline Refresh (id=953d153da2454ed47943646805937a21): Total: 0.006 seconds - Initiated by StopAssetImportingV2(NoUpdateAssetOptions)
Start importing Assets/AreaBattle/Resources/Recovered/Outgame/Sprites/CAB-68a3634b9a99c5a2a10a36b772e4e945_3639792147345486873.png using Guid(ede5290172a1a134d84ecacb1f389696) (TextureImporter) -> (artifact id: '2bf1c049d115ddb3f1ce391831b260e0') in 0.001814 seconds
Refreshing native plugins compatible for Editor in 0.00 ms, found 0 plugins.
Preloading 0 native plugins for Editor in 0.00 ms.
Asset Pipeline Refresh (id=3d9b2477f4f1a464bbb95f7a25257008): Total: 0.006 seconds - Initiated by StopAssetImportingV2(NoUpdateAssetOptions)
Start importing Assets/AreaBattle/Resources/Recovered/Outgame/Sprites/CAB-68a3634b9a99c5a2a10a36b772e4e945_-947968453071298220.png using Guid(0af8d0be3a556694baf90190a57f38aa) (TextureImporter) -> (artifact id: '794d520ddacd83e1b250cca7c536f7c8') in 0.0018242 seconds
Refreshing native plugins compatible for Editor in 0.00 ms, found 0 plugins.
Preloading 0 native plugins for Editor in 0.00 ms.
Asset Pipeline Refresh (id=b565d62f39ac1924788099f425230001): Total: 0.006 seconds - Initiated by StopAssetImportingV2(NoUpdateAssetOptions)
Start importing Assets/AreaBattle/Resources/Recovered/Outgame/Sprites/CAB-68a3634b9a99c5a2a10a36b772e4e945_-947968453071298220.png using Guid(0af8d0be3a556694baf90190a57f38aa) (TextureImporter) -> (artifact id: '794d520ddacd83e1b250cca7c536f7c8') in 0.0017563 seconds
Refreshing native plugins compatible for Editor in 0.00 ms, found 0 plugins.
Preloading 0 native plugins for Editor in 0.00 ms.
Asset Pipeline Refresh (id=629603869061a3c4882c4d7f067aa8ad): Total: 0.006 seconds - Initiated by StopAssetImportingV2(NoUpdateAssetOptions)
Start importing Assets/AreaBattle/Resources/Recovered/Outgame/Sprites/CAB-68a3634b9a99c5a2a10a36b772e4e945_-7552916471266992501.png using Guid(806f8b3fae30edf4291c51f387fdd859) (TextureImporter) -> (artifact id: '23961feaf79d879c4a8cce78b330ffa4') in 0.0022107 seconds
Refreshing native plugins compatible for Editor in 0.00 ms, found 0 plugins.
Preloading 0 native plugins for Editor in 0.00 ms.
Asset Pipeline Refresh (id=b8bf51b16b8fbd04c8b6bee81c5526d5): Total: 0.006 seconds - Initiated by StopAssetImportingV2(NoUpdateAssetOptions)
Start importing Assets/AreaBattle/Resources/Recovered/Outgame/Sprites/CAB-68a3634b9a99c5a2a10a36b772e4e945_-7552916471266992501.png using Guid(806f8b3fae30edf4291c51f387fdd859) (TextureImporter) -> (artifact id: '23961feaf79d879c4a8cce78b330ffa4') in 0.0021675 seconds
Refreshing native plugins compatible for Editor in 0.00 ms, found 0 plugins.
Preloading 0 native plugins for Editor in 0.00 ms.
Asset Pipeline Refresh (id=72ba03bafb1e63741a47f135ed54d657): Total: 0.006 seconds - Initiated by StopAssetImportingV2(NoUpdateAssetOptions)
Start importing Assets/AreaBattle/Resources/Recovered/Outgame/Sprites/CAB-68a3634b9a99c5a2a10a36b772e4e945_1039093117671376833.png using Guid(256a3155e9ddeb8438af8550e48d86b3) (TextureImporter) -> (artifact id: 'bbc273b5434c94d619325e44ff9f2a40') in 0.0044492 seconds
Refreshing native plugins compatible for Editor in 0.00 ms, found 0 plugins.
Preloading 0 native plugins for Editor in 0.00 ms.
Asset Pipeline Refresh (id=91b2808081ad02a4e8fd58b5dd759f86): Total: 0.008 seconds - Initiated by StopAssetImportingV2(NoUpdateAssetOptions)
Start importing Assets/AreaBattle/Resources/Recovered/Outgame/Sprites/CAB-68a3634b9a99c5a2a10a36b772e4e945_1039093117671376833.png using Guid(256a3155e9ddeb8438af8550e48d86b3) (TextureImporter) -> (artifact id: 'bbc273b5434c94d619325e44ff9f2a40') in 0.0047196 seconds
Refreshing native plugins compatible for Editor in 0.00 ms, found 0 plugins.
Preloading 0 native plugins for Editor in 0.00 ms.
Asset Pipeline Refresh (id=8cc697cee77f8cd4485bdd59096e12fc): Total: 0.009 seconds - Initiated by StopAssetImportingV2(NoUpdateAssetOptions)
Start importing Assets/AreaBattle/Resources/Recovered/Outgame/Sprites/CAB-68a3634b9a99c5a2a10a36b772e4e945_-1334273524089670153.png using Guid(79f4e96861b1cf64589f2e8f979616cb) (TextureImporter) -> (artifact id: '33e3e5c8777a370277c58689e3101b34') in 0.0013565 seconds
Refreshing native plugins compatible for Editor in 0.00 ms, found 0 plugins.
Preloading 0 native plugins for Editor in 0.00 ms.
Asset Pipeline Refresh (id=d787bf68c2ca34f47b622a0612008017): Total: 0.006 seconds - Initiated by StopAssetImportingV2(NoUpdateAssetOptions)
Start importing Assets/AreaBattle/Resources/Recovered/Outgame/Sprites/CAB-68a3634b9a99c5a2a10a36b772e4e945_-1334273524089670153.png using Guid(79f4e96861b1cf64589f2e8f979616cb) (TextureImporter) -> (artifact id: '33e3e5c8777a370277c58689e3101b34') in 0.0010531 seconds
Refreshing native plugins compatible for Editor in 0.00 ms, found 0 plugins.
Preloading 0 native plugins for Editor in 0.00 ms.
Asset Pipeline Refresh (id=72798434cf3ad0d459a0c6aa0861f038): Total: 0.005 seconds - Initiated by StopAssetImportingV2(NoUpdateAssetOptions)
Start importing Assets/AreaBattle/Resources/Recovered/Outgame/Sprites/CAB-68a3634b9a99c5a2a10a36b772e4e945_7415029052608284052.png using Guid(a3f30cf5b99a9be44bbb4c941cf8a3f3) (TextureImporter) -> (artifact id: '29c742dde7eeb6efbe334c4296e81b0c') in 0.004124 seconds
Refreshing native plugins compatible for Editor in 0.00 ms, found 0 plugins.
Preloading 0 native plugins for Editor in 0.00 ms.
Asset Pipeline Refresh (id=b8c7d8d1ea2b9534a90258b394c461f6): Total: 0.008 seconds - Initiated by StopAssetImportingV2(NoUpdateAssetOptions)
Start importing Assets/AreaBattle/Resources/Recovered/Outgame/Sprites/CAB-68a3634b9a99c5a2a10a36b772e4e945_7415029052608284052.png using Guid(a3f30cf5b99a9be44bbb4c941cf8a3f3) (TextureImporter) -> (artifact id: '29c742dde7eeb6efbe334c4296e81b0c') in 0.0040114 seconds
Refreshing native plugins compatible for Editor in 0.00 ms, found 0 plugins.
Preloading 0 native plugins for Editor in 0.00 ms.
Asset Pipeline Refresh (id=ac8668a8f53776f4bbcc8f0c4540c419): Total: 0.008 seconds - Initiated by StopAssetImportingV2(NoUpdateAssetOptions)
Start importing Assets/AreaBattle/Resources/Recovered/Outgame/Sprites/CAB-68a3634b9a99c5a2a10a36b772e4e945_-1327541794178865016.png using Guid(224a27c465b52ec4bad31111f83766ae) (TextureImporter) -> (artifact id: 'e124d5c9338e130483cc2913c2249b0e') in 0.0021613 seconds
Refreshing native plugins compatible for Editor in 0.00 ms, found 0 plugins.
Preloading 0 native plugins for Editor in 0.00 ms.
Asset Pipeline Refresh (id=d54d9fd3e6716f94fa5450a6a8d621f9): Total: 0.006 seconds - Initiated by StopAssetImportingV2(NoUpdateAssetOptions)
Start importing Assets/AreaBattle/Resources/Recovered/Outgame/Sprites/CAB-68a3634b9a99c5a2a10a36b772e4e945_-1327541794178865016.png using Guid(224a27c465b52ec4bad31111f83766ae) (TextureImporter) -> (artifact id: 'e124d5c9338e130483cc2913c2249b0e') in 0.0020557 seconds
Refreshing native plugins compatible for Editor in 0.00 ms, found 0 plugins.
Preloading 0 native plugins for Editor in 0.00 ms.
Asset Pipeline Refresh (id=01fb32d3dfd017149bec43acb9c8b425): Total: 0.006 seconds - Initiated by StopAssetImportingV2(NoUpdateAssetOptions)
Start importing Assets/AreaBattle/Resources/Recovered/Outgame/Sprites/CAB-68a3634b9a99c5a2a10a36b772e4e945_1398600922758705203.png using Guid(c72445120e0e93c41b5f2d2a19242b32) (TextureImporter) -> (artifact id: 'e7df1fb736ff5624e0b282c1d7f079b6') in 0.0011501 seconds
Refreshing native plugins compatible for Editor in 0.00 ms, found 0 plugins.
Preloading 0 native plugins for Editor in 0.00 ms.
Asset Pipeline Refresh (id=217d799f64d634648b943d3881c066ce): Total: 0.005 seconds - Initiated by StopAssetImportingV2(NoUpdateAssetOptions)
Start importing Assets/AreaBattle/Resources/Recovered/Outgame/Sprites/CAB-68a3634b9a99c5a2a10a36b772e4e945_1398600922758705203.png using Guid(c72445120e0e93c41b5f2d2a19242b32) (TextureImporter) -> (artifact id: 'e7df1fb736ff5624e0b282c1d7f079b6') in 0.0010204 seconds
Refreshing native plugins compatible for Editor in 0.00 ms, found 0 plugins.
Preloading 0 native plugins for Editor in 0.00 ms.
Asset Pipeline Refresh (id=649f41f161407d948ba644d733ad1436): Total: 0.005 seconds - Initiated by StopAssetImportingV2(NoUpdateAssetOptions)
Start importing Assets/AreaBattle/Resources/Recovered/Outgame/Sprites/CAB-68a3634b9a99c5a2a10a36b772e4e945_7216579244126509952.png using Guid(111f0872b8cec5b48847ee8b51130326) (TextureImporter) -> (artifact id: '0e24503e1fd02d19e348a0dfd3df63f3') in 0.0024776 seconds
Refreshing native plugins compatible for Editor in 0.00 ms, found 0 plugins.
Preloading 0 native plugins for Editor in 0.00 ms.
Asset Pipeline Refresh (id=3ced24ad10ba21c4eb00040af80bf39a): Total: 0.006 seconds - Initiated by StopAssetImportingV2(NoUpdateAssetOptions)
Start importing Assets/AreaBattle/Resources/Recovered/Outgame/Sprites/CAB-68a3634b9a99c5a2a10a36b772e4e945_7216579244126509952.png using Guid(111f0872b8cec5b48847ee8b51130326) (TextureImporter) -> (artifact id: '0e24503e1fd02d19e348a0dfd3df63f3') in 0.0022739 seconds
Refreshing native plugins compatible for Editor in 0.00 ms, found 0 plugins.
Preloading 0 native plugins for Editor in 0.00 ms.
Asset Pipeline Refresh (id=2fa62489f57d43443a5e11850adf6b3f): Total: 0.006 seconds - Initiated by StopAssetImportingV2(NoUpdateAssetOptions)
Start importing Assets/AreaBattle/Resources/Recovered/Outgame/Sprites/CAB-68a3634b9a99c5a2a10a36b772e4e945_-5022608720618937171.png using Guid(282b73abbff5d144a971254370eebe34) (TextureImporter) -> (artifact id: 'c299616bacf78cc3a56ffa8a57f6845f') in 0.0020129 seconds
Refreshing native plugins compatible for Editor in 0.00 ms, found 0 plugins.
Preloading 0 native plugins for Editor in 0.00 ms.
Asset Pipeline Refresh (id=6ed141d581147724aaa8c5a3d857ce4f): Total: 0.006 seconds - Initiated by StopAssetImportingV2(NoUpdateAssetOptions)
Start importing Assets/AreaBattle/Resources/Recovered/Outgame/Sprites/CAB-68a3634b9a99c5a2a10a36b772e4e945_-5022608720618937171.png using Guid(282b73abbff5d144a971254370eebe34) (TextureImporter) -> (artifact id: 'c299616bacf78cc3a56ffa8a57f6845f') in 0.0020436 seconds
Refreshing native plugins compatible for Editor in 0.00 ms, found 0 plugins.
Preloading 0 native plugins for Editor in 0.00 ms.
Asset Pipeline Refresh (id=50c56258f2e30b547bca22fe28d51a36): Total: 0.006 seconds - Initiated by StopAssetImportingV2(NoUpdateAssetOptions)
Start importing Assets/AreaBattle/Resources/Recovered/Outgame/Sprites/CAB-f0f8d5b2fe4fc0f1a8885e70e42a8501_6431201894830666966.png using Guid(2887dc88ef1a7bb4a8f4747c6b430912) (TextureImporter) -> (artifact id: '80f1c4b4eaf222d8c2e53ecd0be2c139') in 0.0012091 seconds
Refreshing native plugins compatible for Editor in 0.00 ms, found 0 plugins.
Preloading 0 native plugins for Editor in 0.00 ms.
Asset Pipeline Refresh (id=64d8625c7af271a459a63152e5ea7ca0): Total: 0.005 seconds - Initiated by StopAssetImportingV2(NoUpdateAssetOptions)
Start importing Assets/AreaBattle/Resources/Recovered/Outgame/Sprites/CAB-f0f8d5b2fe4fc0f1a8885e70e42a8501_6431201894830666966.png using Guid(2887dc88ef1a7bb4a8f4747c6b430912) (TextureImporter) -> (artifact id: '80f1c4b4eaf222d8c2e53ecd0be2c139') in 0.0012076 seconds
Refreshing native plugins compatible for Editor in 0.00 ms, found 0 plugins.
Preloading 0 native plugins for Editor in 0.00 ms.
Asset Pipeline Refresh (id=d4197eb43ca0c974fbf59beeeddf2e18): Total: 0.006 seconds - Initiated by StopAssetImportingV2(NoUpdateAssetOptions)
Start importing Assets/AreaBattle/Resources/Recovered/Outgame/Sprites/CAB-f0f8d5b2fe4fc0f1a8885e70e42a8501_-3313097421019586755.png using Guid(09517a242840b3f419850b2c6009c9f4) (TextureImporter) -> (artifact id: '0cedd519850bcedfce4321ddb6ee6223') in 0.0024457 seconds
Refreshing native plugins compatible for Editor in 0.00 ms, found 0 plugins.
Preloading 0 native plugins for Editor in 0.00 ms.
Asset Pipeline Refresh (id=ef8f22c49da118c4d9d78402f3ac0e7b): Total: 0.007 seconds - Initiated by StopAssetImportingV2(NoUpdateAssetOptions)
Start importing Assets/AreaBattle/Resources/Recovered/Outgame/Sprites/CAB-f0f8d5b2fe4fc0f1a8885e70e42a8501_-3313097421019586755.png using Guid(09517a242840b3f419850b2c6009c9f4) (TextureImporter) -> (artifact id: '0cedd519850bcedfce4321ddb6ee6223') in 0.002275 seconds
Refreshing native plugins compatible for Editor in 0.00 ms, found 0 plugins.
Preloading 0 native plugins for Editor in 0.00 ms.
Asset Pipeline Refresh (id=88d3507ebfe3e6a4e9757368c8127593): Total: 0.007 seconds - Initiated by StopAssetImportingV2(NoUpdateAssetOptions)
Start importing Assets/AreaBattle/Resources/Recovered/Outgame/Sprites/CAB-68a3634b9a99c5a2a10a36b772e4e945_3366574577895424171.png using Guid(8daa88c336093f848993d837b97a9ef1) (TextureImporter) -> (artifact id: '1b486af720473120404ae2c55fbf57d6') in 0.0014149 seconds
Refreshing native plugins compatible for Editor in 0.00 ms, found 0 plugins.
Preloading 0 native plugins for Editor in 0.00 ms.
Asset Pipeline Refresh (id=7de22a8fbb8e7c04dbc423551551cc76): Total: 0.005 seconds - Initiated by StopAssetImportingV2(NoUpdateAssetOptions)
Start importing Assets/AreaBattle/Resources/Recovered/Outgame/Sprites/CAB-68a3634b9a99c5a2a10a36b772e4e945_3366574577895424171.png using Guid(8daa88c336093f848993d837b97a9ef1) (TextureImporter) -> (artifact id: '1b486af720473120404ae2c55fbf57d6') in 0.0012412 seconds
Refreshing native plugins compatible for Editor in 0.00 ms, found 0 plugins.
Preloading 0 native plugins for Editor in 0.00 ms.
Asset Pipeline Refresh (id=851c7182fceb59a44b772e5ebe76b3f4): Total: 0.005 seconds - Initiated by StopAssetImportingV2(NoUpdateAssetOptions)
Start importing Assets/AreaBattle/Resources/Recovered/Outgame/Sprites/CAB-f0f8d5b2fe4fc0f1a8885e70e42a8501_-2320101112833093935.png using Guid(5f5b043b1d9a8d54593b355ba3e20e44) (TextureImporter) -> (artifact id: '943a70464cace822decea25bb96a46dd') in 0.0012662 seconds
Refreshing native plugins compatible for Editor in 0.00 ms, found 0 plugins.
Preloading 0 native plugins for Editor in 0.00 ms.
Asset Pipeline Refresh (id=6789eeabb6c1a4047b2065597076c84f): Total: 0.005 seconds - Initiated by StopAssetImportingV2(NoUpdateAssetOptions)
Start importing Assets/AreaBattle/Resources/Recovered/Outgame/Sprites/CAB-f0f8d5b2fe4fc0f1a8885e70e42a8501_-2320101112833093935.png using Guid(5f5b043b1d9a8d54593b355ba3e20e44) (TextureImporter) -> (artifact id: '943a70464cace822decea25bb96a46dd') in 0.0011448 seconds
Refreshing native plugins compatible for Editor in 0.00 ms, found 0 plugins.
Preloading 0 native plugins for Editor in 0.00 ms.
Asset Pipeline Refresh (id=b772768e95e66c948b371f17fdc985d8): Total: 0.006 seconds - Initiated by StopAssetImportingV2(NoUpdateAssetOptions)
Start importing Assets/AreaBattle/Resources/Recovered/Outgame/Sprites/CAB-f0f8d5b2fe4fc0f1a8885e70e42a8501_-2051852787592275987.png using Guid(aa7c09c218e056b4fa5b1378dc696ff6) (TextureImporter) -> (artifact id: 'c737be4a9a5c71eca87a66b4b1af1a65') in 0.0016633 seconds
Refreshing native plugins compatible for Editor in 0.00 ms, found 0 plugins.
Preloading 0 native plugins for Editor in 0.00 ms.
Asset Pipeline Refresh (id=04f6fd429afbce641bb0cacb31b74f13): Total: 0.006 seconds - Initiated by StopAssetImportingV2(NoUpdateAssetOptions)
Start importing Assets/AreaBattle/Resources/Recovered/Outgame/Sprites/CAB-f0f8d5b2fe4fc0f1a8885e70e42a8501_-2051852787592275987.png using Guid(aa7c09c218e056b4fa5b1378dc696ff6) (TextureImporter) -> (artifact id: 'c737be4a9a5c71eca87a66b4b1af1a65') in 0.001428 seconds
Refreshing native plugins compatible for Editor in 0.00 ms, found 0 plugins.
Preloading 0 native plugins for Editor in 0.00 ms.
Asset Pipeline Refresh (id=dec8ecefed032cd46bc5292ca5ace30a): Total: 0.005 seconds - Initiated by StopAssetImportingV2(NoUpdateAssetOptions)
Start importing Assets/AreaBattle/Resources/Recovered/Outgame/Sprites/CAB-f0f8d5b2fe4fc0f1a8885e70e42a8501_-8815077990741698023.png using Guid(4d86a7a9301d17b42b9f44c60f7de944) (TextureImporter) -> (artifact id: '850c3601bf92d95ba856b29c95b3d8db') in 0.001193 seconds
Refreshing native plugins compatible for Editor in 0.00 ms, found 0 plugins.
Preloading 0 native plugins for Editor in 0.00 ms.
Asset Pipeline Refresh (id=d08e2c1b44a386949a3f8885560efe3f): Total: 0.005 seconds - Initiated by StopAssetImportingV2(NoUpdateAssetOptions)
Start importing Assets/AreaBattle/Resources/Recovered/Outgame/Sprites/CAB-f0f8d5b2fe4fc0f1a8885e70e42a8501_-8815077990741698023.png using Guid(4d86a7a9301d17b42b9f44c60f7de944) (TextureImporter) -> (artifact id: '850c3601bf92d95ba856b29c95b3d8db') in 0.0010213 seconds
Refreshing native plugins compatible for Editor in 0.00 ms, found 0 plugins.
Preloading 0 native plugins for Editor in 0.00 ms.
Asset Pipeline Refresh (id=e5859684a3805734195fad9a6f3f2a8f): Total: 0.005 seconds - Initiated by StopAssetImportingV2(NoUpdateAssetOptions)
Start importing Assets/AreaBattle/Resources/Recovered/Outgame/Sprites/CAB-f0f8d5b2fe4fc0f1a8885e70e42a8501_7515635854229440057.png using Guid(1c40a75c1bb4253419447d019541ac98) (TextureImporter) -> (artifact id: 'f7452420550169fd5c3709fb6681dd5c') in 0.0013306 seconds
Refreshing native plugins compatible for Editor in 0.00 ms, found 0 plugins.
Preloading 0 native plugins for Editor in 0.00 ms.
Asset Pipeline Refresh (id=40bdb677f4dbd054c8f3b1194608db5f): Total: 0.005 seconds - Initiated by StopAssetImportingV2(NoUpdateAssetOptions)
Start importing Assets/AreaBattle/Resources/Recovered/Outgame/Sprites/CAB-f0f8d5b2fe4fc0f1a8885e70e42a8501_7515635854229440057.png using Guid(1c40a75c1bb4253419447d019541ac98) (TextureImporter) -> (artifact id: 'f7452420550169fd5c3709fb6681dd5c') in 0.0011306 seconds
Refreshing native plugins compatible for Editor in 0.00 ms, found 0 plugins.
Preloading 0 native plugins for Editor in 0.00 ms.
Asset Pipeline Refresh (id=3225112ce6938ea408c19bb487a82112): Total: 0.005 seconds - Initiated by StopAssetImportingV2(NoUpdateAssetOptions)
Start importing Assets/AreaBattle/Resources/Recovered/Outgame/Sprites/CAB-f0f8d5b2fe4fc0f1a8885e70e42a8501_41397532161224530.png using Guid(09db565243df1794f89edcf0990bec07) (TextureImporter) -> (artifact id: '23025a50d34f6ebc5842d480aa7fac77') in 0.0019662 seconds
Refreshing native plugins compatible for Editor in 0.00 ms, found 0 plugins.
Preloading 0 native plugins for Editor in 0.00 ms.
Asset Pipeline Refresh (id=3c6cdc5fcf5341347b1891ba3e5e3a91): Total: 0.006 seconds - Initiated by StopAssetImportingV2(NoUpdateAssetOptions)
Start importing Assets/AreaBattle/Resources/Recovered/Outgame/Sprites/CAB-f0f8d5b2fe4fc0f1a8885e70e42a8501_41397532161224530.png using Guid(09db565243df1794f89edcf0990bec07) (TextureImporter) -> (artifact id: '23025a50d34f6ebc5842d480aa7fac77') in 0.001726 seconds
Refreshing native plugins compatible for Editor in 0.00 ms, found 0 plugins.
Preloading 0 native plugins for Editor in 0.00 ms.
Asset Pipeline Refresh (id=1c285d71a81e5a14896ad5f59915a808): Total: 0.006 seconds - Initiated by StopAssetImportingV2(NoUpdateAssetOptions)
Start importing Assets/AreaBattle/Resources/Recovered/Outgame/Sprites/CAB-f0f8d5b2fe4fc0f1a8885e70e42a8501_-7284029749908888299.png using Guid(b755233a76c45c04bbee3f78c5c87908) (TextureImporter) -> (artifact id: 'e380177ff827cce3f90bfc7ffd15b446') in 0.0010675 seconds
Refreshing native plugins compatible for Editor in 0.00 ms, found 0 plugins.
Preloading 0 native plugins for Editor in 0.00 ms.
Asset Pipeline Refresh (id=d3b01d798bae9164592164405e23b6f6): Total: 0.005 seconds - Initiated by StopAssetImportingV2(NoUpdateAssetOptions)
Start importing Assets/AreaBattle/Resources/Recovered/Outgame/Sprites/CAB-f0f8d5b2fe4fc0f1a8885e70e42a8501_-7284029749908888299.png using Guid(b755233a76c45c04bbee3f78c5c87908) (TextureImporter) -> (artifact id: 'e380177ff827cce3f90bfc7ffd15b446') in 0.0010876 seconds
Refreshing native plugins compatible for Editor in 0.00 ms, found 0 plugins.
Preloading 0 native plugins for Editor in 0.00 ms.
Asset Pipeline Refresh (id=65948bef279afe6408f7c4c1973056ce): Total: 0.005 seconds - Initiated by StopAssetImportingV2(NoUpdateAssetOptions)
Start importing Assets/AreaBattle/Resources/Recovered/Outgame/Sprites/CAB-f0f8d5b2fe4fc0f1a8885e70e42a8501_351421032368338370.png using Guid(fb06aa36e60cfad449e6dd4d2bf8b9db) (TextureImporter) -> (artifact id: '4d35d4f58ce822194b3447f2fb1b08b7') in 0.001358 seconds
Refreshing native plugins compatible for Editor in 0.00 ms, found 0 plugins.
Preloading 0 native plugins for Editor in 0.00 ms.
Asset Pipeline Refresh (id=64931f8d5c0caaa45a139dd4b9c52b70): Total: 0.005 seconds - Initiated by StopAssetImportingV2(NoUpdateAssetOptions)
Start importing Assets/AreaBattle/Resources/Recovered/Outgame/Sprites/CAB-f0f8d5b2fe4fc0f1a8885e70e42a8501_351421032368338370.png using Guid(fb06aa36e60cfad449e6dd4d2bf8b9db) (TextureImporter) -> (artifact id: '4d35d4f58ce822194b3447f2fb1b08b7') in 0.001448 seconds
Refreshing native plugins compatible for Editor in 0.00 ms, found 0 plugins.
Preloading 0 native plugins for Editor in 0.00 ms.
Asset Pipeline Refresh (id=85effc09001353746a21cccb02c0d322): Total: 0.006 seconds - Initiated by StopAssetImportingV2(NoUpdateAssetOptions)
Start importing Assets/AreaBattle/Resources/Recovered/Outgame/Sprites/CAB-f0f8d5b2fe4fc0f1a8885e70e42a8501_1737684388834227741.png using Guid(ac32f9f58b3fe95419bbb088f72d1f5e) (TextureImporter) -> (artifact id: '7f931ef2065918ce5e7cd4721c88e415') in 0.001251 seconds
Refreshing native plugins compatible for Editor in 0.00 ms, found 0 plugins.
Preloading 0 native plugins for Editor in 0.00 ms.
Asset Pipeline Refresh (id=a569dbced54280240a86bb7cdee53295): Total: 0.005 seconds - Initiated by StopAssetImportingV2(NoUpdateAssetOptions)
Start importing Assets/AreaBattle/Resources/Recovered/Outgame/Sprites/CAB-f0f8d5b2fe4fc0f1a8885e70e42a8501_1737684388834227741.png using Guid(ac32f9f58b3fe95419bbb088f72d1f5e) (TextureImporter) -> (artifact id: '7f931ef2065918ce5e7cd4721c88e415') in 0.0009816 seconds
Refreshing native plugins compatible for Editor in 0.00 ms, found 0 plugins.
Preloading 0 native plugins for Editor in 0.00 ms.
Asset Pipeline Refresh (id=c4f42078ec8662446930bdfc49873e36): Total: 0.005 seconds - Initiated by StopAssetImportingV2(NoUpdateAssetOptions)
Start importing Assets/AreaBattle/Resources/Recovered/Outgame/Sprites/CAB-f0f8d5b2fe4fc0f1a8885e70e42a8501_-4190971815751803225.png using Guid(bcbb9cee7e6069d498617b1034ddc011) (TextureImporter) -> (artifact id: '5a2cbe8e215e37d54d2b89ae2b793ee3') in 0.0012271 seconds
Refreshing native plugins compatible for Editor in 0.00 ms, found 0 plugins.
Preloading 0 native plugins for Editor in 0.00 ms.
Asset Pipeline Refresh (id=e6b7b1efb0473144986a32bad9c50473): Total: 0.005 seconds - Initiated by StopAssetImportingV2(NoUpdateAssetOptions)
Start importing Assets/AreaBattle/Resources/Recovered/Outgame/Sprites/CAB-f0f8d5b2fe4fc0f1a8885e70e42a8501_-4190971815751803225.png using Guid(bcbb9cee7e6069d498617b1034ddc011) (TextureImporter) -> (artifact id: '5a2cbe8e215e37d54d2b89ae2b793ee3') in 0.0010802 seconds
Refreshing native plugins compatible for Editor in 0.00 ms, found 0 plugins.
Preloading 0 native plugins for Editor in 0.00 ms.
Asset Pipeline Refresh (id=984220f6edbb5e147ad82b302d7b4d65): Total: 0.005 seconds - Initiated by StopAssetImportingV2(NoUpdateAssetOptions)
Start importing Assets/AreaBattle/Resources/Recovered/Outgame/Sprites/CAB-f0f8d5b2fe4fc0f1a8885e70e42a8501_-8147587995661762371.png using Guid(09ed32306fc5095459b33c9250be855b) (TextureImporter) -> (artifact id: '21b325ede2e59364ba9ba2416747b6b3') in 0.0013838 seconds
Refreshing native plugins compatible for Editor in 0.00 ms, found 0 plugins.
Preloading 0 native plugins for Editor in 0.00 ms.
Asset Pipeline Refresh (id=42562360793a7c747809d6ac7cc2fabb): Total: 0.005 seconds - Initiated by StopAssetImportingV2(NoUpdateAssetOptions)
Start importing Assets/AreaBattle/Resources/Recovered/Outgame/Sprites/CAB-f0f8d5b2fe4fc0f1a8885e70e42a8501_-8147587995661762371.png using Guid(09ed32306fc5095459b33c9250be855b) (TextureImporter) -> (artifact id: '21b325ede2e59364ba9ba2416747b6b3') in 0.0012411 seconds
Refreshing native plugins compatible for Editor in 0.00 ms, found 0 plugins.
Preloading 0 native plugins for Editor in 0.00 ms.
Asset Pipeline Refresh (id=5362c838baf3c8642ac252ef4f4fec76): Total: 0.005 seconds - Initiated by StopAssetImportingV2(NoUpdateAssetOptions)
Start importing Assets/AreaBattle/Resources/Recovered/Outgame/Sprites/CAB-f0f8d5b2fe4fc0f1a8885e70e42a8501_2576256628631102858.png using Guid(743ce93c2a184b845bf491e11d067f21) (TextureImporter) -> (artifact id: 'c03d65a15d71477bea912f3cdce21fd7') in 0.0010523 seconds
Refreshing native plugins compatible for Editor in 0.00 ms, found 0 plugins.
Preloading 0 native plugins for Editor in 0.00 ms.
Asset Pipeline Refresh (id=9f7bb4de94b46274b87771c2452fc826): Total: 0.005 seconds - Initiated by StopAssetImportingV2(NoUpdateAssetOptions)
Start importing Assets/AreaBattle/Resources/Recovered/Outgame/Sprites/CAB-f0f8d5b2fe4fc0f1a8885e70e42a8501_2576256628631102858.png using Guid(743ce93c2a184b845bf491e11d067f21) (TextureImporter) -> (artifact id: 'c03d65a15d71477bea912f3cdce21fd7') in 0.0010157 seconds
Refreshing native plugins compatible for Editor in 0.00 ms, found 0 plugins.
Preloading 0 native plugins for Editor in 0.00 ms.
Asset Pipeline Refresh (id=b26b34981c33b304daabf408ba799c02): Total: 0.005 seconds - Initiated by StopAssetImportingV2(NoUpdateAssetOptions)
Start importing Assets/AreaBattle/Resources/Recovered/Outgame/Sprites/CAB-f0f8d5b2fe4fc0f1a8885e70e42a8501_-3623589188427250850.png using Guid(e6fff8bf9465390419354ec8724acb6f) (TextureImporter) -> (artifact id: '664fc1af58faa46076704994fb505a5e') in 0.0014483 seconds
Refreshing native plugins compatible for Editor in 0.00 ms, found 0 plugins.
Preloading 0 native plugins for Editor in 0.00 ms.
Asset Pipeline Refresh (id=0bb56f98fef2b6344b28124e1ba87d27): Total: 0.005 seconds - Initiated by StopAssetImportingV2(NoUpdateAssetOptions)
Start importing Assets/AreaBattle/Resources/Recovered/Outgame/Sprites/CAB-f0f8d5b2fe4fc0f1a8885e70e42a8501_-3623589188427250850.png using Guid(e6fff8bf9465390419354ec8724acb6f) (TextureImporter) -> (artifact id: '664fc1af58faa46076704994fb505a5e') in 0.0012766 seconds
Refreshing native plugins compatible for Editor in 0.00 ms, found 0 plugins.
Preloading 0 native plugins for Editor in 0.00 ms.
Asset Pipeline Refresh (id=f4de1ec01c46d904798ebf0021c5f70f): Total: 0.005 seconds - Initiated by StopAssetImportingV2(NoUpdateAssetOptions)
Start importing Assets/AreaBattle/Resources/Recovered/Outgame/Sprites/CAB-f0f8d5b2fe4fc0f1a8885e70e42a8501_3696405675083398568.png using Guid(7264472b5577dc344a53a9b4c1a4579f) (TextureImporter) -> (artifact id: 'dbeb8a56a470bdf062c3cb4e8ec8b893') in 0.0010131 seconds
Refreshing native plugins compatible for Editor in 0.00 ms, found 0 plugins.
Preloading 0 native plugins for Editor in 0.00 ms.
Asset Pipeline Refresh (id=8ba944a9ae7641040a70e961d546d23c): Total: 0.005 seconds - Initiated by StopAssetImportingV2(NoUpdateAssetOptions)
Start importing Assets/AreaBattle/Resources/Recovered/Outgame/Sprites/CAB-f0f8d5b2fe4fc0f1a8885e70e42a8501_3696405675083398568.png using Guid(7264472b5577dc344a53a9b4c1a4579f) (TextureImporter) -> (artifact id: 'dbeb8a56a470bdf062c3cb4e8ec8b893') in 0.0009018 seconds
Refreshing native plugins compatible for Editor in 0.00 ms, found 0 plugins.
Preloading 0 native plugins for Editor in 0.00 ms.
Asset Pipeline Refresh (id=b63821a11f023894e8aa824e870f5d2a): Total: 0.005 seconds - Initiated by StopAssetImportingV2(NoUpdateAssetOptions)
Start importing Assets/AreaBattle/Resources/Recovered/Outgame/Sprites/CAB-f0f8d5b2fe4fc0f1a8885e70e42a8501_-348770286549975147.png using Guid(c5ae69d1c802f084bb956650b82cae34) (TextureImporter) -> (artifact id: '0872ac9758e26419c380d6748b10cc0a') in 0.0014047 seconds
Refreshing native plugins compatible for Editor in 0.00 ms, found 0 plugins.
Preloading 0 native plugins for Editor in 0.00 ms.
Asset Pipeline Refresh (id=18af17b22d87dc34ebf1e0d8ce4a823c): Total: 0.005 seconds - Initiated by StopAssetImportingV2(NoUpdateAssetOptions)
Start importing Assets/AreaBattle/Resources/Recovered/Outgame/Sprites/CAB-f0f8d5b2fe4fc0f1a8885e70e42a8501_-348770286549975147.png using Guid(c5ae69d1c802f084bb956650b82cae34) (TextureImporter) -> (artifact id: '0872ac9758e26419c380d6748b10cc0a') in 0.0012117 seconds
Refreshing native plugins compatible for Editor in 0.00 ms, found 0 plugins.
Preloading 0 native plugins for Editor in 0.00 ms.
Asset Pipeline Refresh (id=f9d9159e39c986b4bb373313a52bddb0): Total: 0.005 seconds - Initiated by StopAssetImportingV2(NoUpdateAssetOptions)
Start importing Assets/AreaBattle/Resources/Recovered/Outgame/Sprites/CAB-f0f8d5b2fe4fc0f1a8885e70e42a8501_9131483636121848817.png using Guid(d950789c3f11b1442a9a68f1fe5d1fa4) (TextureImporter) -> (artifact id: '9daf9ea3ff3bbe089316ace3d74c9767') in 0.0013621 seconds
Refreshing native plugins compatible for Editor in 0.00 ms, found 0 plugins.
Preloading 0 native plugins for Editor in 0.00 ms.
Asset Pipeline Refresh (id=aa9fcc3217458f844aade842571bbe14): Total: 0.005 seconds - Initiated by StopAssetImportingV2(NoUpdateAssetOptions)
Start importing Assets/AreaBattle/Resources/Recovered/Outgame/Sprites/CAB-f0f8d5b2fe4fc0f1a8885e70e42a8501_9131483636121848817.png using Guid(d950789c3f11b1442a9a68f1fe5d1fa4) (TextureImporter) -> (artifact id: '9daf9ea3ff3bbe089316ace3d74c9767') in 0.0012665 seconds
Refreshing native plugins compatible for Editor in 0.00 ms, found 0 plugins.
Preloading 0 native plugins for Editor in 0.00 ms.
Asset Pipeline Refresh (id=de1c76a189c0721489d5a57a04eeb42e): Total: 0.005 seconds - Initiated by StopAssetImportingV2(NoUpdateAssetOptions)
Start importing Assets/AreaBattle/Resources/Recovered/Outgame/Sprites/CAB-f0f8d5b2fe4fc0f1a8885e70e42a8501_-6464198968836237136.png using Guid(d09c314dca8e9794babeb402cb625756) (TextureImporter) -> (artifact id: '388c107e107a1ec5e20234bae61b50bb') in 0.0013854 seconds
Refreshing native plugins compatible for Editor in 0.00 ms, found 0 plugins.
Preloading 0 native plugins for Editor in 0.00 ms.
Asset Pipeline Refresh (id=d9f6802c97b1b0246acfd8bf44f0bce2): Total: 0.005 seconds - Initiated by StopAssetImportingV2(NoUpdateAssetOptions)
Start importing Assets/AreaBattle/Resources/Recovered/Outgame/Sprites/CAB-f0f8d5b2fe4fc0f1a8885e70e42a8501_-6464198968836237136.png using Guid(d09c314dca8e9794babeb402cb625756) (TextureImporter) -> (artifact id: '388c107e107a1ec5e20234bae61b50bb') in 0.0012943 seconds
Refreshing native plugins compatible for Editor in 0.00 ms, found 0 plugins.
Preloading 0 native plugins for Editor in 0.00 ms.
Asset Pipeline Refresh (id=5dd234c3dd9acc04d83a37df62d9a9c1): Total: 0.005 seconds - Initiated by StopAssetImportingV2(NoUpdateAssetOptions)
Start importing Assets/AreaBattle/Resources/Recovered/Outgame/Sprites/CAB-f0f8d5b2fe4fc0f1a8885e70e42a8501_-7516614781153137808.png using Guid(450e208b7ec9a614b9b0d308f4701950) (TextureImporter) -> (artifact id: '5cda7df01f9d9a4ff6831d197e60303d') in 0.0014154 seconds
Refreshing native plugins compatible for Editor in 0.00 ms, found 0 plugins.
Preloading 0 native plugins for Editor in 0.00 ms.
Asset Pipeline Refresh (id=15211bb61ebc05f49aea6778fc58b6e8): Total: 0.005 seconds - Initiated by StopAssetImportingV2(NoUpdateAssetOptions)
Start importing Assets/AreaBattle/Resources/Recovered/Outgame/Sprites/CAB-f0f8d5b2fe4fc0f1a8885e70e42a8501_-7516614781153137808.png using Guid(450e208b7ec9a614b9b0d308f4701950) (TextureImporter) -> (artifact id: '5cda7df01f9d9a4ff6831d197e60303d') in 0.0013707 seconds
Refreshing native plugins compatible for Editor in 0.00 ms, found 0 plugins.
Preloading 0 native plugins for Editor in 0.00 ms.
Asset Pipeline Refresh (id=7832361ff735ce341837c37547120441): Total: 0.005 seconds - Initiated by StopAssetImportingV2(NoUpdateAssetOptions)
Start importing Assets/AreaBattle/Resources/Recovered/Outgame/Sprites/CAB-f0f8d5b2fe4fc0f1a8885e70e42a8501_-8268854209399839647.png using Guid(6fe10e633edcd874a8315bab5d4434fd) (TextureImporter) -> (artifact id: '6eeb4e899c71c405a87245eaa68fa4e9') in 0.0018753 seconds
Refreshing native plugins compatible for Editor in 0.00 ms, found 0 plugins.
Preloading 0 native plugins for Editor in 0.00 ms.
Asset Pipeline Refresh (id=82ac322cc3ee1c44b99945a6a51b0033): Total: 0.006 seconds - Initiated by StopAssetImportingV2(NoUpdateAssetOptions)
Start importing Assets/AreaBattle/Resources/Recovered/Outgame/Sprites/CAB-f0f8d5b2fe4fc0f1a8885e70e42a8501_-8268854209399839647.png using Guid(6fe10e633edcd874a8315bab5d4434fd) (TextureImporter) -> (artifact id: '6eeb4e899c71c405a87245eaa68fa4e9') in 0.0016823 seconds
Refreshing native plugins compatible for Editor in 0.00 ms, found 0 plugins.
Preloading 0 native plugins for Editor in 0.00 ms.
Asset Pipeline Refresh (id=c8a8dbf50260d044bb3c92e18decca27): Total: 0.006 seconds - Initiated by StopAssetImportingV2(NoUpdateAssetOptions)
Start importing Assets/AreaBattle/Resources/Recovered/Outgame/Sprites/CAB-f0f8d5b2fe4fc0f1a8885e70e42a8501_-2067149362258942805.png using Guid(8dc5b74c458f36840bdb657b0f167fa0) (TextureImporter) -> (artifact id: 'd2821e5626656e32043b6cbb4ba79710') in 0.0012327 seconds
Refreshing native plugins compatible for Editor in 0.00 ms, found 0 plugins.
Preloading 0 native plugins for Editor in 0.00 ms.
Asset Pipeline Refresh (id=92d6591e31c42a349947ddaf487d523e): Total: 0.005 seconds - Initiated by StopAssetImportingV2(NoUpdateAssetOptions)
Start importing Assets/AreaBattle/Resources/Recovered/Outgame/Sprites/CAB-f0f8d5b2fe4fc0f1a8885e70e42a8501_-2067149362258942805.png using Guid(8dc5b74c458f36840bdb657b0f167fa0) (TextureImporter) -> (artifact id: 'd2821e5626656e32043b6cbb4ba79710') in 0.0010922 seconds
Refreshing native plugins compatible for Editor in 0.00 ms, found 0 plugins.
Preloading 0 native plugins for Editor in 0.00 ms.
Asset Pipeline Refresh (id=0f6f56cfb5bcb9641a34493ee317615b): Total: 0.005 seconds - Initiated by StopAssetImportingV2(NoUpdateAssetOptions)
Start importing Assets/AreaBattle/Resources/Recovered/Outgame/Sprites/CAB-f0f8d5b2fe4fc0f1a8885e70e42a8501_6952676736400467469.png using Guid(83dea97fe4b0b03438232fc6e7d94130) (TextureImporter) -> (artifact id: 'efc2580f40c722b7e6b77b1b553e0b51') in 0.0020769 seconds
Refreshing native plugins compatible for Editor in 0.00 ms, found 0 plugins.
Preloading 0 native plugins for Editor in 0.00 ms.
Asset Pipeline Refresh (id=d81a95126234c4b4e9f44223c5f80d70): Total: 0.006 seconds - Initiated by StopAssetImportingV2(NoUpdateAssetOptions)
Start importing Assets/AreaBattle/Resources/Recovered/Outgame/Sprites/CAB-f0f8d5b2fe4fc0f1a8885e70e42a8501_6952676736400467469.png using Guid(83dea97fe4b0b03438232fc6e7d94130) (TextureImporter) -> (artifact id: 'efc2580f40c722b7e6b77b1b553e0b51') in 0.0018012 seconds
Refreshing native plugins compatible for Editor in 0.00 ms, found 0 plugins.
Preloading 0 native plugins for Editor in 0.00 ms.
Asset Pipeline Refresh (id=b19512ff7ab3a334d970064b751d81cd): Total: 0.006 seconds - Initiated by StopAssetImportingV2(NoUpdateAssetOptions)
Start importing Assets/AreaBattle/Resources/Recovered/Outgame/Sprites/CAB-f0f8d5b2fe4fc0f1a8885e70e42a8501_6229623910888829140.png using Guid(2490643b0e5018440813e01aed77cbdf) (TextureImporter) -> (artifact id: '8ae67139905415d6a7b997cd85f284b4') in 0.0014504 seconds
Refreshing native plugins compatible for Editor in 0.00 ms, found 0 plugins.
Preloading 0 native plugins for Editor in 0.00 ms.
Asset Pipeline Refresh (id=3d3f7679b6d97ef488f2b34a3d918c4c): Total: 0.005 seconds - Initiated by StopAssetImportingV2(NoUpdateAssetOptions)
Start importing Assets/AreaBattle/Resources/Recovered/Outgame/Sprites/CAB-f0f8d5b2fe4fc0f1a8885e70e42a8501_6229623910888829140.png using Guid(2490643b0e5018440813e01aed77cbdf) (TextureImporter) -> (artifact id: '8ae67139905415d6a7b997cd85f284b4') in 0.0013085 seconds
Refreshing native plugins compatible for Editor in 0.00 ms, found 0 plugins.
Preloading 0 native plugins for Editor in 0.00 ms.
Asset Pipeline Refresh (id=e1704697c39bd3142a467eb287a99ef6): Total: 0.005 seconds - Initiated by StopAssetImportingV2(NoUpdateAssetOptions)
Start importing Assets/AreaBattle/Resources/Recovered/Outgame/Sprites/CAB-f0f8d5b2fe4fc0f1a8885e70e42a8501_3372530375804971773.png using Guid(7d39a92eead093f409a4992dd088c0d9) (TextureImporter) -> (artifact id: 'd11764e5e3372b6c1a8f8e18aa266f67') in 0.0013799 seconds
Refreshing native plugins compatible for Editor in 0.00 ms, found 0 plugins.
Preloading 0 native plugins for Editor in 0.00 ms.
Asset Pipeline Refresh (id=9f7545da39d104e47b1021072fcfc1b4): Total: 0.005 seconds - Initiated by StopAssetImportingV2(NoUpdateAssetOptions)
Start importing Assets/AreaBattle/Resources/Recovered/Outgame/Sprites/CAB-f0f8d5b2fe4fc0f1a8885e70e42a8501_3372530375804971773.png using Guid(7d39a92eead093f409a4992dd088c0d9) (TextureImporter) -> (artifact id: 'd11764e5e3372b6c1a8f8e18aa266f67') in 0.0013103 seconds
Refreshing native plugins compatible for Editor in 0.00 ms, found 0 plugins.
Preloading 0 native plugins for Editor in 0.00 ms.
Asset Pipeline Refresh (id=94eaf03c2d66c0a4e99c95811fd4ff96): Total: 0.005 seconds - Initiated by StopAssetImportingV2(NoUpdateAssetOptions)
Start importing Assets/AreaBattle/Resources/Recovered/Outgame/Sprites/CAB-f0f8d5b2fe4fc0f1a8885e70e42a8501_-1223995402157906996.png using Guid(086ff4e32b3c6594fb534e61ffa5dead) (TextureImporter) -> (artifact id: '62dfda21a307e96f5fb45894bb82fd13') in 0.0011682 seconds
Refreshing native plugins compatible for Editor in 0.00 ms, found 0 plugins.
Preloading 0 native plugins for Editor in 0.00 ms.
Asset Pipeline Refresh (id=d8de0d946d0a95d4490d1efa9d62f80a): Total: 0.005 seconds - Initiated by StopAssetImportingV2(NoUpdateAssetOptions)
Start importing Assets/AreaBattle/Resources/Recovered/Outgame/Sprites/CAB-f0f8d5b2fe4fc0f1a8885e70e42a8501_-1223995402157906996.png using Guid(086ff4e32b3c6594fb534e61ffa5dead) (TextureImporter) -> (artifact id: '62dfda21a307e96f5fb45894bb82fd13') in 0.0011293 seconds
Refreshing native plugins compatible for Editor in 0.00 ms, found 0 plugins.
Preloading 0 native plugins for Editor in 0.00 ms.
Asset Pipeline Refresh (id=ae7cfde6e418a774eb222f849e235ddd): Total: 0.006 seconds - Initiated by StopAssetImportingV2(NoUpdateAssetOptions)
Start importing Assets/AreaBattle/Resources/Recovered/Outgame/Sprites/CAB-f0f8d5b2fe4fc0f1a8885e70e42a8501_124909757567743544.png using Guid(5079c846e78e9fe47b25cf02a783686d) (TextureImporter) -> (artifact id: '2204cd95293961ae882737383580dd08') in 0.0014089 seconds
Refreshing native plugins compatible for Editor in 0.00 ms, found 0 plugins.
Preloading 0 native plugins for Editor in 0.00 ms.
Asset Pipeline Refresh (id=9226e1f12da528643bb90ee66c913920): Total: 0.005 seconds - Initiated by StopAssetImportingV2(NoUpdateAssetOptions)
Start importing Assets/AreaBattle/Resources/Recovered/Outgame/Sprites/CAB-f0f8d5b2fe4fc0f1a8885e70e42a8501_124909757567743544.png using Guid(5079c846e78e9fe47b25cf02a783686d) (TextureImporter) -> (artifact id: '2204cd95293961ae882737383580dd08') in 0.0009785 seconds
Refreshing native plugins compatible for Editor in 0.00 ms, found 0 plugins.
Preloading 0 native plugins for Editor in 0.00 ms.
Asset Pipeline Refresh (id=94261e2e8a054aa41a3323eddda96d72): Total: 0.005 seconds - Initiated by StopAssetImportingV2(NoUpdateAssetOptions)
Start importing Assets/AreaBattle/Resources/Recovered/Outgame/Sprites/CAB-f0f8d5b2fe4fc0f1a8885e70e42a8501_378101818839556220.png using Guid(fe49dccf8c5ef7044b2bbd304b4b7eeb) (TextureImporter) -> (artifact id: '91d66b063eb9594f9e2f6c4c5f36019c') in 0.0015361 seconds
Refreshing native plugins compatible for Editor in 0.00 ms, found 0 plugins.
Preloading 0 native plugins for Editor in 0.00 ms.
Asset Pipeline Refresh (id=3be64a544507b3846ac9a10c835276b0): Total: 0.006 seconds - Initiated by StopAssetImportingV2(NoUpdateAssetOptions)
Start importing Assets/AreaBattle/Resources/Recovered/Outgame/Sprites/CAB-f0f8d5b2fe4fc0f1a8885e70e42a8501_378101818839556220.png using Guid(fe49dccf8c5ef7044b2bbd304b4b7eeb) (TextureImporter) -> (artifact id: '91d66b063eb9594f9e2f6c4c5f36019c') in 0.0013422 seconds
Refreshing native plugins compatible for Editor in 0.00 ms, found 0 plugins.
Preloading 0 native plugins for Editor in 0.00 ms.
Asset Pipeline Refresh (id=0dd88390a9a0a3447804f1c2d2a798f2): Total: 0.006 seconds - Initiated by StopAssetImportingV2(NoUpdateAssetOptions)
Start importing Assets/AreaBattle/Resources/Recovered/Outgame/Sprites/CAB-f0f8d5b2fe4fc0f1a8885e70e42a8501_2781641492661961641.png using Guid(621f9d7227648f94a8afd5fb01f54855) (TextureImporter) -> (artifact id: '7f976e7f3749e0d40923321d9f466c8b') in 0.0019977 seconds
Refreshing native plugins compatible for Editor in 0.00 ms, found 0 plugins.
Preloading 0 native plugins for Editor in 0.00 ms.
Asset Pipeline Refresh (id=4c556769ee6ba304a9d345d6da80e03a): Total: 0.008 seconds - Initiated by StopAssetImportingV2(NoUpdateAssetOptions)
Start importing Assets/AreaBattle/Resources/Recovered/Outgame/Sprites/CAB-f0f8d5b2fe4fc0f1a8885e70e42a8501_2781641492661961641.png using Guid(621f9d7227648f94a8afd5fb01f54855) (TextureImporter) -> (artifact id: '7f976e7f3749e0d40923321d9f466c8b') in 0.0015654 seconds
Refreshing native plugins compatible for Editor in 0.00 ms, found 0 plugins.
Preloading 0 native plugins for Editor in 0.00 ms.
Asset Pipeline Refresh (id=db3fe511f0cdf244798f3aaf5f5e04c1): Total: 0.006 seconds - Initiated by StopAssetImportingV2(NoUpdateAssetOptions)
Start importing Assets/AreaBattle/Resources/Recovered/Outgame/Sprites/CAB-792f0579f07cf3d654eb47fd5e973bca_-8268854209399839647.png using Guid(dc43bd5bf24f2b84c8a78cb7825c003e) (TextureImporter) -> (artifact id: '9691523e03d3fffdc401d54db5d40199') in 0.0019686 seconds
Refreshing native plugins compatible for Editor in 0.00 ms, found 0 plugins.
Preloading 0 native plugins for Editor in 0.00 ms.
Asset Pipeline Refresh (id=9305ab4f30454ca4ab4d76f242557bf0): Total: 0.006 seconds - Initiated by StopAssetImportingV2(NoUpdateAssetOptions)
Start importing Assets/AreaBattle/Resources/Recovered/Outgame/Sprites/CAB-792f0579f07cf3d654eb47fd5e973bca_-8268854209399839647.png using Guid(dc43bd5bf24f2b84c8a78cb7825c003e) (TextureImporter) -> (artifact id: '9691523e03d3fffdc401d54db5d40199') in 0.0019411 seconds
Refreshing native plugins compatible for Editor in 0.00 ms, found 0 plugins.
Preloading 0 native plugins for Editor in 0.00 ms.
Asset Pipeline Refresh (id=49baa77dfd94144499054d95585b77f3): Total: 0.007 seconds - Initiated by StopAssetImportingV2(NoUpdateAssetOptions)
Start importing Assets/AreaBattle/Resources/Recovered/Outgame/Sprites/CAB-792f0579f07cf3d654eb47fd5e973bca_-8491785715132141081.png using Guid(ae613a41fb4c91644869e3de510086ee) (TextureImporter) -> (artifact id: '85422e516421278919a214d4f7d8d2d0') in 0.0013906 seconds
Refreshing native plugins compatible for Editor in 0.00 ms, found 0 plugins.
Preloading 0 native plugins for Editor in 0.00 ms.
Asset Pipeline Refresh (id=845b6f93b44ef6d459320589d88583ab): Total: 0.006 seconds - Initiated by StopAssetImportingV2(NoUpdateAssetOptions)
Start importing Assets/AreaBattle/Resources/Recovered/Outgame/Sprites/CAB-792f0579f07cf3d654eb47fd5e973bca_-8491785715132141081.png using Guid(ae613a41fb4c91644869e3de510086ee) (TextureImporter) -> (artifact id: '85422e516421278919a214d4f7d8d2d0') in 0.0012462 seconds
Refreshing native plugins compatible for Editor in 0.00 ms, found 0 plugins.
Preloading 0 native plugins for Editor in 0.00 ms.
Asset Pipeline Refresh (id=8e4fd5a946b8b804ba8501f74be535d6): Total: 0.006 seconds - Initiated by StopAssetImportingV2(NoUpdateAssetOptions)
Start importing Assets/AreaBattle/Resources/Recovered/Outgame/Sprites/CAB-792f0579f07cf3d654eb47fd5e973bca_6229623910888829140.png using Guid(51edf4e91a45dc745ba3f427d0770f9f) (TextureImporter) -> (artifact id: '3c5dd0883a5a12f2785bba0e1c1ba6a8') in 0.001485 seconds
Refreshing native plugins compatible for Editor in 0.00 ms, found 0 plugins.
Preloading 0 native plugins for Editor in 0.00 ms.
Asset Pipeline Refresh (id=68325e621ee8c9d48a6b9f2c9641e75b): Total: 0.006 seconds - Initiated by StopAssetImportingV2(NoUpdateAssetOptions)
Start importing Assets/AreaBattle/Resources/Recovered/Outgame/Sprites/CAB-792f0579f07cf3d654eb47fd5e973bca_6229623910888829140.png using Guid(51edf4e91a45dc745ba3f427d0770f9f) (TextureImporter) -> (artifact id: '3c5dd0883a5a12f2785bba0e1c1ba6a8') in 0.0014391 seconds
Refreshing native plugins compatible for Editor in 0.00 ms, found 0 plugins.
Preloading 0 native plugins for Editor in 0.00 ms.
Asset Pipeline Refresh (id=2e32275de5612bf41a0303b76aeb57da): Total: 0.007 seconds - Initiated by StopAssetImportingV2(NoUpdateAssetOptions)
Start importing Assets/AreaBattle/Resources/Recovered/Outgame/Sprites/CAB-792f0579f07cf3d654eb47fd5e973bca_3372530375804971773.png using Guid(04d422219df432e4a830b98b0a089a42) (TextureImporter) -> (artifact id: 'e5c3400a5e542297eea684ee3a6ae696') in 0.0016523 seconds
Refreshing native plugins compatible for Editor in 0.00 ms, found 0 plugins.
Preloading 0 native plugins for Editor in 0.00 ms.
Asset Pipeline Refresh (id=10376922f854b9946a65c026aa12e96d): Total: 0.008 seconds - Initiated by StopAssetImportingV2(NoUpdateAssetOptions)
Start importing Assets/AreaBattle/Resources/Recovered/Outgame/Sprites/CAB-792f0579f07cf3d654eb47fd5e973bca_3372530375804971773.png using Guid(04d422219df432e4a830b98b0a089a42) (TextureImporter) -> (artifact id: 'e5c3400a5e542297eea684ee3a6ae696') in 0.0013903 seconds
Refreshing native plugins compatible for Editor in 0.00 ms, found 0 plugins.
Preloading 0 native plugins for Editor in 0.00 ms.
Asset Pipeline Refresh (id=f0c8d54254bcfb64a8e6ddd8613225df): Total: 0.006 seconds - Initiated by StopAssetImportingV2(NoUpdateAssetOptions)
Start importing Assets/AreaBattle/Resources/Recovered/Outgame/Sprites/CAB-792f0579f07cf3d654eb47fd5e973bca_-1369224774640354895.png using Guid(f0db5e8ba0c95174b92d60ff70880795) (TextureImporter) -> (artifact id: 'e45725236f5c2e214798581500b1c2ed') in 0.0013064 seconds
Refreshing native plugins compatible for Editor in 0.00 ms, found 0 plugins.
Preloading 0 native plugins for Editor in 0.00 ms.
Asset Pipeline Refresh (id=cfb4adb5d69ba834d8a0361290d49190): Total: 0.005 seconds - Initiated by StopAssetImportingV2(NoUpdateAssetOptions)
Start importing Assets/AreaBattle/Resources/Recovered/Outgame/Sprites/CAB-792f0579f07cf3d654eb47fd5e973bca_-1369224774640354895.png using Guid(f0db5e8ba0c95174b92d60ff70880795) (TextureImporter) -> (artifact id: 'e45725236f5c2e214798581500b1c2ed') in 0.0013536 seconds
Refreshing native plugins compatible for Editor in 0.00 ms, found 0 plugins.
Preloading 0 native plugins for Editor in 0.00 ms.
Asset Pipeline Refresh (id=272a2b966ba57ad4f9332c0f5698e7fd): Total: 0.005 seconds - Initiated by StopAssetImportingV2(NoUpdateAssetOptions)
Start importing Assets/AreaBattle/Resources/Recovered/Outgame/Sprites/CAB-792f0579f07cf3d654eb47fd5e973bca_8644708904588595427.png using Guid(c86c1ac5429e9a84db7159ed9d67e481) (TextureImporter) -> (artifact id: '5a579835c4247ff82a69128abfefb2ef') in 0.0014708 seconds
Refreshing native plugins compatible for Editor in 0.00 ms, found 0 plugins.
Preloading 0 native plugins for Editor in 0.00 ms.
Asset Pipeline Refresh (id=30087852c2224914cbc7c4f7cce0f7cf): Total: 0.005 seconds - Initiated by StopAssetImportingV2(NoUpdateAssetOptions)
Start importing Assets/AreaBattle/Resources/Recovered/Outgame/Sprites/CAB-792f0579f07cf3d654eb47fd5e973bca_8644708904588595427.png using Guid(c86c1ac5429e9a84db7159ed9d67e481) (TextureImporter) -> (artifact id: '5a579835c4247ff82a69128abfefb2ef') in 0.0013758 seconds
Refreshing native plugins compatible for Editor in 0.00 ms, found 0 plugins.
Preloading 0 native plugins for Editor in 0.00 ms.
Asset Pipeline Refresh (id=6f614f2a8248d7c4e8f2c911640e5394): Total: 0.005 seconds - Initiated by StopAssetImportingV2(NoUpdateAssetOptions)
Start importing Assets/AreaBattle/Resources/Recovered/Outgame/Sprites/CAB-792f0579f07cf3d654eb47fd5e973bca_-3270020870131735180.png using Guid(622c070116d43de45b16e5f21522eff2) (TextureImporter) -> (artifact id: '0509106635ccd3ea15192fc8fe39e8f8') in 0.0010579 seconds
Refreshing native plugins compatible for Editor in 0.00 ms, found 0 plugins.
Preloading 0 native plugins for Editor in 0.00 ms.
Asset Pipeline Refresh (id=e263a1671352bf944b4f26fcac3c6e16): Total: 0.005 seconds - Initiated by StopAssetImportingV2(NoUpdateAssetOptions)
Start importing Assets/AreaBattle/Resources/Recovered/Outgame/Sprites/CAB-792f0579f07cf3d654eb47fd5e973bca_-3270020870131735180.png using Guid(622c070116d43de45b16e5f21522eff2) (TextureImporter) -> (artifact id: '0509106635ccd3ea15192fc8fe39e8f8') in 0.001027 seconds
Refreshing native plugins compatible for Editor in 0.00 ms, found 0 plugins.
Preloading 0 native plugins for Editor in 0.00 ms.
Asset Pipeline Refresh (id=cd1cf71e31cdec84cae3f9ef1676e28d): Total: 0.005 seconds - Initiated by StopAssetImportingV2(NoUpdateAssetOptions)
Start importing Assets/AreaBattle/Resources/Recovered/Outgame/Sprites/CAB-792f0579f07cf3d654eb47fd5e973bca_3862123323063758616.png using Guid(2004a9fa7dd68f84ba5ce82d43432f3c) (TextureImporter) -> (artifact id: '173d47117e9aa45cb1db054881d31b0d') in 0.0021067 seconds
Refreshing native plugins compatible for Editor in 0.00 ms, found 0 plugins.
Preloading 0 native plugins for Editor in 0.00 ms.
Asset Pipeline Refresh (id=eb1d3c1c75f1c0646a788234efefd29b): Total: 0.006 seconds - Initiated by StopAssetImportingV2(NoUpdateAssetOptions)
Start importing Assets/AreaBattle/Resources/Recovered/Outgame/Sprites/CAB-792f0579f07cf3d654eb47fd5e973bca_3862123323063758616.png using Guid(2004a9fa7dd68f84ba5ce82d43432f3c) (TextureImporter) -> (artifact id: '173d47117e9aa45cb1db054881d31b0d') in 0.0018325 seconds
Refreshing native plugins compatible for Editor in 0.00 ms, found 0 plugins.
Preloading 0 native plugins for Editor in 0.00 ms.
Asset Pipeline Refresh (id=0ab94b2f9bb64a542bd7e0bd4130821f): Total: 0.006 seconds - Initiated by StopAssetImportingV2(NoUpdateAssetOptions)
Start importing Assets/AreaBattle/Resources/Recovered/Outgame/Sprites/CAB-792f0579f07cf3d654eb47fd5e973bca_6869634117025106477.png using Guid(44ae15a1f593c7b4ab4410bcc050ac5e) (TextureImporter) -> (artifact id: '1fbb3c316f28d43f2037847dcfe22edc') in 0.0010839 seconds
Refreshing native plugins compatible for Editor in 0.00 ms, found 0 plugins.
Preloading 0 native plugins for Editor in 0.00 ms.
Asset Pipeline Refresh (id=5d2cea43dff153c4bb963a256b788fe0): Total: 0.005 seconds - Initiated by StopAssetImportingV2(NoUpdateAssetOptions)
Start importing Assets/AreaBattle/Resources/Recovered/Outgame/Sprites/CAB-792f0579f07cf3d654eb47fd5e973bca_6869634117025106477.png using Guid(44ae15a1f593c7b4ab4410bcc050ac5e) (TextureImporter) -> (artifact id: '1fbb3c316f28d43f2037847dcfe22edc') in 0.0009397 seconds
Refreshing native plugins compatible for Editor in 0.00 ms, found 0 plugins.
Preloading 0 native plugins for Editor in 0.00 ms.
Asset Pipeline Refresh (id=e409e8de3946f0743b5091c0d5e20dd0): Total: 0.005 seconds - Initiated by StopAssetImportingV2(NoUpdateAssetOptions)
Start importing Assets/AreaBattle/Resources/Recovered/Outgame/Sprites/CAB-792f0579f07cf3d654eb47fd5e973bca_-2578327374364977313.png using Guid(751783c52c5a91d48a37cb4310895b35) (TextureImporter) -> (artifact id: 'e43e4f953d447dc2aeaeecc5fb898ddb') in 0.0011804 seconds
Refreshing native plugins compatible for Editor in 0.00 ms, found 0 plugins.
Preloading 0 native plugins for Editor in 0.00 ms.
Asset Pipeline Refresh (id=c06e1c2f795665247ba9a66b755a48fa): Total: 0.005 seconds - Initiated by StopAssetImportingV2(NoUpdateAssetOptions)
Start importing Assets/AreaBattle/Resources/Recovered/Outgame/Sprites/CAB-792f0579f07cf3d654eb47fd5e973bca_-2578327374364977313.png using Guid(751783c52c5a91d48a37cb4310895b35) (TextureImporter) -> (artifact id: 'e43e4f953d447dc2aeaeecc5fb898ddb') in 0.0009406 seconds
Refreshing native plugins compatible for Editor in 0.00 ms, found 0 plugins.
Preloading 0 native plugins for Editor in 0.00 ms.
Asset Pipeline Refresh (id=e7271641977168b489ac27009a454692): Total: 0.005 seconds - Initiated by StopAssetImportingV2(NoUpdateAssetOptions)
Start importing Assets/AreaBattle/Resources/Recovered/Outgame/Sprites/CAB-792f0579f07cf3d654eb47fd5e973bca_-2067149362258942805.png using Guid(d810b193819f8e643a27e856da5e93b8) (TextureImporter) -> (artifact id: 'f783d06f365e5f145f29696757a5c6c1') in 0.0012277 seconds
Refreshing native plugins compatible for Editor in 0.00 ms, found 0 plugins.
Preloading 0 native plugins for Editor in 0.00 ms.
Asset Pipeline Refresh (id=fc77087172e080643bfc7aaf7afcdb7c): Total: 0.005 seconds - Initiated by StopAssetImportingV2(NoUpdateAssetOptions)
Start importing Assets/AreaBattle/Resources/Recovered/Outgame/Sprites/CAB-792f0579f07cf3d654eb47fd5e973bca_-2067149362258942805.png using Guid(d810b193819f8e643a27e856da5e93b8) (TextureImporter) -> (artifact id: 'f783d06f365e5f145f29696757a5c6c1') in 0.0011168 seconds
Refreshing native plugins compatible for Editor in 0.00 ms, found 0 plugins.
Preloading 0 native plugins for Editor in 0.00 ms.
Asset Pipeline Refresh (id=3802e1e1817b4fb41a3a69c39c215cc1): Total: 0.005 seconds - Initiated by StopAssetImportingV2(NoUpdateAssetOptions)
Start importing Assets/AreaBattle/Resources/Recovered/Outgame/Sprites/CAB-792f0579f07cf3d654eb47fd5e973bca_-4651854222152240779.png using Guid(ef3eb63138dc8ca498c9646875d2ddb9) (TextureImporter) -> (artifact id: '1824a9460aa67be330eeadbfe0246bc9') in 0.0018637 seconds
Refreshing native plugins compatible for Editor in 0.00 ms, found 0 plugins.
Preloading 0 native plugins for Editor in 0.00 ms.
Asset Pipeline Refresh (id=b816a2472c446064592a802536e9beaa): Total: 0.006 seconds - Initiated by StopAssetImportingV2(NoUpdateAssetOptions)
Start importing Assets/AreaBattle/Resources/Recovered/Outgame/Sprites/CAB-792f0579f07cf3d654eb47fd5e973bca_-4651854222152240779.png using Guid(ef3eb63138dc8ca498c9646875d2ddb9) (TextureImporter) -> (artifact id: '1824a9460aa67be330eeadbfe0246bc9') in 0.0019644 seconds
Refreshing native plugins compatible for Editor in 0.00 ms, found 0 plugins.
Preloading 0 native plugins for Editor in 0.00 ms.
Asset Pipeline Refresh (id=e4ac87c1fe4e7324490ab84abefc64b2): Total: 0.006 seconds - Initiated by StopAssetImportingV2(NoUpdateAssetOptions)
Start importing Assets/AreaBattle/Resources/Recovered/Outgame/Sprites/CAB-792f0579f07cf3d654eb47fd5e973bca_-1042852370368342660.png using Guid(63d15c7545c683645a347d99a5c59edf) (TextureImporter) -> (artifact id: '0da9e4843bc141119a78bf43cfa6cc57') in 0.0018235 seconds
Refreshing native plugins compatible for Editor in 0.00 ms, found 0 plugins.
Preloading 0 native plugins for Editor in 0.00 ms.
Asset Pipeline Refresh (id=d755853816937614d8bca6ad1c343c45): Total: 0.006 seconds - Initiated by StopAssetImportingV2(NoUpdateAssetOptions)
Start importing Assets/AreaBattle/Resources/Recovered/Outgame/Sprites/CAB-792f0579f07cf3d654eb47fd5e973bca_-1042852370368342660.png using Guid(63d15c7545c683645a347d99a5c59edf) (TextureImporter) -> (artifact id: '0da9e4843bc141119a78bf43cfa6cc57') in 0.0017234 seconds
Refreshing native plugins compatible for Editor in 0.00 ms, found 0 plugins.
Preloading 0 native plugins for Editor in 0.00 ms.
Asset Pipeline Refresh (id=fcc414feca462f14db02450840076abb): Total: 0.006 seconds - Initiated by StopAssetImportingV2(NoUpdateAssetOptions)
Start importing Assets/AreaBattle/Resources/Recovered/Outgame/Sprites/CAB-792f0579f07cf3d654eb47fd5e973bca_-54688832347557179.png using Guid(59cb81fbc471f374f9ed81d5a59c5d0a) (TextureImporter) -> (artifact id: '0f7ab6a9da0116999a65babf7882bbbb') in 0.0017861 seconds
Refreshing native plugins compatible for Editor in 0.00 ms, found 0 plugins.
Preloading 0 native plugins for Editor in 0.00 ms.
Asset Pipeline Refresh (id=73a77efbc9010f1409879c41f660447b): Total: 0.006 seconds - Initiated by StopAssetImportingV2(NoUpdateAssetOptions)
Start importing Assets/AreaBattle/Resources/Recovered/Outgame/Sprites/CAB-792f0579f07cf3d654eb47fd5e973bca_-54688832347557179.png using Guid(59cb81fbc471f374f9ed81d5a59c5d0a) (TextureImporter) -> (artifact id: '0f7ab6a9da0116999a65babf7882bbbb') in 0.0015629 seconds
Refreshing native plugins compatible for Editor in 0.00 ms, found 0 plugins.
Preloading 0 native plugins for Editor in 0.00 ms.
Asset Pipeline Refresh (id=8920cf97911b53248b4dbe945d15a032): Total: 0.006 seconds - Initiated by StopAssetImportingV2(NoUpdateAssetOptions)
Start importing Assets/AreaBattle/Resources/Recovered/Outgame/Sprites/CAB-792f0579f07cf3d654eb47fd5e973bca_-8250335245719486828.png using Guid(0a95ee133b5073544b06b0a9f29b4512) (TextureImporter) -> (artifact id: 'ca41ba40c3f262c744928ee64923613d') in 0.0023183 seconds
Refreshing native plugins compatible for Editor in 0.00 ms, found 0 plugins.
Preloading 0 native plugins for Editor in 0.00 ms.
Asset Pipeline Refresh (id=3b4ae20319c88b849a501df2eed82903): Total: 0.007 seconds - Initiated by StopAssetImportingV2(NoUpdateAssetOptions)
Start importing Assets/AreaBattle/Resources/Recovered/Outgame/Sprites/CAB-792f0579f07cf3d654eb47fd5e973bca_-8250335245719486828.png using Guid(0a95ee133b5073544b06b0a9f29b4512) (TextureImporter) -> (artifact id: 'ca41ba40c3f262c744928ee64923613d') in 0.0018643 seconds
Refreshing native plugins compatible for Editor in 0.00 ms, found 0 plugins.
Preloading 0 native plugins for Editor in 0.00 ms.
Asset Pipeline Refresh (id=2d59f690f9db68d4bb77fd6f0c1363bb): Total: 0.007 seconds - Initiated by StopAssetImportingV2(NoUpdateAssetOptions)
Start importing Assets/AreaBattle/Resources/Recovered/Outgame/Sprites/CAB-792f0579f07cf3d654eb47fd5e973bca_-6932470282978226757.png using Guid(3600f4969d051324cb3c14ef20472f49) (TextureImporter) -> (artifact id: '0740ce2c92001e3c839f25cd1757fe1e') in 0.0012279 seconds
Refreshing native plugins compatible for Editor in 0.00 ms, found 0 plugins.
Preloading 0 native plugins for Editor in 0.00 ms.
Asset Pipeline Refresh (id=a04fed5b6361d7c42bf5b405f82ca3a8): Total: 0.005 seconds - Initiated by StopAssetImportingV2(NoUpdateAssetOptions)
Start importing Assets/AreaBattle/Resources/Recovered/Outgame/Sprites/CAB-792f0579f07cf3d654eb47fd5e973bca_-6932470282978226757.png using Guid(3600f4969d051324cb3c14ef20472f49) (TextureImporter) -> (artifact id: '0740ce2c92001e3c839f25cd1757fe1e') in 0.0010325 seconds
Refreshing native plugins compatible for Editor in 0.00 ms, found 0 plugins.
Preloading 0 native plugins for Editor in 0.00 ms.
Asset Pipeline Refresh (id=8d31593ac19cdb94f8f3fd1849a3061c): Total: 0.005 seconds - Initiated by StopAssetImportingV2(NoUpdateAssetOptions)
Start importing Assets/AreaBattle/Resources/Recovered/Outgame/Sprites/CAB-792f0579f07cf3d654eb47fd5e973bca_-2320101112833093935.png using Guid(c477b2c074242d344be56bf4efe1cb62) (TextureImporter) -> (artifact id: '1e233f73d7361a6cda9d17c86521318a') in 0.0012282 seconds
Refreshing native plugins compatible for Editor in 0.00 ms, found 0 plugins.
Preloading 0 native plugins for Editor in 0.00 ms.
Asset Pipeline Refresh (id=ae31c5a72d5b2084dbda89826b9e513a): Total: 0.005 seconds - Initiated by StopAssetImportingV2(NoUpdateAssetOptions)
Start importing Assets/AreaBattle/Resources/Recovered/Outgame/Sprites/CAB-792f0579f07cf3d654eb47fd5e973bca_-2320101112833093935.png using Guid(c477b2c074242d344be56bf4efe1cb62) (TextureImporter) -> (artifact id: '1e233f73d7361a6cda9d17c86521318a') in 0.0010497 seconds
Refreshing native plugins compatible for Editor in 0.00 ms, found 0 plugins.
Preloading 0 native plugins for Editor in 0.00 ms.
Asset Pipeline Refresh (id=66e2c76df8cb3c343bce9777251f7b00): Total: 0.005 seconds - Initiated by StopAssetImportingV2(NoUpdateAssetOptions)
Start importing Assets/AreaBattle/Resources/Recovered/Outgame/Sprites/CAB-792f0579f07cf3d654eb47fd5e973bca_-2862215400734914101.png using Guid(e0e618144cbc52c4599af251c6bcc6ed) (TextureImporter) -> (artifact id: '11d551d984c00c6ff41dac2e2195d2aa') in 0.0015258 seconds
Refreshing native plugins compatible for Editor in 0.00 ms, found 0 plugins.
Preloading 0 native plugins for Editor in 0.00 ms.
Asset Pipeline Refresh (id=74d0b8b7073eb7844857d346d1ae42ba): Total: 0.006 seconds - Initiated by StopAssetImportingV2(NoUpdateAssetOptions)
Start importing Assets/AreaBattle/Resources/Recovered/Outgame/Sprites/CAB-792f0579f07cf3d654eb47fd5e973bca_-2862215400734914101.png using Guid(e0e618144cbc52c4599af251c6bcc6ed) (TextureImporter) -> (artifact id: '11d551d984c00c6ff41dac2e2195d2aa') in 0.0014232 seconds
Refreshing native plugins compatible for Editor in 0.00 ms, found 0 plugins.
Preloading 0 native plugins for Editor in 0.00 ms.
Asset Pipeline Refresh (id=3311418c28e6ef140a66bfa63ce05c74): Total: 0.006 seconds - Initiated by StopAssetImportingV2(NoUpdateAssetOptions)
Start importing Assets/AreaBattle/Resources/Recovered/Outgame/Sprites/CAB-792f0579f07cf3d654eb47fd5e973bca_1986910754986718624.png using Guid(0e933bd379e9fc146ac6f42657ab8c71) (TextureImporter) -> (artifact id: 'dcaccd8c5147198807afcf04f08809aa') in 0.0014294 seconds
Refreshing native plugins compatible for Editor in 0.00 ms, found 0 plugins.
Preloading 0 native plugins for Editor in 0.00 ms.
Asset Pipeline Refresh (id=a11bdbde85e9b2b4c862f49f62843dbd): Total: 0.006 seconds - Initiated by StopAssetImportingV2(NoUpdateAssetOptions)
Start importing Assets/AreaBattle/Resources/Recovered/Outgame/Sprites/CAB-792f0579f07cf3d654eb47fd5e973bca_1986910754986718624.png using Guid(0e933bd379e9fc146ac6f42657ab8c71) (TextureImporter) -> (artifact id: 'dcaccd8c5147198807afcf04f08809aa') in 0.0011996 seconds
Refreshing native plugins compatible for Editor in 0.00 ms, found 0 plugins.
Preloading 0 native plugins for Editor in 0.00 ms.
Asset Pipeline Refresh (id=d96ed7f2af17d8d4aade1090db41d2ed): Total: 0.005 seconds - Initiated by StopAssetImportingV2(NoUpdateAssetOptions)
Start importing Assets/AreaBattle/Resources/Recovered/Outgame/Sprites/CAB-792f0579f07cf3d654eb47fd5e973bca_263898519105650310.png using Guid(48578c0884bfd0e44afa6c7667ddb874) (TextureImporter) -> (artifact id: '3f71a7339a443000665e0aadfdb8b40f') in 0.0011648 seconds
Refreshing native plugins compatible for Editor in 0.00 ms, found 0 plugins.
Preloading 0 native plugins for Editor in 0.00 ms.
Asset Pipeline Refresh (id=10df3a3017758cd4a872ee2103bc005d): Total: 0.005 seconds - Initiated by StopAssetImportingV2(NoUpdateAssetOptions)
Start importing Assets/AreaBattle/Resources/Recovered/Outgame/Sprites/CAB-792f0579f07cf3d654eb47fd5e973bca_263898519105650310.png using Guid(48578c0884bfd0e44afa6c7667ddb874) (TextureImporter) -> (artifact id: '3f71a7339a443000665e0aadfdb8b40f') in 0.0009985 seconds
Refreshing native plugins compatible for Editor in 0.00 ms, found 0 plugins.
Preloading 0 native plugins for Editor in 0.00 ms.
Asset Pipeline Refresh (id=8c5a554687488ff4aafd714234a4da1d): Total: 0.005 seconds - Initiated by StopAssetImportingV2(NoUpdateAssetOptions)
Start importing Assets/AreaBattle/Resources/Recovered/Outgame/Sprites/CAB-792f0579f07cf3d654eb47fd5e973bca_1139914524574156363.png using Guid(c9eaa4352f322024faa7a897362ee1df) (TextureImporter) -> (artifact id: '6ed24c2eee13460e66e9f140f4901722') in 0.0046054 seconds
Refreshing native plugins compatible for Editor in 0.00 ms, found 0 plugins.
Preloading 0 native plugins for Editor in 0.00 ms.
Asset Pipeline Refresh (id=c77815e4fc20b6f43ae522c4b3dc3842): Total: 0.008 seconds - Initiated by StopAssetImportingV2(NoUpdateAssetOptions)
Start importing Assets/AreaBattle/Resources/Recovered/Outgame/Sprites/CAB-792f0579f07cf3d654eb47fd5e973bca_1139914524574156363.png using Guid(c9eaa4352f322024faa7a897362ee1df) (TextureImporter) -> (artifact id: '6ed24c2eee13460e66e9f140f4901722') in 0.0043245 seconds
Refreshing native plugins compatible for Editor in 0.00 ms, found 0 plugins.
Preloading 0 native plugins for Editor in 0.00 ms.
Asset Pipeline Refresh (id=e963475c496cd4a43977890fe6e3dddf): Total: 0.008 seconds - Initiated by StopAssetImportingV2(NoUpdateAssetOptions)
Start importing Assets/AreaBattle/Resources/Recovered/Outgame/Sprites/CAB-792f0579f07cf3d654eb47fd5e973bca_-618323339400821762.png using Guid(8e9e2f6ba7236e845b9ccb4f7ce5fa5d) (TextureImporter) -> (artifact id: '1c414749eab955d75d9c6839ba3351d9') in 0.0036558 seconds
Refreshing native plugins compatible for Editor in 0.00 ms, found 0 plugins.
Preloading 0 native plugins for Editor in 0.00 ms.
Asset Pipeline Refresh (id=70be698d4de8faa488eaeeee41c66827): Total: 0.008 seconds - Initiated by StopAssetImportingV2(NoUpdateAssetOptions)
Start importing Assets/AreaBattle/Resources/Recovered/Outgame/Sprites/CAB-792f0579f07cf3d654eb47fd5e973bca_-618323339400821762.png using Guid(8e9e2f6ba7236e845b9ccb4f7ce5fa5d) (TextureImporter) -> (artifact id: '1c414749eab955d75d9c6839ba3351d9') in 0.0035239 seconds
Refreshing native plugins compatible for Editor in 0.00 ms, found 0 plugins.
Preloading 0 native plugins for Editor in 0.00 ms.
Asset Pipeline Refresh (id=1be307f7bce86ff49bfcc81967b9f5f4): Total: 0.008 seconds - Initiated by StopAssetImportingV2(NoUpdateAssetOptions)
Start importing Assets/AreaBattle/Resources/Recovered/Outgame/Sprites/CAB-792f0579f07cf3d654eb47fd5e973bca_-5801682987526312979.png using Guid(833bedd98b0881245975845e0ac0f5b9) (TextureImporter) -> (artifact id: 'cc151df4392a714fa94b49ecf60edc9f') in 0.0018457 seconds
Refreshing native plugins compatible for Editor in 0.00 ms, found 0 plugins.
Preloading 0 native plugins for Editor in 0.00 ms.
Asset Pipeline Refresh (id=4a0d48b7c206d1141b8d2e6b0775549a): Total: 0.006 seconds - Initiated by StopAssetImportingV2(NoUpdateAssetOptions)
Start importing Assets/AreaBattle/Resources/Recovered/Outgame/Sprites/CAB-792f0579f07cf3d654eb47fd5e973bca_-5801682987526312979.png using Guid(833bedd98b0881245975845e0ac0f5b9) (TextureImporter) -> (artifact id: 'cc151df4392a714fa94b49ecf60edc9f') in 0.0018229 seconds
Refreshing native plugins compatible for Editor in 0.00 ms, found 0 plugins.
Preloading 0 native plugins for Editor in 0.00 ms.
Asset Pipeline Refresh (id=88aa687fc0f49fb4b8634437b5b73230): Total: 0.006 seconds - Initiated by StopAssetImportingV2(NoUpdateAssetOptions)
Start importing Assets/AreaBattle/Resources/Recovered/Outgame/Sprites/CAB-792f0579f07cf3d654eb47fd5e973bca_-4315546867442323447.png using Guid(61a6fd5d2c4693d469f9da25174b1f1d) (TextureImporter) -> (artifact id: '927e3d17e58fc8b21b464bf0ccdb7055') in 0.0014261 seconds
Refreshing native plugins compatible for Editor in 0.00 ms, found 0 plugins.
Preloading 0 native plugins for Editor in 0.00 ms.
Asset Pipeline Refresh (id=32db3bb2b0b6ae4408418213d46f2b33): Total: 0.005 seconds - Initiated by StopAssetImportingV2(NoUpdateAssetOptions)
Start importing Assets/AreaBattle/Resources/Recovered/Outgame/Sprites/CAB-792f0579f07cf3d654eb47fd5e973bca_-4315546867442323447.png using Guid(61a6fd5d2c4693d469f9da25174b1f1d) (TextureImporter) -> (artifact id: '927e3d17e58fc8b21b464bf0ccdb7055') in 0.0013653 seconds
Refreshing native plugins compatible for Editor in 0.00 ms, found 0 plugins.
Preloading 0 native plugins for Editor in 0.00 ms.
Asset Pipeline Refresh (id=a20604e230c07994e8fb44cf1d6bdb2a): Total: 0.005 seconds - Initiated by StopAssetImportingV2(NoUpdateAssetOptions)
Start importing Assets/AreaBattle/Resources/Recovered/Outgame/Sprites/CAB-792f0579f07cf3d654eb47fd5e973bca_8872663584802208025.png using Guid(7d6048675b58ab641b5442272995cbb3) (TextureImporter) -> (artifact id: '73137b602168075ec4a4a5630474036e') in 0.002583 seconds
Refreshing native plugins compatible for Editor in 0.00 ms, found 0 plugins.
Preloading 0 native plugins for Editor in 0.00 ms.
Asset Pipeline Refresh (id=110a09b30c629154b87fa23b706a5829): Total: 0.006 seconds - Initiated by StopAssetImportingV2(NoUpdateAssetOptions)
Start importing Assets/AreaBattle/Resources/Recovered/Outgame/Sprites/CAB-792f0579f07cf3d654eb47fd5e973bca_8872663584802208025.png using Guid(7d6048675b58ab641b5442272995cbb3) (TextureImporter) -> (artifact id: '73137b602168075ec4a4a5630474036e') in 0.0023921 seconds
Refreshing native plugins compatible for Editor in 0.00 ms, found 0 plugins.
Preloading 0 native plugins for Editor in 0.00 ms.
Asset Pipeline Refresh (id=a8db26f0f0ef4a5418ddd484c33bb62f): Total: 0.006 seconds - Initiated by StopAssetImportingV2(NoUpdateAssetOptions)
Start importing Assets/AreaBattle/Resources/Recovered/Outgame/Sprites/CAB-792f0579f07cf3d654eb47fd5e973bca_-5574788738057904681.png using Guid(50bec8c8d285d984e8aef1b8c4c32021) (TextureImporter) -> (artifact id: 'e4ec90b91c4f02a33f61b26a7413afde') in 0.0014148 seconds
Refreshing native plugins compatible for Editor in 0.00 ms, found 0 plugins.
Preloading 0 native plugins for Editor in 0.00 ms.
Asset Pipeline Refresh (id=1d5af135b6a13b543a05aabebaaa9614): Total: 0.005 seconds - Initiated by StopAssetImportingV2(NoUpdateAssetOptions)
Start importing Assets/AreaBattle/Resources/Recovered/Outgame/Sprites/CAB-792f0579f07cf3d654eb47fd5e973bca_-5574788738057904681.png using Guid(50bec8c8d285d984e8aef1b8c4c32021) (TextureImporter) -> (artifact id: 'e4ec90b91c4f02a33f61b26a7413afde') in 0.0012579 seconds
Refreshing native plugins compatible for Editor in 0.00 ms, found 0 plugins.
Preloading 0 native plugins for Editor in 0.00 ms.
Asset Pipeline Refresh (id=40d395bdc15ac324389c32e4273983a6): Total: 0.005 seconds - Initiated by StopAssetImportingV2(NoUpdateAssetOptions)
Start importing Assets/AreaBattle/Resources/Recovered/Outgame/Sprites/CAB-792f0579f07cf3d654eb47fd5e973bca_351421032368338370.png using Guid(51dbd6401fe58544a8279329eff18768) (TextureImporter) -> (artifact id: '885e2dd58c7a93bbe371d64019133404') in 0.0013623 seconds
Refreshing native plugins compatible for Editor in 0.00 ms, found 0 plugins.
Preloading 0 native plugins for Editor in 0.00 ms.
Asset Pipeline Refresh (id=9585817305b88ec4abb6e0e8fd4cae7a): Total: 0.005 seconds - Initiated by StopAssetImportingV2(NoUpdateAssetOptions)
Start importing Assets/AreaBattle/Resources/Recovered/Outgame/Sprites/CAB-792f0579f07cf3d654eb47fd5e973bca_351421032368338370.png using Guid(51dbd6401fe58544a8279329eff18768) (TextureImporter) -> (artifact id: '885e2dd58c7a93bbe371d64019133404') in 0.0011809 seconds
Refreshing native plugins compatible for Editor in 0.00 ms, found 0 plugins.
Preloading 0 native plugins for Editor in 0.00 ms.
Asset Pipeline Refresh (id=fd27f22a3f2c68441a402f9e8210ab7b): Total: 0.005 seconds - Initiated by StopAssetImportingV2(NoUpdateAssetOptions)
Start importing Assets/AreaBattle/Resources/Recovered/Outgame/Sprites/CAB-792f0579f07cf3d654eb47fd5e973bca_8405129520969696233.png using Guid(9656cc62c9e84e64094f55746d4ab64b) (TextureImporter) -> (artifact id: 'f4d1c04a928bc5513fcf96be91a731f8') in 0.0036239 seconds
Refreshing native plugins compatible for Editor in 0.00 ms, found 0 plugins.
Preloading 0 native plugins for Editor in 0.00 ms.
Asset Pipeline Refresh (id=3f3f2d55bc8077d42b258b61cce06a41): Total: 0.007 seconds - Initiated by StopAssetImportingV2(NoUpdateAssetOptions)
Start importing Assets/AreaBattle/Resources/Recovered/Outgame/Sprites/CAB-792f0579f07cf3d654eb47fd5e973bca_8405129520969696233.png using Guid(9656cc62c9e84e64094f55746d4ab64b) (TextureImporter) -> (artifact id: 'f4d1c04a928bc5513fcf96be91a731f8') in 0.0032892 seconds
Refreshing native plugins compatible for Editor in 0.00 ms, found 0 plugins.
Preloading 0 native plugins for Editor in 0.00 ms.
Asset Pipeline Refresh (id=94b223dc98b6bf2498f373da8857e362): Total: 0.007 seconds - Initiated by StopAssetImportingV2(NoUpdateAssetOptions)
Start importing Assets/AreaBattle/Resources/Recovered/Outgame/Sprites/CAB-792f0579f07cf3d654eb47fd5e973bca_8637971076579629007.png using Guid(535a2e06aa73733438a89c0d3adb911a) (TextureImporter) -> (artifact id: '03abf541bd854ceec4c20b3814ad6c6b') in 0.0025939 seconds
Refreshing native plugins compatible for Editor in 0.00 ms, found 0 plugins.
Preloading 0 native plugins for Editor in 0.00 ms.
Asset Pipeline Refresh (id=09b4ab300d0cd0545909ec114cc14f5f): Total: 0.007 seconds - Initiated by StopAssetImportingV2(NoUpdateAssetOptions)
Start importing Assets/AreaBattle/Resources/Recovered/Outgame/Sprites/CAB-792f0579f07cf3d654eb47fd5e973bca_8637971076579629007.png using Guid(535a2e06aa73733438a89c0d3adb911a) (TextureImporter) -> (artifact id: '03abf541bd854ceec4c20b3814ad6c6b') in 0.0023189 seconds
Refreshing native plugins compatible for Editor in 0.00 ms, found 0 plugins.
Preloading 0 native plugins for Editor in 0.00 ms.
Asset Pipeline Refresh (id=e3fb6fcd203f3c746bbb4de1b0be7747): Total: 0.006 seconds - Initiated by StopAssetImportingV2(NoUpdateAssetOptions)
Start importing Assets/AreaBattle/Resources/Recovered/Outgame/Sprites/CAB-792f0579f07cf3d654eb47fd5e973bca_2913494975718609691.png using Guid(b522c33f60faf594393465f7898b23cd) (TextureImporter) -> (artifact id: '78192ae14ff93330309b4f5989a86df4') in 0.0014822 seconds
Refreshing native plugins compatible for Editor in 0.00 ms, found 0 plugins.
Preloading 0 native plugins for Editor in 0.00 ms.
Asset Pipeline Refresh (id=2fc692231daea41418ff656286b23beb): Total: 0.005 seconds - Initiated by StopAssetImportingV2(NoUpdateAssetOptions)
Start importing Assets/AreaBattle/Resources/Recovered/Outgame/Sprites/CAB-792f0579f07cf3d654eb47fd5e973bca_2913494975718609691.png using Guid(b522c33f60faf594393465f7898b23cd) (TextureImporter) -> (artifact id: '78192ae14ff93330309b4f5989a86df4') in 0.0014041 seconds
Refreshing native plugins compatible for Editor in 0.00 ms, found 0 plugins.
Preloading 0 native plugins for Editor in 0.00 ms.
Asset Pipeline Refresh (id=4096e9f73d6ba404a96c5c3ae2ec70ed): Total: 0.005 seconds - Initiated by StopAssetImportingV2(NoUpdateAssetOptions)
Start importing Assets/AreaBattle/Resources/Recovered/Outgame/Sprites/CAB-792f0579f07cf3d654eb47fd5e973bca_-115335406232709769.png using Guid(8223fe7fe53795345b66b35837975b0f) (TextureImporter) -> (artifact id: '7337e803f69493b6d7512922d91561a5') in 0.0015878 seconds
Refreshing native plugins compatible for Editor in 0.00 ms, found 0 plugins.
Preloading 0 native plugins for Editor in 0.00 ms.
Asset Pipeline Refresh (id=d7c330fa7bc57024d85eaa9a6143ec57): Total: 0.005 seconds - Initiated by StopAssetImportingV2(NoUpdateAssetOptions)
Start importing Assets/AreaBattle/Resources/Recovered/Outgame/Sprites/CAB-792f0579f07cf3d654eb47fd5e973bca_-115335406232709769.png using Guid(8223fe7fe53795345b66b35837975b0f) (TextureImporter) -> (artifact id: '7337e803f69493b6d7512922d91561a5') in 0.001472 seconds
Refreshing native plugins compatible for Editor in 0.00 ms, found 0 plugins.
Preloading 0 native plugins for Editor in 0.00 ms.
Asset Pipeline Refresh (id=6db5ea05e4126084fa524b5c79190fef): Total: 0.005 seconds - Initiated by StopAssetImportingV2(NoUpdateAssetOptions)
Start importing Assets/AreaBattle/Resources/Recovered/Outgame/Sprites/CAB-792f0579f07cf3d654eb47fd5e973bca_8956882279378107137.png using Guid(4d95be4e959f1074a8286c02393b498f) (TextureImporter) -> (artifact id: 'f96c2be8f159e5e5db064b7fc0db27f4') in 0.0016218 seconds
Refreshing native plugins compatible for Editor in 0.00 ms, found 0 plugins.
Preloading 0 native plugins for Editor in 0.00 ms.
Asset Pipeline Refresh (id=d2c52d915ffc96047af058b426929c27): Total: 0.005 seconds - Initiated by StopAssetImportingV2(NoUpdateAssetOptions)
Start importing Assets/AreaBattle/Resources/Recovered/Outgame/Sprites/CAB-792f0579f07cf3d654eb47fd5e973bca_8956882279378107137.png using Guid(4d95be4e959f1074a8286c02393b498f) (TextureImporter) -> (artifact id: 'f96c2be8f159e5e5db064b7fc0db27f4') in 0.0014778 seconds
Refreshing native plugins compatible for Editor in 0.00 ms, found 0 plugins.
Preloading 0 native plugins for Editor in 0.00 ms.
Asset Pipeline Refresh (id=12d1e7849ef8ede4cbaf914b14b62fab): Total: 0.005 seconds - Initiated by StopAssetImportingV2(NoUpdateAssetOptions)
Start importing Assets/AreaBattle/Resources/Recovered/Outgame/Sprites/CAB-792f0579f07cf3d654eb47fd5e973bca_-624563809540653018.png using Guid(eb1754bcb6a94ec408bf75b515bfa526) (TextureImporter) -> (artifact id: 'e1e606cc6b9becc387f9cdafee51c804') in 0.0011962 seconds
Refreshing native plugins compatible for Editor in 0.00 ms, found 0 plugins.
Preloading 0 native plugins for Editor in 0.00 ms.
Asset Pipeline Refresh (id=9f37d66e21f65f24e93fe28232641ffc): Total: 0.005 seconds - Initiated by StopAssetImportingV2(NoUpdateAssetOptions)
Start importing Assets/AreaBattle/Resources/Recovered/Outgame/Sprites/CAB-792f0579f07cf3d654eb47fd5e973bca_-624563809540653018.png using Guid(eb1754bcb6a94ec408bf75b515bfa526) (TextureImporter) -> (artifact id: 'e1e606cc6b9becc387f9cdafee51c804') in 0.0012106 seconds
Refreshing native plugins compatible for Editor in 0.00 ms, found 0 plugins.
Preloading 0 native plugins for Editor in 0.00 ms.
Asset Pipeline Refresh (id=ba8b8ba1464ec7c45b02cf478731e02e): Total: 0.005 seconds - Initiated by StopAssetImportingV2(NoUpdateAssetOptions)
Start importing Assets/AreaBattle/Resources/Recovered/Outgame/Sprites/CAB-42bb9e0632104c3ebe882748bfedae4c_3372530375804971773.png using Guid(1469ce15a6a71d34687d35d1fc2b1646) (TextureImporter) -> (artifact id: '097a6f970f5f9d37fb0065a4ae2612f7') in 0.0013466 seconds
Refreshing native plugins compatible for Editor in 0.00 ms, found 0 plugins.
Preloading 0 native plugins for Editor in 0.00 ms.
Asset Pipeline Refresh (id=c2d647ef6473aa9469785c6f5d60e4cb): Total: 0.005 seconds - Initiated by StopAssetImportingV2(NoUpdateAssetOptions)
Start importing Assets/AreaBattle/Resources/Recovered/Outgame/Sprites/CAB-42bb9e0632104c3ebe882748bfedae4c_3372530375804971773.png using Guid(1469ce15a6a71d34687d35d1fc2b1646) (TextureImporter) -> (artifact id: '097a6f970f5f9d37fb0065a4ae2612f7') in 0.001227 seconds
Refreshing native plugins compatible for Editor in 0.00 ms, found 0 plugins.
Preloading 0 native plugins for Editor in 0.00 ms.
Asset Pipeline Refresh (id=773b5181682cdf54b9b08e1b43309e74): Total: 0.005 seconds - Initiated by StopAssetImportingV2(NoUpdateAssetOptions)
Start importing Assets/AreaBattle/Resources/Recovered/Outgame/Sprites/CAB-68a3634b9a99c5a2a10a36b772e4e945_-7566510785482980055.png using Guid(a6a9b5c593ceaac4a9cc1a8e3b40920d) (TextureImporter) -> (artifact id: '214499d6c78bedac22386049632c8272') in 0.0019989 seconds
Refreshing native plugins compatible for Editor in 0.00 ms, found 0 plugins.
Preloading 0 native plugins for Editor in 0.00 ms.
Asset Pipeline Refresh (id=9ef7fb43cf1ab644383fecc7a74460dd): Total: 0.006 seconds - Initiated by StopAssetImportingV2(NoUpdateAssetOptions)
Start importing Assets/AreaBattle/Resources/Recovered/Outgame/Sprites/CAB-68a3634b9a99c5a2a10a36b772e4e945_-7566510785482980055.png using Guid(a6a9b5c593ceaac4a9cc1a8e3b40920d) (TextureImporter) -> (artifact id: '214499d6c78bedac22386049632c8272') in 0.0017699 seconds
Refreshing native plugins compatible for Editor in 0.00 ms, found 0 plugins.
Preloading 0 native plugins for Editor in 0.00 ms.
Asset Pipeline Refresh (id=2a625c4f3ba1d2248b4175cf7464e12e): Total: 0.006 seconds - Initiated by StopAssetImportingV2(NoUpdateAssetOptions)
Start importing Assets/AreaBattle/Resources/Recovered/Outgame/Sprites/CAB-68a3634b9a99c5a2a10a36b772e4e945_-5714944305183835610.png using Guid(fc49f89cc67696447911530d39edabc7) (TextureImporter) -> (artifact id: '139dbc28f1f1fee3f0e88fa7cd1e6712') in 0.002093 seconds
Refreshing native plugins compatible for Editor in 0.00 ms, found 0 plugins.
Preloading 0 native plugins for Editor in 0.00 ms.
Asset Pipeline Refresh (id=011ae98039eccc54faa28e0db8f790c2): Total: 0.006 seconds - Initiated by StopAssetImportingV2(NoUpdateAssetOptions)
Start importing Assets/AreaBattle/Resources/Recovered/Outgame/Sprites/CAB-68a3634b9a99c5a2a10a36b772e4e945_-5714944305183835610.png using Guid(fc49f89cc67696447911530d39edabc7) (TextureImporter) -> (artifact id: '139dbc28f1f1fee3f0e88fa7cd1e6712') in 0.0020233 seconds
Refreshing native plugins compatible for Editor in 0.00 ms, found 0 plugins.
Preloading 0 native plugins for Editor in 0.00 ms.
Asset Pipeline Refresh (id=2c5a6bbe68b51fa4abac93edc12c391f): Total: 0.006 seconds - Initiated by StopAssetImportingV2(NoUpdateAssetOptions)
Start importing Assets/AreaBattle/Resources/Recovered/Outgame/Sprites/CAB-68a3634b9a99c5a2a10a36b772e4e945_-5250526716230360777.png using Guid(483966ecf81b83e47913ff227c651b19) (TextureImporter) -> (artifact id: 'a26c2f7abfe2759316ea30539ed0535f') in 0.0031698 seconds
Refreshing native plugins compatible for Editor in 0.00 ms, found 0 plugins.
Preloading 0 native plugins for Editor in 0.00 ms.
Asset Pipeline Refresh (id=1b2548ae5ac4cf24cab900c6f74711f8): Total: 0.007 seconds - Initiated by StopAssetImportingV2(NoUpdateAssetOptions)
Start importing Assets/AreaBattle/Resources/Recovered/Outgame/Sprites/CAB-68a3634b9a99c5a2a10a36b772e4e945_-5250526716230360777.png using Guid(483966ecf81b83e47913ff227c651b19) (TextureImporter) -> (artifact id: 'a26c2f7abfe2759316ea30539ed0535f') in 0.002909 seconds
Refreshing native plugins compatible for Editor in 0.00 ms, found 0 plugins.
Preloading 0 native plugins for Editor in 0.00 ms.
Asset Pipeline Refresh (id=0a1f3d0348f43a54091900107d09af33): Total: 0.007 seconds - Initiated by StopAssetImportingV2(NoUpdateAssetOptions)
Start importing Assets/AreaBattle/Resources/Recovered/Outgame/Sprites/CAB-68a3634b9a99c5a2a10a36b772e4e945_-4640301817428913850.png using Guid(2f9c5581cb8472a4fa69419a77290a28) (TextureImporter) -> (artifact id: '2cd104cf5a2fef266636b5a49a8d0106') in 0.0021295 seconds
Refreshing native plugins compatible for Editor in 0.00 ms, found 0 plugins.
Preloading 0 native plugins for Editor in 0.00 ms.
Asset Pipeline Refresh (id=3c8401c927e2c4240a930286b88f8bb5): Total: 0.006 seconds - Initiated by StopAssetImportingV2(NoUpdateAssetOptions)
Start importing Assets/AreaBattle/Resources/Recovered/Outgame/Sprites/CAB-68a3634b9a99c5a2a10a36b772e4e945_-4640301817428913850.png using Guid(2f9c5581cb8472a4fa69419a77290a28) (TextureImporter) -> (artifact id: '2cd104cf5a2fef266636b5a49a8d0106') in 0.0020524 seconds
Refreshing native plugins compatible for Editor in 0.00 ms, found 0 plugins.
Preloading 0 native plugins for Editor in 0.00 ms.
Asset Pipeline Refresh (id=658a90858687cb24599f35a459cb564c): Total: 0.006 seconds - Initiated by StopAssetImportingV2(NoUpdateAssetOptions)
Start importing Assets/AreaBattle/Resources/Recovered/Outgame/Sprites/CAB-68a3634b9a99c5a2a10a36b772e4e945_-4344761207642386272.png using Guid(d5f996cb7df8b7746b5b872e37ebb37b) (TextureImporter) -> (artifact id: '20236d470b2f4a8fed13858a0a054452') in 0.002386 seconds
Refreshing native plugins compatible for Editor in 0.00 ms, found 0 plugins.
Preloading 0 native plugins for Editor in 0.00 ms.
Asset Pipeline Refresh (id=07965908f26b2c44ebae7dd2a9bee17d): Total: 0.006 seconds - Initiated by StopAssetImportingV2(NoUpdateAssetOptions)
Start importing Assets/AreaBattle/Resources/Recovered/Outgame/Sprites/CAB-68a3634b9a99c5a2a10a36b772e4e945_-4344761207642386272.png using Guid(d5f996cb7df8b7746b5b872e37ebb37b) (TextureImporter) -> (artifact id: '20236d470b2f4a8fed13858a0a054452') in 0.0023418 seconds
Refreshing native plugins compatible for Editor in 0.00 ms, found 0 plugins.
Preloading 0 native plugins for Editor in 0.00 ms.
Asset Pipeline Refresh (id=c5067c462929fb24f8d0f72a3902cea2): Total: 0.006 seconds - Initiated by StopAssetImportingV2(NoUpdateAssetOptions)
Start importing Assets/AreaBattle/Resources/Recovered/Outgame/Sprites/CAB-68a3634b9a99c5a2a10a36b772e4e945_-3770009711541912037.png using Guid(f71f79b4e2f08d64b83deb38e5c3a630) (TextureImporter) -> (artifact id: '3011a808660d8f29889bbaacaaeab30d') in 0.0022985 seconds
Refreshing native plugins compatible for Editor in 0.00 ms, found 0 plugins.
Preloading 0 native plugins for Editor in 0.00 ms.
Asset Pipeline Refresh (id=f6e3ecf9f4c613a4b93869d740a9c416): Total: 0.006 seconds - Initiated by StopAssetImportingV2(NoUpdateAssetOptions)
Start importing Assets/AreaBattle/Resources/Recovered/Outgame/Sprites/CAB-68a3634b9a99c5a2a10a36b772e4e945_-3770009711541912037.png using Guid(f71f79b4e2f08d64b83deb38e5c3a630) (TextureImporter) -> (artifact id: '3011a808660d8f29889bbaacaaeab30d') in 0.0021986 seconds
Refreshing native plugins compatible for Editor in 0.00 ms, found 0 plugins.
Preloading 0 native plugins for Editor in 0.00 ms.
Asset Pipeline Refresh (id=49f85cd12bee3514c9d819accef73f15): Total: 0.006 seconds - Initiated by StopAssetImportingV2(NoUpdateAssetOptions)
Start importing Assets/AreaBattle/Resources/Recovered/Outgame/Sprites/CAB-68a3634b9a99c5a2a10a36b772e4e945_-1770796273559553070.png using Guid(b72393a801f9874458652835796b5b63) (TextureImporter) -> (artifact id: '66e4d2445d245524ba1273758d97122d') in 0.0023628 seconds
Refreshing native plugins compatible for Editor in 0.00 ms, found 0 plugins.
Preloading 0 native plugins for Editor in 0.00 ms.
Asset Pipeline Refresh (id=32b8c44bca957304b8176c991ca18bb4): Total: 0.006 seconds - Initiated by StopAssetImportingV2(NoUpdateAssetOptions)
Start importing Assets/AreaBattle/Resources/Recovered/Outgame/Sprites/CAB-68a3634b9a99c5a2a10a36b772e4e945_-1770796273559553070.png using Guid(b72393a801f9874458652835796b5b63) (TextureImporter) -> (artifact id: '66e4d2445d245524ba1273758d97122d') in 0.0022156 seconds
Refreshing native plugins compatible for Editor in 0.00 ms, found 0 plugins.
Preloading 0 native plugins for Editor in 0.00 ms.
Asset Pipeline Refresh (id=5f4e9ffc1ea12074c87d728586e55bd7): Total: 0.006 seconds - Initiated by StopAssetImportingV2(NoUpdateAssetOptions)
Start importing Assets/AreaBattle/Resources/Recovered/Outgame/Sprites/CAB-68a3634b9a99c5a2a10a36b772e4e945_-893671878557188115.png using Guid(0818a5474e55d53428bf494e1dc55ea9) (TextureImporter) -> (artifact id: 'af6181f6ec16c10614e8ea1f3a9d1a64') in 0.002529 seconds
Refreshing native plugins compatible for Editor in 0.00 ms, found 0 plugins.
Preloading 0 native plugins for Editor in 0.00 ms.
Asset Pipeline Refresh (id=1ab41686bf678d0409a693ac3ef87995): Total: 0.006 seconds - Initiated by StopAssetImportingV2(NoUpdateAssetOptions)
Start importing Assets/AreaBattle/Resources/Recovered/Outgame/Sprites/CAB-68a3634b9a99c5a2a10a36b772e4e945_-893671878557188115.png using Guid(0818a5474e55d53428bf494e1dc55ea9) (TextureImporter) -> (artifact id: 'af6181f6ec16c10614e8ea1f3a9d1a64') in 0.0024485 seconds
Refreshing native plugins compatible for Editor in 0.00 ms, found 0 plugins.
Preloading 0 native plugins for Editor in 0.00 ms.
Asset Pipeline Refresh (id=ce11c1b924d0ec74bb06e18bf9ee419d): Total: 0.006 seconds - Initiated by StopAssetImportingV2(NoUpdateAssetOptions)
Start importing Assets/AreaBattle/Resources/Recovered/Outgame/Sprites/CAB-68a3634b9a99c5a2a10a36b772e4e945_-758572472123220859.png using Guid(ab5f26338314c854b86c3c4c2dca2712) (TextureImporter) -> (artifact id: '39341af403769f882d227b2001f86101') in 0.0022821 seconds
Refreshing native plugins compatible for Editor in 0.00 ms, found 0 plugins.
Preloading 0 native plugins for Editor in 0.00 ms.
Asset Pipeline Refresh (id=01474c9ee0e551f4f90b7779f82a7407): Total: 0.006 seconds - Initiated by StopAssetImportingV2(NoUpdateAssetOptions)
Start importing Assets/AreaBattle/Resources/Recovered/Outgame/Sprites/CAB-68a3634b9a99c5a2a10a36b772e4e945_-758572472123220859.png using Guid(ab5f26338314c854b86c3c4c2dca2712) (TextureImporter) -> (artifact id: '39341af403769f882d227b2001f86101') in 0.0021381 seconds
Refreshing native plugins compatible for Editor in 0.00 ms, found 0 plugins.
Preloading 0 native plugins for Editor in 0.00 ms.
Asset Pipeline Refresh (id=36f639bdbe6f451449c3a1c1a71b84bc): Total: 0.006 seconds - Initiated by StopAssetImportingV2(NoUpdateAssetOptions)
Start importing Assets/AreaBattle/Resources/Recovered/Outgame/Sprites/CAB-68a3634b9a99c5a2a10a36b772e4e945_254485017313462885.png using Guid(46a39c226bdc200469d7c30d9e4d3db8) (TextureImporter) -> (artifact id: '49548940f808881806f236c2375705bb') in 0.0027802 seconds
Refreshing native plugins compatible for Editor in 0.00 ms, found 0 plugins.
Preloading 0 native plugins for Editor in 0.00 ms.
Asset Pipeline Refresh (id=c09989045de5d244e8480b0cb1447807): Total: 0.007 seconds - Initiated by StopAssetImportingV2(NoUpdateAssetOptions)
Start importing Assets/AreaBattle/Resources/Recovered/Outgame/Sprites/CAB-68a3634b9a99c5a2a10a36b772e4e945_254485017313462885.png using Guid(46a39c226bdc200469d7c30d9e4d3db8) (TextureImporter) -> (artifact id: '49548940f808881806f236c2375705bb') in 0.0027782 seconds
Refreshing native plugins compatible for Editor in 0.00 ms, found 0 plugins.
Preloading 0 native plugins for Editor in 0.00 ms.
Asset Pipeline Refresh (id=5e5df6a8b6e63e24a93553b660719888): Total: 0.007 seconds - Initiated by StopAssetImportingV2(NoUpdateAssetOptions)
Start importing Assets/AreaBattle/Resources/Recovered/Outgame/Sprites/CAB-68a3634b9a99c5a2a10a36b772e4e945_1258856239569683021.png using Guid(95dbb82f9942d6b46acb6d34bbfe083f) (TextureImporter) -> (artifact id: '866cbc5e79dede5d785dbc00dcd07fd4') in 0.0024607 seconds
Refreshing native plugins compatible for Editor in 0.00 ms, found 0 plugins.
Preloading 0 native plugins for Editor in 0.00 ms.
Asset Pipeline Refresh (id=3c272fcb67de7084f96177d178db978b): Total: 0.007 seconds - Initiated by StopAssetImportingV2(NoUpdateAssetOptions)
Start importing Assets/AreaBattle/Resources/Recovered/Outgame/Sprites/CAB-68a3634b9a99c5a2a10a36b772e4e945_1258856239569683021.png using Guid(95dbb82f9942d6b46acb6d34bbfe083f) (TextureImporter) -> (artifact id: '866cbc5e79dede5d785dbc00dcd07fd4') in 0.0022251 seconds
Refreshing native plugins compatible for Editor in 0.00 ms, found 0 plugins.
Preloading 0 native plugins for Editor in 0.00 ms.
Asset Pipeline Refresh (id=c0930b897d5704c4989b110b8f0f25df): Total: 0.007 seconds - Initiated by StopAssetImportingV2(NoUpdateAssetOptions)
Start importing Assets/AreaBattle/Resources/Recovered/Outgame/Sprites/CAB-68a3634b9a99c5a2a10a36b772e4e945_1815619322503064769.png using Guid(9ff2edc99f05e894b98b17112494f472) (TextureImporter) -> (artifact id: 'dd4f886bccef7715898d8bfaa2c59687') in 0.002435 seconds
Refreshing native plugins compatible for Editor in 0.00 ms, found 0 plugins.
Preloading 0 native plugins for Editor in 0.00 ms.
Asset Pipeline Refresh (id=5b7e9aafc6c299b47b688935dea94b92): Total: 0.007 seconds - Initiated by StopAssetImportingV2(NoUpdateAssetOptions)
Start importing Assets/AreaBattle/Resources/Recovered/Outgame/Sprites/CAB-68a3634b9a99c5a2a10a36b772e4e945_1815619322503064769.png using Guid(9ff2edc99f05e894b98b17112494f472) (TextureImporter) -> (artifact id: 'dd4f886bccef7715898d8bfaa2c59687') in 0.0026541 seconds
Refreshing native plugins compatible for Editor in 0.00 ms, found 0 plugins.
Preloading 0 native plugins for Editor in 0.00 ms.
Asset Pipeline Refresh (id=5df5d95cfdca771479e4e272de510301): Total: 0.007 seconds - Initiated by StopAssetImportingV2(NoUpdateAssetOptions)
Start importing Assets/AreaBattle/Resources/Recovered/Outgame/Sprites/CAB-68a3634b9a99c5a2a10a36b772e4e945_2592588699551933071.png using Guid(6ddfeb147852f25468ab2f2ca61abb96) (TextureImporter) -> (artifact id: 'e9f0c61484affe13d000b85aa237b501') in 0.0026451 seconds
Refreshing native plugins compatible for Editor in 0.00 ms, found 0 plugins.
Preloading 0 native plugins for Editor in 0.00 ms.
Asset Pipeline Refresh (id=638e0c8ba0ab7f140aba56be1af899ea): Total: 0.008 seconds - Initiated by StopAssetImportingV2(NoUpdateAssetOptions)
Start importing Assets/AreaBattle/Resources/Recovered/Outgame/Sprites/CAB-68a3634b9a99c5a2a10a36b772e4e945_2592588699551933071.png using Guid(6ddfeb147852f25468ab2f2ca61abb96) (TextureImporter) -> (artifact id: 'e9f0c61484affe13d000b85aa237b501') in 0.0026718 seconds
Refreshing native plugins compatible for Editor in 0.00 ms, found 0 plugins.
Preloading 0 native plugins for Editor in 0.00 ms.
Asset Pipeline Refresh (id=67645055963bade489ff4f3e84642562): Total: 0.008 seconds - Initiated by StopAssetImportingV2(NoUpdateAssetOptions)
Start importing Assets/AreaBattle/Resources/Recovered/Outgame/Sprites/CAB-68a3634b9a99c5a2a10a36b772e4e945_3372530375804971773.png using Guid(199890db582895e4c959770339720503) (TextureImporter) -> (artifact id: 'a9bd8e42436f4ad1bac0fe5efd42bfdc') in 0.0016799 seconds
Refreshing native plugins compatible for Editor in 0.00 ms, found 0 plugins.
Preloading 0 native plugins for Editor in 0.00 ms.
Asset Pipeline Refresh (id=dc5cb15a81f257b45bb6b7d3ef205f07): Total: 0.006 seconds - Initiated by StopAssetImportingV2(NoUpdateAssetOptions)
Start importing Assets/AreaBattle/Resources/Recovered/Outgame/Sprites/CAB-68a3634b9a99c5a2a10a36b772e4e945_3372530375804971773.png using Guid(199890db582895e4c959770339720503) (TextureImporter) -> (artifact id: 'a9bd8e42436f4ad1bac0fe5efd42bfdc') in 0.0014708 seconds
Refreshing native plugins compatible for Editor in 0.00 ms, found 0 plugins.
Preloading 0 native plugins for Editor in 0.00 ms.
Asset Pipeline Refresh (id=8d35276e03bafb84399d8b3905473240): Total: 0.006 seconds - Initiated by StopAssetImportingV2(NoUpdateAssetOptions)
Start importing Assets/AreaBattle/Resources/Recovered/Outgame/Sprites/CAB-68a3634b9a99c5a2a10a36b772e4e945_6229623910888829140.png using Guid(965db304ffefab94b881a8efffe92619) (TextureImporter) -> (artifact id: '0e6dd97a02d71ee2bb9832104af3e128') in 0.0015457 seconds
Refreshing native plugins compatible for Editor in 0.00 ms, found 0 plugins.
Preloading 0 native plugins for Editor in 0.00 ms.
Asset Pipeline Refresh (id=6c540167eb4a7a449b4c621c87cc5447): Total: 0.006 seconds - Initiated by StopAssetImportingV2(NoUpdateAssetOptions)
Start importing Assets/AreaBattle/Resources/Recovered/Outgame/Sprites/CAB-68a3634b9a99c5a2a10a36b772e4e945_6229623910888829140.png using Guid(965db304ffefab94b881a8efffe92619) (TextureImporter) -> (artifact id: '0e6dd97a02d71ee2bb9832104af3e128') in 0.0013206 seconds
Refreshing native plugins compatible for Editor in 0.00 ms, found 0 plugins.
Preloading 0 native plugins for Editor in 0.00 ms.
Asset Pipeline Refresh (id=731970a0e5c2e284c89b537b63fbdff7): Total: 0.006 seconds - Initiated by StopAssetImportingV2(NoUpdateAssetOptions)
Start importing Assets/AreaBattle/Resources/Recovered/Outgame/Sprites/CAB-68a3634b9a99c5a2a10a36b772e4e945_7143008306201735131.png using Guid(d23368d3633e2a1408fe2783d7160a26) (TextureImporter) -> (artifact id: '8f7d06c07353b76e7bb1a721df447def') in 0.002705 seconds
Refreshing native plugins compatible for Editor in 0.00 ms, found 0 plugins.
Preloading 0 native plugins for Editor in 0.00 ms.
Asset Pipeline Refresh (id=306b8fde1cc874f45b93522583d17b6c): Total: 0.007 seconds - Initiated by StopAssetImportingV2(NoUpdateAssetOptions)
Start importing Assets/AreaBattle/Resources/Recovered/Outgame/Sprites/CAB-68a3634b9a99c5a2a10a36b772e4e945_7143008306201735131.png using Guid(d23368d3633e2a1408fe2783d7160a26) (TextureImporter) -> (artifact id: '8f7d06c07353b76e7bb1a721df447def') in 0.0035835 seconds
Refreshing native plugins compatible for Editor in 0.00 ms, found 0 plugins.
Preloading 0 native plugins for Editor in 0.00 ms.
Asset Pipeline Refresh (id=df0e0f18ae8829e42a7a18292b3a07d2): Total: 0.008 seconds - Initiated by StopAssetImportingV2(NoUpdateAssetOptions)
Start importing Assets/AreaBattle/Resources/Recovered/Outgame/Sprites/CAB-68a3634b9a99c5a2a10a36b772e4e945_7303282470860340037.png using Guid(75e1b1edb1c2ecb41a98b964609a2200) (TextureImporter) -> (artifact id: '396091478b1c1e942a3545e506f1d645') in 0.003281 seconds
Refreshing native plugins compatible for Editor in 0.00 ms, found 0 plugins.
Preloading 0 native plugins for Editor in 0.00 ms.
Asset Pipeline Refresh (id=8d13961020175ce468cb9340e023e5ef): Total: 0.008 seconds - Initiated by StopAssetImportingV2(NoUpdateAssetOptions)
Start importing Assets/AreaBattle/Resources/Recovered/Outgame/Sprites/CAB-68a3634b9a99c5a2a10a36b772e4e945_7303282470860340037.png using Guid(75e1b1edb1c2ecb41a98b964609a2200) (TextureImporter) -> (artifact id: '396091478b1c1e942a3545e506f1d645') in 0.0030133 seconds
Refreshing native plugins compatible for Editor in 0.00 ms, found 0 plugins.
Preloading 0 native plugins for Editor in 0.00 ms.
Asset Pipeline Refresh (id=416e368cbc4729440801e4e10ded5a4f): Total: 0.007 seconds - Initiated by StopAssetImportingV2(NoUpdateAssetOptions)
Start importing Assets/AreaBattle/Resources/Recovered/Outgame/Sprites/CAB-68a3634b9a99c5a2a10a36b772e4e945_7419011028198982818.png using Guid(1a2fe30bd6ef08549888dade52411c71) (TextureImporter) -> (artifact id: 'cf30a085f3c0ea5dcf650eb4b73665ee') in 0.0020617 seconds
Refreshing native plugins compatible for Editor in 0.00 ms, found 0 plugins.
Preloading 0 native plugins for Editor in 0.00 ms.
Asset Pipeline Refresh (id=566ace965967ca243b4e74f2046935c2): Total: 0.006 seconds - Initiated by StopAssetImportingV2(NoUpdateAssetOptions)
Start importing Assets/AreaBattle/Resources/Recovered/Outgame/Sprites/CAB-68a3634b9a99c5a2a10a36b772e4e945_7419011028198982818.png using Guid(1a2fe30bd6ef08549888dade52411c71) (TextureImporter) -> (artifact id: 'cf30a085f3c0ea5dcf650eb4b73665ee') in 0.0018195 seconds
Refreshing native plugins compatible for Editor in 0.00 ms, found 0 plugins.
Preloading 0 native plugins for Editor in 0.00 ms.
Asset Pipeline Refresh (id=3aff4813a1f873349918d7c48a2c82ed): Total: 0.006 seconds - Initiated by StopAssetImportingV2(NoUpdateAssetOptions)
Start importing Assets/AreaBattle/Resources/Recovered/Outgame/Sprites/CAB-68a3634b9a99c5a2a10a36b772e4e945_8460458951675254696.png using Guid(fdc741b6590441849b60d1cdd79a62e1) (TextureImporter) -> (artifact id: 'b09dbcd2dde2e4cfc5ed21e0175364eb') in 0.0022275 seconds
Refreshing native plugins compatible for Editor in 0.00 ms, found 0 plugins.
Preloading 0 native plugins for Editor in 0.00 ms.
Asset Pipeline Refresh (id=5fa6220d7d70af8459f961c25c0942be): Total: 0.006 seconds - Initiated by StopAssetImportingV2(NoUpdateAssetOptions)
Start importing Assets/AreaBattle/Resources/Recovered/Outgame/Sprites/CAB-68a3634b9a99c5a2a10a36b772e4e945_8460458951675254696.png using Guid(fdc741b6590441849b60d1cdd79a62e1) (TextureImporter) -> (artifact id: 'b09dbcd2dde2e4cfc5ed21e0175364eb') in 0.0021536 seconds
Refreshing native plugins compatible for Editor in 0.00 ms, found 0 plugins.
Preloading 0 native plugins for Editor in 0.00 ms.
Asset Pipeline Refresh (id=5ec274cb4362d98479792b68f75a7f39): Total: 0.006 seconds - Initiated by StopAssetImportingV2(NoUpdateAssetOptions)
Start importing Assets/AreaBattle/Resources/Recovered/Outgame/Sprites/CAB-68a3634b9a99c5a2a10a36b772e4e945_8974415631736280550.png using Guid(a7c19c9c8ca93c546845b53b719511ff) (TextureImporter) -> (artifact id: 'a2da481018b8425b1b3dd928c3bba73d') in 0.00295 seconds
Refreshing native plugins compatible for Editor in 0.00 ms, found 0 plugins.
Preloading 0 native plugins for Editor in 0.00 ms.
Asset Pipeline Refresh (id=d98715f1c642928428ad548e6ab4c6a3): Total: 0.007 seconds - Initiated by StopAssetImportingV2(NoUpdateAssetOptions)
Start importing Assets/AreaBattle/Resources/Recovered/Outgame/Sprites/CAB-68a3634b9a99c5a2a10a36b772e4e945_8974415631736280550.png using Guid(a7c19c9c8ca93c546845b53b719511ff) (TextureImporter) -> (artifact id: 'a2da481018b8425b1b3dd928c3bba73d') in 0.0028205 seconds
Refreshing native plugins compatible for Editor in 0.00 ms, found 0 plugins.
Preloading 0 native plugins for Editor in 0.00 ms.
Asset Pipeline Refresh (id=d62260b6081342c45b1758fae682af15): Total: 0.007 seconds - Initiated by StopAssetImportingV2(NoUpdateAssetOptions)
Start importing Assets/AreaBattle/Resources/Recovered/Outgame/Sprites/CAB-d34c98f2519cd66fa67d98cdab179e5e_3372530375804971773.png using Guid(d61a9dd73008ff845b118cdd0a98af6c) (TextureImporter) -> (artifact id: '51717f63990953b2b2b0ed1b88ad1ef0') in 0.0014583 seconds
Refreshing native plugins compatible for Editor in 0.00 ms, found 0 plugins.
Preloading 0 native plugins for Editor in 0.00 ms.
Asset Pipeline Refresh (id=bde489bb19144ff479204e2cacaf403b): Total: 0.005 seconds - Initiated by StopAssetImportingV2(NoUpdateAssetOptions)
Start importing Assets/AreaBattle/Resources/Recovered/Outgame/Sprites/CAB-d34c98f2519cd66fa67d98cdab179e5e_3372530375804971773.png using Guid(d61a9dd73008ff845b118cdd0a98af6c) (TextureImporter) -> (artifact id: '51717f63990953b2b2b0ed1b88ad1ef0') in 0.0012237 seconds
Refreshing native plugins compatible for Editor in 0.00 ms, found 0 plugins.
Preloading 0 native plugins for Editor in 0.00 ms.
Asset Pipeline Refresh (id=6d1fbc36a5fac254cb54e4586f97bc70): Total: 0.005 seconds - Initiated by StopAssetImportingV2(NoUpdateAssetOptions)
Start importing Assets/AreaBattle/Resources/Recovered/Outgame/Sprites/CAB-54d62f6ded50366c1e410de8cc594497_3372530375804971773.png using Guid(05dce39c759193142a67c1757796c5f5) (TextureImporter) -> (artifact id: 'd9f1e30536ccb829e50b604506847cef') in 0.0014872 seconds
Refreshing native plugins compatible for Editor in 0.00 ms, found 0 plugins.
Preloading 0 native plugins for Editor in 0.00 ms.
Asset Pipeline Refresh (id=1db8114db6b58844da95193a22b00c62): Total: 0.006 seconds - Initiated by StopAssetImportingV2(NoUpdateAssetOptions)
Start importing Assets/AreaBattle/Resources/Recovered/Outgame/Sprites/CAB-54d62f6ded50366c1e410de8cc594497_3372530375804971773.png using Guid(05dce39c759193142a67c1757796c5f5) (TextureImporter) -> (artifact id: 'd9f1e30536ccb829e50b604506847cef') in 0.001179 seconds
Refreshing native plugins compatible for Editor in 0.00 ms, found 0 plugins.
Preloading 0 native plugins for Editor in 0.00 ms.
Asset Pipeline Refresh (id=45036ee8e343ee24083fbb280e0eed79): Total: 0.005 seconds - Initiated by StopAssetImportingV2(NoUpdateAssetOptions)
Start importing Assets/AreaBattle/Resources/Recovered/Outgame/Sprites/CAB-7e22b53f63a968a56641c9a7354ced7f_6229623910888829140.png using Guid(de424c90b31cd914f89af83caacd66b1) (TextureImporter) -> (artifact id: 'ca23049b72ac6613b3414fbf37b6f554') in 0.0013531 seconds
Refreshing native plugins compatible for Editor in 0.00 ms, found 0 plugins.
Preloading 0 native plugins for Editor in 0.00 ms.
Asset Pipeline Refresh (id=b2d81fd7efb45d948b065eb9b14ecd1f): Total: 0.005 seconds - Initiated by StopAssetImportingV2(NoUpdateAssetOptions)
Start importing Assets/AreaBattle/Resources/Recovered/Outgame/Sprites/CAB-7e22b53f63a968a56641c9a7354ced7f_6229623910888829140.png using Guid(de424c90b31cd914f89af83caacd66b1) (TextureImporter) -> (artifact id: 'ca23049b72ac6613b3414fbf37b6f554') in 0.0011931 seconds
Refreshing native plugins compatible for Editor in 0.00 ms, found 0 plugins.
Preloading 0 native plugins for Editor in 0.00 ms.
Asset Pipeline Refresh (id=3c58a5d7c0ee852438d904d6c85981b8): Total: 0.005 seconds - Initiated by StopAssetImportingV2(NoUpdateAssetOptions)
Start importing Assets/AreaBattle/Resources/Recovered/Outgame/Sprites/CAB-b12125ef40883c71a6601adc1cc4fb42_6229623910888829140.png using Guid(d2ba66c6d7ece96478b9b12640746d41) (TextureImporter) -> (artifact id: 'ed4ce76710c4e5c23bed057fed423581') in 0.0013458 seconds
Refreshing native plugins compatible for Editor in 0.00 ms, found 0 plugins.
Preloading 0 native plugins for Editor in 0.00 ms.
Asset Pipeline Refresh (id=6b32c7216d4f7ae4cbb6f2e6c6b1e44b): Total: 0.005 seconds - Initiated by StopAssetImportingV2(NoUpdateAssetOptions)
Start importing Assets/AreaBattle/Resources/Recovered/Outgame/Sprites/CAB-b12125ef40883c71a6601adc1cc4fb42_6229623910888829140.png using Guid(d2ba66c6d7ece96478b9b12640746d41) (TextureImporter) -> (artifact id: 'ed4ce76710c4e5c23bed057fed423581') in 0.0012106 seconds
Refreshing native plugins compatible for Editor in 0.00 ms, found 0 plugins.
Preloading 0 native plugins for Editor in 0.00 ms.
Asset Pipeline Refresh (id=116c3c203c503db4fb6a6f9bb921994c): Total: 0.005 seconds - Initiated by StopAssetImportingV2(NoUpdateAssetOptions)
Start importing Assets/AreaBattle/Resources/Recovered/Outgame/Sprites/CAB-a79877fee73a97ed0be4eacb186a645b_3372530375804971773.png using Guid(97f4ca738d63b7b4c82cffe33b99bdb9) (TextureImporter) -> (artifact id: '4791d6e8c831bf4c9a544de95cff314a') in 0.0013362 seconds
Refreshing native plugins compatible for Editor in 0.00 ms, found 0 plugins.
Preloading 0 native plugins for Editor in 0.00 ms.
Asset Pipeline Refresh (id=155c68ad40c1507459c57c643dfb2fb7): Total: 0.005 seconds - Initiated by StopAssetImportingV2(NoUpdateAssetOptions)
Start importing Assets/AreaBattle/Resources/Recovered/Outgame/Sprites/CAB-a79877fee73a97ed0be4eacb186a645b_3372530375804971773.png using Guid(97f4ca738d63b7b4c82cffe33b99bdb9) (TextureImporter) -> (artifact id: '4791d6e8c831bf4c9a544de95cff314a') in 0.0011755 seconds
Refreshing native plugins compatible for Editor in 0.00 ms, found 0 plugins.
Preloading 0 native plugins for Editor in 0.00 ms.
Asset Pipeline Refresh (id=3b5cebd3ce3008140be7091faeff9751): Total: 0.005 seconds - Initiated by StopAssetImportingV2(NoUpdateAssetOptions)
Start importing Assets/AreaBattle/Resources/Recovered/Outgame/Sprites/CAB-a79877fee73a97ed0be4eacb186a645b_6229623910888829140.png using Guid(32392263c9155114cb2ed67e178e49b5) (TextureImporter) -> (artifact id: '45a3659f007a6e63b39bac309a777ed9') in 0.0013647 seconds
Refreshing native plugins compatible for Editor in 0.00 ms, found 0 plugins.
Preloading 0 native plugins for Editor in 0.00 ms.
Asset Pipeline Refresh (id=9d2c4cc40958bbb45ade05ece3e5c673): Total: 0.005 seconds - Initiated by StopAssetImportingV2(NoUpdateAssetOptions)
Start importing Assets/AreaBattle/Resources/Recovered/Outgame/Sprites/CAB-a79877fee73a97ed0be4eacb186a645b_6229623910888829140.png using Guid(32392263c9155114cb2ed67e178e49b5) (TextureImporter) -> (artifact id: '45a3659f007a6e63b39bac309a777ed9') in 0.0012039 seconds
Refreshing native plugins compatible for Editor in 0.00 ms, found 0 plugins.
Preloading 0 native plugins for Editor in 0.00 ms.
Asset Pipeline Refresh (id=58001a58ba88f6d4e8cd496a9ed958b4): Total: 0.005 seconds - Initiated by StopAssetImportingV2(NoUpdateAssetOptions)
Start importing Assets/AreaBattle/Resources/Recovered/Outgame/Sprites/CAB-09c3d068126ad94f1c11da2f7e3861d3_-8381883379871834688.png using Guid(640af13204a893f428a3a38486aedd44) (TextureImporter) -> (artifact id: 'ba3f6db80f0f72842e40c9a3c40b6c13') in 0.0046471 seconds
Refreshing native plugins compatible for Editor in 0.00 ms, found 0 plugins.
Preloading 0 native plugins for Editor in 0.00 ms.
Asset Pipeline Refresh (id=4fb11891687ae8f4ab89f743d3243936): Total: 0.008 seconds - Initiated by StopAssetImportingV2(NoUpdateAssetOptions)
Start importing Assets/AreaBattle/Resources/Recovered/Outgame/Sprites/CAB-09c3d068126ad94f1c11da2f7e3861d3_-8381883379871834688.png using Guid(640af13204a893f428a3a38486aedd44) (TextureImporter) -> (artifact id: 'ba3f6db80f0f72842e40c9a3c40b6c13') in 0.0040295 seconds
Refreshing native plugins compatible for Editor in 0.00 ms, found 0 plugins.
Preloading 0 native plugins for Editor in 0.00 ms.
Asset Pipeline Refresh (id=52ec963da87f1a64d8b6b7b93998e3d0): Total: 0.008 seconds - Initiated by StopAssetImportingV2(NoUpdateAssetOptions)
Start importing Assets/AreaBattle/Resources/Recovered/Outgame/Sprites/CAB-09c3d068126ad94f1c11da2f7e3861d3_-6740511183765806172.png using Guid(630f334e33209ff4798c00af49972806) (TextureImporter) -> (artifact id: '2ef72040d4c74338efddeafc459575ce') in 0.0041546 seconds
Refreshing native plugins compatible for Editor in 0.00 ms, found 0 plugins.
Preloading 0 native plugins for Editor in 0.00 ms.
Asset Pipeline Refresh (id=4e2a0c7d232e0bf428a9a6906e930d87): Total: 0.008 seconds - Initiated by StopAssetImportingV2(NoUpdateAssetOptions)
Start importing Assets/AreaBattle/Resources/Recovered/Outgame/Sprites/CAB-09c3d068126ad94f1c11da2f7e3861d3_-6740511183765806172.png using Guid(630f334e33209ff4798c00af49972806) (TextureImporter) -> (artifact id: '2ef72040d4c74338efddeafc459575ce') in 0.0039255 seconds
Refreshing native plugins compatible for Editor in 0.00 ms, found 0 plugins.
Preloading 0 native plugins for Editor in 0.00 ms.
Asset Pipeline Refresh (id=727274880ccf6a444865e899cc76f0cf): Total: 0.008 seconds - Initiated by StopAssetImportingV2(NoUpdateAssetOptions)
Start importing Assets/AreaBattle/Resources/Recovered/Outgame/Sprites/CAB-09c3d068126ad94f1c11da2f7e3861d3_-5575312454062717094.png using Guid(3dd0a80f8f68dd54287b97b03cc7d6b4) (TextureImporter) -> (artifact id: 'e437c003b4e76bd433a02f6e1e1da97b') in 0.0034006 seconds
Refreshing native plugins compatible for Editor in 0.00 ms, found 0 plugins.
Preloading 0 native plugins for Editor in 0.00 ms.
Asset Pipeline Refresh (id=ca51171b89b68ff45a65bc18e2c3300b): Total: 0.007 seconds - Initiated by StopAssetImportingV2(NoUpdateAssetOptions)
Start importing Assets/AreaBattle/Resources/Recovered/Outgame/Sprites/CAB-09c3d068126ad94f1c11da2f7e3861d3_-5575312454062717094.png using Guid(3dd0a80f8f68dd54287b97b03cc7d6b4) (TextureImporter) -> (artifact id: 'e437c003b4e76bd433a02f6e1e1da97b') in 0.0033122 seconds
Refreshing native plugins compatible for Editor in 0.00 ms, found 0 plugins.
Preloading 0 native plugins for Editor in 0.00 ms.
Asset Pipeline Refresh (id=bca4d2334ec7ea24b90b5ccebf2a783e): Total: 0.007 seconds - Initiated by StopAssetImportingV2(NoUpdateAssetOptions)
Start importing Assets/AreaBattle/Resources/Recovered/Outgame/Sprites/CAB-09c3d068126ad94f1c11da2f7e3861d3_-4364203530588305335.png using Guid(5169854e50de65f44b0b9a736920ef94) (TextureImporter) -> (artifact id: '345c1b5d2bd3698efd0f13aff7335dc8') in 0.0035478 seconds
Refreshing native plugins compatible for Editor in 0.00 ms, found 0 plugins.
Preloading 0 native plugins for Editor in 0.00 ms.
Asset Pipeline Refresh (id=ff2d0b699601ab547b5d0b92124df32b): Total: 0.008 seconds - Initiated by StopAssetImportingV2(NoUpdateAssetOptions)
Start importing Assets/AreaBattle/Resources/Recovered/Outgame/Sprites/CAB-09c3d068126ad94f1c11da2f7e3861d3_-4364203530588305335.png using Guid(5169854e50de65f44b0b9a736920ef94) (TextureImporter) -> (artifact id: '345c1b5d2bd3698efd0f13aff7335dc8') in 0.0032913 seconds
Refreshing native plugins compatible for Editor in 0.00 ms, found 0 plugins.
Preloading 0 native plugins for Editor in 0.00 ms.
Asset Pipeline Refresh (id=40b374a91a23a924a868ec06bae4af4b): Total: 0.007 seconds - Initiated by StopAssetImportingV2(NoUpdateAssetOptions)
Start importing Assets/AreaBattle/Resources/Recovered/Outgame/Sprites/CAB-09c3d068126ad94f1c11da2f7e3861d3_3081396636254224817.png using Guid(e431f5c71b864f649a2cf2caf0082881) (TextureImporter) -> (artifact id: 'b15274bc00ccddd833ed7f3440d79afc') in 0.0032744 seconds
Refreshing native plugins compatible for Editor in 0.00 ms, found 0 plugins.
Preloading 0 native plugins for Editor in 0.00 ms.
Asset Pipeline Refresh (id=52c5d4f51846f334cb9a07dbe4472ae8): Total: 0.007 seconds - Initiated by StopAssetImportingV2(NoUpdateAssetOptions)
Start importing Assets/AreaBattle/Resources/Recovered/Outgame/Sprites/CAB-09c3d068126ad94f1c11da2f7e3861d3_3081396636254224817.png using Guid(e431f5c71b864f649a2cf2caf0082881) (TextureImporter) -> (artifact id: 'b15274bc00ccddd833ed7f3440d79afc') in 0.0031954 seconds
Refreshing native plugins compatible for Editor in 0.00 ms, found 0 plugins.
Preloading 0 native plugins for Editor in 0.00 ms.
Asset Pipeline Refresh (id=296248492e4253640b386b0623fdecaa): Total: 0.008 seconds - Initiated by StopAssetImportingV2(NoUpdateAssetOptions)
Start importing Assets/AreaBattle/Resources/Recovered/Outgame/Sprites/CAB-09c3d068126ad94f1c11da2f7e3861d3_4995918822714590516.png using Guid(252ba9e872b8c864b8b7b4e09f9b406e) (TextureImporter) -> (artifact id: '069f2b54d73237bced5a72d8058f65da') in 0.0046724 seconds
Refreshing native plugins compatible for Editor in 0.00 ms, found 0 plugins.
Preloading 0 native plugins for Editor in 0.00 ms.
Asset Pipeline Refresh (id=6a85e133c66548049b369d15a69c87d2): Total: 0.009 seconds - Initiated by StopAssetImportingV2(NoUpdateAssetOptions)
Start importing Assets/AreaBattle/Resources/Recovered/Outgame/Sprites/CAB-09c3d068126ad94f1c11da2f7e3861d3_4995918822714590516.png using Guid(252ba9e872b8c864b8b7b4e09f9b406e) (TextureImporter) -> (artifact id: '069f2b54d73237bced5a72d8058f65da') in 0.004631 seconds
Refreshing native plugins compatible for Editor in 0.00 ms, found 0 plugins.
Preloading 0 native plugins for Editor in 0.00 ms.
Asset Pipeline Refresh (id=35188c882c43e8a4cb74e1fc639c007c): Total: 0.009 seconds - Initiated by StopAssetImportingV2(NoUpdateAssetOptions)
Start importing Assets/AreaBattle/Resources/Recovered/Outgame/Sprites/CAB-236d29bed54a0643400a60e84b6640d2_6243317436195600785.png using Guid(974399c0de17cf14682ac17d5b1bbe54) (TextureImporter) -> (artifact id: 'ff0c536c95cdd79a2d25871ad2e6a7b8') in 0.0043971 seconds
Refreshing native plugins compatible for Editor in 0.00 ms, found 0 plugins.
Preloading 0 native plugins for Editor in 0.00 ms.
Asset Pipeline Refresh (id=dd1718dd9d20fd343a161cc927315d02): Total: 0.008 seconds - Initiated by StopAssetImportingV2(NoUpdateAssetOptions)
Start importing Assets/AreaBattle/Resources/Recovered/Outgame/Sprites/CAB-236d29bed54a0643400a60e84b6640d2_6243317436195600785.png using Guid(974399c0de17cf14682ac17d5b1bbe54) (TextureImporter) -> (artifact id: 'ff0c536c95cdd79a2d25871ad2e6a7b8') in 0.0042494 seconds
Refreshing native plugins compatible for Editor in 0.00 ms, found 0 plugins.
Preloading 0 native plugins for Editor in 0.00 ms.
Asset Pipeline Refresh (id=91a172f4899c7d74bb8526c36d53fdb3): Total: 0.008 seconds - Initiated by StopAssetImportingV2(NoUpdateAssetOptions)
Start importing Assets/AreaBattle/Resources/Recovered/Outgame/Sprites/CAB-236d29bed54a0643400a60e84b6640d2_-7127012829004039496.png using Guid(1f9ff0a1d10ba5c4b804c9b0d6339edd) (TextureImporter) -> (artifact id: '6f329639ad3ee3454dc8275b6dda2463') in 0.0048392 seconds
Refreshing native plugins compatible for Editor in 0.00 ms, found 0 plugins.
Preloading 0 native plugins for Editor in 0.00 ms.
Asset Pipeline Refresh (id=7f83f92d66ad9e24fb8cd22b8f556da1): Total: 0.009 seconds - Initiated by StopAssetImportingV2(NoUpdateAssetOptions)
Start importing Assets/AreaBattle/Resources/Recovered/Outgame/Sprites/CAB-236d29bed54a0643400a60e84b6640d2_-7127012829004039496.png using Guid(1f9ff0a1d10ba5c4b804c9b0d6339edd) (TextureImporter) -> (artifact id: '6f329639ad3ee3454dc8275b6dda2463') in 0.0045586 seconds
Refreshing native plugins compatible for Editor in 0.00 ms, found 0 plugins.
Preloading 0 native plugins for Editor in 0.00 ms.
Asset Pipeline Refresh (id=6630fa1f193fcae48af8dd6e49b219c3): Total: 0.009 seconds - Initiated by StopAssetImportingV2(NoUpdateAssetOptions)
Start importing Assets/AreaBattle/Resources/Recovered/Outgame/Sprites/CAB-236d29bed54a0643400a60e84b6640d2_8123317421434595790.png using Guid(6654d94c5b7332c4e8ed37d8cf2d5bbb) (TextureImporter) -> (artifact id: '02f71dd489a387cad654baa0a803092a') in 0.0046679 seconds
Refreshing native plugins compatible for Editor in 0.00 ms, found 0 plugins.
Preloading 0 native plugins for Editor in 0.00 ms.
Asset Pipeline Refresh (id=190939ac13f12db4dac8d615077d1948): Total: 0.009 seconds - Initiated by StopAssetImportingV2(NoUpdateAssetOptions)
Start importing Assets/AreaBattle/Resources/Recovered/Outgame/Sprites/CAB-236d29bed54a0643400a60e84b6640d2_8123317421434595790.png using Guid(6654d94c5b7332c4e8ed37d8cf2d5bbb) (TextureImporter) -> (artifact id: '02f71dd489a387cad654baa0a803092a') in 0.0045015 seconds
Refreshing native plugins compatible for Editor in 0.00 ms, found 0 plugins.
Preloading 0 native plugins for Editor in 0.00 ms.
Asset Pipeline Refresh (id=19102c7f264b763439df93522254fb4b): Total: 0.009 seconds - Initiated by StopAssetImportingV2(NoUpdateAssetOptions)
Start importing Assets/AreaBattle/Resources/Recovered/Outgame/Sprites/CAB-236d29bed54a0643400a60e84b6640d2_-3228103202983965976.png using Guid(f15224868e0337245bda88ffe474c066) (TextureImporter) -> (artifact id: 'b28fc9537f051049b15c91a1be33789e') in 0.0044338 seconds
Refreshing native plugins compatible for Editor in 0.00 ms, found 0 plugins.
Preloading 0 native plugins for Editor in 0.00 ms.
Asset Pipeline Refresh (id=e17e1a72b53956c41ba1b82a49fb884a): Total: 0.009 seconds - Initiated by StopAssetImportingV2(NoUpdateAssetOptions)
Start importing Assets/AreaBattle/Resources/Recovered/Outgame/Sprites/CAB-236d29bed54a0643400a60e84b6640d2_-3228103202983965976.png using Guid(f15224868e0337245bda88ffe474c066) (TextureImporter) -> (artifact id: 'b28fc9537f051049b15c91a1be33789e') in 0.0048885 seconds
Refreshing native plugins compatible for Editor in 0.00 ms, found 0 plugins.
Preloading 0 native plugins for Editor in 0.00 ms.
Asset Pipeline Refresh (id=2cbead5af71539a43942d54fc458017c): Total: 0.009 seconds - Initiated by StopAssetImportingV2(NoUpdateAssetOptions)
Start importing Assets/AreaBattle/Resources/Recovered/Outgame/Sprites/CAB-236d29bed54a0643400a60e84b6640d2_-7389758495603503228.png using Guid(1e656e28c8f2db9458b2f9b481d65854) (TextureImporter) -> (artifact id: '0e144abfa342a296bb8298772c68b102') in 0.0046891 seconds
Refreshing native plugins compatible for Editor in 0.00 ms, found 0 plugins.
Preloading 0 native plugins for Editor in 0.00 ms.
Asset Pipeline Refresh (id=00473daf48e4c944089b487908b81760): Total: 0.009 seconds - Initiated by StopAssetImportingV2(NoUpdateAssetOptions)
Start importing Assets/AreaBattle/Resources/Recovered/Outgame/Sprites/CAB-236d29bed54a0643400a60e84b6640d2_-7389758495603503228.png using Guid(1e656e28c8f2db9458b2f9b481d65854) (TextureImporter) -> (artifact id: '0e144abfa342a296bb8298772c68b102') in 0.0044197 seconds
Refreshing native plugins compatible for Editor in 0.00 ms, found 0 plugins.
Preloading 0 native plugins for Editor in 0.00 ms.
Asset Pipeline Refresh (id=23e326e8a1cec374280d48bc0c34a153): Total: 0.009 seconds - Initiated by StopAssetImportingV2(NoUpdateAssetOptions)
Start importing Assets/AreaBattle/Resources/Recovered/Outgame/Sprites/CAB-236d29bed54a0643400a60e84b6640d2_4818366244722955062.png using Guid(d09dad0c02036f14786a4ea468fc0995) (TextureImporter) -> (artifact id: 'e3d3a3b1d366dc4f9298399a9ceaf3fe') in 0.0051537 seconds
Refreshing native plugins compatible for Editor in 0.00 ms, found 0 plugins.
Preloading 0 native plugins for Editor in 0.00 ms.
Asset Pipeline Refresh (id=00bcbfc71f7f2b34388e1e747bd91400): Total: 0.009 seconds - Initiated by StopAssetImportingV2(NoUpdateAssetOptions)
Start importing Assets/AreaBattle/Resources/Recovered/Outgame/Sprites/CAB-236d29bed54a0643400a60e84b6640d2_4818366244722955062.png using Guid(d09dad0c02036f14786a4ea468fc0995) (TextureImporter) -> (artifact id: 'e3d3a3b1d366dc4f9298399a9ceaf3fe') in 0.0049753 seconds
Refreshing native plugins compatible for Editor in 0.00 ms, found 0 plugins.
Preloading 0 native plugins for Editor in 0.00 ms.
Asset Pipeline Refresh (id=ffae24d160a5bb841847022cb2af3082): Total: 0.009 seconds - Initiated by StopAssetImportingV2(NoUpdateAssetOptions)
Start importing Assets/AreaBattle/Resources/Recovered/Outgame/Sprites/CAB-236d29bed54a0643400a60e84b6640d2_833236551990963570.png using Guid(8247e9e308833af40b8c51858fbd9fc7) (TextureImporter) -> (artifact id: '094152be5c15ea384751f04845b66596') in 0.004875 seconds
Refreshing native plugins compatible for Editor in 0.00 ms, found 0 plugins.
Preloading 0 native plugins for Editor in 0.00 ms.
Asset Pipeline Refresh (id=16b0de51f1d738e4aa52942d49675dd9): Total: 0.009 seconds - Initiated by StopAssetImportingV2(NoUpdateAssetOptions)
Start importing Assets/AreaBattle/Resources/Recovered/Outgame/Sprites/CAB-236d29bed54a0643400a60e84b6640d2_833236551990963570.png using Guid(8247e9e308833af40b8c51858fbd9fc7) (TextureImporter) -> (artifact id: '094152be5c15ea384751f04845b66596') in 0.0045871 seconds
Refreshing native plugins compatible for Editor in 0.00 ms, found 0 plugins.
Preloading 0 native plugins for Editor in 0.00 ms.
Asset Pipeline Refresh (id=b58a5e20f507c574c872a06bd931df07): Total: 0.009 seconds - Initiated by StopAssetImportingV2(NoUpdateAssetOptions)
Start importing Assets/AreaBattle/Resources/Recovered/Outgame/Sprites/CAB-236d29bed54a0643400a60e84b6640d2_7540434602984030828.png using Guid(28b2dac8f0a502d448d1339d9172916f) (TextureImporter) -> (artifact id: '50e604e03178c946e12ce8526502ff75') in 0.0037139 seconds
Refreshing native plugins compatible for Editor in 0.00 ms, found 0 plugins.
Preloading 0 native plugins for Editor in 0.00 ms.
Asset Pipeline Refresh (id=3d8be48faf8a50a41af4d45a42adfa30): Total: 0.008 seconds - Initiated by StopAssetImportingV2(NoUpdateAssetOptions)
Start importing Assets/AreaBattle/Resources/Recovered/Outgame/Sprites/CAB-236d29bed54a0643400a60e84b6640d2_7540434602984030828.png using Guid(28b2dac8f0a502d448d1339d9172916f) (TextureImporter) -> (artifact id: '50e604e03178c946e12ce8526502ff75') in 0.0034875 seconds
Refreshing native plugins compatible for Editor in 0.00 ms, found 0 plugins.
Preloading 0 native plugins for Editor in 0.00 ms.
Asset Pipeline Refresh (id=b1ceaf7c282e38347b7b730a4e9408aa): Total: 0.008 seconds - Initiated by StopAssetImportingV2(NoUpdateAssetOptions)
Start importing Assets/AreaBattle/Resources/Recovered/Outgame/Sprites/CAB-236d29bed54a0643400a60e84b6640d2_5269563005241172491.png using Guid(8ca20d37fceebcf40868754a64cdd929) (TextureImporter) -> (artifact id: '791daf904f66bd78ba0a31e793bb52fc') in 0.0034419 seconds
Refreshing native plugins compatible for Editor in 0.00 ms, found 0 plugins.
Preloading 0 native plugins for Editor in 0.00 ms.
Asset Pipeline Refresh (id=6533725e461c86d4aaa225b726f8159f): Total: 0.007 seconds - Initiated by StopAssetImportingV2(NoUpdateAssetOptions)
Start importing Assets/AreaBattle/Resources/Recovered/Outgame/Sprites/CAB-236d29bed54a0643400a60e84b6640d2_5269563005241172491.png using Guid(8ca20d37fceebcf40868754a64cdd929) (TextureImporter) -> (artifact id: '791daf904f66bd78ba0a31e793bb52fc') in 0.003439 seconds
Refreshing native plugins compatible for Editor in 0.00 ms, found 0 plugins.
Preloading 0 native plugins for Editor in 0.00 ms.
Asset Pipeline Refresh (id=d7f0788c653a7e24b8ee4bb2f5efc589): Total: 0.008 seconds - Initiated by StopAssetImportingV2(NoUpdateAssetOptions)
Start importing Assets/AreaBattle/Resources/Recovered/Outgame/Sprites/CAB-236d29bed54a0643400a60e84b6640d2_-7692100392573441639.png using Guid(19023ca5cdba58b4daf16acac5c587fc) (TextureImporter) -> (artifact id: '1973ff4659cc38411a3981bb213bb1ca') in 0.0043702 seconds
Refreshing native plugins compatible for Editor in 0.00 ms, found 0 plugins.
Preloading 0 native plugins for Editor in 0.00 ms.
Asset Pipeline Refresh (id=70696085d60eb28428c2508ada14ca3f): Total: 0.008 seconds - Initiated by StopAssetImportingV2(NoUpdateAssetOptions)
Start importing Assets/AreaBattle/Resources/Recovered/Outgame/Sprites/CAB-236d29bed54a0643400a60e84b6640d2_-7692100392573441639.png using Guid(19023ca5cdba58b4daf16acac5c587fc) (TextureImporter) -> (artifact id: '1973ff4659cc38411a3981bb213bb1ca') in 0.0041386 seconds
Refreshing native plugins compatible for Editor in 0.00 ms, found 0 plugins.
Preloading 0 native plugins for Editor in 0.00 ms.
Asset Pipeline Refresh (id=7526cec96e20044438ab418bd0b7e0a4): Total: 0.008 seconds - Initiated by StopAssetImportingV2(NoUpdateAssetOptions)
Start importing Assets/AreaBattle/Resources/Recovered/Outgame/Sprites/CAB-236d29bed54a0643400a60e84b6640d2_-7316083311757501507.png using Guid(de72e98966cf8ba4a9caf912ad1d9b9b) (TextureImporter) -> (artifact id: '0d4b37025ca1f00633b0d6c4766a9c68') in 0.0043492 seconds
Refreshing native plugins compatible for Editor in 0.00 ms, found 0 plugins.
Preloading 0 native plugins for Editor in 0.00 ms.
Asset Pipeline Refresh (id=43663aa42ffb62649995d3e3d16d1607): Total: 0.008 seconds - Initiated by StopAssetImportingV2(NoUpdateAssetOptions)
Start importing Assets/AreaBattle/Resources/Recovered/Outgame/Sprites/CAB-236d29bed54a0643400a60e84b6640d2_-7316083311757501507.png using Guid(de72e98966cf8ba4a9caf912ad1d9b9b) (TextureImporter) -> (artifact id: '0d4b37025ca1f00633b0d6c4766a9c68') in 0.0041931 seconds
Refreshing native plugins compatible for Editor in 0.00 ms, found 0 plugins.
Preloading 0 native plugins for Editor in 0.00 ms.
Asset Pipeline Refresh (id=327d097701e29544d9c2d424c7ea53b2): Total: 0.008 seconds - Initiated by StopAssetImportingV2(NoUpdateAssetOptions)
Start importing Assets/AreaBattle/Resources/Recovered/Outgame/Sprites/CAB-236d29bed54a0643400a60e84b6640d2_5995395067148542550.png using Guid(c394e1b02211f4e4880e45c931887fe3) (TextureImporter) -> (artifact id: '333c660330b55f4d7350754f92db8ab5') in 0.0047495 seconds
Refreshing native plugins compatible for Editor in 0.00 ms, found 0 plugins.
Preloading 0 native plugins for Editor in 0.00 ms.
Asset Pipeline Refresh (id=769d7adba787f184fb183cdf1f25b235): Total: 0.009 seconds - Initiated by StopAssetImportingV2(NoUpdateAssetOptions)
Start importing Assets/AreaBattle/Resources/Recovered/Outgame/Sprites/CAB-236d29bed54a0643400a60e84b6640d2_5995395067148542550.png using Guid(c394e1b02211f4e4880e45c931887fe3) (TextureImporter) -> (artifact id: '333c660330b55f4d7350754f92db8ab5') in 0.004679 seconds
Refreshing native plugins compatible for Editor in 0.00 ms, found 0 plugins.
Preloading 0 native plugins for Editor in 0.00 ms.
Asset Pipeline Refresh (id=17e314ef3dc3c2644b78c9bf512481f5): Total: 0.009 seconds - Initiated by StopAssetImportingV2(NoUpdateAssetOptions)
Start importing Assets/AreaBattle/Resources/Recovered/Outgame/Sprites/CAB-236d29bed54a0643400a60e84b6640d2_-3714465237992435311.png using Guid(484e226eb48bc1f478ed3949960316be) (TextureImporter) -> (artifact id: '598dfe85425b02fbe00c930cb60ac73a') in 0.0049828 seconds
Refreshing native plugins compatible for Editor in 0.00 ms, found 0 plugins.
Preloading 0 native plugins for Editor in 0.00 ms.
Asset Pipeline Refresh (id=fb2c5a6cf92ef47449bbb0c1f264e3d1): Total: 0.009 seconds - Initiated by StopAssetImportingV2(NoUpdateAssetOptions)
Start importing Assets/AreaBattle/Resources/Recovered/Outgame/Sprites/CAB-236d29bed54a0643400a60e84b6640d2_-3714465237992435311.png using Guid(484e226eb48bc1f478ed3949960316be) (TextureImporter) -> (artifact id: '598dfe85425b02fbe00c930cb60ac73a') in 0.0047487 seconds
Refreshing native plugins compatible for Editor in 0.00 ms, found 0 plugins.
Preloading 0 native plugins for Editor in 0.00 ms.
Asset Pipeline Refresh (id=9737dc74c0a71fd499e509630aa9a91b): Total: 0.009 seconds - Initiated by StopAssetImportingV2(NoUpdateAssetOptions)
Start importing Assets/AreaBattle/Resources/Recovered/Outgame/Sprites/CAB-236d29bed54a0643400a60e84b6640d2_8209691754998143837.png using Guid(4adab758e506efa4d8bb6e34fed0d492) (TextureImporter) -> (artifact id: 'e94683e3a66bfb8299bbd6cc93ff12cc') in 0.0044356 seconds
Refreshing native plugins compatible for Editor in 0.00 ms, found 0 plugins.
Preloading 0 native plugins for Editor in 0.00 ms.
Asset Pipeline Refresh (id=cb5e94f7a1f023e438dd835d80740ab4): Total: 0.008 seconds - Initiated by StopAssetImportingV2(NoUpdateAssetOptions)
Start importing Assets/AreaBattle/Resources/Recovered/Outgame/Sprites/CAB-236d29bed54a0643400a60e84b6640d2_8209691754998143837.png using Guid(4adab758e506efa4d8bb6e34fed0d492) (TextureImporter) -> (artifact id: 'e94683e3a66bfb8299bbd6cc93ff12cc') in 0.0045988 seconds
Refreshing native plugins compatible for Editor in 0.00 ms, found 0 plugins.
Preloading 0 native plugins for Editor in 0.00 ms.
Asset Pipeline Refresh (id=1f642f3e383127944987d08c7608395b): Total: 0.009 seconds - Initiated by StopAssetImportingV2(NoUpdateAssetOptions)
Start importing Assets/AreaBattle/Resources/Recovered/Outgame/Sprites/CAB-236d29bed54a0643400a60e84b6640d2_-1878480968887165505.png using Guid(13038e4fed63b284e8dd7df47c12d645) (TextureImporter) -> (artifact id: '28aac2d407bb7b3f868ae56898614454') in 0.0047287 seconds
Refreshing native plugins compatible for Editor in 0.00 ms, found 0 plugins.
Preloading 0 native plugins for Editor in 0.00 ms.
Asset Pipeline Refresh (id=a76b2522605404a4fb737e49995512b2): Total: 0.009 seconds - Initiated by StopAssetImportingV2(NoUpdateAssetOptions)
Start importing Assets/AreaBattle/Resources/Recovered/Outgame/Sprites/CAB-236d29bed54a0643400a60e84b6640d2_-1878480968887165505.png using Guid(13038e4fed63b284e8dd7df47c12d645) (TextureImporter) -> (artifact id: '28aac2d407bb7b3f868ae56898614454') in 0.0046005 seconds
Refreshing native plugins compatible for Editor in 0.00 ms, found 0 plugins.
Preloading 0 native plugins for Editor in 0.00 ms.
Asset Pipeline Refresh (id=49455631e26643045b2bb0ed0c3e951a): Total: 0.009 seconds - Initiated by StopAssetImportingV2(NoUpdateAssetOptions)
Start importing Assets/AreaBattle/Resources/Recovered/Outgame/Sprites/CAB-236d29bed54a0643400a60e84b6640d2_6999630768484779052.png using Guid(c727b0d951cd7af46a9cc5b8e4a55b42) (TextureImporter) -> (artifact id: 'b62653fc33c21cf1910e94fb4d3352df') in 0.0043879 seconds
Refreshing native plugins compatible for Editor in 0.00 ms, found 0 plugins.
Preloading 0 native plugins for Editor in 0.00 ms.
Asset Pipeline Refresh (id=d1237b2cb1e64d341bbe4506e7dadeff): Total: 0.008 seconds - Initiated by StopAssetImportingV2(NoUpdateAssetOptions)
Start importing Assets/AreaBattle/Resources/Recovered/Outgame/Sprites/CAB-236d29bed54a0643400a60e84b6640d2_6999630768484779052.png using Guid(c727b0d951cd7af46a9cc5b8e4a55b42) (TextureImporter) -> (artifact id: 'b62653fc33c21cf1910e94fb4d3352df') in 0.0043438 seconds
Refreshing native plugins compatible for Editor in 0.00 ms, found 0 plugins.
Preloading 0 native plugins for Editor in 0.00 ms.
Asset Pipeline Refresh (id=60910c2518265dd438be22ca06290a05): Total: 0.009 seconds - Initiated by StopAssetImportingV2(NoUpdateAssetOptions)
Start importing Assets/AreaBattle/Resources/Recovered/Outgame/Sprites/CAB-236d29bed54a0643400a60e84b6640d2_8327806147135083557.png using Guid(2e0976d396f13d142b0274b4b544b122) (TextureImporter) -> (artifact id: 'ce49390572c7c0a835ab04c0e1929665') in 0.004899 seconds
Refreshing native plugins compatible for Editor in 0.00 ms, found 0 plugins.
Preloading 0 native plugins for Editor in 0.00 ms.
Asset Pipeline Refresh (id=50e4f93e82f03154c8e2310c6bbf7a03): Total: 0.009 seconds - Initiated by StopAssetImportingV2(NoUpdateAssetOptions)
Start importing Assets/AreaBattle/Resources/Recovered/Outgame/Sprites/CAB-236d29bed54a0643400a60e84b6640d2_8327806147135083557.png using Guid(2e0976d396f13d142b0274b4b544b122) (TextureImporter) -> (artifact id: 'ce49390572c7c0a835ab04c0e1929665') in 0.0046204 seconds
Refreshing native plugins compatible for Editor in 0.00 ms, found 0 plugins.
Preloading 0 native plugins for Editor in 0.00 ms.
Asset Pipeline Refresh (id=6c15144994222c747a1f376086c0f24c): Total: 0.009 seconds - Initiated by StopAssetImportingV2(NoUpdateAssetOptions)
Start importing Assets/AreaBattle/Resources/Recovered/Outgame/Sprites/CAB-236d29bed54a0643400a60e84b6640d2_2897689916681649709.png using Guid(d91d99991b2bf3943959c511e6dd9ce4) (TextureImporter) -> (artifact id: 'f4df28a7057b423ccec33d69b114ac59') in 0.0051782 seconds
Refreshing native plugins compatible for Editor in 0.00 ms, found 0 plugins.
Preloading 0 native plugins for Editor in 0.00 ms.
Asset Pipeline Refresh (id=1a7f73a4c739e9f49a1f947822da2d3a): Total: 0.012 seconds - Initiated by StopAssetImportingV2(NoUpdateAssetOptions)
Start importing Assets/AreaBattle/Resources/Recovered/Outgame/Sprites/CAB-236d29bed54a0643400a60e84b6640d2_2897689916681649709.png using Guid(d91d99991b2bf3943959c511e6dd9ce4) (TextureImporter) -> (artifact id: 'f4df28a7057b423ccec33d69b114ac59') in 0.0047958 seconds
Refreshing native plugins compatible for Editor in 0.00 ms, found 0 plugins.
Preloading 0 native plugins for Editor in 0.00 ms.
Asset Pipeline Refresh (id=19cc862e17a496446aed26be57f3c19b): Total: 0.010 seconds - Initiated by StopAssetImportingV2(NoUpdateAssetOptions)
Start importing Assets/AreaBattle/Resources/Recovered/Outgame/Sprites/CAB-236d29bed54a0643400a60e84b6640d2_5454989144477418927.png using Guid(20eb9192ba74ea6409e13b4cc13d0c59) (TextureImporter) -> (artifact id: 'c58cbce93c860144422503f5c35c701a') in 0.0053055 seconds
Refreshing native plugins compatible for Editor in 0.00 ms, found 0 plugins.
Preloading 0 native plugins for Editor in 0.00 ms.
Asset Pipeline Refresh (id=6d1268133b9832b458783126c7319ad0): Total: 0.010 seconds - Initiated by StopAssetImportingV2(NoUpdateAssetOptions)
Start importing Assets/AreaBattle/Resources/Recovered/Outgame/Sprites/CAB-236d29bed54a0643400a60e84b6640d2_5454989144477418927.png using Guid(20eb9192ba74ea6409e13b4cc13d0c59) (TextureImporter) -> (artifact id: 'c58cbce93c860144422503f5c35c701a') in 0.0050093 seconds
Refreshing native plugins compatible for Editor in 0.00 ms, found 0 plugins.
Preloading 0 native plugins for Editor in 0.00 ms.
Asset Pipeline Refresh (id=11cfeda2dac81174d8ce43c5811b6833): Total: 0.010 seconds - Initiated by StopAssetImportingV2(NoUpdateAssetOptions)
Start importing Assets/AreaBattle/Resources/Recovered/Outgame/Sprites/CAB-236d29bed54a0643400a60e84b6640d2_-866589322270683719.png using Guid(1a48fcf3165e45b4a835f2d3744cc0c2) (TextureImporter) -> (artifact id: '2600184b0640304c1fc243fc9b1ca45a') in 0.0053245 seconds
Refreshing native plugins compatible for Editor in 0.00 ms, found 0 plugins.
Preloading 0 native plugins for Editor in 0.00 ms.
Asset Pipeline Refresh (id=ee47712fb39941a40ad979aba764d131): Total: 0.010 seconds - Initiated by StopAssetImportingV2(NoUpdateAssetOptions)
Start importing Assets/AreaBattle/Resources/Recovered/Outgame/Sprites/CAB-236d29bed54a0643400a60e84b6640d2_-866589322270683719.png using Guid(1a48fcf3165e45b4a835f2d3744cc0c2) (TextureImporter) -> (artifact id: '2600184b0640304c1fc243fc9b1ca45a') in 0.0052916 seconds
Refreshing native plugins compatible for Editor in 0.00 ms, found 0 plugins.
Preloading 0 native plugins for Editor in 0.00 ms.
Asset Pipeline Refresh (id=0bb2a24b303ec0647b5ce1b54c2a8e07): Total: 0.010 seconds - Initiated by StopAssetImportingV2(NoUpdateAssetOptions)
Start importing Assets/AreaBattle/Resources/Recovered/Outgame/Sprites/CAB-236d29bed54a0643400a60e84b6640d2_1772116951427872016.png using Guid(20f0b16c4af20ec4d89062c72e4807c8) (TextureImporter) -> (artifact id: '46753134ba643d3c0b1c936366041638') in 0.0051982 seconds
Refreshing native plugins compatible for Editor in 0.00 ms, found 0 plugins.
Preloading 0 native plugins for Editor in 0.00 ms.
Asset Pipeline Refresh (id=031a9b1d87105ae47a10b06fcee99ea3): Total: 0.010 seconds - Initiated by StopAssetImportingV2(NoUpdateAssetOptions)
Start importing Assets/AreaBattle/Resources/Recovered/Outgame/Sprites/CAB-236d29bed54a0643400a60e84b6640d2_1772116951427872016.png using Guid(20f0b16c4af20ec4d89062c72e4807c8) (TextureImporter) -> (artifact id: '46753134ba643d3c0b1c936366041638') in 0.0048311 seconds
Refreshing native plugins compatible for Editor in 0.00 ms, found 0 plugins.
Preloading 0 native plugins for Editor in 0.00 ms.
Asset Pipeline Refresh (id=f05f5f801415cea4ab0c18a4837484aa): Total: 0.009 seconds - Initiated by StopAssetImportingV2(NoUpdateAssetOptions)
Start importing Assets/AreaBattle/Resources/Recovered/Outgame/Sprites/CAB-236d29bed54a0643400a60e84b6640d2_-8206152207478279145.png using Guid(d216258916a983849b96d172c271cdfd) (TextureImporter) -> (artifact id: '7f15de99ee9fc42ce6b17dcaf4b00bd1') in 0.0044255 seconds
Refreshing native plugins compatible for Editor in 0.00 ms, found 0 plugins.
Preloading 0 native plugins for Editor in 0.00 ms.
Asset Pipeline Refresh (id=0281d7bb9281daf4194ca6dd71965388): Total: 0.008 seconds - Initiated by StopAssetImportingV2(NoUpdateAssetOptions)
Start importing Assets/AreaBattle/Resources/Recovered/Outgame/Sprites/CAB-236d29bed54a0643400a60e84b6640d2_-8206152207478279145.png using Guid(d216258916a983849b96d172c271cdfd) (TextureImporter) -> (artifact id: '7f15de99ee9fc42ce6b17dcaf4b00bd1') in 0.0043078 seconds
Refreshing native plugins compatible for Editor in 0.00 ms, found 0 plugins.
Preloading 0 native plugins for Editor in 0.00 ms.
Asset Pipeline Refresh (id=75e08f87a4f904047a8fc8ed43cc3f08): Total: 0.008 seconds - Initiated by StopAssetImportingV2(NoUpdateAssetOptions)
Start importing Assets/AreaBattle/Resources/Recovered/Outgame/Sprites/CAB-236d29bed54a0643400a60e84b6640d2_3522133308816456546.png using Guid(a77fcad414b72b24fb2dd87164db7f15) (TextureImporter) -> (artifact id: 'abf70a194beda51683cc1778a6d1af45') in 0.0042662 seconds
Refreshing native plugins compatible for Editor in 0.00 ms, found 0 plugins.
Preloading 0 native plugins for Editor in 0.00 ms.
Asset Pipeline Refresh (id=519a5394db1509b4aaade79baa939b85): Total: 0.008 seconds - Initiated by StopAssetImportingV2(NoUpdateAssetOptions)
Start importing Assets/AreaBattle/Resources/Recovered/Outgame/Sprites/CAB-236d29bed54a0643400a60e84b6640d2_3522133308816456546.png using Guid(a77fcad414b72b24fb2dd87164db7f15) (TextureImporter) -> (artifact id: 'abf70a194beda51683cc1778a6d1af45') in 0.0042443 seconds
Refreshing native plugins compatible for Editor in 0.00 ms, found 0 plugins.
Preloading 0 native plugins for Editor in 0.00 ms.
Asset Pipeline Refresh (id=ed948a611cc747b4ea396c41e4fb4c3b): Total: 0.008 seconds - Initiated by StopAssetImportingV2(NoUpdateAssetOptions)
Start importing Assets/AreaBattle/Resources/Recovered/Outgame/Sprites/CAB-236d29bed54a0643400a60e84b6640d2_3929067689217518252.png using Guid(e9d388667c0969743a6c42910a108b59) (TextureImporter) -> (artifact id: '4b630bd3453cdcd9a4e19545da67cee9') in 0.0052897 seconds
Refreshing native plugins compatible for Editor in 0.00 ms, found 0 plugins.
Preloading 0 native plugins for Editor in 0.00 ms.
Asset Pipeline Refresh (id=e8414e14159c2434b983cc05f3e7f653): Total: 0.009 seconds - Initiated by StopAssetImportingV2(NoUpdateAssetOptions)
Start importing Assets/AreaBattle/Resources/Recovered/Outgame/Sprites/CAB-236d29bed54a0643400a60e84b6640d2_3929067689217518252.png using Guid(e9d388667c0969743a6c42910a108b59) (TextureImporter) -> (artifact id: '4b630bd3453cdcd9a4e19545da67cee9') in 0.0050773 seconds
Refreshing native plugins compatible for Editor in 0.00 ms, found 0 plugins.
Preloading 0 native plugins for Editor in 0.00 ms.
Asset Pipeline Refresh (id=fcc64a405318cb54098bd102e235691d): Total: 0.009 seconds - Initiated by StopAssetImportingV2(NoUpdateAssetOptions)
Start importing Assets/AreaBattle/Resources/Recovered/Outgame/Sprites/CAB-236d29bed54a0643400a60e84b6640d2_-7356180043057410744.png using Guid(18e68f863f7c61a43b8a08cc0f7f3acc) (TextureImporter) -> (artifact id: '92e6b9f018b17fc04c7a4a84a72f1948') in 0.0049361 seconds
Refreshing native plugins compatible for Editor in 0.00 ms, found 0 plugins.
Preloading 0 native plugins for Editor in 0.00 ms.
Asset Pipeline Refresh (id=3965a22d2bac60a4ca6f71dce07b0cb4): Total: 0.009 seconds - Initiated by StopAssetImportingV2(NoUpdateAssetOptions)
Start importing Assets/AreaBattle/Resources/Recovered/Outgame/Sprites/CAB-236d29bed54a0643400a60e84b6640d2_-7356180043057410744.png using Guid(18e68f863f7c61a43b8a08cc0f7f3acc) (TextureImporter) -> (artifact id: '92e6b9f018b17fc04c7a4a84a72f1948') in 0.0046785 seconds
Refreshing native plugins compatible for Editor in 0.00 ms, found 0 plugins.
Preloading 0 native plugins for Editor in 0.00 ms.
Asset Pipeline Refresh (id=7953a7bf0fea1ce469f2cf2ae521148e): Total: 0.009 seconds - Initiated by StopAssetImportingV2(NoUpdateAssetOptions)
Start importing Assets/AreaBattle/Resources/Recovered/Outgame/Sprites/CAB-236d29bed54a0643400a60e84b6640d2_1261799235711388324.png using Guid(93fb49dadb87a5c46bfa57793100476d) (TextureImporter) -> (artifact id: '502cc0604296477c73f3e0683e143473') in 0.0064891 seconds
Refreshing native plugins compatible for Editor in 0.00 ms, found 0 plugins.
Preloading 0 native plugins for Editor in 0.00 ms.
Asset Pipeline Refresh (id=7c8b1e1cae4963f408461d0b94ee4416): Total: 0.011 seconds - Initiated by StopAssetImportingV2(NoUpdateAssetOptions)
Start importing Assets/AreaBattle/Resources/Recovered/Outgame/Sprites/CAB-236d29bed54a0643400a60e84b6640d2_1261799235711388324.png using Guid(93fb49dadb87a5c46bfa57793100476d) (TextureImporter) -> (artifact id: '502cc0604296477c73f3e0683e143473') in 0.0044999 seconds
Refreshing native plugins compatible for Editor in 0.00 ms, found 0 plugins.
Preloading 0 native plugins for Editor in 0.00 ms.
Asset Pipeline Refresh (id=4e7d210532d71a540898e193c7dff82d): Total: 0.009 seconds - Initiated by StopAssetImportingV2(NoUpdateAssetOptions)
Start importing Assets/AreaBattle/Resources/Recovered/Outgame/Sprites/CAB-236d29bed54a0643400a60e84b6640d2_-1751896918557915088.png using Guid(8a47720b766457c489bb6b00b58b890a) (TextureImporter) -> (artifact id: '940f3ab34604d0e13cf443e547759efd') in 0.0049898 seconds
Refreshing native plugins compatible for Editor in 0.00 ms, found 0 plugins.
Preloading 0 native plugins for Editor in 0.00 ms.
Asset Pipeline Refresh (id=e74019cd901019d49bcf48830ca9fefb): Total: 0.009 seconds - Initiated by StopAssetImportingV2(NoUpdateAssetOptions)
Start importing Assets/AreaBattle/Resources/Recovered/Outgame/Sprites/CAB-236d29bed54a0643400a60e84b6640d2_-1751896918557915088.png using Guid(8a47720b766457c489bb6b00b58b890a) (TextureImporter) -> (artifact id: '940f3ab34604d0e13cf443e547759efd') in 0.0048316 seconds
Refreshing native plugins compatible for Editor in 0.00 ms, found 0 plugins.
Preloading 0 native plugins for Editor in 0.00 ms.
Asset Pipeline Refresh (id=9704d05c881564741a0b05c0ac1d32e8): Total: 0.009 seconds - Initiated by StopAssetImportingV2(NoUpdateAssetOptions)
Start importing Assets/AreaBattle/Resources/Recovered/Outgame/Sprites/CAB-236d29bed54a0643400a60e84b6640d2_-6836644896051155487.png using Guid(e63760c0d3d09a0408715466714e26ed) (TextureImporter) -> (artifact id: '79d339de6eda4a9dfd818255010c549d') in 0.0049037 seconds
Refreshing native plugins compatible for Editor in 0.00 ms, found 0 plugins.
Preloading 0 native plugins for Editor in 0.00 ms.
Asset Pipeline Refresh (id=f6128ea5187cb8b4ca7e908f0648f3e9): Total: 0.009 seconds - Initiated by StopAssetImportingV2(NoUpdateAssetOptions)
Start importing Assets/AreaBattle/Resources/Recovered/Outgame/Sprites/CAB-236d29bed54a0643400a60e84b6640d2_-6836644896051155487.png using Guid(e63760c0d3d09a0408715466714e26ed) (TextureImporter) -> (artifact id: '79d339de6eda4a9dfd818255010c549d') in 0.0047455 seconds
Refreshing native plugins compatible for Editor in 0.00 ms, found 0 plugins.
Preloading 0 native plugins for Editor in 0.00 ms.
Asset Pipeline Refresh (id=c962ca63d2d473a4db4dbf44590eedef): Total: 0.009 seconds - Initiated by StopAssetImportingV2(NoUpdateAssetOptions)
Start importing Assets/AreaBattle/Resources/Recovered/Outgame/Sprites/CAB-236d29bed54a0643400a60e84b6640d2_742921457277820724.png using Guid(b56dea1284573a14e8ec9c32d82ac6f8) (TextureImporter) -> (artifact id: 'ff9857ad75d4d20f48f47bc1de338bb3') in 0.0049176 seconds
Refreshing native plugins compatible for Editor in 0.00 ms, found 0 plugins.
Preloading 0 native plugins for Editor in 0.00 ms.
Asset Pipeline Refresh (id=763ad5d85a2d8684291e9f4b7992cc2a): Total: 0.009 seconds - Initiated by StopAssetImportingV2(NoUpdateAssetOptions)
Start importing Assets/AreaBattle/Resources/Recovered/Outgame/Sprites/CAB-236d29bed54a0643400a60e84b6640d2_742921457277820724.png using Guid(b56dea1284573a14e8ec9c32d82ac6f8) (TextureImporter) -> (artifact id: 'ff9857ad75d4d20f48f47bc1de338bb3') in 0.0045471 seconds
Refreshing native plugins compatible for Editor in 0.00 ms, found 0 plugins.
Preloading 0 native plugins for Editor in 0.00 ms.
Asset Pipeline Refresh (id=434f77bb69a907f4baf8b9163c6b095c): Total: 0.009 seconds - Initiated by StopAssetImportingV2(NoUpdateAssetOptions)
Start importing Assets/AreaBattle/Resources/Recovered/Outgame/Sprites/CAB-236d29bed54a0643400a60e84b6640d2_6736019633428355608.png using Guid(6e12f4a1ba993c14dacc0894de097094) (TextureImporter) -> (artifact id: 'f5e403ccf8b08e6aefec9fe020509509') in 0.0048319 seconds
Refreshing native plugins compatible for Editor in 0.00 ms, found 0 plugins.
Preloading 0 native plugins for Editor in 0.00 ms.
Asset Pipeline Refresh (id=9b40397e8dac1294c83ecb1ac17fe1b4): Total: 0.009 seconds - Initiated by StopAssetImportingV2(NoUpdateAssetOptions)
Start importing Assets/AreaBattle/Resources/Recovered/Outgame/Sprites/CAB-236d29bed54a0643400a60e84b6640d2_6736019633428355608.png using Guid(6e12f4a1ba993c14dacc0894de097094) (TextureImporter) -> (artifact id: 'f5e403ccf8b08e6aefec9fe020509509') in 0.0046579 seconds
Refreshing native plugins compatible for Editor in 0.00 ms, found 0 plugins.
Preloading 0 native plugins for Editor in 0.00 ms.
Asset Pipeline Refresh (id=0f1d1b29c5c62d64d88d2f2e79206331): Total: 0.009 seconds - Initiated by StopAssetImportingV2(NoUpdateAssetOptions)
Start importing Assets/AreaBattle/Resources/Recovered/Outgame/Sprites/CAB-236d29bed54a0643400a60e84b6640d2_-8425812537333143706.png using Guid(dd9be2476f765294fa816ef34df60480) (TextureImporter) -> (artifact id: 'abb8a1139a0661de1cee0ec2bfba52cb') in 0.0044667 seconds
Refreshing native plugins compatible for Editor in 0.00 ms, found 0 plugins.
Preloading 0 native plugins for Editor in 0.00 ms.
Asset Pipeline Refresh (id=788c91975283e3047bb24179471dbdfc): Total: 0.008 seconds - Initiated by StopAssetImportingV2(NoUpdateAssetOptions)
Start importing Assets/AreaBattle/Resources/Recovered/Outgame/Sprites/CAB-236d29bed54a0643400a60e84b6640d2_-8425812537333143706.png using Guid(dd9be2476f765294fa816ef34df60480) (TextureImporter) -> (artifact id: 'abb8a1139a0661de1cee0ec2bfba52cb') in 0.0043527 seconds
Refreshing native plugins compatible for Editor in 0.00 ms, found 0 plugins.
Preloading 0 native plugins for Editor in 0.00 ms.
Asset Pipeline Refresh (id=44317538725b6084b92f7ec1b3243e21): Total: 0.008 seconds - Initiated by StopAssetImportingV2(NoUpdateAssetOptions)
Start importing Assets/AreaBattle/Resources/Recovered/Outgame/Sprites/CAB-236d29bed54a0643400a60e84b6640d2_-8725716696399026789.png using Guid(275cb27c0cae3594b87d0bc7f0c8f70e) (TextureImporter) -> (artifact id: 'df8f201195e57fd528da260e4b9bbef2') in 0.0039845 seconds
Refreshing native plugins compatible for Editor in 0.00 ms, found 0 plugins.
Preloading 0 native plugins for Editor in 0.00 ms.
Asset Pipeline Refresh (id=5f16350bd25a67b4ea4e5ac48b663e87): Total: 0.008 seconds - Initiated by StopAssetImportingV2(NoUpdateAssetOptions)
Start importing Assets/AreaBattle/Resources/Recovered/Outgame/Sprites/CAB-236d29bed54a0643400a60e84b6640d2_-8725716696399026789.png using Guid(275cb27c0cae3594b87d0bc7f0c8f70e) (TextureImporter) -> (artifact id: 'df8f201195e57fd528da260e4b9bbef2') in 0.0038133 seconds
Refreshing native plugins compatible for Editor in 0.00 ms, found 0 plugins.
Preloading 0 native plugins for Editor in 0.00 ms.
Asset Pipeline Refresh (id=0837f7afe3cd3824f9970a5cdb3b525b): Total: 0.008 seconds - Initiated by StopAssetImportingV2(NoUpdateAssetOptions)
Start importing Assets/AreaBattle/Resources/Recovered/Outgame/Sprites/CAB-236d29bed54a0643400a60e84b6640d2_2006181986584850212.png using Guid(fbfe9e1ea3fd48b4dbefc4b160ed1b24) (TextureImporter) -> (artifact id: '57d7b084c57be1f1602e3f4a20ebfbfc') in 0.0047103 seconds
Refreshing native plugins compatible for Editor in 0.00 ms, found 0 plugins.
Preloading 0 native plugins for Editor in 0.00 ms.
Asset Pipeline Refresh (id=f8dfaee6ea0c11a44a93a599e64dc69c): Total: 0.009 seconds - Initiated by StopAssetImportingV2(NoUpdateAssetOptions)
Start importing Assets/AreaBattle/Resources/Recovered/Outgame/Sprites/CAB-236d29bed54a0643400a60e84b6640d2_2006181986584850212.png using Guid(fbfe9e1ea3fd48b4dbefc4b160ed1b24) (TextureImporter) -> (artifact id: '57d7b084c57be1f1602e3f4a20ebfbfc') in 0.0044651 seconds
Refreshing native plugins compatible for Editor in 0.00 ms, found 0 plugins.
Preloading 0 native plugins for Editor in 0.00 ms.
Asset Pipeline Refresh (id=cdb1b953b85a8364ab02ce13b5077850): Total: 0.009 seconds - Initiated by StopAssetImportingV2(NoUpdateAssetOptions)
Start importing Assets/AreaBattle/Resources/Recovered/Outgame/Sprites/CAB-236d29bed54a0643400a60e84b6640d2_-855010659129902344.png using Guid(891ddcf3c8e50eb4e9701fc9e6754e64) (TextureImporter) -> (artifact id: '5f003c8f2e22bd7e28841d9cb2f483b7') in 0.0047246 seconds
Refreshing native plugins compatible for Editor in 0.00 ms, found 0 plugins.
Preloading 0 native plugins for Editor in 0.00 ms.
Asset Pipeline Refresh (id=2381b86fc719d5249a7f5a18963432dd): Total: 0.009 seconds - Initiated by StopAssetImportingV2(NoUpdateAssetOptions)
Start importing Assets/AreaBattle/Resources/Recovered/Outgame/Sprites/CAB-236d29bed54a0643400a60e84b6640d2_-855010659129902344.png using Guid(891ddcf3c8e50eb4e9701fc9e6754e64) (TextureImporter) -> (artifact id: '5f003c8f2e22bd7e28841d9cb2f483b7') in 0.0044793 seconds
Refreshing native plugins compatible for Editor in 0.00 ms, found 0 plugins.
Preloading 0 native plugins for Editor in 0.00 ms.
Asset Pipeline Refresh (id=f47806d6170f87b419bdbccfe5d499df): Total: 0.009 seconds - Initiated by StopAssetImportingV2(NoUpdateAssetOptions)
Start importing Assets/AreaBattle/Resources/Recovered/Outgame/Sprites/CAB-236d29bed54a0643400a60e84b6640d2_1311385141728623374.png using Guid(326d20eefa0d25a49bd54958bada704d) (TextureImporter) -> (artifact id: '88e3e5d6829eab410f89e835abafccc5') in 0.0050801 seconds
Refreshing native plugins compatible for Editor in 0.00 ms, found 0 plugins.
Preloading 0 native plugins for Editor in 0.00 ms.
Asset Pipeline Refresh (id=844dea9fcbd9d7448af48fe1e252e4ea): Total: 0.010 seconds - Initiated by StopAssetImportingV2(NoUpdateAssetOptions)
Start importing Assets/AreaBattle/Resources/Recovered/Outgame/Sprites/CAB-236d29bed54a0643400a60e84b6640d2_1311385141728623374.png using Guid(326d20eefa0d25a49bd54958bada704d) (TextureImporter) -> (artifact id: '88e3e5d6829eab410f89e835abafccc5') in 0.0048549 seconds
Refreshing native plugins compatible for Editor in 0.00 ms, found 0 plugins.
Preloading 0 native plugins for Editor in 0.00 ms.
Asset Pipeline Refresh (id=09d59dd6c08ade54cab4c1bc05b89593): Total: 0.009 seconds - Initiated by StopAssetImportingV2(NoUpdateAssetOptions)
Start importing Assets/AreaBattle/Resources/Recovered/Outgame/Sprites/CAB-236d29bed54a0643400a60e84b6640d2_-4799483004993170531.png using Guid(c2d2da5319c6ad64f830b57942da6ca1) (TextureImporter) -> (artifact id: '9035ce7e11377635ff8f11e88a273e5b') in 0.003973 seconds
Refreshing native plugins compatible for Editor in 0.00 ms, found 0 plugins.
Preloading 0 native plugins for Editor in 0.00 ms.
Asset Pipeline Refresh (id=6ca145342bc3f9e488b1de8277f19fdb): Total: 0.008 seconds - Initiated by StopAssetImportingV2(NoUpdateAssetOptions)
Start importing Assets/AreaBattle/Resources/Recovered/Outgame/Sprites/CAB-236d29bed54a0643400a60e84b6640d2_-4799483004993170531.png using Guid(c2d2da5319c6ad64f830b57942da6ca1) (TextureImporter) -> (artifact id: '9035ce7e11377635ff8f11e88a273e5b') in 0.00386 seconds
Refreshing native plugins compatible for Editor in 0.00 ms, found 0 plugins.
Preloading 0 native plugins for Editor in 0.00 ms.
Asset Pipeline Refresh (id=e5d610a69eea1df41825fe22d7651f05): Total: 0.008 seconds - Initiated by StopAssetImportingV2(NoUpdateAssetOptions)
Start importing Assets/AreaBattle/Resources/Recovered/Outgame/Sprites/CAB-236d29bed54a0643400a60e84b6640d2_-6638018369998771852.png using Guid(9399f8a86b30bdf47ab7a1770b72b4f7) (TextureImporter) -> (artifact id: '057fe6d0276192c99693c495d6e28ee2') in 0.005619 seconds
Refreshing native plugins compatible for Editor in 0.00 ms, found 0 plugins.
Preloading 0 native plugins for Editor in 0.00 ms.
Asset Pipeline Refresh (id=e5e71458aa624cb4ebbbf15dac35f764): Total: 0.010 seconds - Initiated by StopAssetImportingV2(NoUpdateAssetOptions)
Start importing Assets/AreaBattle/Resources/Recovered/Outgame/Sprites/CAB-236d29bed54a0643400a60e84b6640d2_-6638018369998771852.png using Guid(9399f8a86b30bdf47ab7a1770b72b4f7) (TextureImporter) -> (artifact id: '057fe6d0276192c99693c495d6e28ee2') in 0.0054923 seconds
Refreshing native plugins compatible for Editor in 0.00 ms, found 0 plugins.
Preloading 0 native plugins for Editor in 0.00 ms.
Asset Pipeline Refresh (id=fad3ad6a644d08646865953fbd9f03be): Total: 0.010 seconds - Initiated by StopAssetImportingV2(NoUpdateAssetOptions)
Start importing Assets/AreaBattle/Resources/Recovered/Outgame/Sprites/CAB-236d29bed54a0643400a60e84b6640d2_1324167630866105969.png using Guid(ff8ed8abf33ef304c876232b67805caf) (TextureImporter) -> (artifact id: 'f503896548cf9433909e6c6608a55eab') in 0.0046192 seconds
Refreshing native plugins compatible for Editor in 0.00 ms, found 0 plugins.
Preloading 0 native plugins for Editor in 0.00 ms.
Asset Pipeline Refresh (id=c68c72ed0e925f94da56eac5bcb2a7bd): Total: 0.009 seconds - Initiated by StopAssetImportingV2(NoUpdateAssetOptions)
Start importing Assets/AreaBattle/Resources/Recovered/Outgame/Sprites/CAB-236d29bed54a0643400a60e84b6640d2_1324167630866105969.png using Guid(ff8ed8abf33ef304c876232b67805caf) (TextureImporter) -> (artifact id: 'f503896548cf9433909e6c6608a55eab') in 0.0043325 seconds
Refreshing native plugins compatible for Editor in 0.00 ms, found 0 plugins.
Preloading 0 native plugins for Editor in 0.00 ms.
Asset Pipeline Refresh (id=43ea0458278cd77409376f65a8acafe3): Total: 0.009 seconds - Initiated by StopAssetImportingV2(NoUpdateAssetOptions)
Start importing Assets/AreaBattle/Resources/Recovered/Outgame/Sprites/CAB-236d29bed54a0643400a60e84b6640d2_-7506895790890091873.png using Guid(624bb54c3f8b7f44e9e281ef7127c384) (TextureImporter) -> (artifact id: '4ed2e63daa4a50b1fe1b708edcb8a2c5') in 0.0052999 seconds
Refreshing native plugins compatible for Editor in 0.00 ms, found 0 plugins.
Preloading 0 native plugins for Editor in 0.00 ms.
Asset Pipeline Refresh (id=39f33e200bd6a8f449b47dcf14e0c017): Total: 0.010 seconds - Initiated by StopAssetImportingV2(NoUpdateAssetOptions)
Start importing Assets/AreaBattle/Resources/Recovered/Outgame/Sprites/CAB-236d29bed54a0643400a60e84b6640d2_-7506895790890091873.png using Guid(624bb54c3f8b7f44e9e281ef7127c384) (TextureImporter) -> (artifact id: '4ed2e63daa4a50b1fe1b708edcb8a2c5') in 0.0049406 seconds
Refreshing native plugins compatible for Editor in 0.00 ms, found 0 plugins.
Preloading 0 native plugins for Editor in 0.00 ms.
Asset Pipeline Refresh (id=0fd3109010494da4fbccf728337ed52d): Total: 0.010 seconds - Initiated by StopAssetImportingV2(NoUpdateAssetOptions)
Start importing Assets/AreaBattle/Resources/Recovered/Outgame/Sprites/CAB-236d29bed54a0643400a60e84b6640d2_-8531422893817091864.png using Guid(bc9bb1160ea7e9e409b6f036114f5a31) (TextureImporter) -> (artifact id: '6787eb0b1a7da447b8e56281b2550c8e') in 0.0052479 seconds
Refreshing native plugins compatible for Editor in 0.00 ms, found 0 plugins.
Preloading 0 native plugins for Editor in 0.00 ms.
Asset Pipeline Refresh (id=da3d3954ed56e7042b94129294b460f3): Total: 0.009 seconds - Initiated by StopAssetImportingV2(NoUpdateAssetOptions)
Start importing Assets/AreaBattle/Resources/Recovered/Outgame/Sprites/CAB-236d29bed54a0643400a60e84b6640d2_-8531422893817091864.png using Guid(bc9bb1160ea7e9e409b6f036114f5a31) (TextureImporter) -> (artifact id: '6787eb0b1a7da447b8e56281b2550c8e') in 0.0050695 seconds
Refreshing native plugins compatible for Editor in 0.00 ms, found 0 plugins.
Preloading 0 native plugins for Editor in 0.00 ms.
Asset Pipeline Refresh (id=da5d63f8bd8a5134db0579b878b799dc): Total: 0.009 seconds - Initiated by StopAssetImportingV2(NoUpdateAssetOptions)
Start importing Assets/AreaBattle/Resources/Recovered/Outgame/Sprites/CAB-236d29bed54a0643400a60e84b6640d2_8007884755993836424.png using Guid(e90055b688870e64ebf200d69902cc8d) (TextureImporter) -> (artifact id: 'b3b0f4d04a0850207d0aae07e09b3d28') in 0.0047243 seconds
Refreshing native plugins compatible for Editor in 0.00 ms, found 0 plugins.
Preloading 0 native plugins for Editor in 0.00 ms.
Asset Pipeline Refresh (id=c53b8594fffaf5e4e911b1f934305794): Total: 0.009 seconds - Initiated by StopAssetImportingV2(NoUpdateAssetOptions)
Start importing Assets/AreaBattle/Resources/Recovered/Outgame/Sprites/CAB-236d29bed54a0643400a60e84b6640d2_8007884755993836424.png using Guid(e90055b688870e64ebf200d69902cc8d) (TextureImporter) -> (artifact id: 'b3b0f4d04a0850207d0aae07e09b3d28') in 0.0045194 seconds
Refreshing native plugins compatible for Editor in 0.00 ms, found 0 plugins.
Preloading 0 native plugins for Editor in 0.00 ms.
Asset Pipeline Refresh (id=18c68806893e8f24d8504e559c9b363d): Total: 0.009 seconds - Initiated by StopAssetImportingV2(NoUpdateAssetOptions)
Start importing Assets/AreaBattle/Resources/Recovered/Outgame/Sprites/CAB-236d29bed54a0643400a60e84b6640d2_4234032406761182527.png using Guid(09469048858db5b4f896a303ec741632) (TextureImporter) -> (artifact id: '305aeadedcd0a17b66e21636f0f9dc86') in 0.0051772 seconds
Refreshing native plugins compatible for Editor in 0.00 ms, found 0 plugins.
Preloading 0 native plugins for Editor in 0.00 ms.
Asset Pipeline Refresh (id=f21924c98804d324eb9468440689b4d6): Total: 0.009 seconds - Initiated by StopAssetImportingV2(NoUpdateAssetOptions)
Start importing Assets/AreaBattle/Resources/Recovered/Outgame/Sprites/CAB-236d29bed54a0643400a60e84b6640d2_4234032406761182527.png using Guid(09469048858db5b4f896a303ec741632) (TextureImporter) -> (artifact id: '305aeadedcd0a17b66e21636f0f9dc86') in 0.0048821 seconds
Refreshing native plugins compatible for Editor in 0.00 ms, found 0 plugins.
Preloading 0 native plugins for Editor in 0.00 ms.
Asset Pipeline Refresh (id=398f68dc7e4d13841a366608758b7710): Total: 0.009 seconds - Initiated by StopAssetImportingV2(NoUpdateAssetOptions)
Start importing Assets/AreaBattle/Resources/Recovered/Outgame/Sprites/CAB-236d29bed54a0643400a60e84b6640d2_-1234933821614223056.png using Guid(73d9ded2f96d4b4468bdbd4bcbe2caa8) (TextureImporter) -> (artifact id: '2c1275c220744ab6179491f073b5e15f') in 0.0052188 seconds
Refreshing native plugins compatible for Editor in 0.00 ms, found 0 plugins.
Preloading 0 native plugins for Editor in 0.00 ms.
Asset Pipeline Refresh (id=6ed4d5639224e0e4eba5bcc8a2480b64): Total: 0.009 seconds - Initiated by StopAssetImportingV2(NoUpdateAssetOptions)
Start importing Assets/AreaBattle/Resources/Recovered/Outgame/Sprites/CAB-236d29bed54a0643400a60e84b6640d2_-1234933821614223056.png using Guid(73d9ded2f96d4b4468bdbd4bcbe2caa8) (TextureImporter) -> (artifact id: '2c1275c220744ab6179491f073b5e15f') in 0.0048321 seconds
Refreshing native plugins compatible for Editor in 0.00 ms, found 0 plugins.
Preloading 0 native plugins for Editor in 0.00 ms.
Asset Pipeline Refresh (id=f68026bfc3ca00144ac27114383c2ac8): Total: 0.009 seconds - Initiated by StopAssetImportingV2(NoUpdateAssetOptions)
Start importing Assets/AreaBattle/Resources/Recovered/Outgame/Sprites/CAB-236d29bed54a0643400a60e84b6640d2_-2552430561095682830.png using Guid(be0083a3c6457a846834b51abf7ad045) (TextureImporter) -> (artifact id: '2b643996f732a065ec46c69a4d218cab') in 0.0045665 seconds
Refreshing native plugins compatible for Editor in 0.00 ms, found 0 plugins.
Preloading 0 native plugins for Editor in 0.00 ms.
Asset Pipeline Refresh (id=75e53851313aa56488b7f1850893831e): Total: 0.009 seconds - Initiated by StopAssetImportingV2(NoUpdateAssetOptions)
Start importing Assets/AreaBattle/Resources/Recovered/Outgame/Sprites/CAB-236d29bed54a0643400a60e84b6640d2_-2552430561095682830.png using Guid(be0083a3c6457a846834b51abf7ad045) (TextureImporter) -> (artifact id: '2b643996f732a065ec46c69a4d218cab') in 0.004309 seconds
Refreshing native plugins compatible for Editor in 0.00 ms, found 0 plugins.
Preloading 0 native plugins for Editor in 0.00 ms.
Asset Pipeline Refresh (id=c0f1ddaae664964489f3fd6ad1660abb): Total: 0.009 seconds - Initiated by StopAssetImportingV2(NoUpdateAssetOptions)
Start importing Assets/AreaBattle/Resources/Recovered/Outgame/Sprites/CAB-236d29bed54a0643400a60e84b6640d2_4562042290623674614.png using Guid(455e15681dc9b2d4bbb3d0fd4f42bb00) (TextureImporter) -> (artifact id: 'e7789425499f6768bdee4227288b530f') in 0.0049775 seconds
Refreshing native plugins compatible for Editor in 0.00 ms, found 0 plugins.
Preloading 0 native plugins for Editor in 0.00 ms.
Asset Pipeline Refresh (id=db71546d3da158848b786d47a41d9fc6): Total: 0.009 seconds - Initiated by StopAssetImportingV2(NoUpdateAssetOptions)
Start importing Assets/AreaBattle/Resources/Recovered/Outgame/Sprites/CAB-236d29bed54a0643400a60e84b6640d2_4562042290623674614.png using Guid(455e15681dc9b2d4bbb3d0fd4f42bb00) (TextureImporter) -> (artifact id: 'e7789425499f6768bdee4227288b530f') in 0.004556 seconds
Refreshing native plugins compatible for Editor in 0.00 ms, found 0 plugins.
Preloading 0 native plugins for Editor in 0.00 ms.
Asset Pipeline Refresh (id=7dae5a9987882304a9c8fde047e931cc): Total: 0.009 seconds - Initiated by StopAssetImportingV2(NoUpdateAssetOptions)
Start importing Assets/AreaBattle/Resources/Recovered/Outgame/Sprites/CAB-236d29bed54a0643400a60e84b6640d2_-8986273484713601916.png using Guid(b93f5d309014c6e4585240c58c2c14b1) (TextureImporter) -> (artifact id: 'f02f7cb0df113ff96328684e75da2a97') in 0.005756 seconds
Refreshing native plugins compatible for Editor in 0.00 ms, found 0 plugins.
Preloading 0 native plugins for Editor in 0.00 ms.
Asset Pipeline Refresh (id=4c79c98b48d86bc4b9e5747cd4794537): Total: 0.010 seconds - Initiated by StopAssetImportingV2(NoUpdateAssetOptions)
Start importing Assets/AreaBattle/Resources/Recovered/Outgame/Sprites/CAB-236d29bed54a0643400a60e84b6640d2_-8986273484713601916.png using Guid(b93f5d309014c6e4585240c58c2c14b1) (TextureImporter) -> (artifact id: 'f02f7cb0df113ff96328684e75da2a97') in 0.0054464 seconds
Refreshing native plugins compatible for Editor in 0.00 ms, found 0 plugins.
Preloading 0 native plugins for Editor in 0.00 ms.
Asset Pipeline Refresh (id=f8c4ceba77ef5a9418bf44cdb056681f): Total: 0.010 seconds - Initiated by StopAssetImportingV2(NoUpdateAssetOptions)
Start importing Assets/AreaBattle/Resources/Recovered/Outgame/Sprites/CAB-236d29bed54a0643400a60e84b6640d2_-4081636109832601492.png using Guid(a04fd19ba563d6943b2f01318fc6901a) (TextureImporter) -> (artifact id: '0af05be09dc696d6e24d03bf3648904b') in 0.0047638 seconds
Refreshing native plugins compatible for Editor in 0.00 ms, found 0 plugins.
Preloading 0 native plugins for Editor in 0.00 ms.
Asset Pipeline Refresh (id=e5cd336de84f51c4ea3661684a44aa52): Total: 0.009 seconds - Initiated by StopAssetImportingV2(NoUpdateAssetOptions)
Start importing Assets/AreaBattle/Resources/Recovered/Outgame/Sprites/CAB-236d29bed54a0643400a60e84b6640d2_-4081636109832601492.png using Guid(a04fd19ba563d6943b2f01318fc6901a) (TextureImporter) -> (artifact id: '0af05be09dc696d6e24d03bf3648904b') in 0.0046694 seconds
Refreshing native plugins compatible for Editor in 0.00 ms, found 0 plugins.
Preloading 0 native plugins for Editor in 0.00 ms.
Asset Pipeline Refresh (id=afc479adb8b90d149ac9634d8d526d2c): Total: 0.009 seconds - Initiated by StopAssetImportingV2(NoUpdateAssetOptions)
Start importing Assets/AreaBattle/Resources/Recovered/Outgame/Sprites/CAB-236d29bed54a0643400a60e84b6640d2_-9090607517805617895.png using Guid(dfb429fc9d05c934ea0b336cc1759fe1) (TextureImporter) -> (artifact id: '98c442a5e6394c7c92d5076d1703cd53') in 0.0048797 seconds
Refreshing native plugins compatible for Editor in 0.00 ms, found 0 plugins.
Preloading 0 native plugins for Editor in 0.00 ms.
Asset Pipeline Refresh (id=06de07f3848f4dc46b481e77012d2ffe): Total: 0.009 seconds - Initiated by StopAssetImportingV2(NoUpdateAssetOptions)
Start importing Assets/AreaBattle/Resources/Recovered/Outgame/Sprites/CAB-236d29bed54a0643400a60e84b6640d2_-9090607517805617895.png using Guid(dfb429fc9d05c934ea0b336cc1759fe1) (TextureImporter) -> (artifact id: '98c442a5e6394c7c92d5076d1703cd53') in 0.0049115 seconds
Refreshing native plugins compatible for Editor in 0.00 ms, found 0 plugins.
Preloading 0 native plugins for Editor in 0.00 ms.
Asset Pipeline Refresh (id=fc0c513f7fad48f498375c693cda58d8): Total: 0.009 seconds - Initiated by StopAssetImportingV2(NoUpdateAssetOptions)
Start importing Assets/AreaBattle/Resources/Recovered/Outgame/Sprites/CAB-236d29bed54a0643400a60e84b6640d2_-5958037636604978926.png using Guid(260fe92de65dfd044b991f5436d81752) (TextureImporter) -> (artifact id: 'bae466094c270942c9607c63905dcded') in 0.0046441 seconds
Refreshing native plugins compatible for Editor in 0.00 ms, found 0 plugins.
Preloading 0 native plugins for Editor in 0.00 ms.
Asset Pipeline Refresh (id=06f9e9bd68baf82478c3491fd65e6319): Total: 0.010 seconds - Initiated by StopAssetImportingV2(NoUpdateAssetOptions)
Start importing Assets/AreaBattle/Resources/Recovered/Outgame/Sprites/CAB-236d29bed54a0643400a60e84b6640d2_-5958037636604978926.png using Guid(260fe92de65dfd044b991f5436d81752) (TextureImporter) -> (artifact id: 'bae466094c270942c9607c63905dcded') in 0.0042523 seconds
Refreshing native plugins compatible for Editor in 0.00 ms, found 0 plugins.
Preloading 0 native plugins for Editor in 0.00 ms.
Asset Pipeline Refresh (id=89ecdf446cb726a48b854823ea181695): Total: 0.009 seconds - Initiated by StopAssetImportingV2(NoUpdateAssetOptions)
Start importing Assets/AreaBattle/Resources/Recovered/Outgame/Sprites/CAB-236d29bed54a0643400a60e84b6640d2_-7461848383737456324.png using Guid(2e6cd27b17f801046b5b3349d80328b0) (TextureImporter) -> (artifact id: '42cde90b4254d25fa39b0abf276fe906') in 0.0055512 seconds
Refreshing native plugins compatible for Editor in 0.00 ms, found 0 plugins.
Preloading 0 native plugins for Editor in 0.00 ms.
Asset Pipeline Refresh (id=94cd719a76183d842a2d4a6b62eee682): Total: 0.010 seconds - Initiated by StopAssetImportingV2(NoUpdateAssetOptions)
Start importing Assets/AreaBattle/Resources/Recovered/Outgame/Sprites/CAB-236d29bed54a0643400a60e84b6640d2_-7461848383737456324.png using Guid(2e6cd27b17f801046b5b3349d80328b0) (TextureImporter) -> (artifact id: '42cde90b4254d25fa39b0abf276fe906') in 0.0051079 seconds
Refreshing native plugins compatible for Editor in 0.00 ms, found 0 plugins.
Preloading 0 native plugins for Editor in 0.00 ms.
Asset Pipeline Refresh (id=8d54a4d150a5b2b479b568984492ddeb): Total: 0.010 seconds - Initiated by StopAssetImportingV2(NoUpdateAssetOptions)
Start importing Assets/AreaBattle/Resources/Recovered/Outgame/Sprites/CAB-236d29bed54a0643400a60e84b6640d2_3427847917848812458.png using Guid(cdc7f37c7709e744ab1a88cf62cde558) (TextureImporter) -> (artifact id: '466c97ca86c0872d9b13c39595773677') in 0.0055246 seconds
Refreshing native plugins compatible for Editor in 0.00 ms, found 0 plugins.
Preloading 0 native plugins for Editor in 0.00 ms.
Asset Pipeline Refresh (id=f01a92f9bcb8f034eb787fbd88c2b4aa): Total: 0.010 seconds - Initiated by StopAssetImportingV2(NoUpdateAssetOptions)
Start importing Assets/AreaBattle/Resources/Recovered/Outgame/Sprites/CAB-236d29bed54a0643400a60e84b6640d2_3427847917848812458.png using Guid(cdc7f37c7709e744ab1a88cf62cde558) (TextureImporter) -> (artifact id: '466c97ca86c0872d9b13c39595773677') in 0.006325 seconds
Refreshing native plugins compatible for Editor in 0.00 ms, found 0 plugins.
Preloading 0 native plugins for Editor in 0.00 ms.
Asset Pipeline Refresh (id=cf965fa0eda808f49a603bbe01a5dbe3): Total: 0.012 seconds - Initiated by StopAssetImportingV2(NoUpdateAssetOptions)
Start importing Assets/AreaBattle/Resources/Recovered/Outgame/Sprites/CAB-236d29bed54a0643400a60e84b6640d2_-8187308216135076809.png using Guid(d01eb3fdcd973c248829ca1f359e04b3) (TextureImporter) -> (artifact id: '3d00bb48afb06bded29aab2e9a1a5955') in 0.005304 seconds
Refreshing native plugins compatible for Editor in 0.00 ms, found 0 plugins.
Preloading 0 native plugins for Editor in 0.00 ms.
Asset Pipeline Refresh (id=81126dc98c1f45f40a4c587621b37344): Total: 0.010 seconds - Initiated by StopAssetImportingV2(NoUpdateAssetOptions)
Start importing Assets/AreaBattle/Resources/Recovered/Outgame/Sprites/CAB-236d29bed54a0643400a60e84b6640d2_-8187308216135076809.png using Guid(d01eb3fdcd973c248829ca1f359e04b3) (TextureImporter) -> (artifact id: '3d00bb48afb06bded29aab2e9a1a5955') in 0.0049973 seconds
Refreshing native plugins compatible for Editor in 0.00 ms, found 0 plugins.
Preloading 0 native plugins for Editor in 0.00 ms.
Asset Pipeline Refresh (id=2fabeffd8bda38a4b9c08ef06d85e4ce): Total: 0.009 seconds - Initiated by StopAssetImportingV2(NoUpdateAssetOptions)
Start importing Assets/AreaBattle/Resources/Recovered/Outgame/Sprites/CAB-236d29bed54a0643400a60e84b6640d2_-2986946919270143947.png using Guid(71307caa83e48ae4abe587f21fe268ac) (TextureImporter) -> (artifact id: '93f63ae665e0178bc703e87dad8b3f40') in 0.0051969 seconds
Refreshing native plugins compatible for Editor in 0.00 ms, found 0 plugins.
Preloading 0 native plugins for Editor in 0.00 ms.
Asset Pipeline Refresh (id=8cdf5ac930285ac4189f4e94e7529bb6): Total: 0.009 seconds - Initiated by StopAssetImportingV2(NoUpdateAssetOptions)
Start importing Assets/AreaBattle/Resources/Recovered/Outgame/Sprites/CAB-236d29bed54a0643400a60e84b6640d2_-2986946919270143947.png using Guid(71307caa83e48ae4abe587f21fe268ac) (TextureImporter) -> (artifact id: '93f63ae665e0178bc703e87dad8b3f40') in 0.0049803 seconds
Refreshing native plugins compatible for Editor in 0.00 ms, found 0 plugins.
Preloading 0 native plugins for Editor in 0.00 ms.
Asset Pipeline Refresh (id=35a63af0a8bbaa4458aaa079f1a3026e): Total: 0.009 seconds - Initiated by StopAssetImportingV2(NoUpdateAssetOptions)
Start importing Assets/AreaBattle/Resources/Recovered/Outgame/Sprites/CAB-236d29bed54a0643400a60e84b6640d2_6673012148832396230.png using Guid(7b14bce1dc645d54d9d9b51729dfa293) (TextureImporter) -> (artifact id: '5c0514242c996c26e5bc4d28e666dd0c') in 0.0050507 seconds
Refreshing native plugins compatible for Editor in 0.00 ms, found 0 plugins.
Preloading 0 native plugins for Editor in 0.00 ms.
Asset Pipeline Refresh (id=47c9282ae9b871d43a7fd5b1932a4ef2): Total: 0.010 seconds - Initiated by StopAssetImportingV2(NoUpdateAssetOptions)
Start importing Assets/AreaBattle/Resources/Recovered/Outgame/Sprites/CAB-236d29bed54a0643400a60e84b6640d2_6673012148832396230.png using Guid(7b14bce1dc645d54d9d9b51729dfa293) (TextureImporter) -> (artifact id: '5c0514242c996c26e5bc4d28e666dd0c') in 0.0047008 seconds
Refreshing native plugins compatible for Editor in 0.00 ms, found 0 plugins.
Preloading 0 native plugins for Editor in 0.00 ms.
Asset Pipeline Refresh (id=b5f195378e8fb5e4d816404333fb34fa): Total: 0.009 seconds - Initiated by StopAssetImportingV2(NoUpdateAssetOptions)
Start importing Assets/AreaBattle/Resources/Recovered/Outgame/Sprites/CAB-236d29bed54a0643400a60e84b6640d2_-6713192453733947444.png using Guid(4b4c5b488c917964c9ccb67b0ae867e9) (TextureImporter) -> (artifact id: '52ab3c0ce1c2fa41fdc99815320b3521') in 0.004529 seconds
Refreshing native plugins compatible for Editor in 0.00 ms, found 0 plugins.
Preloading 0 native plugins for Editor in 0.00 ms.
Asset Pipeline Refresh (id=3efa9aaafc5d7f241818c90a1988a5a8): Total: 0.009 seconds - Initiated by StopAssetImportingV2(NoUpdateAssetOptions)
Start importing Assets/AreaBattle/Resources/Recovered/Outgame/Sprites/CAB-236d29bed54a0643400a60e84b6640d2_-6713192453733947444.png using Guid(4b4c5b488c917964c9ccb67b0ae867e9) (TextureImporter) -> (artifact id: '52ab3c0ce1c2fa41fdc99815320b3521') in 0.004543 seconds
Refreshing native plugins compatible for Editor in 0.00 ms, found 0 plugins.
Preloading 0 native plugins for Editor in 0.00 ms.
Asset Pipeline Refresh (id=77a65dadf2e541e42a3d1b247a0f0bdd): Total: 0.009 seconds - Initiated by StopAssetImportingV2(NoUpdateAssetOptions)
Start importing Assets/AreaBattle/Resources/Recovered/Outgame/Sprites/CAB-236d29bed54a0643400a60e84b6640d2_-394299733724221958.png using Guid(b280691bd186866408ffb3bd2d88e826) (TextureImporter) -> (artifact id: 'ef679d0f77003c7a18b36d8d5ec35a57') in 0.0048408 seconds
Refreshing native plugins compatible for Editor in 0.00 ms, found 0 plugins.
Preloading 0 native plugins for Editor in 0.00 ms.
Asset Pipeline Refresh (id=fb6edd8f9eda39d46bc03c6d1c031a05): Total: 0.009 seconds - Initiated by StopAssetImportingV2(NoUpdateAssetOptions)
Start importing Assets/AreaBattle/Resources/Recovered/Outgame/Sprites/CAB-236d29bed54a0643400a60e84b6640d2_-394299733724221958.png using Guid(b280691bd186866408ffb3bd2d88e826) (TextureImporter) -> (artifact id: 'ef679d0f77003c7a18b36d8d5ec35a57') in 0.0046584 seconds
Refreshing native plugins compatible for Editor in 0.00 ms, found 0 plugins.
Preloading 0 native plugins for Editor in 0.00 ms.
Asset Pipeline Refresh (id=a400e2955f517a74aaf4087a7e8b113a): Total: 0.009 seconds - Initiated by StopAssetImportingV2(NoUpdateAssetOptions)
Start importing Assets/AreaBattle/Resources/Recovered/Outgame/Sprites/CAB-236d29bed54a0643400a60e84b6640d2_-1882101397446642185.png using Guid(dd8c1af3c8d7fad47bf68e8a57d7fb92) (TextureImporter) -> (artifact id: '5f30e5636adcdb5f047f7436596cd303') in 0.0050575 seconds
Refreshing native plugins compatible for Editor in 0.00 ms, found 0 plugins.
Preloading 0 native plugins for Editor in 0.00 ms.
Asset Pipeline Refresh (id=c9f2d96a79a3fcf45a77e942462a5459): Total: 0.010 seconds - Initiated by StopAssetImportingV2(NoUpdateAssetOptions)
Start importing Assets/AreaBattle/Resources/Recovered/Outgame/Sprites/CAB-236d29bed54a0643400a60e84b6640d2_-1882101397446642185.png using Guid(dd8c1af3c8d7fad47bf68e8a57d7fb92) (TextureImporter) -> (artifact id: '5f30e5636adcdb5f047f7436596cd303') in 0.0052534 seconds
Refreshing native plugins compatible for Editor in 0.00 ms, found 0 plugins.
Preloading 0 native plugins for Editor in 0.00 ms.
Asset Pipeline Refresh (id=44850ffe5ad3d73439fd4449e61365f4): Total: 0.011 seconds - Initiated by StopAssetImportingV2(NoUpdateAssetOptions)
Start importing Assets/AreaBattle/Resources/Recovered/Outgame/Sprites/CAB-236d29bed54a0643400a60e84b6640d2_-4517166454159117370.png using Guid(957bf58c8af83ed4690370c7f7fcd52a) (TextureImporter) -> (artifact id: '979a0e3d0b32b8caf6ba1ce8553bf0f6') in 0.0055122 seconds
Refreshing native plugins compatible for Editor in 0.00 ms, found 0 plugins.
Preloading 0 native plugins for Editor in 0.00 ms.
Asset Pipeline Refresh (id=298eb234d26929d47926319b9aed799a): Total: 0.011 seconds - Initiated by StopAssetImportingV2(NoUpdateAssetOptions)
Start importing Assets/AreaBattle/Resources/Recovered/Outgame/Sprites/CAB-236d29bed54a0643400a60e84b6640d2_-4517166454159117370.png using Guid(957bf58c8af83ed4690370c7f7fcd52a) (TextureImporter) -> (artifact id: '979a0e3d0b32b8caf6ba1ce8553bf0f6') in 0.0049893 seconds
Refreshing native plugins compatible for Editor in 0.00 ms, found 0 plugins.
Preloading 0 native plugins for Editor in 0.00 ms.
Asset Pipeline Refresh (id=ae8355bc84eb9884898d481c09c40c9e): Total: 0.010 seconds - Initiated by StopAssetImportingV2(NoUpdateAssetOptions)
Start importing Assets/AreaBattle/Resources/Recovered/Outgame/Sprites/CAB-236d29bed54a0643400a60e84b6640d2_-2990429883651504562.png using Guid(4faca1821cec7e142b30a0537e3fd98d) (TextureImporter) -> (artifact id: '2e5feae3681c12f70f00cfc40e72db16') in 0.0056439 seconds
Refreshing native plugins compatible for Editor in 0.00 ms, found 0 plugins.
Preloading 0 native plugins for Editor in 0.00 ms.
Asset Pipeline Refresh (id=e50d94fa9250ac24e8f30dcceceb1046): Total: 0.010 seconds - Initiated by StopAssetImportingV2(NoUpdateAssetOptions)
Start importing Assets/AreaBattle/Resources/Recovered/Outgame/Sprites/CAB-236d29bed54a0643400a60e84b6640d2_-2990429883651504562.png using Guid(4faca1821cec7e142b30a0537e3fd98d) (TextureImporter) -> (artifact id: '2e5feae3681c12f70f00cfc40e72db16') in 0.0052982 seconds
Refreshing native plugins compatible for Editor in 0.00 ms, found 0 plugins.
Preloading 0 native plugins for Editor in 0.00 ms.
Asset Pipeline Refresh (id=db0ca2daa1103c84182d39e74fd5dce3): Total: 0.010 seconds - Initiated by StopAssetImportingV2(NoUpdateAssetOptions)
Start importing Assets/AreaBattle/Resources/Recovered/Outgame/Sprites/CAB-236d29bed54a0643400a60e84b6640d2_5185277352658528333.png using Guid(e0b6c932aade11447b0418bf59a2e421) (TextureImporter) -> (artifact id: '87cdd59040035ae3e97ac6c185c0b681') in 0.0057955 seconds
Refreshing native plugins compatible for Editor in 0.00 ms, found 0 plugins.
Preloading 0 native plugins for Editor in 0.00 ms.
Asset Pipeline Refresh (id=9c523dcd6c3e0604b969056d5a6a8194): Total: 0.010 seconds - Initiated by StopAssetImportingV2(NoUpdateAssetOptions)
Start importing Assets/AreaBattle/Resources/Recovered/Outgame/Sprites/CAB-236d29bed54a0643400a60e84b6640d2_5185277352658528333.png using Guid(e0b6c932aade11447b0418bf59a2e421) (TextureImporter) -> (artifact id: '87cdd59040035ae3e97ac6c185c0b681') in 0.0054872 seconds
Refreshing native plugins compatible for Editor in 0.00 ms, found 0 plugins.
Preloading 0 native plugins for Editor in 0.00 ms.
Asset Pipeline Refresh (id=af34882c2b79b7b488c1d937d52810d5): Total: 0.010 seconds - Initiated by StopAssetImportingV2(NoUpdateAssetOptions)
Start importing Assets/AreaBattle/Resources/Recovered/Outgame/Sprites/CAB-236d29bed54a0643400a60e84b6640d2_6449198166659700569.png using Guid(5f94610fae83e9643a372d1a9264d276) (TextureImporter) -> (artifact id: 'df25c47c15b7b2280c13e9fbfa2d1851') in 0.0052027 seconds
Refreshing native plugins compatible for Editor in 0.00 ms, found 0 plugins.
Preloading 0 native plugins for Editor in 0.00 ms.
Asset Pipeline Refresh (id=d537a51332e76984a8eac4d5740a0ef6): Total: 0.009 seconds - Initiated by StopAssetImportingV2(NoUpdateAssetOptions)
Start importing Assets/AreaBattle/Resources/Recovered/Outgame/Sprites/CAB-236d29bed54a0643400a60e84b6640d2_6449198166659700569.png using Guid(5f94610fae83e9643a372d1a9264d276) (TextureImporter) -> (artifact id: 'df25c47c15b7b2280c13e9fbfa2d1851') in 0.0050982 seconds
Refreshing native plugins compatible for Editor in 0.00 ms, found 0 plugins.
Preloading 0 native plugins for Editor in 0.00 ms.
Asset Pipeline Refresh (id=c67a5ce51cfa68c4db74648ee0233a44): Total: 0.009 seconds - Initiated by StopAssetImportingV2(NoUpdateAssetOptions)
Start importing Assets/AreaBattle/Resources/Recovered/Outgame/Sprites/CAB-236d29bed54a0643400a60e84b6640d2_-2403375996866678637.png using Guid(046aadaba9dc59642929e78f12df979c) (TextureImporter) -> (artifact id: '484dce2c0c3f58b2c41467ef80b76b14') in 0.0050735 seconds
Refreshing native plugins compatible for Editor in 0.00 ms, found 0 plugins.
Preloading 0 native plugins for Editor in 0.00 ms.
Asset Pipeline Refresh (id=7ce3fc9ec2bc7f8448dfac2ad919ef27): Total: 0.009 seconds - Initiated by StopAssetImportingV2(NoUpdateAssetOptions)
Start importing Assets/AreaBattle/Resources/Recovered/Outgame/Sprites/CAB-236d29bed54a0643400a60e84b6640d2_-2403375996866678637.png using Guid(046aadaba9dc59642929e78f12df979c) (TextureImporter) -> (artifact id: '484dce2c0c3f58b2c41467ef80b76b14') in 0.0048582 seconds
Refreshing native plugins compatible for Editor in 0.00 ms, found 0 plugins.
Preloading 0 native plugins for Editor in 0.00 ms.
Asset Pipeline Refresh (id=d55ba758a45067b4ba85b0b724938e1a): Total: 0.009 seconds - Initiated by StopAssetImportingV2(NoUpdateAssetOptions)
Start importing Assets/AreaBattle/Resources/Recovered/Outgame/Sprites/CAB-236d29bed54a0643400a60e84b6640d2_6628381312824302558.png using Guid(235d6c8af0d2a144f98c2125236d0f47) (TextureImporter) -> (artifact id: '788fc378803400026ee2ebb88f09ecfc') in 0.0035545 seconds
Refreshing native plugins compatible for Editor in 0.00 ms, found 0 plugins.
Preloading 0 native plugins for Editor in 0.00 ms.
Asset Pipeline Refresh (id=9497248ab4b10db4989a6bb17183bf5b): Total: 0.008 seconds - Initiated by StopAssetImportingV2(NoUpdateAssetOptions)
Start importing Assets/AreaBattle/Resources/Recovered/Outgame/Sprites/CAB-236d29bed54a0643400a60e84b6640d2_6628381312824302558.png using Guid(235d6c8af0d2a144f98c2125236d0f47) (TextureImporter) -> (artifact id: '788fc378803400026ee2ebb88f09ecfc') in 0.0033844 seconds
Refreshing native plugins compatible for Editor in 0.00 ms, found 0 plugins.
Preloading 0 native plugins for Editor in 0.00 ms.
Asset Pipeline Refresh (id=5b4960eff64bcf74b8de56c4625d78eb): Total: 0.008 seconds - Initiated by StopAssetImportingV2(NoUpdateAssetOptions)
Start importing Assets/AreaBattle/Resources/Recovered/Outgame/Sprites/CAB-236d29bed54a0643400a60e84b6640d2_-42750805550772507.png using Guid(34fbb69630e2b6d4eba22df6308ceb6e) (TextureImporter) -> (artifact id: 'c20cc950a8920ece1242f15bc747b964') in 0.0059428 seconds
Refreshing native plugins compatible for Editor in 0.00 ms, found 0 plugins.
Preloading 0 native plugins for Editor in 0.00 ms.
Asset Pipeline Refresh (id=665ac36514881654a8269d2d4d617e68): Total: 0.010 seconds - Initiated by StopAssetImportingV2(NoUpdateAssetOptions)
Start importing Assets/AreaBattle/Resources/Recovered/Outgame/Sprites/CAB-236d29bed54a0643400a60e84b6640d2_-42750805550772507.png using Guid(34fbb69630e2b6d4eba22df6308ceb6e) (TextureImporter) -> (artifact id: 'c20cc950a8920ece1242f15bc747b964') in 0.0058241 seconds
Refreshing native plugins compatible for Editor in 0.00 ms, found 0 plugins.
Preloading 0 native plugins for Editor in 0.00 ms.
Asset Pipeline Refresh (id=f9d29aed627aac04eb3793be958c549c): Total: 0.011 seconds - Initiated by StopAssetImportingV2(NoUpdateAssetOptions)
Start importing Assets/AreaBattle/Resources/Recovered/Outgame/Sprites/CAB-236d29bed54a0643400a60e84b6640d2_4677641195080462833.png using Guid(3f097283d4984ab48865fc0fdb7a7231) (TextureImporter) -> (artifact id: '33e46e401d826890f2da63a1bd3b5f6d') in 0.0054104 seconds
Refreshing native plugins compatible for Editor in 0.00 ms, found 0 plugins.
Preloading 0 native plugins for Editor in 0.00 ms.
Asset Pipeline Refresh (id=e3512965d5606e841b3bb18cfa71f061): Total: 0.010 seconds - Initiated by StopAssetImportingV2(NoUpdateAssetOptions)
Start importing Assets/AreaBattle/Resources/Recovered/Outgame/Sprites/CAB-236d29bed54a0643400a60e84b6640d2_4677641195080462833.png using Guid(3f097283d4984ab48865fc0fdb7a7231) (TextureImporter) -> (artifact id: '33e46e401d826890f2da63a1bd3b5f6d') in 0.0051585 seconds
Refreshing native plugins compatible for Editor in 0.00 ms, found 0 plugins.
Preloading 0 native plugins for Editor in 0.00 ms.
Asset Pipeline Refresh (id=24c68ca5722a2fc4bad2eaa5b71c335f): Total: 0.010 seconds - Initiated by StopAssetImportingV2(NoUpdateAssetOptions)
Start importing Assets/AreaBattle/Resources/Recovered/Outgame/Sprites/CAB-236d29bed54a0643400a60e84b6640d2_-3476435043819506501.png using Guid(fd51a5a39e9c29340ad1c638a9de399c) (TextureImporter) -> (artifact id: '40245159adc77f9ee2136c46f1b58b49') in 0.0059604 seconds
Refreshing native plugins compatible for Editor in 0.00 ms, found 0 plugins.
Preloading 0 native plugins for Editor in 0.00 ms.
Asset Pipeline Refresh (id=1fbeddf33d98c9341bac62db762b9ace): Total: 0.010 seconds - Initiated by StopAssetImportingV2(NoUpdateAssetOptions)
Start importing Assets/AreaBattle/Resources/Recovered/Outgame/Sprites/CAB-236d29bed54a0643400a60e84b6640d2_-3476435043819506501.png using Guid(fd51a5a39e9c29340ad1c638a9de399c) (TextureImporter) -> (artifact id: '40245159adc77f9ee2136c46f1b58b49') in 0.0055935 seconds
Refreshing native plugins compatible for Editor in 0.00 ms, found 0 plugins.
Preloading 0 native plugins for Editor in 0.00 ms.
Asset Pipeline Refresh (id=7b963a05d2610414bad85ceb0675ed13): Total: 0.010 seconds - Initiated by StopAssetImportingV2(NoUpdateAssetOptions)
Start importing Assets/AreaBattle/Resources/Recovered/Outgame/Sprites/CAB-236d29bed54a0643400a60e84b6640d2_101159578976288620.png using Guid(29bd5f3a29b282b4581a9076caaeafb8) (TextureImporter) -> (artifact id: '7bad9df062006b86103f054cffff2f7a') in 0.0043844 seconds
Refreshing native plugins compatible for Editor in 0.00 ms, found 0 plugins.
Preloading 0 native plugins for Editor in 0.00 ms.
Asset Pipeline Refresh (id=1145ab77dcd87d34fa770a27caf34c83): Total: 0.009 seconds - Initiated by StopAssetImportingV2(NoUpdateAssetOptions)
Start importing Assets/AreaBattle/Resources/Recovered/Outgame/Sprites/CAB-236d29bed54a0643400a60e84b6640d2_101159578976288620.png using Guid(29bd5f3a29b282b4581a9076caaeafb8) (TextureImporter) -> (artifact id: '7bad9df062006b86103f054cffff2f7a') in 0.0041486 seconds
Refreshing native plugins compatible for Editor in 0.00 ms, found 0 plugins.
Preloading 0 native plugins for Editor in 0.00 ms.
Asset Pipeline Refresh (id=5fe881715b4d9c84f9a933d6d28256eb): Total: 0.008 seconds - Initiated by StopAssetImportingV2(NoUpdateAssetOptions)
Start importing Assets/AreaBattle/Resources/Recovered/Outgame/Sprites/CAB-236d29bed54a0643400a60e84b6640d2_-5615382115958251538.png using Guid(fa63fca4a22298649ba3e8da2a3b633d) (TextureImporter) -> (artifact id: '303652cc5a8eaed20782f1c3ed52162e') in 0.0049716 seconds
Refreshing native plugins compatible for Editor in 0.00 ms, found 0 plugins.
Preloading 0 native plugins for Editor in 0.00 ms.
Asset Pipeline Refresh (id=06e4925f0b16d494ca23ca6fdd444ca2): Total: 0.009 seconds - Initiated by StopAssetImportingV2(NoUpdateAssetOptions)
Start importing Assets/AreaBattle/Resources/Recovered/Outgame/Sprites/CAB-236d29bed54a0643400a60e84b6640d2_-5615382115958251538.png using Guid(fa63fca4a22298649ba3e8da2a3b633d) (TextureImporter) -> (artifact id: '303652cc5a8eaed20782f1c3ed52162e') in 0.0048312 seconds
Refreshing native plugins compatible for Editor in 0.00 ms, found 0 plugins.
Preloading 0 native plugins for Editor in 0.00 ms.
Asset Pipeline Refresh (id=4ae12ac86a80405499ae1affd485fd0e): Total: 0.009 seconds - Initiated by StopAssetImportingV2(NoUpdateAssetOptions)
Start importing Assets/AreaBattle/Resources/Recovered/Outgame/Sprites/CAB-236d29bed54a0643400a60e84b6640d2_9003511584254705223.png using Guid(d36128d97f5abd74baf2927cc94551ca) (TextureImporter) -> (artifact id: 'b7472a94f36724f0f1a471e4ea692a25') in 0.0040538 seconds
Refreshing native plugins compatible for Editor in 0.00 ms, found 0 plugins.
Preloading 0 native plugins for Editor in 0.00 ms.
Asset Pipeline Refresh (id=f1df4a12b38d2b94593320e47c019787): Total: 0.008 seconds - Initiated by StopAssetImportingV2(NoUpdateAssetOptions)
Start importing Assets/AreaBattle/Resources/Recovered/Outgame/Sprites/CAB-236d29bed54a0643400a60e84b6640d2_9003511584254705223.png using Guid(d36128d97f5abd74baf2927cc94551ca) (TextureImporter) -> (artifact id: 'b7472a94f36724f0f1a471e4ea692a25') in 0.0039024 seconds
Refreshing native plugins compatible for Editor in 0.00 ms, found 0 plugins.
Preloading 0 native plugins for Editor in 0.00 ms.
Asset Pipeline Refresh (id=ef756211df6dbd848a9a3fc6927d98e0): Total: 0.008 seconds - Initiated by StopAssetImportingV2(NoUpdateAssetOptions)
Start importing Assets/AreaBattle/Resources/Recovered/Outgame/Sprites/CAB-236d29bed54a0643400a60e84b6640d2_-1416288129424380860.png using Guid(c1a9113b195b6a241bb97f882e7127fe) (TextureImporter) -> (artifact id: '3ec124db6b03097cf7db9bd36d5e61bb') in 0.0045066 seconds
Refreshing native plugins compatible for Editor in 0.00 ms, found 0 plugins.
Preloading 0 native plugins for Editor in 0.00 ms.
Asset Pipeline Refresh (id=b3256fa04c90d2f429b10c421fefdfbe): Total: 0.009 seconds - Initiated by StopAssetImportingV2(NoUpdateAssetOptions)
Start importing Assets/AreaBattle/Resources/Recovered/Outgame/Sprites/CAB-236d29bed54a0643400a60e84b6640d2_-1416288129424380860.png using Guid(c1a9113b195b6a241bb97f882e7127fe) (TextureImporter) -> (artifact id: '3ec124db6b03097cf7db9bd36d5e61bb') in 0.0042423 seconds
Refreshing native plugins compatible for Editor in 0.00 ms, found 0 plugins.
Preloading 0 native plugins for Editor in 0.00 ms.
Asset Pipeline Refresh (id=473960880de4b794a983c7f7d182734b): Total: 0.009 seconds - Initiated by StopAssetImportingV2(NoUpdateAssetOptions)
Start importing Assets/AreaBattle/Resources/Recovered/Outgame/Sprites/CAB-236d29bed54a0643400a60e84b6640d2_-4499211360978683340.png using Guid(64109467897df3f4290aa5be77a3d8e6) (TextureImporter) -> (artifact id: '8e5b12004894e1ba266ac4349899ef79') in 0.0043279 seconds
Refreshing native plugins compatible for Editor in 0.00 ms, found 0 plugins.
Preloading 0 native plugins for Editor in 0.00 ms.
Asset Pipeline Refresh (id=db82cd855a603c846a6ebf184d3460f1): Total: 0.008 seconds - Initiated by StopAssetImportingV2(NoUpdateAssetOptions)
Start importing Assets/AreaBattle/Resources/Recovered/Outgame/Sprites/CAB-236d29bed54a0643400a60e84b6640d2_-4499211360978683340.png using Guid(64109467897df3f4290aa5be77a3d8e6) (TextureImporter) -> (artifact id: '8e5b12004894e1ba266ac4349899ef79') in 0.004163 seconds
Refreshing native plugins compatible for Editor in 0.00 ms, found 0 plugins.
Preloading 0 native plugins for Editor in 0.00 ms.
Asset Pipeline Refresh (id=dd9a0ac1b273ec344a77c41a5677af80): Total: 0.008 seconds - Initiated by StopAssetImportingV2(NoUpdateAssetOptions)
Start importing Assets/AreaBattle/Resources/Recovered/Outgame/Sprites/CAB-236d29bed54a0643400a60e84b6640d2_4046229756917332086.png using Guid(7ae41059c46610c4798f355b8a77a83e) (TextureImporter) -> (artifact id: 'e1f7745d8e09c85a7d728323e5358196') in 0.0038883 seconds
Refreshing native plugins compatible for Editor in 0.00 ms, found 0 plugins.
Preloading 0 native plugins for Editor in 0.00 ms.
Asset Pipeline Refresh (id=6d47944fe5b156a4ca55048a11da0085): Total: 0.008 seconds - Initiated by StopAssetImportingV2(NoUpdateAssetOptions)
Start importing Assets/AreaBattle/Resources/Recovered/Outgame/Sprites/CAB-236d29bed54a0643400a60e84b6640d2_4046229756917332086.png using Guid(7ae41059c46610c4798f355b8a77a83e) (TextureImporter) -> (artifact id: 'e1f7745d8e09c85a7d728323e5358196') in 0.0036758 seconds
Refreshing native plugins compatible for Editor in 0.00 ms, found 0 plugins.
Preloading 0 native plugins for Editor in 0.00 ms.
Asset Pipeline Refresh (id=e50e19a9784ff4b4693b216a3b4bb9d0): Total: 0.008 seconds - Initiated by StopAssetImportingV2(NoUpdateAssetOptions)
Start importing Assets/AreaBattle/Resources/Recovered/Outgame/Sprites/CAB-236d29bed54a0643400a60e84b6640d2_-3487972694349204565.png using Guid(d1b5bc86f4a07a849b56a9c59b416f29) (TextureImporter) -> (artifact id: '2ece13f47147833272976027d2967e6f') in 0.0054802 seconds
Refreshing native plugins compatible for Editor in 0.00 ms, found 0 plugins.
Preloading 0 native plugins for Editor in 0.00 ms.
Asset Pipeline Refresh (id=ee8382c41332f5f44b3eec956057bf92): Total: 0.009 seconds - Initiated by StopAssetImportingV2(NoUpdateAssetOptions)
Start importing Assets/AreaBattle/Resources/Recovered/Outgame/Sprites/CAB-236d29bed54a0643400a60e84b6640d2_-3487972694349204565.png using Guid(d1b5bc86f4a07a849b56a9c59b416f29) (TextureImporter) -> (artifact id: '2ece13f47147833272976027d2967e6f') in 0.0051301 seconds
Refreshing native plugins compatible for Editor in 0.00 ms, found 0 plugins.
Preloading 0 native plugins for Editor in 0.00 ms.
Asset Pipeline Refresh (id=8f28e239f67f48949addb9d2681d6ee4): Total: 0.009 seconds - Initiated by StopAssetImportingV2(NoUpdateAssetOptions)
Start importing Assets/AreaBattle/Resources/Recovered/Outgame/Sprites/CAB-236d29bed54a0643400a60e84b6640d2_-7948456262269100179.png using Guid(0ebf00ee1b602f246988b1e7a2f2b709) (TextureImporter) -> (artifact id: '92f580b09d78b0bafe24e80576299801') in 0.0043951 seconds
Refreshing native plugins compatible for Editor in 0.00 ms, found 0 plugins.
Preloading 0 native plugins for Editor in 0.00 ms.
Asset Pipeline Refresh (id=4b3d8bbe8f8190b45b9699c82a32a2ac): Total: 0.008 seconds - Initiated by StopAssetImportingV2(NoUpdateAssetOptions)
Start importing Assets/AreaBattle/Resources/Recovered/Outgame/Sprites/CAB-236d29bed54a0643400a60e84b6640d2_-7948456262269100179.png using Guid(0ebf00ee1b602f246988b1e7a2f2b709) (TextureImporter) -> (artifact id: '92f580b09d78b0bafe24e80576299801') in 0.0042689 seconds
Refreshing native plugins compatible for Editor in 0.00 ms, found 0 plugins.
Preloading 0 native plugins for Editor in 0.00 ms.
Asset Pipeline Refresh (id=3802f9b58a170a94584e56d8c1b6991c): Total: 0.009 seconds - Initiated by StopAssetImportingV2(NoUpdateAssetOptions)
Start importing Assets/AreaBattle/Resources/Recovered/Outgame/Sprites/CAB-236d29bed54a0643400a60e84b6640d2_-8317224167856979419.png using Guid(13476621df108d74eb119651ab3acf27) (TextureImporter) -> (artifact id: '4921624a651b3b3ded9b2b16141d7fc6') in 0.005022 seconds
Refreshing native plugins compatible for Editor in 0.00 ms, found 0 plugins.
Preloading 0 native plugins for Editor in 0.00 ms.
Asset Pipeline Refresh (id=092854e0aec96d64b84b82d11e5cb5b1): Total: 0.009 seconds - Initiated by StopAssetImportingV2(NoUpdateAssetOptions)
Start importing Assets/AreaBattle/Resources/Recovered/Outgame/Sprites/CAB-236d29bed54a0643400a60e84b6640d2_-8317224167856979419.png using Guid(13476621df108d74eb119651ab3acf27) (TextureImporter) -> (artifact id: '4921624a651b3b3ded9b2b16141d7fc6') in 0.004947 seconds
Refreshing native plugins compatible for Editor in 0.00 ms, found 0 plugins.
Preloading 0 native plugins for Editor in 0.00 ms.
Asset Pipeline Refresh (id=a520483cbd7845a4aa31c27f5de49789): Total: 0.009 seconds - Initiated by StopAssetImportingV2(NoUpdateAssetOptions)
Start importing Assets/AreaBattle/Resources/Recovered/Outgame/Sprites/CAB-236d29bed54a0643400a60e84b6640d2_-8501916275901270145.png using Guid(ec07fcf4b7e764c4994b5cfb53859964) (TextureImporter) -> (artifact id: '8b18c74e2aa4f985937283f2c317da67') in 0.0041217 seconds
Refreshing native plugins compatible for Editor in 0.00 ms, found 0 plugins.
Preloading 0 native plugins for Editor in 0.00 ms.
Asset Pipeline Refresh (id=018ed3e3b8aef6947bb4441efa858bc8): Total: 0.008 seconds - Initiated by StopAssetImportingV2(NoUpdateAssetOptions)
Start importing Assets/AreaBattle/Resources/Recovered/Outgame/Sprites/CAB-236d29bed54a0643400a60e84b6640d2_-8501916275901270145.png using Guid(ec07fcf4b7e764c4994b5cfb53859964) (TextureImporter) -> (artifact id: '8b18c74e2aa4f985937283f2c317da67') in 0.0039533 seconds
Refreshing native plugins compatible for Editor in 0.00 ms, found 0 plugins.
Preloading 0 native plugins for Editor in 0.00 ms.
Asset Pipeline Refresh (id=d31f14b75979dd14c8c5705852b349a5): Total: 0.008 seconds - Initiated by StopAssetImportingV2(NoUpdateAssetOptions)
Start importing Assets/AreaBattle/Resources/Recovered/Outgame/Sprites/CAB-236d29bed54a0643400a60e84b6640d2_1634704669443986719.png using Guid(8b6380efec9470540b25f6ea6c76fe44) (TextureImporter) -> (artifact id: 'c7793bfb1ec53bec9354b2497e746d56') in 0.0050851 seconds
Refreshing native plugins compatible for Editor in 0.00 ms, found 0 plugins.
Preloading 0 native plugins for Editor in 0.00 ms.
Asset Pipeline Refresh (id=c38ee81ce8d63f0419f49b41cfff868a): Total: 0.009 seconds - Initiated by StopAssetImportingV2(NoUpdateAssetOptions)
Start importing Assets/AreaBattle/Resources/Recovered/Outgame/Sprites/CAB-236d29bed54a0643400a60e84b6640d2_1634704669443986719.png using Guid(8b6380efec9470540b25f6ea6c76fe44) (TextureImporter) -> (artifact id: 'c7793bfb1ec53bec9354b2497e746d56') in 0.0049405 seconds
Refreshing native plugins compatible for Editor in 0.00 ms, found 0 plugins.
Preloading 0 native plugins for Editor in 0.00 ms.
Asset Pipeline Refresh (id=3f2d76a07a02d1f48955994047b2d89e): Total: 0.009 seconds - Initiated by StopAssetImportingV2(NoUpdateAssetOptions)
Start importing Assets/AreaBattle/Resources/Recovered/Outgame/Sprites/CAB-236d29bed54a0643400a60e84b6640d2_-1186652866446494389.png using Guid(8290c49144446ce4fae6b0893abdb20a) (TextureImporter) -> (artifact id: 'a66cc62523f5a7ed0813c148d1dc98d7') in 0.0051589 seconds
Refreshing native plugins compatible for Editor in 0.00 ms, found 0 plugins.
Preloading 0 native plugins for Editor in 0.00 ms.
Asset Pipeline Refresh (id=fc0a0912bfe99f54eb038e1406f8ddf8): Total: 0.009 seconds - Initiated by StopAssetImportingV2(NoUpdateAssetOptions)
Start importing Assets/AreaBattle/Resources/Recovered/Outgame/Sprites/CAB-236d29bed54a0643400a60e84b6640d2_-1186652866446494389.png using Guid(8290c49144446ce4fae6b0893abdb20a) (TextureImporter) -> (artifact id: 'a66cc62523f5a7ed0813c148d1dc98d7') in 0.0049873 seconds
Refreshing native plugins compatible for Editor in 0.00 ms, found 0 plugins.
Preloading 0 native plugins for Editor in 0.00 ms.
Asset Pipeline Refresh (id=1f73b218c179a4348bc3eac810f171bf): Total: 0.009 seconds - Initiated by StopAssetImportingV2(NoUpdateAssetOptions)
Start importing Assets/AreaBattle/Resources/Recovered/Outgame/Sprites/CAB-236d29bed54a0643400a60e84b6640d2_1848665132888046648.png using Guid(dddc6b966911b0a41bf7a74deeda7ccd) (TextureImporter) -> (artifact id: '04c39251eb0854a1717fcbb5d5096f0c') in 0.0058008 seconds
Refreshing native plugins compatible for Editor in 0.00 ms, found 0 plugins.
Preloading 0 native plugins for Editor in 0.00 ms.
Asset Pipeline Refresh (id=f714c1779ee7acb448cfffce21cae87c): Total: 0.010 seconds - Initiated by StopAssetImportingV2(NoUpdateAssetOptions)
Start importing Assets/AreaBattle/Resources/Recovered/Outgame/Sprites/CAB-236d29bed54a0643400a60e84b6640d2_1848665132888046648.png using Guid(dddc6b966911b0a41bf7a74deeda7ccd) (TextureImporter) -> (artifact id: '04c39251eb0854a1717fcbb5d5096f0c') in 0.0056442 seconds
Refreshing native plugins compatible for Editor in 0.00 ms, found 0 plugins.
Preloading 0 native plugins for Editor in 0.00 ms.
Asset Pipeline Refresh (id=95ac72095c22a6146bf9c29507d8abc1): Total: 0.010 seconds - Initiated by StopAssetImportingV2(NoUpdateAssetOptions)
Start importing Assets/AreaBattle/Resources/Recovered/Outgame/Sprites/CAB-236d29bed54a0643400a60e84b6640d2_-5344680737551252739.png using Guid(7f63060ac3f36f041909812d5610c4c9) (TextureImporter) -> (artifact id: '9af5947ae6d56fc53c339f9cc33d5538') in 0.0068968 seconds
Refreshing native plugins compatible for Editor in 0.00 ms, found 0 plugins.
Preloading 0 native plugins for Editor in 0.00 ms.
Asset Pipeline Refresh (id=272cf21f25dbc234fa6c46e0c62ce304): Total: 0.011 seconds - Initiated by StopAssetImportingV2(NoUpdateAssetOptions)
Start importing Assets/AreaBattle/Resources/Recovered/Outgame/Sprites/CAB-236d29bed54a0643400a60e84b6640d2_-5344680737551252739.png using Guid(7f63060ac3f36f041909812d5610c4c9) (TextureImporter) -> (artifact id: '9af5947ae6d56fc53c339f9cc33d5538') in 0.0064582 seconds
Refreshing native plugins compatible for Editor in 0.00 ms, found 0 plugins.
Preloading 0 native plugins for Editor in 0.00 ms.
Asset Pipeline Refresh (id=7decd85248a82a14aa120d0e4c51a683): Total: 0.011 seconds - Initiated by StopAssetImportingV2(NoUpdateAssetOptions)
Start importing Assets/AreaBattle/Resources/Recovered/Outgame/Sprites/CAB-236d29bed54a0643400a60e84b6640d2_-844324446885250257.png using Guid(9c2ff17551fde7c468b94fc8cc5ae569) (TextureImporter) -> (artifact id: '17f8002d6d727e32389ddebfeb46560e') in 0.0052896 seconds
Refreshing native plugins compatible for Editor in 0.00 ms, found 0 plugins.
Preloading 0 native plugins for Editor in 0.00 ms.
Asset Pipeline Refresh (id=0ea08edf37963ca4b966e136050b43ee): Total: 0.010 seconds - Initiated by StopAssetImportingV2(NoUpdateAssetOptions)
Start importing Assets/AreaBattle/Resources/Recovered/Outgame/Sprites/CAB-236d29bed54a0643400a60e84b6640d2_-844324446885250257.png using Guid(9c2ff17551fde7c468b94fc8cc5ae569) (TextureImporter) -> (artifact id: '17f8002d6d727e32389ddebfeb46560e') in 0.0060557 seconds
Refreshing native plugins compatible for Editor in 0.00 ms, found 0 plugins.
Preloading 0 native plugins for Editor in 0.00 ms.
Asset Pipeline Refresh (id=c9793a64799d6534aa2fa1721c3b03fc): Total: 0.011 seconds - Initiated by StopAssetImportingV2(NoUpdateAssetOptions)
Start importing Assets/AreaBattle/Resources/Recovered/Outgame/Sprites/CAB-96e7bcb9149957f0c16b74c6f96f93a3_7826131974085211020.png using Guid(6665de3c1b85fa147a2fe42fe77bac0f) (TextureImporter) -> (artifact id: '60022e0ff892e4c95098c066fd5287b5') in 0.0044774 seconds
Refreshing native plugins compatible for Editor in 0.00 ms, found 0 plugins.
Preloading 0 native plugins for Editor in 0.00 ms.
Asset Pipeline Refresh (id=39ddd711299cf2249bfec6f24d188e9d): Total: 0.009 seconds - Initiated by StopAssetImportingV2(NoUpdateAssetOptions)
Start importing Assets/AreaBattle/Resources/Recovered/Outgame/Sprites/CAB-96e7bcb9149957f0c16b74c6f96f93a3_7826131974085211020.png using Guid(6665de3c1b85fa147a2fe42fe77bac0f) (TextureImporter) -> (artifact id: '60022e0ff892e4c95098c066fd5287b5') in 0.0040179 seconds
Refreshing native plugins compatible for Editor in 0.00 ms, found 0 plugins.
Preloading 0 native plugins for Editor in 0.00 ms.
Asset Pipeline Refresh (id=05d0af7540c2a734696adbd20e9f4f0d): Total: 0.009 seconds - Initiated by StopAssetImportingV2(NoUpdateAssetOptions)
Start importing Assets/AreaBattle/Resources/Recovered/Outgame/Sprites/CAB-96e7bcb9149957f0c16b74c6f96f93a3_-678487156692437038.png using Guid(4d276338f3c1a9c4c964127efa2609de) (TextureImporter) -> (artifact id: 'f4a41ffdbefc9bcd7ab76154c4340b68') in 0.0040248 seconds
Refreshing native plugins compatible for Editor in 0.00 ms, found 0 plugins.
Preloading 0 native plugins for Editor in 0.00 ms.
Asset Pipeline Refresh (id=6b78fe22334f3d8419a051e3b0ac7bd5): Total: 0.008 seconds - Initiated by StopAssetImportingV2(NoUpdateAssetOptions)
Start importing Assets/AreaBattle/Resources/Recovered/Outgame/Sprites/CAB-96e7bcb9149957f0c16b74c6f96f93a3_-678487156692437038.png using Guid(4d276338f3c1a9c4c964127efa2609de) (TextureImporter) -> (artifact id: 'f4a41ffdbefc9bcd7ab76154c4340b68') in 0.003999 seconds
Refreshing native plugins compatible for Editor in 0.00 ms, found 0 plugins.
Preloading 0 native plugins for Editor in 0.00 ms.
Asset Pipeline Refresh (id=90e29c19e97b59843b7c0a1ecaec7ef1): Total: 0.008 seconds - Initiated by StopAssetImportingV2(NoUpdateAssetOptions)
Start importing Assets/AreaBattle/Resources/Recovered/Outgame/Sprites/CAB-96e7bcb9149957f0c16b74c6f96f93a3_-3037806406118615707.png using Guid(fef72e8326a27284196e19e2564b780c) (TextureImporter) -> (artifact id: 'c7d889f87630c6efe27cb52253021cdd') in 0.0043734 seconds
Refreshing native plugins compatible for Editor in 0.00 ms, found 0 plugins.
Preloading 0 native plugins for Editor in 0.00 ms.
Asset Pipeline Refresh (id=ebd7ccecd7d7ee04f8d2f350cb4fa125): Total: 0.008 seconds - Initiated by StopAssetImportingV2(NoUpdateAssetOptions)
Start importing Assets/AreaBattle/Resources/Recovered/Outgame/Sprites/CAB-96e7bcb9149957f0c16b74c6f96f93a3_-3037806406118615707.png using Guid(fef72e8326a27284196e19e2564b780c) (TextureImporter) -> (artifact id: 'c7d889f87630c6efe27cb52253021cdd') in 0.0040355 seconds
Refreshing native plugins compatible for Editor in 0.00 ms, found 0 plugins.
Preloading 0 native plugins for Editor in 0.00 ms.
Asset Pipeline Refresh (id=664c05b7b572754469197e712f2ebe2d): Total: 0.008 seconds - Initiated by StopAssetImportingV2(NoUpdateAssetOptions)
Start importing Assets/AreaBattle/Resources/Recovered/Outgame/Sprites/CAB-96e7bcb9149957f0c16b74c6f96f93a3_3178919912992986749.png using Guid(2289afa3191b8b74c869b5514003f300) (TextureImporter) -> (artifact id: '03744eee822c815295c9da9833f17f8f') in 0.0042645 seconds
Refreshing native plugins compatible for Editor in 0.00 ms, found 0 plugins.
Preloading 0 native plugins for Editor in 0.00 ms.
Asset Pipeline Refresh (id=4f9d705e2a028e245b7645df1837c21a): Total: 0.008 seconds - Initiated by StopAssetImportingV2(NoUpdateAssetOptions)
Start importing Assets/AreaBattle/Resources/Recovered/Outgame/Sprites/CAB-96e7bcb9149957f0c16b74c6f96f93a3_3178919912992986749.png using Guid(2289afa3191b8b74c869b5514003f300) (TextureImporter) -> (artifact id: '03744eee822c815295c9da9833f17f8f') in 0.004055 seconds
Refreshing native plugins compatible for Editor in 0.00 ms, found 0 plugins.
Preloading 0 native plugins for Editor in 0.00 ms.
Asset Pipeline Refresh (id=5af6f53a7fb8bdd4abdb35395fcf5bb2): Total: 0.008 seconds - Initiated by StopAssetImportingV2(NoUpdateAssetOptions)
Start importing Assets/AreaBattle/Resources/Recovered/Outgame/Sprites/CAB-96e7bcb9149957f0c16b74c6f96f93a3_-5205078522579301829.png using Guid(46e079028ef321542aac691721cfc765) (TextureImporter) -> (artifact id: '7b21c038fee990a418f601d1be397594') in 0.0050372 seconds
Refreshing native plugins compatible for Editor in 0.00 ms, found 0 plugins.
Preloading 0 native plugins for Editor in 0.00 ms.
Asset Pipeline Refresh (id=217b062d83646f6428dafc318cffef80): Total: 0.009 seconds - Initiated by StopAssetImportingV2(NoUpdateAssetOptions)
Start importing Assets/AreaBattle/Resources/Recovered/Outgame/Sprites/CAB-96e7bcb9149957f0c16b74c6f96f93a3_-5205078522579301829.png using Guid(46e079028ef321542aac691721cfc765) (TextureImporter) -> (artifact id: '7b21c038fee990a418f601d1be397594') in 0.0048481 seconds
Refreshing native plugins compatible for Editor in 0.00 ms, found 0 plugins.
Preloading 0 native plugins for Editor in 0.00 ms.
Asset Pipeline Refresh (id=141dc46058b8f5742802a6366b6a013d): Total: 0.009 seconds - Initiated by StopAssetImportingV2(NoUpdateAssetOptions)
Start importing Assets/AreaBattle/Resources/Recovered/Outgame/Sprites/CAB-96e7bcb9149957f0c16b74c6f96f93a3_-8614821950332085612.png using Guid(8116ca392b35d024697a2d57854128b8) (TextureImporter) -> (artifact id: '655ca8b6e9c22b37c9c000a22f8e319e') in 0.0046735 seconds
Refreshing native plugins compatible for Editor in 0.00 ms, found 0 plugins.
Preloading 0 native plugins for Editor in 0.00 ms.
Asset Pipeline Refresh (id=1278e4891d9ed0d47abe72c48577bd8c): Total: 0.009 seconds - Initiated by StopAssetImportingV2(NoUpdateAssetOptions)
Start importing Assets/AreaBattle/Resources/Recovered/Outgame/Sprites/CAB-96e7bcb9149957f0c16b74c6f96f93a3_-8614821950332085612.png using Guid(8116ca392b35d024697a2d57854128b8) (TextureImporter) -> (artifact id: '655ca8b6e9c22b37c9c000a22f8e319e') in 0.004509 seconds
Refreshing native plugins compatible for Editor in 0.00 ms, found 0 plugins.
Preloading 0 native plugins for Editor in 0.00 ms.
Asset Pipeline Refresh (id=e929918ba5c12b6478afa2bc4c50fea4): Total: 0.009 seconds - Initiated by StopAssetImportingV2(NoUpdateAssetOptions)
Start importing Assets/AreaBattle/Resources/Recovered/Outgame/Sprites/CAB-96e7bcb9149957f0c16b74c6f96f93a3_-1423504610313808389.png using Guid(4961d7fbd50fed041a7d7fbdd56387b8) (TextureImporter) -> (artifact id: '994eb4b6f09764d896c95a281e19bdbe') in 0.0042772 seconds
Refreshing native plugins compatible for Editor in 0.00 ms, found 0 plugins.
Preloading 0 native plugins for Editor in 0.00 ms.
Asset Pipeline Refresh (id=1a7553a55d06d0246b6da8e19a93d52d): Total: 0.008 seconds - Initiated by StopAssetImportingV2(NoUpdateAssetOptions)
Start importing Assets/AreaBattle/Resources/Recovered/Outgame/Sprites/CAB-96e7bcb9149957f0c16b74c6f96f93a3_-1423504610313808389.png using Guid(4961d7fbd50fed041a7d7fbdd56387b8) (TextureImporter) -> (artifact id: '994eb4b6f09764d896c95a281e19bdbe') in 0.0041231 seconds
Refreshing native plugins compatible for Editor in 0.00 ms, found 0 plugins.
Preloading 0 native plugins for Editor in 0.00 ms.
Asset Pipeline Refresh (id=8756bd6a094c70c439504bcc1e57602e): Total: 0.009 seconds - Initiated by StopAssetImportingV2(NoUpdateAssetOptions)
Start importing Assets/AreaBattle/Resources/Recovered/Outgame/Sprites/CAB-96e7bcb9149957f0c16b74c6f96f93a3_-365292548995587682.png using Guid(f0c2c797b88d26b4bba7a4e4739e41cc) (TextureImporter) -> (artifact id: '890bd2ff6d7ab15705ee91b7a69b3bae') in 0.0050288 seconds
Refreshing native plugins compatible for Editor in 0.00 ms, found 0 plugins.
Preloading 0 native plugins for Editor in 0.00 ms.
Asset Pipeline Refresh (id=2e16ee95aee3cb940a5a724c5cd423d1): Total: 0.010 seconds - Initiated by StopAssetImportingV2(NoUpdateAssetOptions)
Start importing Assets/AreaBattle/Resources/Recovered/Outgame/Sprites/CAB-96e7bcb9149957f0c16b74c6f96f93a3_-365292548995587682.png using Guid(f0c2c797b88d26b4bba7a4e4739e41cc) (TextureImporter) -> (artifact id: '890bd2ff6d7ab15705ee91b7a69b3bae') in 0.0059958 seconds
Refreshing native plugins compatible for Editor in 0.00 ms, found 0 plugins.
Preloading 0 native plugins for Editor in 0.00 ms.
Asset Pipeline Refresh (id=22d7c2d6e1e9fa647976320221910587): Total: 0.012 seconds - Initiated by StopAssetImportingV2(NoUpdateAssetOptions)
Start importing Assets/AreaBattle/Resources/Recovered/Outgame/Sprites/CAB-96e7bcb9149957f0c16b74c6f96f93a3_-2932424326803992015.png using Guid(de96c57f8b8820042998192bf482e8c7) (TextureImporter) -> (artifact id: '67f55b8a0f201fa03e8138c19a13152c') in 0.0047862 seconds
Refreshing native plugins compatible for Editor in 0.00 ms, found 0 plugins.
Preloading 0 native plugins for Editor in 0.00 ms.
Asset Pipeline Refresh (id=6ac85c495f9daca49bf99b27dfc6d440): Total: 0.009 seconds - Initiated by StopAssetImportingV2(NoUpdateAssetOptions)
Start importing Assets/AreaBattle/Resources/Recovered/Outgame/Sprites/CAB-96e7bcb9149957f0c16b74c6f96f93a3_-2932424326803992015.png using Guid(de96c57f8b8820042998192bf482e8c7) (TextureImporter) -> (artifact id: '67f55b8a0f201fa03e8138c19a13152c') in 0.0047028 seconds
Refreshing native plugins compatible for Editor in 0.00 ms, found 0 plugins.
Preloading 0 native plugins for Editor in 0.00 ms.
Asset Pipeline Refresh (id=3e73da082ca50f74bbd4e4a268fd0e12): Total: 0.010 seconds - Initiated by StopAssetImportingV2(NoUpdateAssetOptions)
Start importing Assets/AreaBattle/Resources/Recovered/Outgame/Sprites/CAB-96e7bcb9149957f0c16b74c6f96f93a3_3046113369671018259.png using Guid(9277f1b0d082c2d4c82f2b3182c582dd) (TextureImporter) -> (artifact id: '8985ce8a8b0f94f58b7869903c9f1ece') in 0.0056839 seconds
Refreshing native plugins compatible for Editor in 0.00 ms, found 0 plugins.
Preloading 0 native plugins for Editor in 0.00 ms.
Asset Pipeline Refresh (id=72156d81ef5fa684081186a85748d146): Total: 0.010 seconds - Initiated by StopAssetImportingV2(NoUpdateAssetOptions)
Start importing Assets/AreaBattle/Resources/Recovered/Outgame/Sprites/CAB-96e7bcb9149957f0c16b74c6f96f93a3_3046113369671018259.png using Guid(9277f1b0d082c2d4c82f2b3182c582dd) (TextureImporter) -> (artifact id: '8985ce8a8b0f94f58b7869903c9f1ece') in 0.0053069 seconds
Refreshing native plugins compatible for Editor in 0.00 ms, found 0 plugins.
Preloading 0 native plugins for Editor in 0.00 ms.
Asset Pipeline Refresh (id=911f70f179047ac498418ab4b26e7868): Total: 0.010 seconds - Initiated by StopAssetImportingV2(NoUpdateAssetOptions)
Start importing Assets/AreaBattle/Resources/Recovered/Outgame/Sprites/CAB-96e7bcb9149957f0c16b74c6f96f93a3_-1621249159729120335.png using Guid(2857abd7ae5874e43a63187347abfb77) (TextureImporter) -> (artifact id: '639b915b37e465fdf190e1af4664e08e') in 0.0044401 seconds
Refreshing native plugins compatible for Editor in 0.00 ms, found 0 plugins.
Preloading 0 native plugins for Editor in 0.00 ms.
Asset Pipeline Refresh (id=12c26df82f9b9e34b98df43ff8f4f001): Total: 0.008 seconds - Initiated by StopAssetImportingV2(NoUpdateAssetOptions)
Start importing Assets/AreaBattle/Resources/Recovered/Outgame/Sprites/CAB-96e7bcb9149957f0c16b74c6f96f93a3_-1621249159729120335.png using Guid(2857abd7ae5874e43a63187347abfb77) (TextureImporter) -> (artifact id: '639b915b37e465fdf190e1af4664e08e') in 0.0042463 seconds
Refreshing native plugins compatible for Editor in 0.00 ms, found 0 plugins.
Preloading 0 native plugins for Editor in 0.00 ms.
Asset Pipeline Refresh (id=5122dc57b643abd4f9d52e09a367be58): Total: 0.008 seconds - Initiated by StopAssetImportingV2(NoUpdateAssetOptions)
Start importing Assets/AreaBattle/Resources/Recovered/Outgame/Sprites/CAB-96e7bcb9149957f0c16b74c6f96f93a3_4672788107726527266.png using Guid(c6a89161dfbc2f64bbccccb133ba6ab6) (TextureImporter) -> (artifact id: 'bafda01aac69d97d9276a86c15d59ffa') in 0.00482 seconds
Refreshing native plugins compatible for Editor in 0.00 ms, found 0 plugins.
Preloading 0 native plugins for Editor in 0.00 ms.
Asset Pipeline Refresh (id=438868918c3f33141a6f47fb0ed5440a): Total: 0.009 seconds - Initiated by StopAssetImportingV2(NoUpdateAssetOptions)
Start importing Assets/AreaBattle/Resources/Recovered/Outgame/Sprites/CAB-96e7bcb9149957f0c16b74c6f96f93a3_4672788107726527266.png using Guid(c6a89161dfbc2f64bbccccb133ba6ab6) (TextureImporter) -> (artifact id: 'bafda01aac69d97d9276a86c15d59ffa') in 0.0045301 seconds
Refreshing native plugins compatible for Editor in 0.00 ms, found 0 plugins.
Preloading 0 native plugins for Editor in 0.00 ms.
Asset Pipeline Refresh (id=b3fb7d414622a384ca3809f97929abd1): Total: 0.009 seconds - Initiated by StopAssetImportingV2(NoUpdateAssetOptions)
Start importing Assets/AreaBattle/Resources/Recovered/Outgame/Sprites/CAB-96e7bcb9149957f0c16b74c6f96f93a3_9134656629219204656.png using Guid(0a37c7f196ebfa04991899e3a4bcb870) (TextureImporter) -> (artifact id: '6d9fa8a8de9ef0d50cfa74ec2bea21f7') in 0.0043105 seconds
Refreshing native plugins compatible for Editor in 0.00 ms, found 0 plugins.
Preloading 0 native plugins for Editor in 0.00 ms.
Asset Pipeline Refresh (id=ab12d2b5174a1804e9c97bf0b89044bf): Total: 0.008 seconds - Initiated by StopAssetImportingV2(NoUpdateAssetOptions)
Start importing Assets/AreaBattle/Resources/Recovered/Outgame/Sprites/CAB-96e7bcb9149957f0c16b74c6f96f93a3_9134656629219204656.png using Guid(0a37c7f196ebfa04991899e3a4bcb870) (TextureImporter) -> (artifact id: '6d9fa8a8de9ef0d50cfa74ec2bea21f7') in 0.0041848 seconds
Refreshing native plugins compatible for Editor in 0.00 ms, found 0 plugins.
Preloading 0 native plugins for Editor in 0.00 ms.
Asset Pipeline Refresh (id=30803c9f3a65ad145a4775f4b3e8512a): Total: 0.008 seconds - Initiated by StopAssetImportingV2(NoUpdateAssetOptions)
Start importing Assets/AreaBattle/Resources/Recovered/Outgame/Sprites/CAB-96e7bcb9149957f0c16b74c6f96f93a3_-9153487169318344139.png using Guid(2be10f219ee0b974e8f4525509ff961c) (TextureImporter) -> (artifact id: 'abeaadfc7937fa859e6278f774cbdb43') in 0.0050292 seconds
Refreshing native plugins compatible for Editor in 0.00 ms, found 0 plugins.
Preloading 0 native plugins for Editor in 0.00 ms.
Asset Pipeline Refresh (id=185ae4c0b0808694892f0d2520745c14): Total: 0.009 seconds - Initiated by StopAssetImportingV2(NoUpdateAssetOptions)
Start importing Assets/AreaBattle/Resources/Recovered/Outgame/Sprites/CAB-96e7bcb9149957f0c16b74c6f96f93a3_-9153487169318344139.png using Guid(2be10f219ee0b974e8f4525509ff961c) (TextureImporter) -> (artifact id: 'abeaadfc7937fa859e6278f774cbdb43') in 0.0046611 seconds
Refreshing native plugins compatible for Editor in 0.00 ms, found 0 plugins.
Preloading 0 native plugins for Editor in 0.00 ms.
Asset Pipeline Refresh (id=6c1d8517c1f50c144ba0228a7838d625): Total: 0.009 seconds - Initiated by StopAssetImportingV2(NoUpdateAssetOptions)
Start importing Assets/AreaBattle/Resources/Recovered/Outgame/Sprites/CAB-96e7bcb9149957f0c16b74c6f96f93a3_-838883811556817783.png using Guid(92134b51c5ffc704e8c72030151bcb9c) (TextureImporter) -> (artifact id: '5de1d1cadd390fd67495a42402176547') in 0.0052511 seconds
Refreshing native plugins compatible for Editor in 0.00 ms, found 0 plugins.
Preloading 0 native plugins for Editor in 0.00 ms.
Asset Pipeline Refresh (id=87e95af8be807664f8a9ccb88ed9766f): Total: 0.009 seconds - Initiated by StopAssetImportingV2(NoUpdateAssetOptions)
Start importing Assets/AreaBattle/Resources/Recovered/Outgame/Sprites/CAB-96e7bcb9149957f0c16b74c6f96f93a3_-838883811556817783.png using Guid(92134b51c5ffc704e8c72030151bcb9c) (TextureImporter) -> (artifact id: '5de1d1cadd390fd67495a42402176547') in 0.0051424 seconds
Refreshing native plugins compatible for Editor in 0.00 ms, found 0 plugins.
Preloading 0 native plugins for Editor in 0.00 ms.
Asset Pipeline Refresh (id=1f67978ed4fbb654687850a388fb5030): Total: 0.010 seconds - Initiated by StopAssetImportingV2(NoUpdateAssetOptions)
Start importing Assets/AreaBattle/Resources/Recovered/Outgame/Fonts/CAB-a14f3eb3adf948afc8e578331928efaf_6544835752251692798.ttf using Guid(c7cb7519045e4f84592da6966a24a24e) (TrueTypeFontImporter) -> (artifact id: '8a65cf0614ceaf17041510aa701f85b8') in 0.0024982 seconds
Refreshing native plugins compatible for Editor in 0.00 ms, found 0 plugins.
Preloading 0 native plugins for Editor in 0.00 ms.
Asset Pipeline Refresh (id=51b808c4db0c38040b41d5abcdfe1148): Total: 0.007 seconds - Initiated by StopAssetImportingV2(NoUpdateAssetOptions)
Start importing Assets/AreaBattle/Resources/Recovered/Outgame/Fonts/CAB-a14f3eb3adf948afc8e578331928efaf_-8154394059653640722.ttf using Guid(e1c19b28624cc964faa93ba4b41e5a65) (TrueTypeFontImporter) -> (artifact id: '3c4b8f7a6858d86ae278a1355ce0f097') in 0.0043309 seconds
Refreshing native plugins compatible for Editor in 0.00 ms, found 0 plugins.
Preloading 0 native plugins for Editor in 0.00 ms.
Asset Pipeline Refresh (id=af4082abde12e184880c7df5f732e3d3): Total: 0.008 seconds - Initiated by StopAssetImportingV2(NoUpdateAssetOptions)
Start importing Assets/AreaBattle/Resources/Recovered/Outgame/Fonts/CAB-a14f3eb3adf948afc8e578331928efaf_6544835752251692798.ttf using Guid(c7cb7519045e4f84592da6966a24a24e) (TrueTypeFontImporter) -> (artifact id: '8a65cf0614ceaf17041510aa701f85b8') in 0.0011403 seconds
Refreshing native plugins compatible for Editor in 0.00 ms, found 0 plugins.
Preloading 0 native plugins for Editor in 0.00 ms.
Asset Pipeline Refresh (id=ed48926888b98fe498771e4b68711b1b): Total: 0.005 seconds - Initiated by StopAssetImportingV2(NoUpdateAssetOptions)
Asset Pipeline Refresh (id=3de3f9b295012fc4d9ba12dab1406fcd): Total: 0.012 seconds - Initiated by RefreshV2(NoUpdateAssetOptions)
Start importing Assets/AreaBattle/Resources/Recovered/Outgame/MenuTabUI.prefab using Guid(e86dc2c908f87ba4aa937fee134aabd3) (PrefabImporter) -> (artifact id: '736614af8f86c9cefc1c88d3fcbeb65b') in 0.0067217 seconds
Refreshing native plugins compatible for Editor in 0.00 ms, found 0 plugins.
Preloading 0 native plugins for Editor in 0.00 ms.
Asset Pipeline Refresh (id=82625cfb59ca6024582445718e07f97c): Total: 0.015 seconds - Initiated by StopAssetImportingV2(NoUpdateAssetOptions)
Start importing Assets/AreaBattle/Resources/Recovered/Outgame/MenuTabUI.prefab using Guid(e86dc2c908f87ba4aa937fee134aabd3) (PrefabImporter) -> (artifact id: '736614af8f86c9cefc1c88d3fcbeb65b') in 0.0055638 seconds
Refreshing native plugins compatible for Editor in 0.00 ms, found 0 plugins.
Preloading 0 native plugins for Editor in 0.00 ms.
Asset Pipeline Refresh (id=6a75613e92f62d54dbb04fbcd5230cde): Total: 0.012 seconds - Initiated by StopAssetImportingV2(NoUpdateAssetOptions)
Start importing Assets/AreaBattle/Resources/Recovered/Outgame/Proj_xqzdStartUI.prefab using Guid(53cc7c1daf55dc54da37289ff428fca0) (PrefabImporter) -> (artifact id: '2b1ec75d2942bba84049c6c58a10a8e2') in 0.0074359 seconds
Refreshing native plugins compatible for Editor in 0.00 ms, found 0 plugins.
Preloading 0 native plugins for Editor in 0.00 ms.
Asset Pipeline Refresh (id=49dce8df8cd80d544a6c951ab5b6c408): Total: 0.016 seconds - Initiated by StopAssetImportingV2(NoUpdateAssetOptions)
Start importing Assets/AreaBattle/Resources/Recovered/Outgame/Proj_xqzdStartUI.prefab using Guid(53cc7c1daf55dc54da37289ff428fca0) (PrefabImporter) -> (artifact id: '2b1ec75d2942bba84049c6c58a10a8e2') in 0.0068425 seconds
Refreshing native plugins compatible for Editor in 0.00 ms, found 0 plugins.
Preloading 0 native plugins for Editor in 0.00 ms.
Asset Pipeline Refresh (id=a839980112f579d41bfe2353c59e3034): Total: 0.015 seconds - Initiated by StopAssetImportingV2(NoUpdateAssetOptions)
Start importing Assets/AreaBattle/Resources/Recovered/Outgame/CommanderUI.prefab using Guid(364007ee9c153894c8c2d01ec8762279) (PrefabImporter) -> (artifact id: '5681082272c3a265204ccb30b5288cc7') in 0.0087581 seconds
Refreshing native plugins compatible for Editor in 0.00 ms, found 0 plugins.
Preloading 0 native plugins for Editor in 0.00 ms.
Asset Pipeline Refresh (id=5b46fa88824f1c841965a98edb8a318f): Total: 0.018 seconds - Initiated by StopAssetImportingV2(NoUpdateAssetOptions)
Start importing Assets/AreaBattle/Resources/Recovered/Outgame/CommanderUI.prefab using Guid(364007ee9c153894c8c2d01ec8762279) (PrefabImporter) -> (artifact id: '5681082272c3a265204ccb30b5288cc7') in 0.0081896 seconds
Refreshing native plugins compatible for Editor in 0.00 ms, found 0 plugins.
Preloading 0 native plugins for Editor in 0.00 ms.
Asset Pipeline Refresh (id=932eaeda7ab69ff44876e912ff633d26): Total: 0.016 seconds - Initiated by StopAssetImportingV2(NoUpdateAssetOptions)
Start importing Assets/AreaBattle/Resources/Recovered/Outgame/ShopUI.prefab using Guid(3e26950b29729974ba5e9d7d5b5a54d5) (PrefabImporter) -> (artifact id: '7f21f2f012a2b2fcacbd399f55a6d305') in 0.0163604 seconds
Refreshing native plugins compatible for Editor in 0.00 ms, found 0 plugins.
Preloading 0 native plugins for Editor in 0.00 ms.
Asset Pipeline Refresh (id=a57e52b2adf53dd4898144168894f4e1): Total: 0.029 seconds - Initiated by StopAssetImportingV2(NoUpdateAssetOptions)
Start importing Assets/AreaBattle/Resources/Recovered/Outgame/ShopUI.prefab using Guid(3e26950b29729974ba5e9d7d5b5a54d5) (PrefabImporter) -> (artifact id: '7f21f2f012a2b2fcacbd399f55a6d305') in 0.0139334 seconds
Refreshing native plugins compatible for Editor in 0.00 ms, found 0 plugins.
Preloading 0 native plugins for Editor in 0.00 ms.
Asset Pipeline Refresh (id=d478f4847e9ed454bbf037017849a8cd): Total: 0.025 seconds - Initiated by StopAssetImportingV2(NoUpdateAssetOptions)
Start importing Assets/AreaBattle/Resources/Recovered/Outgame/hud-import.json using Guid(06b86b9c3617b4d40a61034859f8eab3) (TextScriptImporter) -> (artifact id: '008ce2b54d733f470510520caff4ee44') in 0.003251 seconds
Refreshing native plugins compatible for Editor in 0.00 ms, found 0 plugins.
Preloading 0 native plugins for Editor in 0.00 ms.
Asset Pipeline Refresh (id=b185e53afd009364aac442761f3bb70d): Total: 0.008 seconds - Initiated by StopAssetImportingV2(NoUpdateAssetOptions)
[Physics::Module] Cleanup current backned.
[Physics::Module] Id: 0xf2b8ea05
Input System module state changed to: ShutdownInProgress.
Input System polling thread exited.
Input System module state changed to: Shutdown.
[Licensing::IpcConnector] LicenseClient-jiachengwei-notifications channel disconnected successfully.
[Licensing::IpcConnector] LicenseClient-jiachengwei channel disconnected successfully.
AcceleratorClientConnectionCallback - disconnected - :0
Cleanup mono
Checking for leaked weakptr:
  Found no leaked weakptrs.
[Package Manager] Server process was shutdown
##utp:{"type":"MemoryLeaks","version":2,"phase":"Immediate","time":1790695528905,"processId":60776,"allocatedMemory":15958309,"memoryLabels":[{"Default":28597},{"Permanent":15348},{"NewDelete":70537},{"Thread":4230344},{"Manager":37786},{"VertexData":8},{"Geometry":816},{"VFX":-104},{"Texture":160},{"Shader":78795},{"Material":24},{"GfxDevice":55176},{"Animation":392},{"Audio":4040},{"Font":2882904},{"FreeType":11486},{"FontEngine":256},{"Physics":2081},{"Serialization":816},{"Input":14824},{"JobScheduler":33024},{"TextLib":160},{"Mono":32},{"ScriptingNativeRuntime":155060},{"BaseObject":1811536},{"Resource":1304},{"Renderer":2928},{"Transform":4646},{"File":1016},{"WebCam":616},{"Culling":32},{"Terrain":11394},{"Wind":24},{"STL":40},{"String":653199},{"DynamicArray":89643},{"HashMap":62276},{"Utility":2662798},{"Curl":48},{"PoolAlloc":1768},{"AI":104},{"TypeTree":5005},{"ScriptManager":512},{"RuntimeInitializeOnLoadManager":64},{"SpriteAtlas":112},{"GI":7888},{"Director":8240},{"CloudService":143712},{"WebRequest":808},{"VR":45969},{"SceneManager":496},{"Video":64},{"LazyScriptCache":32},{"Camera":17},{"Secure":1},{"SerializationCache":1576},{"APIUpdating":10320},{"Subsystems":336},{"VirtualTexturing":57888},{"StaticSafetyDebugInfo":278528},{"Analytics":384},{"Hierarchy":272},{"Gui":80},{"EditorUtility":26460},{"VersionControl":4},{"Undo":947},{"AssetDatabase":2401902},{"EditorGi":328},{"UnityConnect":24184},{"Upm":2036},{"DrivenProperties":72},{"LocalIPC":217},{"ProfilerEditor":9746},{"CoreBusinessMetrics":2879},{"Licensing":1232},{"AssetReference":32},{"IPCStream":32}]}
