[Licensing::Module] Trying to connect to existing licensing client channel...
Built from '6000.0/staging' branch; Version is '6000.0.68f1 (e1e9baaf294b) revision 14805434'; Using compiler version '193933523'; Build Type 'Release'
OS: 'Windows 10  (10.0.19045) 64bit Professional' Language: 'zh' Physical Memory: 65325 MB
BatchMode: 1, IsHumanControllingUs: 0, StartBugReporterOnCrash: 0, Is64bit: 1
[Licensing::IpcConnector] Channel LicenseClient-jiachengwei doesn't exist
System  architecture: x64
Process architecture: x64
Date: 2026-09-30T09:51:47Z
[Licensing::Module] Successfully launched the LicensingClient (PId: 65212)

COMMAND LINE ARGUMENTS:
C:\Program Files\Unity\Hub\Editor\6000.0.68f1\Editor\Unity.exe
-batchmode
-accept-apiupdate
-projectPath
E:/Projects/AreaBattle/UnityProject
-executeMethod
AreaBattle.EditorTools.BattleBuild.ValidateIntegrated
-logFile
E:/Projects/AreaBattle/analysis/time-module-integrated.log
Successfully changed project path to: E:/Projects/AreaBattle/UnityProject
E:/Projects/AreaBattle/UnityProject
[UnityMemory] Configuration Parameters - Can be set up in boot.config
    "memorysetup-bucket-allocator-granularity=16"
    "memorysetup-bucket-allocator-bucket-count=8"
    "memorysetup-bucket-allocator-block-size=33554432"
    "memorysetup-bucket-allocator-block-count=8"
    "memorysetup-main-allocator-block-size=16777216"
    "memorysetup-thread-allocator-block-size=16777216"
    "memorysetup-gfx-main-allocator-block-size=16777216"
    "memorysetup-gfx-thread-allocator-block-size=16777216"
    "memorysetup-cache-allocator-block-size=4194304"
    "memorysetup-typetree-allocator-block-size=2097152"
    "memorysetup-profiler-bucket-allocator-granularity=16"
    "memorysetup-profiler-bucket-allocator-bucket-count=8"
    "memorysetup-profiler-bucket-allocator-block-size=33554432"
    "memorysetup-profiler-bucket-allocator-block-count=8"
    "memorysetup-profiler-allocator-block-size=16777216"
    "memorysetup-profiler-editor-allocator-block-size=1048576"
    "memorysetup-temp-allocator-size-main=16777216"
    "memorysetup-job-temp-allocator-block-size=2097152"
    "memorysetup-job-temp-allocator-block-size-background=1048576"
    "memorysetup-job-temp-allocator-reduction-small-platforms=262144"
    "memorysetup-allocator-temp-initial-block-size-main=262144"
    "memorysetup-allocator-temp-initial-block-size-worker=262144"
    "memorysetup-temp-allocator-size-background-worker=32768"
    "memorysetup-temp-allocator-size-job-worker=262144"
    "memorysetup-temp-allocator-size-preload-manager=33554432"
    "memorysetup-temp-allocator-size-nav-mesh-worker=65536"
    "memorysetup-temp-allocator-size-audio-worker=65536"
    "memorysetup-temp-allocator-size-cloud-worker=32768"
    "memorysetup-temp-allocator-size-gi-baking-worker=262144"
    "memorysetup-temp-allocator-size-gi-baking-worker=262144"
    "memorysetup-temp-allocator-size-gi-baking-worker=262144"
    "memorysetup-temp-allocator-size-gi-baking-worker=262144"
    "memorysetup-temp-allocator-size-gi-baking-worker=262144"
    "memorysetup-temp-allocator-size-gfx=262144"
Player connection [72468]  Target information:

Player connection [72468]  * "[IP] 192.168.12.13 [Port] 55506 [Flags] 2 [Guid] 4182889546 [EditorId] 4182889546 [Version] 1048832 [Id] WindowsEditor(7,DESKTOP-H2NB5JD) [Debug] 1 [PackageName] WindowsEditor [ProjectName] Editor" 

Player connection [72468] Host joined multi-casting on [225.0.0.222:54997]...
Player connection [72468] Host joined alternative multi-casting on [225.0.0.222:34997]...
Input System module state changed to: Initialized.
[Physics::Module] Initialized fallback backend.
[Physics::Module] Id: 0xdecafbad
[Licensing::IpcConnector] Successfully connected to: "LicenseClient-jiachengwei" at "2026-09-30T09:51:47.8608597Z"
[Package Manager] Connected to IPC stream "Upm-62448" after 0.2 seconds.
Library Redirect Path: Library/
[Physics::Module] Selected backend.
[Physics::Module] Name: PhysX
[Physics::Module] Id: 0xf2b8ea05
[Physics::Module] SDK Version: 4.1.2
[Physics::Module] Integration Version: 1.0.0
[Physics::Module] Threading Mode: Multi-Threaded
Refreshing native plugins compatible for Editor in 0.00 ms, found 0 plugins.
Preloading 0 native plugins for Editor in 0.00 ms.
Initialize engine version: 6000.0.68f1 (e1e9baaf294b)
[Subsystems] Discovering subsystems at path C:/Program Files/Unity/Hub/Editor/6000.0.68f1/Editor/Data/Resources/UnitySubsystems
[Subsystems] Discovering subsystems at path E:/Projects/AreaBattle/UnityProject/Assets
GfxDevice: creating device client; kGfxThreadingModeNonThreaded
Direct3D:
    Version:  Direct3D 11.0 [level 11.1]
    Renderer: NVIDIA GeForce RTX 3070 (ID=0x2488)
    Vendor:   NVIDIA
    VRAM:     8018 MB
    Driver:   32.0.15.8180
Initialize mono
Mono path[0] = 'C:/Program Files/Unity/Hub/Editor/6000.0.68f1/Editor/Data/Managed'
Mono path[1] = 'C:/Program Files/Unity/Hub/Editor/6000.0.68f1/Editor/Data/MonoBleedingEdge/lib/mono/unityjit-win32'
Mono config path = 'C:/Program Files/Unity/Hub/Editor/6000.0.68f1/Editor/Data/MonoBleedingEdge/etc'
Using monoOptions --debugger-agent=transport=dt_socket,embedding=1,server=y,suspend=n,address=127.0.0.1:56448
Using cacheserver namespaces - metadata:defaultmetadata, artifacts:defaultartifacts
Using cacheserver namespaces - metadata:defaultmetadata, artifacts:defaultartifacts
ImportWorker Server TCP listen port: 0
AcceleratorClientConnectionCallback - disconnected - :0
Begin MonoManager ReloadAssembly
Registering precompiled unity dll's ...
Register platform support module: C:/Program Files/Unity/Hub/Editor/6000.0.68f1/Editor/Data/PlaybackEngines/WindowsStandaloneSupport/UnityEditor.WindowsStandalone.Extensions.dll
[Licensing::Module] Licensing is not yet initialized.
[Licensing::Client] Code 3 while verifying Licensing Client signature (process Id: 65212, path: "C:/Program Files/Unity/Hub/Editor/6000.0.68f1/Editor/Data/Resources/Licensing/Client/Unity.Licensing.Client.exe")
[Licensing::Module] LicensingClient has failed validation; ignoring
[Licensing::Client] Handshaking with LicensingClient:
  Version:                 1.17.4+4293ba1
  Session Id:              96e86be289e142f1b994cb84aa209a6e
  Correlation Id:          2c8f1167db467ec32bbf8d2ab96c7c37
  External correlation Id: 7392455350983848945
  Machine Id:              9cQkwGhPtCyHx8hTJUSXA0S3txg=
[Licensing::Module] Successfully connected to LicensingClient on channel: "LicenseClient-jiachengwei" (connect: 0.25s, validation: 0.05s, handshake: 2.93s)
[Licensing::IpcConnector] Successfully connected to: "LicenseClient-jiachengwei-notifications" at "2026-09-30T09:51:50.8407418Z"
[Licensing::Module] Connected to LicensingClient (PId: 65212, launch time: 0.00, total connection time: 3.23s)
[Licensing::Module] Error: Access token is unavailable; failed to update
[Licensing::Client] Successfully resolved entitlement details
[Licensing::Module] License group:
  Id: 00-0000-0000-0000-0000-XXXX
  Product: Unity Pro
  Type: ULF
  Expiration: Unlimited
[Licensing::Client] Successfully updated license, isAsync: True, time: 0.01
[Licensing::Client] Successfully resolved entitlement details
[Licensing::Module] Licensing Background thread has ended after 3.24s
[Licensing::Module] Licensing is initialized (took 2.62s).
[Licensing::Client] Successfully resolved entitlement details
Register platform support module: C:/Program Files/Unity/Hub/Editor/6000.0.68f1/Editor/Data/PlaybackEngines/AndroidPlayer/UnityEditor.Android.Extensions.dll
Registered in 2.620563 seconds.
- Loaded All Assemblies, in  2.859 seconds
Native extension for Android target not found
Android Extension - Scanning For ADB Devices 83 ms
Native extension for WindowsStandalone target not found
Mono: successfully reloaded assembly
- Finished resetting the current domain, in  0.296 seconds
Domain Reload Profiling: 3154ms
	BeginReloadAssembly (80ms)
		ExecutionOrderSort (0ms)
		DisableScriptedObjects (0ms)
		BackupInstance (0ms)
		ReleaseScriptingObjects (0ms)
		CreateAndSetChildDomain (0ms)
	RebuildCommonClasses (22ms)
	RebuildNativeTypeToScriptingClass (7ms)
	initialDomainReloadingComplete (2650ms)
	LoadAllAssembliesAndSetupDomain (98ms)
		LoadAssemblies (79ms)
		RebuildTransferFunctionScriptingTraits (0ms)
		AnalyzeDomain (95ms)
			TypeCache.Refresh (95ms)
				TypeCache.ScanAssembly (87ms)
			BuildScriptInfoCaches (0ms)
			ResolveRequiredComponents (0ms)
	FinalizeReload (297ms)
		ReleaseScriptCaches (0ms)
		RebuildScriptCaches (0ms)
		SetupLoadedEditorAssemblies (276ms)
			LogAssemblyErrors (0ms)
			InitializePlatformSupportModulesInManaged (136ms)
			SetLoadedEditorAssemblies (2ms)
			BeforeProcessingInitializeOnLoad (33ms)
			ProcessInitializeOnLoadAttributes (69ms)
			ProcessInitializeOnLoadMethodAttributes (35ms)
			AfterProcessingInitializeOnLoad (0ms)
			EditorAssembliesLoaded (0ms)
		ExecutionOrderSort2 (0ms)
		AwakeInstancesAfterBackupRestoration (0ms)
[Licensing::Client] Successfully resolved entitlement details
Application.AssetDatabase Initial Refresh Start
Package Manager log level set to [2]
[Package Manager] Restoring resolved packages state from cache
[Licensing::Client] Successfully resolved entitlement details
[Package Manager] Registered 36 packages:
  Built-in packages:
    com.unity.ugui@2.0.0 (location: E:\Projects\AreaBattle\UnityProject\Library\PackageCache\com.unity.ugui@cec3688a7c38)
    com.unity.multiplayer.center@1.0.0 (location: E:\Projects\AreaBattle\UnityProject\Library\PackageCache\com.unity.multiplayer.center@f3fb577b3546)
    com.unity.modules.accessibility@1.0.0 (location: E:\Projects\AreaBattle\UnityProject\Library\PackageCache\com.unity.modules.accessibility)
    com.unity.modules.ai@1.0.0 (location: E:\Projects\AreaBattle\UnityProject\Library\PackageCache\com.unity.modules.ai)
    com.unity.modules.androidjni@1.0.0 (location: E:\Projects\AreaBattle\UnityProject\Library\PackageCache\com.unity.modules.androidjni)
    com.unity.modules.animation@1.0.0 (location: E:\Projects\AreaBattle\UnityProject\Library\PackageCache\com.unity.modules.animation)
    com.unity.modules.assetbundle@1.0.0 (location: E:\Projects\AreaBattle\UnityProject\Library\PackageCache\com.unity.modules.assetbundle)
    com.unity.modules.audio@1.0.0 (location: E:\Projects\AreaBattle\UnityProject\Library\PackageCache\com.unity.modules.audio)
    com.unity.modules.cloth@1.0.0 (location: E:\Projects\AreaBattle\UnityProject\Library\PackageCache\com.unity.modules.cloth)
    com.unity.modules.director@1.0.0 (location: E:\Projects\AreaBattle\UnityProject\Library\PackageCache\com.unity.modules.director)
    com.unity.modules.imageconversion@1.0.0 (location: E:\Projects\AreaBattle\UnityProject\Library\PackageCache\com.unity.modules.imageconversion)
    com.unity.modules.imgui@1.0.0 (location: E:\Projects\AreaBattle\UnityProject\Library\PackageCache\com.unity.modules.imgui)
    com.unity.modules.jsonserialize@1.0.0 (location: E:\Projects\AreaBattle\UnityProject\Library\PackageCache\com.unity.modules.jsonserialize)
    com.unity.modules.particlesystem@1.0.0 (location: E:\Projects\AreaBattle\UnityProject\Library\PackageCache\com.unity.modules.particlesystem)
    com.unity.modules.physics@1.0.0 (location: E:\Projects\AreaBattle\UnityProject\Library\PackageCache\com.unity.modules.physics)
    com.unity.modules.physics2d@1.0.0 (location: E:\Projects\AreaBattle\UnityProject\Library\PackageCache\com.unity.modules.physics2d)
    com.unity.modules.screencapture@1.0.0 (location: E:\Projects\AreaBattle\UnityProject\Library\PackageCache\com.unity.modules.screencapture)
    com.unity.modules.terrain@1.0.0 (location: E:\Projects\AreaBattle\UnityProject\Library\PackageCache\com.unity.modules.terrain)
    com.unity.modules.terrainphysics@1.0.0 (location: E:\Projects\AreaBattle\UnityProject\Library\PackageCache\com.unity.modules.terrainphysics)
    com.unity.modules.tilemap@1.0.0 (location: E:\Projects\AreaBattle\UnityProject\Library\PackageCache\com.unity.modules.tilemap)
    com.unity.modules.ui@1.0.0 (location: E:\Projects\AreaBattle\UnityProject\Library\PackageCache\com.unity.modules.ui)
    com.unity.modules.uielements@1.0.0 (location: E:\Projects\AreaBattle\UnityProject\Library\PackageCache\com.unity.modules.uielements)
    com.unity.modules.umbra@1.0.0 (location: E:\Projects\AreaBattle\UnityProject\Library\PackageCache\com.unity.modules.umbra)
    com.unity.modules.unityanalytics@1.0.0 (location: E:\Projects\AreaBattle\UnityProject\Library\PackageCache\com.unity.modules.unityanalytics)
    com.unity.modules.unitywebrequest@1.0.0 (location: E:\Projects\AreaBattle\UnityProject\Library\PackageCache\com.unity.modules.unitywebrequest)
    com.unity.modules.unitywebrequestassetbundle@1.0.0 (location: E:\Projects\AreaBattle\UnityProject\Library\PackageCache\com.unity.modules.unitywebrequestassetbundle)
    com.unity.modules.unitywebrequestaudio@1.0.0 (location: E:\Projects\AreaBattle\UnityProject\Library\PackageCache\com.unity.modules.unitywebrequestaudio)
    com.unity.modules.unitywebrequesttexture@1.0.0 (location: E:\Projects\AreaBattle\UnityProject\Library\PackageCache\com.unity.modules.unitywebrequesttexture)
    com.unity.modules.unitywebrequestwww@1.0.0 (location: E:\Projects\AreaBattle\UnityProject\Library\PackageCache\com.unity.modules.unitywebrequestwww)
    com.unity.modules.vehicles@1.0.0 (location: E:\Projects\AreaBattle\UnityProject\Library\PackageCache\com.unity.modules.vehicles)
    com.unity.modules.video@1.0.0 (location: E:\Projects\AreaBattle\UnityProject\Library\PackageCache\com.unity.modules.video)
    com.unity.modules.vr@1.0.0 (location: E:\Projects\AreaBattle\UnityProject\Library\PackageCache\com.unity.modules.vr)
    com.unity.modules.wind@1.0.0 (location: E:\Projects\AreaBattle\UnityProject\Library\PackageCache\com.unity.modules.wind)
    com.unity.modules.xr@1.0.0 (location: E:\Projects\AreaBattle\UnityProject\Library\PackageCache\com.unity.modules.xr)
    com.unity.modules.subsystems@1.0.0 (location: E:\Projects\AreaBattle\UnityProject\Library\PackageCache\com.unity.modules.subsystems)
    com.unity.modules.hierarchycore@1.0.0 (location: E:\Projects\AreaBattle\UnityProject\Library\PackageCache\com.unity.modules.hierarchycore)
[Subsystems] No new subsystems found in resolved package list.
[Package Manager] Done registering packages in 0.01 seconds
[ScriptCompilation] Requested script compilation because: Assetdatabase observed changes in script compilation related files
Starting: C:\Program Files\Unity\Hub\Editor\6000.0.68f1\Editor\Data\bee_backend.exe --ipc --defer-dag-verification --dagfile="Library/Bee/1900b0aE.dag" --continue-on-failure --profile="Library/Bee/backend1.traceevents" ScriptAssemblies
WorkingDir: E:/Projects/AreaBattle/UnityProject
DisplayProgressbar: Compiling Scripts
Starting: C:\Program Files\Unity\Hub\Editor\6000.0.68f1\Editor\Data\Tools\netcorerun\netcorerun.exe "C:\Program Files\Unity\Hub\Editor\6000.0.68f1\Editor\Data\Tools\BuildPipeline\ScriptCompilationBuildProgram.exe" "Library/Bee/1900b0aE.dag.json" "Library/Bee/1900b0aE-inputdata.json" "Library\Bee\buildprogram0.traceevents"
WorkingDir: E:/Projects/AreaBattle/UnityProject
ExitCode: 4 Duration: 1s54ms
Rebuilding DAG because FileSignature timestamp changed: Library/Bee/1900b0aE-inputdata.json
[207/213    1s] Csc Library/Bee/artifacts/1900b0aE.dag/Assembly-CSharp.dll (+2 others)
Assets\AreaBattle\Scripts\OutgameFlyRuntime.cs(10,59): warning CS0108: 'OutgameFlyRuntime.animation' hides inherited member 'Component.animation'. Use the new keyword if hiding was intended.

Assets\AreaBattle\ThirdParty\Spine41\spine-unity\Components\EditorSkeletonPlayer.cs(57,51): warning CS0618: 'Object.FindObjectsOfType<T>()' is obsolete: 'Object.FindObjectsOfType has been deprecated. Use Object.FindObjectsByType instead which lets you decide whether you need the results sorted or not.  FindObjectsOfType sorts the results by InstanceID but if you do not need this using FindObjectSortMode.None is considerably faster.'

Assets\AreaBattle\ThirdParty\Spine41\spine-unity\Components\Following\BoundingBoxFollowerGraphic.cs(168,7): warning CS0618: 'Collider2D.usedByComposite' is obsolete: 'usedByComposite has been deprecated. Use Collider2D.compositeOperation instead'

Assets\AreaBattle\ThirdParty\Spine41\spine-unity\Components\Following\BoundingBoxFollower.cs(167,7): warning CS0618: 'Collider2D.usedByComposite' is obsolete: 'usedByComposite has been deprecated. Use Collider2D.compositeOperation instead'

Assets\AreaBattle\ThirdParty\Spine41\spine-unity\Components\SkeletonUtility\SkeletonUtility.cs(126,5): warning CS0618: 'Rigidbody2D.isKinematic' is obsolete: 'Please use Rigidbody2D.bodyType instead.'

Assets\AreaBattle\Scripts\OutgameInputManager.cs(45,62): warning CS0414: The field 'OutgameInputManager.MulTouchBegin' is assigned but its value is never used

Assets\AreaBattle\Scripts\OutgameLegacyPrefabResource.cs(9,28): warning CS0414: The field 'OutgameLegacyPrefabResource.mainObject' is assigned but its value is never used

Assets\AreaBattle\Scripts\OutgameInputManager.cs(44,37): warning CS0414: The field 'OutgameInputManager.TouchDebug' is assigned but its value is never used

Assets\AreaBattle\Scripts\OutgameLegacyPrefabResource.cs(9,46): warning CS0414: The field 'OutgameLegacyPrefabResource.sprite' is assigned but its value is never used
*** Tundra requires additional run (1.04 seconds), 1 items updated, 206 evaluated
ExitCode: 0 Duration: 0s162ms
Starting: C:\Program Files\Unity\Hub\Editor\6000.0.68f1\Editor\Data\bee_backend.exe --ipc --defer-dag-verification --dagfile="Library/Bee/1900b0aE.dag" --continue-on-failure --dagfilejson="Library\Bee\1900b0aE.dag.json" --profile="Library/Bee/backend2.traceevents" ScriptAssemblies
WorkingDir: E:/Projects/AreaBattle/UnityProject
ExitCode: 0 Duration: 1s604ms
Finished compiling graph: 216 nodes, 1871 flattened edges (1751 ToBuild, 20 ToUse), maximum node priority 104
[165/213    0s] WriteText Library/Bee/artifacts/1900b0aE.dag/Assembly-CSharp.rsp
[166/213    0s] WriteText Library/Bee/artifacts/1900b0aE.dag/Assembly-CSharp-Editor.rsp
[207/213    0s] Csc Library/Bee/artifacts/1900b0aE.dag/Assembly-CSharp.dll (+2 others)
Assets\AreaBattle\Scripts\OutgameFlyRuntime.cs(10,59): warning CS0108: 'OutgameFlyRuntime.animation' hides inherited member 'Component.animation'. Use the new keyword if hiding was intended.

Assets\AreaBattle\ThirdParty\Spine41\spine-unity\Components\EditorSkeletonPlayer.cs(57,51): warning CS0618: 'Object.FindObjectsOfType<T>()' is obsolete: 'Object.FindObjectsOfType has been deprecated. Use Object.FindObjectsByType instead which lets you decide whether you need the results sorted or not.  FindObjectsOfType sorts the results by InstanceID but if you do not need this using FindObjectSortMode.None is considerably faster.'

Assets\AreaBattle\ThirdParty\Spine41\spine-unity\Components\Following\BoundingBoxFollower.cs(167,7): warning CS0618: 'Collider2D.usedByComposite' is obsolete: 'usedByComposite has been deprecated. Use Collider2D.compositeOperation instead'

Assets\AreaBattle\ThirdParty\Spine41\spine-unity\Components\Following\BoundingBoxFollowerGraphic.cs(168,7): warning CS0618: 'Collider2D.usedByComposite' is obsolete: 'usedByComposite has been deprecated. Use Collider2D.compositeOperation instead'

Assets\AreaBattle\ThirdParty\Spine41\spine-unity\Components\SkeletonUtility\SkeletonUtility.cs(126,5): warning CS0618: 'Rigidbody2D.isKinematic' is obsolete: 'Please use Rigidbody2D.bodyType instead.'

Assets\AreaBattle\Scripts\OutgameInputManager.cs(45,62): warning CS0414: The field 'OutgameInputManager.MulTouchBegin' is assigned but its value is never used

Assets\AreaBattle\Scripts\OutgameInputManager.cs(44,37): warning CS0414: The field 'OutgameInputManager.TouchDebug' is assigned but its value is never used

Assets\AreaBattle\Scripts\OutgameLegacyPrefabResource.cs(9,28): warning CS0414: The field 'OutgameLegacyPrefabResource.mainObject' is assigned but its value is never used

Assets\AreaBattle\Scripts\OutgameLegacyPrefabResource.cs(9,46): warning CS0414: The field 'OutgameLegacyPrefabResource.sprite' is assigned but its value is never used
[208/213    0s] CopyFiles Library/ScriptAssemblies/Assembly-CSharp.pdb
[209/213    0s] CopyFiles Library/ScriptAssemblies/Assembly-CSharp.dll
[210/213    0s] Csc Library/Bee/artifacts/1900b0aE.dag/Assembly-CSharp-Editor.dll (+2 others)
Assets\AreaBattle\Editor\OutgameAudioNodeValidation.cs(18,34): warning CS0108: 'OutgameAudioNodeValidation.Fixture.GetType' hides inherited member 'object.GetType()'. Use the new keyword if hiding was intended.
[211/213    0s] CopyFiles Library/ScriptAssemblies/Assembly-CSharp-Editor.pdb
[212/213    0s] CopyFiles Library/ScriptAssemblies/Assembly-CSharp-Editor.dll
*** Tundra build success (1.59 seconds), 8 items updated, 213 evaluated
Assets\AreaBattle\Scripts\OutgameFlyRuntime.cs(10,59): warning CS0108: 'OutgameFlyRuntime.animation' hides inherited member 'Component.animation'. Use the new keyword if hiding was intended.
Assets\AreaBattle\ThirdParty\Spine41\spine-unity\Components\EditorSkeletonPlayer.cs(57,51): warning CS0618: 'Object.FindObjectsOfType<T>()' is obsolete: 'Object.FindObjectsOfType has been deprecated. Use Object.FindObjectsByType instead which lets you decide whether you need the results sorted or not.  FindObjectsOfType sorts the results by InstanceID but if you do not need this using FindObjectSortMode.None is considerably faster.'
Assets\AreaBattle\ThirdParty\Spine41\spine-unity\Components\Following\BoundingBoxFollower.cs(167,7): warning CS0618: 'Collider2D.usedByComposite' is obsolete: 'usedByComposite has been deprecated. Use Collider2D.compositeOperation instead'
Assets\AreaBattle\ThirdParty\Spine41\spine-unity\Components\Following\BoundingBoxFollowerGraphic.cs(168,7): warning CS0618: 'Collider2D.usedByComposite' is obsolete: 'usedByComposite has been deprecated. Use Collider2D.compositeOperation instead'
Assets\AreaBattle\ThirdParty\Spine41\spine-unity\Components\SkeletonUtility\SkeletonUtility.cs(126,5): warning CS0618: 'Rigidbody2D.isKinematic' is obsolete: 'Please use Rigidbody2D.bodyType instead.'
Assets\AreaBattle\Scripts\OutgameInputManager.cs(45,62): warning CS0414: The field 'OutgameInputManager.MulTouchBegin' is assigned but its value is never used
Assets\AreaBattle\Scripts\OutgameInputManager.cs(44,37): warning CS0414: The field 'OutgameInputManager.TouchDebug' is assigned but its value is never used
Assets\AreaBattle\Scripts\OutgameLegacyPrefabResource.cs(9,28): warning CS0414: The field 'OutgameLegacyPrefabResource.mainObject' is assigned but its value is never used
Assets\AreaBattle\Scripts\OutgameLegacyPrefabResource.cs(9,46): warning CS0414: The field 'OutgameLegacyPrefabResource.sprite' is assigned but its value is never used
Assets\AreaBattle\Editor\OutgameAudioNodeValidation.cs(18,34): warning CS0108: 'OutgameAudioNodeValidation.Fixture.GetType' hides inherited member 'object.GetType()'. Use the new keyword if hiding was intended.
AssetDatabase: script compilation time: 3.115127s
Begin MonoManager ReloadAssembly
- Loaded All Assemblies, in  0.252 seconds
Refreshing native plugins compatible for Editor in 0.00 ms, found 0 plugins.
Native extension for Android target not found
Native extension for WindowsStandalone target not found
Mono: successfully reloaded assembly
- Finished resetting the current domain, in  0.250 seconds
Domain Reload Profiling: 500ms
	BeginReloadAssembly (162ms)
		ExecutionOrderSort (0ms)
		DisableScriptedObjects (48ms)
		BackupInstance (0ms)
		ReleaseScriptingObjects (0ms)
		CreateAndSetChildDomain (20ms)
	RebuildCommonClasses (24ms)
	RebuildNativeTypeToScriptingClass (8ms)
	initialDomainReloadingComplete (16ms)
	LoadAllAssembliesAndSetupDomain (41ms)
		LoadAssemblies (73ms)
		RebuildTransferFunctionScriptingTraits (0ms)
		AnalyzeDomain (35ms)
			TypeCache.Refresh (27ms)
				TypeCache.ScanAssembly (23ms)
			BuildScriptInfoCaches (4ms)
			ResolveRequiredComponents (3ms)
	FinalizeReload (250ms)
		ReleaseScriptCaches (0ms)
		RebuildScriptCaches (0ms)
		SetupLoadedEditorAssemblies (170ms)
			LogAssemblyErrors (0ms)
			InitializePlatformSupportModulesInManaged (18ms)
			SetLoadedEditorAssemblies (2ms)
			BeforeProcessingInitializeOnLoad (63ms)
			ProcessInitializeOnLoadAttributes (71ms)
			ProcessInitializeOnLoadMethodAttributes (14ms)
			AfterProcessingInitializeOnLoad (3ms)
			EditorAssembliesLoaded (0ms)
		ExecutionOrderSort2 (0ms)
		AwakeInstancesAfterBackupRestoration (5ms)
Refreshing native plugins compatible for Editor in 0.00 ms, found 0 plugins.
Preloading 0 native plugins for Editor in 0.00 ms.
Asset Pipeline Refresh (id=3fc24fd44f13b654eaf8f1f2e8014ec4): Total: 3.821 seconds - Initiated by InitialRefreshV2(ForceSynchronousImport)
	Summary:
		Imports: total=0 (actual=0, local cache=0, cache server=0)
		Asset DB Process Time: managed=0 ms, native=380 ms
		Asset DB Callback time: managed=55 ms, native=7 ms
		Scripting: domain reloads=1, domain reload time=252 ms, compile time=3116 ms, other=7 ms
		Project Asset Count: scripts=354, non-scripts=2159
		Asset File Changes: new=2, changed=4, moved=0, deleted=0
		Scan Filter Count: 0
	InvokeCustomDependenciesCallbacks: 0.001ms
	InvokePackagesCallback: 6.965ms
	ApplyChangesToAssetFolders: 0.309ms
	Scan: 65.646ms
	OnSourceAssetsModified: 0.530ms
	CategorizeAssetsWithTransientArtifact: 2.123ms
	ProcessAssetsWithTransientArtifactChanges: 8.236ms
	CategorizeAssets: 10.059ms
	ImportOutOfDateAssets: 251.035ms (-2865.687ms without children)
		CompileScripts: 3116.308ms
		ReloadNativeAssets: 0.001ms
		UnloadImportedAssets: 0.069ms
		EnsureUptoDateAssetsAreRegisteredWithGuidPM: 0.174ms
		InitializingProgressBar: 0.000ms
		PostProcessAllAssetNotificationsAddChangedAssets: 0.001ms
		OnDemandSchedulerStart: 0.170ms
	PostProcessAllAssets: 56.403ms
	Hotreload: 0.749ms
	GatherAllCurrentPrimaryArtifactRevisions: 0.001ms
	UnloadStreamsBegin: 0.241ms
	PersistCurrentRevisions: 0.057ms
	UnloadStreamsEnd: 0.001ms
	GenerateScriptTypeHashes: 0.859ms
	Untracked: 3419.052ms

Application.AssetDatabase Initial Refresh End
Scanning for USB devices : 5.454ms
Initializing Unity extensions:
Assertion failed on expression: 'SUCCEEDED(hr)'
Assertion failed on expression: 'SUCCEEDED(hr)'
Assertion failed on expression: 'ERROR_SUCCESS == status'
[MODES] ModeService[none].Initialize
[MODES] ModeService[none].LoadModes
[MODES] Loading mode Default (0) for mode-current-id-AreaBattle
Unloading 25 Unused Serialized files (Serialized files now loaded: 0)
Unloading 953 unused Assets / (2.5 MB). Loaded Objects now: 1488.
Memory consumption went from 106.5 MB to 104.0 MB.
Total: 3.747600 ms (FindLiveObjects: 0.067700 ms CreateObjectMapping: 0.021300 ms MarkObjects: 2.784900 ms  DeleteObjects: 0.873000 ms)

Curl error 7: Failed to connect to config.uca.cloud.unity3d.com port 443 after 225 ms: Could not connect to server
Launched and connected shader compiler UnityShaderCompiler.exe after 0.01 seconds
add touch begin handle:
UnityEngine.Debug:ExtractStackTraceNoAlloc (byte*,int,string)
UnityEngine.StackTraceUtility:ExtractStackTrace ()
UnityEngine.DebugLogHandler:Internal_Log (UnityEngine.LogType,UnityEngine.LogOption,string,UnityEngine.Object)
UnityEngine.DebugLogHandler:LogFormat (UnityEngine.LogType,UnityEngine.Object,string,object[])
UnityEngine.Logger:Log (UnityEngine.LogType,object)
UnityEngine.Debug:Log (object)
AreaBattle.OutgameInputManager/<>c:<.ctor>b__104_0 (object[]) (at Assets/AreaBattle/Scripts/OutgameInputManager.cs:40)
AreaBattle.OutgameInputManager:add_TouchBegin (System.Action`2<single, single>) (at Assets/AreaBattle/Scripts/OutgameInputManager.cs:42)
AreaBattle.EditorTools.OutgameInputManagerValidation/Fixture:.ctor () (at Assets/AreaBattle/Editor/OutgameInputManagerValidation.cs:22)
AreaBattle.EditorTools.OutgameInputManagerValidation/<>c:<Run>b__6_1 () (at Assets/AreaBattle/Editor/OutgameInputManagerValidation.cs:31)
AreaBattle.EditorTools.OutgameInputManagerValidation/<>c__DisplayClass6_0:<Run>b__0 (string,System.Action) (at Assets/AreaBattle/Editor/OutgameInputManagerValidation.cs:30)
AreaBattle.EditorTools.OutgameInputManagerValidation:Run () (at Assets/AreaBattle/Editor/OutgameInputManagerValidation.cs:31)
System.Reflection.RuntimeMethodInfo:Invoke (object,System.Reflection.BindingFlags,System.Reflection.Binder,object[],System.Globalization.CultureInfo)
System.Reflection.MethodBase:Invoke (object,object[])
AreaBattle.EditorTools.BattleBuild:ValidateIntegrated () (at Assets/AreaBattle/Editor/BattleBuild.cs:32)

(Filename: Assets/AreaBattle/Scripts/OutgameInputManager.cs Line: 40)

add touch begin handle:
UnityEngine.Debug:ExtractStackTraceNoAlloc (byte*,int,string)
UnityEngine.StackTraceUtility:ExtractStackTrace ()
UnityEngine.DebugLogHandler:Internal_Log (UnityEngine.LogType,UnityEngine.LogOption,string,UnityEngine.Object)
UnityEngine.DebugLogHandler:LogFormat (UnityEngine.LogType,UnityEngine.Object,string,object[])
UnityEngine.Logger:Log (UnityEngine.LogType,object)
UnityEngine.Debug:Log (object)
AreaBattle.OutgameInputManager/<>c:<.ctor>b__104_0 (object[]) (at Assets/AreaBattle/Scripts/OutgameInputManager.cs:40)
AreaBattle.OutgameInputManager:add_TouchBegin (System.Action`2<single, single>) (at Assets/AreaBattle/Scripts/OutgameInputManager.cs:42)
AreaBattle.EditorTools.OutgameInputManagerValidation/Fixture:.ctor () (at Assets/AreaBattle/Editor/OutgameInputManagerValidation.cs:22)
AreaBattle.EditorTools.OutgameInputManagerValidation/<>c:<Run>b__6_1 () (at Assets/AreaBattle/Editor/OutgameInputManagerValidation.cs:31)
AreaBattle.EditorTools.OutgameInputManagerValidation/<>c__DisplayClass6_0:<Run>b__0 (string,System.Action) (at Assets/AreaBattle/Editor/OutgameInputManagerValidation.cs:30)
AreaBattle.EditorTools.OutgameInputManagerValidation:Run () (at Assets/AreaBattle/Editor/OutgameInputManagerValidation.cs:31)
System.Reflection.RuntimeMethodInfo:Invoke (object,System.Reflection.BindingFlags,System.Reflection.Binder,object[],System.Globalization.CultureInfo)
System.Reflection.MethodBase:Invoke (object,object[])
AreaBattle.EditorTools.BattleBuild:ValidateIntegrated () (at Assets/AreaBattle/Editor/BattleBuild.cs:32)

(Filename: Assets/AreaBattle/Scripts/OutgameInputManager.cs Line: 40)

add touch begin handle:
UnityEngine.Debug:ExtractStackTraceNoAlloc (byte*,int,string)
UnityEngine.StackTraceUtility:ExtractStackTrace ()
UnityEngine.DebugLogHandler:Internal_Log (UnityEngine.LogType,UnityEngine.LogOption,string,UnityEngine.Object)
UnityEngine.DebugLogHandler:LogFormat (UnityEngine.LogType,UnityEngine.Object,string,object[])
UnityEngine.Logger:Log (UnityEngine.LogType,object)
UnityEngine.Debug:Log (object)
AreaBattle.OutgameInputManager/<>c:<.ctor>b__104_0 (object[]) (at Assets/AreaBattle/Scripts/OutgameInputManager.cs:40)
AreaBattle.OutgameInputManager:add_TouchBegin (System.Action`2<single, single>) (at Assets/AreaBattle/Scripts/OutgameInputManager.cs:42)
AreaBattle.EditorTools.OutgameInputManagerValidation/Fixture:.ctor () (at Assets/AreaBattle/Editor/OutgameInputManagerValidation.cs:22)
AreaBattle.EditorTools.OutgameInputManagerValidation/<>c:<Run>b__6_1 () (at Assets/AreaBattle/Editor/OutgameInputManagerValidation.cs:31)
AreaBattle.EditorTools.OutgameInputManagerValidation/<>c__DisplayClass6_0:<Run>b__0 (string,System.Action) (at Assets/AreaBattle/Editor/OutgameInputManagerValidation.cs:30)
AreaBattle.EditorTools.OutgameInputManagerValidation:Run () (at Assets/AreaBattle/Editor/OutgameInputManagerValidation.cs:31)
System.Reflection.RuntimeMethodInfo:Invoke (object,System.Reflection.BindingFlags,System.Reflection.Binder,object[],System.Globalization.CultureInfo)
System.Reflection.MethodBase:Invoke (object,object[])
AreaBattle.EditorTools.BattleBuild:ValidateIntegrated () (at Assets/AreaBattle/Editor/BattleBuild.cs:32)

(Filename: Assets/AreaBattle/Scripts/OutgameInputManager.cs Line: 40)

add touch begin handle:
UnityEngine.Debug:ExtractStackTraceNoAlloc (byte*,int,string)
UnityEngine.StackTraceUtility:ExtractStackTrace ()
UnityEngine.DebugLogHandler:Internal_Log (UnityEngine.LogType,UnityEngine.LogOption,string,UnityEngine.Object)
UnityEngine.DebugLogHandler:LogFormat (UnityEngine.LogType,UnityEngine.Object,string,object[])
UnityEngine.Logger:Log (UnityEngine.LogType,object)
UnityEngine.Debug:Log (object)
AreaBattle.OutgameInputManager/<>c:<.ctor>b__104_0 (object[]) (at Assets/AreaBattle/Scripts/OutgameInputManager.cs:40)
AreaBattle.OutgameInputManager:add_TouchBegin (System.Action`2<single, single>) (at Assets/AreaBattle/Scripts/OutgameInputManager.cs:42)
AreaBattle.EditorTools.OutgameInputManagerValidation/Fixture:.ctor () (at Assets/AreaBattle/Editor/OutgameInputManagerValidation.cs:22)
AreaBattle.EditorTools.OutgameInputManagerValidation/<>c:<Run>b__6_1 () (at Assets/AreaBattle/Editor/OutgameInputManagerValidation.cs:31)
AreaBattle.EditorTools.OutgameInputManagerValidation/<>c__DisplayClass6_0:<Run>b__0 (string,System.Action) (at Assets/AreaBattle/Editor/OutgameInputManagerValidation.cs:30)
AreaBattle.EditorTools.OutgameInputManagerValidation:Run () (at Assets/AreaBattle/Editor/OutgameInputManagerValidation.cs:31)
System.Reflection.RuntimeMethodInfo:Invoke (object,System.Reflection.BindingFlags,System.Reflection.Binder,object[],System.Globalization.CultureInfo)
System.Reflection.MethodBase:Invoke (object,object[])
AreaBattle.EditorTools.BattleBuild:ValidateIntegrated () (at Assets/AreaBattle/Editor/BattleBuild.cs:32)

(Filename: Assets/AreaBattle/Scripts/OutgameInputManager.cs Line: 40)

add touch begin handle:
UnityEngine.Debug:ExtractStackTraceNoAlloc (byte*,int,string)
UnityEngine.StackTraceUtility:ExtractStackTrace ()
UnityEngine.DebugLogHandler:Internal_Log (UnityEngine.LogType,UnityEngine.LogOption,string,UnityEngine.Object)
UnityEngine.DebugLogHandler:LogFormat (UnityEngine.LogType,UnityEngine.Object,string,object[])
UnityEngine.Logger:Log (UnityEngine.LogType,object)
UnityEngine.Debug:Log (object)
AreaBattle.OutgameInputManager/<>c:<.ctor>b__104_0 (object[]) (at Assets/AreaBattle/Scripts/OutgameInputManager.cs:40)
AreaBattle.OutgameInputManager:add_TouchBegin (System.Action`2<single, single>) (at Assets/AreaBattle/Scripts/OutgameInputManager.cs:42)
AreaBattle.EditorTools.OutgameInputManagerValidation/Fixture:.ctor () (at Assets/AreaBattle/Editor/OutgameInputManagerValidation.cs:22)
AreaBattle.EditorTools.OutgameInputManagerValidation/<>c:<Run>b__6_2 () (at Assets/AreaBattle/Editor/OutgameInputManagerValidation.cs:32)
AreaBattle.EditorTools.OutgameInputManagerValidation/<>c__DisplayClass6_0:<Run>b__0 (string,System.Action) (at Assets/AreaBattle/Editor/OutgameInputManagerValidation.cs:30)
AreaBattle.EditorTools.OutgameInputManagerValidation:Run () (at Assets/AreaBattle/Editor/OutgameInputManagerValidation.cs:32)
System.Reflection.RuntimeMethodInfo:Invoke (object,System.Reflection.BindingFlags,System.Reflection.Binder,object[],System.Globalization.CultureInfo)
System.Reflection.MethodBase:Invoke (object,object[])
AreaBattle.EditorTools.BattleBuild:ValidateIntegrated () (at Assets/AreaBattle/Editor/BattleBuild.cs:32)

(Filename: Assets/AreaBattle/Scripts/OutgameInputManager.cs Line: 40)

add touch begin handle:
UnityEngine.Debug:ExtractStackTraceNoAlloc (byte*,int,string)
UnityEngine.StackTraceUtility:ExtractStackTrace ()
UnityEngine.DebugLogHandler:Internal_Log (UnityEngine.LogType,UnityEngine.LogOption,string,UnityEngine.Object)
UnityEngine.DebugLogHandler:LogFormat (UnityEngine.LogType,UnityEngine.Object,string,object[])
UnityEngine.Logger:Log (UnityEngine.LogType,object)
UnityEngine.Debug:Log (object)
AreaBattle.OutgameInputManager/<>c:<.ctor>b__104_0 (object[]) (at Assets/AreaBattle/Scripts/OutgameInputManager.cs:40)
AreaBattle.OutgameInputManager:add_TouchBegin (System.Action`2<single, single>) (at Assets/AreaBattle/Scripts/OutgameInputManager.cs:42)
AreaBattle.EditorTools.OutgameInputManagerValidation/Fixture:.ctor () (at Assets/AreaBattle/Editor/OutgameInputManagerValidation.cs:22)
AreaBattle.EditorTools.OutgameInputManagerValidation/<>c:<Run>b__6_3 () (at Assets/AreaBattle/Editor/OutgameInputManagerValidation.cs:33)
AreaBattle.EditorTools.OutgameInputManagerValidation/<>c__DisplayClass6_0:<Run>b__0 (string,System.Action) (at Assets/AreaBattle/Editor/OutgameInputManagerValidation.cs:30)
AreaBattle.EditorTools.OutgameInputManagerValidation:Run () (at Assets/AreaBattle/Editor/OutgameInputManagerValidation.cs:33)
System.Reflection.RuntimeMethodInfo:Invoke (object,System.Reflection.BindingFlags,System.Reflection.Binder,object[],System.Globalization.CultureInfo)
System.Reflection.MethodBase:Invoke (object,object[])
AreaBattle.EditorTools.BattleBuild:ValidateIntegrated () (at Assets/AreaBattle/Editor/BattleBuild.cs:32)

(Filename: Assets/AreaBattle/Scripts/OutgameInputManager.cs Line: 40)

add touch begin handle:
UnityEngine.Debug:ExtractStackTraceNoAlloc (byte*,int,string)
UnityEngine.StackTraceUtility:ExtractStackTrace ()
UnityEngine.DebugLogHandler:Internal_Log (UnityEngine.LogType,UnityEngine.LogOption,string,UnityEngine.Object)
UnityEngine.DebugLogHandler:LogFormat (UnityEngine.LogType,UnityEngine.Object,string,object[])
UnityEngine.Logger:Log (UnityEngine.LogType,object)
UnityEngine.Debug:Log (object)
AreaBattle.OutgameInputManager/<>c:<.ctor>b__104_0 (object[]) (at Assets/AreaBattle/Scripts/OutgameInputManager.cs:40)
AreaBattle.OutgameInputManager:add_TouchBegin (System.Action`2<single, single>) (at Assets/AreaBattle/Scripts/OutgameInputManager.cs:42)
AreaBattle.EditorTools.OutgameInputManagerValidation/Fixture:.ctor () (at Assets/AreaBattle/Editor/OutgameInputManagerValidation.cs:22)
AreaBattle.EditorTools.OutgameInputManagerValidation/<>c:<Run>b__6_4 () (at Assets/AreaBattle/Editor/OutgameInputManagerValidation.cs:34)
AreaBattle.EditorTools.OutgameInputManagerValidation/<>c__DisplayClass6_0:<Run>b__0 (string,System.Action) (at Assets/AreaBattle/Editor/OutgameInputManagerValidation.cs:30)
AreaBattle.EditorTools.OutgameInputManagerValidation:Run () (at Assets/AreaBattle/Editor/OutgameInputManagerValidation.cs:34)
System.Reflection.RuntimeMethodInfo:Invoke (object,System.Reflection.BindingFlags,System.Reflection.Binder,object[],System.Globalization.CultureInfo)
System.Reflection.MethodBase:Invoke (object,object[])
AreaBattle.EditorTools.BattleBuild:ValidateIntegrated () (at Assets/AreaBattle/Editor/BattleBuild.cs:32)

(Filename: Assets/AreaBattle/Scripts/OutgameInputManager.cs Line: 40)

add touch begin handle:
UnityEngine.Debug:ExtractStackTraceNoAlloc (byte*,int,string)
UnityEngine.StackTraceUtility:ExtractStackTrace ()
UnityEngine.DebugLogHandler:Internal_Log (UnityEngine.LogType,UnityEngine.LogOption,string,UnityEngine.Object)
UnityEngine.DebugLogHandler:LogFormat (UnityEngine.LogType,UnityEngine.Object,string,object[])
UnityEngine.Logger:Log (UnityEngine.LogType,object)
UnityEngine.Debug:Log (object)
AreaBattle.OutgameInputManager/<>c:<.ctor>b__104_0 (object[]) (at Assets/AreaBattle/Scripts/OutgameInputManager.cs:40)
AreaBattle.OutgameInputManager:add_TouchBegin (System.Action`2<single, single>) (at Assets/AreaBattle/Scripts/OutgameInputManager.cs:42)
AreaBattle.EditorTools.OutgameInputManagerValidation/Fixture:.ctor () (at Assets/AreaBattle/Editor/OutgameInputManagerValidation.cs:22)
AreaBattle.EditorTools.OutgameInputManagerValidation/<>c:<Run>b__6_5 () (at Assets/AreaBattle/Editor/OutgameInputManagerValidation.cs:35)
AreaBattle.EditorTools.OutgameInputManagerValidation/<>c__DisplayClass6_0:<Run>b__0 (string,System.Action) (at Assets/AreaBattle/Editor/OutgameInputManagerValidation.cs:30)
AreaBattle.EditorTools.OutgameInputManagerValidation:Run () (at Assets/AreaBattle/Editor/OutgameInputManagerValidation.cs:35)
System.Reflection.RuntimeMethodInfo:Invoke (object,System.Reflection.BindingFlags,System.Reflection.Binder,object[],System.Globalization.CultureInfo)
System.Reflection.MethodBase:Invoke (object,object[])
AreaBattle.EditorTools.BattleBuild:ValidateIntegrated () (at Assets/AreaBattle/Editor/BattleBuild.cs:32)

(Filename: Assets/AreaBattle/Scripts/OutgameInputManager.cs Line: 40)

add touch begin handle:
UnityEngine.Debug:ExtractStackTraceNoAlloc (byte*,int,string)
UnityEngine.StackTraceUtility:ExtractStackTrace ()
UnityEngine.DebugLogHandler:Internal_Log (UnityEngine.LogType,UnityEngine.LogOption,string,UnityEngine.Object)
UnityEngine.DebugLogHandler:LogFormat (UnityEngine.LogType,UnityEngine.Object,string,object[])
UnityEngine.Logger:Log (UnityEngine.LogType,object)
UnityEngine.Debug:Log (object)
AreaBattle.OutgameInputManager/<>c:<.ctor>b__104_0 (object[]) (at Assets/AreaBattle/Scripts/OutgameInputManager.cs:40)
AreaBattle.OutgameInputManager:add_TouchBegin (System.Action`2<single, single>) (at Assets/AreaBattle/Scripts/OutgameInputManager.cs:42)
AreaBattle.EditorTools.OutgameInputManagerValidation/Fixture:.ctor () (at Assets/AreaBattle/Editor/OutgameInputManagerValidation.cs:22)
AreaBattle.EditorTools.OutgameInputManagerValidation/<>c:<Run>b__6_6 () (at Assets/AreaBattle/Editor/OutgameInputManagerValidation.cs:36)
AreaBattle.EditorTools.OutgameInputManagerValidation/<>c__DisplayClass6_0:<Run>b__0 (string,System.Action) (at Assets/AreaBattle/Editor/OutgameInputManagerValidation.cs:30)
AreaBattle.EditorTools.OutgameInputManagerValidation:Run () (at Assets/AreaBattle/Editor/OutgameInputManagerValidation.cs:36)
System.Reflection.RuntimeMethodInfo:Invoke (object,System.Reflection.BindingFlags,System.Reflection.Binder,object[],System.Globalization.CultureInfo)
System.Reflection.MethodBase:Invoke (object,object[])
AreaBattle.EditorTools.BattleBuild:ValidateIntegrated () (at Assets/AreaBattle/Editor/BattleBuild.cs:32)

(Filename: Assets/AreaBattle/Scripts/OutgameInputManager.cs Line: 40)

add touch begin handle:
UnityEngine.Debug:ExtractStackTraceNoAlloc (byte*,int,string)
UnityEngine.StackTraceUtility:ExtractStackTrace ()
UnityEngine.DebugLogHandler:Internal_Log (UnityEngine.LogType,UnityEngine.LogOption,string,UnityEngine.Object)
UnityEngine.DebugLogHandler:LogFormat (UnityEngine.LogType,UnityEngine.Object,string,object[])
UnityEngine.Logger:Log (UnityEngine.LogType,object)
UnityEngine.Debug:Log (object)
AreaBattle.OutgameInputManager/<>c:<.ctor>b__104_0 (object[]) (at Assets/AreaBattle/Scripts/OutgameInputManager.cs:40)
AreaBattle.OutgameInputManager:add_TouchBegin (System.Action`2<single, single>) (at Assets/AreaBattle/Scripts/OutgameInputManager.cs:42)
AreaBattle.EditorTools.OutgameInputManagerValidation/Fixture:.ctor () (at Assets/AreaBattle/Editor/OutgameInputManagerValidation.cs:22)
AreaBattle.EditorTools.OutgameInputManagerValidation/<>c:<Run>b__6_7 () (at Assets/AreaBattle/Editor/OutgameInputManagerValidation.cs:37)
AreaBattle.EditorTools.OutgameInputManagerValidation/<>c__DisplayClass6_0:<Run>b__0 (string,System.Action) (at Assets/AreaBattle/Editor/OutgameInputManagerValidation.cs:30)
AreaBattle.EditorTools.OutgameInputManagerValidation:Run () (at Assets/AreaBattle/Editor/OutgameInputManagerValidation.cs:37)
System.Reflection.RuntimeMethodInfo:Invoke (object,System.Reflection.BindingFlags,System.Reflection.Binder,object[],System.Globalization.CultureInfo)
System.Reflection.MethodBase:Invoke (object,object[])
AreaBattle.EditorTools.BattleBuild:ValidateIntegrated () (at Assets/AreaBattle/Editor/BattleBuild.cs:32)

(Filename: Assets/AreaBattle/Scripts/OutgameInputManager.cs Line: 40)

add touch begin handle:
UnityEngine.Debug:ExtractStackTraceNoAlloc (byte*,int,string)
UnityEngine.StackTraceUtility:ExtractStackTrace ()
UnityEngine.DebugLogHandler:Internal_Log (UnityEngine.LogType,UnityEngine.LogOption,string,UnityEngine.Object)
UnityEngine.DebugLogHandler:LogFormat (UnityEngine.LogType,UnityEngine.Object,string,object[])
UnityEngine.Logger:Log (UnityEngine.LogType,object)
UnityEngine.Debug:Log (object)
AreaBattle.OutgameInputManager/<>c:<.ctor>b__104_0 (object[]) (at Assets/AreaBattle/Scripts/OutgameInputManager.cs:40)
AreaBattle.OutgameInputManager:add_TouchBegin (System.Action`2<single, single>) (at Assets/AreaBattle/Scripts/OutgameInputManager.cs:42)
AreaBattle.EditorTools.OutgameInputManagerValidation/Fixture:.ctor () (at Assets/AreaBattle/Editor/OutgameInputManagerValidation.cs:22)
AreaBattle.EditorTools.OutgameInputManagerValidation/<>c:<Run>b__6_8 () (at Assets/AreaBattle/Editor/OutgameInputManagerValidation.cs:38)
AreaBattle.EditorTools.OutgameInputManagerValidation/<>c__DisplayClass6_0:<Run>b__0 (string,System.Action) (at Assets/AreaBattle/Editor/OutgameInputManagerValidation.cs:30)
AreaBattle.EditorTools.OutgameInputManagerValidation:Run () (at Assets/AreaBattle/Editor/OutgameInputManagerValidation.cs:38)
System.Reflection.RuntimeMethodInfo:Invoke (object,System.Reflection.BindingFlags,System.Reflection.Binder,object[],System.Globalization.CultureInfo)
System.Reflection.MethodBase:Invoke (object,object[])
AreaBattle.EditorTools.BattleBuild:ValidateIntegrated () (at Assets/AreaBattle/Editor/BattleBuild.cs:32)

(Filename: Assets/AreaBattle/Scripts/OutgameInputManager.cs Line: 40)

add touch begin handle:
UnityEngine.Debug:ExtractStackTraceNoAlloc (byte*,int,string)
UnityEngine.StackTraceUtility:ExtractStackTrace ()
UnityEngine.DebugLogHandler:Internal_Log (UnityEngine.LogType,UnityEngine.LogOption,string,UnityEngine.Object)
UnityEngine.DebugLogHandler:LogFormat (UnityEngine.LogType,UnityEngine.Object,string,object[])
UnityEngine.Logger:Log (UnityEngine.LogType,object)
UnityEngine.Debug:Log (object)
AreaBattle.OutgameInputManager/<>c:<.ctor>b__104_0 (object[]) (at Assets/AreaBattle/Scripts/OutgameInputManager.cs:40)
AreaBattle.OutgameInputManager:add_TouchBegin (System.Action`2<single, single>) (at Assets/AreaBattle/Scripts/OutgameInputManager.cs:42)
AreaBattle.EditorTools.OutgameInputManagerValidation/Fixture:.ctor () (at Assets/AreaBattle/Editor/OutgameInputManagerValidation.cs:22)
AreaBattle.EditorTools.OutgameInputManagerValidation/<>c:<Run>b__6_9 () (at Assets/AreaBattle/Editor/OutgameInputManagerValidation.cs:39)
AreaBattle.EditorTools.OutgameInputManagerValidation/<>c__DisplayClass6_0:<Run>b__0 (string,System.Action) (at Assets/AreaBattle/Editor/OutgameInputManagerValidation.cs:30)
AreaBattle.EditorTools.OutgameInputManagerValidation:Run () (at Assets/AreaBattle/Editor/OutgameInputManagerValidation.cs:39)
System.Reflection.RuntimeMethodInfo:Invoke (object,System.Reflection.BindingFlags,System.Reflection.Binder,object[],System.Globalization.CultureInfo)
System.Reflection.MethodBase:Invoke (object,object[])
AreaBattle.EditorTools.BattleBuild:ValidateIntegrated () (at Assets/AreaBattle/Editor/BattleBuild.cs:32)

(Filename: Assets/AreaBattle/Scripts/OutgameInputManager.cs Line: 40)

add touch begin handle:
UnityEngine.Debug:ExtractStackTraceNoAlloc (byte*,int,string)
UnityEngine.StackTraceUtility:ExtractStackTrace ()
UnityEngine.DebugLogHandler:Internal_Log (UnityEngine.LogType,UnityEngine.LogOption,string,UnityEngine.Object)
UnityEngine.DebugLogHandler:LogFormat (UnityEngine.LogType,UnityEngine.Object,string,object[])
UnityEngine.Logger:Log (UnityEngine.LogType,object)
UnityEngine.Debug:Log (object)
AreaBattle.OutgameInputManager/<>c:<.ctor>b__104_0 (object[]) (at Assets/AreaBattle/Scripts/OutgameInputManager.cs:40)
AreaBattle.OutgameInputManager:add_TouchBegin (System.Action`2<single, single>) (at Assets/AreaBattle/Scripts/OutgameInputManager.cs:42)
AreaBattle.EditorTools.OutgameInputManagerValidation/Fixture:.ctor () (at Assets/AreaBattle/Editor/OutgameInputManagerValidation.cs:22)
AreaBattle.EditorTools.OutgameInputManagerValidation/<>c:<Run>b__6_10 () (at Assets/AreaBattle/Editor/OutgameInputManagerValidation.cs:40)
AreaBattle.EditorTools.OutgameInputManagerValidation/<>c__DisplayClass6_0:<Run>b__0 (string,System.Action) (at Assets/AreaBattle/Editor/OutgameInputManagerValidation.cs:30)
AreaBattle.EditorTools.OutgameInputManagerValidation:Run () (at Assets/AreaBattle/Editor/OutgameInputManagerValidation.cs:40)
System.Reflection.RuntimeMethodInfo:Invoke (object,System.Reflection.BindingFlags,System.Reflection.Binder,object[],System.Globalization.CultureInfo)
System.Reflection.MethodBase:Invoke (object,object[])
AreaBattle.EditorTools.BattleBuild:ValidateIntegrated () (at Assets/AreaBattle/Editor/BattleBuild.cs:32)

(Filename: Assets/AreaBattle/Scripts/OutgameInputManager.cs Line: 40)

add touch begin handle:
UnityEngine.Debug:ExtractStackTraceNoAlloc (byte*,int,string)
UnityEngine.StackTraceUtility:ExtractStackTrace ()
UnityEngine.DebugLogHandler:Internal_Log (UnityEngine.LogType,UnityEngine.LogOption,string,UnityEngine.Object)
UnityEngine.DebugLogHandler:LogFormat (UnityEngine.LogType,UnityEngine.Object,string,object[])
UnityEngine.Logger:Log (UnityEngine.LogType,object)
UnityEngine.Debug:Log (object)
AreaBattle.OutgameInputManager/<>c:<.ctor>b__104_0 (object[]) (at Assets/AreaBattle/Scripts/OutgameInputManager.cs:40)
AreaBattle.OutgameInputManager:add_TouchBegin (System.Action`2<single, single>) (at Assets/AreaBattle/Scripts/OutgameInputManager.cs:42)
AreaBattle.EditorTools.OutgameInputManagerValidation/Fixture:.ctor () (at Assets/AreaBattle/Editor/OutgameInputManagerValidation.cs:22)
AreaBattle.EditorTools.OutgameInputManagerValidation/<>c:<Run>b__6_11 () (at Assets/AreaBattle/Editor/OutgameInputManagerValidation.cs:41)
AreaBattle.EditorTools.OutgameInputManagerValidation/<>c__DisplayClass6_0:<Run>b__0 (string,System.Action) (at Assets/AreaBattle/Editor/OutgameInputManagerValidation.cs:30)
AreaBattle.EditorTools.OutgameInputManagerValidation:Run () (at Assets/AreaBattle/Editor/OutgameInputManagerValidation.cs:41)
System.Reflection.RuntimeMethodInfo:Invoke (object,System.Reflection.BindingFlags,System.Reflection.Binder,object[],System.Globalization.CultureInfo)
System.Reflection.MethodBase:Invoke (object,object[])
AreaBattle.EditorTools.BattleBuild:ValidateIntegrated () (at Assets/AreaBattle/Editor/BattleBuild.cs:32)

(Filename: Assets/AreaBattle/Scripts/OutgameInputManager.cs Line: 40)

add touch begin handle:
UnityEngine.Debug:ExtractStackTraceNoAlloc (byte*,int,string)
UnityEngine.StackTraceUtility:ExtractStackTrace ()
UnityEngine.DebugLogHandler:Internal_Log (UnityEngine.LogType,UnityEngine.LogOption,string,UnityEngine.Object)
UnityEngine.DebugLogHandler:LogFormat (UnityEngine.LogType,UnityEngine.Object,string,object[])
UnityEngine.Logger:Log (UnityEngine.LogType,object)
UnityEngine.Debug:Log (object)
AreaBattle.OutgameInputManager/<>c:<.ctor>b__104_0 (object[]) (at Assets/AreaBattle/Scripts/OutgameInputManager.cs:40)
AreaBattle.OutgameInputManager:add_TouchBegin (System.Action`2<single, single>) (at Assets/AreaBattle/Scripts/OutgameInputManager.cs:42)
AreaBattle.EditorTools.OutgameInputManagerValidation/Fixture:.ctor () (at Assets/AreaBattle/Editor/OutgameInputManagerValidation.cs:22)
AreaBattle.EditorTools.OutgameInputManagerValidation/<>c:<Run>b__6_12 () (at Assets/AreaBattle/Editor/OutgameInputManagerValidation.cs:42)
AreaBattle.EditorTools.OutgameInputManagerValidation/<>c__DisplayClass6_0:<Run>b__0 (string,System.Action) (at Assets/AreaBattle/Editor/OutgameInputManagerValidation.cs:30)
AreaBattle.EditorTools.OutgameInputManagerValidation:Run () (at Assets/AreaBattle/Editor/OutgameInputManagerValidation.cs:42)
System.Reflection.RuntimeMethodInfo:Invoke (object,System.Reflection.BindingFlags,System.Reflection.Binder,object[],System.Globalization.CultureInfo)
System.Reflection.MethodBase:Invoke (object,object[])
AreaBattle.EditorTools.BattleBuild:ValidateIntegrated () (at Assets/AreaBattle/Editor/BattleBuild.cs:32)

(Filename: Assets/AreaBattle/Scripts/OutgameInputManager.cs Line: 40)

add touch begin handle:
UnityEngine.Debug:ExtractStackTraceNoAlloc (byte*,int,string)
UnityEngine.StackTraceUtility:ExtractStackTrace ()
UnityEngine.DebugLogHandler:Internal_Log (UnityEngine.LogType,UnityEngine.LogOption,string,UnityEngine.Object)
UnityEngine.DebugLogHandler:LogFormat (UnityEngine.LogType,UnityEngine.Object,string,object[])
UnityEngine.Logger:Log (UnityEngine.LogType,object)
UnityEngine.Debug:Log (object)
AreaBattle.OutgameInputManager/<>c:<.ctor>b__104_0 (object[]) (at Assets/AreaBattle/Scripts/OutgameInputManager.cs:40)
AreaBattle.OutgameInputManager:add_TouchBegin (System.Action`2<single, single>) (at Assets/AreaBattle/Scripts/OutgameInputManager.cs:42)
AreaBattle.EditorTools.OutgameInputManagerValidation/Fixture:.ctor () (at Assets/AreaBattle/Editor/OutgameInputManagerValidation.cs:22)
AreaBattle.EditorTools.OutgameInputManagerValidation/<>c:<Run>b__6_13 () (at Assets/AreaBattle/Editor/OutgameInputManagerValidation.cs:43)
AreaBattle.EditorTools.OutgameInputManagerValidation/<>c__DisplayClass6_0:<Run>b__0 (string,System.Action) (at Assets/AreaBattle/Editor/OutgameInputManagerValidation.cs:30)
AreaBattle.EditorTools.OutgameInputManagerValidation:Run () (at Assets/AreaBattle/Editor/OutgameInputManagerValidation.cs:43)
System.Reflection.RuntimeMethodInfo:Invoke (object,System.Reflection.BindingFlags,System.Reflection.Binder,object[],System.Globalization.CultureInfo)
System.Reflection.MethodBase:Invoke (object,object[])
AreaBattle.EditorTools.BattleBuild:ValidateIntegrated () (at Assets/AreaBattle/Editor/BattleBuild.cs:32)

(Filename: Assets/AreaBattle/Scripts/OutgameInputManager.cs Line: 40)

add touch begin handle:
UnityEngine.Debug:ExtractStackTraceNoAlloc (byte*,int,string)
UnityEngine.StackTraceUtility:ExtractStackTrace ()
UnityEngine.DebugLogHandler:Internal_Log (UnityEngine.LogType,UnityEngine.LogOption,string,UnityEngine.Object)
UnityEngine.DebugLogHandler:LogFormat (UnityEngine.LogType,UnityEngine.Object,string,object[])
UnityEngine.Logger:Log (UnityEngine.LogType,object)
UnityEngine.Debug:Log (object)
AreaBattle.OutgameInputManager/<>c:<.ctor>b__104_0 (object[]) (at Assets/AreaBattle/Scripts/OutgameInputManager.cs:40)
AreaBattle.OutgameInputManager:add_TouchBegin (System.Action`2<single, single>) (at Assets/AreaBattle/Scripts/OutgameInputManager.cs:42)
AreaBattle.EditorTools.OutgameInputManagerValidation/Fixture:.ctor () (at Assets/AreaBattle/Editor/OutgameInputManagerValidation.cs:22)
AreaBattle.EditorTools.OutgameInputManagerValidation/<>c:<Run>b__6_14 () (at Assets/AreaBattle/Editor/OutgameInputManagerValidation.cs:44)
AreaBattle.EditorTools.OutgameInputManagerValidation/<>c__DisplayClass6_0:<Run>b__0 (string,System.Action) (at Assets/AreaBattle/Editor/OutgameInputManagerValidation.cs:30)
AreaBattle.EditorTools.OutgameInputManagerValidation:Run () (at Assets/AreaBattle/Editor/OutgameInputManagerValidation.cs:44)
System.Reflection.RuntimeMethodInfo:Invoke (object,System.Reflection.BindingFlags,System.Reflection.Binder,object[],System.Globalization.CultureInfo)
System.Reflection.MethodBase:Invoke (object,object[])
AreaBattle.EditorTools.BattleBuild:ValidateIntegrated () (at Assets/AreaBattle/Editor/BattleBuild.cs:32)

(Filename: Assets/AreaBattle/Scripts/OutgameInputManager.cs Line: 40)

add touch begin handle:
UnityEngine.Debug:ExtractStackTraceNoAlloc (byte*,int,string)
UnityEngine.StackTraceUtility:ExtractStackTrace ()
UnityEngine.DebugLogHandler:Internal_Log (UnityEngine.LogType,UnityEngine.LogOption,string,UnityEngine.Object)
UnityEngine.DebugLogHandler:LogFormat (UnityEngine.LogType,UnityEngine.Object,string,object[])
UnityEngine.Logger:Log (UnityEngine.LogType,object)
UnityEngine.Debug:Log (object)
AreaBattle.OutgameInputManager/<>c:<.ctor>b__104_0 (object[]) (at Assets/AreaBattle/Scripts/OutgameInputManager.cs:40)
AreaBattle.OutgameInputManager:add_TouchBegin (System.Action`2<single, single>) (at Assets/AreaBattle/Scripts/OutgameInputManager.cs:42)
AreaBattle.EditorTools.OutgameInputManagerValidation/Fixture:.ctor () (at Assets/AreaBattle/Editor/OutgameInputManagerValidation.cs:22)
AreaBattle.EditorTools.OutgameInputManagerValidation/<>c:<Run>b__6_15 () (at Assets/AreaBattle/Editor/OutgameInputManagerValidation.cs:45)
AreaBattle.EditorTools.OutgameInputManagerValidation/<>c__DisplayClass6_0:<Run>b__0 (string,System.Action) (at Assets/AreaBattle/Editor/OutgameInputManagerValidation.cs:30)
AreaBattle.EditorTools.OutgameInputManagerValidation:Run () (at Assets/AreaBattle/Editor/OutgameInputManagerValidation.cs:45)
System.Reflection.RuntimeMethodInfo:Invoke (object,System.Reflection.BindingFlags,System.Reflection.Binder,object[],System.Globalization.CultureInfo)
System.Reflection.MethodBase:Invoke (object,object[])
AreaBattle.EditorTools.BattleBuild:ValidateIntegrated () (at Assets/AreaBattle/Editor/BattleBuild.cs:32)

(Filename: Assets/AreaBattle/Scripts/OutgameInputManager.cs Line: 40)

add touch begin handle:
UnityEngine.Debug:ExtractStackTraceNoAlloc (byte*,int,string)
UnityEngine.StackTraceUtility:ExtractStackTrace ()
UnityEngine.DebugLogHandler:Internal_Log (UnityEngine.LogType,UnityEngine.LogOption,string,UnityEngine.Object)
UnityEngine.DebugLogHandler:LogFormat (UnityEngine.LogType,UnityEngine.Object,string,object[])
UnityEngine.Logger:Log (UnityEngine.LogType,object)
UnityEngine.Debug:Log (object)
AreaBattle.OutgameInputManager/<>c:<.ctor>b__104_0 (object[]) (at Assets/AreaBattle/Scripts/OutgameInputManager.cs:40)
AreaBattle.OutgameInputManager:add_TouchBegin (System.Action`2<single, single>) (at Assets/AreaBattle/Scripts/OutgameInputManager.cs:42)
AreaBattle.EditorTools.OutgameInputManagerValidation/Fixture:.ctor () (at Assets/AreaBattle/Editor/OutgameInputManagerValidation.cs:22)
AreaBattle.EditorTools.OutgameInputManagerValidation/<>c:<Run>b__6_16 () (at Assets/AreaBattle/Editor/OutgameInputManagerValidation.cs:46)
AreaBattle.EditorTools.OutgameInputManagerValidation/<>c__DisplayClass6_0:<Run>b__0 (string,System.Action) (at Assets/AreaBattle/Editor/OutgameInputManagerValidation.cs:30)
AreaBattle.EditorTools.OutgameInputManagerValidation:Run () (at Assets/AreaBattle/Editor/OutgameInputManagerValidation.cs:46)
System.Reflection.RuntimeMethodInfo:Invoke (object,System.Reflection.BindingFlags,System.Reflection.Binder,object[],System.Globalization.CultureInfo)
System.Reflection.MethodBase:Invoke (object,object[])
AreaBattle.EditorTools.BattleBuild:ValidateIntegrated () (at Assets/AreaBattle/Editor/BattleBuild.cs:32)

(Filename: Assets/AreaBattle/Scripts/OutgameInputManager.cs Line: 40)

add touch begin handle:
UnityEngine.Debug:ExtractStackTraceNoAlloc (byte*,int,string)
UnityEngine.StackTraceUtility:ExtractStackTrace ()
UnityEngine.DebugLogHandler:Internal_Log (UnityEngine.LogType,UnityEngine.LogOption,string,UnityEngine.Object)
UnityEngine.DebugLogHandler:LogFormat (UnityEngine.LogType,UnityEngine.Object,string,object[])
UnityEngine.Logger:Log (UnityEngine.LogType,object)
UnityEngine.Debug:Log (object)
AreaBattle.OutgameInputManager/<>c:<.ctor>b__104_0 (object[]) (at Assets/AreaBattle/Scripts/OutgameInputManager.cs:40)
AreaBattle.OutgameInputManager:add_TouchBegin (System.Action`2<single, single>) (at Assets/AreaBattle/Scripts/OutgameInputManager.cs:42)
AreaBattle.EditorTools.OutgameInputManagerValidation/Fixture:.ctor () (at Assets/AreaBattle/Editor/OutgameInputManagerValidation.cs:22)
AreaBattle.EditorTools.OutgameInputManagerValidation/<>c:<Run>b__6_17 () (at Assets/AreaBattle/Editor/OutgameInputManagerValidation.cs:47)
AreaBattle.EditorTools.OutgameInputManagerValidation/<>c__DisplayClass6_0:<Run>b__0 (string,System.Action) (at Assets/AreaBattle/Editor/OutgameInputManagerValidation.cs:30)
AreaBattle.EditorTools.OutgameInputManagerValidation:Run () (at Assets/AreaBattle/Editor/OutgameInputManagerValidation.cs:47)
System.Reflection.RuntimeMethodInfo:Invoke (object,System.Reflection.BindingFlags,System.Reflection.Binder,object[],System.Globalization.CultureInfo)
System.Reflection.MethodBase:Invoke (object,object[])
AreaBattle.EditorTools.BattleBuild:ValidateIntegrated () (at Assets/AreaBattle/Editor/BattleBuild.cs:32)

(Filename: Assets/AreaBattle/Scripts/OutgameInputManager.cs Line: 40)

add touch begin handle:
UnityEngine.Debug:ExtractStackTraceNoAlloc (byte*,int,string)
UnityEngine.StackTraceUtility:ExtractStackTrace ()
UnityEngine.DebugLogHandler:Internal_Log (UnityEngine.LogType,UnityEngine.LogOption,string,UnityEngine.Object)
UnityEngine.DebugLogHandler:LogFormat (UnityEngine.LogType,UnityEngine.Object,string,object[])
UnityEngine.Logger:Log (UnityEngine.LogType,object)
UnityEngine.Debug:Log (object)
AreaBattle.OutgameInputManager/<>c:<.ctor>b__104_0 (object[]) (at Assets/AreaBattle/Scripts/OutgameInputManager.cs:40)
AreaBattle.OutgameInputManager:add_TouchBegin (System.Action`2<single, single>) (at Assets/AreaBattle/Scripts/OutgameInputManager.cs:42)
AreaBattle.EditorTools.OutgameInputManagerValidation/Fixture:.ctor () (at Assets/AreaBattle/Editor/OutgameInputManagerValidation.cs:22)
AreaBattle.EditorTools.OutgameInputManagerValidation/<>c:<Run>b__6_18 () (at Assets/AreaBattle/Editor/OutgameInputManagerValidation.cs:48)
AreaBattle.EditorTools.OutgameInputManagerValidation/<>c__DisplayClass6_0:<Run>b__0 (string,System.Action) (at Assets/AreaBattle/Editor/OutgameInputManagerValidation.cs:30)
AreaBattle.EditorTools.OutgameInputManagerValidation:Run () (at Assets/AreaBattle/Editor/OutgameInputManagerValidation.cs:48)
System.Reflection.RuntimeMethodInfo:Invoke (object,System.Reflection.BindingFlags,System.Reflection.Binder,object[],System.Globalization.CultureInfo)
System.Reflection.MethodBase:Invoke (object,object[])
AreaBattle.EditorTools.BattleBuild:ValidateIntegrated () (at Assets/AreaBattle/Editor/BattleBuild.cs:32)

(Filename: Assets/AreaBattle/Scripts/OutgameInputManager.cs Line: 40)

add touch begin handle:
UnityEngine.Debug:ExtractStackTraceNoAlloc (byte*,int,string)
UnityEngine.StackTraceUtility:ExtractStackTrace ()
UnityEngine.DebugLogHandler:Internal_Log (UnityEngine.LogType,UnityEngine.LogOption,string,UnityEngine.Object)
UnityEngine.DebugLogHandler:LogFormat (UnityEngine.LogType,UnityEngine.Object,string,object[])
UnityEngine.Logger:Log (UnityEngine.LogType,object)
UnityEngine.Debug:Log (object)
AreaBattle.OutgameInputManager/<>c:<.ctor>b__104_0 (object[]) (at Assets/AreaBattle/Scripts/OutgameInputManager.cs:40)
AreaBattle.OutgameInputManager:add_TouchBegin (System.Action`2<single, single>) (at Assets/AreaBattle/Scripts/OutgameInputManager.cs:42)
AreaBattle.EditorTools.OutgameInputManagerValidation/Fixture:.ctor () (at Assets/AreaBattle/Editor/OutgameInputManagerValidation.cs:22)
AreaBattle.EditorTools.OutgameInputManagerValidation/<>c:<Run>b__6_19 () (at Assets/AreaBattle/Editor/OutgameInputManagerValidation.cs:49)
AreaBattle.EditorTools.OutgameInputManagerValidation/<>c__DisplayClass6_0:<Run>b__0 (string,System.Action) (at Assets/AreaBattle/Editor/OutgameInputManagerValidation.cs:30)
AreaBattle.EditorTools.OutgameInputManagerValidation:Run () (at Assets/AreaBattle/Editor/OutgameInputManagerValidation.cs:49)
System.Reflection.RuntimeMethodInfo:Invoke (object,System.Reflection.BindingFlags,System.Reflection.Binder,object[],System.Globalization.CultureInfo)
System.Reflection.MethodBase:Invoke (object,object[])
AreaBattle.EditorTools.BattleBuild:ValidateIntegrated () (at Assets/AreaBattle/Editor/BattleBuild.cs:32)

(Filename: Assets/AreaBattle/Scripts/OutgameInputManager.cs Line: 40)

target[page (UnityEngine.GameObject)]找到了CanvasGroup，优先使用CanvasGroup控制UI渐隐
UnityEngine.Debug:ExtractStackTraceNoAlloc (byte*,int,string)
UnityEngine.StackTraceUtility:ExtractStackTrace ()
UnityEngine.DebugLogHandler:Internal_Log (UnityEngine.LogType,UnityEngine.LogOption,string,UnityEngine.Object)
UnityEngine.DebugLogHandler:LogFormat (UnityEngine.LogType,UnityEngine.Object,string,object[])
UnityEngine.Logger:Log (UnityEngine.LogType,object)
UnityEngine.Debug:Log (object)
AreaBattle.OutgameUiAnimation/<ObjectAnim>d__10:MoveNext () (at Assets/AreaBattle/Scripts/OutgameUiAnimation.cs:41)
AreaBattle.EditorTools.OutgameLoginSyncValidation/<>c:<Run>b__53_84 () (at Assets/AreaBattle/Editor/OutgameLoginSyncValidation.cs:1478)
AreaBattle.EditorTools.OutgameLoginSyncValidation/<>c__DisplayClass53_0:<Run>b__0 (string,System.Action) (at Assets/AreaBattle/Editor/OutgameLoginSyncValidation.cs:526)
AreaBattle.EditorTools.OutgameLoginSyncValidation:Run () (at Assets/AreaBattle/Editor/OutgameLoginSyncValidation.cs:1470)
System.Reflection.RuntimeMethodInfo:Invoke (object,System.Reflection.BindingFlags,System.Reflection.Binder,object[],System.Globalization.CultureInfo)
System.Reflection.MethodBase:Invoke (object,object[])
AreaBattle.EditorTools.BattleBuild:ValidateIntegrated () (at Assets/AreaBattle/Editor/BattleBuild.cs:32)

(Filename: Assets/AreaBattle/Scripts/OutgameUiAnimation.cs Line: 41)

Instantiating material due to calling renderer.material during edit mode. This will leak materials into the scene. You most likely want to use renderer.sharedMaterial instead.
UnityEngine.Debug:ExtractStackTraceNoAlloc (byte*,int,string)
UnityEngine.StackTraceUtility:ExtractStackTrace ()
UnityEngine.Renderer:GetMaterial ()
UnityEngine.Renderer:get_material ()
AreaBattle.RecoveredWayLineVisual:Initialize () (at Assets/AreaBattle/Scripts/RecoveredWayLineVisual.cs:33)
AreaBattle.RecoveredWayLineVisual:SetLine (UnityEngine.Vector3,UnityEngine.Vector3,UnityEngine.Color,UnityEngine.Color,bool,bool,single) (at Assets/AreaBattle/Scripts/RecoveredWayLineVisual.cs:56)
AreaBattle.RecoveredWayLineVisual:Synchronize (AreaBattle.LineState,AreaBattle.TowerState,AreaBattle.TowerState,UnityEngine.Color,UnityEngine.Color,single) (at Assets/AreaBattle/Scripts/RecoveredWayLineVisual.cs:46)
AreaBattle.RecoveredWayLineVisual:Synchronize (AreaBattle.LineState,AreaBattle.TowerState,AreaBattle.TowerState,single) (at Assets/AreaBattle/Scripts/RecoveredWayLineVisual.cs:21)
AreaBattle.BattleView:RefreshPresentation () (at Assets/AreaBattle/Scripts/BattleView.cs:566)
AreaBattle.BattleView:AdvanceFrame (single,single) (at Assets/AreaBattle/Scripts/BattleView.cs:374)
AreaBattle.EditorTools.OriginalVideoValidation/<>c:<Run>b__6_7 () (at Assets/AreaBattle/Editor/OriginalVideoValidation.cs:116)
AreaBattle.EditorTools.OriginalVideoValidation/<>c__DisplayClass6_0:<Run>b__0 (string,System.Action) (at Assets/AreaBattle/Editor/OriginalVideoValidation.cs:35)
AreaBattle.EditorTools.OriginalVideoValidation:Run () (at Assets/AreaBattle/Editor/OriginalVideoValidation.cs:107)
System.Reflection.RuntimeMethodInfo:Invoke (object,System.Reflection.BindingFlags,System.Reflection.Binder,object[],System.Globalization.CultureInfo)
System.Reflection.MethodBase:Invoke (object,object[])
AreaBattle.EditorTools.BattleBuild:ValidateIntegrated () (at Assets/AreaBattle/Editor/BattleBuild.cs:32)

[Assets/AreaBattle/Scripts/RecoveredWayLineVisual.cs line 21]

Instantiating material due to calling renderer.material during edit mode. This will leak materials into the scene. You most likely want to use renderer.sharedMaterial instead.
UnityEngine.Debug:ExtractStackTraceNoAlloc (byte*,int,string)
UnityEngine.StackTraceUtility:ExtractStackTrace ()
UnityEngine.Renderer:GetMaterial ()
UnityEngine.Renderer:get_material ()
AreaBattle.RecoveredWayLineVisual:Initialize () (at Assets/AreaBattle/Scripts/RecoveredWayLineVisual.cs:33)
AreaBattle.RecoveredWayLineVisual:SetLine (UnityEngine.Vector3,UnityEngine.Vector3,UnityEngine.Color,UnityEngine.Color,bool,bool,single) (at Assets/AreaBattle/Scripts/RecoveredWayLineVisual.cs:56)
AreaBattle.RecoveredWayLineVisual:Synchronize (AreaBattle.LineState,AreaBattle.TowerState,AreaBattle.TowerState,UnityEngine.Color,UnityEngine.Color,single) (at Assets/AreaBattle/Scripts/RecoveredWayLineVisual.cs:46)
AreaBattle.RecoveredWayLineVisual:Synchronize (AreaBattle.LineState,AreaBattle.TowerState,AreaBattle.TowerState,single) (at Assets/AreaBattle/Scripts/RecoveredWayLineVisual.cs:21)
AreaBattle.BattleView:RefreshPresentation () (at Assets/AreaBattle/Scripts/BattleView.cs:566)
AreaBattle.BattleView:AdvanceFrame (single,single) (at Assets/AreaBattle/Scripts/BattleView.cs:374)
AreaBattle.EditorTools.OriginalVideoValidation/<>c:<Run>b__6_7 () (at Assets/AreaBattle/Editor/OriginalVideoValidation.cs:116)
AreaBattle.EditorTools.OriginalVideoValidation/<>c__DisplayClass6_0:<Run>b__0 (string,System.Action) (at Assets/AreaBattle/Editor/OriginalVideoValidation.cs:35)
AreaBattle.EditorTools.OriginalVideoValidation:Run () (at Assets/AreaBattle/Editor/OriginalVideoValidation.cs:107)
System.Reflection.RuntimeMethodInfo:Invoke (object,System.Reflection.BindingFlags,System.Reflection.Binder,object[],System.Globalization.CultureInfo)
System.Reflection.MethodBase:Invoke (object,object[])
AreaBattle.EditorTools.BattleBuild:ValidateIntegrated () (at Assets/AreaBattle/Editor/BattleBuild.cs:32)

[Assets/AreaBattle/Scripts/RecoveredWayLineVisual.cs line 21]

Instantiating material due to calling renderer.material during edit mode. This will leak materials into the scene. You most likely want to use renderer.sharedMaterial instead.
UnityEngine.Debug:ExtractStackTraceNoAlloc (byte*,int,string)
UnityEngine.StackTraceUtility:ExtractStackTrace ()
UnityEngine.Renderer:GetMaterial ()
UnityEngine.Renderer:get_material ()
AreaBattle.RecoveredWayLineVisual:Initialize () (at Assets/AreaBattle/Scripts/RecoveredWayLineVisual.cs:33)
AreaBattle.RecoveredWayLineVisual:SetLine (UnityEngine.Vector3,UnityEngine.Vector3,UnityEngine.Color,UnityEngine.Color,bool,bool,single) (at Assets/AreaBattle/Scripts/RecoveredWayLineVisual.cs:56)
AreaBattle.RecoveredWayLineVisual:Synchronize (AreaBattle.LineState,AreaBattle.TowerState,AreaBattle.TowerState,UnityEngine.Color,UnityEngine.Color,single) (at Assets/AreaBattle/Scripts/RecoveredWayLineVisual.cs:46)
AreaBattle.RecoveredWayLineVisual:Synchronize (AreaBattle.LineState,AreaBattle.TowerState,AreaBattle.TowerState,single) (at Assets/AreaBattle/Scripts/RecoveredWayLineVisual.cs:21)
AreaBattle.BattleView:RefreshPresentation () (at Assets/AreaBattle/Scripts/BattleView.cs:566)
AreaBattle.BattleView:AdvanceFrame (single,single) (at Assets/AreaBattle/Scripts/BattleView.cs:374)
AreaBattle.EditorTools.OriginalVideoValidation/<>c:<Run>b__6_7 () (at Assets/AreaBattle/Editor/OriginalVideoValidation.cs:116)
AreaBattle.EditorTools.OriginalVideoValidation/<>c__DisplayClass6_0:<Run>b__0 (string,System.Action) (at Assets/AreaBattle/Editor/OriginalVideoValidation.cs:35)
AreaBattle.EditorTools.OriginalVideoValidation:Run () (at Assets/AreaBattle/Editor/OriginalVideoValidation.cs:107)
System.Reflection.RuntimeMethodInfo:Invoke (object,System.Reflection.BindingFlags,System.Reflection.Binder,object[],System.Globalization.CultureInfo)
System.Reflection.MethodBase:Invoke (object,object[])
AreaBattle.EditorTools.BattleBuild:ValidateIntegrated () (at Assets/AreaBattle/Editor/BattleBuild.cs:32)

[Assets/AreaBattle/Scripts/RecoveredWayLineVisual.cs line 21]

Instantiating material due to calling renderer.material during edit mode. This will leak materials into the scene. You most likely want to use renderer.sharedMaterial instead.
UnityEngine.Debug:ExtractStackTraceNoAlloc (byte*,int,string)
UnityEngine.StackTraceUtility:ExtractStackTrace ()
UnityEngine.Renderer:GetMaterial ()
UnityEngine.Renderer:get_material ()
AreaBattle.RecoveredWayLineVisual:Initialize () (at Assets/AreaBattle/Scripts/RecoveredWayLineVisual.cs:33)
AreaBattle.RecoveredWayLineVisual:SetLine (UnityEngine.Vector3,UnityEngine.Vector3,UnityEngine.Color,UnityEngine.Color,bool,bool,single) (at Assets/AreaBattle/Scripts/RecoveredWayLineVisual.cs:56)
AreaBattle.RecoveredWayLineVisual:Synchronize (AreaBattle.LineState,AreaBattle.TowerState,AreaBattle.TowerState,UnityEngine.Color,UnityEngine.Color,single) (at Assets/AreaBattle/Scripts/RecoveredWayLineVisual.cs:46)
AreaBattle.RecoveredWayLineVisual:Synchronize (AreaBattle.LineState,AreaBattle.TowerState,AreaBattle.TowerState,single) (at Assets/AreaBattle/Scripts/RecoveredWayLineVisual.cs:21)
AreaBattle.BattleView:RefreshPresentation () (at Assets/AreaBattle/Scripts/BattleView.cs:566)
AreaBattle.BattleView:AdvanceFrame (single,single) (at Assets/AreaBattle/Scripts/BattleView.cs:374)
AreaBattle.EditorTools.OriginalVideoValidation/<>c:<Run>b__6_7 () (at Assets/AreaBattle/Editor/OriginalVideoValidation.cs:116)
AreaBattle.EditorTools.OriginalVideoValidation/<>c__DisplayClass6_0:<Run>b__0 (string,System.Action) (at Assets/AreaBattle/Editor/OriginalVideoValidation.cs:35)
AreaBattle.EditorTools.OriginalVideoValidation:Run () (at Assets/AreaBattle/Editor/OriginalVideoValidation.cs:107)
System.Reflection.RuntimeMethodInfo:Invoke (object,System.Reflection.BindingFlags,System.Reflection.Binder,object[],System.Globalization.CultureInfo)
System.Reflection.MethodBase:Invoke (object,object[])
AreaBattle.EditorTools.BattleBuild:ValidateIntegrated () (at Assets/AreaBattle/Editor/BattleBuild.cs:32)

[Assets/AreaBattle/Scripts/RecoveredWayLineVisual.cs line 21]

AREABATTLE_GUIDE_VALIDATION_PASS 17
UnityEngine.Debug:ExtractStackTraceNoAlloc (byte*,int,string)
UnityEngine.StackTraceUtility:ExtractStackTrace ()
UnityEngine.DebugLogHandler:Internal_Log (UnityEngine.LogType,UnityEngine.LogOption,string,UnityEngine.Object)
UnityEngine.DebugLogHandler:LogFormat (UnityEngine.LogType,UnityEngine.Object,string,object[])
UnityEngine.Logger:Log (UnityEngine.LogType,object)
UnityEngine.Debug:Log (object)
AreaBattle.EditorTools.GuideValidation:Run () (at Assets/AreaBattle/Editor/GuideValidation.cs:253)
System.Reflection.RuntimeMethodInfo:Invoke (object,System.Reflection.BindingFlags,System.Reflection.Binder,object[],System.Globalization.CultureInfo)
System.Reflection.MethodBase:Invoke (object,object[])
AreaBattle.EditorTools.BattleBuild:ValidateIntegrated () (at Assets/AreaBattle/Editor/BattleBuild.cs:32)

(Filename: Assets/AreaBattle/Editor/GuideValidation.cs Line: 253)

Instantiating material due to calling renderer.material during edit mode. This will leak materials into the scene. You most likely want to use renderer.sharedMaterial instead.
UnityEngine.Debug:ExtractStackTraceNoAlloc (byte*,int,string)
UnityEngine.StackTraceUtility:ExtractStackTrace ()
UnityEngine.Renderer:GetMaterial ()
UnityEngine.Renderer:get_material ()
AreaBattle.RecoveredWayLineVisual:Initialize () (at Assets/AreaBattle/Scripts/RecoveredWayLineVisual.cs:33)
AreaBattle.RecoveredWayLineVisual:SetLine (UnityEngine.Vector3,UnityEngine.Vector3,UnityEngine.Color,UnityEngine.Color,bool,bool,single) (at Assets/AreaBattle/Scripts/RecoveredWayLineVisual.cs:56)
AreaBattle.RecoveredWayLineVisual:Synchronize (AreaBattle.LineState,AreaBattle.TowerState,AreaBattle.TowerState,UnityEngine.Color,UnityEngine.Color,single) (at Assets/AreaBattle/Scripts/RecoveredWayLineVisual.cs:46)
AreaBattle.RecoveredWayLineVisual:Synchronize (AreaBattle.LineState,AreaBattle.TowerState,AreaBattle.TowerState,single) (at Assets/AreaBattle/Scripts/RecoveredWayLineVisual.cs:21)
AreaBattle.BattleView:RefreshPresentation () (at Assets/AreaBattle/Scripts/BattleView.cs:566)
AreaBattle.BattleView:AdvanceFrame (single,single) (at Assets/AreaBattle/Scripts/BattleView.cs:374)
AreaBattle.EditorTools.SkillInputValidation/<>c__DisplayClass1_3:<Run>b__19 () (at Assets/AreaBattle/Editor/SkillInputValidation.cs:177)
AreaBattle.EditorTools.SkillInputValidation/<>c__DisplayClass1_0:<Run>b__0 (string,System.Action) (at Assets/AreaBattle/Editor/SkillInputValidation.cs:18)
AreaBattle.EditorTools.SkillInputValidation:Run () (at Assets/AreaBattle/Editor/SkillInputValidation.cs:152)
System.Reflection.RuntimeMethodInfo:Invoke (object,System.Reflection.BindingFlags,System.Reflection.Binder,object[],System.Globalization.CultureInfo)
System.Reflection.MethodBase:Invoke (object,object[])
AreaBattle.EditorTools.BattleBuild:ValidateIntegrated () (at Assets/AreaBattle/Editor/BattleBuild.cs:32)

[Assets/AreaBattle/Scripts/RecoveredWayLineVisual.cs line 21]

Instantiating material due to calling renderer.material during edit mode. This will leak materials into the scene. You most likely want to use renderer.sharedMaterial instead.
UnityEngine.Debug:ExtractStackTraceNoAlloc (byte*,int,string)
UnityEngine.StackTraceUtility:ExtractStackTrace ()
UnityEngine.Renderer:GetMaterial ()
UnityEngine.Renderer:get_material ()
AreaBattle.RecoveredWayLineVisual:Initialize () (at Assets/AreaBattle/Scripts/RecoveredWayLineVisual.cs:33)
AreaBattle.RecoveredWayLineVisual:SetLine (UnityEngine.Vector3,UnityEngine.Vector3,UnityEngine.Color,UnityEngine.Color,bool,bool,single) (at Assets/AreaBattle/Scripts/RecoveredWayLineVisual.cs:56)
AreaBattle.RecoveredWayLineVisual:Synchronize (AreaBattle.LineState,AreaBattle.TowerState,AreaBattle.TowerState,UnityEngine.Color,UnityEngine.Color,single) (at Assets/AreaBattle/Scripts/RecoveredWayLineVisual.cs:46)
AreaBattle.RecoveredWayLineVisual:Synchronize (AreaBattle.LineState,AreaBattle.TowerState,AreaBattle.TowerState,single) (at Assets/AreaBattle/Scripts/RecoveredWayLineVisual.cs:21)
AreaBattle.BattleView:RefreshPresentation () (at Assets/AreaBattle/Scripts/BattleView.cs:566)
AreaBattle.BattleView:AdvanceFrame (single,single) (at Assets/AreaBattle/Scripts/BattleView.cs:374)
AreaBattle.EditorTools.SkillInputValidation/<>c__DisplayClass1_3:<Run>b__19 () (at Assets/AreaBattle/Editor/SkillInputValidation.cs:177)
AreaBattle.EditorTools.SkillInputValidation/<>c__DisplayClass1_0:<Run>b__0 (string,System.Action) (at Assets/AreaBattle/Editor/SkillInputValidation.cs:18)
AreaBattle.EditorTools.SkillInputValidation:Run () (at Assets/AreaBattle/Editor/SkillInputValidation.cs:152)
System.Reflection.RuntimeMethodInfo:Invoke (object,System.Reflection.BindingFlags,System.Reflection.Binder,object[],System.Globalization.CultureInfo)
System.Reflection.MethodBase:Invoke (object,object[])
AreaBattle.EditorTools.BattleBuild:ValidateIntegrated () (at Assets/AreaBattle/Editor/BattleBuild.cs:32)

[Assets/AreaBattle/Scripts/RecoveredWayLineVisual.cs line 21]

Instantiating material due to calling renderer.material during edit mode. This will leak materials into the scene. You most likely want to use renderer.sharedMaterial instead.
UnityEngine.Debug:ExtractStackTraceNoAlloc (byte*,int,string)
UnityEngine.StackTraceUtility:ExtractStackTrace ()
UnityEngine.Renderer:GetMaterial ()
UnityEngine.Renderer:get_material ()
AreaBattle.RecoveredWayLineVisual:Initialize () (at Assets/AreaBattle/Scripts/RecoveredWayLineVisual.cs:33)
AreaBattle.RecoveredWayLineVisual:SetLine (UnityEngine.Vector3,UnityEngine.Vector3,UnityEngine.Color,UnityEngine.Color,bool,bool,single) (at Assets/AreaBattle/Scripts/RecoveredWayLineVisual.cs:56)
AreaBattle.RecoveredWayLineVisual:Synchronize (AreaBattle.LineState,AreaBattle.TowerState,AreaBattle.TowerState,UnityEngine.Color,UnityEngine.Color,single) (at Assets/AreaBattle/Scripts/RecoveredWayLineVisual.cs:46)
AreaBattle.RecoveredWayLineVisual:Synchronize (AreaBattle.LineState,AreaBattle.TowerState,AreaBattle.TowerState,single) (at Assets/AreaBattle/Scripts/RecoveredWayLineVisual.cs:21)
AreaBattle.BattleView:RefreshPresentation () (at Assets/AreaBattle/Scripts/BattleView.cs:566)
AreaBattle.BattleView:AdvanceFrame (single,single) (at Assets/AreaBattle/Scripts/BattleView.cs:374)
AreaBattle.EditorTools.SkillInputValidation/<>c__DisplayClass1_3:<Run>b__19 () (at Assets/AreaBattle/Editor/SkillInputValidation.cs:177)
AreaBattle.EditorTools.SkillInputValidation/<>c__DisplayClass1_0:<Run>b__0 (string,System.Action) (at Assets/AreaBattle/Editor/SkillInputValidation.cs:18)
AreaBattle.EditorTools.SkillInputValidation:Run () (at Assets/AreaBattle/Editor/SkillInputValidation.cs:152)
System.Reflection.RuntimeMethodInfo:Invoke (object,System.Reflection.BindingFlags,System.Reflection.Binder,object[],System.Globalization.CultureInfo)
System.Reflection.MethodBase:Invoke (object,object[])
AreaBattle.EditorTools.BattleBuild:ValidateIntegrated () (at Assets/AreaBattle/Editor/BattleBuild.cs:32)

[Assets/AreaBattle/Scripts/RecoveredWayLineVisual.cs line 21]

Instantiating material due to calling renderer.material during edit mode. This will leak materials into the scene. You most likely want to use renderer.sharedMaterial instead.
UnityEngine.Debug:ExtractStackTraceNoAlloc (byte*,int,string)
UnityEngine.StackTraceUtility:ExtractStackTrace ()
UnityEngine.Renderer:GetMaterial ()
UnityEngine.Renderer:get_material ()
AreaBattle.RecoveredWayLineVisual:Initialize () (at Assets/AreaBattle/Scripts/RecoveredWayLineVisual.cs:33)
AreaBattle.RecoveredWayLineVisual:SetLine (UnityEngine.Vector3,UnityEngine.Vector3,UnityEngine.Color,UnityEngine.Color,bool,bool,single) (at Assets/AreaBattle/Scripts/RecoveredWayLineVisual.cs:56)
AreaBattle.RecoveredWayLineVisual:Synchronize (AreaBattle.LineState,AreaBattle.TowerState,AreaBattle.TowerState,UnityEngine.Color,UnityEngine.Color,single) (at Assets/AreaBattle/Scripts/RecoveredWayLineVisual.cs:46)
AreaBattle.RecoveredWayLineVisual:Synchronize (AreaBattle.LineState,AreaBattle.TowerState,AreaBattle.TowerState,single) (at Assets/AreaBattle/Scripts/RecoveredWayLineVisual.cs:21)
AreaBattle.BattleView:RefreshPresentation () (at Assets/AreaBattle/Scripts/BattleView.cs:566)
AreaBattle.BattleView:AdvanceFrame (single,single) (at Assets/AreaBattle/Scripts/BattleView.cs:374)
AreaBattle.EditorTools.SkillInputValidation/<>c__DisplayClass1_3:<Run>b__19 () (at Assets/AreaBattle/Editor/SkillInputValidation.cs:177)
AreaBattle.EditorTools.SkillInputValidation/<>c__DisplayClass1_0:<Run>b__0 (string,System.Action) (at Assets/AreaBattle/Editor/SkillInputValidation.cs:18)
AreaBattle.EditorTools.SkillInputValidation:Run () (at Assets/AreaBattle/Editor/SkillInputValidation.cs:152)
System.Reflection.RuntimeMethodInfo:Invoke (object,System.Reflection.BindingFlags,System.Reflection.Binder,object[],System.Globalization.CultureInfo)
System.Reflection.MethodBase:Invoke (object,object[])
AreaBattle.EditorTools.BattleBuild:ValidateIntegrated () (at Assets/AreaBattle/Editor/BattleBuild.cs:32)

[Assets/AreaBattle/Scripts/RecoveredWayLineVisual.cs line 21]

Instantiating material due to calling renderer.material during edit mode. This will leak materials into the scene. You most likely want to use renderer.sharedMaterial instead.
UnityEngine.Debug:ExtractStackTraceNoAlloc (byte*,int,string)
UnityEngine.StackTraceUtility:ExtractStackTrace ()
UnityEngine.Renderer:GetMaterial ()
UnityEngine.Renderer:get_material ()
AreaBattle.RecoveredWayLineVisual:Initialize () (at Assets/AreaBattle/Scripts/RecoveredWayLineVisual.cs:33)
AreaBattle.RecoveredWayLineVisual:SetLine (UnityEngine.Vector3,UnityEngine.Vector3,UnityEngine.Color,UnityEngine.Color,bool,bool,single) (at Assets/AreaBattle/Scripts/RecoveredWayLineVisual.cs:56)
AreaBattle.RecoveredWayLineVisual:Synchronize (AreaBattle.LineState,AreaBattle.TowerState,AreaBattle.TowerState,UnityEngine.Color,UnityEngine.Color,single) (at Assets/AreaBattle/Scripts/RecoveredWayLineVisual.cs:46)
AreaBattle.RecoveredWayLineVisual:Synchronize (AreaBattle.LineState,AreaBattle.TowerState,AreaBattle.TowerState,single) (at Assets/AreaBattle/Scripts/RecoveredWayLineVisual.cs:21)
AreaBattle.BattleView:RefreshPresentation () (at Assets/AreaBattle/Scripts/BattleView.cs:566)
AreaBattle.BattleView:AdvanceFrame (single,single) (at Assets/AreaBattle/Scripts/BattleView.cs:374)
AreaBattle.EditorTools.SkillInputValidation/<>c__DisplayClass1_3:<Run>b__19 () (at Assets/AreaBattle/Editor/SkillInputValidation.cs:177)
AreaBattle.EditorTools.SkillInputValidation/<>c__DisplayClass1_0:<Run>b__0 (string,System.Action) (at Assets/AreaBattle/Editor/SkillInputValidation.cs:18)
AreaBattle.EditorTools.SkillInputValidation:Run () (at Assets/AreaBattle/Editor/SkillInputValidation.cs:152)
System.Reflection.RuntimeMethodInfo:Invoke (object,System.Reflection.BindingFlags,System.Reflection.Binder,object[],System.Globalization.CultureInfo)
System.Reflection.MethodBase:Invoke (object,object[])
AreaBattle.EditorTools.BattleBuild:ValidateIntegrated () (at Assets/AreaBattle/Editor/BattleBuild.cs:32)

[Assets/AreaBattle/Scripts/RecoveredWayLineVisual.cs line 21]

Instantiating material due to calling renderer.material during edit mode. This will leak materials into the scene. You most likely want to use renderer.sharedMaterial instead.
UnityEngine.Debug:ExtractStackTraceNoAlloc (byte*,int,string)
UnityEngine.StackTraceUtility:ExtractStackTrace ()
UnityEngine.Renderer:GetMaterial ()
UnityEngine.Renderer:get_material ()
AreaBattle.RecoveredWayLineVisual:Initialize () (at Assets/AreaBattle/Scripts/RecoveredWayLineVisual.cs:33)
AreaBattle.RecoveredWayLineVisual:SetLine (UnityEngine.Vector3,UnityEngine.Vector3,UnityEngine.Color,UnityEngine.Color,bool,bool,single) (at Assets/AreaBattle/Scripts/RecoveredWayLineVisual.cs:56)
AreaBattle.RecoveredWayLineVisual:Synchronize (AreaBattle.LineState,AreaBattle.TowerState,AreaBattle.TowerState,UnityEngine.Color,UnityEngine.Color,single) (at Assets/AreaBattle/Scripts/RecoveredWayLineVisual.cs:46)
AreaBattle.RecoveredWayLineVisual:Synchronize (AreaBattle.LineState,AreaBattle.TowerState,AreaBattle.TowerState,single) (at Assets/AreaBattle/Scripts/RecoveredWayLineVisual.cs:21)
AreaBattle.BattleView:RefreshPresentation () (at Assets/AreaBattle/Scripts/BattleView.cs:566)
AreaBattle.BattleView:AdvanceFrame (single,single) (at Assets/AreaBattle/Scripts/BattleView.cs:374)
AreaBattle.EditorTools.SkillInputValidation/<>c__DisplayClass1_3:<Run>b__19 () (at Assets/AreaBattle/Editor/SkillInputValidation.cs:177)
AreaBattle.EditorTools.SkillInputValidation/<>c__DisplayClass1_0:<Run>b__0 (string,System.Action) (at Assets/AreaBattle/Editor/SkillInputValidation.cs:18)
AreaBattle.EditorTools.SkillInputValidation:Run () (at Assets/AreaBattle/Editor/SkillInputValidation.cs:152)
System.Reflection.RuntimeMethodInfo:Invoke (object,System.Reflection.BindingFlags,System.Reflection.Binder,object[],System.Globalization.CultureInfo)
System.Reflection.MethodBase:Invoke (object,object[])
AreaBattle.EditorTools.BattleBuild:ValidateIntegrated () (at Assets/AreaBattle/Editor/BattleBuild.cs:32)

[Assets/AreaBattle/Scripts/RecoveredWayLineVisual.cs line 21]

Instantiating material due to calling renderer.material during edit mode. This will leak materials into the scene. You most likely want to use renderer.sharedMaterial instead.
UnityEngine.Debug:ExtractStackTraceNoAlloc (byte*,int,string)
UnityEngine.StackTraceUtility:ExtractStackTrace ()
UnityEngine.Renderer:GetMaterial ()
UnityEngine.Renderer:get_material ()
AreaBattle.RecoveredWayLineVisual:Initialize () (at Assets/AreaBattle/Scripts/RecoveredWayLineVisual.cs:33)
AreaBattle.RecoveredWayLineVisual:SetLine (UnityEngine.Vector3,UnityEngine.Vector3,UnityEngine.Color,UnityEngine.Color,bool,bool,single) (at Assets/AreaBattle/Scripts/RecoveredWayLineVisual.cs:56)
AreaBattle.RecoveredWayLineVisual:Synchronize (AreaBattle.LineState,AreaBattle.TowerState,AreaBattle.TowerState,UnityEngine.Color,UnityEngine.Color,single) (at Assets/AreaBattle/Scripts/RecoveredWayLineVisual.cs:46)
AreaBattle.RecoveredWayLineVisual:Synchronize (AreaBattle.LineState,AreaBattle.TowerState,AreaBattle.TowerState,single) (at Assets/AreaBattle/Scripts/RecoveredWayLineVisual.cs:21)
AreaBattle.BattleView:RefreshPresentation () (at Assets/AreaBattle/Scripts/BattleView.cs:566)
AreaBattle.BattleView:AdvanceFrame (single,single) (at Assets/AreaBattle/Scripts/BattleView.cs:374)
AreaBattle.EditorTools.SkillInputValidation/<>c__DisplayClass1_3:<Run>b__19 () (at Assets/AreaBattle/Editor/SkillInputValidation.cs:177)
AreaBattle.EditorTools.SkillInputValidation/<>c__DisplayClass1_0:<Run>b__0 (string,System.Action) (at Assets/AreaBattle/Editor/SkillInputValidation.cs:18)
AreaBattle.EditorTools.SkillInputValidation:Run () (at Assets/AreaBattle/Editor/SkillInputValidation.cs:152)
System.Reflection.RuntimeMethodInfo:Invoke (object,System.Reflection.BindingFlags,System.Reflection.Binder,object[],System.Globalization.CultureInfo)
System.Reflection.MethodBase:Invoke (object,object[])
AreaBattle.EditorTools.BattleBuild:ValidateIntegrated () (at Assets/AreaBattle/Editor/BattleBuild.cs:32)

[Assets/AreaBattle/Scripts/RecoveredWayLineVisual.cs line 21]

Instantiating material due to calling renderer.material during edit mode. This will leak materials into the scene. You most likely want to use renderer.sharedMaterial instead.
UnityEngine.Debug:ExtractStackTraceNoAlloc (byte*,int,string)
UnityEngine.StackTraceUtility:ExtractStackTrace ()
UnityEngine.Renderer:GetMaterial ()
UnityEngine.Renderer:get_material ()
AreaBattle.RecoveredWayLineVisual:Initialize () (at Assets/AreaBattle/Scripts/RecoveredWayLineVisual.cs:33)
AreaBattle.RecoveredWayLineVisual:SetLine (UnityEngine.Vector3,UnityEngine.Vector3,UnityEngine.Color,UnityEngine.Color,bool,bool,single) (at Assets/AreaBattle/Scripts/RecoveredWayLineVisual.cs:56)
AreaBattle.RecoveredWayLineVisual:Synchronize (AreaBattle.LineState,AreaBattle.TowerState,AreaBattle.TowerState,UnityEngine.Color,UnityEngine.Color,single) (at Assets/AreaBattle/Scripts/RecoveredWayLineVisual.cs:46)
AreaBattle.RecoveredWayLineVisual:Synchronize (AreaBattle.LineState,AreaBattle.TowerState,AreaBattle.TowerState,single) (at Assets/AreaBattle/Scripts/RecoveredWayLineVisual.cs:21)
AreaBattle.BattleView:RefreshPresentation () (at Assets/AreaBattle/Scripts/BattleView.cs:566)
AreaBattle.BattleView:AdvanceFrame (single,single) (at Assets/AreaBattle/Scripts/BattleView.cs:374)
AreaBattle.EditorTools.SkillInputValidation/<>c__DisplayClass1_3:<Run>b__19 () (at Assets/AreaBattle/Editor/SkillInputValidation.cs:177)
AreaBattle.EditorTools.SkillInputValidation/<>c__DisplayClass1_0:<Run>b__0 (string,System.Action) (at Assets/AreaBattle/Editor/SkillInputValidation.cs:18)
AreaBattle.EditorTools.SkillInputValidation:Run () (at Assets/AreaBattle/Editor/SkillInputValidation.cs:152)
System.Reflection.RuntimeMethodInfo:Invoke (object,System.Reflection.BindingFlags,System.Reflection.Binder,object[],System.Globalization.CultureInfo)
System.Reflection.MethodBase:Invoke (object,object[])
AreaBattle.EditorTools.BattleBuild:ValidateIntegrated () (at Assets/AreaBattle/Editor/BattleBuild.cs:32)

[Assets/AreaBattle/Scripts/RecoveredWayLineVisual.cs line 21]

Instantiating material due to calling renderer.material during edit mode. This will leak materials into the scene. You most likely want to use renderer.sharedMaterial instead.
UnityEngine.Debug:ExtractStackTraceNoAlloc (byte*,int,string)
UnityEngine.StackTraceUtility:ExtractStackTrace ()
UnityEngine.Renderer:GetMaterial ()
UnityEngine.Renderer:get_material ()
AreaBattle.RecoveredWayLineVisual:Initialize () (at Assets/AreaBattle/Scripts/RecoveredWayLineVisual.cs:33)
AreaBattle.RecoveredWayLineVisual:SetLine (UnityEngine.Vector3,UnityEngine.Vector3,UnityEngine.Color,UnityEngine.Color,bool,bool,single) (at Assets/AreaBattle/Scripts/RecoveredWayLineVisual.cs:56)
AreaBattle.RecoveredWayLineVisual:Synchronize (AreaBattle.LineState,AreaBattle.TowerState,AreaBattle.TowerState,UnityEngine.Color,UnityEngine.Color,single) (at Assets/AreaBattle/Scripts/RecoveredWayLineVisual.cs:46)
AreaBattle.RecoveredWayLineVisual:Synchronize (AreaBattle.LineState,AreaBattle.TowerState,AreaBattle.TowerState,single) (at Assets/AreaBattle/Scripts/RecoveredWayLineVisual.cs:21)
AreaBattle.BattleView:RefreshPresentation () (at Assets/AreaBattle/Scripts/BattleView.cs:566)
AreaBattle.BattleView:AdvanceFrame (single,single) (at Assets/AreaBattle/Scripts/BattleView.cs:374)
AreaBattle.EditorTools.SkillInputValidation/<>c__DisplayClass1_3:<Run>b__19 () (at Assets/AreaBattle/Editor/SkillInputValidation.cs:177)
AreaBattle.EditorTools.SkillInputValidation/<>c__DisplayClass1_0:<Run>b__0 (string,System.Action) (at Assets/AreaBattle/Editor/SkillInputValidation.cs:18)
AreaBattle.EditorTools.SkillInputValidation:Run () (at Assets/AreaBattle/Editor/SkillInputValidation.cs:152)
System.Reflection.RuntimeMethodInfo:Invoke (object,System.Reflection.BindingFlags,System.Reflection.Binder,object[],System.Globalization.CultureInfo)
System.Reflection.MethodBase:Invoke (object,object[])
AreaBattle.EditorTools.BattleBuild:ValidateIntegrated () (at Assets/AreaBattle/Editor/BattleBuild.cs:32)

[Assets/AreaBattle/Scripts/RecoveredWayLineVisual.cs line 21]

Instantiating material due to calling renderer.material during edit mode. This will leak materials into the scene. You most likely want to use renderer.sharedMaterial instead.
UnityEngine.Debug:ExtractStackTraceNoAlloc (byte*,int,string)
UnityEngine.StackTraceUtility:ExtractStackTrace ()
UnityEngine.Renderer:GetMaterial ()
UnityEngine.Renderer:get_material ()
AreaBattle.RecoveredWayLineVisual:Initialize () (at Assets/AreaBattle/Scripts/RecoveredWayLineVisual.cs:33)
AreaBattle.RecoveredWayLineVisual:SetLine (UnityEngine.Vector3,UnityEngine.Vector3,UnityEngine.Color,UnityEngine.Color,bool,bool,single) (at Assets/AreaBattle/Scripts/RecoveredWayLineVisual.cs:56)
AreaBattle.RecoveredWayLineVisual:Synchronize (AreaBattle.LineState,AreaBattle.TowerState,AreaBattle.TowerState,UnityEngine.Color,UnityEngine.Color,single) (at Assets/AreaBattle/Scripts/RecoveredWayLineVisual.cs:46)
AreaBattle.RecoveredWayLineVisual:Synchronize (AreaBattle.LineState,AreaBattle.TowerState,AreaBattle.TowerState,single) (at Assets/AreaBattle/Scripts/RecoveredWayLineVisual.cs:21)
AreaBattle.BattleView:RefreshPresentation () (at Assets/AreaBattle/Scripts/BattleView.cs:566)
AreaBattle.BattleView:AdvanceFrame (single,single) (at Assets/AreaBattle/Scripts/BattleView.cs:374)
AreaBattle.EditorTools.SkillInputValidation/<>c__DisplayClass1_3:<Run>b__19 () (at Assets/AreaBattle/Editor/SkillInputValidation.cs:177)
AreaBattle.EditorTools.SkillInputValidation/<>c__DisplayClass1_0:<Run>b__0 (string,System.Action) (at Assets/AreaBattle/Editor/SkillInputValidation.cs:18)
AreaBattle.EditorTools.SkillInputValidation:Run () (at Assets/AreaBattle/Editor/SkillInputValidation.cs:152)
System.Reflection.RuntimeMethodInfo:Invoke (object,System.Reflection.BindingFlags,System.Reflection.Binder,object[],System.Globalization.CultureInfo)
System.Reflection.MethodBase:Invoke (object,object[])
AreaBattle.EditorTools.BattleBuild:ValidateIntegrated () (at Assets/AreaBattle/Editor/BattleBuild.cs:32)

[Assets/AreaBattle/Scripts/RecoveredWayLineVisual.cs line 21]

Instantiating material due to calling renderer.material during edit mode. This will leak materials into the scene. You most likely want to use renderer.sharedMaterial instead.
UnityEngine.Debug:ExtractStackTraceNoAlloc (byte*,int,string)
UnityEngine.StackTraceUtility:ExtractStackTrace ()
UnityEngine.Renderer:GetMaterial ()
UnityEngine.Renderer:get_material ()
AreaBattle.RecoveredWayLineVisual:Initialize () (at Assets/AreaBattle/Scripts/RecoveredWayLineVisual.cs:33)
AreaBattle.RecoveredWayLineVisual:SetLine (UnityEngine.Vector3,UnityEngine.Vector3,UnityEngine.Color,UnityEngine.Color,bool,bool,single) (at Assets/AreaBattle/Scripts/RecoveredWayLineVisual.cs:56)
AreaBattle.RecoveredWayLineVisual:Synchronize (AreaBattle.LineState,AreaBattle.TowerState,AreaBattle.TowerState,UnityEngine.Color,UnityEngine.Color,single) (at Assets/AreaBattle/Scripts/RecoveredWayLineVisual.cs:46)
AreaBattle.RecoveredWayLineVisual:Synchronize (AreaBattle.LineState,AreaBattle.TowerState,AreaBattle.TowerState,single) (at Assets/AreaBattle/Scripts/RecoveredWayLineVisual.cs:21)
AreaBattle.BattleView:RefreshPresentation () (at Assets/AreaBattle/Scripts/BattleView.cs:566)
AreaBattle.BattleView:AdvanceFrame (single,single) (at Assets/AreaBattle/Scripts/BattleView.cs:374)
AreaBattle.EditorTools.SkillInputValidation/<>c__DisplayClass1_3:<Run>b__19 () (at Assets/AreaBattle/Editor/SkillInputValidation.cs:177)
AreaBattle.EditorTools.SkillInputValidation/<>c__DisplayClass1_0:<Run>b__0 (string,System.Action) (at Assets/AreaBattle/Editor/SkillInputValidation.cs:18)
AreaBattle.EditorTools.SkillInputValidation:Run () (at Assets/AreaBattle/Editor/SkillInputValidation.cs:152)
System.Reflection.RuntimeMethodInfo:Invoke (object,System.Reflection.BindingFlags,System.Reflection.Binder,object[],System.Globalization.CultureInfo)
System.Reflection.MethodBase:Invoke (object,object[])
AreaBattle.EditorTools.BattleBuild:ValidateIntegrated () (at Assets/AreaBattle/Editor/BattleBuild.cs:32)

[Assets/AreaBattle/Scripts/RecoveredWayLineVisual.cs line 21]

Instantiating material due to calling renderer.material during edit mode. This will leak materials into the scene. You most likely want to use renderer.sharedMaterial instead.
UnityEngine.Debug:ExtractStackTraceNoAlloc (byte*,int,string)
UnityEngine.StackTraceUtility:ExtractStackTrace ()
UnityEngine.Renderer:GetMaterial ()
UnityEngine.Renderer:get_material ()
AreaBattle.RecoveredWayLineVisual:Initialize () (at Assets/AreaBattle/Scripts/RecoveredWayLineVisual.cs:33)
AreaBattle.RecoveredWayLineVisual:SetLine (UnityEngine.Vector3,UnityEngine.Vector3,UnityEngine.Color,UnityEngine.Color,bool,bool,single) (at Assets/AreaBattle/Scripts/RecoveredWayLineVisual.cs:56)
AreaBattle.RecoveredWayLineVisual:Synchronize (AreaBattle.LineState,AreaBattle.TowerState,AreaBattle.TowerState,UnityEngine.Color,UnityEngine.Color,single) (at Assets/AreaBattle/Scripts/RecoveredWayLineVisual.cs:46)
AreaBattle.RecoveredWayLineVisual:Synchronize (AreaBattle.LineState,AreaBattle.TowerState,AreaBattle.TowerState,single) (at Assets/AreaBattle/Scripts/RecoveredWayLineVisual.cs:21)
AreaBattle.BattleView:RefreshPresentation () (at Assets/AreaBattle/Scripts/BattleView.cs:566)
AreaBattle.BattleView:AdvanceFrame (single,single) (at Assets/AreaBattle/Scripts/BattleView.cs:374)
AreaBattle.EditorTools.SkillInputValidation/<>c__DisplayClass1_3:<Run>b__19 () (at Assets/AreaBattle/Editor/SkillInputValidation.cs:177)
AreaBattle.EditorTools.SkillInputValidation/<>c__DisplayClass1_0:<Run>b__0 (string,System.Action) (at Assets/AreaBattle/Editor/SkillInputValidation.cs:18)
AreaBattle.EditorTools.SkillInputValidation:Run () (at Assets/AreaBattle/Editor/SkillInputValidation.cs:152)
System.Reflection.RuntimeMethodInfo:Invoke (object,System.Reflection.BindingFlags,System.Reflection.Binder,object[],System.Globalization.CultureInfo)
System.Reflection.MethodBase:Invoke (object,object[])
AreaBattle.EditorTools.BattleBuild:ValidateIntegrated () (at Assets/AreaBattle/Editor/BattleBuild.cs:32)

[Assets/AreaBattle/Scripts/RecoveredWayLineVisual.cs line 21]

Instantiating material due to calling renderer.material during edit mode. This will leak materials into the scene. You most likely want to use renderer.sharedMaterial instead.
UnityEngine.Debug:ExtractStackTraceNoAlloc (byte*,int,string)
UnityEngine.StackTraceUtility:ExtractStackTrace ()
UnityEngine.Renderer:GetMaterial ()
UnityEngine.Renderer:get_material ()
AreaBattle.RecoveredWayLineVisual:Initialize () (at Assets/AreaBattle/Scripts/RecoveredWayLineVisual.cs:33)
AreaBattle.RecoveredWayLineVisual:SetLine (UnityEngine.Vector3,UnityEngine.Vector3,UnityEngine.Color,UnityEngine.Color,bool,bool,single) (at Assets/AreaBattle/Scripts/RecoveredWayLineVisual.cs:56)
AreaBattle.RecoveredWayLineVisual:Synchronize (AreaBattle.LineState,AreaBattle.TowerState,AreaBattle.TowerState,UnityEngine.Color,UnityEngine.Color,single) (at Assets/AreaBattle/Scripts/RecoveredWayLineVisual.cs:46)
AreaBattle.RecoveredWayLineVisual:Synchronize (AreaBattle.LineState,AreaBattle.TowerState,AreaBattle.TowerState,single) (at Assets/AreaBattle/Scripts/RecoveredWayLineVisual.cs:21)
AreaBattle.BattleView:RefreshPresentation () (at Assets/AreaBattle/Scripts/BattleView.cs:566)
AreaBattle.BattleView:AdvanceFrame (single,single) (at Assets/AreaBattle/Scripts/BattleView.cs:374)
AreaBattle.EditorTools.SkillInputValidation/<>c__DisplayClass1_3:<Run>b__19 () (at Assets/AreaBattle/Editor/SkillInputValidation.cs:177)
AreaBattle.EditorTools.SkillInputValidation/<>c__DisplayClass1_0:<Run>b__0 (string,System.Action) (at Assets/AreaBattle/Editor/SkillInputValidation.cs:18)
AreaBattle.EditorTools.SkillInputValidation:Run () (at Assets/AreaBattle/Editor/SkillInputValidation.cs:152)
System.Reflection.RuntimeMethodInfo:Invoke (object,System.Reflection.BindingFlags,System.Reflection.Binder,object[],System.Globalization.CultureInfo)
System.Reflection.MethodBase:Invoke (object,object[])
AreaBattle.EditorTools.BattleBuild:ValidateIntegrated () (at Assets/AreaBattle/Editor/BattleBuild.cs:32)

[Assets/AreaBattle/Scripts/RecoveredWayLineVisual.cs line 21]

Instantiating material due to calling renderer.material during edit mode. This will leak materials into the scene. You most likely want to use renderer.sharedMaterial instead.
UnityEngine.Debug:ExtractStackTraceNoAlloc (byte*,int,string)
UnityEngine.StackTraceUtility:ExtractStackTrace ()
UnityEngine.Renderer:GetMaterial ()
UnityEngine.Renderer:get_material ()
AreaBattle.RecoveredWayLineVisual:Initialize () (at Assets/AreaBattle/Scripts/RecoveredWayLineVisual.cs:33)
AreaBattle.RecoveredWayLineVisual:SetLine (UnityEngine.Vector3,UnityEngine.Vector3,UnityEngine.Color,UnityEngine.Color,bool,bool,single) (at Assets/AreaBattle/Scripts/RecoveredWayLineVisual.cs:56)
AreaBattle.RecoveredWayLineVisual:Synchronize (AreaBattle.LineState,AreaBattle.TowerState,AreaBattle.TowerState,UnityEngine.Color,UnityEngine.Color,single) (at Assets/AreaBattle/Scripts/RecoveredWayLineVisual.cs:46)
AreaBattle.RecoveredWayLineVisual:Synchronize (AreaBattle.LineState,AreaBattle.TowerState,AreaBattle.TowerState,single) (at Assets/AreaBattle/Scripts/RecoveredWayLineVisual.cs:21)
AreaBattle.BattleView:RefreshPresentation () (at Assets/AreaBattle/Scripts/BattleView.cs:566)
AreaBattle.BattleView:AdvanceFrame (single,single) (at Assets/AreaBattle/Scripts/BattleView.cs:374)
AreaBattle.EditorTools.SkillInputValidation/<>c__DisplayClass1_3:<Run>b__19 () (at Assets/AreaBattle/Editor/SkillInputValidation.cs:177)
AreaBattle.EditorTools.SkillInputValidation/<>c__DisplayClass1_0:<Run>b__0 (string,System.Action) (at Assets/AreaBattle/Editor/SkillInputValidation.cs:18)
AreaBattle.EditorTools.SkillInputValidation:Run () (at Assets/AreaBattle/Editor/SkillInputValidation.cs:152)
System.Reflection.RuntimeMethodInfo:Invoke (object,System.Reflection.BindingFlags,System.Reflection.Binder,object[],System.Globalization.CultureInfo)
System.Reflection.MethodBase:Invoke (object,object[])
AreaBattle.EditorTools.BattleBuild:ValidateIntegrated () (at Assets/AreaBattle/Editor/BattleBuild.cs:32)

[Assets/AreaBattle/Scripts/RecoveredWayLineVisual.cs line 21]

Instantiating material due to calling renderer.material during edit mode. This will leak materials into the scene. You most likely want to use renderer.sharedMaterial instead.
UnityEngine.Debug:ExtractStackTraceNoAlloc (byte*,int,string)
UnityEngine.StackTraceUtility:ExtractStackTrace ()
UnityEngine.Renderer:GetMaterial ()
UnityEngine.Renderer:get_material ()
AreaBattle.RecoveredWayLineVisual:Initialize () (at Assets/AreaBattle/Scripts/RecoveredWayLineVisual.cs:33)
AreaBattle.RecoveredWayLineVisual:SetLine (UnityEngine.Vector3,UnityEngine.Vector3,UnityEngine.Color,UnityEngine.Color,bool,bool,single) (at Assets/AreaBattle/Scripts/RecoveredWayLineVisual.cs:56)
AreaBattle.RecoveredWayLineVisual:Synchronize (AreaBattle.LineState,AreaBattle.TowerState,AreaBattle.TowerState,UnityEngine.Color,UnityEngine.Color,single) (at Assets/AreaBattle/Scripts/RecoveredWayLineVisual.cs:46)
AreaBattle.RecoveredWayLineVisual:Synchronize (AreaBattle.LineState,AreaBattle.TowerState,AreaBattle.TowerState,single) (at Assets/AreaBattle/Scripts/RecoveredWayLineVisual.cs:21)
AreaBattle.BattleView:RefreshPresentation () (at Assets/AreaBattle/Scripts/BattleView.cs:566)
AreaBattle.BattleView:AdvanceFrame (single,single) (at Assets/AreaBattle/Scripts/BattleView.cs:374)
AreaBattle.EditorTools.SkillInputValidation/<>c__DisplayClass1_3:<Run>b__19 () (at Assets/AreaBattle/Editor/SkillInputValidation.cs:177)
AreaBattle.EditorTools.SkillInputValidation/<>c__DisplayClass1_0:<Run>b__0 (string,System.Action) (at Assets/AreaBattle/Editor/SkillInputValidation.cs:18)
AreaBattle.EditorTools.SkillInputValidation:Run () (at Assets/AreaBattle/Editor/SkillInputValidation.cs:152)
System.Reflection.RuntimeMethodInfo:Invoke (object,System.Reflection.BindingFlags,System.Reflection.Binder,object[],System.Globalization.CultureInfo)
System.Reflection.MethodBase:Invoke (object,object[])
AreaBattle.EditorTools.BattleBuild:ValidateIntegrated () (at Assets/AreaBattle/Editor/BattleBuild.cs:32)

[Assets/AreaBattle/Scripts/RecoveredWayLineVisual.cs line 21]

Instantiating material due to calling renderer.material during edit mode. This will leak materials into the scene. You most likely want to use renderer.sharedMaterial instead.
UnityEngine.Debug:ExtractStackTraceNoAlloc (byte*,int,string)
UnityEngine.StackTraceUtility:ExtractStackTrace ()
UnityEngine.Renderer:GetMaterial ()
UnityEngine.Renderer:get_material ()
AreaBattle.RecoveredWayLineVisual:Initialize () (at Assets/AreaBattle/Scripts/RecoveredWayLineVisual.cs:33)
AreaBattle.RecoveredWayLineVisual:SetLine (UnityEngine.Vector3,UnityEngine.Vector3,UnityEngine.Color,UnityEngine.Color,bool,bool,single) (at Assets/AreaBattle/Scripts/RecoveredWayLineVisual.cs:56)
AreaBattle.RecoveredWayLineVisual:Synchronize (AreaBattle.LineState,AreaBattle.TowerState,AreaBattle.TowerState,UnityEngine.Color,UnityEngine.Color,single) (at Assets/AreaBattle/Scripts/RecoveredWayLineVisual.cs:46)
AreaBattle.RecoveredWayLineVisual:Synchronize (AreaBattle.LineState,AreaBattle.TowerState,AreaBattle.TowerState,single) (at Assets/AreaBattle/Scripts/RecoveredWayLineVisual.cs:21)
AreaBattle.BattleView:RefreshPresentation () (at Assets/AreaBattle/Scripts/BattleView.cs:566)
AreaBattle.BattleView:AdvanceFrame (single,single) (at Assets/AreaBattle/Scripts/BattleView.cs:374)
AreaBattle.EditorTools.SkillInputValidation/<>c__DisplayClass1_3:<Run>b__19 () (at Assets/AreaBattle/Editor/SkillInputValidation.cs:177)
AreaBattle.EditorTools.SkillInputValidation/<>c__DisplayClass1_0:<Run>b__0 (string,System.Action) (at Assets/AreaBattle/Editor/SkillInputValidation.cs:18)
AreaBattle.EditorTools.SkillInputValidation:Run () (at Assets/AreaBattle/Editor/SkillInputValidation.cs:152)
System.Reflection.RuntimeMethodInfo:Invoke (object,System.Reflection.BindingFlags,System.Reflection.Binder,object[],System.Globalization.CultureInfo)
System.Reflection.MethodBase:Invoke (object,object[])
AreaBattle.EditorTools.BattleBuild:ValidateIntegrated () (at Assets/AreaBattle/Editor/BattleBuild.cs:32)

[Assets/AreaBattle/Scripts/RecoveredWayLineVisual.cs line 21]

Instantiating material due to calling renderer.material during edit mode. This will leak materials into the scene. You most likely want to use renderer.sharedMaterial instead.
UnityEngine.Debug:ExtractStackTraceNoAlloc (byte*,int,string)
UnityEngine.StackTraceUtility:ExtractStackTrace ()
UnityEngine.Renderer:GetMaterial ()
UnityEngine.Renderer:get_material ()
AreaBattle.RecoveredWayLineVisual:Initialize () (at Assets/AreaBattle/Scripts/RecoveredWayLineVisual.cs:33)
AreaBattle.RecoveredWayLineVisual:SetLine (UnityEngine.Vector3,UnityEngine.Vector3,UnityEngine.Color,UnityEngine.Color,bool,bool,single) (at Assets/AreaBattle/Scripts/RecoveredWayLineVisual.cs:56)
AreaBattle.RecoveredWayLineVisual:Synchronize (AreaBattle.LineState,AreaBattle.TowerState,AreaBattle.TowerState,UnityEngine.Color,UnityEngine.Color,single) (at Assets/AreaBattle/Scripts/RecoveredWayLineVisual.cs:46)
AreaBattle.RecoveredWayLineVisual:Synchronize (AreaBattle.LineState,AreaBattle.TowerState,AreaBattle.TowerState,single) (at Assets/AreaBattle/Scripts/RecoveredWayLineVisual.cs:21)
AreaBattle.BattleView:RefreshPresentation () (at Assets/AreaBattle/Scripts/BattleView.cs:566)
AreaBattle.BattleView:AdvanceFrame (single,single) (at Assets/AreaBattle/Scripts/BattleView.cs:374)
AreaBattle.EditorTools.SkillInputValidation/<>c__DisplayClass1_3:<Run>b__19 () (at Assets/AreaBattle/Editor/SkillInputValidation.cs:177)
AreaBattle.EditorTools.SkillInputValidation/<>c__DisplayClass1_0:<Run>b__0 (string,System.Action) (at Assets/AreaBattle/Editor/SkillInputValidation.cs:18)
AreaBattle.EditorTools.SkillInputValidation:Run () (at Assets/AreaBattle/Editor/SkillInputValidation.cs:152)
System.Reflection.RuntimeMethodInfo:Invoke (object,System.Reflection.BindingFlags,System.Reflection.Binder,object[],System.Globalization.CultureInfo)
System.Reflection.MethodBase:Invoke (object,object[])
AreaBattle.EditorTools.BattleBuild:ValidateIntegrated () (at Assets/AreaBattle/Editor/BattleBuild.cs:32)

[Assets/AreaBattle/Scripts/RecoveredWayLineVisual.cs line 21]

Instantiating material due to calling renderer.material during edit mode. This will leak materials into the scene. You most likely want to use renderer.sharedMaterial instead.
UnityEngine.Debug:ExtractStackTraceNoAlloc (byte*,int,string)
UnityEngine.StackTraceUtility:ExtractStackTrace ()
UnityEngine.Renderer:GetMaterial ()
UnityEngine.Renderer:get_material ()
AreaBattle.RecoveredWayLineVisual:Initialize () (at Assets/AreaBattle/Scripts/RecoveredWayLineVisual.cs:33)
AreaBattle.RecoveredWayLineVisual:SetLine (UnityEngine.Vector3,UnityEngine.Vector3,UnityEngine.Color,UnityEngine.Color,bool,bool,single) (at Assets/AreaBattle/Scripts/RecoveredWayLineVisual.cs:56)
AreaBattle.RecoveredWayLineVisual:Synchronize (AreaBattle.LineState,AreaBattle.TowerState,AreaBattle.TowerState,UnityEngine.Color,UnityEngine.Color,single) (at Assets/AreaBattle/Scripts/RecoveredWayLineVisual.cs:46)
AreaBattle.RecoveredWayLineVisual:Synchronize (AreaBattle.LineState,AreaBattle.TowerState,AreaBattle.TowerState,single) (at Assets/AreaBattle/Scripts/RecoveredWayLineVisual.cs:21)
AreaBattle.BattleView:RefreshPresentation () (at Assets/AreaBattle/Scripts/BattleView.cs:566)
AreaBattle.BattleView:AdvanceFrame (single,single) (at Assets/AreaBattle/Scripts/BattleView.cs:374)
AreaBattle.EditorTools.SkillInputValidation/<>c__DisplayClass1_3:<Run>b__19 () (at Assets/AreaBattle/Editor/SkillInputValidation.cs:177)
AreaBattle.EditorTools.SkillInputValidation/<>c__DisplayClass1_0:<Run>b__0 (string,System.Action) (at Assets/AreaBattle/Editor/SkillInputValidation.cs:18)
AreaBattle.EditorTools.SkillInputValidation:Run () (at Assets/AreaBattle/Editor/SkillInputValidation.cs:152)
System.Reflection.RuntimeMethodInfo:Invoke (object,System.Reflection.BindingFlags,System.Reflection.Binder,object[],System.Globalization.CultureInfo)
System.Reflection.MethodBase:Invoke (object,object[])
AreaBattle.EditorTools.BattleBuild:ValidateIntegrated () (at Assets/AreaBattle/Editor/BattleBuild.cs:32)

[Assets/AreaBattle/Scripts/RecoveredWayLineVisual.cs line 21]

Instantiating material due to calling renderer.material during edit mode. This will leak materials into the scene. You most likely want to use renderer.sharedMaterial instead.
UnityEngine.Debug:ExtractStackTraceNoAlloc (byte*,int,string)
UnityEngine.StackTraceUtility:ExtractStackTrace ()
UnityEngine.Renderer:GetMaterial ()
UnityEngine.Renderer:get_material ()
AreaBattle.RecoveredWayLineVisual:Initialize () (at Assets/AreaBattle/Scripts/RecoveredWayLineVisual.cs:33)
AreaBattle.RecoveredWayLineVisual:SetLine (UnityEngine.Vector3,UnityEngine.Vector3,UnityEngine.Color,UnityEngine.Color,bool,bool,single) (at Assets/AreaBattle/Scripts/RecoveredWayLineVisual.cs:56)
AreaBattle.RecoveredWayLineVisual:Synchronize (AreaBattle.LineState,AreaBattle.TowerState,AreaBattle.TowerState,UnityEngine.Color,UnityEngine.Color,single) (at Assets/AreaBattle/Scripts/RecoveredWayLineVisual.cs:46)
AreaBattle.RecoveredWayLineVisual:Synchronize (AreaBattle.LineState,AreaBattle.TowerState,AreaBattle.TowerState,single) (at Assets/AreaBattle/Scripts/RecoveredWayLineVisual.cs:21)
AreaBattle.BattleView:RefreshPresentation () (at Assets/AreaBattle/Scripts/BattleView.cs:566)
AreaBattle.BattleView:AdvanceFrame (single,single) (at Assets/AreaBattle/Scripts/BattleView.cs:374)
AreaBattle.EditorTools.SkillInputValidation/<>c__DisplayClass1_3:<Run>b__19 () (at Assets/AreaBattle/Editor/SkillInputValidation.cs:177)
AreaBattle.EditorTools.SkillInputValidation/<>c__DisplayClass1_0:<Run>b__0 (string,System.Action) (at Assets/AreaBattle/Editor/SkillInputValidation.cs:18)
AreaBattle.EditorTools.SkillInputValidation:Run () (at Assets/AreaBattle/Editor/SkillInputValidation.cs:152)
System.Reflection.RuntimeMethodInfo:Invoke (object,System.Reflection.BindingFlags,System.Reflection.Binder,object[],System.Globalization.CultureInfo)
System.Reflection.MethodBase:Invoke (object,object[])
AreaBattle.EditorTools.BattleBuild:ValidateIntegrated () (at Assets/AreaBattle/Editor/BattleBuild.cs:32)

[Assets/AreaBattle/Scripts/RecoveredWayLineVisual.cs line 21]

Instantiating material due to calling renderer.material during edit mode. This will leak materials into the scene. You most likely want to use renderer.sharedMaterial instead.
UnityEngine.Debug:ExtractStackTraceNoAlloc (byte*,int,string)
UnityEngine.StackTraceUtility:ExtractStackTrace ()
UnityEngine.Renderer:GetMaterial ()
UnityEngine.Renderer:get_material ()
AreaBattle.RecoveredWayLineVisual:Initialize () (at Assets/AreaBattle/Scripts/RecoveredWayLineVisual.cs:33)
AreaBattle.RecoveredWayLineVisual:SetLine (UnityEngine.Vector3,UnityEngine.Vector3,UnityEngine.Color,UnityEngine.Color,bool,bool,single) (at Assets/AreaBattle/Scripts/RecoveredWayLineVisual.cs:56)
AreaBattle.RecoveredWayLineVisual:Synchronize (AreaBattle.LineState,AreaBattle.TowerState,AreaBattle.TowerState,UnityEngine.Color,UnityEngine.Color,single) (at Assets/AreaBattle/Scripts/RecoveredWayLineVisual.cs:46)
AreaBattle.RecoveredWayLineVisual:Synchronize (AreaBattle.LineState,AreaBattle.TowerState,AreaBattle.TowerState,single) (at Assets/AreaBattle/Scripts/RecoveredWayLineVisual.cs:21)
AreaBattle.BattleView:RefreshPresentation () (at Assets/AreaBattle/Scripts/BattleView.cs:566)
AreaBattle.BattleView:AdvanceFrame (single,single) (at Assets/AreaBattle/Scripts/BattleView.cs:374)
AreaBattle.EditorTools.SkillInputValidation/<>c__DisplayClass1_3:<Run>b__19 () (at Assets/AreaBattle/Editor/SkillInputValidation.cs:177)
AreaBattle.EditorTools.SkillInputValidation/<>c__DisplayClass1_0:<Run>b__0 (string,System.Action) (at Assets/AreaBattle/Editor/SkillInputValidation.cs:18)
AreaBattle.EditorTools.SkillInputValidation:Run () (at Assets/AreaBattle/Editor/SkillInputValidation.cs:152)
System.Reflection.RuntimeMethodInfo:Invoke (object,System.Reflection.BindingFlags,System.Reflection.Binder,object[],System.Globalization.CultureInfo)
System.Reflection.MethodBase:Invoke (object,object[])
AreaBattle.EditorTools.BattleBuild:ValidateIntegrated () (at Assets/AreaBattle/Editor/BattleBuild.cs:32)

[Assets/AreaBattle/Scripts/RecoveredWayLineVisual.cs line 21]

Instantiating material due to calling renderer.material during edit mode. This will leak materials into the scene. You most likely want to use renderer.sharedMaterial instead.
UnityEngine.Debug:ExtractStackTraceNoAlloc (byte*,int,string)
UnityEngine.StackTraceUtility:ExtractStackTrace ()
UnityEngine.Renderer:GetMaterial ()
UnityEngine.Renderer:get_material ()
AreaBattle.RecoveredWayLineVisual:Initialize () (at Assets/AreaBattle/Scripts/RecoveredWayLineVisual.cs:33)
AreaBattle.RecoveredWayLineVisual:SetLine (UnityEngine.Vector3,UnityEngine.Vector3,UnityEngine.Color,UnityEngine.Color,bool,bool,single) (at Assets/AreaBattle/Scripts/RecoveredWayLineVisual.cs:56)
AreaBattle.RecoveredWayLineVisual:Synchronize (AreaBattle.LineState,AreaBattle.TowerState,AreaBattle.TowerState,UnityEngine.Color,UnityEngine.Color,single) (at Assets/AreaBattle/Scripts/RecoveredWayLineVisual.cs:46)
AreaBattle.RecoveredWayLineVisual:Synchronize (AreaBattle.LineState,AreaBattle.TowerState,AreaBattle.TowerState,single) (at Assets/AreaBattle/Scripts/RecoveredWayLineVisual.cs:21)
AreaBattle.BattleView:RefreshPresentation () (at Assets/AreaBattle/Scripts/BattleView.cs:566)
AreaBattle.BattleView:AdvanceFrame (single,single) (at Assets/AreaBattle/Scripts/BattleView.cs:374)
AreaBattle.EditorTools.SkillInputValidation/<>c__DisplayClass1_3:<Run>b__19 () (at Assets/AreaBattle/Editor/SkillInputValidation.cs:177)
AreaBattle.EditorTools.SkillInputValidation/<>c__DisplayClass1_0:<Run>b__0 (string,System.Action) (at Assets/AreaBattle/Editor/SkillInputValidation.cs:18)
AreaBattle.EditorTools.SkillInputValidation:Run () (at Assets/AreaBattle/Editor/SkillInputValidation.cs:152)
System.Reflection.RuntimeMethodInfo:Invoke (object,System.Reflection.BindingFlags,System.Reflection.Binder,object[],System.Globalization.CultureInfo)
System.Reflection.MethodBase:Invoke (object,object[])
AreaBattle.EditorTools.BattleBuild:ValidateIntegrated () (at Assets/AreaBattle/Editor/BattleBuild.cs:32)

[Assets/AreaBattle/Scripts/RecoveredWayLineVisual.cs line 21]

Instantiating material due to calling renderer.material during edit mode. This will leak materials into the scene. You most likely want to use renderer.sharedMaterial instead.
UnityEngine.Debug:ExtractStackTraceNoAlloc (byte*,int,string)
UnityEngine.StackTraceUtility:ExtractStackTrace ()
UnityEngine.Renderer:GetMaterial ()
UnityEngine.Renderer:get_material ()
AreaBattle.RecoveredWayLineVisual:Initialize () (at Assets/AreaBattle/Scripts/RecoveredWayLineVisual.cs:33)
AreaBattle.RecoveredWayLineVisual:SetLine (UnityEngine.Vector3,UnityEngine.Vector3,UnityEngine.Color,UnityEngine.Color,bool,bool,single) (at Assets/AreaBattle/Scripts/RecoveredWayLineVisual.cs:56)
AreaBattle.RecoveredWayLineVisual:Synchronize (AreaBattle.LineState,AreaBattle.TowerState,AreaBattle.TowerState,UnityEngine.Color,UnityEngine.Color,single) (at Assets/AreaBattle/Scripts/RecoveredWayLineVisual.cs:46)
AreaBattle.RecoveredWayLineVisual:Synchronize (AreaBattle.LineState,AreaBattle.TowerState,AreaBattle.TowerState,single) (at Assets/AreaBattle/Scripts/RecoveredWayLineVisual.cs:21)
AreaBattle.BattleView:RefreshPresentation () (at Assets/AreaBattle/Scripts/BattleView.cs:566)
AreaBattle.BattleView:AdvanceFrame (single,single) (at Assets/AreaBattle/Scripts/BattleView.cs:374)
AreaBattle.EditorTools.SkillInputValidation/<>c__DisplayClass1_3:<Run>b__19 () (at Assets/AreaBattle/Editor/SkillInputValidation.cs:177)
AreaBattle.EditorTools.SkillInputValidation/<>c__DisplayClass1_0:<Run>b__0 (string,System.Action) (at Assets/AreaBattle/Editor/SkillInputValidation.cs:18)
AreaBattle.EditorTools.SkillInputValidation:Run () (at Assets/AreaBattle/Editor/SkillInputValidation.cs:152)
System.Reflection.RuntimeMethodInfo:Invoke (object,System.Reflection.BindingFlags,System.Reflection.Binder,object[],System.Globalization.CultureInfo)
System.Reflection.MethodBase:Invoke (object,object[])
AreaBattle.EditorTools.BattleBuild:ValidateIntegrated () (at Assets/AreaBattle/Editor/BattleBuild.cs:32)

[Assets/AreaBattle/Scripts/RecoveredWayLineVisual.cs line 21]

Instantiating material due to calling renderer.material during edit mode. This will leak materials into the scene. You most likely want to use renderer.sharedMaterial instead.
UnityEngine.Debug:ExtractStackTraceNoAlloc (byte*,int,string)
UnityEngine.StackTraceUtility:ExtractStackTrace ()
UnityEngine.Renderer:GetMaterial ()
UnityEngine.Renderer:get_material ()
AreaBattle.RecoveredWayLineVisual:Initialize () (at Assets/AreaBattle/Scripts/RecoveredWayLineVisual.cs:33)
AreaBattle.RecoveredWayLineVisual:SetLine (UnityEngine.Vector3,UnityEngine.Vector3,UnityEngine.Color,UnityEngine.Color,bool,bool,single) (at Assets/AreaBattle/Scripts/RecoveredWayLineVisual.cs:56)
AreaBattle.RecoveredWayLineVisual:Synchronize (AreaBattle.LineState,AreaBattle.TowerState,AreaBattle.TowerState,UnityEngine.Color,UnityEngine.Color,single) (at Assets/AreaBattle/Scripts/RecoveredWayLineVisual.cs:46)
AreaBattle.RecoveredWayLineVisual:Synchronize (AreaBattle.LineState,AreaBattle.TowerState,AreaBattle.TowerState,single) (at Assets/AreaBattle/Scripts/RecoveredWayLineVisual.cs:21)
AreaBattle.BattleView:RefreshPresentation () (at Assets/AreaBattle/Scripts/BattleView.cs:566)
AreaBattle.BattleView:AdvanceFrame (single,single) (at Assets/AreaBattle/Scripts/BattleView.cs:374)
AreaBattle.EditorTools.SkillInputValidation/<>c__DisplayClass1_3:<Run>b__19 () (at Assets/AreaBattle/Editor/SkillInputValidation.cs:177)
AreaBattle.EditorTools.SkillInputValidation/<>c__DisplayClass1_0:<Run>b__0 (string,System.Action) (at Assets/AreaBattle/Editor/SkillInputValidation.cs:18)
AreaBattle.EditorTools.SkillInputValidation:Run () (at Assets/AreaBattle/Editor/SkillInputValidation.cs:152)
System.Reflection.RuntimeMethodInfo:Invoke (object,System.Reflection.BindingFlags,System.Reflection.Binder,object[],System.Globalization.CultureInfo)
System.Reflection.MethodBase:Invoke (object,object[])
AreaBattle.EditorTools.BattleBuild:ValidateIntegrated () (at Assets/AreaBattle/Editor/BattleBuild.cs:32)

[Assets/AreaBattle/Scripts/RecoveredWayLineVisual.cs line 21]

Instantiating material due to calling renderer.material during edit mode. This will leak materials into the scene. You most likely want to use renderer.sharedMaterial instead.
UnityEngine.Debug:ExtractStackTraceNoAlloc (byte*,int,string)
UnityEngine.StackTraceUtility:ExtractStackTrace ()
UnityEngine.Renderer:GetMaterial ()
UnityEngine.Renderer:get_material ()
AreaBattle.RecoveredWayLineVisual:Initialize () (at Assets/AreaBattle/Scripts/RecoveredWayLineVisual.cs:33)
AreaBattle.RecoveredWayLineVisual:SetLine (UnityEngine.Vector3,UnityEngine.Vector3,UnityEngine.Color,UnityEngine.Color,bool,bool,single) (at Assets/AreaBattle/Scripts/RecoveredWayLineVisual.cs:56)
AreaBattle.RecoveredWayLineVisual:Synchronize (AreaBattle.LineState,AreaBattle.TowerState,AreaBattle.TowerState,UnityEngine.Color,UnityEngine.Color,single) (at Assets/AreaBattle/Scripts/RecoveredWayLineVisual.cs:46)
AreaBattle.RecoveredWayLineVisual:Synchronize (AreaBattle.LineState,AreaBattle.TowerState,AreaBattle.TowerState,single) (at Assets/AreaBattle/Scripts/RecoveredWayLineVisual.cs:21)
AreaBattle.BattleView:RefreshPresentation () (at Assets/AreaBattle/Scripts/BattleView.cs:566)
AreaBattle.BattleView:AdvanceFrame (single,single) (at Assets/AreaBattle/Scripts/BattleView.cs:374)
AreaBattle.EditorTools.SkillInputValidation/<>c__DisplayClass1_3:<Run>b__19 () (at Assets/AreaBattle/Editor/SkillInputValidation.cs:177)
AreaBattle.EditorTools.SkillInputValidation/<>c__DisplayClass1_0:<Run>b__0 (string,System.Action) (at Assets/AreaBattle/Editor/SkillInputValidation.cs:18)
AreaBattle.EditorTools.SkillInputValidation:Run () (at Assets/AreaBattle/Editor/SkillInputValidation.cs:152)
System.Reflection.RuntimeMethodInfo:Invoke (object,System.Reflection.BindingFlags,System.Reflection.Binder,object[],System.Globalization.CultureInfo)
System.Reflection.MethodBase:Invoke (object,object[])
AreaBattle.EditorTools.BattleBuild:ValidateIntegrated () (at Assets/AreaBattle/Editor/BattleBuild.cs:32)

[Assets/AreaBattle/Scripts/RecoveredWayLineVisual.cs line 21]

Instantiating material due to calling renderer.material during edit mode. This will leak materials into the scene. You most likely want to use renderer.sharedMaterial instead.
UnityEngine.Debug:ExtractStackTraceNoAlloc (byte*,int,string)
UnityEngine.StackTraceUtility:ExtractStackTrace ()
UnityEngine.Renderer:GetMaterial ()
UnityEngine.Renderer:get_material ()
AreaBattle.RecoveredWayLineVisual:Initialize () (at Assets/AreaBattle/Scripts/RecoveredWayLineVisual.cs:33)
AreaBattle.RecoveredWayLineVisual:SetLine (UnityEngine.Vector3,UnityEngine.Vector3,UnityEngine.Color,UnityEngine.Color,bool,bool,single) (at Assets/AreaBattle/Scripts/RecoveredWayLineVisual.cs:56)
AreaBattle.RecoveredWayLineVisual:Synchronize (AreaBattle.LineState,AreaBattle.TowerState,AreaBattle.TowerState,UnityEngine.Color,UnityEngine.Color,single) (at Assets/AreaBattle/Scripts/RecoveredWayLineVisual.cs:46)
AreaBattle.RecoveredWayLineVisual:Synchronize (AreaBattle.LineState,AreaBattle.TowerState,AreaBattle.TowerState,single) (at Assets/AreaBattle/Scripts/RecoveredWayLineVisual.cs:21)
AreaBattle.BattleView:RefreshPresentation () (at Assets/AreaBattle/Scripts/BattleView.cs:566)
AreaBattle.BattleView:AdvanceFrame (single,single) (at Assets/AreaBattle/Scripts/BattleView.cs:374)
AreaBattle.EditorTools.SkillInputValidation/<>c__DisplayClass1_3:<Run>b__19 () (at Assets/AreaBattle/Editor/SkillInputValidation.cs:177)
AreaBattle.EditorTools.SkillInputValidation/<>c__DisplayClass1_0:<Run>b__0 (string,System.Action) (at Assets/AreaBattle/Editor/SkillInputValidation.cs:18)
AreaBattle.EditorTools.SkillInputValidation:Run () (at Assets/AreaBattle/Editor/SkillInputValidation.cs:152)
System.Reflection.RuntimeMethodInfo:Invoke (object,System.Reflection.BindingFlags,System.Reflection.Binder,object[],System.Globalization.CultureInfo)
System.Reflection.MethodBase:Invoke (object,object[])
AreaBattle.EditorTools.BattleBuild:ValidateIntegrated () (at Assets/AreaBattle/Editor/BattleBuild.cs:32)

[Assets/AreaBattle/Scripts/RecoveredWayLineVisual.cs line 21]

Instantiating material due to calling renderer.material during edit mode. This will leak materials into the scene. You most likely want to use renderer.sharedMaterial instead.
UnityEngine.Debug:ExtractStackTraceNoAlloc (byte*,int,string)
UnityEngine.StackTraceUtility:ExtractStackTrace ()
UnityEngine.Renderer:GetMaterial ()
UnityEngine.Renderer:get_material ()
AreaBattle.RecoveredWayLineVisual:Initialize () (at Assets/AreaBattle/Scripts/RecoveredWayLineVisual.cs:33)
AreaBattle.RecoveredWayLineVisual:SetLine (UnityEngine.Vector3,UnityEngine.Vector3,UnityEngine.Color,UnityEngine.Color,bool,bool,single) (at Assets/AreaBattle/Scripts/RecoveredWayLineVisual.cs:56)
AreaBattle.RecoveredWayLineVisual:Synchronize (AreaBattle.LineState,AreaBattle.TowerState,AreaBattle.TowerState,UnityEngine.Color,UnityEngine.Color,single) (at Assets/AreaBattle/Scripts/RecoveredWayLineVisual.cs:46)
AreaBattle.RecoveredWayLineVisual:Synchronize (AreaBattle.LineState,AreaBattle.TowerState,AreaBattle.TowerState,single) (at Assets/AreaBattle/Scripts/RecoveredWayLineVisual.cs:21)
AreaBattle.BattleView:RefreshPresentation () (at Assets/AreaBattle/Scripts/BattleView.cs:566)
AreaBattle.BattleView:AdvanceFrame (single,single) (at Assets/AreaBattle/Scripts/BattleView.cs:374)
AreaBattle.EditorTools.SkillInputValidation/<>c__DisplayClass1_3:<Run>b__19 () (at Assets/AreaBattle/Editor/SkillInputValidation.cs:177)
AreaBattle.EditorTools.SkillInputValidation/<>c__DisplayClass1_0:<Run>b__0 (string,System.Action) (at Assets/AreaBattle/Editor/SkillInputValidation.cs:18)
AreaBattle.EditorTools.SkillInputValidation:Run () (at Assets/AreaBattle/Editor/SkillInputValidation.cs:152)
System.Reflection.RuntimeMethodInfo:Invoke (object,System.Reflection.BindingFlags,System.Reflection.Binder,object[],System.Globalization.CultureInfo)
System.Reflection.MethodBase:Invoke (object,object[])
AreaBattle.EditorTools.BattleBuild:ValidateIntegrated () (at Assets/AreaBattle/Editor/BattleBuild.cs:32)

[Assets/AreaBattle/Scripts/RecoveredWayLineVisual.cs line 21]

Instantiating material due to calling renderer.material during edit mode. This will leak materials into the scene. You most likely want to use renderer.sharedMaterial instead.
UnityEngine.Debug:ExtractStackTraceNoAlloc (byte*,int,string)
UnityEngine.StackTraceUtility:ExtractStackTrace ()
UnityEngine.Renderer:GetMaterial ()
UnityEngine.Renderer:get_material ()
AreaBattle.RecoveredWayLineVisual:Initialize () (at Assets/AreaBattle/Scripts/RecoveredWayLineVisual.cs:33)
AreaBattle.RecoveredWayLineVisual:SetLine (UnityEngine.Vector3,UnityEngine.Vector3,UnityEngine.Color,UnityEngine.Color,bool,bool,single) (at Assets/AreaBattle/Scripts/RecoveredWayLineVisual.cs:56)
AreaBattle.RecoveredWayLineVisual:Synchronize (AreaBattle.LineState,AreaBattle.TowerState,AreaBattle.TowerState,UnityEngine.Color,UnityEngine.Color,single) (at Assets/AreaBattle/Scripts/RecoveredWayLineVisual.cs:46)
AreaBattle.RecoveredWayLineVisual:Synchronize (AreaBattle.LineState,AreaBattle.TowerState,AreaBattle.TowerState,single) (at Assets/AreaBattle/Scripts/RecoveredWayLineVisual.cs:21)
AreaBattle.BattleView:RefreshPresentation () (at Assets/AreaBattle/Scripts/BattleView.cs:566)
AreaBattle.BattleView:AdvanceFrame (single,single) (at Assets/AreaBattle/Scripts/BattleView.cs:374)
AreaBattle.EditorTools.SkillInputValidation/<>c__DisplayClass1_3:<Run>b__19 () (at Assets/AreaBattle/Editor/SkillInputValidation.cs:177)
AreaBattle.EditorTools.SkillInputValidation/<>c__DisplayClass1_0:<Run>b__0 (string,System.Action) (at Assets/AreaBattle/Editor/SkillInputValidation.cs:18)
AreaBattle.EditorTools.SkillInputValidation:Run () (at Assets/AreaBattle/Editor/SkillInputValidation.cs:152)
System.Reflection.RuntimeMethodInfo:Invoke (object,System.Reflection.BindingFlags,System.Reflection.Binder,object[],System.Globalization.CultureInfo)
System.Reflection.MethodBase:Invoke (object,object[])
AreaBattle.EditorTools.BattleBuild:ValidateIntegrated () (at Assets/AreaBattle/Editor/BattleBuild.cs:32)

[Assets/AreaBattle/Scripts/RecoveredWayLineVisual.cs line 21]

Instantiating material due to calling renderer.material during edit mode. This will leak materials into the scene. You most likely want to use renderer.sharedMaterial instead.
UnityEngine.Debug:ExtractStackTraceNoAlloc (byte*,int,string)
UnityEngine.StackTraceUtility:ExtractStackTrace ()
UnityEngine.Renderer:GetMaterial ()
UnityEngine.Renderer:get_material ()
AreaBattle.RecoveredWayLineVisual:Initialize () (at Assets/AreaBattle/Scripts/RecoveredWayLineVisual.cs:33)
AreaBattle.RecoveredWayLineVisual:SetLine (UnityEngine.Vector3,UnityEngine.Vector3,UnityEngine.Color,UnityEngine.Color,bool,bool,single) (at Assets/AreaBattle/Scripts/RecoveredWayLineVisual.cs:56)
AreaBattle.RecoveredWayLineVisual:Synchronize (AreaBattle.LineState,AreaBattle.TowerState,AreaBattle.TowerState,UnityEngine.Color,UnityEngine.Color,single) (at Assets/AreaBattle/Scripts/RecoveredWayLineVisual.cs:46)
AreaBattle.RecoveredWayLineVisual:Synchronize (AreaBattle.LineState,AreaBattle.TowerState,AreaBattle.TowerState,single) (at Assets/AreaBattle/Scripts/RecoveredWayLineVisual.cs:21)
AreaBattle.BattleView:RefreshPresentation () (at Assets/AreaBattle/Scripts/BattleView.cs:566)
AreaBattle.BattleView:AdvanceFrame (single,single) (at Assets/AreaBattle/Scripts/BattleView.cs:374)
AreaBattle.EditorTools.SkillInputValidation/<>c__DisplayClass1_3:<Run>b__19 () (at Assets/AreaBattle/Editor/SkillInputValidation.cs:177)
AreaBattle.EditorTools.SkillInputValidation/<>c__DisplayClass1_0:<Run>b__0 (string,System.Action) (at Assets/AreaBattle/Editor/SkillInputValidation.cs:18)
AreaBattle.EditorTools.SkillInputValidation:Run () (at Assets/AreaBattle/Editor/SkillInputValidation.cs:152)
System.Reflection.RuntimeMethodInfo:Invoke (object,System.Reflection.BindingFlags,System.Reflection.Binder,object[],System.Globalization.CultureInfo)
System.Reflection.MethodBase:Invoke (object,object[])
AreaBattle.EditorTools.BattleBuild:ValidateIntegrated () (at Assets/AreaBattle/Editor/BattleBuild.cs:32)

[Assets/AreaBattle/Scripts/RecoveredWayLineVisual.cs line 21]

Instantiating material due to calling renderer.material during edit mode. This will leak materials into the scene. You most likely want to use renderer.sharedMaterial instead.
UnityEngine.Debug:ExtractStackTraceNoAlloc (byte*,int,string)
UnityEngine.StackTraceUtility:ExtractStackTrace ()
UnityEngine.Renderer:GetMaterial ()
UnityEngine.Renderer:get_material ()
AreaBattle.RecoveredWayLineVisual:Initialize () (at Assets/AreaBattle/Scripts/RecoveredWayLineVisual.cs:33)
AreaBattle.RecoveredWayLineVisual:SetLine (UnityEngine.Vector3,UnityEngine.Vector3,UnityEngine.Color,UnityEngine.Color,bool,bool,single) (at Assets/AreaBattle/Scripts/RecoveredWayLineVisual.cs:56)
AreaBattle.RecoveredWayLineVisual:Synchronize (AreaBattle.LineState,AreaBattle.TowerState,AreaBattle.TowerState,UnityEngine.Color,UnityEngine.Color,single) (at Assets/AreaBattle/Scripts/RecoveredWayLineVisual.cs:46)
AreaBattle.RecoveredWayLineVisual:Synchronize (AreaBattle.LineState,AreaBattle.TowerState,AreaBattle.TowerState,single) (at Assets/AreaBattle/Scripts/RecoveredWayLineVisual.cs:21)
AreaBattle.BattleView:RefreshPresentation () (at Assets/AreaBattle/Scripts/BattleView.cs:566)
AreaBattle.BattleView:AdvanceFrame (single,single) (at Assets/AreaBattle/Scripts/BattleView.cs:374)
AreaBattle.EditorTools.SkillInputValidation/<>c__DisplayClass1_3:<Run>b__19 () (at Assets/AreaBattle/Editor/SkillInputValidation.cs:177)
AreaBattle.EditorTools.SkillInputValidation/<>c__DisplayClass1_0:<Run>b__0 (string,System.Action) (at Assets/AreaBattle/Editor/SkillInputValidation.cs:18)
AreaBattle.EditorTools.SkillInputValidation:Run () (at Assets/AreaBattle/Editor/SkillInputValidation.cs:152)
System.Reflection.RuntimeMethodInfo:Invoke (object,System.Reflection.BindingFlags,System.Reflection.Binder,object[],System.Globalization.CultureInfo)
System.Reflection.MethodBase:Invoke (object,object[])
AreaBattle.EditorTools.BattleBuild:ValidateIntegrated () (at Assets/AreaBattle/Editor/BattleBuild.cs:32)

[Assets/AreaBattle/Scripts/RecoveredWayLineVisual.cs line 21]

Instantiating material due to calling renderer.material during edit mode. This will leak materials into the scene. You most likely want to use renderer.sharedMaterial instead.
UnityEngine.Debug:ExtractStackTraceNoAlloc (byte*,int,string)
UnityEngine.StackTraceUtility:ExtractStackTrace ()
UnityEngine.Renderer:GetMaterial ()
UnityEngine.Renderer:get_material ()
AreaBattle.RecoveredWayLineVisual:Initialize () (at Assets/AreaBattle/Scripts/RecoveredWayLineVisual.cs:33)
AreaBattle.RecoveredWayLineVisual:SetLine (UnityEngine.Vector3,UnityEngine.Vector3,UnityEngine.Color,UnityEngine.Color,bool,bool,single) (at Assets/AreaBattle/Scripts/RecoveredWayLineVisual.cs:56)
AreaBattle.RecoveredWayLineVisual:Synchronize (AreaBattle.LineState,AreaBattle.TowerState,AreaBattle.TowerState,UnityEngine.Color,UnityEngine.Color,single) (at Assets/AreaBattle/Scripts/RecoveredWayLineVisual.cs:46)
AreaBattle.RecoveredWayLineVisual:Synchronize (AreaBattle.LineState,AreaBattle.TowerState,AreaBattle.TowerState,single) (at Assets/AreaBattle/Scripts/RecoveredWayLineVisual.cs:21)
AreaBattle.BattleView:RefreshPresentation () (at Assets/AreaBattle/Scripts/BattleView.cs:566)
AreaBattle.BattleView:AdvanceFrame (single,single) (at Assets/AreaBattle/Scripts/BattleView.cs:374)
AreaBattle.EditorTools.SkillInputValidation/<>c__DisplayClass1_3:<Run>b__19 () (at Assets/AreaBattle/Editor/SkillInputValidation.cs:177)
AreaBattle.EditorTools.SkillInputValidation/<>c__DisplayClass1_0:<Run>b__0 (string,System.Action) (at Assets/AreaBattle/Editor/SkillInputValidation.cs:18)
AreaBattle.EditorTools.SkillInputValidation:Run () (at Assets/AreaBattle/Editor/SkillInputValidation.cs:152)
System.Reflection.RuntimeMethodInfo:Invoke (object,System.Reflection.BindingFlags,System.Reflection.Binder,object[],System.Globalization.CultureInfo)
System.Reflection.MethodBase:Invoke (object,object[])
AreaBattle.EditorTools.BattleBuild:ValidateIntegrated () (at Assets/AreaBattle/Editor/BattleBuild.cs:32)

[Assets/AreaBattle/Scripts/RecoveredWayLineVisual.cs line 21]

Instantiating material due to calling renderer.material during edit mode. This will leak materials into the scene. You most likely want to use renderer.sharedMaterial instead.
UnityEngine.Debug:ExtractStackTraceNoAlloc (byte*,int,string)
UnityEngine.StackTraceUtility:ExtractStackTrace ()
UnityEngine.Renderer:GetMaterial ()
UnityEngine.Renderer:get_material ()
AreaBattle.RecoveredWayLineVisual:Initialize () (at Assets/AreaBattle/Scripts/RecoveredWayLineVisual.cs:33)
AreaBattle.RecoveredWayLineVisual:SetLine (UnityEngine.Vector3,UnityEngine.Vector3,UnityEngine.Color,UnityEngine.Color,bool,bool,single) (at Assets/AreaBattle/Scripts/RecoveredWayLineVisual.cs:56)
AreaBattle.RecoveredWayLineVisual:Synchronize (AreaBattle.LineState,AreaBattle.TowerState,AreaBattle.TowerState,UnityEngine.Color,UnityEngine.Color,single) (at Assets/AreaBattle/Scripts/RecoveredWayLineVisual.cs:46)
AreaBattle.RecoveredWayLineVisual:Synchronize (AreaBattle.LineState,AreaBattle.TowerState,AreaBattle.TowerState,single) (at Assets/AreaBattle/Scripts/RecoveredWayLineVisual.cs:21)
AreaBattle.BattleView:RefreshPresentation () (at Assets/AreaBattle/Scripts/BattleView.cs:566)
AreaBattle.BattleView:AdvanceFrame (single,single) (at Assets/AreaBattle/Scripts/BattleView.cs:374)
AreaBattle.EditorTools.SkillInputValidation/<>c__DisplayClass1_3:<Run>b__19 () (at Assets/AreaBattle/Editor/SkillInputValidation.cs:177)
AreaBattle.EditorTools.SkillInputValidation/<>c__DisplayClass1_0:<Run>b__0 (string,System.Action) (at Assets/AreaBattle/Editor/SkillInputValidation.cs:18)
AreaBattle.EditorTools.SkillInputValidation:Run () (at Assets/AreaBattle/Editor/SkillInputValidation.cs:152)
System.Reflection.RuntimeMethodInfo:Invoke (object,System.Reflection.BindingFlags,System.Reflection.Binder,object[],System.Globalization.CultureInfo)
System.Reflection.MethodBase:Invoke (object,object[])
AreaBattle.EditorTools.BattleBuild:ValidateIntegrated () (at Assets/AreaBattle/Editor/BattleBuild.cs:32)

[Assets/AreaBattle/Scripts/RecoveredWayLineVisual.cs line 21]

Instantiating material due to calling renderer.material during edit mode. This will leak materials into the scene. You most likely want to use renderer.sharedMaterial instead.
UnityEngine.Debug:ExtractStackTraceNoAlloc (byte*,int,string)
UnityEngine.StackTraceUtility:ExtractStackTrace ()
UnityEngine.Renderer:GetMaterial ()
UnityEngine.Renderer:get_material ()
AreaBattle.RecoveredWayLineVisual:Initialize () (at Assets/AreaBattle/Scripts/RecoveredWayLineVisual.cs:33)
AreaBattle.RecoveredWayLineVisual:SetLine (UnityEngine.Vector3,UnityEngine.Vector3,UnityEngine.Color,UnityEngine.Color,bool,bool,single) (at Assets/AreaBattle/Scripts/RecoveredWayLineVisual.cs:56)
AreaBattle.RecoveredWayLineVisual:Synchronize (AreaBattle.LineState,AreaBattle.TowerState,AreaBattle.TowerState,UnityEngine.Color,UnityEngine.Color,single) (at Assets/AreaBattle/Scripts/RecoveredWayLineVisual.cs:46)
AreaBattle.RecoveredWayLineVisual:Synchronize (AreaBattle.LineState,AreaBattle.TowerState,AreaBattle.TowerState,single) (at Assets/AreaBattle/Scripts/RecoveredWayLineVisual.cs:21)
AreaBattle.BattleView:RefreshPresentation () (at Assets/AreaBattle/Scripts/BattleView.cs:566)
AreaBattle.BattleView:AdvanceFrame (single,single) (at Assets/AreaBattle/Scripts/BattleView.cs:374)
AreaBattle.EditorTools.SkillInputValidation/<>c__DisplayClass1_3:<Run>b__19 () (at Assets/AreaBattle/Editor/SkillInputValidation.cs:177)
AreaBattle.EditorTools.SkillInputValidation/<>c__DisplayClass1_0:<Run>b__0 (string,System.Action) (at Assets/AreaBattle/Editor/SkillInputValidation.cs:18)
AreaBattle.EditorTools.SkillInputValidation:Run () (at Assets/AreaBattle/Editor/SkillInputValidation.cs:152)
System.Reflection.RuntimeMethodInfo:Invoke (object,System.Reflection.BindingFlags,System.Reflection.Binder,object[],System.Globalization.CultureInfo)
System.Reflection.MethodBase:Invoke (object,object[])
AreaBattle.EditorTools.BattleBuild:ValidateIntegrated () (at Assets/AreaBattle/Editor/BattleBuild.cs:32)

[Assets/AreaBattle/Scripts/RecoveredWayLineVisual.cs line 21]

Instantiating material due to calling renderer.material during edit mode. This will leak materials into the scene. You most likely want to use renderer.sharedMaterial instead.
UnityEngine.Debug:ExtractStackTraceNoAlloc (byte*,int,string)
UnityEngine.StackTraceUtility:ExtractStackTrace ()
UnityEngine.Renderer:GetMaterial ()
UnityEngine.Renderer:get_material ()
AreaBattle.RecoveredWayLineVisual:Initialize () (at Assets/AreaBattle/Scripts/RecoveredWayLineVisual.cs:33)
AreaBattle.RecoveredWayLineVisual:SetLine (UnityEngine.Vector3,UnityEngine.Vector3,UnityEngine.Color,UnityEngine.Color,bool,bool,single) (at Assets/AreaBattle/Scripts/RecoveredWayLineVisual.cs:56)
AreaBattle.RecoveredWayLineVisual:Synchronize (AreaBattle.LineState,AreaBattle.TowerState,AreaBattle.TowerState,UnityEngine.Color,UnityEngine.Color,single) (at Assets/AreaBattle/Scripts/RecoveredWayLineVisual.cs:46)
AreaBattle.RecoveredWayLineVisual:Synchronize (AreaBattle.LineState,AreaBattle.TowerState,AreaBattle.TowerState,single) (at Assets/AreaBattle/Scripts/RecoveredWayLineVisual.cs:21)
AreaBattle.BattleView:RefreshPresentation () (at Assets/AreaBattle/Scripts/BattleView.cs:566)
AreaBattle.BattleView:AdvanceFrame (single,single) (at Assets/AreaBattle/Scripts/BattleView.cs:374)
AreaBattle.EditorTools.SkillInputValidation/<>c__DisplayClass1_3:<Run>b__19 () (at Assets/AreaBattle/Editor/SkillInputValidation.cs:177)
AreaBattle.EditorTools.SkillInputValidation/<>c__DisplayClass1_0:<Run>b__0 (string,System.Action) (at Assets/AreaBattle/Editor/SkillInputValidation.cs:18)
AreaBattle.EditorTools.SkillInputValidation:Run () (at Assets/AreaBattle/Editor/SkillInputValidation.cs:152)
System.Reflection.RuntimeMethodInfo:Invoke (object,System.Reflection.BindingFlags,System.Reflection.Binder,object[],System.Globalization.CultureInfo)
System.Reflection.MethodBase:Invoke (object,object[])
AreaBattle.EditorTools.BattleBuild:ValidateIntegrated () (at Assets/AreaBattle/Editor/BattleBuild.cs:32)

[Assets/AreaBattle/Scripts/RecoveredWayLineVisual.cs line 21]

Instantiating material due to calling renderer.material during edit mode. This will leak materials into the scene. You most likely want to use renderer.sharedMaterial instead.
UnityEngine.Debug:ExtractStackTraceNoAlloc (byte*,int,string)
UnityEngine.StackTraceUtility:ExtractStackTrace ()
UnityEngine.Renderer:GetMaterial ()
UnityEngine.Renderer:get_material ()
AreaBattle.RecoveredWayLineVisual:Initialize () (at Assets/AreaBattle/Scripts/RecoveredWayLineVisual.cs:33)
AreaBattle.RecoveredWayLineVisual:SetLine (UnityEngine.Vector3,UnityEngine.Vector3,UnityEngine.Color,UnityEngine.Color,bool,bool,single) (at Assets/AreaBattle/Scripts/RecoveredWayLineVisual.cs:56)
AreaBattle.RecoveredWayLineVisual:Synchronize (AreaBattle.LineState,AreaBattle.TowerState,AreaBattle.TowerState,UnityEngine.Color,UnityEngine.Color,single) (at Assets/AreaBattle/Scripts/RecoveredWayLineVisual.cs:46)
AreaBattle.RecoveredWayLineVisual:Synchronize (AreaBattle.LineState,AreaBattle.TowerState,AreaBattle.TowerState,single) (at Assets/AreaBattle/Scripts/RecoveredWayLineVisual.cs:21)
AreaBattle.BattleView:RefreshPresentation () (at Assets/AreaBattle/Scripts/BattleView.cs:566)
AreaBattle.BattleView:AdvanceFrame (single,single) (at Assets/AreaBattle/Scripts/BattleView.cs:374)
AreaBattle.EditorTools.SkillInputValidation/<>c__DisplayClass1_3:<Run>b__19 () (at Assets/AreaBattle/Editor/SkillInputValidation.cs:177)
AreaBattle.EditorTools.SkillInputValidation/<>c__DisplayClass1_0:<Run>b__0 (string,System.Action) (at Assets/AreaBattle/Editor/SkillInputValidation.cs:18)
AreaBattle.EditorTools.SkillInputValidation:Run () (at Assets/AreaBattle/Editor/SkillInputValidation.cs:152)
System.Reflection.RuntimeMethodInfo:Invoke (object,System.Reflection.BindingFlags,System.Reflection.Binder,object[],System.Globalization.CultureInfo)
System.Reflection.MethodBase:Invoke (object,object[])
AreaBattle.EditorTools.BattleBuild:ValidateIntegrated () (at Assets/AreaBattle/Editor/BattleBuild.cs:32)

[Assets/AreaBattle/Scripts/RecoveredWayLineVisual.cs line 21]

Instantiating material due to calling renderer.material during edit mode. This will leak materials into the scene. You most likely want to use renderer.sharedMaterial instead.
UnityEngine.Debug:ExtractStackTraceNoAlloc (byte*,int,string)
UnityEngine.StackTraceUtility:ExtractStackTrace ()
UnityEngine.Renderer:GetMaterial ()
UnityEngine.Renderer:get_material ()
AreaBattle.RecoveredWayLineVisual:Initialize () (at Assets/AreaBattle/Scripts/RecoveredWayLineVisual.cs:33)
AreaBattle.RecoveredWayLineVisual:SetLine (UnityEngine.Vector3,UnityEngine.Vector3,UnityEngine.Color,UnityEngine.Color,bool,bool,single) (at Assets/AreaBattle/Scripts/RecoveredWayLineVisual.cs:56)
AreaBattle.RecoveredWayLineVisual:Synchronize (AreaBattle.LineState,AreaBattle.TowerState,AreaBattle.TowerState,UnityEngine.Color,UnityEngine.Color,single) (at Assets/AreaBattle/Scripts/RecoveredWayLineVisual.cs:46)
AreaBattle.RecoveredWayLineVisual:Synchronize (AreaBattle.LineState,AreaBattle.TowerState,AreaBattle.TowerState,single) (at Assets/AreaBattle/Scripts/RecoveredWayLineVisual.cs:21)
AreaBattle.BattleView:RefreshPresentation () (at Assets/AreaBattle/Scripts/BattleView.cs:566)
AreaBattle.BattleView:AdvanceFrame (single,single) (at Assets/AreaBattle/Scripts/BattleView.cs:374)
AreaBattle.EditorTools.SkillInputValidation/<>c__DisplayClass1_3:<Run>b__19 () (at Assets/AreaBattle/Editor/SkillInputValidation.cs:177)
AreaBattle.EditorTools.SkillInputValidation/<>c__DisplayClass1_0:<Run>b__0 (string,System.Action) (at Assets/AreaBattle/Editor/SkillInputValidation.cs:18)
AreaBattle.EditorTools.SkillInputValidation:Run () (at Assets/AreaBattle/Editor/SkillInputValidation.cs:152)
System.Reflection.RuntimeMethodInfo:Invoke (object,System.Reflection.BindingFlags,System.Reflection.Binder,object[],System.Globalization.CultureInfo)
System.Reflection.MethodBase:Invoke (object,object[])
AreaBattle.EditorTools.BattleBuild:ValidateIntegrated () (at Assets/AreaBattle/Editor/BattleBuild.cs:32)

[Assets/AreaBattle/Scripts/RecoveredWayLineVisual.cs line 21]

Instantiating material due to calling renderer.material during edit mode. This will leak materials into the scene. You most likely want to use renderer.sharedMaterial instead.
UnityEngine.Debug:ExtractStackTraceNoAlloc (byte*,int,string)
UnityEngine.StackTraceUtility:ExtractStackTrace ()
UnityEngine.Renderer:GetMaterial ()
UnityEngine.Renderer:get_material ()
AreaBattle.RecoveredWayLineVisual:Initialize () (at Assets/AreaBattle/Scripts/RecoveredWayLineVisual.cs:33)
AreaBattle.RecoveredWayLineVisual:SetLine (UnityEngine.Vector3,UnityEngine.Vector3,UnityEngine.Color,UnityEngine.Color,bool,bool,single) (at Assets/AreaBattle/Scripts/RecoveredWayLineVisual.cs:56)
AreaBattle.RecoveredWayLineVisual:Synchronize (AreaBattle.LineState,AreaBattle.TowerState,AreaBattle.TowerState,UnityEngine.Color,UnityEngine.Color,single) (at Assets/AreaBattle/Scripts/RecoveredWayLineVisual.cs:46)
AreaBattle.RecoveredWayLineVisual:Synchronize (AreaBattle.LineState,AreaBattle.TowerState,AreaBattle.TowerState,single) (at Assets/AreaBattle/Scripts/RecoveredWayLineVisual.cs:21)
AreaBattle.BattleView:RefreshPresentation () (at Assets/AreaBattle/Scripts/BattleView.cs:566)
AreaBattle.BattleView:AdvanceFrame (single,single) (at Assets/AreaBattle/Scripts/BattleView.cs:374)
AreaBattle.EditorTools.SkillInputValidation/<>c__DisplayClass1_3:<Run>b__19 () (at Assets/AreaBattle/Editor/SkillInputValidation.cs:177)
AreaBattle.EditorTools.SkillInputValidation/<>c__DisplayClass1_0:<Run>b__0 (string,System.Action) (at Assets/AreaBattle/Editor/SkillInputValidation.cs:18)
AreaBattle.EditorTools.SkillInputValidation:Run () (at Assets/AreaBattle/Editor/SkillInputValidation.cs:152)
System.Reflection.RuntimeMethodInfo:Invoke (object,System.Reflection.BindingFlags,System.Reflection.Binder,object[],System.Globalization.CultureInfo)
System.Reflection.MethodBase:Invoke (object,object[])
AreaBattle.EditorTools.BattleBuild:ValidateIntegrated () (at Assets/AreaBattle/Editor/BattleBuild.cs:32)

[Assets/AreaBattle/Scripts/RecoveredWayLineVisual.cs line 21]

Instantiating material due to calling renderer.material during edit mode. This will leak materials into the scene. You most likely want to use renderer.sharedMaterial instead.
UnityEngine.Debug:ExtractStackTraceNoAlloc (byte*,int,string)
UnityEngine.StackTraceUtility:ExtractStackTrace ()
UnityEngine.Renderer:GetMaterial ()
UnityEngine.Renderer:get_material ()
AreaBattle.RecoveredWayLineVisual:Initialize () (at Assets/AreaBattle/Scripts/RecoveredWayLineVisual.cs:33)
AreaBattle.RecoveredWayLineVisual:SetLine (UnityEngine.Vector3,UnityEngine.Vector3,UnityEngine.Color,UnityEngine.Color,bool,bool,single) (at Assets/AreaBattle/Scripts/RecoveredWayLineVisual.cs:56)
AreaBattle.EditorTools.RecoveredWayLineImporter/<>c:<Run>b__13_2 (AreaBattle.RecoveredWayLineVisual) (at Assets/AreaBattle/Editor/RecoveredWayLineImporter.cs:100)
AreaBattle.EditorTools.RecoveredWayLineImporter/<>c__DisplayClass14_0:<CheckPrefab>b__0 () (at Assets/AreaBattle/Editor/RecoveredWayLineImporter.cs:121)
AreaBattle.EditorTools.RecoveredWayLineImporter/<>c__DisplayClass13_0:<Run>b__0 (string,System.Action) (at Assets/AreaBattle/Editor/RecoveredWayLineImporter.cs:97)
AreaBattle.EditorTools.RecoveredWayLineImporter:CheckPrefab (System.Action`2<string, System.Action>,string,bool,System.Action`1<AreaBattle.RecoveredWayLineVisual>) (at Assets/AreaBattle/Editor/RecoveredWayLineImporter.cs:121)
AreaBattle.EditorTools.RecoveredWayLineImporter:Run () (at Assets/AreaBattle/Editor/RecoveredWayLineImporter.cs:99)
System.Reflection.RuntimeMethodInfo:Invoke (object,System.Reflection.BindingFlags,System.Reflection.Binder,object[],System.Globalization.CultureInfo)
System.Reflection.MethodBase:Invoke (object,object[])
AreaBattle.EditorTools.BattleBuild:ValidateIntegrated () (at Assets/AreaBattle/Editor/BattleBuild.cs:32)

[Assets/AreaBattle/Editor/RecoveredWayLineImporter.cs line 100]

Instantiating material due to calling renderer.material during edit mode. This will leak materials into the scene. You most likely want to use renderer.sharedMaterial instead.
UnityEngine.Debug:ExtractStackTraceNoAlloc (byte*,int,string)
UnityEngine.StackTraceUtility:ExtractStackTrace ()
UnityEngine.Renderer:GetMaterial ()
UnityEngine.Renderer:get_material ()
AreaBattle.RecoveredWayLineVisual:Initialize () (at Assets/AreaBattle/Scripts/RecoveredWayLineVisual.cs:33)
AreaBattle.RecoveredWayLineVisual:SetLine (UnityEngine.Vector3,UnityEngine.Vector3,UnityEngine.Color,UnityEngine.Color,bool,bool,single) (at Assets/AreaBattle/Scripts/RecoveredWayLineVisual.cs:56)
AreaBattle.EditorTools.RecoveredWayLineImporter/<>c:<Run>b__13_2 (AreaBattle.RecoveredWayLineVisual) (at Assets/AreaBattle/Editor/RecoveredWayLineImporter.cs:100)
AreaBattle.EditorTools.RecoveredWayLineImporter/<>c__DisplayClass14_0:<CheckPrefab>b__0 () (at Assets/AreaBattle/Editor/RecoveredWayLineImporter.cs:121)
AreaBattle.EditorTools.RecoveredWayLineImporter/<>c__DisplayClass13_0:<Run>b__0 (string,System.Action) (at Assets/AreaBattle/Editor/RecoveredWayLineImporter.cs:97)
AreaBattle.EditorTools.RecoveredWayLineImporter:CheckPrefab (System.Action`2<string, System.Action>,string,bool,System.Action`1<AreaBattle.RecoveredWayLineVisual>) (at Assets/AreaBattle/Editor/RecoveredWayLineImporter.cs:121)
AreaBattle.EditorTools.RecoveredWayLineImporter:Run () (at Assets/AreaBattle/Editor/RecoveredWayLineImporter.cs:99)
System.Reflection.RuntimeMethodInfo:Invoke (object,System.Reflection.BindingFlags,System.Reflection.Binder,object[],System.Globalization.CultureInfo)
System.Reflection.MethodBase:Invoke (object,object[])
AreaBattle.EditorTools.BattleBuild:ValidateIntegrated () (at Assets/AreaBattle/Editor/BattleBuild.cs:32)

[Assets/AreaBattle/Editor/RecoveredWayLineImporter.cs line 100]

Instantiating material due to calling renderer.material during edit mode. This will leak materials into the scene. You most likely want to use renderer.sharedMaterial instead.
UnityEngine.Debug:ExtractStackTraceNoAlloc (byte*,int,string)
UnityEngine.StackTraceUtility:ExtractStackTrace ()
UnityEngine.Renderer:GetMaterial ()
UnityEngine.Renderer:get_material ()
AreaBattle.RecoveredWayLineVisual:Initialize () (at Assets/AreaBattle/Scripts/RecoveredWayLineVisual.cs:33)
AreaBattle.RecoveredWayLineVisual:SetLine (UnityEngine.Vector3,UnityEngine.Vector3,UnityEngine.Color,UnityEngine.Color,bool,bool,single) (at Assets/AreaBattle/Scripts/RecoveredWayLineVisual.cs:56)
AreaBattle.EditorTools.RecoveredWayLineImporter/<>c:<Run>b__13_3 (AreaBattle.RecoveredWayLineVisual) (at Assets/AreaBattle/Editor/RecoveredWayLineImporter.cs:106)
AreaBattle.EditorTools.RecoveredWayLineImporter/<>c__DisplayClass14_0:<CheckPrefab>b__0 () (at Assets/AreaBattle/Editor/RecoveredWayLineImporter.cs:121)
AreaBattle.EditorTools.RecoveredWayLineImporter/<>c__DisplayClass13_0:<Run>b__0 (string,System.Action) (at Assets/AreaBattle/Editor/RecoveredWayLineImporter.cs:97)
AreaBattle.EditorTools.RecoveredWayLineImporter:CheckPrefab (System.Action`2<string, System.Action>,string,bool,System.Action`1<AreaBattle.RecoveredWayLineVisual>) (at Assets/AreaBattle/Editor/RecoveredWayLineImporter.cs:121)
AreaBattle.EditorTools.RecoveredWayLineImporter:Run () (at Assets/AreaBattle/Editor/RecoveredWayLineImporter.cs:105)
System.Reflection.RuntimeMethodInfo:Invoke (object,System.Reflection.BindingFlags,System.Reflection.Binder,object[],System.Globalization.CultureInfo)
System.Reflection.MethodBase:Invoke (object,object[])
AreaBattle.EditorTools.BattleBuild:ValidateIntegrated () (at Assets/AreaBattle/Editor/BattleBuild.cs:32)

[Assets/AreaBattle/Editor/RecoveredWayLineImporter.cs line 106]

Instantiating material due to calling renderer.material during edit mode. This will leak materials into the scene. You most likely want to use renderer.sharedMaterial instead.
UnityEngine.Debug:ExtractStackTraceNoAlloc (byte*,int,string)
UnityEngine.StackTraceUtility:ExtractStackTrace ()
UnityEngine.Renderer:GetMaterial ()
UnityEngine.Renderer:get_material ()
AreaBattle.RecoveredWayLineVisual:Initialize () (at Assets/AreaBattle/Scripts/RecoveredWayLineVisual.cs:33)
AreaBattle.RecoveredWayLineVisual:SetLine (UnityEngine.Vector3,UnityEngine.Vector3,UnityEngine.Color,UnityEngine.Color,bool,bool,single) (at Assets/AreaBattle/Scripts/RecoveredWayLineVisual.cs:56)
AreaBattle.EditorTools.RecoveredWayLineImporter/<>c:<Run>b__13_3 (AreaBattle.RecoveredWayLineVisual) (at Assets/AreaBattle/Editor/RecoveredWayLineImporter.cs:106)
AreaBattle.EditorTools.RecoveredWayLineImporter/<>c__DisplayClass14_0:<CheckPrefab>b__0 () (at Assets/AreaBattle/Editor/RecoveredWayLineImporter.cs:121)
AreaBattle.EditorTools.RecoveredWayLineImporter/<>c__DisplayClass13_0:<Run>b__0 (string,System.Action) (at Assets/AreaBattle/Editor/RecoveredWayLineImporter.cs:97)
AreaBattle.EditorTools.RecoveredWayLineImporter:CheckPrefab (System.Action`2<string, System.Action>,string,bool,System.Action`1<AreaBattle.RecoveredWayLineVisual>) (at Assets/AreaBattle/Editor/RecoveredWayLineImporter.cs:121)
AreaBattle.EditorTools.RecoveredWayLineImporter:Run () (at Assets/AreaBattle/Editor/RecoveredWayLineImporter.cs:105)
System.Reflection.RuntimeMethodInfo:Invoke (object,System.Reflection.BindingFlags,System.Reflection.Binder,object[],System.Globalization.CultureInfo)
System.Reflection.MethodBase:Invoke (object,object[])
AreaBattle.EditorTools.BattleBuild:ValidateIntegrated () (at Assets/AreaBattle/Editor/BattleBuild.cs:32)

[Assets/AreaBattle/Editor/RecoveredWayLineImporter.cs line 106]

Instantiating material due to calling renderer.material during edit mode. This will leak materials into the scene. You most likely want to use renderer.sharedMaterial instead.
UnityEngine.Debug:ExtractStackTraceNoAlloc (byte*,int,string)
UnityEngine.StackTraceUtility:ExtractStackTrace ()
UnityEngine.Renderer:GetMaterial ()
UnityEngine.Renderer:get_material ()
AreaBattle.RecoveredWayLineVisual:Initialize () (at Assets/AreaBattle/Scripts/RecoveredWayLineVisual.cs:33)
AreaBattle.RecoveredWayLineVisual:SetLine (UnityEngine.Vector3,UnityEngine.Vector3,UnityEngine.Color,UnityEngine.Color,bool,bool,single) (at Assets/AreaBattle/Scripts/RecoveredWayLineVisual.cs:56)
AreaBattle.EditorTools.RecoveredWayLineImporter/<>c:<Run>b__13_3 (AreaBattle.RecoveredWayLineVisual) (at Assets/AreaBattle/Editor/RecoveredWayLineImporter.cs:106)
AreaBattle.EditorTools.RecoveredWayLineImporter/<>c__DisplayClass14_0:<CheckPrefab>b__0 () (at Assets/AreaBattle/Editor/RecoveredWayLineImporter.cs:121)
AreaBattle.EditorTools.RecoveredWayLineImporter/<>c__DisplayClass13_0:<Run>b__0 (string,System.Action) (at Assets/AreaBattle/Editor/RecoveredWayLineImporter.cs:97)
AreaBattle.EditorTools.RecoveredWayLineImporter:CheckPrefab (System.Action`2<string, System.Action>,string,bool,System.Action`1<AreaBattle.RecoveredWayLineVisual>) (at Assets/AreaBattle/Editor/RecoveredWayLineImporter.cs:121)
AreaBattle.EditorTools.RecoveredWayLineImporter:Run () (at Assets/AreaBattle/Editor/RecoveredWayLineImporter.cs:105)
System.Reflection.RuntimeMethodInfo:Invoke (object,System.Reflection.BindingFlags,System.Reflection.Binder,object[],System.Globalization.CultureInfo)
System.Reflection.MethodBase:Invoke (object,object[])
AreaBattle.EditorTools.BattleBuild:ValidateIntegrated () (at Assets/AreaBattle/Editor/BattleBuild.cs:32)

[Assets/AreaBattle/Editor/RecoveredWayLineImporter.cs line 106]

Instantiating material due to calling renderer.material during edit mode. This will leak materials into the scene. You most likely want to use renderer.sharedMaterial instead.
UnityEngine.Debug:ExtractStackTraceNoAlloc (byte*,int,string)
UnityEngine.StackTraceUtility:ExtractStackTrace ()
UnityEngine.Renderer:GetMaterial ()
UnityEngine.Renderer:get_material ()
AreaBattle.RecoveredWayLineVisual:Initialize () (at Assets/AreaBattle/Scripts/RecoveredWayLineVisual.cs:33)
AreaBattle.RecoveredWayLineVisual:SetLine (UnityEngine.Vector3,UnityEngine.Vector3,UnityEngine.Color,UnityEngine.Color,bool,bool,single) (at Assets/AreaBattle/Scripts/RecoveredWayLineVisual.cs:56)
AreaBattle.EditorTools.RecoveredWayLineImporter/<>c:<Run>b__13_3 (AreaBattle.RecoveredWayLineVisual) (at Assets/AreaBattle/Editor/RecoveredWayLineImporter.cs:106)
AreaBattle.EditorTools.RecoveredWayLineImporter/<>c__DisplayClass14_0:<CheckPrefab>b__0 () (at Assets/AreaBattle/Editor/RecoveredWayLineImporter.cs:121)
AreaBattle.EditorTools.RecoveredWayLineImporter/<>c__DisplayClass13_0:<Run>b__0 (string,System.Action) (at Assets/AreaBattle/Editor/RecoveredWayLineImporter.cs:97)
AreaBattle.EditorTools.RecoveredWayLineImporter:CheckPrefab (System.Action`2<string, System.Action>,string,bool,System.Action`1<AreaBattle.RecoveredWayLineVisual>) (at Assets/AreaBattle/Editor/RecoveredWayLineImporter.cs:121)
AreaBattle.EditorTools.RecoveredWayLineImporter:Run () (at Assets/AreaBattle/Editor/RecoveredWayLineImporter.cs:105)
System.Reflection.RuntimeMethodInfo:Invoke (object,System.Reflection.BindingFlags,System.Reflection.Binder,object[],System.Globalization.CultureInfo)
System.Reflection.MethodBase:Invoke (object,object[])
AreaBattle.EditorTools.BattleBuild:ValidateIntegrated () (at Assets/AreaBattle/Editor/BattleBuild.cs:32)

[Assets/AreaBattle/Editor/RecoveredWayLineImporter.cs line 106]

Instantiating material due to calling renderer.material during edit mode. This will leak materials into the scene. You most likely want to use renderer.sharedMaterial instead.
UnityEngine.Debug:ExtractStackTraceNoAlloc (byte*,int,string)
UnityEngine.StackTraceUtility:ExtractStackTrace ()
UnityEngine.Renderer:GetMaterial ()
UnityEngine.Renderer:get_material ()
AreaBattle.RecoveredWayLineVisual:Initialize () (at Assets/AreaBattle/Scripts/RecoveredWayLineVisual.cs:33)
AreaBattle.RecoveredWayLineVisual:SetLine (UnityEngine.Vector3,UnityEngine.Vector3,UnityEngine.Color,UnityEngine.Color,bool,bool,single) (at Assets/AreaBattle/Scripts/RecoveredWayLineVisual.cs:56)
AreaBattle.RecoveredWayLineVisual:Synchronize (AreaBattle.LineState,AreaBattle.TowerState,AreaBattle.TowerState,UnityEngine.Color,UnityEngine.Color,single) (at Assets/AreaBattle/Scripts/RecoveredWayLineVisual.cs:46)
AreaBattle.EditorTools.RecoveredWayLineImporter/<>c:<Run>b__13_4 (AreaBattle.RecoveredWayLineVisual) (at Assets/AreaBattle/Editor/RecoveredWayLineImporter.cs:113)
AreaBattle.EditorTools.RecoveredWayLineImporter/<>c__DisplayClass14_0:<CheckPrefab>b__0 () (at Assets/AreaBattle/Editor/RecoveredWayLineImporter.cs:121)
AreaBattle.EditorTools.RecoveredWayLineImporter/<>c__DisplayClass13_0:<Run>b__0 (string,System.Action) (at Assets/AreaBattle/Editor/RecoveredWayLineImporter.cs:97)
AreaBattle.EditorTools.RecoveredWayLineImporter:CheckPrefab (System.Action`2<string, System.Action>,string,bool,System.Action`1<AreaBattle.RecoveredWayLineVisual>) (at Assets/AreaBattle/Editor/RecoveredWayLineImporter.cs:121)
AreaBattle.EditorTools.RecoveredWayLineImporter:Run () (at Assets/AreaBattle/Editor/RecoveredWayLineImporter.cs:111)
System.Reflection.RuntimeMethodInfo:Invoke (object,System.Reflection.BindingFlags,System.Reflection.Binder,object[],System.Globalization.CultureInfo)
System.Reflection.MethodBase:Invoke (object,object[])
AreaBattle.EditorTools.BattleBuild:ValidateIntegrated () (at Assets/AreaBattle/Editor/BattleBuild.cs:32)

[Assets/AreaBattle/Editor/RecoveredWayLineImporter.cs line 113]

Instantiating material due to calling renderer.material during edit mode. This will leak materials into the scene. You most likely want to use renderer.sharedMaterial instead.
UnityEngine.Debug:ExtractStackTraceNoAlloc (byte*,int,string)
UnityEngine.StackTraceUtility:ExtractStackTrace ()
UnityEngine.Renderer:GetMaterial ()
UnityEngine.Renderer:get_material ()
AreaBattle.RecoveredWayLineVisual:Initialize () (at Assets/AreaBattle/Scripts/RecoveredWayLineVisual.cs:33)
AreaBattle.RecoveredWayLineVisual:SetLine (UnityEngine.Vector3,UnityEngine.Vector3,UnityEngine.Color,UnityEngine.Color,bool,bool,single) (at Assets/AreaBattle/Scripts/RecoveredWayLineVisual.cs:56)
AreaBattle.RecoveredWayLineVisual:Synchronize (AreaBattle.LineState,AreaBattle.TowerState,AreaBattle.TowerState,UnityEngine.Color,UnityEngine.Color,single) (at Assets/AreaBattle/Scripts/RecoveredWayLineVisual.cs:46)
AreaBattle.EditorTools.RecoveredWayLineImporter/<>c:<Run>b__13_4 (AreaBattle.RecoveredWayLineVisual) (at Assets/AreaBattle/Editor/RecoveredWayLineImporter.cs:113)
AreaBattle.EditorTools.RecoveredWayLineImporter/<>c__DisplayClass14_0:<CheckPrefab>b__0 () (at Assets/AreaBattle/Editor/RecoveredWayLineImporter.cs:121)
AreaBattle.EditorTools.RecoveredWayLineImporter/<>c__DisplayClass13_0:<Run>b__0 (string,System.Action) (at Assets/AreaBattle/Editor/RecoveredWayLineImporter.cs:97)
AreaBattle.EditorTools.RecoveredWayLineImporter:CheckPrefab (System.Action`2<string, System.Action>,string,bool,System.Action`1<AreaBattle.RecoveredWayLineVisual>) (at Assets/AreaBattle/Editor/RecoveredWayLineImporter.cs:121)
AreaBattle.EditorTools.RecoveredWayLineImporter:Run () (at Assets/AreaBattle/Editor/RecoveredWayLineImporter.cs:111)
System.Reflection.RuntimeMethodInfo:Invoke (object,System.Reflection.BindingFlags,System.Reflection.Binder,object[],System.Globalization.CultureInfo)
System.Reflection.MethodBase:Invoke (object,object[])
AreaBattle.EditorTools.BattleBuild:ValidateIntegrated () (at Assets/AreaBattle/Editor/BattleBuild.cs:32)

[Assets/AreaBattle/Editor/RecoveredWayLineImporter.cs line 113]

Instantiating material due to calling renderer.material during edit mode. This will leak materials into the scene. You most likely want to use renderer.sharedMaterial instead.
UnityEngine.Debug:ExtractStackTraceNoAlloc (byte*,int,string)
UnityEngine.StackTraceUtility:ExtractStackTrace ()
UnityEngine.Renderer:GetMaterial ()
UnityEngine.Renderer:get_material ()
AreaBattle.RecoveredWayLineVisual:Initialize () (at Assets/AreaBattle/Scripts/RecoveredWayLineVisual.cs:33)
AreaBattle.RecoveredWayLineVisual:SetLine (UnityEngine.Vector3,UnityEngine.Vector3,UnityEngine.Color,UnityEngine.Color,bool,bool,single) (at Assets/AreaBattle/Scripts/RecoveredWayLineVisual.cs:56)
AreaBattle.EditorTools.RecoveredWayLineImporter/<>c:<Run>b__13_5 (AreaBattle.RecoveredWayLineVisual) (at Assets/AreaBattle/Editor/RecoveredWayLineImporter.cs:117)
AreaBattle.EditorTools.RecoveredWayLineImporter/<>c__DisplayClass14_0:<CheckPrefab>b__0 () (at Assets/AreaBattle/Editor/RecoveredWayLineImporter.cs:121)
AreaBattle.EditorTools.RecoveredWayLineImporter/<>c__DisplayClass13_0:<Run>b__0 (string,System.Action) (at Assets/AreaBattle/Editor/RecoveredWayLineImporter.cs:97)
AreaBattle.EditorTools.RecoveredWayLineImporter:CheckPrefab (System.Action`2<string, System.Action>,string,bool,System.Action`1<AreaBattle.RecoveredWayLineVisual>) (at Assets/AreaBattle/Editor/RecoveredWayLineImporter.cs:121)
AreaBattle.EditorTools.RecoveredWayLineImporter:Run () (at Assets/AreaBattle/Editor/RecoveredWayLineImporter.cs:117)
System.Reflection.RuntimeMethodInfo:Invoke (object,System.Reflection.BindingFlags,System.Reflection.Binder,object[],System.Globalization.CultureInfo)
System.Reflection.MethodBase:Invoke (object,object[])
AreaBattle.EditorTools.BattleBuild:ValidateIntegrated () (at Assets/AreaBattle/Editor/BattleBuild.cs:32)

[Assets/AreaBattle/Editor/RecoveredWayLineImporter.cs line 117]

Instantiating material due to calling renderer.material during edit mode. This will leak materials into the scene. You most likely want to use renderer.sharedMaterial instead.
UnityEngine.Debug:ExtractStackTraceNoAlloc (byte*,int,string)
UnityEngine.StackTraceUtility:ExtractStackTrace ()
UnityEngine.Renderer:GetMaterial ()
UnityEngine.Renderer:get_material ()
AreaBattle.RecoveredWayLineVisual:Initialize () (at Assets/AreaBattle/Scripts/RecoveredWayLineVisual.cs:33)
AreaBattle.RecoveredWayLineVisual:SetLine (UnityEngine.Vector3,UnityEngine.Vector3,UnityEngine.Color,UnityEngine.Color,bool,bool,single) (at Assets/AreaBattle/Scripts/RecoveredWayLineVisual.cs:56)
AreaBattle.EditorTools.RecoveredWayLineImporter/<>c:<Run>b__13_5 (AreaBattle.RecoveredWayLineVisual) (at Assets/AreaBattle/Editor/RecoveredWayLineImporter.cs:117)
AreaBattle.EditorTools.RecoveredWayLineImporter/<>c__DisplayClass14_0:<CheckPrefab>b__0 () (at Assets/AreaBattle/Editor/RecoveredWayLineImporter.cs:121)
AreaBattle.EditorTools.RecoveredWayLineImporter/<>c__DisplayClass13_0:<Run>b__0 (string,System.Action) (at Assets/AreaBattle/Editor/RecoveredWayLineImporter.cs:97)
AreaBattle.EditorTools.RecoveredWayLineImporter:CheckPrefab (System.Action`2<string, System.Action>,string,bool,System.Action`1<AreaBattle.RecoveredWayLineVisual>) (at Assets/AreaBattle/Editor/RecoveredWayLineImporter.cs:121)
AreaBattle.EditorTools.RecoveredWayLineImporter:Run () (at Assets/AreaBattle/Editor/RecoveredWayLineImporter.cs:117)
System.Reflection.RuntimeMethodInfo:Invoke (object,System.Reflection.BindingFlags,System.Reflection.Binder,object[],System.Globalization.CultureInfo)
System.Reflection.MethodBase:Invoke (object,object[])
AreaBattle.EditorTools.BattleBuild:ValidateIntegrated () (at Assets/AreaBattle/Editor/BattleBuild.cs:32)

[Assets/AreaBattle/Editor/RecoveredWayLineImporter.cs line 117]

Instantiating material due to calling renderer.material during edit mode. This will leak materials into the scene. You most likely want to use renderer.sharedMaterial instead.
UnityEngine.Debug:ExtractStackTraceNoAlloc (byte*,int,string)
UnityEngine.StackTraceUtility:ExtractStackTrace ()
UnityEngine.Renderer:GetMaterial ()
UnityEngine.Renderer:get_material ()
AreaBattle.RecoveredWayLineVisual:Initialize () (at Assets/AreaBattle/Scripts/RecoveredWayLineVisual.cs:33)
AreaBattle.RecoveredWayLineVisual:SetLine (UnityEngine.Vector3,UnityEngine.Vector3,UnityEngine.Color,UnityEngine.Color,bool,bool,single) (at Assets/AreaBattle/Scripts/RecoveredWayLineVisual.cs:56)
AreaBattle.RecoveredGestureVisuals:DrawPreview (UnityEngine.Vector3,UnityEngine.Vector3,UnityEngine.Color,bool,UnityEngine.Transform,bool,single) (at Assets/AreaBattle/Scripts/RecoveredGestureVisuals.cs:97)
AreaBattle.EditorTools.RecoveredGestureImporter/<>c:<Run>b__19_4 () (at Assets/AreaBattle/Editor/RecoveredGestureImporter.cs:109)
AreaBattle.EditorTools.RecoveredGestureImporter/<>c__DisplayClass19_0:<Run>b__0 (string,System.Action) (at Assets/AreaBattle/Editor/RecoveredGestureImporter.cs:86)
AreaBattle.EditorTools.RecoveredGestureImporter:Run () (at Assets/AreaBattle/Editor/RecoveredGestureImporter.cs:105)
System.Reflection.RuntimeMethodInfo:Invoke (object,System.Reflection.BindingFlags,System.Reflection.Binder,object[],System.Globalization.CultureInfo)
System.Reflection.MethodBase:Invoke (object,object[])
AreaBattle.EditorTools.BattleBuild:ValidateIntegrated () (at Assets/AreaBattle/Editor/BattleBuild.cs:32)

[Assets/AreaBattle/Editor/RecoveredGestureImporter.cs line 109]

Instantiating material due to calling renderer.material during edit mode. This will leak materials into the scene. You most likely want to use renderer.sharedMaterial instead.
UnityEngine.Debug:ExtractStackTraceNoAlloc (byte*,int,string)
UnityEngine.StackTraceUtility:ExtractStackTrace ()
UnityEngine.Renderer:GetMaterial ()
UnityEngine.Renderer:get_material ()
AreaBattle.RecoveredWayLineVisual:Initialize () (at Assets/AreaBattle/Scripts/RecoveredWayLineVisual.cs:33)
AreaBattle.RecoveredWayLineVisual:SetLine (UnityEngine.Vector3,UnityEngine.Vector3,UnityEngine.Color,UnityEngine.Color,bool,bool,single) (at Assets/AreaBattle/Scripts/RecoveredWayLineVisual.cs:56)
AreaBattle.RecoveredGestureVisuals:DrawPreview (UnityEngine.Vector3,UnityEngine.Vector3,UnityEngine.Color,bool,UnityEngine.Transform,bool,single) (at Assets/AreaBattle/Scripts/RecoveredGestureVisuals.cs:97)
AreaBattle.EditorTools.RecoveredGestureImporter/<>c:<Run>b__19_4 () (at Assets/AreaBattle/Editor/RecoveredGestureImporter.cs:109)
AreaBattle.EditorTools.RecoveredGestureImporter/<>c__DisplayClass19_0:<Run>b__0 (string,System.Action) (at Assets/AreaBattle/Editor/RecoveredGestureImporter.cs:86)
AreaBattle.EditorTools.RecoveredGestureImporter:Run () (at Assets/AreaBattle/Editor/RecoveredGestureImporter.cs:105)
System.Reflection.RuntimeMethodInfo:Invoke (object,System.Reflection.BindingFlags,System.Reflection.Binder,object[],System.Globalization.CultureInfo)
System.Reflection.MethodBase:Invoke (object,object[])
AreaBattle.EditorTools.BattleBuild:ValidateIntegrated () (at Assets/AreaBattle/Editor/BattleBuild.cs:32)

[Assets/AreaBattle/Editor/RecoveredGestureImporter.cs line 109]

Instantiating material due to calling renderer.material during edit mode. This will leak materials into the scene. You most likely want to use renderer.sharedMaterial instead.
UnityEngine.Debug:ExtractStackTraceNoAlloc (byte*,int,string)
UnityEngine.StackTraceUtility:ExtractStackTrace ()
UnityEngine.Renderer:GetMaterial ()
UnityEngine.Renderer:get_material ()
AreaBattle.RecoveredWayLineVisual:Initialize () (at Assets/AreaBattle/Scripts/RecoveredWayLineVisual.cs:33)
AreaBattle.RecoveredWayLineVisual:SetLine (UnityEngine.Vector3,UnityEngine.Vector3,UnityEngine.Color,UnityEngine.Color,bool,bool,single) (at Assets/AreaBattle/Scripts/RecoveredWayLineVisual.cs:56)
AreaBattle.RecoveredGestureVisuals:DrawPreview (UnityEngine.Vector3,UnityEngine.Vector3,UnityEngine.Color,bool,UnityEngine.Transform,bool,single) (at Assets/AreaBattle/Scripts/RecoveredGestureVisuals.cs:97)
AreaBattle.BattleView:MoveTowerDrag (UnityEngine.Vector3,int) (at Assets/AreaBattle/Scripts/BattleView.cs:489)
AreaBattle.EditorTools.RecoveredGestureImporter/<>c:<Run>b__19_7 () (at Assets/AreaBattle/Editor/RecoveredGestureImporter.cs:153)
AreaBattle.EditorTools.RecoveredGestureImporter/<>c__DisplayClass19_0:<Run>b__0 (string,System.Action) (at Assets/AreaBattle/Editor/RecoveredGestureImporter.cs:86)
AreaBattle.EditorTools.RecoveredGestureImporter:Run () (at Assets/AreaBattle/Editor/RecoveredGestureImporter.cs:140)
System.Reflection.RuntimeMethodInfo:Invoke (object,System.Reflection.BindingFlags,System.Reflection.Binder,object[],System.Globalization.CultureInfo)
System.Reflection.MethodBase:Invoke (object,object[])
AreaBattle.EditorTools.BattleBuild:ValidateIntegrated () (at Assets/AreaBattle/Editor/BattleBuild.cs:32)

[Assets/AreaBattle/Editor/RecoveredGestureImporter.cs line 153]

Instantiating material due to calling renderer.material during edit mode. This will leak materials into the scene. You most likely want to use renderer.sharedMaterial instead.
UnityEngine.Debug:ExtractStackTraceNoAlloc (byte*,int,string)
UnityEngine.StackTraceUtility:ExtractStackTrace ()
UnityEngine.Renderer:GetMaterial ()
UnityEngine.Renderer:get_material ()
AreaBattle.RecoveredWayLineVisual:Initialize () (at Assets/AreaBattle/Scripts/RecoveredWayLineVisual.cs:33)
AreaBattle.RecoveredWayLineVisual:SetLine (UnityEngine.Vector3,UnityEngine.Vector3,UnityEngine.Color,UnityEngine.Color,bool,bool,single) (at Assets/AreaBattle/Scripts/RecoveredWayLineVisual.cs:56)
AreaBattle.RecoveredGestureVisuals:DrawPreview (UnityEngine.Vector3,UnityEngine.Vector3,UnityEngine.Color,bool,UnityEngine.Transform,bool,single) (at Assets/AreaBattle/Scripts/RecoveredGestureVisuals.cs:97)
AreaBattle.BattleView:MoveTowerDrag (UnityEngine.Vector3,int) (at Assets/AreaBattle/Scripts/BattleView.cs:489)
AreaBattle.EditorTools.RecoveredGestureImporter/<>c:<Run>b__19_7 () (at Assets/AreaBattle/Editor/RecoveredGestureImporter.cs:153)
AreaBattle.EditorTools.RecoveredGestureImporter/<>c__DisplayClass19_0:<Run>b__0 (string,System.Action) (at Assets/AreaBattle/Editor/RecoveredGestureImporter.cs:86)
AreaBattle.EditorTools.RecoveredGestureImporter:Run () (at Assets/AreaBattle/Editor/RecoveredGestureImporter.cs:140)
System.Reflection.RuntimeMethodInfo:Invoke (object,System.Reflection.BindingFlags,System.Reflection.Binder,object[],System.Globalization.CultureInfo)
System.Reflection.MethodBase:Invoke (object,object[])
AreaBattle.EditorTools.BattleBuild:ValidateIntegrated () (at Assets/AreaBattle/Editor/BattleBuild.cs:32)

[Assets/AreaBattle/Editor/RecoveredGestureImporter.cs line 153]

Instantiating material due to calling renderer.material during edit mode. This will leak materials into the scene. You most likely want to use renderer.sharedMaterial instead.
UnityEngine.Debug:ExtractStackTraceNoAlloc (byte*,int,string)
UnityEngine.StackTraceUtility:ExtractStackTrace ()
UnityEngine.Renderer:GetMaterial ()
UnityEngine.Renderer:get_material ()
AreaBattle.RecoveredWayLineVisual:Initialize () (at Assets/AreaBattle/Scripts/RecoveredWayLineVisual.cs:33)
AreaBattle.RecoveredWayLineVisual:SetLine (UnityEngine.Vector3,UnityEngine.Vector3,UnityEngine.Color,UnityEngine.Color,bool,bool,single) (at Assets/AreaBattle/Scripts/RecoveredWayLineVisual.cs:56)
AreaBattle.RecoveredWayLineVisual:Synchronize (AreaBattle.LineState,AreaBattle.TowerState,AreaBattle.TowerState,UnityEngine.Color,UnityEngine.Color,single) (at Assets/AreaBattle/Scripts/RecoveredWayLineVisual.cs:46)
AreaBattle.RecoveredWayLineVisual:Synchronize (AreaBattle.LineState,AreaBattle.TowerState,AreaBattle.TowerState,single) (at Assets/AreaBattle/Scripts/RecoveredWayLineVisual.cs:21)
AreaBattle.BattleView:RefreshPresentation () (at Assets/AreaBattle/Scripts/BattleView.cs:566)
AreaBattle.BattleView:AdvanceFrame (single,single) (at Assets/AreaBattle/Scripts/BattleView.cs:374)
AreaBattle.EditorTools.RecoveredGestureImporter/<>c:<Run>b__19_7 () (at Assets/AreaBattle/Editor/RecoveredGestureImporter.cs:161)
AreaBattle.EditorTools.RecoveredGestureImporter/<>c__DisplayClass19_0:<Run>b__0 (string,System.Action) (at Assets/AreaBattle/Editor/RecoveredGestureImporter.cs:86)
AreaBattle.EditorTools.RecoveredGestureImporter:Run () (at Assets/AreaBattle/Editor/RecoveredGestureImporter.cs:140)
System.Reflection.RuntimeMethodInfo:Invoke (object,System.Reflection.BindingFlags,System.Reflection.Binder,object[],System.Globalization.CultureInfo)
System.Reflection.MethodBase:Invoke (object,object[])
AreaBattle.EditorTools.BattleBuild:ValidateIntegrated () (at Assets/AreaBattle/Editor/BattleBuild.cs:32)

[Assets/AreaBattle/Scripts/RecoveredWayLineVisual.cs line 21]

Instantiating material due to calling renderer.material during edit mode. This will leak materials into the scene. You most likely want to use renderer.sharedMaterial instead.
UnityEngine.Debug:ExtractStackTraceNoAlloc (byte*,int,string)
UnityEngine.StackTraceUtility:ExtractStackTrace ()
UnityEngine.Renderer:GetMaterial ()
UnityEngine.Renderer:get_material ()
AreaBattle.RecoveredWayLineVisual:Initialize () (at Assets/AreaBattle/Scripts/RecoveredWayLineVisual.cs:33)
AreaBattle.RecoveredWayLineVisual:SetLine (UnityEngine.Vector3,UnityEngine.Vector3,UnityEngine.Color,UnityEngine.Color,bool,bool,single) (at Assets/AreaBattle/Scripts/RecoveredWayLineVisual.cs:56)
AreaBattle.RecoveredWayLineVisual:Synchronize (AreaBattle.LineState,AreaBattle.TowerState,AreaBattle.TowerState,UnityEngine.Color,UnityEngine.Color,single) (at Assets/AreaBattle/Scripts/RecoveredWayLineVisual.cs:46)
AreaBattle.RecoveredWayLineVisual:Synchronize (AreaBattle.LineState,AreaBattle.TowerState,AreaBattle.TowerState,single) (at Assets/AreaBattle/Scripts/RecoveredWayLineVisual.cs:21)
AreaBattle.BattleView:RefreshPresentation () (at Assets/AreaBattle/Scripts/BattleView.cs:566)
AreaBattle.BattleView:AdvanceFrame (single,single) (at Assets/AreaBattle/Scripts/BattleView.cs:374)
AreaBattle.EditorTools.RecoveredGestureImporter/<>c:<Run>b__19_7 () (at Assets/AreaBattle/Editor/RecoveredGestureImporter.cs:161)
AreaBattle.EditorTools.RecoveredGestureImporter/<>c__DisplayClass19_0:<Run>b__0 (string,System.Action) (at Assets/AreaBattle/Editor/RecoveredGestureImporter.cs:86)
AreaBattle.EditorTools.RecoveredGestureImporter:Run () (at Assets/AreaBattle/Editor/RecoveredGestureImporter.cs:140)
System.Reflection.RuntimeMethodInfo:Invoke (object,System.Reflection.BindingFlags,System.Reflection.Binder,object[],System.Globalization.CultureInfo)
System.Reflection.MethodBase:Invoke (object,object[])
AreaBattle.EditorTools.BattleBuild:ValidateIntegrated () (at Assets/AreaBattle/Editor/BattleBuild.cs:32)

[Assets/AreaBattle/Scripts/RecoveredWayLineVisual.cs line 21]

Instantiating material due to calling renderer.material during edit mode. This will leak materials into the scene. You most likely want to use renderer.sharedMaterial instead.
UnityEngine.Debug:ExtractStackTraceNoAlloc (byte*,int,string)
UnityEngine.StackTraceUtility:ExtractStackTrace ()
UnityEngine.Renderer:GetMaterial ()
UnityEngine.Renderer:get_material ()
AreaBattle.RecoveredWayLineVisual:Initialize () (at Assets/AreaBattle/Scripts/RecoveredWayLineVisual.cs:33)
AreaBattle.RecoveredWayLineVisual:SetLine (UnityEngine.Vector3,UnityEngine.Vector3,UnityEngine.Color,UnityEngine.Color,bool,bool,single) (at Assets/AreaBattle/Scripts/RecoveredWayLineVisual.cs:56)
AreaBattle.RecoveredWayLineVisual:Synchronize (AreaBattle.LineState,AreaBattle.TowerState,AreaBattle.TowerState,UnityEngine.Color,UnityEngine.Color,single) (at Assets/AreaBattle/Scripts/RecoveredWayLineVisual.cs:46)
AreaBattle.RecoveredWayLineVisual:Synchronize (AreaBattle.LineState,AreaBattle.TowerState,AreaBattle.TowerState,single) (at Assets/AreaBattle/Scripts/RecoveredWayLineVisual.cs:21)
AreaBattle.BattleView:RefreshPresentation () (at Assets/AreaBattle/Scripts/BattleView.cs:566)
AreaBattle.BattleView:AdvanceFrame (single,single) (at Assets/AreaBattle/Scripts/BattleView.cs:374)
AreaBattle.EditorTools.RecoveredBossValidation/<>c:<Run>b__1_6 () (at Assets/AreaBattle/Editor/RecoveredBossValidation.cs:60)
AreaBattle.EditorTools.RecoveredBossValidation/<>c__DisplayClass1_0:<Run>b__0 (string,System.Action) (at Assets/AreaBattle/Editor/RecoveredBossValidation.cs:18)
AreaBattle.EditorTools.RecoveredBossValidation:Run () (at Assets/AreaBattle/Editor/RecoveredBossValidation.cs:55)
System.Reflection.RuntimeMethodInfo:Invoke (object,System.Reflection.BindingFlags,System.Reflection.Binder,object[],System.Globalization.CultureInfo)
System.Reflection.MethodBase:Invoke (object,object[])
AreaBattle.EditorTools.BattleBuild:ValidateIntegrated () (at Assets/AreaBattle/Editor/BattleBuild.cs:32)

[Assets/AreaBattle/Scripts/RecoveredWayLineVisual.cs line 21]

Instantiating material due to calling renderer.material during edit mode. This will leak materials into the scene. You most likely want to use renderer.sharedMaterial instead.
UnityEngine.Debug:ExtractStackTraceNoAlloc (byte*,int,string)
UnityEngine.StackTraceUtility:ExtractStackTrace ()
UnityEngine.Renderer:GetMaterial ()
UnityEngine.Renderer:get_material ()
AreaBattle.RecoveredWayLineVisual:Initialize () (at Assets/AreaBattle/Scripts/RecoveredWayLineVisual.cs:33)
AreaBattle.RecoveredWayLineVisual:SetLine (UnityEngine.Vector3,UnityEngine.Vector3,UnityEngine.Color,UnityEngine.Color,bool,bool,single) (at Assets/AreaBattle/Scripts/RecoveredWayLineVisual.cs:56)
AreaBattle.RecoveredWayLineVisual:Synchronize (AreaBattle.LineState,AreaBattle.TowerState,AreaBattle.TowerState,UnityEngine.Color,UnityEngine.Color,single) (at Assets/AreaBattle/Scripts/RecoveredWayLineVisual.cs:46)
AreaBattle.RecoveredWayLineVisual:Synchronize (AreaBattle.LineState,AreaBattle.TowerState,AreaBattle.TowerState,single) (at Assets/AreaBattle/Scripts/RecoveredWayLineVisual.cs:21)
AreaBattle.BattleView:RefreshPresentation () (at Assets/AreaBattle/Scripts/BattleView.cs:566)
AreaBattle.BattleView:AdvanceFrame (single,single) (at Assets/AreaBattle/Scripts/BattleView.cs:374)
AreaBattle.EditorTools.RecoveredBossValidation/<>c:<Run>b__1_6 () (at Assets/AreaBattle/Editor/RecoveredBossValidation.cs:60)
AreaBattle.EditorTools.RecoveredBossValidation/<>c__DisplayClass1_0:<Run>b__0 (string,System.Action) (at Assets/AreaBattle/Editor/RecoveredBossValidation.cs:18)
AreaBattle.EditorTools.RecoveredBossValidation:Run () (at Assets/AreaBattle/Editor/RecoveredBossValidation.cs:55)
System.Reflection.RuntimeMethodInfo:Invoke (object,System.Reflection.BindingFlags,System.Reflection.Binder,object[],System.Globalization.CultureInfo)
System.Reflection.MethodBase:Invoke (object,object[])
AreaBattle.EditorTools.BattleBuild:ValidateIntegrated () (at Assets/AreaBattle/Editor/BattleBuild.cs:32)

[Assets/AreaBattle/Scripts/RecoveredWayLineVisual.cs line 21]

Instantiating material due to calling renderer.material during edit mode. This will leak materials into the scene. You most likely want to use renderer.sharedMaterial instead.
UnityEngine.Debug:ExtractStackTraceNoAlloc (byte*,int,string)
UnityEngine.StackTraceUtility:ExtractStackTrace ()
UnityEngine.Renderer:GetMaterial ()
UnityEngine.Renderer:get_material ()
AreaBattle.RecoveredWayLineVisual:Initialize () (at Assets/AreaBattle/Scripts/RecoveredWayLineVisual.cs:33)
AreaBattle.RecoveredWayLineVisual:SetLine (UnityEngine.Vector3,UnityEngine.Vector3,UnityEngine.Color,UnityEngine.Color,bool,bool,single) (at Assets/AreaBattle/Scripts/RecoveredWayLineVisual.cs:56)
AreaBattle.RecoveredWayLineVisual:Synchronize (AreaBattle.LineState,AreaBattle.TowerState,AreaBattle.TowerState,UnityEngine.Color,UnityEngine.Color,single) (at Assets/AreaBattle/Scripts/RecoveredWayLineVisual.cs:46)
AreaBattle.RecoveredWayLineVisual:Synchronize (AreaBattle.LineState,AreaBattle.TowerState,AreaBattle.TowerState,single) (at Assets/AreaBattle/Scripts/RecoveredWayLineVisual.cs:21)
AreaBattle.BattleView:RefreshPresentation () (at Assets/AreaBattle/Scripts/BattleView.cs:566)
AreaBattle.BattleView:AdvanceFrame (single,single) (at Assets/AreaBattle/Scripts/BattleView.cs:374)
AreaBattle.EditorTools.RepresentativeReplayValidation:Advance (AreaBattle.BattleView,single) (at Assets/AreaBattle/Editor/RepresentativeReplayValidation.cs:102)
AreaBattle.EditorTools.RepresentativeReplayValidation:Win (AreaBattle.BattleView,AreaBattle.EditorTools.RepresentativeReplayValidation/Replay) (at Assets/AreaBattle/Editor/RepresentativeReplayValidation.cs:108)
AreaBattle.EditorTools.RepresentativeReplayValidation:Run () (at Assets/AreaBattle/Editor/RepresentativeReplayValidation.cs:141)
System.Reflection.RuntimeMethodInfo:Invoke (object,System.Reflection.BindingFlags,System.Reflection.Binder,object[],System.Globalization.CultureInfo)
System.Reflection.MethodBase:Invoke (object,object[])
AreaBattle.EditorTools.BattleBuild:ValidateIntegrated () (at Assets/AreaBattle/Editor/BattleBuild.cs:32)

[Assets/AreaBattle/Scripts/RecoveredWayLineVisual.cs line 21]

Instantiating material due to calling renderer.material during edit mode. This will leak materials into the scene. You most likely want to use renderer.sharedMaterial instead.
UnityEngine.Debug:ExtractStackTraceNoAlloc (byte*,int,string)
UnityEngine.StackTraceUtility:ExtractStackTrace ()
UnityEngine.Renderer:GetMaterial ()
UnityEngine.Renderer:get_material ()
AreaBattle.RecoveredWayLineVisual:Initialize () (at Assets/AreaBattle/Scripts/RecoveredWayLineVisual.cs:33)
AreaBattle.RecoveredWayLineVisual:SetLine (UnityEngine.Vector3,UnityEngine.Vector3,UnityEngine.Color,UnityEngine.Color,bool,bool,single) (at Assets/AreaBattle/Scripts/RecoveredWayLineVisual.cs:56)
AreaBattle.RecoveredWayLineVisual:Synchronize (AreaBattle.LineState,AreaBattle.TowerState,AreaBattle.TowerState,UnityEngine.Color,UnityEngine.Color,single) (at Assets/AreaBattle/Scripts/RecoveredWayLineVisual.cs:46)
AreaBattle.RecoveredWayLineVisual:Synchronize (AreaBattle.LineState,AreaBattle.TowerState,AreaBattle.TowerState,single) (at Assets/AreaBattle/Scripts/RecoveredWayLineVisual.cs:21)
AreaBattle.BattleView:RefreshPresentation () (at Assets/AreaBattle/Scripts/BattleView.cs:566)
AreaBattle.BattleView:AdvanceFrame (single,single) (at Assets/AreaBattle/Scripts/BattleView.cs:374)
AreaBattle.EditorTools.RepresentativeReplayValidation:Advance (AreaBattle.BattleView,single) (at Assets/AreaBattle/Editor/RepresentativeReplayValidation.cs:102)
AreaBattle.EditorTools.RepresentativeReplayValidation:Win (AreaBattle.BattleView,AreaBattle.EditorTools.RepresentativeReplayValidation/Replay) (at Assets/AreaBattle/Editor/RepresentativeReplayValidation.cs:108)
AreaBattle.EditorTools.RepresentativeReplayValidation:Run () (at Assets/AreaBattle/Editor/RepresentativeReplayValidation.cs:141)
System.Reflection.RuntimeMethodInfo:Invoke (object,System.Reflection.BindingFlags,System.Reflection.Binder,object[],System.Globalization.CultureInfo)
System.Reflection.MethodBase:Invoke (object,object[])
AreaBattle.EditorTools.BattleBuild:ValidateIntegrated () (at Assets/AreaBattle/Editor/BattleBuild.cs:32)

[Assets/AreaBattle/Scripts/RecoveredWayLineVisual.cs line 21]

Instantiating material due to calling renderer.material during edit mode. This will leak materials into the scene. You most likely want to use renderer.sharedMaterial instead.
UnityEngine.Debug:ExtractStackTraceNoAlloc (byte*,int,string)
UnityEngine.StackTraceUtility:ExtractStackTrace ()
UnityEngine.Renderer:GetMaterial ()
UnityEngine.Renderer:get_material ()
AreaBattle.RecoveredWayLineVisual:Initialize () (at Assets/AreaBattle/Scripts/RecoveredWayLineVisual.cs:33)
AreaBattle.RecoveredWayLineVisual:SetLine (UnityEngine.Vector3,UnityEngine.Vector3,UnityEngine.Color,UnityEngine.Color,bool,bool,single) (at Assets/AreaBattle/Scripts/RecoveredWayLineVisual.cs:56)
AreaBattle.RecoveredWayLineVisual:Synchronize (AreaBattle.LineState,AreaBattle.TowerState,AreaBattle.TowerState,UnityEngine.Color,UnityEngine.Color,single) (at Assets/AreaBattle/Scripts/RecoveredWayLineVisual.cs:46)
AreaBattle.RecoveredWayLineVisual:Synchronize (AreaBattle.LineState,AreaBattle.TowerState,AreaBattle.TowerState,single) (at Assets/AreaBattle/Scripts/RecoveredWayLineVisual.cs:21)
AreaBattle.BattleView:RefreshPresentation () (at Assets/AreaBattle/Scripts/BattleView.cs:566)
AreaBattle.BattleView:AdvanceFrame (single,single) (at Assets/AreaBattle/Scripts/BattleView.cs:374)
AreaBattle.EditorTools.RepresentativeReplayValidation:Advance (AreaBattle.BattleView,single) (at Assets/AreaBattle/Editor/RepresentativeReplayValidation.cs:102)
AreaBattle.EditorTools.RepresentativeReplayValidation:Win (AreaBattle.BattleView,AreaBattle.EditorTools.RepresentativeReplayValidation/Replay) (at Assets/AreaBattle/Editor/RepresentativeReplayValidation.cs:108)
AreaBattle.EditorTools.RepresentativeReplayValidation:Run () (at Assets/AreaBattle/Editor/RepresentativeReplayValidation.cs:141)
System.Reflection.RuntimeMethodInfo:Invoke (object,System.Reflection.BindingFlags,System.Reflection.Binder,object[],System.Globalization.CultureInfo)
System.Reflection.MethodBase:Invoke (object,object[])
AreaBattle.EditorTools.BattleBuild:ValidateIntegrated () (at Assets/AreaBattle/Editor/BattleBuild.cs:32)

[Assets/AreaBattle/Scripts/RecoveredWayLineVisual.cs line 21]

Instantiating material due to calling renderer.material during edit mode. This will leak materials into the scene. You most likely want to use renderer.sharedMaterial instead.
UnityEngine.Debug:ExtractStackTraceNoAlloc (byte*,int,string)
UnityEngine.StackTraceUtility:ExtractStackTrace ()
UnityEngine.Renderer:GetMaterial ()
UnityEngine.Renderer:get_material ()
AreaBattle.RecoveredWayLineVisual:Initialize () (at Assets/AreaBattle/Scripts/RecoveredWayLineVisual.cs:33)
AreaBattle.RecoveredWayLineVisual:SetLine (UnityEngine.Vector3,UnityEngine.Vector3,UnityEngine.Color,UnityEngine.Color,bool,bool,single) (at Assets/AreaBattle/Scripts/RecoveredWayLineVisual.cs:56)
AreaBattle.RecoveredWayLineVisual:Synchronize (AreaBattle.LineState,AreaBattle.TowerState,AreaBattle.TowerState,UnityEngine.Color,UnityEngine.Color,single) (at Assets/AreaBattle/Scripts/RecoveredWayLineVisual.cs:46)
AreaBattle.RecoveredWayLineVisual:Synchronize (AreaBattle.LineState,AreaBattle.TowerState,AreaBattle.TowerState,single) (at Assets/AreaBattle/Scripts/RecoveredWayLineVisual.cs:21)
AreaBattle.BattleView:RefreshPresentation () (at Assets/AreaBattle/Scripts/BattleView.cs:566)
AreaBattle.BattleView:AdvanceFrame (single,single) (at Assets/AreaBattle/Scripts/BattleView.cs:374)
AreaBattle.EditorTools.RepresentativeReplayValidation:Advance (AreaBattle.BattleView,single) (at Assets/AreaBattle/Editor/RepresentativeReplayValidation.cs:102)
AreaBattle.EditorTools.RepresentativeReplayValidation:Win (AreaBattle.BattleView,AreaBattle.EditorTools.RepresentativeReplayValidation/Replay) (at Assets/AreaBattle/Editor/RepresentativeReplayValidation.cs:108)
AreaBattle.EditorTools.RepresentativeReplayValidation:Run () (at Assets/AreaBattle/Editor/RepresentativeReplayValidation.cs:141)
System.Reflection.RuntimeMethodInfo:Invoke (object,System.Reflection.BindingFlags,System.Reflection.Binder,object[],System.Globalization.CultureInfo)
System.Reflection.MethodBase:Invoke (object,object[])
AreaBattle.EditorTools.BattleBuild:ValidateIntegrated () (at Assets/AreaBattle/Editor/BattleBuild.cs:32)

[Assets/AreaBattle/Scripts/RecoveredWayLineVisual.cs line 21]

Instantiating material due to calling renderer.material during edit mode. This will leak materials into the scene. You most likely want to use renderer.sharedMaterial instead.
UnityEngine.Debug:ExtractStackTraceNoAlloc (byte*,int,string)
UnityEngine.StackTraceUtility:ExtractStackTrace ()
UnityEngine.Renderer:GetMaterial ()
UnityEngine.Renderer:get_material ()
AreaBattle.RecoveredWayLineVisual:Initialize () (at Assets/AreaBattle/Scripts/RecoveredWayLineVisual.cs:33)
AreaBattle.RecoveredWayLineVisual:SetLine (UnityEngine.Vector3,UnityEngine.Vector3,UnityEngine.Color,UnityEngine.Color,bool,bool,single) (at Assets/AreaBattle/Scripts/RecoveredWayLineVisual.cs:56)
AreaBattle.RecoveredWayLineVisual:Synchronize (AreaBattle.LineState,AreaBattle.TowerState,AreaBattle.TowerState,UnityEngine.Color,UnityEngine.Color,single) (at Assets/AreaBattle/Scripts/RecoveredWayLineVisual.cs:46)
AreaBattle.RecoveredWayLineVisual:Synchronize (AreaBattle.LineState,AreaBattle.TowerState,AreaBattle.TowerState,single) (at Assets/AreaBattle/Scripts/RecoveredWayLineVisual.cs:21)
AreaBattle.BattleView:RefreshPresentation () (at Assets/AreaBattle/Scripts/BattleView.cs:566)
AreaBattle.BattleView:AdvanceFrame (single,single) (at Assets/AreaBattle/Scripts/BattleView.cs:374)
AreaBattle.EditorTools.RepresentativeReplayValidation:Advance (AreaBattle.BattleView,single) (at Assets/AreaBattle/Editor/RepresentativeReplayValidation.cs:102)
AreaBattle.EditorTools.RepresentativeReplayValidation:Win (AreaBattle.BattleView,AreaBattle.EditorTools.RepresentativeReplayValidation/Replay) (at Assets/AreaBattle/Editor/RepresentativeReplayValidation.cs:108)
AreaBattle.EditorTools.RepresentativeReplayValidation:Run () (at Assets/AreaBattle/Editor/RepresentativeReplayValidation.cs:141)
System.Reflection.RuntimeMethodInfo:Invoke (object,System.Reflection.BindingFlags,System.Reflection.Binder,object[],System.Globalization.CultureInfo)
System.Reflection.MethodBase:Invoke (object,object[])
AreaBattle.EditorTools.BattleBuild:ValidateIntegrated () (at Assets/AreaBattle/Editor/BattleBuild.cs:32)

[Assets/AreaBattle/Scripts/RecoveredWayLineVisual.cs line 21]

Instantiating material due to calling renderer.material during edit mode. This will leak materials into the scene. You most likely want to use renderer.sharedMaterial instead.
UnityEngine.Debug:ExtractStackTraceNoAlloc (byte*,int,string)
UnityEngine.StackTraceUtility:ExtractStackTrace ()
UnityEngine.Renderer:GetMaterial ()
UnityEngine.Renderer:get_material ()
AreaBattle.RecoveredWayLineVisual:Initialize () (at Assets/AreaBattle/Scripts/RecoveredWayLineVisual.cs:33)
AreaBattle.RecoveredWayLineVisual:SetLine (UnityEngine.Vector3,UnityEngine.Vector3,UnityEngine.Color,UnityEngine.Color,bool,bool,single) (at Assets/AreaBattle/Scripts/RecoveredWayLineVisual.cs:56)
AreaBattle.RecoveredWayLineVisual:Synchronize (AreaBattle.LineState,AreaBattle.TowerState,AreaBattle.TowerState,UnityEngine.Color,UnityEngine.Color,single) (at Assets/AreaBattle/Scripts/RecoveredWayLineVisual.cs:46)
AreaBattle.RecoveredWayLineVisual:Synchronize (AreaBattle.LineState,AreaBattle.TowerState,AreaBattle.TowerState,single) (at Assets/AreaBattle/Scripts/RecoveredWayLineVisual.cs:21)
AreaBattle.BattleView:RefreshPresentation () (at Assets/AreaBattle/Scripts/BattleView.cs:566)
AreaBattle.BattleView:AdvanceFrame (single,single) (at Assets/AreaBattle/Scripts/BattleView.cs:374)
AreaBattle.EditorTools.RepresentativeReplayValidation:Advance (AreaBattle.BattleView,single) (at Assets/AreaBattle/Editor/RepresentativeReplayValidation.cs:102)
AreaBattle.EditorTools.RepresentativeReplayValidation:Win (AreaBattle.BattleView,AreaBattle.EditorTools.RepresentativeReplayValidation/Replay) (at Assets/AreaBattle/Editor/RepresentativeReplayValidation.cs:108)
AreaBattle.EditorTools.RepresentativeReplayValidation:Run () (at Assets/AreaBattle/Editor/RepresentativeReplayValidation.cs:141)
System.Reflection.RuntimeMethodInfo:Invoke (object,System.Reflection.BindingFlags,System.Reflection.Binder,object[],System.Globalization.CultureInfo)
System.Reflection.MethodBase:Invoke (object,object[])
AreaBattle.EditorTools.BattleBuild:ValidateIntegrated () (at Assets/AreaBattle/Editor/BattleBuild.cs:32)

[Assets/AreaBattle/Scripts/RecoveredWayLineVisual.cs line 21]

Instantiating material due to calling renderer.material during edit mode. This will leak materials into the scene. You most likely want to use renderer.sharedMaterial instead.
UnityEngine.Debug:ExtractStackTraceNoAlloc (byte*,int,string)
UnityEngine.StackTraceUtility:ExtractStackTrace ()
UnityEngine.Renderer:GetMaterial ()
UnityEngine.Renderer:get_material ()
AreaBattle.RecoveredWayLineVisual:Initialize () (at Assets/AreaBattle/Scripts/RecoveredWayLineVisual.cs:33)
AreaBattle.RecoveredWayLineVisual:SetLine (UnityEngine.Vector3,UnityEngine.Vector3,UnityEngine.Color,UnityEngine.Color,bool,bool,single) (at Assets/AreaBattle/Scripts/RecoveredWayLineVisual.cs:56)
AreaBattle.RecoveredWayLineVisual:Synchronize (AreaBattle.LineState,AreaBattle.TowerState,AreaBattle.TowerState,UnityEngine.Color,UnityEngine.Color,single) (at Assets/AreaBattle/Scripts/RecoveredWayLineVisual.cs:46)
AreaBattle.RecoveredWayLineVisual:Synchronize (AreaBattle.LineState,AreaBattle.TowerState,AreaBattle.TowerState,single) (at Assets/AreaBattle/Scripts/RecoveredWayLineVisual.cs:21)
AreaBattle.BattleView:RefreshPresentation () (at Assets/AreaBattle/Scripts/BattleView.cs:566)
AreaBattle.BattleView:AdvanceFrame (single,single) (at Assets/AreaBattle/Scripts/BattleView.cs:374)
AreaBattle.EditorTools.RepresentativeReplayValidation:Advance (AreaBattle.BattleView,single) (at Assets/AreaBattle/Editor/RepresentativeReplayValidation.cs:102)
AreaBattle.EditorTools.RepresentativeReplayValidation:Win (AreaBattle.BattleView,AreaBattle.EditorTools.RepresentativeReplayValidation/Replay) (at Assets/AreaBattle/Editor/RepresentativeReplayValidation.cs:108)
AreaBattle.EditorTools.RepresentativeReplayValidation:Run () (at Assets/AreaBattle/Editor/RepresentativeReplayValidation.cs:141)
System.Reflection.RuntimeMethodInfo:Invoke (object,System.Reflection.BindingFlags,System.Reflection.Binder,object[],System.Globalization.CultureInfo)
System.Reflection.MethodBase:Invoke (object,object[])
AreaBattle.EditorTools.BattleBuild:ValidateIntegrated () (at Assets/AreaBattle/Editor/BattleBuild.cs:32)

[Assets/AreaBattle/Scripts/RecoveredWayLineVisual.cs line 21]

Instantiating material due to calling renderer.material during edit mode. This will leak materials into the scene. You most likely want to use renderer.sharedMaterial instead.
UnityEngine.Debug:ExtractStackTraceNoAlloc (byte*,int,string)
UnityEngine.StackTraceUtility:ExtractStackTrace ()
UnityEngine.Renderer:GetMaterial ()
UnityEngine.Renderer:get_material ()
AreaBattle.RecoveredWayLineVisual:Initialize () (at Assets/AreaBattle/Scripts/RecoveredWayLineVisual.cs:33)
AreaBattle.RecoveredWayLineVisual:SetLine (UnityEngine.Vector3,UnityEngine.Vector3,UnityEngine.Color,UnityEngine.Color,bool,bool,single) (at Assets/AreaBattle/Scripts/RecoveredWayLineVisual.cs:56)
AreaBattle.RecoveredWayLineVisual:Synchronize (AreaBattle.LineState,AreaBattle.TowerState,AreaBattle.TowerState,UnityEngine.Color,UnityEngine.Color,single) (at Assets/AreaBattle/Scripts/RecoveredWayLineVisual.cs:46)
AreaBattle.RecoveredWayLineVisual:Synchronize (AreaBattle.LineState,AreaBattle.TowerState,AreaBattle.TowerState,single) (at Assets/AreaBattle/Scripts/RecoveredWayLineVisual.cs:21)
AreaBattle.BattleView:RefreshPresentation () (at Assets/AreaBattle/Scripts/BattleView.cs:566)
AreaBattle.BattleView:AdvanceFrame (single,single) (at Assets/AreaBattle/Scripts/BattleView.cs:374)
AreaBattle.EditorTools.RepresentativeReplayValidation:Advance (AreaBattle.BattleView,single) (at Assets/AreaBattle/Editor/RepresentativeReplayValidation.cs:102)
AreaBattle.EditorTools.RepresentativeReplayValidation:Win (AreaBattle.BattleView,AreaBattle.EditorTools.RepresentativeReplayValidation/Replay) (at Assets/AreaBattle/Editor/RepresentativeReplayValidation.cs:108)
AreaBattle.EditorTools.RepresentativeReplayValidation:Run () (at Assets/AreaBattle/Editor/RepresentativeReplayValidation.cs:141)
System.Reflection.RuntimeMethodInfo:Invoke (object,System.Reflection.BindingFlags,System.Reflection.Binder,object[],System.Globalization.CultureInfo)
System.Reflection.MethodBase:Invoke (object,object[])
AreaBattle.EditorTools.BattleBuild:ValidateIntegrated () (at Assets/AreaBattle/Editor/BattleBuild.cs:32)

[Assets/AreaBattle/Scripts/RecoveredWayLineVisual.cs line 21]

Instantiating material due to calling renderer.material during edit mode. This will leak materials into the scene. You most likely want to use renderer.sharedMaterial instead.
UnityEngine.Debug:ExtractStackTraceNoAlloc (byte*,int,string)
UnityEngine.StackTraceUtility:ExtractStackTrace ()
UnityEngine.Renderer:GetMaterial ()
UnityEngine.Renderer:get_material ()
AreaBattle.RecoveredWayLineVisual:Initialize () (at Assets/AreaBattle/Scripts/RecoveredWayLineVisual.cs:33)
AreaBattle.RecoveredWayLineVisual:SetLine (UnityEngine.Vector3,UnityEngine.Vector3,UnityEngine.Color,UnityEngine.Color,bool,bool,single) (at Assets/AreaBattle/Scripts/RecoveredWayLineVisual.cs:56)
AreaBattle.RecoveredWayLineVisual:Synchronize (AreaBattle.LineState,AreaBattle.TowerState,AreaBattle.TowerState,UnityEngine.Color,UnityEngine.Color,single) (at Assets/AreaBattle/Scripts/RecoveredWayLineVisual.cs:46)
AreaBattle.RecoveredWayLineVisual:Synchronize (AreaBattle.LineState,AreaBattle.TowerState,AreaBattle.TowerState,single) (at Assets/AreaBattle/Scripts/RecoveredWayLineVisual.cs:21)
AreaBattle.BattleView:RefreshPresentation () (at Assets/AreaBattle/Scripts/BattleView.cs:566)
AreaBattle.BattleView:AdvanceFrame (single,single) (at Assets/AreaBattle/Scripts/BattleView.cs:374)
AreaBattle.EditorTools.RepresentativeReplayValidation:Advance (AreaBattle.BattleView,single) (at Assets/AreaBattle/Editor/RepresentativeReplayValidation.cs:102)
AreaBattle.EditorTools.RepresentativeReplayValidation:Win (AreaBattle.BattleView,AreaBattle.EditorTools.RepresentativeReplayValidation/Replay) (at Assets/AreaBattle/Editor/RepresentativeReplayValidation.cs:108)
AreaBattle.EditorTools.RepresentativeReplayValidation:Run () (at Assets/AreaBattle/Editor/RepresentativeReplayValidation.cs:141)
System.Reflection.RuntimeMethodInfo:Invoke (object,System.Reflection.BindingFlags,System.Reflection.Binder,object[],System.Globalization.CultureInfo)
System.Reflection.MethodBase:Invoke (object,object[])
AreaBattle.EditorTools.BattleBuild:ValidateIntegrated () (at Assets/AreaBattle/Editor/BattleBuild.cs:32)

[Assets/AreaBattle/Scripts/RecoveredWayLineVisual.cs line 21]

Instantiating material due to calling renderer.material during edit mode. This will leak materials into the scene. You most likely want to use renderer.sharedMaterial instead.
UnityEngine.Debug:ExtractStackTraceNoAlloc (byte*,int,string)
UnityEngine.StackTraceUtility:ExtractStackTrace ()
UnityEngine.Renderer:GetMaterial ()
UnityEngine.Renderer:get_material ()
AreaBattle.RecoveredWayLineVisual:Initialize () (at Assets/AreaBattle/Scripts/RecoveredWayLineVisual.cs:33)
AreaBattle.RecoveredWayLineVisual:SetLine (UnityEngine.Vector3,UnityEngine.Vector3,UnityEngine.Color,UnityEngine.Color,bool,bool,single) (at Assets/AreaBattle/Scripts/RecoveredWayLineVisual.cs:56)
AreaBattle.RecoveredWayLineVisual:Synchronize (AreaBattle.LineState,AreaBattle.TowerState,AreaBattle.TowerState,UnityEngine.Color,UnityEngine.Color,single) (at Assets/AreaBattle/Scripts/RecoveredWayLineVisual.cs:46)
AreaBattle.RecoveredWayLineVisual:Synchronize (AreaBattle.LineState,AreaBattle.TowerState,AreaBattle.TowerState,single) (at Assets/AreaBattle/Scripts/RecoveredWayLineVisual.cs:21)
AreaBattle.BattleView:RefreshPresentation () (at Assets/AreaBattle/Scripts/BattleView.cs:566)
AreaBattle.BattleView:AdvanceFrame (single,single) (at Assets/AreaBattle/Scripts/BattleView.cs:374)
AreaBattle.EditorTools.RepresentativeReplayValidation:Advance (AreaBattle.BattleView,single) (at Assets/AreaBattle/Editor/RepresentativeReplayValidation.cs:102)
AreaBattle.EditorTools.RepresentativeReplayValidation:Win (AreaBattle.BattleView,AreaBattle.EditorTools.RepresentativeReplayValidation/Replay) (at Assets/AreaBattle/Editor/RepresentativeReplayValidation.cs:108)
AreaBattle.EditorTools.RepresentativeReplayValidation:Run () (at Assets/AreaBattle/Editor/RepresentativeReplayValidation.cs:141)
System.Reflection.RuntimeMethodInfo:Invoke (object,System.Reflection.BindingFlags,System.Reflection.Binder,object[],System.Globalization.CultureInfo)
System.Reflection.MethodBase:Invoke (object,object[])
AreaBattle.EditorTools.BattleBuild:ValidateIntegrated () (at Assets/AreaBattle/Editor/BattleBuild.cs:32)

[Assets/AreaBattle/Scripts/RecoveredWayLineVisual.cs line 21]

Instantiating material due to calling renderer.material during edit mode. This will leak materials into the scene. You most likely want to use renderer.sharedMaterial instead.
UnityEngine.Debug:ExtractStackTraceNoAlloc (byte*,int,string)
UnityEngine.StackTraceUtility:ExtractStackTrace ()
UnityEngine.Renderer:GetMaterial ()
UnityEngine.Renderer:get_material ()
AreaBattle.RecoveredWayLineVisual:Initialize () (at Assets/AreaBattle/Scripts/RecoveredWayLineVisual.cs:33)
AreaBattle.RecoveredWayLineVisual:SetLine (UnityEngine.Vector3,UnityEngine.Vector3,UnityEngine.Color,UnityEngine.Color,bool,bool,single) (at Assets/AreaBattle/Scripts/RecoveredWayLineVisual.cs:56)
AreaBattle.RecoveredWayLineVisual:Synchronize (AreaBattle.LineState,AreaBattle.TowerState,AreaBattle.TowerState,UnityEngine.Color,UnityEngine.Color,single) (at Assets/AreaBattle/Scripts/RecoveredWayLineVisual.cs:46)
AreaBattle.RecoveredWayLineVisual:Synchronize (AreaBattle.LineState,AreaBattle.TowerState,AreaBattle.TowerState,single) (at Assets/AreaBattle/Scripts/RecoveredWayLineVisual.cs:21)
AreaBattle.BattleView:RefreshPresentation () (at Assets/AreaBattle/Scripts/BattleView.cs:566)
AreaBattle.BattleView:AdvanceFrame (single,single) (at Assets/AreaBattle/Scripts/BattleView.cs:374)
AreaBattle.EditorTools.RepresentativeReplayValidation:Advance (AreaBattle.BattleView,single) (at Assets/AreaBattle/Editor/RepresentativeReplayValidation.cs:102)
AreaBattle.EditorTools.RepresentativeReplayValidation:Win (AreaBattle.BattleView,AreaBattle.EditorTools.RepresentativeReplayValidation/Replay) (at Assets/AreaBattle/Editor/RepresentativeReplayValidation.cs:108)
AreaBattle.EditorTools.RepresentativeReplayValidation:Run () (at Assets/AreaBattle/Editor/RepresentativeReplayValidation.cs:141)
System.Reflection.RuntimeMethodInfo:Invoke (object,System.Reflection.BindingFlags,System.Reflection.Binder,object[],System.Globalization.CultureInfo)
System.Reflection.MethodBase:Invoke (object,object[])
AreaBattle.EditorTools.BattleBuild:ValidateIntegrated () (at Assets/AreaBattle/Editor/BattleBuild.cs:32)

[Assets/AreaBattle/Scripts/RecoveredWayLineVisual.cs line 21]

Instantiating material due to calling renderer.material during edit mode. This will leak materials into the scene. You most likely want to use renderer.sharedMaterial instead.
UnityEngine.Debug:ExtractStackTraceNoAlloc (byte*,int,string)
UnityEngine.StackTraceUtility:ExtractStackTrace ()
UnityEngine.Renderer:GetMaterial ()
UnityEngine.Renderer:get_material ()
AreaBattle.RecoveredWayLineVisual:Initialize () (at Assets/AreaBattle/Scripts/RecoveredWayLineVisual.cs:33)
AreaBattle.RecoveredWayLineVisual:SetLine (UnityEngine.Vector3,UnityEngine.Vector3,UnityEngine.Color,UnityEngine.Color,bool,bool,single) (at Assets/AreaBattle/Scripts/RecoveredWayLineVisual.cs:56)
AreaBattle.RecoveredWayLineVisual:Synchronize (AreaBattle.LineState,AreaBattle.TowerState,AreaBattle.TowerState,UnityEngine.Color,UnityEngine.Color,single) (at Assets/AreaBattle/Scripts/RecoveredWayLineVisual.cs:46)
AreaBattle.RecoveredWayLineVisual:Synchronize (AreaBattle.LineState,AreaBattle.TowerState,AreaBattle.TowerState,single) (at Assets/AreaBattle/Scripts/RecoveredWayLineVisual.cs:21)
AreaBattle.BattleView:RefreshPresentation () (at Assets/AreaBattle/Scripts/BattleView.cs:566)
AreaBattle.BattleView:AdvanceFrame (single,single) (at Assets/AreaBattle/Scripts/BattleView.cs:374)
AreaBattle.EditorTools.RepresentativeReplayValidation:Advance (AreaBattle.BattleView,single) (at Assets/AreaBattle/Editor/RepresentativeReplayValidation.cs:102)
AreaBattle.EditorTools.RepresentativeReplayValidation:Win (AreaBattle.BattleView,AreaBattle.EditorTools.RepresentativeReplayValidation/Replay) (at Assets/AreaBattle/Editor/RepresentativeReplayValidation.cs:108)
AreaBattle.EditorTools.RepresentativeReplayValidation:Run () (at Assets/AreaBattle/Editor/RepresentativeReplayValidation.cs:141)
System.Reflection.RuntimeMethodInfo:Invoke (object,System.Reflection.BindingFlags,System.Reflection.Binder,object[],System.Globalization.CultureInfo)
System.Reflection.MethodBase:Invoke (object,object[])
AreaBattle.EditorTools.BattleBuild:ValidateIntegrated () (at Assets/AreaBattle/Editor/BattleBuild.cs:32)

[Assets/AreaBattle/Scripts/RecoveredWayLineVisual.cs line 21]

Instantiating material due to calling renderer.material during edit mode. This will leak materials into the scene. You most likely want to use renderer.sharedMaterial instead.
UnityEngine.Debug:ExtractStackTraceNoAlloc (byte*,int,string)
UnityEngine.StackTraceUtility:ExtractStackTrace ()
UnityEngine.Renderer:GetMaterial ()
UnityEngine.Renderer:get_material ()
AreaBattle.RecoveredWayLineVisual:Initialize () (at Assets/AreaBattle/Scripts/RecoveredWayLineVisual.cs:33)
AreaBattle.RecoveredWayLineVisual:SetLine (UnityEngine.Vector3,UnityEngine.Vector3,UnityEngine.Color,UnityEngine.Color,bool,bool,single) (at Assets/AreaBattle/Scripts/RecoveredWayLineVisual.cs:56)
AreaBattle.RecoveredWayLineVisual:Synchronize (AreaBattle.LineState,AreaBattle.TowerState,AreaBattle.TowerState,UnityEngine.Color,UnityEngine.Color,single) (at Assets/AreaBattle/Scripts/RecoveredWayLineVisual.cs:46)
AreaBattle.RecoveredWayLineVisual:Synchronize (AreaBattle.LineState,AreaBattle.TowerState,AreaBattle.TowerState,single) (at Assets/AreaBattle/Scripts/RecoveredWayLineVisual.cs:21)
AreaBattle.BattleView:RefreshPresentation () (at Assets/AreaBattle/Scripts/BattleView.cs:566)
AreaBattle.BattleView:AdvanceFrame (single,single) (at Assets/AreaBattle/Scripts/BattleView.cs:374)
AreaBattle.EditorTools.RepresentativeReplayValidation:Advance (AreaBattle.BattleView,single) (at Assets/AreaBattle/Editor/RepresentativeReplayValidation.cs:102)
AreaBattle.EditorTools.RepresentativeReplayValidation:Win (AreaBattle.BattleView,AreaBattle.EditorTools.RepresentativeReplayValidation/Replay) (at Assets/AreaBattle/Editor/RepresentativeReplayValidation.cs:108)
AreaBattle.EditorTools.RepresentativeReplayValidation:Run () (at Assets/AreaBattle/Editor/RepresentativeReplayValidation.cs:141)
System.Reflection.RuntimeMethodInfo:Invoke (object,System.Reflection.BindingFlags,System.Reflection.Binder,object[],System.Globalization.CultureInfo)
System.Reflection.MethodBase:Invoke (object,object[])
AreaBattle.EditorTools.BattleBuild:ValidateIntegrated () (at Assets/AreaBattle/Editor/BattleBuild.cs:32)

[Assets/AreaBattle/Scripts/RecoveredWayLineVisual.cs line 21]

Instantiating material due to calling renderer.material during edit mode. This will leak materials into the scene. You most likely want to use renderer.sharedMaterial instead.
UnityEngine.Debug:ExtractStackTraceNoAlloc (byte*,int,string)
UnityEngine.StackTraceUtility:ExtractStackTrace ()
UnityEngine.Renderer:GetMaterial ()
UnityEngine.Renderer:get_material ()
AreaBattle.RecoveredWayLineVisual:Initialize () (at Assets/AreaBattle/Scripts/RecoveredWayLineVisual.cs:33)
AreaBattle.RecoveredWayLineVisual:SetLine (UnityEngine.Vector3,UnityEngine.Vector3,UnityEngine.Color,UnityEngine.Color,bool,bool,single) (at Assets/AreaBattle/Scripts/RecoveredWayLineVisual.cs:56)
AreaBattle.RecoveredWayLineVisual:Synchronize (AreaBattle.LineState,AreaBattle.TowerState,AreaBattle.TowerState,UnityEngine.Color,UnityEngine.Color,single) (at Assets/AreaBattle/Scripts/RecoveredWayLineVisual.cs:46)
AreaBattle.RecoveredWayLineVisual:Synchronize (AreaBattle.LineState,AreaBattle.TowerState,AreaBattle.TowerState,single) (at Assets/AreaBattle/Scripts/RecoveredWayLineVisual.cs:21)
AreaBattle.BattleView:RefreshPresentation () (at Assets/AreaBattle/Scripts/BattleView.cs:566)
AreaBattle.BattleView:AdvanceFrame (single,single) (at Assets/AreaBattle/Scripts/BattleView.cs:374)
AreaBattle.EditorTools.RepresentativeReplayValidation:Advance (AreaBattle.BattleView,single) (at Assets/AreaBattle/Editor/RepresentativeReplayValidation.cs:102)
AreaBattle.EditorTools.RepresentativeReplayValidation:Win (AreaBattle.BattleView,AreaBattle.EditorTools.RepresentativeReplayValidation/Replay) (at Assets/AreaBattle/Editor/RepresentativeReplayValidation.cs:108)
AreaBattle.EditorTools.RepresentativeReplayValidation:Run () (at Assets/AreaBattle/Editor/RepresentativeReplayValidation.cs:141)
System.Reflection.RuntimeMethodInfo:Invoke (object,System.Reflection.BindingFlags,System.Reflection.Binder,object[],System.Globalization.CultureInfo)
System.Reflection.MethodBase:Invoke (object,object[])
AreaBattle.EditorTools.BattleBuild:ValidateIntegrated () (at Assets/AreaBattle/Editor/BattleBuild.cs:32)

[Assets/AreaBattle/Scripts/RecoveredWayLineVisual.cs line 21]

Instantiating material due to calling renderer.material during edit mode. This will leak materials into the scene. You most likely want to use renderer.sharedMaterial instead.
UnityEngine.Debug:ExtractStackTraceNoAlloc (byte*,int,string)
UnityEngine.StackTraceUtility:ExtractStackTrace ()
UnityEngine.Renderer:GetMaterial ()
UnityEngine.Renderer:get_material ()
AreaBattle.RecoveredWayLineVisual:Initialize () (at Assets/AreaBattle/Scripts/RecoveredWayLineVisual.cs:33)
AreaBattle.RecoveredWayLineVisual:SetLine (UnityEngine.Vector3,UnityEngine.Vector3,UnityEngine.Color,UnityEngine.Color,bool,bool,single) (at Assets/AreaBattle/Scripts/RecoveredWayLineVisual.cs:56)
AreaBattle.RecoveredWayLineVisual:Synchronize (AreaBattle.LineState,AreaBattle.TowerState,AreaBattle.TowerState,UnityEngine.Color,UnityEngine.Color,single) (at Assets/AreaBattle/Scripts/RecoveredWayLineVisual.cs:46)
AreaBattle.RecoveredWayLineVisual:Synchronize (AreaBattle.LineState,AreaBattle.TowerState,AreaBattle.TowerState,single) (at Assets/AreaBattle/Scripts/RecoveredWayLineVisual.cs:21)
AreaBattle.BattleView:RefreshPresentation () (at Assets/AreaBattle/Scripts/BattleView.cs:566)
AreaBattle.BattleView:AdvanceFrame (single,single) (at Assets/AreaBattle/Scripts/BattleView.cs:374)
AreaBattle.EditorTools.RepresentativeReplayValidation:Advance (AreaBattle.BattleView,single) (at Assets/AreaBattle/Editor/RepresentativeReplayValidation.cs:102)
AreaBattle.EditorTools.RepresentativeReplayValidation:Win (AreaBattle.BattleView,AreaBattle.EditorTools.RepresentativeReplayValidation/Replay) (at Assets/AreaBattle/Editor/RepresentativeReplayValidation.cs:108)
AreaBattle.EditorTools.RepresentativeReplayValidation:Run () (at Assets/AreaBattle/Editor/RepresentativeReplayValidation.cs:141)
System.Reflection.RuntimeMethodInfo:Invoke (object,System.Reflection.BindingFlags,System.Reflection.Binder,object[],System.Globalization.CultureInfo)
System.Reflection.MethodBase:Invoke (object,object[])
AreaBattle.EditorTools.BattleBuild:ValidateIntegrated () (at Assets/AreaBattle/Editor/BattleBuild.cs:32)

[Assets/AreaBattle/Scripts/RecoveredWayLineVisual.cs line 21]

Instantiating material due to calling renderer.material during edit mode. This will leak materials into the scene. You most likely want to use renderer.sharedMaterial instead.
UnityEngine.Debug:ExtractStackTraceNoAlloc (byte*,int,string)
UnityEngine.StackTraceUtility:ExtractStackTrace ()
UnityEngine.Renderer:GetMaterial ()
UnityEngine.Renderer:get_material ()
AreaBattle.RecoveredWayLineVisual:Initialize () (at Assets/AreaBattle/Scripts/RecoveredWayLineVisual.cs:33)
AreaBattle.RecoveredWayLineVisual:SetLine (UnityEngine.Vector3,UnityEngine.Vector3,UnityEngine.Color,UnityEngine.Color,bool,bool,single) (at Assets/AreaBattle/Scripts/RecoveredWayLineVisual.cs:56)
AreaBattle.RecoveredWayLineVisual:Synchronize (AreaBattle.LineState,AreaBattle.TowerState,AreaBattle.TowerState,UnityEngine.Color,UnityEngine.Color,single) (at Assets/AreaBattle/Scripts/RecoveredWayLineVisual.cs:46)
AreaBattle.RecoveredWayLineVisual:Synchronize (AreaBattle.LineState,AreaBattle.TowerState,AreaBattle.TowerState,single) (at Assets/AreaBattle/Scripts/RecoveredWayLineVisual.cs:21)
AreaBattle.BattleView:RefreshPresentation () (at Assets/AreaBattle/Scripts/BattleView.cs:566)
AreaBattle.BattleView:AdvanceFrame (single,single) (at Assets/AreaBattle/Scripts/BattleView.cs:374)
AreaBattle.EditorTools.RepresentativeReplayValidation:Advance (AreaBattle.BattleView,single) (at Assets/AreaBattle/Editor/RepresentativeReplayValidation.cs:102)
AreaBattle.EditorTools.RepresentativeReplayValidation:Win (AreaBattle.BattleView,AreaBattle.EditorTools.RepresentativeReplayValidation/Replay) (at Assets/AreaBattle/Editor/RepresentativeReplayValidation.cs:108)
AreaBattle.EditorTools.RepresentativeReplayValidation:Run () (at Assets/AreaBattle/Editor/RepresentativeReplayValidation.cs:141)
System.Reflection.RuntimeMethodInfo:Invoke (object,System.Reflection.BindingFlags,System.Reflection.Binder,object[],System.Globalization.CultureInfo)
System.Reflection.MethodBase:Invoke (object,object[])
AreaBattle.EditorTools.BattleBuild:ValidateIntegrated () (at Assets/AreaBattle/Editor/BattleBuild.cs:32)

[Assets/AreaBattle/Scripts/RecoveredWayLineVisual.cs line 21]

Instantiating material due to calling renderer.material during edit mode. This will leak materials into the scene. You most likely want to use renderer.sharedMaterial instead.
UnityEngine.Debug:ExtractStackTraceNoAlloc (byte*,int,string)
UnityEngine.StackTraceUtility:ExtractStackTrace ()
UnityEngine.Renderer:GetMaterial ()
UnityEngine.Renderer:get_material ()
AreaBattle.RecoveredWayLineVisual:Initialize () (at Assets/AreaBattle/Scripts/RecoveredWayLineVisual.cs:33)
AreaBattle.RecoveredWayLineVisual:SetLine (UnityEngine.Vector3,UnityEngine.Vector3,UnityEngine.Color,UnityEngine.Color,bool,bool,single) (at Assets/AreaBattle/Scripts/RecoveredWayLineVisual.cs:56)
AreaBattle.RecoveredWayLineVisual:Synchronize (AreaBattle.LineState,AreaBattle.TowerState,AreaBattle.TowerState,UnityEngine.Color,UnityEngine.Color,single) (at Assets/AreaBattle/Scripts/RecoveredWayLineVisual.cs:46)
AreaBattle.RecoveredWayLineVisual:Synchronize (AreaBattle.LineState,AreaBattle.TowerState,AreaBattle.TowerState,single) (at Assets/AreaBattle/Scripts/RecoveredWayLineVisual.cs:21)
AreaBattle.BattleView:RefreshPresentation () (at Assets/AreaBattle/Scripts/BattleView.cs:566)
AreaBattle.BattleView:AdvanceFrame (single,single) (at Assets/AreaBattle/Scripts/BattleView.cs:374)
AreaBattle.EditorTools.RepresentativeReplayValidation:Advance (AreaBattle.BattleView,single) (at Assets/AreaBattle/Editor/RepresentativeReplayValidation.cs:102)
AreaBattle.EditorTools.RepresentativeReplayValidation:Win (AreaBattle.BattleView,AreaBattle.EditorTools.RepresentativeReplayValidation/Replay) (at Assets/AreaBattle/Editor/RepresentativeReplayValidation.cs:108)
AreaBattle.EditorTools.RepresentativeReplayValidation:Run () (at Assets/AreaBattle/Editor/RepresentativeReplayValidation.cs:141)
System.Reflection.RuntimeMethodInfo:Invoke (object,System.Reflection.BindingFlags,System.Reflection.Binder,object[],System.Globalization.CultureInfo)
System.Reflection.MethodBase:Invoke (object,object[])
AreaBattle.EditorTools.BattleBuild:ValidateIntegrated () (at Assets/AreaBattle/Editor/BattleBuild.cs:32)

[Assets/AreaBattle/Scripts/RecoveredWayLineVisual.cs line 21]

Instantiating material due to calling renderer.material during edit mode. This will leak materials into the scene. You most likely want to use renderer.sharedMaterial instead.
UnityEngine.Debug:ExtractStackTraceNoAlloc (byte*,int,string)
UnityEngine.StackTraceUtility:ExtractStackTrace ()
UnityEngine.Renderer:GetMaterial ()
UnityEngine.Renderer:get_material ()
AreaBattle.RecoveredWayLineVisual:Initialize () (at Assets/AreaBattle/Scripts/RecoveredWayLineVisual.cs:33)
AreaBattle.RecoveredWayLineVisual:SetLine (UnityEngine.Vector3,UnityEngine.Vector3,UnityEngine.Color,UnityEngine.Color,bool,bool,single) (at Assets/AreaBattle/Scripts/RecoveredWayLineVisual.cs:56)
AreaBattle.RecoveredWayLineVisual:Synchronize (AreaBattle.LineState,AreaBattle.TowerState,AreaBattle.TowerState,UnityEngine.Color,UnityEngine.Color,single) (at Assets/AreaBattle/Scripts/RecoveredWayLineVisual.cs:46)
AreaBattle.RecoveredWayLineVisual:Synchronize (AreaBattle.LineState,AreaBattle.TowerState,AreaBattle.TowerState,single) (at Assets/AreaBattle/Scripts/RecoveredWayLineVisual.cs:21)
AreaBattle.BattleView:RefreshPresentation () (at Assets/AreaBattle/Scripts/BattleView.cs:566)
AreaBattle.BattleView:AdvanceFrame (single,single) (at Assets/AreaBattle/Scripts/BattleView.cs:374)
AreaBattle.EditorTools.RepresentativeReplayValidation:Advance (AreaBattle.BattleView,single) (at Assets/AreaBattle/Editor/RepresentativeReplayValidation.cs:102)
AreaBattle.EditorTools.RepresentativeReplayValidation:Win (AreaBattle.BattleView,AreaBattle.EditorTools.RepresentativeReplayValidation/Replay) (at Assets/AreaBattle/Editor/RepresentativeReplayValidation.cs:108)
AreaBattle.EditorTools.RepresentativeReplayValidation:Run () (at Assets/AreaBattle/Editor/RepresentativeReplayValidation.cs:141)
System.Reflection.RuntimeMethodInfo:Invoke (object,System.Reflection.BindingFlags,System.Reflection.Binder,object[],System.Globalization.CultureInfo)
System.Reflection.MethodBase:Invoke (object,object[])
AreaBattle.EditorTools.BattleBuild:ValidateIntegrated () (at Assets/AreaBattle/Editor/BattleBuild.cs:32)

[Assets/AreaBattle/Scripts/RecoveredWayLineVisual.cs line 21]

Instantiating material due to calling renderer.material during edit mode. This will leak materials into the scene. You most likely want to use renderer.sharedMaterial instead.
UnityEngine.Debug:ExtractStackTraceNoAlloc (byte*,int,string)
UnityEngine.StackTraceUtility:ExtractStackTrace ()
UnityEngine.Renderer:GetMaterial ()
UnityEngine.Renderer:get_material ()
AreaBattle.RecoveredWayLineVisual:Initialize () (at Assets/AreaBattle/Scripts/RecoveredWayLineVisual.cs:33)
AreaBattle.RecoveredWayLineVisual:SetLine (UnityEngine.Vector3,UnityEngine.Vector3,UnityEngine.Color,UnityEngine.Color,bool,bool,single) (at Assets/AreaBattle/Scripts/RecoveredWayLineVisual.cs:56)
AreaBattle.RecoveredWayLineVisual:Synchronize (AreaBattle.LineState,AreaBattle.TowerState,AreaBattle.TowerState,UnityEngine.Color,UnityEngine.Color,single) (at Assets/AreaBattle/Scripts/RecoveredWayLineVisual.cs:46)
AreaBattle.RecoveredWayLineVisual:Synchronize (AreaBattle.LineState,AreaBattle.TowerState,AreaBattle.TowerState,single) (at Assets/AreaBattle/Scripts/RecoveredWayLineVisual.cs:21)
AreaBattle.BattleView:RefreshPresentation () (at Assets/AreaBattle/Scripts/BattleView.cs:566)
AreaBattle.BattleView:AdvanceFrame (single,single) (at Assets/AreaBattle/Scripts/BattleView.cs:374)
AreaBattle.EditorTools.RepresentativeReplayValidation:Advance (AreaBattle.BattleView,single) (at Assets/AreaBattle/Editor/RepresentativeReplayValidation.cs:102)
AreaBattle.EditorTools.RepresentativeReplayValidation:Win (AreaBattle.BattleView,AreaBattle.EditorTools.RepresentativeReplayValidation/Replay) (at Assets/AreaBattle/Editor/RepresentativeReplayValidation.cs:108)
AreaBattle.EditorTools.RepresentativeReplayValidation:Run () (at Assets/AreaBattle/Editor/RepresentativeReplayValidation.cs:141)
System.Reflection.RuntimeMethodInfo:Invoke (object,System.Reflection.BindingFlags,System.Reflection.Binder,object[],System.Globalization.CultureInfo)
System.Reflection.MethodBase:Invoke (object,object[])
AreaBattle.EditorTools.BattleBuild:ValidateIntegrated () (at Assets/AreaBattle/Editor/BattleBuild.cs:32)

[Assets/AreaBattle/Scripts/RecoveredWayLineVisual.cs line 21]

Instantiating material due to calling renderer.material during edit mode. This will leak materials into the scene. You most likely want to use renderer.sharedMaterial instead.
UnityEngine.Debug:ExtractStackTraceNoAlloc (byte*,int,string)
UnityEngine.StackTraceUtility:ExtractStackTrace ()
UnityEngine.Renderer:GetMaterial ()
UnityEngine.Renderer:get_material ()
AreaBattle.RecoveredWayLineVisual:Initialize () (at Assets/AreaBattle/Scripts/RecoveredWayLineVisual.cs:33)
AreaBattle.RecoveredWayLineVisual:SetLine (UnityEngine.Vector3,UnityEngine.Vector3,UnityEngine.Color,UnityEngine.Color,bool,bool,single) (at Assets/AreaBattle/Scripts/RecoveredWayLineVisual.cs:56)
AreaBattle.RecoveredWayLineVisual:Synchronize (AreaBattle.LineState,AreaBattle.TowerState,AreaBattle.TowerState,UnityEngine.Color,UnityEngine.Color,single) (at Assets/AreaBattle/Scripts/RecoveredWayLineVisual.cs:46)
AreaBattle.RecoveredWayLineVisual:Synchronize (AreaBattle.LineState,AreaBattle.TowerState,AreaBattle.TowerState,single) (at Assets/AreaBattle/Scripts/RecoveredWayLineVisual.cs:21)
AreaBattle.BattleView:RefreshPresentation () (at Assets/AreaBattle/Scripts/BattleView.cs:566)
AreaBattle.BattleView:AdvanceFrame (single,single) (at Assets/AreaBattle/Scripts/BattleView.cs:374)
AreaBattle.EditorTools.RepresentativeReplayValidation:Advance (AreaBattle.BattleView,single) (at Assets/AreaBattle/Editor/RepresentativeReplayValidation.cs:102)
AreaBattle.EditorTools.RepresentativeReplayValidation:Win (AreaBattle.BattleView,AreaBattle.EditorTools.RepresentativeReplayValidation/Replay) (at Assets/AreaBattle/Editor/RepresentativeReplayValidation.cs:108)
AreaBattle.EditorTools.RepresentativeReplayValidation:Run () (at Assets/AreaBattle/Editor/RepresentativeReplayValidation.cs:141)
System.Reflection.RuntimeMethodInfo:Invoke (object,System.Reflection.BindingFlags,System.Reflection.Binder,object[],System.Globalization.CultureInfo)
System.Reflection.MethodBase:Invoke (object,object[])
AreaBattle.EditorTools.BattleBuild:ValidateIntegrated () (at Assets/AreaBattle/Editor/BattleBuild.cs:32)

[Assets/AreaBattle/Scripts/RecoveredWayLineVisual.cs line 21]

Instantiating material due to calling renderer.material during edit mode. This will leak materials into the scene. You most likely want to use renderer.sharedMaterial instead.
UnityEngine.Debug:ExtractStackTraceNoAlloc (byte*,int,string)
UnityEngine.StackTraceUtility:ExtractStackTrace ()
UnityEngine.Renderer:GetMaterial ()
UnityEngine.Renderer:get_material ()
AreaBattle.RecoveredWayLineVisual:Initialize () (at Assets/AreaBattle/Scripts/RecoveredWayLineVisual.cs:33)
AreaBattle.RecoveredWayLineVisual:SetLine (UnityEngine.Vector3,UnityEngine.Vector3,UnityEngine.Color,UnityEngine.Color,bool,bool,single) (at Assets/AreaBattle/Scripts/RecoveredWayLineVisual.cs:56)
AreaBattle.RecoveredWayLineVisual:Synchronize (AreaBattle.LineState,AreaBattle.TowerState,AreaBattle.TowerState,UnityEngine.Color,UnityEngine.Color,single) (at Assets/AreaBattle/Scripts/RecoveredWayLineVisual.cs:46)
AreaBattle.RecoveredWayLineVisual:Synchronize (AreaBattle.LineState,AreaBattle.TowerState,AreaBattle.TowerState,single) (at Assets/AreaBattle/Scripts/RecoveredWayLineVisual.cs:21)
AreaBattle.BattleView:RefreshPresentation () (at Assets/AreaBattle/Scripts/BattleView.cs:566)
AreaBattle.BattleView:AdvanceFrame (single,single) (at Assets/AreaBattle/Scripts/BattleView.cs:374)
AreaBattle.EditorTools.RepresentativeReplayValidation:Advance (AreaBattle.BattleView,single) (at Assets/AreaBattle/Editor/RepresentativeReplayValidation.cs:102)
AreaBattle.EditorTools.RepresentativeReplayValidation:Win (AreaBattle.BattleView,AreaBattle.EditorTools.RepresentativeReplayValidation/Replay) (at Assets/AreaBattle/Editor/RepresentativeReplayValidation.cs:108)
AreaBattle.EditorTools.RepresentativeReplayValidation:Run () (at Assets/AreaBattle/Editor/RepresentativeReplayValidation.cs:141)
System.Reflection.RuntimeMethodInfo:Invoke (object,System.Reflection.BindingFlags,System.Reflection.Binder,object[],System.Globalization.CultureInfo)
System.Reflection.MethodBase:Invoke (object,object[])
AreaBattle.EditorTools.BattleBuild:ValidateIntegrated () (at Assets/AreaBattle/Editor/BattleBuild.cs:32)

[Assets/AreaBattle/Scripts/RecoveredWayLineVisual.cs line 21]

Instantiating material due to calling renderer.material during edit mode. This will leak materials into the scene. You most likely want to use renderer.sharedMaterial instead.
UnityEngine.Debug:ExtractStackTraceNoAlloc (byte*,int,string)
UnityEngine.StackTraceUtility:ExtractStackTrace ()
UnityEngine.Renderer:GetMaterial ()
UnityEngine.Renderer:get_material ()
AreaBattle.RecoveredWayLineVisual:Initialize () (at Assets/AreaBattle/Scripts/RecoveredWayLineVisual.cs:33)
AreaBattle.RecoveredWayLineVisual:SetLine (UnityEngine.Vector3,UnityEngine.Vector3,UnityEngine.Color,UnityEngine.Color,bool,bool,single) (at Assets/AreaBattle/Scripts/RecoveredWayLineVisual.cs:56)
AreaBattle.RecoveredWayLineVisual:Synchronize (AreaBattle.LineState,AreaBattle.TowerState,AreaBattle.TowerState,UnityEngine.Color,UnityEngine.Color,single) (at Assets/AreaBattle/Scripts/RecoveredWayLineVisual.cs:46)
AreaBattle.RecoveredWayLineVisual:Synchronize (AreaBattle.LineState,AreaBattle.TowerState,AreaBattle.TowerState,single) (at Assets/AreaBattle/Scripts/RecoveredWayLineVisual.cs:21)
AreaBattle.BattleView:RefreshPresentation () (at Assets/AreaBattle/Scripts/BattleView.cs:566)
AreaBattle.BattleView:AdvanceFrame (single,single) (at Assets/AreaBattle/Scripts/BattleView.cs:374)
AreaBattle.EditorTools.RepresentativeReplayValidation:Advance (AreaBattle.BattleView,single) (at Assets/AreaBattle/Editor/RepresentativeReplayValidation.cs:102)
AreaBattle.EditorTools.RepresentativeReplayValidation:Win (AreaBattle.BattleView,AreaBattle.EditorTools.RepresentativeReplayValidation/Replay) (at Assets/AreaBattle/Editor/RepresentativeReplayValidation.cs:108)
AreaBattle.EditorTools.RepresentativeReplayValidation:Run () (at Assets/AreaBattle/Editor/RepresentativeReplayValidation.cs:141)
System.Reflection.RuntimeMethodInfo:Invoke (object,System.Reflection.BindingFlags,System.Reflection.Binder,object[],System.Globalization.CultureInfo)
System.Reflection.MethodBase:Invoke (object,object[])
AreaBattle.EditorTools.BattleBuild:ValidateIntegrated () (at Assets/AreaBattle/Editor/BattleBuild.cs:32)

[Assets/AreaBattle/Scripts/RecoveredWayLineVisual.cs line 21]

Instantiating material due to calling renderer.material during edit mode. This will leak materials into the scene. You most likely want to use renderer.sharedMaterial instead.
UnityEngine.Debug:ExtractStackTraceNoAlloc (byte*,int,string)
UnityEngine.StackTraceUtility:ExtractStackTrace ()
UnityEngine.Renderer:GetMaterial ()
UnityEngine.Renderer:get_material ()
AreaBattle.RecoveredWayLineVisual:Initialize () (at Assets/AreaBattle/Scripts/RecoveredWayLineVisual.cs:33)
AreaBattle.RecoveredWayLineVisual:SetLine (UnityEngine.Vector3,UnityEngine.Vector3,UnityEngine.Color,UnityEngine.Color,bool,bool,single) (at Assets/AreaBattle/Scripts/RecoveredWayLineVisual.cs:56)
AreaBattle.RecoveredWayLineVisual:Synchronize (AreaBattle.LineState,AreaBattle.TowerState,AreaBattle.TowerState,UnityEngine.Color,UnityEngine.Color,single) (at Assets/AreaBattle/Scripts/RecoveredWayLineVisual.cs:46)
AreaBattle.RecoveredWayLineVisual:Synchronize (AreaBattle.LineState,AreaBattle.TowerState,AreaBattle.TowerState,single) (at Assets/AreaBattle/Scripts/RecoveredWayLineVisual.cs:21)
AreaBattle.BattleView:RefreshPresentation () (at Assets/AreaBattle/Scripts/BattleView.cs:566)
AreaBattle.BattleView:AdvanceFrame (single,single) (at Assets/AreaBattle/Scripts/BattleView.cs:374)
AreaBattle.EditorTools.RepresentativeReplayValidation:Advance (AreaBattle.BattleView,single) (at Assets/AreaBattle/Editor/RepresentativeReplayValidation.cs:102)
AreaBattle.EditorTools.RepresentativeReplayValidation:Win (AreaBattle.BattleView,AreaBattle.EditorTools.RepresentativeReplayValidation/Replay) (at Assets/AreaBattle/Editor/RepresentativeReplayValidation.cs:108)
AreaBattle.EditorTools.RepresentativeReplayValidation:Run () (at Assets/AreaBattle/Editor/RepresentativeReplayValidation.cs:141)
System.Reflection.RuntimeMethodInfo:Invoke (object,System.Reflection.BindingFlags,System.Reflection.Binder,object[],System.Globalization.CultureInfo)
System.Reflection.MethodBase:Invoke (object,object[])
AreaBattle.EditorTools.BattleBuild:ValidateIntegrated () (at Assets/AreaBattle/Editor/BattleBuild.cs:32)

[Assets/AreaBattle/Scripts/RecoveredWayLineVisual.cs line 21]

Instantiating material due to calling renderer.material during edit mode. This will leak materials into the scene. You most likely want to use renderer.sharedMaterial instead.
UnityEngine.Debug:ExtractStackTraceNoAlloc (byte*,int,string)
UnityEngine.StackTraceUtility:ExtractStackTrace ()
UnityEngine.Renderer:GetMaterial ()
UnityEngine.Renderer:get_material ()
AreaBattle.RecoveredWayLineVisual:Initialize () (at Assets/AreaBattle/Scripts/RecoveredWayLineVisual.cs:33)
AreaBattle.RecoveredWayLineVisual:SetLine (UnityEngine.Vector3,UnityEngine.Vector3,UnityEngine.Color,UnityEngine.Color,bool,bool,single) (at Assets/AreaBattle/Scripts/RecoveredWayLineVisual.cs:56)
AreaBattle.RecoveredWayLineVisual:Synchronize (AreaBattle.LineState,AreaBattle.TowerState,AreaBattle.TowerState,UnityEngine.Color,UnityEngine.Color,single) (at Assets/AreaBattle/Scripts/RecoveredWayLineVisual.cs:46)
AreaBattle.RecoveredWayLineVisual:Synchronize (AreaBattle.LineState,AreaBattle.TowerState,AreaBattle.TowerState,single) (at Assets/AreaBattle/Scripts/RecoveredWayLineVisual.cs:21)
AreaBattle.BattleView:RefreshPresentation () (at Assets/AreaBattle/Scripts/BattleView.cs:566)
AreaBattle.BattleView:AdvanceFrame (single,single) (at Assets/AreaBattle/Scripts/BattleView.cs:374)
AreaBattle.EditorTools.RepresentativeReplayValidation:Advance (AreaBattle.BattleView,single) (at Assets/AreaBattle/Editor/RepresentativeReplayValidation.cs:102)
AreaBattle.EditorTools.RepresentativeReplayValidation:Win (AreaBattle.BattleView,AreaBattle.EditorTools.RepresentativeReplayValidation/Replay) (at Assets/AreaBattle/Editor/RepresentativeReplayValidation.cs:108)
AreaBattle.EditorTools.RepresentativeReplayValidation:Run () (at Assets/AreaBattle/Editor/RepresentativeReplayValidation.cs:141)
System.Reflection.RuntimeMethodInfo:Invoke (object,System.Reflection.BindingFlags,System.Reflection.Binder,object[],System.Globalization.CultureInfo)
System.Reflection.MethodBase:Invoke (object,object[])
AreaBattle.EditorTools.BattleBuild:ValidateIntegrated () (at Assets/AreaBattle/Editor/BattleBuild.cs:32)

[Assets/AreaBattle/Scripts/RecoveredWayLineVisual.cs line 21]

Instantiating material due to calling renderer.material during edit mode. This will leak materials into the scene. You most likely want to use renderer.sharedMaterial instead.
UnityEngine.Debug:ExtractStackTraceNoAlloc (byte*,int,string)
UnityEngine.StackTraceUtility:ExtractStackTrace ()
UnityEngine.Renderer:GetMaterial ()
UnityEngine.Renderer:get_material ()
AreaBattle.RecoveredWayLineVisual:Initialize () (at Assets/AreaBattle/Scripts/RecoveredWayLineVisual.cs:33)
AreaBattle.RecoveredWayLineVisual:SetLine (UnityEngine.Vector3,UnityEngine.Vector3,UnityEngine.Color,UnityEngine.Color,bool,bool,single) (at Assets/AreaBattle/Scripts/RecoveredWayLineVisual.cs:56)
AreaBattle.RecoveredWayLineVisual:Synchronize (AreaBattle.LineState,AreaBattle.TowerState,AreaBattle.TowerState,UnityEngine.Color,UnityEngine.Color,single) (at Assets/AreaBattle/Scripts/RecoveredWayLineVisual.cs:46)
AreaBattle.RecoveredWayLineVisual:Synchronize (AreaBattle.LineState,AreaBattle.TowerState,AreaBattle.TowerState,single) (at Assets/AreaBattle/Scripts/RecoveredWayLineVisual.cs:21)
AreaBattle.BattleView:RefreshPresentation () (at Assets/AreaBattle/Scripts/BattleView.cs:566)
AreaBattle.BattleView:AdvanceFrame (single,single) (at Assets/AreaBattle/Scripts/BattleView.cs:374)
AreaBattle.EditorTools.RepresentativeReplayValidation:Advance (AreaBattle.BattleView,single) (at Assets/AreaBattle/Editor/RepresentativeReplayValidation.cs:102)
AreaBattle.EditorTools.RepresentativeReplayValidation:Win (AreaBattle.BattleView,AreaBattle.EditorTools.RepresentativeReplayValidation/Replay) (at Assets/AreaBattle/Editor/RepresentativeReplayValidation.cs:108)
AreaBattle.EditorTools.RepresentativeReplayValidation:Run () (at Assets/AreaBattle/Editor/RepresentativeReplayValidation.cs:141)
System.Reflection.RuntimeMethodInfo:Invoke (object,System.Reflection.BindingFlags,System.Reflection.Binder,object[],System.Globalization.CultureInfo)
System.Reflection.MethodBase:Invoke (object,object[])
AreaBattle.EditorTools.BattleBuild:ValidateIntegrated () (at Assets/AreaBattle/Editor/BattleBuild.cs:32)

[Assets/AreaBattle/Scripts/RecoveredWayLineVisual.cs line 21]

Instantiating material due to calling renderer.material during edit mode. This will leak materials into the scene. You most likely want to use renderer.sharedMaterial instead.
UnityEngine.Debug:ExtractStackTraceNoAlloc (byte*,int,string)
UnityEngine.StackTraceUtility:ExtractStackTrace ()
UnityEngine.Renderer:GetMaterial ()
UnityEngine.Renderer:get_material ()
AreaBattle.RecoveredWayLineVisual:Initialize () (at Assets/AreaBattle/Scripts/RecoveredWayLineVisual.cs:33)
AreaBattle.RecoveredWayLineVisual:SetLine (UnityEngine.Vector3,UnityEngine.Vector3,UnityEngine.Color,UnityEngine.Color,bool,bool,single) (at Assets/AreaBattle/Scripts/RecoveredWayLineVisual.cs:56)
AreaBattle.RecoveredWayLineVisual:Synchronize (AreaBattle.LineState,AreaBattle.TowerState,AreaBattle.TowerState,UnityEngine.Color,UnityEngine.Color,single) (at Assets/AreaBattle/Scripts/RecoveredWayLineVisual.cs:46)
AreaBattle.RecoveredWayLineVisual:Synchronize (AreaBattle.LineState,AreaBattle.TowerState,AreaBattle.TowerState,single) (at Assets/AreaBattle/Scripts/RecoveredWayLineVisual.cs:21)
AreaBattle.BattleView:RefreshPresentation () (at Assets/AreaBattle/Scripts/BattleView.cs:566)
AreaBattle.BattleView:AdvanceFrame (single,single) (at Assets/AreaBattle/Scripts/BattleView.cs:374)
AreaBattle.EditorTools.RepresentativeReplayValidation:Advance (AreaBattle.BattleView,single) (at Assets/AreaBattle/Editor/RepresentativeReplayValidation.cs:102)
AreaBattle.EditorTools.RepresentativeReplayValidation:Win (AreaBattle.BattleView,AreaBattle.EditorTools.RepresentativeReplayValidation/Replay) (at Assets/AreaBattle/Editor/RepresentativeReplayValidation.cs:108)
AreaBattle.EditorTools.RepresentativeReplayValidation:Run () (at Assets/AreaBattle/Editor/RepresentativeReplayValidation.cs:141)
System.Reflection.RuntimeMethodInfo:Invoke (object,System.Reflection.BindingFlags,System.Reflection.Binder,object[],System.Globalization.CultureInfo)
System.Reflection.MethodBase:Invoke (object,object[])
AreaBattle.EditorTools.BattleBuild:ValidateIntegrated () (at Assets/AreaBattle/Editor/BattleBuild.cs:32)

[Assets/AreaBattle/Scripts/RecoveredWayLineVisual.cs line 21]

Instantiating material due to calling renderer.material during edit mode. This will leak materials into the scene. You most likely want to use renderer.sharedMaterial instead.
UnityEngine.Debug:ExtractStackTraceNoAlloc (byte*,int,string)
UnityEngine.StackTraceUtility:ExtractStackTrace ()
UnityEngine.Renderer:GetMaterial ()
UnityEngine.Renderer:get_material ()
AreaBattle.RecoveredWayLineVisual:Initialize () (at Assets/AreaBattle/Scripts/RecoveredWayLineVisual.cs:33)
AreaBattle.RecoveredWayLineVisual:SetLine (UnityEngine.Vector3,UnityEngine.Vector3,UnityEngine.Color,UnityEngine.Color,bool,bool,single) (at Assets/AreaBattle/Scripts/RecoveredWayLineVisual.cs:56)
AreaBattle.RecoveredWayLineVisual:Synchronize (AreaBattle.LineState,AreaBattle.TowerState,AreaBattle.TowerState,UnityEngine.Color,UnityEngine.Color,single) (at Assets/AreaBattle/Scripts/RecoveredWayLineVisual.cs:46)
AreaBattle.RecoveredWayLineVisual:Synchronize (AreaBattle.LineState,AreaBattle.TowerState,AreaBattle.TowerState,single) (at Assets/AreaBattle/Scripts/RecoveredWayLineVisual.cs:21)
AreaBattle.BattleView:RefreshPresentation () (at Assets/AreaBattle/Scripts/BattleView.cs:566)
AreaBattle.BattleView:AdvanceFrame (single,single) (at Assets/AreaBattle/Scripts/BattleView.cs:374)
AreaBattle.EditorTools.RepresentativeReplayValidation:Advance (AreaBattle.BattleView,single) (at Assets/AreaBattle/Editor/RepresentativeReplayValidation.cs:102)
AreaBattle.EditorTools.RepresentativeReplayValidation:Win (AreaBattle.BattleView,AreaBattle.EditorTools.RepresentativeReplayValidation/Replay) (at Assets/AreaBattle/Editor/RepresentativeReplayValidation.cs:108)
AreaBattle.EditorTools.RepresentativeReplayValidation:Run () (at Assets/AreaBattle/Editor/RepresentativeReplayValidation.cs:141)
System.Reflection.RuntimeMethodInfo:Invoke (object,System.Reflection.BindingFlags,System.Reflection.Binder,object[],System.Globalization.CultureInfo)
System.Reflection.MethodBase:Invoke (object,object[])
AreaBattle.EditorTools.BattleBuild:ValidateIntegrated () (at Assets/AreaBattle/Editor/BattleBuild.cs:32)

[Assets/AreaBattle/Scripts/RecoveredWayLineVisual.cs line 21]

Instantiating material due to calling renderer.material during edit mode. This will leak materials into the scene. You most likely want to use renderer.sharedMaterial instead.
UnityEngine.Debug:ExtractStackTraceNoAlloc (byte*,int,string)
UnityEngine.StackTraceUtility:ExtractStackTrace ()
UnityEngine.Renderer:GetMaterial ()
UnityEngine.Renderer:get_material ()
AreaBattle.RecoveredWayLineVisual:Initialize () (at Assets/AreaBattle/Scripts/RecoveredWayLineVisual.cs:33)
AreaBattle.RecoveredWayLineVisual:SetLine (UnityEngine.Vector3,UnityEngine.Vector3,UnityEngine.Color,UnityEngine.Color,bool,bool,single) (at Assets/AreaBattle/Scripts/RecoveredWayLineVisual.cs:56)
AreaBattle.RecoveredWayLineVisual:Synchronize (AreaBattle.LineState,AreaBattle.TowerState,AreaBattle.TowerState,UnityEngine.Color,UnityEngine.Color,single) (at Assets/AreaBattle/Scripts/RecoveredWayLineVisual.cs:46)
AreaBattle.RecoveredWayLineVisual:Synchronize (AreaBattle.LineState,AreaBattle.TowerState,AreaBattle.TowerState,single) (at Assets/AreaBattle/Scripts/RecoveredWayLineVisual.cs:21)
AreaBattle.BattleView:RefreshPresentation () (at Assets/AreaBattle/Scripts/BattleView.cs:566)
AreaBattle.BattleView:AdvanceFrame (single,single) (at Assets/AreaBattle/Scripts/BattleView.cs:374)
AreaBattle.EditorTools.RepresentativeReplayValidation:Advance (AreaBattle.BattleView,single) (at Assets/AreaBattle/Editor/RepresentativeReplayValidation.cs:102)
AreaBattle.EditorTools.RepresentativeReplayValidation:Win (AreaBattle.BattleView,AreaBattle.EditorTools.RepresentativeReplayValidation/Replay) (at Assets/AreaBattle/Editor/RepresentativeReplayValidation.cs:108)
AreaBattle.EditorTools.RepresentativeReplayValidation:Run () (at Assets/AreaBattle/Editor/RepresentativeReplayValidation.cs:141)
System.Reflection.RuntimeMethodInfo:Invoke (object,System.Reflection.BindingFlags,System.Reflection.Binder,object[],System.Globalization.CultureInfo)
System.Reflection.MethodBase:Invoke (object,object[])
AreaBattle.EditorTools.BattleBuild:ValidateIntegrated () (at Assets/AreaBattle/Editor/BattleBuild.cs:32)

[Assets/AreaBattle/Scripts/RecoveredWayLineVisual.cs line 21]

Instantiating material due to calling renderer.material during edit mode. This will leak materials into the scene. You most likely want to use renderer.sharedMaterial instead.
UnityEngine.Debug:ExtractStackTraceNoAlloc (byte*,int,string)
UnityEngine.StackTraceUtility:ExtractStackTrace ()
UnityEngine.Renderer:GetMaterial ()
UnityEngine.Renderer:get_material ()
AreaBattle.RecoveredWayLineVisual:Initialize () (at Assets/AreaBattle/Scripts/RecoveredWayLineVisual.cs:33)
AreaBattle.RecoveredWayLineVisual:SetLine (UnityEngine.Vector3,UnityEngine.Vector3,UnityEngine.Color,UnityEngine.Color,bool,bool,single) (at Assets/AreaBattle/Scripts/RecoveredWayLineVisual.cs:56)
AreaBattle.RecoveredWayLineVisual:Synchronize (AreaBattle.LineState,AreaBattle.TowerState,AreaBattle.TowerState,UnityEngine.Color,UnityEngine.Color,single) (at Assets/AreaBattle/Scripts/RecoveredWayLineVisual.cs:46)
AreaBattle.RecoveredWayLineVisual:Synchronize (AreaBattle.LineState,AreaBattle.TowerState,AreaBattle.TowerState,single) (at Assets/AreaBattle/Scripts/RecoveredWayLineVisual.cs:21)
AreaBattle.BattleView:RefreshPresentation () (at Assets/AreaBattle/Scripts/BattleView.cs:566)
AreaBattle.BattleView:AdvanceFrame (single,single) (at Assets/AreaBattle/Scripts/BattleView.cs:374)
AreaBattle.EditorTools.RepresentativeReplayValidation:Advance (AreaBattle.BattleView,single) (at Assets/AreaBattle/Editor/RepresentativeReplayValidation.cs:102)
AreaBattle.EditorTools.RepresentativeReplayValidation:Win (AreaBattle.BattleView,AreaBattle.EditorTools.RepresentativeReplayValidation/Replay) (at Assets/AreaBattle/Editor/RepresentativeReplayValidation.cs:108)
AreaBattle.EditorTools.RepresentativeReplayValidation:Run () (at Assets/AreaBattle/Editor/RepresentativeReplayValidation.cs:141)
System.Reflection.RuntimeMethodInfo:Invoke (object,System.Reflection.BindingFlags,System.Reflection.Binder,object[],System.Globalization.CultureInfo)
System.Reflection.MethodBase:Invoke (object,object[])
AreaBattle.EditorTools.BattleBuild:ValidateIntegrated () (at Assets/AreaBattle/Editor/BattleBuild.cs:32)

[Assets/AreaBattle/Scripts/RecoveredWayLineVisual.cs line 21]

Instantiating material due to calling renderer.material during edit mode. This will leak materials into the scene. You most likely want to use renderer.sharedMaterial instead.
UnityEngine.Debug:ExtractStackTraceNoAlloc (byte*,int,string)
UnityEngine.StackTraceUtility:ExtractStackTrace ()
UnityEngine.Renderer:GetMaterial ()
UnityEngine.Renderer:get_material ()
AreaBattle.RecoveredWayLineVisual:Initialize () (at Assets/AreaBattle/Scripts/RecoveredWayLineVisual.cs:33)
AreaBattle.RecoveredWayLineVisual:SetLine (UnityEngine.Vector3,UnityEngine.Vector3,UnityEngine.Color,UnityEngine.Color,bool,bool,single) (at Assets/AreaBattle/Scripts/RecoveredWayLineVisual.cs:56)
AreaBattle.RecoveredWayLineVisual:Synchronize (AreaBattle.LineState,AreaBattle.TowerState,AreaBattle.TowerState,UnityEngine.Color,UnityEngine.Color,single) (at Assets/AreaBattle/Scripts/RecoveredWayLineVisual.cs:46)
AreaBattle.RecoveredWayLineVisual:Synchronize (AreaBattle.LineState,AreaBattle.TowerState,AreaBattle.TowerState,single) (at Assets/AreaBattle/Scripts/RecoveredWayLineVisual.cs:21)
AreaBattle.BattleView:RefreshPresentation () (at Assets/AreaBattle/Scripts/BattleView.cs:566)
AreaBattle.BattleView:AdvanceFrame (single,single) (at Assets/AreaBattle/Scripts/BattleView.cs:374)
AreaBattle.EditorTools.RepresentativeReplayValidation:Advance (AreaBattle.BattleView,single) (at Assets/AreaBattle/Editor/RepresentativeReplayValidation.cs:102)
AreaBattle.EditorTools.RepresentativeReplayValidation:Win (AreaBattle.BattleView,AreaBattle.EditorTools.RepresentativeReplayValidation/Replay) (at Assets/AreaBattle/Editor/RepresentativeReplayValidation.cs:108)
AreaBattle.EditorTools.RepresentativeReplayValidation:Run () (at Assets/AreaBattle/Editor/RepresentativeReplayValidation.cs:141)
System.Reflection.RuntimeMethodInfo:Invoke (object,System.Reflection.BindingFlags,System.Reflection.Binder,object[],System.Globalization.CultureInfo)
System.Reflection.MethodBase:Invoke (object,object[])
AreaBattle.EditorTools.BattleBuild:ValidateIntegrated () (at Assets/AreaBattle/Editor/BattleBuild.cs:32)

[Assets/AreaBattle/Scripts/RecoveredWayLineVisual.cs line 21]

Instantiating material due to calling renderer.material during edit mode. This will leak materials into the scene. You most likely want to use renderer.sharedMaterial instead.
UnityEngine.Debug:ExtractStackTraceNoAlloc (byte*,int,string)
UnityEngine.StackTraceUtility:ExtractStackTrace ()
UnityEngine.Renderer:GetMaterial ()
UnityEngine.Renderer:get_material ()
AreaBattle.RecoveredWayLineVisual:Initialize () (at Assets/AreaBattle/Scripts/RecoveredWayLineVisual.cs:33)
AreaBattle.RecoveredWayLineVisual:SetLine (UnityEngine.Vector3,UnityEngine.Vector3,UnityEngine.Color,UnityEngine.Color,bool,bool,single) (at Assets/AreaBattle/Scripts/RecoveredWayLineVisual.cs:56)
AreaBattle.RecoveredWayLineVisual:Synchronize (AreaBattle.LineState,AreaBattle.TowerState,AreaBattle.TowerState,UnityEngine.Color,UnityEngine.Color,single) (at Assets/AreaBattle/Scripts/RecoveredWayLineVisual.cs:46)
AreaBattle.RecoveredWayLineVisual:Synchronize (AreaBattle.LineState,AreaBattle.TowerState,AreaBattle.TowerState,single) (at Assets/AreaBattle/Scripts/RecoveredWayLineVisual.cs:21)
AreaBattle.BattleView:RefreshPresentation () (at Assets/AreaBattle/Scripts/BattleView.cs:566)
AreaBattle.BattleView:AdvanceFrame (single,single) (at Assets/AreaBattle/Scripts/BattleView.cs:374)
AreaBattle.EditorTools.RepresentativeReplayValidation:Advance (AreaBattle.BattleView,single) (at Assets/AreaBattle/Editor/RepresentativeReplayValidation.cs:102)
AreaBattle.EditorTools.RepresentativeReplayValidation:Win (AreaBattle.BattleView,AreaBattle.EditorTools.RepresentativeReplayValidation/Replay) (at Assets/AreaBattle/Editor/RepresentativeReplayValidation.cs:108)
AreaBattle.EditorTools.RepresentativeReplayValidation:Run () (at Assets/AreaBattle/Editor/RepresentativeReplayValidation.cs:141)
System.Reflection.RuntimeMethodInfo:Invoke (object,System.Reflection.BindingFlags,System.Reflection.Binder,object[],System.Globalization.CultureInfo)
System.Reflection.MethodBase:Invoke (object,object[])
AreaBattle.EditorTools.BattleBuild:ValidateIntegrated () (at Assets/AreaBattle/Editor/BattleBuild.cs:32)

[Assets/AreaBattle/Scripts/RecoveredWayLineVisual.cs line 21]

Instantiating material due to calling renderer.material during edit mode. This will leak materials into the scene. You most likely want to use renderer.sharedMaterial instead.
UnityEngine.Debug:ExtractStackTraceNoAlloc (byte*,int,string)
UnityEngine.StackTraceUtility:ExtractStackTrace ()
UnityEngine.Renderer:GetMaterial ()
UnityEngine.Renderer:get_material ()
AreaBattle.RecoveredWayLineVisual:Initialize () (at Assets/AreaBattle/Scripts/RecoveredWayLineVisual.cs:33)
AreaBattle.RecoveredWayLineVisual:SetLine (UnityEngine.Vector3,UnityEngine.Vector3,UnityEngine.Color,UnityEngine.Color,bool,bool,single) (at Assets/AreaBattle/Scripts/RecoveredWayLineVisual.cs:56)
AreaBattle.RecoveredWayLineVisual:Synchronize (AreaBattle.LineState,AreaBattle.TowerState,AreaBattle.TowerState,UnityEngine.Color,UnityEngine.Color,single) (at Assets/AreaBattle/Scripts/RecoveredWayLineVisual.cs:46)
AreaBattle.RecoveredWayLineVisual:Synchronize (AreaBattle.LineState,AreaBattle.TowerState,AreaBattle.TowerState,single) (at Assets/AreaBattle/Scripts/RecoveredWayLineVisual.cs:21)
AreaBattle.BattleView:RefreshPresentation () (at Assets/AreaBattle/Scripts/BattleView.cs:566)
AreaBattle.BattleView:AdvanceFrame (single,single) (at Assets/AreaBattle/Scripts/BattleView.cs:374)
AreaBattle.EditorTools.RepresentativeReplayValidation:Advance (AreaBattle.BattleView,single) (at Assets/AreaBattle/Editor/RepresentativeReplayValidation.cs:102)
AreaBattle.EditorTools.RepresentativeReplayValidation:Win (AreaBattle.BattleView,AreaBattle.EditorTools.RepresentativeReplayValidation/Replay) (at Assets/AreaBattle/Editor/RepresentativeReplayValidation.cs:108)
AreaBattle.EditorTools.RepresentativeReplayValidation:Run () (at Assets/AreaBattle/Editor/RepresentativeReplayValidation.cs:141)
System.Reflection.RuntimeMethodInfo:Invoke (object,System.Reflection.BindingFlags,System.Reflection.Binder,object[],System.Globalization.CultureInfo)
System.Reflection.MethodBase:Invoke (object,object[])
AreaBattle.EditorTools.BattleBuild:ValidateIntegrated () (at Assets/AreaBattle/Editor/BattleBuild.cs:32)

[Assets/AreaBattle/Scripts/RecoveredWayLineVisual.cs line 21]

Instantiating material due to calling renderer.material during edit mode. This will leak materials into the scene. You most likely want to use renderer.sharedMaterial instead.
UnityEngine.Debug:ExtractStackTraceNoAlloc (byte*,int,string)
UnityEngine.StackTraceUtility:ExtractStackTrace ()
UnityEngine.Renderer:GetMaterial ()
UnityEngine.Renderer:get_material ()
AreaBattle.RecoveredWayLineVisual:Initialize () (at Assets/AreaBattle/Scripts/RecoveredWayLineVisual.cs:33)
AreaBattle.RecoveredWayLineVisual:SetLine (UnityEngine.Vector3,UnityEngine.Vector3,UnityEngine.Color,UnityEngine.Color,bool,bool,single) (at Assets/AreaBattle/Scripts/RecoveredWayLineVisual.cs:56)
AreaBattle.RecoveredWayLineVisual:Synchronize (AreaBattle.LineState,AreaBattle.TowerState,AreaBattle.TowerState,UnityEngine.Color,UnityEngine.Color,single) (at Assets/AreaBattle/Scripts/RecoveredWayLineVisual.cs:46)
AreaBattle.RecoveredWayLineVisual:Synchronize (AreaBattle.LineState,AreaBattle.TowerState,AreaBattle.TowerState,single) (at Assets/AreaBattle/Scripts/RecoveredWayLineVisual.cs:21)
AreaBattle.BattleView:RefreshPresentation () (at Assets/AreaBattle/Scripts/BattleView.cs:566)
AreaBattle.BattleView:AdvanceFrame (single,single) (at Assets/AreaBattle/Scripts/BattleView.cs:374)
AreaBattle.EditorTools.RepresentativeReplayValidation:Advance (AreaBattle.BattleView,single) (at Assets/AreaBattle/Editor/RepresentativeReplayValidation.cs:102)
AreaBattle.EditorTools.RepresentativeReplayValidation:Win (AreaBattle.BattleView,AreaBattle.EditorTools.RepresentativeReplayValidation/Replay) (at Assets/AreaBattle/Editor/RepresentativeReplayValidation.cs:108)
AreaBattle.EditorTools.RepresentativeReplayValidation:Run () (at Assets/AreaBattle/Editor/RepresentativeReplayValidation.cs:141)
System.Reflection.RuntimeMethodInfo:Invoke (object,System.Reflection.BindingFlags,System.Reflection.Binder,object[],System.Globalization.CultureInfo)
System.Reflection.MethodBase:Invoke (object,object[])
AreaBattle.EditorTools.BattleBuild:ValidateIntegrated () (at Assets/AreaBattle/Editor/BattleBuild.cs:32)

[Assets/AreaBattle/Scripts/RecoveredWayLineVisual.cs line 21]

Instantiating material due to calling renderer.material during edit mode. This will leak materials into the scene. You most likely want to use renderer.sharedMaterial instead.
UnityEngine.Debug:ExtractStackTraceNoAlloc (byte*,int,string)
UnityEngine.StackTraceUtility:ExtractStackTrace ()
UnityEngine.Renderer:GetMaterial ()
UnityEngine.Renderer:get_material ()
AreaBattle.RecoveredWayLineVisual:Initialize () (at Assets/AreaBattle/Scripts/RecoveredWayLineVisual.cs:33)
AreaBattle.RecoveredWayLineVisual:SetLine (UnityEngine.Vector3,UnityEngine.Vector3,UnityEngine.Color,UnityEngine.Color,bool,bool,single) (at Assets/AreaBattle/Scripts/RecoveredWayLineVisual.cs:56)
AreaBattle.RecoveredWayLineVisual:Synchronize (AreaBattle.LineState,AreaBattle.TowerState,AreaBattle.TowerState,UnityEngine.Color,UnityEngine.Color,single) (at Assets/AreaBattle/Scripts/RecoveredWayLineVisual.cs:46)
AreaBattle.RecoveredWayLineVisual:Synchronize (AreaBattle.LineState,AreaBattle.TowerState,AreaBattle.TowerState,single) (at Assets/AreaBattle/Scripts/RecoveredWayLineVisual.cs:21)
AreaBattle.BattleView:RefreshPresentation () (at Assets/AreaBattle/Scripts/BattleView.cs:566)
AreaBattle.BattleView:AdvanceFrame (single,single) (at Assets/AreaBattle/Scripts/BattleView.cs:374)
AreaBattle.EditorTools.RepresentativeReplayValidation:Advance (AreaBattle.BattleView,single) (at Assets/AreaBattle/Editor/RepresentativeReplayValidation.cs:102)
AreaBattle.EditorTools.RepresentativeReplayValidation:Win (AreaBattle.BattleView,AreaBattle.EditorTools.RepresentativeReplayValidation/Replay) (at Assets/AreaBattle/Editor/RepresentativeReplayValidation.cs:108)
AreaBattle.EditorTools.RepresentativeReplayValidation:Run () (at Assets/AreaBattle/Editor/RepresentativeReplayValidation.cs:141)
System.Reflection.RuntimeMethodInfo:Invoke (object,System.Reflection.BindingFlags,System.Reflection.Binder,object[],System.Globalization.CultureInfo)
System.Reflection.MethodBase:Invoke (object,object[])
AreaBattle.EditorTools.BattleBuild:ValidateIntegrated () (at Assets/AreaBattle/Editor/BattleBuild.cs:32)

[Assets/AreaBattle/Scripts/RecoveredWayLineVisual.cs line 21]

Instantiating material due to calling renderer.material during edit mode. This will leak materials into the scene. You most likely want to use renderer.sharedMaterial instead.
UnityEngine.Debug:ExtractStackTraceNoAlloc (byte*,int,string)
UnityEngine.StackTraceUtility:ExtractStackTrace ()
UnityEngine.Renderer:GetMaterial ()
UnityEngine.Renderer:get_material ()
AreaBattle.RecoveredWayLineVisual:Initialize () (at Assets/AreaBattle/Scripts/RecoveredWayLineVisual.cs:33)
AreaBattle.RecoveredWayLineVisual:SetLine (UnityEngine.Vector3,UnityEngine.Vector3,UnityEngine.Color,UnityEngine.Color,bool,bool,single) (at Assets/AreaBattle/Scripts/RecoveredWayLineVisual.cs:56)
AreaBattle.RecoveredWayLineVisual:Synchronize (AreaBattle.LineState,AreaBattle.TowerState,AreaBattle.TowerState,UnityEngine.Color,UnityEngine.Color,single) (at Assets/AreaBattle/Scripts/RecoveredWayLineVisual.cs:46)
AreaBattle.RecoveredWayLineVisual:Synchronize (AreaBattle.LineState,AreaBattle.TowerState,AreaBattle.TowerState,single) (at Assets/AreaBattle/Scripts/RecoveredWayLineVisual.cs:21)
AreaBattle.BattleView:RefreshPresentation () (at Assets/AreaBattle/Scripts/BattleView.cs:566)
AreaBattle.BattleView:AdvanceFrame (single,single) (at Assets/AreaBattle/Scripts/BattleView.cs:374)
AreaBattle.EditorTools.RepresentativeReplayValidation:Advance (AreaBattle.BattleView,single) (at Assets/AreaBattle/Editor/RepresentativeReplayValidation.cs:102)
AreaBattle.EditorTools.RepresentativeReplayValidation:Win (AreaBattle.BattleView,AreaBattle.EditorTools.RepresentativeReplayValidation/Replay) (at Assets/AreaBattle/Editor/RepresentativeReplayValidation.cs:108)
AreaBattle.EditorTools.RepresentativeReplayValidation:Run () (at Assets/AreaBattle/Editor/RepresentativeReplayValidation.cs:141)
System.Reflection.RuntimeMethodInfo:Invoke (object,System.Reflection.BindingFlags,System.Reflection.Binder,object[],System.Globalization.CultureInfo)
System.Reflection.MethodBase:Invoke (object,object[])
AreaBattle.EditorTools.BattleBuild:ValidateIntegrated () (at Assets/AreaBattle/Editor/BattleBuild.cs:32)

[Assets/AreaBattle/Scripts/RecoveredWayLineVisual.cs line 21]

Instantiating material due to calling renderer.material during edit mode. This will leak materials into the scene. You most likely want to use renderer.sharedMaterial instead.
UnityEngine.Debug:ExtractStackTraceNoAlloc (byte*,int,string)
UnityEngine.StackTraceUtility:ExtractStackTrace ()
UnityEngine.Renderer:GetMaterial ()
UnityEngine.Renderer:get_material ()
AreaBattle.RecoveredWayLineVisual:Initialize () (at Assets/AreaBattle/Scripts/RecoveredWayLineVisual.cs:33)
AreaBattle.RecoveredWayLineVisual:SetLine (UnityEngine.Vector3,UnityEngine.Vector3,UnityEngine.Color,UnityEngine.Color,bool,bool,single) (at Assets/AreaBattle/Scripts/RecoveredWayLineVisual.cs:56)
AreaBattle.RecoveredWayLineVisual:Synchronize (AreaBattle.LineState,AreaBattle.TowerState,AreaBattle.TowerState,UnityEngine.Color,UnityEngine.Color,single) (at Assets/AreaBattle/Scripts/RecoveredWayLineVisual.cs:46)
AreaBattle.RecoveredWayLineVisual:Synchronize (AreaBattle.LineState,AreaBattle.TowerState,AreaBattle.TowerState,single) (at Assets/AreaBattle/Scripts/RecoveredWayLineVisual.cs:21)
AreaBattle.BattleView:RefreshPresentation () (at Assets/AreaBattle/Scripts/BattleView.cs:566)
AreaBattle.BattleView:AdvanceFrame (single,single) (at Assets/AreaBattle/Scripts/BattleView.cs:374)
AreaBattle.EditorTools.RepresentativeReplayValidation:Advance (AreaBattle.BattleView,single) (at Assets/AreaBattle/Editor/RepresentativeReplayValidation.cs:102)
AreaBattle.EditorTools.RepresentativeReplayValidation:Win (AreaBattle.BattleView,AreaBattle.EditorTools.RepresentativeReplayValidation/Replay) (at Assets/AreaBattle/Editor/RepresentativeReplayValidation.cs:108)
AreaBattle.EditorTools.RepresentativeReplayValidation:Run () (at Assets/AreaBattle/Editor/RepresentativeReplayValidation.cs:141)
System.Reflection.RuntimeMethodInfo:Invoke (object,System.Reflection.BindingFlags,System.Reflection.Binder,object[],System.Globalization.CultureInfo)
System.Reflection.MethodBase:Invoke (object,object[])
AreaBattle.EditorTools.BattleBuild:ValidateIntegrated () (at Assets/AreaBattle/Editor/BattleBuild.cs:32)

[Assets/AreaBattle/Scripts/RecoveredWayLineVisual.cs line 21]

Instantiating material due to calling renderer.material during edit mode. This will leak materials into the scene. You most likely want to use renderer.sharedMaterial instead.
UnityEngine.Debug:ExtractStackTraceNoAlloc (byte*,int,string)
UnityEngine.StackTraceUtility:ExtractStackTrace ()
UnityEngine.Renderer:GetMaterial ()
UnityEngine.Renderer:get_material ()
AreaBattle.RecoveredWayLineVisual:Initialize () (at Assets/AreaBattle/Scripts/RecoveredWayLineVisual.cs:33)
AreaBattle.RecoveredWayLineVisual:SetLine (UnityEngine.Vector3,UnityEngine.Vector3,UnityEngine.Color,UnityEngine.Color,bool,bool,single) (at Assets/AreaBattle/Scripts/RecoveredWayLineVisual.cs:56)
AreaBattle.RecoveredWayLineVisual:Synchronize (AreaBattle.LineState,AreaBattle.TowerState,AreaBattle.TowerState,UnityEngine.Color,UnityEngine.Color,single) (at Assets/AreaBattle/Scripts/RecoveredWayLineVisual.cs:46)
AreaBattle.RecoveredWayLineVisual:Synchronize (AreaBattle.LineState,AreaBattle.TowerState,AreaBattle.TowerState,single) (at Assets/AreaBattle/Scripts/RecoveredWayLineVisual.cs:21)
AreaBattle.BattleView:RefreshPresentation () (at Assets/AreaBattle/Scripts/BattleView.cs:566)
AreaBattle.BattleView:AdvanceFrame (single,single) (at Assets/AreaBattle/Scripts/BattleView.cs:374)
AreaBattle.EditorTools.RepresentativeReplayValidation:Advance (AreaBattle.BattleView,single) (at Assets/AreaBattle/Editor/RepresentativeReplayValidation.cs:102)
AreaBattle.EditorTools.RepresentativeReplayValidation:Win (AreaBattle.BattleView,AreaBattle.EditorTools.RepresentativeReplayValidation/Replay) (at Assets/AreaBattle/Editor/RepresentativeReplayValidation.cs:108)
AreaBattle.EditorTools.RepresentativeReplayValidation:Run () (at Assets/AreaBattle/Editor/RepresentativeReplayValidation.cs:141)
System.Reflection.RuntimeMethodInfo:Invoke (object,System.Reflection.BindingFlags,System.Reflection.Binder,object[],System.Globalization.CultureInfo)
System.Reflection.MethodBase:Invoke (object,object[])
AreaBattle.EditorTools.BattleBuild:ValidateIntegrated () (at Assets/AreaBattle/Editor/BattleBuild.cs:32)

[Assets/AreaBattle/Scripts/RecoveredWayLineVisual.cs line 21]

Instantiating material due to calling renderer.material during edit mode. This will leak materials into the scene. You most likely want to use renderer.sharedMaterial instead.
UnityEngine.Debug:ExtractStackTraceNoAlloc (byte*,int,string)
UnityEngine.StackTraceUtility:ExtractStackTrace ()
UnityEngine.Renderer:GetMaterial ()
UnityEngine.Renderer:get_material ()
AreaBattle.RecoveredWayLineVisual:Initialize () (at Assets/AreaBattle/Scripts/RecoveredWayLineVisual.cs:33)
AreaBattle.RecoveredWayLineVisual:SetLine (UnityEngine.Vector3,UnityEngine.Vector3,UnityEngine.Color,UnityEngine.Color,bool,bool,single) (at Assets/AreaBattle/Scripts/RecoveredWayLineVisual.cs:56)
AreaBattle.RecoveredWayLineVisual:Synchronize (AreaBattle.LineState,AreaBattle.TowerState,AreaBattle.TowerState,UnityEngine.Color,UnityEngine.Color,single) (at Assets/AreaBattle/Scripts/RecoveredWayLineVisual.cs:46)
AreaBattle.RecoveredWayLineVisual:Synchronize (AreaBattle.LineState,AreaBattle.TowerState,AreaBattle.TowerState,single) (at Assets/AreaBattle/Scripts/RecoveredWayLineVisual.cs:21)
AreaBattle.BattleView:RefreshPresentation () (at Assets/AreaBattle/Scripts/BattleView.cs:566)
AreaBattle.BattleView:AdvanceFrame (single,single) (at Assets/AreaBattle/Scripts/BattleView.cs:374)
AreaBattle.EditorTools.RepresentativeReplayValidation:Advance (AreaBattle.BattleView,single) (at Assets/AreaBattle/Editor/RepresentativeReplayValidation.cs:102)
AreaBattle.EditorTools.RepresentativeReplayValidation:Win (AreaBattle.BattleView,AreaBattle.EditorTools.RepresentativeReplayValidation/Replay) (at Assets/AreaBattle/Editor/RepresentativeReplayValidation.cs:108)
AreaBattle.EditorTools.RepresentativeReplayValidation:Run () (at Assets/AreaBattle/Editor/RepresentativeReplayValidation.cs:141)
System.Reflection.RuntimeMethodInfo:Invoke (object,System.Reflection.BindingFlags,System.Reflection.Binder,object[],System.Globalization.CultureInfo)
System.Reflection.MethodBase:Invoke (object,object[])
AreaBattle.EditorTools.BattleBuild:ValidateIntegrated () (at Assets/AreaBattle/Editor/BattleBuild.cs:32)

[Assets/AreaBattle/Scripts/RecoveredWayLineVisual.cs line 21]

Instantiating material due to calling renderer.material during edit mode. This will leak materials into the scene. You most likely want to use renderer.sharedMaterial instead.
UnityEngine.Debug:ExtractStackTraceNoAlloc (byte*,int,string)
UnityEngine.StackTraceUtility:ExtractStackTrace ()
UnityEngine.Renderer:GetMaterial ()
UnityEngine.Renderer:get_material ()
AreaBattle.RecoveredWayLineVisual:Initialize () (at Assets/AreaBattle/Scripts/RecoveredWayLineVisual.cs:33)
AreaBattle.RecoveredWayLineVisual:SetLine (UnityEngine.Vector3,UnityEngine.Vector3,UnityEngine.Color,UnityEngine.Color,bool,bool,single) (at Assets/AreaBattle/Scripts/RecoveredWayLineVisual.cs:56)
AreaBattle.RecoveredWayLineVisual:Synchronize (AreaBattle.LineState,AreaBattle.TowerState,AreaBattle.TowerState,UnityEngine.Color,UnityEngine.Color,single) (at Assets/AreaBattle/Scripts/RecoveredWayLineVisual.cs:46)
AreaBattle.RecoveredWayLineVisual:Synchronize (AreaBattle.LineState,AreaBattle.TowerState,AreaBattle.TowerState,single) (at Assets/AreaBattle/Scripts/RecoveredWayLineVisual.cs:21)
AreaBattle.BattleView:RefreshPresentation () (at Assets/AreaBattle/Scripts/BattleView.cs:566)
AreaBattle.BattleView:AdvanceFrame (single,single) (at Assets/AreaBattle/Scripts/BattleView.cs:374)
AreaBattle.EditorTools.RepresentativeReplayValidation:Advance (AreaBattle.BattleView,single) (at Assets/AreaBattle/Editor/RepresentativeReplayValidation.cs:102)
AreaBattle.EditorTools.RepresentativeReplayValidation:Win (AreaBattle.BattleView,AreaBattle.EditorTools.RepresentativeReplayValidation/Replay) (at Assets/AreaBattle/Editor/RepresentativeReplayValidation.cs:108)
AreaBattle.EditorTools.RepresentativeReplayValidation:Run () (at Assets/AreaBattle/Editor/RepresentativeReplayValidation.cs:141)
System.Reflection.RuntimeMethodInfo:Invoke (object,System.Reflection.BindingFlags,System.Reflection.Binder,object[],System.Globalization.CultureInfo)
System.Reflection.MethodBase:Invoke (object,object[])
AreaBattle.EditorTools.BattleBuild:ValidateIntegrated () (at Assets/AreaBattle/Editor/BattleBuild.cs:32)

[Assets/AreaBattle/Scripts/RecoveredWayLineVisual.cs line 21]

Instantiating material due to calling renderer.material during edit mode. This will leak materials into the scene. You most likely want to use renderer.sharedMaterial instead.
UnityEngine.Debug:ExtractStackTraceNoAlloc (byte*,int,string)
UnityEngine.StackTraceUtility:ExtractStackTrace ()
UnityEngine.Renderer:GetMaterial ()
UnityEngine.Renderer:get_material ()
AreaBattle.RecoveredWayLineVisual:Initialize () (at Assets/AreaBattle/Scripts/RecoveredWayLineVisual.cs:33)
AreaBattle.RecoveredWayLineVisual:SetLine (UnityEngine.Vector3,UnityEngine.Vector3,UnityEngine.Color,UnityEngine.Color,bool,bool,single) (at Assets/AreaBattle/Scripts/RecoveredWayLineVisual.cs:56)
AreaBattle.RecoveredWayLineVisual:Synchronize (AreaBattle.LineState,AreaBattle.TowerState,AreaBattle.TowerState,UnityEngine.Color,UnityEngine.Color,single) (at Assets/AreaBattle/Scripts/RecoveredWayLineVisual.cs:46)
AreaBattle.RecoveredWayLineVisual:Synchronize (AreaBattle.LineState,AreaBattle.TowerState,AreaBattle.TowerState,single) (at Assets/AreaBattle/Scripts/RecoveredWayLineVisual.cs:21)
AreaBattle.BattleView:RefreshPresentation () (at Assets/AreaBattle/Scripts/BattleView.cs:566)
AreaBattle.BattleView:AdvanceFrame (single,single) (at Assets/AreaBattle/Scripts/BattleView.cs:374)
AreaBattle.EditorTools.RepresentativeReplayValidation:Advance (AreaBattle.BattleView,single) (at Assets/AreaBattle/Editor/RepresentativeReplayValidation.cs:102)
AreaBattle.EditorTools.RepresentativeReplayValidation:Win (AreaBattle.BattleView,AreaBattle.EditorTools.RepresentativeReplayValidation/Replay) (at Assets/AreaBattle/Editor/RepresentativeReplayValidation.cs:108)
AreaBattle.EditorTools.RepresentativeReplayValidation:Run () (at Assets/AreaBattle/Editor/RepresentativeReplayValidation.cs:141)
System.Reflection.RuntimeMethodInfo:Invoke (object,System.Reflection.BindingFlags,System.Reflection.Binder,object[],System.Globalization.CultureInfo)
System.Reflection.MethodBase:Invoke (object,object[])
AreaBattle.EditorTools.BattleBuild:ValidateIntegrated () (at Assets/AreaBattle/Editor/BattleBuild.cs:32)

[Assets/AreaBattle/Scripts/RecoveredWayLineVisual.cs line 21]

Instantiating material due to calling renderer.material during edit mode. This will leak materials into the scene. You most likely want to use renderer.sharedMaterial instead.
UnityEngine.Debug:ExtractStackTraceNoAlloc (byte*,int,string)
UnityEngine.StackTraceUtility:ExtractStackTrace ()
UnityEngine.Renderer:GetMaterial ()
UnityEngine.Renderer:get_material ()
AreaBattle.RecoveredWayLineVisual:Initialize () (at Assets/AreaBattle/Scripts/RecoveredWayLineVisual.cs:33)
AreaBattle.RecoveredWayLineVisual:SetLine (UnityEngine.Vector3,UnityEngine.Vector3,UnityEngine.Color,UnityEngine.Color,bool,bool,single) (at Assets/AreaBattle/Scripts/RecoveredWayLineVisual.cs:56)
AreaBattle.RecoveredWayLineVisual:Synchronize (AreaBattle.LineState,AreaBattle.TowerState,AreaBattle.TowerState,UnityEngine.Color,UnityEngine.Color,single) (at Assets/AreaBattle/Scripts/RecoveredWayLineVisual.cs:46)
AreaBattle.RecoveredWayLineVisual:Synchronize (AreaBattle.LineState,AreaBattle.TowerState,AreaBattle.TowerState,single) (at Assets/AreaBattle/Scripts/RecoveredWayLineVisual.cs:21)
AreaBattle.BattleView:RefreshPresentation () (at Assets/AreaBattle/Scripts/BattleView.cs:566)
AreaBattle.BattleView:AdvanceFrame (single,single) (at Assets/AreaBattle/Scripts/BattleView.cs:374)
AreaBattle.EditorTools.RepresentativeReplayValidation:Advance (AreaBattle.BattleView,single) (at Assets/AreaBattle/Editor/RepresentativeReplayValidation.cs:102)
AreaBattle.EditorTools.RepresentativeReplayValidation:Run () (at Assets/AreaBattle/Editor/RepresentativeReplayValidation.cs:154)
System.Reflection.RuntimeMethodInfo:Invoke (object,System.Reflection.BindingFlags,System.Reflection.Binder,object[],System.Globalization.CultureInfo)
System.Reflection.MethodBase:Invoke (object,object[])
AreaBattle.EditorTools.BattleBuild:ValidateIntegrated () (at Assets/AreaBattle/Editor/BattleBuild.cs:32)

[Assets/AreaBattle/Scripts/RecoveredWayLineVisual.cs line 21]

Instantiating material due to calling renderer.material during edit mode. This will leak materials into the scene. You most likely want to use renderer.sharedMaterial instead.
UnityEngine.Debug:ExtractStackTraceNoAlloc (byte*,int,string)
UnityEngine.StackTraceUtility:ExtractStackTrace ()
UnityEngine.Renderer:GetMaterial ()
UnityEngine.Renderer:get_material ()
AreaBattle.RecoveredWayLineVisual:Initialize () (at Assets/AreaBattle/Scripts/RecoveredWayLineVisual.cs:33)
AreaBattle.RecoveredWayLineVisual:SetLine (UnityEngine.Vector3,UnityEngine.Vector3,UnityEngine.Color,UnityEngine.Color,bool,bool,single) (at Assets/AreaBattle/Scripts/RecoveredWayLineVisual.cs:56)
AreaBattle.RecoveredWayLineVisual:Synchronize (AreaBattle.LineState,AreaBattle.TowerState,AreaBattle.TowerState,UnityEngine.Color,UnityEngine.Color,single) (at Assets/AreaBattle/Scripts/RecoveredWayLineVisual.cs:46)
AreaBattle.RecoveredWayLineVisual:Synchronize (AreaBattle.LineState,AreaBattle.TowerState,AreaBattle.TowerState,single) (at Assets/AreaBattle/Scripts/RecoveredWayLineVisual.cs:21)
AreaBattle.BattleView:RefreshPresentation () (at Assets/AreaBattle/Scripts/BattleView.cs:566)
AreaBattle.BattleView:AdvanceFrame (single,single) (at Assets/AreaBattle/Scripts/BattleView.cs:374)
AreaBattle.EditorTools.RepresentativeReplayValidation:Advance (AreaBattle.BattleView,single) (at Assets/AreaBattle/Editor/RepresentativeReplayValidation.cs:102)
AreaBattle.EditorTools.RepresentativeReplayValidation:Run () (at Assets/AreaBattle/Editor/RepresentativeReplayValidation.cs:154)
System.Reflection.RuntimeMethodInfo:Invoke (object,System.Reflection.BindingFlags,System.Reflection.Binder,object[],System.Globalization.CultureInfo)
System.Reflection.MethodBase:Invoke (object,object[])
AreaBattle.EditorTools.BattleBuild:ValidateIntegrated () (at Assets/AreaBattle/Editor/BattleBuild.cs:32)

[Assets/AreaBattle/Scripts/RecoveredWayLineVisual.cs line 21]

Instantiating material due to calling renderer.material during edit mode. This will leak materials into the scene. You most likely want to use renderer.sharedMaterial instead.
UnityEngine.Debug:ExtractStackTraceNoAlloc (byte*,int,string)
UnityEngine.StackTraceUtility:ExtractStackTrace ()
UnityEngine.Renderer:GetMaterial ()
UnityEngine.Renderer:get_material ()
AreaBattle.RecoveredWayLineVisual:Initialize () (at Assets/AreaBattle/Scripts/RecoveredWayLineVisual.cs:33)
AreaBattle.RecoveredWayLineVisual:SetLine (UnityEngine.Vector3,UnityEngine.Vector3,UnityEngine.Color,UnityEngine.Color,bool,bool,single) (at Assets/AreaBattle/Scripts/RecoveredWayLineVisual.cs:56)
AreaBattle.RecoveredWayLineVisual:Synchronize (AreaBattle.LineState,AreaBattle.TowerState,AreaBattle.TowerState,UnityEngine.Color,UnityEngine.Color,single) (at Assets/AreaBattle/Scripts/RecoveredWayLineVisual.cs:46)
AreaBattle.RecoveredWayLineVisual:Synchronize (AreaBattle.LineState,AreaBattle.TowerState,AreaBattle.TowerState,single) (at Assets/AreaBattle/Scripts/RecoveredWayLineVisual.cs:21)
AreaBattle.BattleView:RefreshPresentation () (at Assets/AreaBattle/Scripts/BattleView.cs:566)
AreaBattle.BattleView:AdvanceFrame (single,single) (at Assets/AreaBattle/Scripts/BattleView.cs:374)
AreaBattle.EditorTools.RepresentativeReplayValidation:Advance (AreaBattle.BattleView,single) (at Assets/AreaBattle/Editor/RepresentativeReplayValidation.cs:102)
AreaBattle.EditorTools.RepresentativeReplayValidation:Run () (at Assets/AreaBattle/Editor/RepresentativeReplayValidation.cs:154)
System.Reflection.RuntimeMethodInfo:Invoke (object,System.Reflection.BindingFlags,System.Reflection.Binder,object[],System.Globalization.CultureInfo)
System.Reflection.MethodBase:Invoke (object,object[])
AreaBattle.EditorTools.BattleBuild:ValidateIntegrated () (at Assets/AreaBattle/Editor/BattleBuild.cs:32)

[Assets/AreaBattle/Scripts/RecoveredWayLineVisual.cs line 21]

Instantiating material due to calling renderer.material during edit mode. This will leak materials into the scene. You most likely want to use renderer.sharedMaterial instead.
UnityEngine.Debug:ExtractStackTraceNoAlloc (byte*,int,string)
UnityEngine.StackTraceUtility:ExtractStackTrace ()
UnityEngine.Renderer:GetMaterial ()
UnityEngine.Renderer:get_material ()
AreaBattle.RecoveredWayLineVisual:Initialize () (at Assets/AreaBattle/Scripts/RecoveredWayLineVisual.cs:33)
AreaBattle.RecoveredWayLineVisual:SetLine (UnityEngine.Vector3,UnityEngine.Vector3,UnityEngine.Color,UnityEngine.Color,bool,bool,single) (at Assets/AreaBattle/Scripts/RecoveredWayLineVisual.cs:56)
AreaBattle.RecoveredWayLineVisual:Synchronize (AreaBattle.LineState,AreaBattle.TowerState,AreaBattle.TowerState,UnityEngine.Color,UnityEngine.Color,single) (at Assets/AreaBattle/Scripts/RecoveredWayLineVisual.cs:46)
AreaBattle.RecoveredWayLineVisual:Synchronize (AreaBattle.LineState,AreaBattle.TowerState,AreaBattle.TowerState,single) (at Assets/AreaBattle/Scripts/RecoveredWayLineVisual.cs:21)
AreaBattle.BattleView:RefreshPresentation () (at Assets/AreaBattle/Scripts/BattleView.cs:566)
AreaBattle.BattleView:AdvanceFrame (single,single) (at Assets/AreaBattle/Scripts/BattleView.cs:374)
AreaBattle.EditorTools.RepresentativeReplayValidation:Advance (AreaBattle.BattleView,single) (at Assets/AreaBattle/Editor/RepresentativeReplayValidation.cs:102)
AreaBattle.EditorTools.RepresentativeReplayValidation:Run () (at Assets/AreaBattle/Editor/RepresentativeReplayValidation.cs:154)
System.Reflection.RuntimeMethodInfo:Invoke (object,System.Reflection.BindingFlags,System.Reflection.Binder,object[],System.Globalization.CultureInfo)
System.Reflection.MethodBase:Invoke (object,object[])
AreaBattle.EditorTools.BattleBuild:ValidateIntegrated () (at Assets/AreaBattle/Editor/BattleBuild.cs:32)

[Assets/AreaBattle/Scripts/RecoveredWayLineVisual.cs line 21]

Instantiating material due to calling renderer.material during edit mode. This will leak materials into the scene. You most likely want to use renderer.sharedMaterial instead.
UnityEngine.Debug:ExtractStackTraceNoAlloc (byte*,int,string)
UnityEngine.StackTraceUtility:ExtractStackTrace ()
UnityEngine.Renderer:GetMaterial ()
UnityEngine.Renderer:get_material ()
AreaBattle.RecoveredWayLineVisual:Initialize () (at Assets/AreaBattle/Scripts/RecoveredWayLineVisual.cs:33)
AreaBattle.RecoveredWayLineVisual:SetLine (UnityEngine.Vector3,UnityEngine.Vector3,UnityEngine.Color,UnityEngine.Color,bool,bool,single) (at Assets/AreaBattle/Scripts/RecoveredWayLineVisual.cs:56)
AreaBattle.RecoveredWayLineVisual:Synchronize (AreaBattle.LineState,AreaBattle.TowerState,AreaBattle.TowerState,UnityEngine.Color,UnityEngine.Color,single) (at Assets/AreaBattle/Scripts/RecoveredWayLineVisual.cs:46)
AreaBattle.RecoveredWayLineVisual:Synchronize (AreaBattle.LineState,AreaBattle.TowerState,AreaBattle.TowerState,single) (at Assets/AreaBattle/Scripts/RecoveredWayLineVisual.cs:21)
AreaBattle.BattleView:RefreshPresentation () (at Assets/AreaBattle/Scripts/BattleView.cs:566)
AreaBattle.BattleView:AdvanceFrame (single,single) (at Assets/AreaBattle/Scripts/BattleView.cs:374)
AreaBattle.EditorTools.RepresentativeReplayValidation:Advance (AreaBattle.BattleView,single) (at Assets/AreaBattle/Editor/RepresentativeReplayValidation.cs:102)
AreaBattle.EditorTools.RepresentativeReplayValidation:Run () (at Assets/AreaBattle/Editor/RepresentativeReplayValidation.cs:154)
System.Reflection.RuntimeMethodInfo:Invoke (object,System.Reflection.BindingFlags,System.Reflection.Binder,object[],System.Globalization.CultureInfo)
System.Reflection.MethodBase:Invoke (object,object[])
AreaBattle.EditorTools.BattleBuild:ValidateIntegrated () (at Assets/AreaBattle/Editor/BattleBuild.cs:32)

[Assets/AreaBattle/Scripts/RecoveredWayLineVisual.cs line 21]

Instantiating material due to calling renderer.material during edit mode. This will leak materials into the scene. You most likely want to use renderer.sharedMaterial instead.
UnityEngine.Debug:ExtractStackTraceNoAlloc (byte*,int,string)
UnityEngine.StackTraceUtility:ExtractStackTrace ()
UnityEngine.Renderer:GetMaterial ()
UnityEngine.Renderer:get_material ()
AreaBattle.RecoveredWayLineVisual:Initialize () (at Assets/AreaBattle/Scripts/RecoveredWayLineVisual.cs:33)
AreaBattle.RecoveredWayLineVisual:SetLine (UnityEngine.Vector3,UnityEngine.Vector3,UnityEngine.Color,UnityEngine.Color,bool,bool,single) (at Assets/AreaBattle/Scripts/RecoveredWayLineVisual.cs:56)
AreaBattle.RecoveredWayLineVisual:Synchronize (AreaBattle.LineState,AreaBattle.TowerState,AreaBattle.TowerState,UnityEngine.Color,UnityEngine.Color,single) (at Assets/AreaBattle/Scripts/RecoveredWayLineVisual.cs:46)
AreaBattle.RecoveredWayLineVisual:Synchronize (AreaBattle.LineState,AreaBattle.TowerState,AreaBattle.TowerState,single) (at Assets/AreaBattle/Scripts/RecoveredWayLineVisual.cs:21)
AreaBattle.BattleView:RefreshPresentation () (at Assets/AreaBattle/Scripts/BattleView.cs:566)
AreaBattle.BattleView:AdvanceFrame (single,single) (at Assets/AreaBattle/Scripts/BattleView.cs:374)
AreaBattle.EditorTools.RepresentativeReplayValidation:Advance (AreaBattle.BattleView,single) (at Assets/AreaBattle/Editor/RepresentativeReplayValidation.cs:102)
AreaBattle.EditorTools.RepresentativeReplayValidation:Run () (at Assets/AreaBattle/Editor/RepresentativeReplayValidation.cs:154)
System.Reflection.RuntimeMethodInfo:Invoke (object,System.Reflection.BindingFlags,System.Reflection.Binder,object[],System.Globalization.CultureInfo)
System.Reflection.MethodBase:Invoke (object,object[])
AreaBattle.EditorTools.BattleBuild:ValidateIntegrated () (at Assets/AreaBattle/Editor/BattleBuild.cs:32)

[Assets/AreaBattle/Scripts/RecoveredWayLineVisual.cs line 21]

Instantiating material due to calling renderer.material during edit mode. This will leak materials into the scene. You most likely want to use renderer.sharedMaterial instead.
UnityEngine.Debug:ExtractStackTraceNoAlloc (byte*,int,string)
UnityEngine.StackTraceUtility:ExtractStackTrace ()
UnityEngine.Renderer:GetMaterial ()
UnityEngine.Renderer:get_material ()
AreaBattle.RecoveredWayLineVisual:Initialize () (at Assets/AreaBattle/Scripts/RecoveredWayLineVisual.cs:33)
AreaBattle.RecoveredWayLineVisual:SetLine (UnityEngine.Vector3,UnityEngine.Vector3,UnityEngine.Color,UnityEngine.Color,bool,bool,single) (at Assets/AreaBattle/Scripts/RecoveredWayLineVisual.cs:56)
AreaBattle.RecoveredWayLineVisual:Synchronize (AreaBattle.LineState,AreaBattle.TowerState,AreaBattle.TowerState,UnityEngine.Color,UnityEngine.Color,single) (at Assets/AreaBattle/Scripts/RecoveredWayLineVisual.cs:46)
AreaBattle.RecoveredWayLineVisual:Synchronize (AreaBattle.LineState,AreaBattle.TowerState,AreaBattle.TowerState,single) (at Assets/AreaBattle/Scripts/RecoveredWayLineVisual.cs:21)
AreaBattle.BattleView:RefreshPresentation () (at Assets/AreaBattle/Scripts/BattleView.cs:566)
AreaBattle.BattleView:AdvanceFrame (single,single) (at Assets/AreaBattle/Scripts/BattleView.cs:374)
AreaBattle.EditorTools.RepresentativeReplayValidation:Advance (AreaBattle.BattleView,single) (at Assets/AreaBattle/Editor/RepresentativeReplayValidation.cs:102)
AreaBattle.EditorTools.RepresentativeReplayValidation:Run () (at Assets/AreaBattle/Editor/RepresentativeReplayValidation.cs:174)
System.Reflection.RuntimeMethodInfo:Invoke (object,System.Reflection.BindingFlags,System.Reflection.Binder,object[],System.Globalization.CultureInfo)
System.Reflection.MethodBase:Invoke (object,object[])
AreaBattle.EditorTools.BattleBuild:ValidateIntegrated () (at Assets/AreaBattle/Editor/BattleBuild.cs:32)

[Assets/AreaBattle/Scripts/RecoveredWayLineVisual.cs line 21]

Instantiating material due to calling renderer.material during edit mode. This will leak materials into the scene. You most likely want to use renderer.sharedMaterial instead.
UnityEngine.Debug:ExtractStackTraceNoAlloc (byte*,int,string)
UnityEngine.StackTraceUtility:ExtractStackTrace ()
UnityEngine.Renderer:GetMaterial ()
UnityEngine.Renderer:get_material ()
AreaBattle.RecoveredWayLineVisual:Initialize () (at Assets/AreaBattle/Scripts/RecoveredWayLineVisual.cs:33)
AreaBattle.RecoveredWayLineVisual:SetLine (UnityEngine.Vector3,UnityEngine.Vector3,UnityEngine.Color,UnityEngine.Color,bool,bool,single) (at Assets/AreaBattle/Scripts/RecoveredWayLineVisual.cs:56)
AreaBattle.RecoveredWayLineVisual:Synchronize (AreaBattle.LineState,AreaBattle.TowerState,AreaBattle.TowerState,UnityEngine.Color,UnityEngine.Color,single) (at Assets/AreaBattle/Scripts/RecoveredWayLineVisual.cs:46)
AreaBattle.RecoveredWayLineVisual:Synchronize (AreaBattle.LineState,AreaBattle.TowerState,AreaBattle.TowerState,single) (at Assets/AreaBattle/Scripts/RecoveredWayLineVisual.cs:21)
AreaBattle.BattleView:RefreshPresentation () (at Assets/AreaBattle/Scripts/BattleView.cs:566)
AreaBattle.BattleView:AdvanceFrame (single,single) (at Assets/AreaBattle/Scripts/BattleView.cs:374)
AreaBattle.EditorTools.RepresentativeReplayValidation:Advance (AreaBattle.BattleView,single) (at Assets/AreaBattle/Editor/RepresentativeReplayValidation.cs:102)
AreaBattle.EditorTools.RepresentativeReplayValidation:Run () (at Assets/AreaBattle/Editor/RepresentativeReplayValidation.cs:174)
System.Reflection.RuntimeMethodInfo:Invoke (object,System.Reflection.BindingFlags,System.Reflection.Binder,object[],System.Globalization.CultureInfo)
System.Reflection.MethodBase:Invoke (object,object[])
AreaBattle.EditorTools.BattleBuild:ValidateIntegrated () (at Assets/AreaBattle/Editor/BattleBuild.cs:32)

[Assets/AreaBattle/Scripts/RecoveredWayLineVisual.cs line 21]

[Project] Loading completed in 15.671 seconds
	Project init time: 				7.657 seconds
		Template init time: 		0.000 seconds
		Package Manager init time: 		0.220 seconds
		Asset Database init time: 		0.068 seconds
		Global illumination init time: 	0.002 seconds
		Assemblies load time: 			3.167 seconds
		Unity extensions init time: 	0.001 seconds
		Asset Database refresh time: 	3.821 seconds
	Scene opening time: 			7.979 seconds
##utp:{"type":"ProjectInfo","version":2,"phase":"Immediate","time":1790761923271,"processId":62448,"projectLoad":15.6711442,"projectInit":7.6571022,"templateInit":0.0,"packageManagerInit":0.2200829,"assetDatabaseInit":0.0677707,"globalIlluminationInit":0.0018418,"assembliesLoad":3.1671886,"unityExtensionsInit":0.0009546,"assetDatabaseRefresh":3.8214751,"sceneOpening":7.978751}
##utp:{"type":"EditorInfo","version":2,"phase":"Immediate","time":1790761923271,"processId":62448,"editorVersion":"6000.0.68f1 (e1e9baaf294b)","branch":"6000.0/staging","buildType":"Release","platform":"Windows"}
Asset Pipeline Refresh (id=b1e94e865b5c4a04c9af4236f6529d06): Total: 0.023 seconds - Initiated by RefreshV2(NoUpdateAssetOptions)
UnauthorizedAccessException: Access to the path "C:\Users\jiachengwei\AppData\Roaming\Unity\Editor-5.x\Preferences\shortcuts\default\UserProfile.shortcut" is denied.
  at System.IO.FileStream..ctor (System.String path, System.IO.FileMode mode, System.IO.FileAccess access, System.IO.FileShare share, System.Int32 bufferSize, System.Boolean anonymous, System.IO.FileOptions options) [0x0019e] in <932fbe8ac5a946808aa5d7b95844e18c>:0 
  at System.IO.FileStream..ctor (System.String path, System.IO.FileMode mode, System.IO.FileAccess access, System.IO.FileShare share, System.Int32 bufferSize, System.IO.FileOptions options) [0x00000] in <932fbe8ac5a946808aa5d7b95844e18c>:0 
  at (wrapper remoting-invoke-with-check) System.IO.FileStream..ctor(string,System.IO.FileMode,System.IO.FileAccess,System.IO.FileShare,int,System.IO.FileOptions)
  at System.IO.StreamWriter..ctor (System.String path, System.Boolean append, System.Text.Encoding encoding, System.Int32 bufferSize) [0x00055] in <932fbe8ac5a946808aa5d7b95844e18c>:0 
  at System.IO.StreamWriter..ctor (System.String path) [0x00008] in <932fbe8ac5a946808aa5d7b95844e18c>:0 
  at (wrapper remoting-invoke-with-check) System.IO.StreamWriter..ctor(string)
  at System.IO.File.WriteAllText (System.String path, System.String contents) [0x00026] in <932fbe8ac5a946808aa5d7b95844e18c>:0 
  at UnityEditor.ShortcutManagement.ShortcutProfileStore.SaveShortcutProfileJson (System.String id, System.String json) [0x00014] in <9c43f02f34964a0586d7e17362cb06ae>:0 
  at UnityEditor.ShortcutManagement.ShortcutProfileManager.SaveShortcutProfile (UnityEditor.ShortcutManagement.ShortcutProfile profile) [0x00013] in <9c43f02f34964a0586d7e17362cb06ae>:0 
  at UnityEditor.ShortcutManagement.ShortcutProfileManager.CreateProfile (System.String profileId, UnityEditor.ShortcutManagement.ShortcutProfile parentProfile) [0x00059] in <9c43f02f34964a0586d7e17362cb06ae>:0 
  at UnityEditor.ShortcutManagement.ShortcutController.MigrateUserSpecifiedPrefKeys () [0x00068] in <9c43f02f34964a0586d7e17362cb06ae>:0 
  at UnityEditor.ShortcutManagement.ShortcutController..ctor (UnityEditor.ShortcutManagement.IDiscovery discovery, UnityEditor.ShortcutManagement.IContextManager contextManager, UnityEditor.ShortcutManagement.IBindingValidator bindingValidator, UnityEditor.ShortcutManagement.IShortcutProfileStore profileStore, UnityEditor.ShortcutManagement.ILastUsedProfileIdProvider lastUsedProfileIdProvider) [0x000bd] in <9c43f02f34964a0586d7e17362cb06ae>:0 
  at UnityEditor.ShortcutManagement.ShortcutIntegration.InitializeController () [0x00042] in <9c43f02f34964a0586d7e17362cb06ae>:0 
  at UnityEditor.ShortcutManagement.ShortcutIntegration.EnsureShortcutControllerCreated () [0x0000d] in <9c43f02f34964a0586d7e17362cb06ae>:0 
  at UnityEditor.ShortcutManagement.ShortcutIntegration.EnsureShortcutsAreInitialized () [0x00001] in <9c43f02f34964a0586d7e17362cb06ae>:0 
  at UnityEditor.EditorApplication.Internal_CallDelayFunctions () [0x0002c] in <9c43f02f34964a0586d7e17362cb06ae>:0 

Request Asset Garbage Collect because used heap size increased from 105.1 MB to 381.0 MB, exceeding the threshold of 256.0 MB.
Unloading 0 Unused Serialized files (Serialized files now loaded: 0)
[UnityConnectServicesConfig] config is NOT valid, switching to default
Created GICache directory at C:/Users/CodexSandboxOffline/AppData/LocalLow/Unity/Caches/GiCache. Took: 0.008s, timestamps: [15.680 - 15.688]
Unloading 7172 unused Assets / (209.9 MB). Loaded Objects now: 1529.
Memory consumption went from 381.0 MB to 171.1 MB.
Total: 10.802700 ms (FindLiveObjects: 0.268500 ms CreateObjectMapping: 0.110100 ms MarkObjects: 3.201000 ms  DeleteObjects: 7.222500 ms)

Request timed out while processing request "https://public-cdn.cloud.unity3d.com/config/production", HTTP error code 0
.[UnityConnect] Request timed out.
TrimDiskCacheJob: Current cache size 0mb
Curl error 7: Failed to connect to cdp.cloud.unity3d.com port 443 after 245 ms: Could not connect to server
Curl error 7: Failed to connect to cdp.cloud.unity3d.com port 443 after 0 ms: Could not connect to server
Curl error 7: Failed to connect to cdp.cloud.unity3d.com port 443 after 0 ms: Could not connect to server
Curl error 7: Failed to connect to cdp.cloud.unity3d.com port 443 after 0 ms: Could not connect to server
