{
  "roi": [
    578,
    772,
    22,
    26
  ],
  "references": {
    "5": 52.00987,
    "3": 57.17905,
    "1": 64.116,
    "0": 61.04827,
    "2": 66.11704
  },
  "thresholdMse": 110,
  "method": "Native frames; manually reviewed score templates; three-frame persistence. Null is unclassified, never zero.",
  "changes": [
    {
      "previousPts": 57.11237,
      "pts": 57.12886,
      "before": 5,
      "after": 3,
      "mse": 23.153846153846153
    },
    {
      "previousPts": 57.32922,
      "pts": 57.34608,
      "before": 3,
      "after": null,
      "mse": 117.86713286713287
    },
    {
      "previousPts": 57.62914,
      "pts": 57.6461,
      "before": null,
      "after": 1,
      "mse": 95.2062937062937
    },
    {
      "previousPts": 57.76288,
      "pts": 57.77999,
      "before": 1,
      "after": null,
      "mse": 264.05944055944053
    },
    {
      "previousPts": 58.09642,
      "pts": 58.11306,
      "before": null,
      "after": 0,
      "mse": 15.933566433566433
    },
    {
      "previousPts": 58.16279,
      "pts": 58.1799,
      "before": 0,
      "after": null,
      "mse": 481.60664335664336
    },
    {
      "previousPts": 58.59672,
      "pts": 58.613,
      "before": null,
      "after": 0,
      "mse": 108.77797202797203
    },
    {
      "previousPts": 63.61593,
      "pts": 63.63302,
      "before": 0,
      "after": 1,
      "mse": 2.5524475524475525
    },
    {
      "previousPts": 65.61685,
      "pts": 65.63439,
      "before": 1,
      "after": 2,
      "mse": 1.743006993006993
    },
    {
      "previousPts": 69.23584,
      "pts": 69.25234,
      "before": 2,
      "after": 1,
      "mse": 0.9807692307692307
    },
    {
      "previousPts": 73.6042,
      "pts": 73.62087,
      "before": 1,
      "after": 0,
      "mse": 2.0804195804195804
    }
  ],
  "samples": [
    {
      "pts": 52.00987,
      "score": 5,
      "mse": 0.0
    },
    {
      "pts": 52.02663,
      "score": 5,
      "mse": 0.0
    },
    {
      "pts": 52.0435,
      "score": 5,
      "mse": 0.0
    },
    {
      "pts": 52.05988,
      "score": 5,
      "mse": 0.0
    },
    {
      "pts": 52.07701,
      "score": 5,
      "mse": 0.0
    },
    {
      "pts": 52.09322,
      "score": 5,
      "mse": 2.1031468531468533
    },
    {
      "pts": 52.11009,
      "score": 5,
      "mse": 2.1031468531468533
    },
    {
      "pts": 52.1263,
      "score": 5,
      "mse": 2.1031468531468533
    },
    {
      "pts": 52.14312,
      "score": 5,
      "mse": 2.1031468531468533
    },
    {
      "pts": 52.15991,
      "score": 5,
      "mse": 2.1031468531468533
    },
    {
      "pts": 52.17631,
      "score": 5,
      "mse": 2.1031468531468533
    },
    {
      "pts": 52.19372,
      "score": 5,
      "mse": 2.1031468531468533
    },
    {
      "pts": 52.21013,
      "score": 5,
      "mse": 2.1031468531468533
    },
    {
      "pts": 52.22659,
      "score": 5,
      "mse": 2.1031468531468533
    },
    {
      "pts": 52.24316,
      "score": 5,
      "mse": 2.1031468531468533
    },
    {
      "pts": 52.26029,
      "score": 5,
      "mse": 2.1031468531468533
    },
    {
      "pts": 52.27681,
      "score": 5,
      "mse": 2.1031468531468533
    },
    {
      "pts": 52.2935,
      "score": 5,
      "mse": 2.1031468531468533
    },
    {
      "pts": 52.31007,
      "score": 5,
      "mse": 2.1031468531468533
    },
    {
      "pts": 52.32681,
      "score": 5,
      "mse": 2.1031468531468533
    },
    {
      "pts": 52.3435,
      "score": 5,
      "mse": 2.1031468531468533
    },
    {
      "pts": 52.35983,
      "score": 5,
      "mse": 2.1031468531468533
    },
    {
      "pts": 52.37694,
      "score": 5,
      "mse": 2.1031468531468533
    },
    {
      "pts": 52.39339,
      "score": 5,
      "mse": 2.1031468531468533
    },
    {
      "pts": 52.41019,
      "score": 5,
      "mse": 2.1031468531468533
    },
    {
      "pts": 52.42656,
      "score": 5,
      "mse": 2.1031468531468533
    },
    {
      "pts": 52.44337,
      "score": 5,
      "mse": 2.1031468531468533
    },
    {
      "pts": 52.45991,
      "score": 5,
      "mse": 2.1031468531468533
    },
    {
      "pts": 52.47686,
      "score": 5,
      "mse": 2.1031468531468533
    },
    {
      "pts": 52.49324,
      "score": 5,
      "mse": 2.1031468531468533
    },
    {
      "pts": 52.51009,
      "score": 5,
      "mse": 2.1031468531468533
    },
    {
      "pts": 52.52683,
      "score": 5,
      "mse": 2.1031468531468533
    },
    {
      "pts": 52.54316,
      "score": 5,
      "mse": 2.1031468531468533
    },
    {
      "pts": 52.56048,
      "score": 5,
      "mse": 2.1031468531468533
    },
    {
      "pts": 52.57701,
      "score": 5,
      "mse": 2.1031468531468533
    },
    {
      "pts": 52.59356,
      "score": 5,
      "mse": 2.1031468531468533
    },
    {
      "pts": 52.61001,
      "score": 5,
      "mse": 2.1031468531468533
    },
    {
      "pts": 52.62683,
      "score": 5,
      "mse": 2.1031468531468533
    },
    {
      "pts": 52.64376,
      "score": 5,
      "mse": 2.1031468531468533
    },
    {
      "pts": 52.66025,
      "score": 5,
      "mse": 2.1031468531468533
    },
    {
      "pts": 52.67677,
      "score": 5,
      "mse": 2.1031468531468533
    },
    {
      "pts": 52.69332,
      "score": 5,
      "mse": 2.1031468531468533
    },
    {
      "pts": 52.70996,
      "score": 5,
      "mse": 2.1031468531468533
    },
    {
      "pts": 52.72661,
      "score": 5,
      "mse": 2.1031468531468533
    },
    {
      "pts": 52.74325,
      "score": 5,
      "mse": 2.1031468531468533
    },
    {
      "pts": 52.76042,
      "score": 5,
      "mse": 2.1031468531468533
    },
    {
      "pts": 52.77688,
      "score": 5,
      "mse": 2.1031468531468533
    },
    {
      "pts": 52.79338,
      "score": 5,
      "mse": 2.1031468531468533
    },
    {
      "pts": 52.81008,
      "score": 5,
      "mse": 2.1031468531468533
    },
    {
      "pts": 52.82682,
      "score": 5,
      "mse": 2.1031468531468533
    },
    {
      "pts": 52.84373,
      "score": 5,
      "mse": 2.1031468531468533
    },
    {
      "pts": 52.86005,
      "score": 5,
      "mse": 2.1031468531468533
    },
    {
      "pts": 52.87678,
      "score": 5,
      "mse": 2.1031468531468533
    },
    {
      "pts": 52.89385,
      "score": 5,
      "mse": 2.1031468531468533
    },
    {
      "pts": 52.91001,
      "score": 5,
      "mse": 2.1031468531468533
    },
    {
      "pts": 52.92679,
      "score": 5,
      "mse": 2.1031468531468533
    },
    {
      "pts": 52.94384,
      "score": 5,
      "mse": 2.1031468531468533
    },
    {
      "pts": 52.96053,
      "score": 5,
      "mse": 2.1031468531468533
    },
    {
      "pts": 52.97703,
      "score": 5,
      "mse": 2.1031468531468533
    },
    {
      "pts": 52.99346,
      "score": 5,
      "mse": 2.1031468531468533
    },
    {
      "pts": 53.01038,
      "score": 5,
      "mse": 2.1031468531468533
    },
    {
      "pts": 53.02736,
      "score": 5,
      "mse": 2.1031468531468533
    },
    {
      "pts": 53.04357,
      "score": 5,
      "mse": 2.1031468531468533
    },
    {
      "pts": 53.0602,
      "score": 5,
      "mse": 2.1031468531468533
    },
    {
      "pts": 53.07751,
      "score": 5,
      "mse": 2.1031468531468533
    },
    {
      "pts": 53.09402,
      "score": 5,
      "mse": 2.1031468531468533
    },
    {
      "pts": 53.11013,
      "score": 5,
      "mse": 2.1031468531468533
    },
    {
      "pts": 53.12706,
      "score": 5,
      "mse": 2.1031468531468533
    },
    {
      "pts": 53.14406,
      "score": 5,
      "mse": 2.1031468531468533
    },
    {
      "pts": 53.16016,
      "score": 5,
      "mse": 2.1031468531468533
    },
    {
      "pts": 53.17702,
      "score": 5,
      "mse": 2.1031468531468533
    },
    {
      "pts": 53.19352,
      "score": 5,
      "mse": 2.1031468531468533
    },
    {
      "pts": 53.21022,
      "score": 5,
      "mse": 2.1031468531468533
    },
    {
      "pts": 53.22738,
      "score": 5,
      "mse": 2.1031468531468533
    },
    {
      "pts": 53.24359,
      "score": 5,
      "mse": 2.1031468531468533
    },
    {
      "pts": 53.26032,
      "score": 5,
      "mse": 2.1031468531468533
    },
    {
      "pts": 53.27716,
      "score": 5,
      "mse": 2.1031468531468533
    },
    {
      "pts": 53.29375,
      "score": 5,
      "mse": 2.1031468531468533
    },
    {
      "pts": 53.3106,
      "score": 5,
      "mse": 2.1031468531468533
    },
    {
      "pts": 53.32735,
      "score": 5,
      "mse": 2.1066433566433567
    },
    {
      "pts": 53.3438,
      "score": 5,
      "mse": 2.0944055944055946
    },
    {
      "pts": 53.36038,
      "score": 5,
      "mse": 2.0944055944055946
    },
    {
      "pts": 53.37758,
      "score": 5,
      "mse": 2.0944055944055946
    },
    {
      "pts": 53.39399,
      "score": 5,
      "mse": 2.0944055944055946
    },
    {
      "pts": 53.41051,
      "score": 5,
      "mse": 2.0944055944055946
    },
    {
      "pts": 53.42738,
      "score": 5,
      "mse": 2.0944055944055946
    },
    {
      "pts": 53.44405,
      "score": 5,
      "mse": 2.0944055944055946
    },
    {
      "pts": 53.46084,
      "score": 5,
      "mse": 2.0944055944055946
    },
    {
      "pts": 53.47736,
      "score": 5,
      "mse": 2.0944055944055946
    },
    {
      "pts": 53.49431,
      "score": 5,
      "mse": 2.0944055944055946
    },
    {
      "pts": 53.51097,
      "score": 5,
      "mse": 2.0944055944055946
    },
    {
      "pts": 53.52723,
      "score": 5,
      "mse": 2.0944055944055946
    },
    {
      "pts": 53.54469,
      "score": 5,
      "mse": 2.0944055944055946
    },
    {
      "pts": 53.56089,
      "score": 5,
      "mse": 2.0944055944055946
    },
    {
      "pts": 53.57715,
      "score": 5,
      "mse": 2.0944055944055946
    },
    {
      "pts": 53.59403,
      "score": 5,
      "mse": 2.0944055944055946
    },
    {
      "pts": 53.61107,
      "score": 5,
      "mse": 2.0944055944055946
    },
    {
      "pts": 53.62754,
      "score": 5,
      "mse": 2.0944055944055946
    },
    {
      "pts": 53.64384,
      "score": 5,
      "mse": 2.0944055944055946
    },
    {
      "pts": 53.66054,
      "score": 5,
      "mse": 2.0944055944055946
    },
    {
      "pts": 53.67769,
      "score": 5,
      "mse": 2.0944055944055946
    },
    {
      "pts": 53.69375,
      "score": 5,
      "mse": 2.0944055944055946
    },
    {
      "pts": 53.71098,
      "score": 5,
      "mse": 2.0944055944055946
    },
    {
      "pts": 53.72733,
      "score": 5,
      "mse": 2.0944055944055946
    },
    {
      "pts": 53.74389,
      "score": 5,
      "mse": 2.0944055944055946
    },
    {
      "pts": 53.76054,
      "score": 5,
      "mse": 2.0944055944055946
    },
    {
      "pts": 53.77786,
      "score": 5,
      "mse": 2.0944055944055946
    },
    {
      "pts": 53.79445,
      "score": 5,
      "mse": 2.0944055944055946
    },
    {
      "pts": 53.81102,
      "score": 5,
      "mse": 2.0944055944055946
    },
    {
      "pts": 53.82735,
      "score": 5,
      "mse": 2.0944055944055946
    },
    {
      "pts": 53.8439,
      "score": 5,
      "mse": 2.0944055944055946
    },
    {
      "pts": 53.86115,
      "score": 5,
      "mse": 2.0944055944055946
    },
    {
      "pts": 53.87722,
      "score": 5,
      "mse": 2.0944055944055946
    },
    {
      "pts": 53.89439,
      "score": 5,
      "mse": 2.0944055944055946
    },
    {
      "pts": 53.91107,
      "score": 5,
      "mse": 2.0944055944055946
    },
    {
      "pts": 53.92742,
      "score": 5,
      "mse": 2.0944055944055946
    },
    {
      "pts": 53.94419,
      "score": 5,
      "mse": 2.0944055944055946
    },
    {
      "pts": 53.96126,
      "score": 5,
      "mse": 2.0944055944055946
    },
    {
      "pts": 53.97735,
      "score": 5,
      "mse": 2.0944055944055946
    },
    {
      "pts": 53.99438,
      "score": 5,
      "mse": 2.0944055944055946
    },
    {
      "pts": 54.01119,
      "score": 5,
      "mse": 2.0944055944055946
    },
    {
      "pts": 54.02732,
      "score": 5,
      "mse": 2.0944055944055946
    },
    {
      "pts": 54.04449,
      "score": 5,
      "mse": 2.0944055944055946
    },
    {
      "pts": 54.06072,
      "score": 5,
      "mse": 2.0944055944055946
    },
    {
      "pts": 54.07778,
      "score": 5,
      "mse": 2.0944055944055946
    },
    {
      "pts": 54.09473,
      "score": 5,
      "mse": 6.989510489510489
    },
    {
      "pts": 54.11098,
      "score": 5,
      "mse": 6.989510489510489
    },
    {
      "pts": 54.12739,
      "score": 5,
      "mse": 6.989510489510489
    },
    {
      "pts": 54.1441,
      "score": 5,
      "mse": 6.989510489510489
    },
    {
      "pts": 54.16106,
      "score": 5,
      "mse": 6.989510489510489
    },
    {
      "pts": 54.17754,
      "score": 5,
      "mse": 6.989510489510489
    },
    {
      "pts": 54.19409,
      "score": 5,
      "mse": 6.989510489510489
    },
    {
      "pts": 54.2107,
      "score": 5,
      "mse": 6.989510489510489
    },
    {
      "pts": 54.22804,
      "score": 5,
      "mse": 6.989510489510489
    },
    {
      "pts": 54.24463,
      "score": 5,
      "mse": 6.989510489510489
    },
    {
      "pts": 54.26106,
      "score": 5,
      "mse": 6.989510489510489
    },
    {
      "pts": 54.27738,
      "score": 5,
      "mse": 6.989510489510489
    },
    {
      "pts": 54.29481,
      "score": 5,
      "mse": 6.989510489510489
    },
    {
      "pts": 54.31074,
      "score": 5,
      "mse": 6.989510489510489
    },
    {
      "pts": 54.32791,
      "score": 5,
      "mse": 6.989510489510489
    },
    {
      "pts": 54.34445,
      "score": 5,
      "mse": 6.989510489510489
    },
    {
      "pts": 54.36138,
      "score": 5,
      "mse": 6.989510489510489
    },
    {
      "pts": 54.37751,
      "score": 5,
      "mse": 6.980769230769231
    },
    {
      "pts": 54.3943,
      "score": 5,
      "mse": 6.980769230769231
    },
    {
      "pts": 54.41079,
      "score": 5,
      "mse": 6.980769230769231
    },
    {
      "pts": 54.42755,
      "score": 5,
      "mse": 6.980769230769231
    },
    {
      "pts": 54.44452,
      "score": 5,
      "mse": 6.980769230769231
    },
    {
      "pts": 54.46117,
      "score": 5,
      "mse": 6.980769230769231
    },
    {
      "pts": 54.47759,
      "score": 5,
      "mse": 6.980769230769231
    },
    {
      "pts": 54.49433,
      "score": 5,
      "mse": 6.980769230769231
    },
    {
      "pts": 54.51119,
      "score": 5,
      "mse": 6.980769230769231
    },
    {
      "pts": 54.52751,
      "score": 5,
      "mse": 6.980769230769231
    },
    {
      "pts": 54.5448,
      "score": 5,
      "mse": 6.980769230769231
    },
    {
      "pts": 54.56139,
      "score": 5,
      "mse": 6.980769230769231
    },
    {
      "pts": 54.57773,
      "score": 5,
      "mse": 6.980769230769231
    },
    {
      "pts": 54.5948,
      "score": 5,
      "mse": 6.980769230769231
    },
    {
      "pts": 54.61122,
      "score": 5,
      "mse": 6.980769230769231
    },
    {
      "pts": 54.62758,
      "score": 5,
      "mse": 6.980769230769231
    },
    {
      "pts": 54.64486,
      "score": 5,
      "mse": 6.980769230769231
    },
    {
      "pts": 54.66141,
      "score": 5,
      "mse": 6.980769230769231
    },
    {
      "pts": 54.67782,
      "score": 5,
      "mse": 6.980769230769231
    },
    {
      "pts": 54.69434,
      "score": 5,
      "mse": 6.980769230769231
    },
    {
      "pts": 54.71163,
      "score": 5,
      "mse": 6.980769230769231
    },
    {
      "pts": 54.72816,
      "score": 5,
      "mse": 6.980769230769231
    },
    {
      "pts": 54.74458,
      "score": 5,
      "mse": 6.980769230769231
    },
    {
      "pts": 54.76114,
      "score": 5,
      "mse": 6.980769230769231
    },
    {
      "pts": 54.77823,
      "score": 5,
      "mse": 6.980769230769231
    },
    {
      "pts": 54.79494,
      "score": 5,
      "mse": 6.980769230769231
    },
    {
      "pts": 54.81107,
      "score": 5,
      "mse": 6.980769230769231
    },
    {
      "pts": 54.82821,
      "score": 5,
      "mse": 6.980769230769231
    },
    {
      "pts": 54.8449,
      "score": 5,
      "mse": 6.980769230769231
    },
    {
      "pts": 54.86145,
      "score": 5,
      "mse": 6.980769230769231
    },
    {
      "pts": 54.87815,
      "score": 5,
      "mse": 6.980769230769231
    },
    {
      "pts": 54.89493,
      "score": 5,
      "mse": 6.980769230769231
    },
    {
      "pts": 54.91111,
      "score": 5,
      "mse": 6.980769230769231
    },
    {
      "pts": 54.92774,
      "score": 5,
      "mse": 6.980769230769231
    },
    {
      "pts": 54.94478,
      "score": 5,
      "mse": 6.980769230769231
    },
    {
      "pts": 54.96123,
      "score": 5,
      "mse": 6.980769230769231
    },
    {
      "pts": 54.97777,
      "score": 5,
      "mse": 6.980769230769231
    },
    {
      "pts": 54.995,
      "score": 5,
      "mse": 6.980769230769231
    },
    {
      "pts": 55.01112,
      "score": 5,
      "mse": 6.980769230769231
    },
    {
      "pts": 55.02841,
      "score": 5,
      "mse": 6.980769230769231
    },
    {
      "pts": 55.04513,
      "score": 5,
      "mse": 6.980769230769231
    },
    {
      "pts": 55.06173,
      "score": 5,
      "mse": 6.980769230769231
    },
    {
      "pts": 55.07848,
      "score": 5,
      "mse": 6.980769230769231
    },
    {
      "pts": 55.09509,
      "score": 5,
      "mse": 6.980769230769231
    },
    {
      "pts": 55.11139,
      "score": 5,
      "mse": 6.980769230769231
    },
    {
      "pts": 55.12837,
      "score": 5,
      "mse": 6.980769230769231
    },
    {
      "pts": 55.14454,
      "score": 5,
      "mse": 6.980769230769231
    },
    {
      "pts": 55.16122,
      "score": 5,
      "mse": 6.980769230769231
    },
    {
      "pts": 55.17826,
      "score": 5,
      "mse": 6.980769230769231
    },
    {
      "pts": 55.19453,
      "score": 5,
      "mse": 6.980769230769231
    },
    {
      "pts": 55.21205,
      "score": 5,
      "mse": 6.980769230769231
    },
    {
      "pts": 55.22855,
      "score": 5,
      "mse": 6.980769230769231
    },
    {
      "pts": 55.24488,
      "score": 5,
      "mse": 6.980769230769231
    },
    {
      "pts": 55.2618,
      "score": 5,
      "mse": 6.980769230769231
    },
    {
      "pts": 55.27803,
      "score": 5,
      "mse": 6.980769230769231
    },
    {
      "pts": 55.29469,
      "score": 5,
      "mse": 6.496503496503497
    },
    {
      "pts": 55.31158,
      "score": 5,
      "mse": 6.496503496503497
    },
    {
      "pts": 55.32802,
      "score": 5,
      "mse": 6.496503496503497
    },
    {
      "pts": 55.34475,
      "score": 5,
      "mse": 6.496503496503497
    },
    {
      "pts": 55.3618,
      "score": 5,
      "mse": 6.496503496503497
    },
    {
      "pts": 55.37814,
      "score": 5,
      "mse": 6.496503496503497
    },
    {
      "pts": 55.39527,
      "score": 5,
      "mse": 6.496503496503497
    },
    {
      "pts": 55.41161,
      "score": 5,
      "mse": 6.496503496503497
    },
    {
      "pts": 55.42824,
      "score": 5,
      "mse": 6.496503496503497
    },
    {
      "pts": 55.44497,
      "score": 5,
      "mse": 6.496503496503497
    },
    {
      "pts": 55.4614,
      "score": 5,
      "mse": 6.496503496503497
    },
    {
      "pts": 55.47861,
      "score": 5,
      "mse": 6.496503496503497
    },
    {
      "pts": 55.49483,
      "score": 5,
      "mse": 6.496503496503497
    },
    {
      "pts": 55.51207,
      "score": 5,
      "mse": 6.496503496503497
    },
    {
      "pts": 55.52829,
      "score": 5,
      "mse": 6.496503496503497
    },
    {
      "pts": 55.54529,
      "score": 5,
      "mse": 6.496503496503497
    },
    {
      "pts": 55.56144,
      "score": 5,
      "mse": 6.496503496503497
    },
    {
      "pts": 55.57865,
      "score": 5,
      "mse": 6.496503496503497
    },
    {
      "pts": 55.59522,
      "score": 5,
      "mse": 6.496503496503497
    },
    {
      "pts": 55.61149,
      "score": 5,
      "mse": 6.496503496503497
    },
    {
      "pts": 55.62937,
      "score": 5,
      "mse": 6.496503496503497
    },
    {
      "pts": 55.64532,
      "score": 5,
      "mse": 6.496503496503497
    },
    {
      "pts": 55.66181,
      "score": 5,
      "mse": 6.496503496503497
    },
    {
      "pts": 55.67815,
      "score": 5,
      "mse": 6.496503496503497
    },
    {
      "pts": 55.69482,
      "score": 5,
      "mse": 6.496503496503497
    },
    {
      "pts": 55.7121,
      "score": 5,
      "mse": 6.496503496503497
    },
    {
      "pts": 55.72873,
      "score": 5,
      "mse": 6.496503496503497
    },
    {
      "pts": 55.74538,
      "score": 5,
      "mse": 6.496503496503497
    },
    {
      "pts": 55.76205,
      "score": 5,
      "mse": 6.496503496503497
    },
    {
      "pts": 55.77872,
      "score": 5,
      "mse": 6.496503496503497
    },
    {
      "pts": 55.79521,
      "score": 5,
      "mse": 6.496503496503497
    },
    {
      "pts": 55.81207,
      "score": 5,
      "mse": 6.496503496503497
    },
    {
      "pts": 55.82871,
      "score": 5,
      "mse": 6.496503496503497
    },
    {
      "pts": 55.84541,
      "score": 5,
      "mse": 6.496503496503497
    },
    {
      "pts": 55.86165,
      "score": 5,
      "mse": 6.496503496503497
    },
    {
      "pts": 55.8784,
      "score": 5,
      "mse": 6.496503496503497
    },
    {
      "pts": 55.8955,
      "score": 5,
      "mse": 6.496503496503497
    },
    {
      "pts": 55.91192,
      "score": 5,
      "mse": 6.496503496503497
    },
    {
      "pts": 55.92846,
      "score": 5,
      "mse": 6.496503496503497
    },
    {
      "pts": 55.94505,
      "score": 5,
      "mse": 6.496503496503497
    },
    {
      "pts": 55.96167,
      "score": 5,
      "mse": 6.496503496503497
    },
    {
      "pts": 55.97834,
      "score": 5,
      "mse": 6.496503496503497
    },
    {
      "pts": 55.99503,
      "score": 5,
      "mse": 6.496503496503497
    },
    {
      "pts": 56.01211,
      "score": 5,
      "mse": 6.496503496503497
    },
    {
      "pts": 56.02881,
      "score": 5,
      "mse": 6.496503496503497
    },
    {
      "pts": 56.04533,
      "score": 5,
      "mse": 6.496503496503497
    },
    {
      "pts": 56.06236,
      "score": 5,
      "mse": 6.496503496503497
    },
    {
      "pts": 56.07889,
      "score": 5,
      "mse": 6.496503496503497
    },
    {
      "pts": 56.09531,
      "score": 5,
      "mse": 4.851398601398602
    },
    {
      "pts": 56.11218,
      "score": 5,
      "mse": 4.851398601398602
    },
    {
      "pts": 56.12867,
      "score": 5,
      "mse": 4.851398601398602
    },
    {
      "pts": 56.14556,
      "score": 5,
      "mse": 4.851398601398602
    },
    {
      "pts": 56.16172,
      "score": 5,
      "mse": 4.851398601398602
    },
    {
      "pts": 56.17843,
      "score": 5,
      "mse": 4.851398601398602
    },
    {
      "pts": 56.19511,
      "score": 5,
      "mse": 4.851398601398602
    },
    {
      "pts": 56.21256,
      "score": 5,
      "mse": 4.851398601398602
    },
    {
      "pts": 56.22882,
      "score": 5,
      "mse": 4.851398601398602
    },
    {
      "pts": 56.24559,
      "score": 5,
      "mse": 4.851398601398602
    },
    {
      "pts": 56.26216,
      "score": 5,
      "mse": 4.851398601398602
    },
    {
      "pts": 56.27863,
      "score": 5,
      "mse": 4.851398601398602
    },
    {
      "pts": 56.29558,
      "score": 5,
      "mse": 4.851398601398602
    },
    {
      "pts": 56.31193,
      "score": 5,
      "mse": 4.851398601398602
    },
    {
      "pts": 56.32854,
      "score": 5,
      "mse": 4.851398601398602
    },
    {
      "pts": 56.34529,
      "score": 5,
      "mse": 4.851398601398602
    },
    {
      "pts": 56.36229,
      "score": 5,
      "mse": 4.8321678321678325
    },
    {
      "pts": 56.37892,
      "score": 5,
      "mse": 4.826923076923077
    },
    {
      "pts": 56.39539,
      "score": 5,
      "mse": 4.86013986013986
    },
    {
      "pts": 56.41226,
      "score": 5,
      "mse": 4.86013986013986
    },
    {
      "pts": 56.42907,
      "score": 5,
      "mse": 4.86013986013986
    },
    {
      "pts": 56.44517,
      "score": 5,
      "mse": 4.86013986013986
    },
    {
      "pts": 56.46221,
      "score": 5,
      "mse": 4.86013986013986
    },
    {
      "pts": 56.47851,
      "score": 5,
      "mse": 4.86013986013986
    },
    {
      "pts": 56.49521,
      "score": 5,
      "mse": 4.86013986013986
    },
    {
      "pts": 56.51238,
      "score": 5,
      "mse": 4.86013986013986
    },
    {
      "pts": 56.52899,
      "score": 5,
      "mse": 4.86013986013986
    },
    {
      "pts": 56.54573,
      "score": 5,
      "mse": 4.86013986013986
    },
    {
      "pts": 56.5619,
      "score": 5,
      "mse": 4.86013986013986
    },
    {
      "pts": 56.57919,
      "score": 5,
      "mse": 4.86013986013986
    },
    {
      "pts": 56.59532,
      "score": 5,
      "mse": 4.86013986013986
    },
    {
      "pts": 56.61289,
      "score": 5,
      "mse": 4.86013986013986
    },
    {
      "pts": 56.6291,
      "score": 5,
      "mse": 4.86013986013986
    },
    {
      "pts": 56.6459,
      "score": 5,
      "mse": 4.86013986013986
    },
    {
      "pts": 56.66224,
      "score": 5,
      "mse": 4.86013986013986
    },
    {
      "pts": 56.67911,
      "score": 5,
      "mse": 4.86013986013986
    },
    {
      "pts": 56.69533,
      "score": 5,
      "mse": 4.86013986013986
    },
    {
      "pts": 56.71217,
      "score": 5,
      "mse": 4.86013986013986
    },
    {
      "pts": 56.72898,
      "score": 5,
      "mse": 4.86013986013986
    },
    {
      "pts": 56.74568,
      "score": 5,
      "mse": 4.86013986013986
    },
    {
      "pts": 56.76263,
      "score": 5,
      "mse": 4.86013986013986
    },
    {
      "pts": 56.77928,
      "score": 5,
      "mse": 4.86013986013986
    },
    {
      "pts": 56.79604,
      "score": 5,
      "mse": 4.86013986013986
    },
    {
      "pts": 56.8122,
      "score": 5,
      "mse": 4.86013986013986
    },
    {
      "pts": 56.83004,
      "score": 5,
      "mse": 4.86013986013986
    },
    {
      "pts": 56.84609,
      "score": 5,
      "mse": 4.86013986013986
    },
    {
      "pts": 56.86219,
      "score": 5,
      "mse": 4.86013986013986
    },
    {
      "pts": 56.87874,
      "score": 5,
      "mse": 4.86013986013986
    },
    {
      "pts": 56.89562,
      "score": 5,
      "mse": 4.86013986013986
    },
    {
      "pts": 56.91239,
      "score": 5,
      "mse": 4.86013986013986
    },
    {
      "pts": 56.92933,
      "score": 5,
      "mse": 4.86013986013986
    },
    {
      "pts": 56.94657,
      "score": 5,
      "mse": 4.86013986013986
    },
    {
      "pts": 56.96313,
      "score": 5,
      "mse": 4.86013986013986
    },
    {
      "pts": 56.97907,
      "score": 5,
      "mse": 4.86013986013986
    },
    {
      "pts": 56.99552,
      "score": 5,
      "mse": 4.86013986013986
    },
    {
      "pts": 57.01263,
      "score": 5,
      "mse": 4.86013986013986
    },
    {
      "pts": 57.02966,
      "score": 5,
      "mse": 4.86013986013986
    },
    {
      "pts": 57.04583,
      "score": 5,
      "mse": 4.86013986013986
    },
    {
      "pts": 57.06246,
      "score": 5,
      "mse": 4.975524475524476
    },
    {
      "pts": 57.07979,
      "score": 5,
      "mse": 5.7027972027972025
    },
    {
      "pts": 57.09621,
      "score": 5,
      "mse": 7.683566433566433
    },
    {
      "pts": 57.11237,
      "score": 5,
      "mse": 9.305944055944057
    },
    {
      "pts": 57.12886,
      "score": 3,
      "mse": 23.153846153846153
    },
    {
      "pts": 57.14571,
      "score": 3,
      "mse": 22.204545454545453
    },
    {
      "pts": 57.16331,
      "score": 3,
      "mse": 17.274475524475523
    },
    {
      "pts": 57.17905,
      "score": 3,
      "mse": 0.0
    },
    {
      "pts": 57.19627,
      "score": 3,
      "mse": 5.276223776223776
    },
    {
      "pts": 57.21234,
      "score": 3,
      "mse": 13.115384615384615
    },
    {
      "pts": 57.22905,
      "score": 3,
      "mse": 13.115384615384615
    },
    {
      "pts": 57.24602,
      "score": 3,
      "mse": 6.166083916083916
    },
    {
      "pts": 57.26256,
      "score": 3,
      "mse": 5.596153846153846
    },
    {
      "pts": 57.27946,
      "score": 3,
      "mse": 19.346153846153847
    },
    {
      "pts": 57.29598,
      "score": 3,
      "mse": 18.124125874125873
    },
    {
      "pts": 57.31255,
      "score": 3,
      "mse": 17.821678321678323
    },
    {
      "pts": 57.32922,
      "score": 3,
      "mse": 73.02447552447552
    },
    {
      "pts": 57.34608,
      "score": null,
      "mse": 117.86713286713287
    },
    {
      "pts": 57.36263,
      "score": null,
      "mse": 164.15734265734267
    },
    {
      "pts": 57.3795,
      "score": null,
      "mse": 240.6818181818182
    },
    {
      "pts": 57.39591,
      "score": null,
      "mse": 474.72202797202794
    },
    {
      "pts": 57.41261,
      "score": null,
      "mse": 603.8688811188811
    },
    {
      "pts": 57.43005,
      "score": null,
      "mse": 894.8566433566433
    },
    {
      "pts": 57.44603,
      "score": null,
      "mse": 1117.7972027972028
    },
    {
      "pts": 57.46305,
      "score": null,
      "mse": 1124.6328671328672
    },
    {
      "pts": 57.47935,
      "score": null,
      "mse": 750.3461538461538
    },
    {
      "pts": 57.4964,
      "score": null,
      "mse": 412.77097902097904
    },
    {
      "pts": 57.51268,
      "score": null,
      "mse": 316.9248251748252
    },
    {
      "pts": 57.52948,
      "score": null,
      "mse": 264.87412587412587
    },
    {
      "pts": 57.54606,
      "score": null,
      "mse": 502.3531468531468
    },
    {
      "pts": 57.5634,
      "score": null,
      "mse": 409.69405594405595
    },
    {
      "pts": 57.57944,
      "score": null,
      "mse": 268.7762237762238
    },
    {
      "pts": 57.59679,
      "score": null,
      "mse": 207.46153846153845
    },
    {
      "pts": 57.61285,
      "score": null,
      "mse": 166.9020979020979
    },
    {
      "pts": 57.62914,
      "score": null,
      "mse": 110.52797202797203
    },
    {
      "pts": 57.6461,
      "score": 1,
      "mse": 95.2062937062937
    },
    {
      "pts": 57.66347,
      "score": 1,
      "mse": 66.75699300699301
    },
    {
      "pts": 57.67947,
      "score": 1,
      "mse": 33.46678321678322
    },
    {
      "pts": 57.69612,
      "score": 1,
      "mse": 13.236013986013987
    },
    {
      "pts": 57.71292,
      "score": 1,
      "mse": 14.51048951048951
    },
    {
      "pts": 57.72953,
      "score": 1,
      "mse": 14.001748251748252
    },
    {
      "pts": 57.74676,
      "score": 1,
      "mse": 8.772727272727273
    },
    {
      "pts": 57.76288,
      "score": 1,
      "mse": 85.4493006993007
    },
    {
      "pts": 57.77999,
      "score": null,
      "mse": 264.05944055944053
    },
    {
      "pts": 57.7961,
      "score": null,
      "mse": 452.0786713286713
    },
    {
      "pts": 57.81274,
      "score": null,
      "mse": 714.4388111888112
    },
    {
      "pts": 57.83031,
      "score": null,
      "mse": 1114.4283216783217
    },
    {
      "pts": 57.84622,
      "score": null,
      "mse": 1508.7954545454545
    },
    {
      "pts": 57.8635,
      "score": null,
      "mse": 1891.555944055944
    },
    {
      "pts": 57.87951,
      "score": null,
      "mse": 1979.8723776223776
    },
    {
      "pts": 57.89606,
      "score": null,
      "mse": 2032.201048951049
    },
    {
      "pts": 57.91323,
      "score": null,
      "mse": 1852.9807692307693
    },
    {
      "pts": 57.92964,
      "score": null,
      "mse": 1604.2902097902097
    },
    {
      "pts": 57.94668,
      "score": null,
      "mse": 1241.56993006993
    },
    {
      "pts": 57.96289,
      "score": null,
      "mse": 557.8269230769231
    },
    {
      "pts": 57.98001,
      "score": null,
      "mse": 274.27272727272725
    },
    {
      "pts": 57.99636,
      "score": null,
      "mse": 242.6888111888112
    },
    {
      "pts": 58.01296,
      "score": null,
      "mse": 238.11363636363637
    },
    {
      "pts": 58.03029,
      "score": null,
      "mse": 225.006993006993
    },
    {
      "pts": 58.04633,
      "score": null,
      "mse": 209.82517482517483
    },
    {
      "pts": 58.06331,
      "score": null,
      "mse": 215.63286713286712
    },
    {
      "pts": 58.07972,
      "score": null,
      "mse": 211.99125874125875
    },
    {
      "pts": 58.09642,
      "score": null,
      "mse": 114.1958041958042
    },
    {
      "pts": 58.11306,
      "score": 0,
      "mse": 15.933566433566433
    },
    {
      "pts": 58.12959,
      "score": 0,
      "mse": 7.043706293706293
    },
    {
      "pts": 58.14645,
      "score": 0,
      "mse": 6.9527972027972025
    },
    {
      "pts": 58.16279,
      "score": 0,
      "mse": 33.52272727272727
    },
    {
      "pts": 58.1799,
      "score": null,
      "mse": 481.60664335664336
    },
    {
      "pts": 58.19626,
      "score": null,
      "mse": 760.6940559440559
    },
    {
      "pts": 58.21348,
      "score": null,
      "mse": 549.3374125874126
    },
    {
      "pts": 58.22959,
      "score": null,
      "mse": 1131.2377622377621
    },
    {
      "pts": 58.24698,
      "score": null,
      "mse": 1485.6451048951049
    },
    {
      "pts": 58.26321,
      "score": null,
      "mse": 1421.6223776223776
    },
    {
      "pts": 58.27975,
      "score": null,
      "mse": 1526.958041958042
    },
    {
      "pts": 58.29688,
      "score": null,
      "mse": 1096.1206293706293
    },
    {
      "pts": 58.31305,
      "score": null,
      "mse": 471.6031468531468
    },
    {
      "pts": 58.32985,
      "score": null,
      "mse": 534.3601398601398
    },
    {
      "pts": 58.34644,
      "score": null,
      "mse": 550.8951048951049
    },
    {
      "pts": 58.36333,
      "score": null,
      "mse": 531.993006993007
    },
    {
      "pts": 58.37973,
      "score": null,
      "mse": 366.40034965034965
    },
    {
      "pts": 58.39636,
      "score": null,
      "mse": 493.4475524475524
    },
    {
      "pts": 58.41328,
      "score": null,
      "mse": 621.3601398601398
    },
    {
      "pts": 58.42999,
      "score": null,
      "mse": 648.0244755244755
    },
    {
      "pts": 58.44678,
      "score": null,
      "mse": 547.4108391608391
    },
    {
      "pts": 58.46393,
      "score": null,
      "mse": 406.15384615384613
    },
    {
      "pts": 58.47975,
      "score": null,
      "mse": 311.04895104895104
    },
    {
      "pts": 58.49637,
      "score": null,
      "mse": 280.6276223776224
    },
    {
      "pts": 58.51349,
      "score": null,
      "mse": 249.66783216783216
    },
    {
      "pts": 58.53009,
      "score": null,
      "mse": 232.83391608391608
    },
    {
      "pts": 58.54646,
      "score": null,
      "mse": 211.5034965034965
    },
    {
      "pts": 58.56308,
      "score": null,
      "mse": 176.7062937062937
    },
    {
      "pts": 58.58041,
      "score": null,
      "mse": 147.50174825174824
    },
    {
      "pts": 58.59672,
      "score": null,
      "mse": 112.32517482517483
    },
    {
      "pts": 58.613,
      "score": 0,
      "mse": 108.77797202797203
    },
    {
      "pts": 58.62999,
      "score": 0,
      "mse": 86.8479020979021
    },
    {
      "pts": 58.64693,
      "score": 0,
      "mse": 97.8548951048951
    },
    {
      "pts": 58.66347,
      "score": 0,
      "mse": 85.06993006993007
    },
    {
      "pts": 58.68032,
      "score": 0,
      "mse": 67.8041958041958
    },
    {
      "pts": 58.69688,
      "score": 0,
      "mse": 22.34090909090909
    },
    {
      "pts": 58.71352,
      "score": 0,
      "mse": 7.72027972027972
    },
    {
      "pts": 58.72994,
      "score": 0,
      "mse": 6.384615384615385
    },
    {
      "pts": 58.7464,
      "score": 0,
      "mse": 6.120629370629371
    },
    {
      "pts": 58.76317,
      "score": 0,
      "mse": 6.120629370629371
    },
    {
      "pts": 58.77976,
      "score": 0,
      "mse": 6.120629370629371
    },
    {
      "pts": 58.79672,
      "score": 0,
      "mse": 4.895104895104895
    },
    {
      "pts": 58.81352,
      "score": 0,
      "mse": 4.895104895104895
    },
    {
      "pts": 58.83006,
      "score": 0,
      "mse": 4.895104895104895
    },
    {
      "pts": 58.84684,
      "score": 0,
      "mse": 4.213286713286713
    },
    {
      "pts": 58.86315,
      "score": 0,
      "mse": 4.213286713286713
    },
    {
      "pts": 58.88036,
      "score": 0,
      "mse": 3.727272727272727
    },
    {
      "pts": 58.89683,
      "score": 0,
      "mse": 3.727272727272727
    },
    {
      "pts": 58.91361,
      "score": 0,
      "mse": 3.727272727272727
    },
    {
      "pts": 58.92999,
      "score": 0,
      "mse": 3.727272727272727
    },
    {
      "pts": 58.94684,
      "score": 0,
      "mse": 3.727272727272727
    },
    {
      "pts": 58.96365,
      "score": 0,
      "mse": 3.727272727272727
    },
    {
      "pts": 58.98034,
      "score": 0,
      "mse": 2.7587412587412588
    },
    {
      "pts": 58.99682,
      "score": 0,
      "mse": 2.3776223776223775
    },
    {
      "pts": 59.01387,
      "score": 0,
      "mse": 2.3776223776223775
    },
    {
      "pts": 59.0308,
      "score": 0,
      "mse": 2.3776223776223775
    },
    {
      "pts": 59.04699,
      "score": 0,
      "mse": 2.3776223776223775
    },
    {
      "pts": 59.06365,
      "score": 0,
      "mse": 2.3776223776223775
    },
    {
      "pts": 59.08085,
      "score": 0,
      "mse": 2.3776223776223775
    },
    {
      "pts": 59.09692,
      "score": 0,
      "mse": 2.3776223776223775
    },
    {
      "pts": 59.11391,
      "score": 0,
      "mse": 2.3776223776223775
    },
    {
      "pts": 59.13003,
      "score": 0,
      "mse": 2.3776223776223775
    },
    {
      "pts": 59.14697,
      "score": 0,
      "mse": 2.263986013986014
    },
    {
      "pts": 59.16378,
      "score": 0,
      "mse": 2.263986013986014
    },
    {
      "pts": 59.18012,
      "score": 0,
      "mse": 2.263986013986014
    },
    {
      "pts": 59.19726,
      "score": 0,
      "mse": 2.263986013986014
    },
    {
      "pts": 59.21404,
      "score": 0,
      "mse": 2.263986013986014
    },
    {
      "pts": 59.23014,
      "score": 0,
      "mse": 2.263986013986014
    },
    {
      "pts": 59.24741,
      "score": 0,
      "mse": 2.263986013986014
    },
    {
      "pts": 59.26352,
      "score": 0,
      "mse": 2.263986013986014
    },
    {
      "pts": 59.28052,
      "score": 0,
      "mse": 2.263986013986014
    },
    {
      "pts": 59.29665,
      "score": 0,
      "mse": 2.263986013986014
    },
    {
      "pts": 59.31379,
      "score": 0,
      "mse": 2.263986013986014
    },
    {
      "pts": 59.33031,
      "score": 0,
      "mse": 2.263986013986014
    },
    {
      "pts": 59.34687,
      "score": 0,
      "mse": 2.263986013986014
    },
    {
      "pts": 59.36375,
      "score": 0,
      "mse": 2.263986013986014
    },
    {
      "pts": 59.38069,
      "score": 0,
      "mse": 2.263986013986014
    },
    {
      "pts": 59.39688,
      "score": 0,
      "mse": 2.263986013986014
    },
    {
      "pts": 59.4143,
      "score": 0,
      "mse": 2.263986013986014
    },
    {
      "pts": 59.43039,
      "score": 0,
      "mse": 2.263986013986014
    },
    {
      "pts": 59.44752,
      "score": 0,
      "mse": 2.263986013986014
    },
    {
      "pts": 59.46372,
      "score": 0,
      "mse": 2.263986013986014
    },
    {
      "pts": 59.48094,
      "score": 0,
      "mse": 2.263986013986014
    },
    {
      "pts": 59.497,
      "score": 0,
      "mse": 2.263986013986014
    },
    {
      "pts": 59.51368,
      "score": 0,
      "mse": 2.263986013986014
    },
    {
      "pts": 59.53048,
      "score": 0,
      "mse": 2.263986013986014
    },
    {
      "pts": 59.54726,
      "score": 0,
      "mse": 2.263986013986014
    },
    {
      "pts": 59.56407,
      "score": 0,
      "mse": 2.263986013986014
    },
    {
      "pts": 59.58083,
      "score": 0,
      "mse": 2.263986013986014
    },
    {
      "pts": 59.59723,
      "score": 0,
      "mse": 2.263986013986014
    },
    {
      "pts": 59.6139,
      "score": 0,
      "mse": 2.263986013986014
    },
    {
      "pts": 59.63114,
      "score": 0,
      "mse": 2.263986013986014
    },
    {
      "pts": 59.64757,
      "score": 0,
      "mse": 2.263986013986014
    },
    {
      "pts": 59.66409,
      "score": 0,
      "mse": 2.263986013986014
    },
    {
      "pts": 59.68103,
      "score": 0,
      "mse": 2.263986013986014
    },
    {
      "pts": 59.69763,
      "score": 0,
      "mse": 2.263986013986014
    },
    {
      "pts": 59.71401,
      "score": 0,
      "mse": 2.263986013986014
    },
    {
      "pts": 59.73078,
      "score": 0,
      "mse": 2.263986013986014
    },
    {
      "pts": 59.74755,
      "score": 0,
      "mse": 2.263986013986014
    },
    {
      "pts": 59.76457,
      "score": 0,
      "mse": 2.263986013986014
    },
    {
      "pts": 59.78105,
      "score": 0,
      "mse": 2.263986013986014
    },
    {
      "pts": 59.79734,
      "score": 0,
      "mse": 2.263986013986014
    },
    {
      "pts": 59.81369,
      "score": 0,
      "mse": 2.263986013986014
    },
    {
      "pts": 59.8311,
      "score": 0,
      "mse": 2.263986013986014
    },
    {
      "pts": 59.84758,
      "score": 0,
      "mse": 2.263986013986014
    },
    {
      "pts": 59.86405,
      "score": 0,
      "mse": 2.263986013986014
    },
    {
      "pts": 59.88039,
      "score": 0,
      "mse": 2.263986013986014
    },
    {
      "pts": 59.89737,
      "score": 0,
      "mse": 2.263986013986014
    },
    {
      "pts": 59.91395,
      "score": 0,
      "mse": 2.263986013986014
    },
    {
      "pts": 59.93065,
      "score": 0,
      "mse": 2.263986013986014
    },
    {
      "pts": 59.94749,
      "score": 0,
      "mse": 2.263986013986014
    },
    {
      "pts": 59.96415,
      "score": 0,
      "mse": 2.263986013986014
    },
    {
      "pts": 59.98057,
      "score": 0,
      "mse": 2.263986013986014
    },
    {
      "pts": 59.99725,
      "score": 0,
      "mse": 2.263986013986014
    },
    {
      "pts": 60.01398,
      "score": 0,
      "mse": 2.263986013986014
    },
    {
      "pts": 60.03071,
      "score": 0,
      "mse": 2.263986013986014
    },
    {
      "pts": 60.04739,
      "score": 0,
      "mse": 2.263986013986014
    },
    {
      "pts": 60.06426,
      "score": 0,
      "mse": 2.263986013986014
    },
    {
      "pts": 60.08084,
      "score": 0,
      "mse": 2.263986013986014
    },
    {
      "pts": 60.09815,
      "score": 0,
      "mse": 0.0
    },
    {
      "pts": 60.11413,
      "score": 0,
      "mse": 0.0
    },
    {
      "pts": 60.13088,
      "score": 0,
      "mse": 0.0
    },
    {
      "pts": 60.14748,
      "score": 0,
      "mse": 0.0
    },
    {
      "pts": 60.1644,
      "score": 0,
      "mse": 0.0
    },
    {
      "pts": 60.1809,
      "score": 0,
      "mse": 0.0
    },
    {
      "pts": 60.19747,
      "score": 0,
      "mse": 0.0
    },
    {
      "pts": 60.21434,
      "score": 0,
      "mse": 0.0
    },
    {
      "pts": 60.23115,
      "score": 0,
      "mse": 0.0
    },
    {
      "pts": 60.24756,
      "score": 0,
      "mse": 0.0
    },
    {
      "pts": 60.26407,
      "score": 0,
      "mse": 0.0
    },
    {
      "pts": 60.28084,
      "score": 0,
      "mse": 0.0
    },
    {
      "pts": 60.29766,
      "score": 0,
      "mse": 0.0
    },
    {
      "pts": 60.3144,
      "score": 0,
      "mse": 0.0
    },
    {
      "pts": 60.33077,
      "score": 0,
      "mse": 0.0
    },
    {
      "pts": 60.3475,
      "score": 0,
      "mse": 0.0
    },
    {
      "pts": 60.36441,
      "score": 0,
      "mse": 0.0
    },
    {
      "pts": 60.38138,
      "score": 0,
      "mse": 0.0
    },
    {
      "pts": 60.39785,
      "score": 0,
      "mse": 0.0
    },
    {
      "pts": 60.41415,
      "score": 0,
      "mse": 0.0
    },
    {
      "pts": 60.43128,
      "score": 0,
      "mse": 0.0
    },
    {
      "pts": 60.44767,
      "score": 0,
      "mse": 0.0
    },
    {
      "pts": 60.46484,
      "score": 0,
      "mse": 0.0
    },
    {
      "pts": 60.48077,
      "score": 0,
      "mse": 0.0
    },
    {
      "pts": 60.49745,
      "score": 0,
      "mse": 0.0
    },
    {
      "pts": 60.51487,
      "score": 0,
      "mse": 0.0
    },
    {
      "pts": 60.53123,
      "score": 0,
      "mse": 0.0
    },
    {
      "pts": 60.5475,
      "score": 0,
      "mse": 0.0
    },
    {
      "pts": 60.56421,
      "score": 0,
      "mse": 0.0
    },
    {
      "pts": 60.58133,
      "score": 0,
      "mse": 0.0
    },
    {
      "pts": 60.59773,
      "score": 0,
      "mse": 0.0
    },
    {
      "pts": 60.61437,
      "score": 0,
      "mse": 0.0
    },
    {
      "pts": 60.63137,
      "score": 0,
      "mse": 0.0
    },
    {
      "pts": 60.64743,
      "score": 0,
      "mse": 0.0
    },
    {
      "pts": 60.66468,
      "score": 0,
      "mse": 0.0
    },
    {
      "pts": 60.68118,
      "score": 0,
      "mse": 0.0
    },
    {
      "pts": 60.69754,
      "score": 0,
      "mse": 0.0
    },
    {
      "pts": 60.71485,
      "score": 0,
      "mse": 0.0
    },
    {
      "pts": 60.73089,
      "score": 0,
      "mse": 0.0
    },
    {
      "pts": 60.7481,
      "score": 0,
      "mse": 0.0
    },
    {
      "pts": 60.76468,
      "score": 0,
      "mse": 0.0
    },
    {
      "pts": 60.7813,
      "score": 0,
      "mse": 0.0
    },
    {
      "pts": 60.79773,
      "score": 0,
      "mse": 0.0
    },
    {
      "pts": 60.8145,
      "score": 0,
      "mse": 0.0
    },
    {
      "pts": 60.83171,
      "score": 0,
      "mse": 0.0
    },
    {
      "pts": 60.84787,
      "score": 0,
      "mse": 0.0
    },
    {
      "pts": 60.8643,
      "score": 0,
      "mse": 0.0
    },
    {
      "pts": 60.88104,
      "score": 0,
      "mse": 0.0
    },
    {
      "pts": 60.89771,
      "score": 0,
      "mse": 0.0
    },
    {
      "pts": 60.91462,
      "score": 0,
      "mse": 0.0
    },
    {
      "pts": 60.9315,
      "score": 0,
      "mse": 0.0
    },
    {
      "pts": 60.94782,
      "score": 0,
      "mse": 0.0
    },
    {
      "pts": 60.96457,
      "score": 0,
      "mse": 0.0
    },
    {
      "pts": 60.9809,
      "score": 0,
      "mse": 0.0
    },
    {
      "pts": 60.9984,
      "score": 0,
      "mse": 0.0
    },
    {
      "pts": 61.01491,
      "score": 0,
      "mse": 0.0
    },
    {
      "pts": 61.03136,
      "score": 0,
      "mse": 0.0
    },
    {
      "pts": 61.04827,
      "score": 0,
      "mse": 0.0
    },
    {
      "pts": 61.06432,
      "score": 0,
      "mse": 0.0
    },
    {
      "pts": 61.08129,
      "score": 0,
      "mse": 0.0
    },
    {
      "pts": 61.0981,
      "score": 0,
      "mse": 0.0
    },
    {
      "pts": 61.11453,
      "score": 0,
      "mse": 0.0
    },
    {
      "pts": 61.13158,
      "score": 0,
      "mse": 0.0
    },
    {
      "pts": 61.14799,
      "score": 0,
      "mse": 0.0
    },
    {
      "pts": 61.16456,
      "score": 0,
      "mse": 0.0
    },
    {
      "pts": 61.18114,
      "score": 0,
      "mse": 0.0
    },
    {
      "pts": 61.19805,
      "score": 0,
      "mse": 0.0
    },
    {
      "pts": 61.21476,
      "score": 0,
      "mse": 0.0
    },
    {
      "pts": 61.23108,
      "score": 0,
      "mse": 0.0
    },
    {
      "pts": 61.24842,
      "score": 0,
      "mse": 0.0
    },
    {
      "pts": 61.2649,
      "score": 0,
      "mse": 0.0
    },
    {
      "pts": 61.28148,
      "score": 0,
      "mse": 0.0
    },
    {
      "pts": 61.29796,
      "score": 0,
      "mse": 0.0
    },
    {
      "pts": 61.31505,
      "score": 0,
      "mse": 0.0
    },
    {
      "pts": 61.3315,
      "score": 0,
      "mse": 0.0
    },
    {
      "pts": 61.34806,
      "score": 0,
      "mse": 0.0
    },
    {
      "pts": 61.36445,
      "score": 0,
      "mse": 0.0
    },
    {
      "pts": 61.38204,
      "score": 0,
      "mse": 0.0
    },
    {
      "pts": 61.39802,
      "score": 0,
      "mse": 0.0
    },
    {
      "pts": 61.41495,
      "score": 0,
      "mse": 0.0
    },
    {
      "pts": 61.43182,
      "score": 0,
      "mse": 0.0
    },
    {
      "pts": 61.44822,
      "score": 0,
      "mse": 0.0
    },
    {
      "pts": 61.46503,
      "score": 0,
      "mse": 0.0
    },
    {
      "pts": 61.48139,
      "score": 0,
      "mse": 0.0
    },
    {
      "pts": 61.49802,
      "score": 0,
      "mse": 0.0
    },
    {
      "pts": 61.51537,
      "score": 0,
      "mse": 0.0
    },
    {
      "pts": 61.53165,
      "score": 0,
      "mse": 0.0
    },
    {
      "pts": 61.54804,
      "score": 0,
      "mse": 0.0
    },
    {
      "pts": 61.56484,
      "score": 0,
      "mse": 0.0
    },
    {
      "pts": 61.5816,
      "score": 0,
      "mse": 0.0
    },
    {
      "pts": 61.59849,
      "score": 0,
      "mse": 0.0
    },
    {
      "pts": 61.6147,
      "score": 0,
      "mse": 0.0
    },
    {
      "pts": 61.63199,
      "score": 0,
      "mse": 0.0
    },
    {
      "pts": 61.64884,
      "score": 0,
      "mse": 0.0
    },
    {
      "pts": 61.66528,
      "score": 0,
      "mse": 0.0
    },
    {
      "pts": 61.68188,
      "score": 0,
      "mse": 0.0
    },
    {
      "pts": 61.69837,
      "score": 0,
      "mse": 0.0
    },
    {
      "pts": 61.7156,
      "score": 0,
      "mse": 0.0
    },
    {
      "pts": 61.73132,
      "score": 0,
      "mse": 0.0
    },
    {
      "pts": 61.74813,
      "score": 0,
      "mse": 0.0
    },
    {
      "pts": 61.76506,
      "score": 0,
      "mse": 0.0
    },
    {
      "pts": 61.78175,
      "score": 0,
      "mse": 0.0
    },
    {
      "pts": 61.79831,
      "score": 0,
      "mse": 0.0
    },
    {
      "pts": 61.81507,
      "score": 0,
      "mse": 0.0
    },
    {
      "pts": 61.83193,
      "score": 0,
      "mse": 0.0
    },
    {
      "pts": 61.84874,
      "score": 0,
      "mse": 0.0
    },
    {
      "pts": 61.86478,
      "score": 0,
      "mse": 0.0
    },
    {
      "pts": 61.88139,
      "score": 0,
      "mse": 0.0
    },
    {
      "pts": 61.89845,
      "score": 0,
      "mse": 0.0
    },
    {
      "pts": 61.91531,
      "score": 0,
      "mse": 0.0
    },
    {
      "pts": 61.93231,
      "score": 0,
      "mse": 0.0
    },
    {
      "pts": 61.94827,
      "score": 0,
      "mse": 0.0
    },
    {
      "pts": 61.96513,
      "score": 0,
      "mse": 0.0
    },
    {
      "pts": 61.98158,
      "score": 0,
      "mse": 0.0
    },
    {
      "pts": 61.99814,
      "score": 0,
      "mse": 0.0
    },
    {
      "pts": 62.01531,
      "score": 0,
      "mse": 0.0
    },
    {
      "pts": 62.03249,
      "score": 0,
      "mse": 0.0
    },
    {
      "pts": 62.04876,
      "score": 0,
      "mse": 0.0
    },
    {
      "pts": 62.0648,
      "score": 0,
      "mse": 0.0
    },
    {
      "pts": 62.08168,
      "score": 0,
      "mse": 0.0
    },
    {
      "pts": 62.09879,
      "score": 0,
      "mse": 1.7255244755244756
    },
    {
      "pts": 62.11494,
      "score": 0,
      "mse": 1.7255244755244756
    },
    {
      "pts": 62.13148,
      "score": 0,
      "mse": 1.7255244755244756
    },
    {
      "pts": 62.14851,
      "score": 0,
      "mse": 1.7255244755244756
    },
    {
      "pts": 62.16531,
      "score": 0,
      "mse": 1.7255244755244756
    },
    {
      "pts": 62.1819,
      "score": 0,
      "mse": 1.7255244755244756
    },
    {
      "pts": 62.19826,
      "score": 0,
      "mse": 1.7255244755244756
    },
    {
      "pts": 62.21539,
      "score": 0,
      "mse": 1.7255244755244756
    },
    {
      "pts": 62.23163,
      "score": 0,
      "mse": 1.7255244755244756
    },
    {
      "pts": 62.24841,
      "score": 0,
      "mse": 1.7255244755244756
    },
    {
      "pts": 62.26534,
      "score": 0,
      "mse": 1.7255244755244756
    },
    {
      "pts": 62.2822,
      "score": 0,
      "mse": 1.7255244755244756
    },
    {
      "pts": 62.29858,
      "score": 0,
      "mse": 1.7255244755244756
    },
    {
      "pts": 62.31497,
      "score": 0,
      "mse": 1.7255244755244756
    },
    {
      "pts": 62.33205,
      "score": 0,
      "mse": 1.7255244755244756
    },
    {
      "pts": 62.34836,
      "score": 0,
      "mse": 1.7255244755244756
    },
    {
      "pts": 62.36499,
      "score": 0,
      "mse": 1.7255244755244756
    },
    {
      "pts": 62.38198,
      "score": 0,
      "mse": 1.7255244755244756
    },
    {
      "pts": 62.39843,
      "score": 0,
      "mse": 1.7255244755244756
    },
    {
      "pts": 62.41537,
      "score": 0,
      "mse": 1.7255244755244756
    },
    {
      "pts": 62.43179,
      "score": 0,
      "mse": 1.7255244755244756
    },
    {
      "pts": 62.44875,
      "score": 0,
      "mse": 1.7255244755244756
    },
    {
      "pts": 62.46562,
      "score": 0,
      "mse": 1.7255244755244756
    },
    {
      "pts": 62.48236,
      "score": 0,
      "mse": 1.7255244755244756
    },
    {
      "pts": 62.49836,
      "score": 0,
      "mse": 1.7255244755244756
    },
    {
      "pts": 62.51529,
      "score": 0,
      "mse": 1.7255244755244756
    },
    {
      "pts": 62.53222,
      "score": 0,
      "mse": 1.7255244755244756
    },
    {
      "pts": 62.54867,
      "score": 0,
      "mse": 1.7255244755244756
    },
    {
      "pts": 62.56544,
      "score": 0,
      "mse": 1.7255244755244756
    },
    {
      "pts": 62.58206,
      "score": 0,
      "mse": 1.7255244755244756
    },
    {
      "pts": 62.5992,
      "score": 0,
      "mse": 1.7255244755244756
    },
    {
      "pts": 62.61545,
      "score": 0,
      "mse": 1.7255244755244756
    },
    {
      "pts": 62.63238,
      "score": 0,
      "mse": 1.7255244755244756
    },
    {
      "pts": 62.64854,
      "score": 0,
      "mse": 1.7255244755244756
    },
    {
      "pts": 62.66573,
      "score": 0,
      "mse": 1.7255244755244756
    },
    {
      "pts": 62.68226,
      "score": 0,
      "mse": 1.7255244755244756
    },
    {
      "pts": 62.69913,
      "score": 0,
      "mse": 1.7255244755244756
    },
    {
      "pts": 62.71553,
      "score": 0,
      "mse": 1.7255244755244756
    },
    {
      "pts": 62.73242,
      "score": 0,
      "mse": 1.7255244755244756
    },
    {
      "pts": 62.74927,
      "score": 0,
      "mse": 1.7255244755244756
    },
    {
      "pts": 62.76527,
      "score": 0,
      "mse": 1.7255244755244756
    },
    {
      "pts": 62.78208,
      "score": 0,
      "mse": 1.7255244755244756
    },
    {
      "pts": 62.79901,
      "score": 0,
      "mse": 1.7255244755244756
    },
    {
      "pts": 62.81561,
      "score": 0,
      "mse": 1.7255244755244756
    },
    {
      "pts": 62.83277,
      "score": 0,
      "mse": 1.7255244755244756
    },
    {
      "pts": 62.84881,
      "score": 0,
      "mse": 1.7255244755244756
    },
    {
      "pts": 62.86534,
      "score": 0,
      "mse": 1.7255244755244756
    },
    {
      "pts": 62.88203,
      "score": 0,
      "mse": 1.7255244755244756
    },
    {
      "pts": 62.89878,
      "score": 0,
      "mse": 1.7255244755244756
    },
    {
      "pts": 62.91562,
      "score": 0,
      "mse": 1.7255244755244756
    },
    {
      "pts": 62.9321,
      "score": 0,
      "mse": 1.7465034965034965
    },
    {
      "pts": 62.94872,
      "score": 0,
      "mse": 1.7272727272727273
    },
    {
      "pts": 62.96569,
      "score": 0,
      "mse": 1.7412587412587412
    },
    {
      "pts": 62.98216,
      "score": 0,
      "mse": 1.7482517482517483
    },
    {
      "pts": 62.99878,
      "score": 0,
      "mse": 1.743006993006993
    },
    {
      "pts": 63.01547,
      "score": 0,
      "mse": 1.743006993006993
    },
    {
      "pts": 63.03254,
      "score": 0,
      "mse": 1.743006993006993
    },
    {
      "pts": 63.04887,
      "score": 0,
      "mse": 1.743006993006993
    },
    {
      "pts": 63.0656,
      "score": 0,
      "mse": 1.743006993006993
    },
    {
      "pts": 63.08278,
      "score": 0,
      "mse": 1.743006993006993
    },
    {
      "pts": 63.0989,
      "score": 0,
      "mse": 1.743006993006993
    },
    {
      "pts": 63.11549,
      "score": 0,
      "mse": 1.743006993006993
    },
    {
      "pts": 63.13227,
      "score": 0,
      "mse": 1.743006993006993
    },
    {
      "pts": 63.14914,
      "score": 0,
      "mse": 1.743006993006993
    },
    {
      "pts": 63.16542,
      "score": 0,
      "mse": 1.743006993006993
    },
    {
      "pts": 63.18205,
      "score": 0,
      "mse": 1.743006993006993
    },
    {
      "pts": 63.19946,
      "score": 0,
      "mse": 1.743006993006993
    },
    {
      "pts": 63.21594,
      "score": 0,
      "mse": 1.743006993006993
    },
    {
      "pts": 63.23263,
      "score": 0,
      "mse": 1.743006993006993
    },
    {
      "pts": 63.24886,
      "score": 0,
      "mse": 1.743006993006993
    },
    {
      "pts": 63.26562,
      "score": 0,
      "mse": 1.743006993006993
    },
    {
      "pts": 63.28264,
      "score": 0,
      "mse": 1.743006993006993
    },
    {
      "pts": 63.29878,
      "score": 0,
      "mse": 1.743006993006993
    },
    {
      "pts": 63.31563,
      "score": 0,
      "mse": 1.743006993006993
    },
    {
      "pts": 63.33256,
      "score": 0,
      "mse": 1.743006993006993
    },
    {
      "pts": 63.34915,
      "score": 0,
      "mse": 1.743006993006993
    },
    {
      "pts": 63.36563,
      "score": 0,
      "mse": 1.743006993006993
    },
    {
      "pts": 63.38257,
      "score": 0,
      "mse": 1.743006993006993
    },
    {
      "pts": 63.39962,
      "score": 0,
      "mse": 1.743006993006993
    },
    {
      "pts": 63.41566,
      "score": 0,
      "mse": 1.743006993006993
    },
    {
      "pts": 63.43313,
      "score": 0,
      "mse": 1.743006993006993
    },
    {
      "pts": 63.44921,
      "score": 0,
      "mse": 1.743006993006993
    },
    {
      "pts": 63.46592,
      "score": 0,
      "mse": 1.743006993006993
    },
    {
      "pts": 63.48244,
      "score": 0,
      "mse": 1.743006993006993
    },
    {
      "pts": 63.49918,
      "score": 0,
      "mse": 1.743006993006993
    },
    {
      "pts": 63.51591,
      "score": 0,
      "mse": 1.743006993006993
    },
    {
      "pts": 63.53304,
      "score": 0,
      "mse": 1.743006993006993
    },
    {
      "pts": 63.54921,
      "score": 0,
      "mse": 1.743006993006993
    },
    {
      "pts": 63.5661,
      "score": 0,
      "mse": 1.743006993006993
    },
    {
      "pts": 63.58268,
      "score": 0,
      "mse": 1.743006993006993
    },
    {
      "pts": 63.59938,
      "score": 0,
      "mse": 1.743006993006993
    },
    {
      "pts": 63.61593,
      "score": 0,
      "mse": 1.743006993006993
    },
    {
      "pts": 63.63302,
      "score": 1,
      "mse": 2.5524475524475525
    },
    {
      "pts": 63.64958,
      "score": 1,
      "mse": 1.43006993006993
    },
    {
      "pts": 63.66622,
      "score": 1,
      "mse": 1.43006993006993
    },
    {
      "pts": 63.68228,
      "score": 1,
      "mse": 1.43006993006993
    },
    {
      "pts": 63.69926,
      "score": 1,
      "mse": 1.43006993006993
    },
    {
      "pts": 63.71626,
      "score": 1,
      "mse": 1.43006993006993
    },
    {
      "pts": 63.73277,
      "score": 1,
      "mse": 1.43006993006993
    },
    {
      "pts": 63.74922,
      "score": 1,
      "mse": 1.43006993006993
    },
    {
      "pts": 63.76621,
      "score": 1,
      "mse": 1.43006993006993
    },
    {
      "pts": 63.78286,
      "score": 1,
      "mse": 1.43006993006993
    },
    {
      "pts": 63.79933,
      "score": 1,
      "mse": 1.43006993006993
    },
    {
      "pts": 63.81585,
      "score": 1,
      "mse": 1.43006993006993
    },
    {
      "pts": 63.83256,
      "score": 1,
      "mse": 1.43006993006993
    },
    {
      "pts": 63.84962,
      "score": 1,
      "mse": 1.333916083916084
    },
    {
      "pts": 63.86579,
      "score": 1,
      "mse": 1.333916083916084
    },
    {
      "pts": 63.88298,
      "score": 1,
      "mse": 1.333916083916084
    },
    {
      "pts": 63.89932,
      "score": 1,
      "mse": 1.333916083916084
    },
    {
      "pts": 63.91597,
      "score": 1,
      "mse": 1.333916083916084
    },
    {
      "pts": 63.9324,
      "score": 1,
      "mse": 1.333916083916084
    },
    {
      "pts": 63.95011,
      "score": 1,
      "mse": 1.333916083916084
    },
    {
      "pts": 63.9663,
      "score": 1,
      "mse": 1.333916083916084
    },
    {
      "pts": 63.98311,
      "score": 1,
      "mse": 1.333916083916084
    },
    {
      "pts": 63.99939,
      "score": 1,
      "mse": 1.333916083916084
    },
    {
      "pts": 64.01595,
      "score": 1,
      "mse": 1.333916083916084
    },
    {
      "pts": 64.03271,
      "score": 1,
      "mse": 1.333916083916084
    },
    {
      "pts": 64.04967,
      "score": 1,
      "mse": 1.333916083916084
    },
    {
      "pts": 64.06606,
      "score": 1,
      "mse": 1.333916083916084
    },
    {
      "pts": 64.083,
      "score": 1,
      "mse": 1.333916083916084
    },
    {
      "pts": 64.09918,
      "score": 1,
      "mse": 0.0
    },
    {
      "pts": 64.116,
      "score": 1,
      "mse": 0.0
    },
    {
      "pts": 64.13268,
      "score": 1,
      "mse": 0.0
    },
    {
      "pts": 64.14995,
      "score": 1,
      "mse": 0.0
    },
    {
      "pts": 64.16615,
      "score": 1,
      "mse": 0.0
    },
    {
      "pts": 64.18287,
      "score": 1,
      "mse": 0.0
    },
    {
      "pts": 64.19925,
      "score": 1,
      "mse": 0.0
    },
    {
      "pts": 64.21632,
      "score": 1,
      "mse": 0.0
    },
    {
      "pts": 64.23308,
      "score": 1,
      "mse": 0.0
    },
    {
      "pts": 64.24925,
      "score": 1,
      "mse": 0.0
    },
    {
      "pts": 64.26702,
      "score": 1,
      "mse": 0.0
    },
    {
      "pts": 64.28279,
      "score": 1,
      "mse": 0.0
    },
    {
      "pts": 64.29969,
      "score": 1,
      "mse": 0.0
    },
    {
      "pts": 64.3164,
      "score": 1,
      "mse": 0.0
    },
    {
      "pts": 64.33273,
      "score": 1,
      "mse": 0.0
    },
    {
      "pts": 64.34942,
      "score": 1,
      "mse": 0.0
    },
    {
      "pts": 64.36653,
      "score": 1,
      "mse": 0.0
    },
    {
      "pts": 64.38286,
      "score": 1,
      "mse": 0.0
    },
    {
      "pts": 64.39955,
      "score": 1,
      "mse": 0.0
    },
    {
      "pts": 64.41627,
      "score": 1,
      "mse": 0.0
    },
    {
      "pts": 64.43317,
      "score": 1,
      "mse": 0.0
    },
    {
      "pts": 64.45023,
      "score": 1,
      "mse": 0.0
    },
    {
      "pts": 64.46633,
      "score": 1,
      "mse": 0.0
    },
    {
      "pts": 64.48295,
      "score": 1,
      "mse": 0.0
    },
    {
      "pts": 64.49996,
      "score": 1,
      "mse": 0.0
    },
    {
      "pts": 64.51634,
      "score": 1,
      "mse": 0.0
    },
    {
      "pts": 64.53277,
      "score": 1,
      "mse": 0.0
    },
    {
      "pts": 64.54948,
      "score": 1,
      "mse": 0.0
    },
    {
      "pts": 64.5663,
      "score": 1,
      "mse": 0.0
    },
    {
      "pts": 64.58302,
      "score": 1,
      "mse": 0.0
    },
    {
      "pts": 64.59956,
      "score": 1,
      "mse": 0.0
    },
    {
      "pts": 64.61625,
      "score": 1,
      "mse": 0.0
    },
    {
      "pts": 64.63352,
      "score": 1,
      "mse": 0.0
    },
    {
      "pts": 64.64988,
      "score": 1,
      "mse": 0.0
    },
    {
      "pts": 64.6664,
      "score": 1,
      "mse": 0.0
    },
    {
      "pts": 64.68312,
      "score": 1,
      "mse": 0.0
    },
    {
      "pts": 64.69981,
      "score": 1,
      "mse": 0.0
    },
    {
      "pts": 64.71642,
      "score": 1,
      "mse": 0.0
    },
    {
      "pts": 64.73289,
      "score": 1,
      "mse": 0.0
    },
    {
      "pts": 64.74963,
      "score": 1,
      "mse": 0.0
    },
    {
      "pts": 64.7663,
      "score": 1,
      "mse": 0.0
    },
    {
      "pts": 64.78305,
      "score": 1,
      "mse": 0.0
    },
    {
      "pts": 64.79981,
      "score": 1,
      "mse": 0.0
    },
    {
      "pts": 64.81632,
      "score": 1,
      "mse": 0.0
    },
    {
      "pts": 64.83363,
      "score": 1,
      "mse": 0.0
    },
    {
      "pts": 64.84991,
      "score": 1,
      "mse": 0.0
    },
    {
      "pts": 64.86639,
      "score": 1,
      "mse": 0.0
    },
    {
      "pts": 64.88306,
      "score": 1,
      "mse": 0.0
    },
    {
      "pts": 64.90052,
      "score": 1,
      "mse": 0.0
    },
    {
      "pts": 64.91652,
      "score": 1,
      "mse": 0.0
    },
    {
      "pts": 64.93383,
      "score": 1,
      "mse": 0.0
    },
    {
      "pts": 64.95021,
      "score": 1,
      "mse": 0.0
    },
    {
      "pts": 64.967,
      "score": 1,
      "mse": 0.0
    },
    {
      "pts": 64.98352,
      "score": 1,
      "mse": 0.0
    },
    {
      "pts": 64.9999,
      "score": 1,
      "mse": 0.0
    },
    {
      "pts": 65.01686,
      "score": 1,
      "mse": 0.0
    },
    {
      "pts": 65.03333,
      "score": 1,
      "mse": 0.0
    },
    {
      "pts": 65.04973,
      "score": 1,
      "mse": 0.0
    },
    {
      "pts": 65.06689,
      "score": 1,
      "mse": 0.0
    },
    {
      "pts": 65.08342,
      "score": 1,
      "mse": 0.0
    },
    {
      "pts": 65.10001,
      "score": 1,
      "mse": 0.0
    },
    {
      "pts": 65.11639,
      "score": 1,
      "mse": 0.0
    },
    {
      "pts": 65.1339,
      "score": 1,
      "mse": 0.0
    },
    {
      "pts": 65.15002,
      "score": 1,
      "mse": 0.0
    },
    {
      "pts": 65.16667,
      "score": 1,
      "mse": 0.0
    },
    {
      "pts": 65.18355,
      "score": 1,
      "mse": 0.0
    },
    {
      "pts": 65.20006,
      "score": 1,
      "mse": 0.0
    },
    {
      "pts": 65.21679,
      "score": 1,
      "mse": 0.0
    },
    {
      "pts": 65.23322,
      "score": 1,
      "mse": 0.0
    },
    {
      "pts": 65.2502,
      "score": 1,
      "mse": 0.0
    },
    {
      "pts": 65.26664,
      "score": 1,
      "mse": 0.0
    },
    {
      "pts": 65.28362,
      "score": 1,
      "mse": 0.0
    },
    {
      "pts": 65.3002,
      "score": 1,
      "mse": 0.0
    },
    {
      "pts": 65.31644,
      "score": 1,
      "mse": 0.0
    },
    {
      "pts": 65.33351,
      "score": 1,
      "mse": 0.0
    },
    {
      "pts": 65.35039,
      "score": 1,
      "mse": 0.0
    },
    {
      "pts": 65.36655,
      "score": 1,
      "mse": 0.0
    },
    {
      "pts": 65.38376,
      "score": 1,
      "mse": 0.0
    },
    {
      "pts": 65.40026,
      "score": 1,
      "mse": 0.0
    },
    {
      "pts": 65.41673,
      "score": 1,
      "mse": 0.0
    },
    {
      "pts": 65.43374,
      "score": 1,
      "mse": 0.0
    },
    {
      "pts": 65.4501,
      "score": 1,
      "mse": 0.0
    },
    {
      "pts": 65.46674,
      "score": 1,
      "mse": 0.0
    },
    {
      "pts": 65.48374,
      "score": 1,
      "mse": 0.0
    },
    {
      "pts": 65.50067,
      "score": 1,
      "mse": 0.0
    },
    {
      "pts": 65.51697,
      "score": 1,
      "mse": 0.0
    },
    {
      "pts": 65.53369,
      "score": 1,
      "mse": 0.0
    },
    {
      "pts": 65.55002,
      "score": 1,
      "mse": 0.0
    },
    {
      "pts": 65.56711,
      "score": 1,
      "mse": 0.0
    },
    {
      "pts": 65.58353,
      "score": 1,
      "mse": 0.0
    },
    {
      "pts": 65.60011,
      "score": 1,
      "mse": 0.0
    },
    {
      "pts": 65.61685,
      "score": 1,
      "mse": 0.0
    },
    {
      "pts": 65.63439,
      "score": 2,
      "mse": 1.743006993006993
    },
    {
      "pts": 65.65076,
      "score": 2,
      "mse": 1.618881118881119
    },
    {
      "pts": 65.66705,
      "score": 2,
      "mse": 1.618881118881119
    },
    {
      "pts": 65.6834,
      "score": 2,
      "mse": 1.618881118881119
    },
    {
      "pts": 65.70076,
      "score": 2,
      "mse": 1.618881118881119
    },
    {
      "pts": 65.7177,
      "score": 2,
      "mse": 1.618881118881119
    },
    {
      "pts": 65.73388,
      "score": 2,
      "mse": 1.618881118881119
    },
    {
      "pts": 65.7505,
      "score": 2,
      "mse": 1.618881118881119
    },
    {
      "pts": 65.76689,
      "score": 2,
      "mse": 1.618881118881119
    },
    {
      "pts": 65.78453,
      "score": 2,
      "mse": 1.618881118881119
    },
    {
      "pts": 65.80004,
      "score": 2,
      "mse": 1.618881118881119
    },
    {
      "pts": 65.81678,
      "score": 2,
      "mse": 1.618881118881119
    },
    {
      "pts": 65.83382,
      "score": 2,
      "mse": 1.618881118881119
    },
    {
      "pts": 65.85037,
      "score": 2,
      "mse": 1.618881118881119
    },
    {
      "pts": 65.86681,
      "score": 2,
      "mse": 1.618881118881119
    },
    {
      "pts": 65.8841,
      "score": 2,
      "mse": 1.618881118881119
    },
    {
      "pts": 65.90084,
      "score": 2,
      "mse": 1.618881118881119
    },
    {
      "pts": 65.91706,
      "score": 2,
      "mse": 1.618881118881119
    },
    {
      "pts": 65.93374,
      "score": 2,
      "mse": 1.618881118881119
    },
    {
      "pts": 65.95041,
      "score": 2,
      "mse": 1.618881118881119
    },
    {
      "pts": 65.96716,
      "score": 2,
      "mse": 1.618881118881119
    },
    {
      "pts": 65.9837,
      "score": 2,
      "mse": 1.618881118881119
    },
    {
      "pts": 66.00056,
      "score": 2,
      "mse": 1.618881118881119
    },
    {
      "pts": 66.01753,
      "score": 2,
      "mse": 1.618881118881119
    },
    {
      "pts": 66.0341,
      "score": 2,
      "mse": 1.618881118881119
    },
    {
      "pts": 66.05038,
      "score": 2,
      "mse": 1.618881118881119
    },
    {
      "pts": 66.06693,
      "score": 2,
      "mse": 1.618881118881119
    },
    {
      "pts": 66.08415,
      "score": 2,
      "mse": 1.618881118881119
    },
    {
      "pts": 66.10054,
      "score": 2,
      "mse": 0.0
    },
    {
      "pts": 66.11704,
      "score": 2,
      "mse": 0.0
    },
    {
      "pts": 66.13386,
      "score": 2,
      "mse": 0.0
    },
    {
      "pts": 66.15088,
      "score": 2,
      "mse": 0.0
    },
    {
      "pts": 66.16742,
      "score": 2,
      "mse": 0.0
    },
    {
      "pts": 66.18361,
      "score": 2,
      "mse": 0.0
    },
    {
      "pts": 66.20047,
      "score": 2,
      "mse": 0.0
    },
    {
      "pts": 66.21775,
      "score": 2,
      "mse": 0.0
    },
    {
      "pts": 66.23402,
      "score": 2,
      "mse": 0.0
    },
    {
      "pts": 66.25077,
      "score": 2,
      "mse": 0.0
    },
    {
      "pts": 66.26743,
      "score": 2,
      "mse": 0.0
    },
    {
      "pts": 66.28411,
      "score": 2,
      "mse": 0.0
    },
    {
      "pts": 66.3007,
      "score": 2,
      "mse": 0.0
    },
    {
      "pts": 66.31726,
      "score": 2,
      "mse": 0.0
    },
    {
      "pts": 66.33409,
      "score": 2,
      "mse": 0.0
    },
    {
      "pts": 66.35039,
      "score": 2,
      "mse": 0.0
    },
    {
      "pts": 66.3673,
      "score": 2,
      "mse": 0.0
    },
    {
      "pts": 66.38407,
      "score": 2,
      "mse": 0.0
    },
    {
      "pts": 66.40058,
      "score": 2,
      "mse": 0.0
    },
    {
      "pts": 66.41723,
      "score": 2,
      "mse": 0.0
    },
    {
      "pts": 66.43387,
      "score": 2,
      "mse": 0.0
    },
    {
      "pts": 66.45082,
      "score": 2,
      "mse": 0.0
    },
    {
      "pts": 66.46767,
      "score": 2,
      "mse": 0.0
    },
    {
      "pts": 66.48406,
      "score": 2,
      "mse": 0.0
    },
    {
      "pts": 66.50056,
      "score": 2,
      "mse": 0.0
    },
    {
      "pts": 66.51771,
      "score": 2,
      "mse": 0.0
    },
    {
      "pts": 66.53392,
      "score": 2,
      "mse": 0.0
    },
    {
      "pts": 66.55062,
      "score": 2,
      "mse": 0.0
    },
    {
      "pts": 66.56763,
      "score": 2,
      "mse": 0.0
    },
    {
      "pts": 66.58433,
      "score": 2,
      "mse": 0.0
    },
    {
      "pts": 66.60089,
      "score": 2,
      "mse": 0.06293706293706294
    },
    {
      "pts": 66.61723,
      "score": 2,
      "mse": 0.1381118881118881
    },
    {
      "pts": 66.63399,
      "score": 2,
      "mse": 0.17657342657342656
    },
    {
      "pts": 66.65109,
      "score": 2,
      "mse": 0.26048951048951047
    },
    {
      "pts": 66.66767,
      "score": 2,
      "mse": 0.17657342657342656
    },
    {
      "pts": 66.68403,
      "score": 2,
      "mse": 0.14160839160839161
    },
    {
      "pts": 66.70101,
      "score": 2,
      "mse": 0.08041958041958042
    },
    {
      "pts": 66.71751,
      "score": 2,
      "mse": 0.08041958041958042
    },
    {
      "pts": 66.73436,
      "score": 2,
      "mse": 0.08041958041958042
    },
    {
      "pts": 66.7508,
      "score": 2,
      "mse": 0.08041958041958042
    },
    {
      "pts": 66.76759,
      "score": 2,
      "mse": 0.08041958041958042
    },
    {
      "pts": 66.78413,
      "score": 2,
      "mse": 0.08041958041958042
    },
    {
      "pts": 66.80085,
      "score": 2,
      "mse": 0.08041958041958042
    },
    {
      "pts": 66.81743,
      "score": 2,
      "mse": 0.08041958041958042
    },
    {
      "pts": 66.83409,
      "score": 2,
      "mse": 0.08041958041958042
    },
    {
      "pts": 66.85085,
      "score": 2,
      "mse": 0.08041958041958042
    },
    {
      "pts": 66.86748,
      "score": 2,
      "mse": 0.08041958041958042
    },
    {
      "pts": 66.88427,
      "score": 2,
      "mse": 0.08041958041958042
    },
    {
      "pts": 66.90093,
      "score": 2,
      "mse": 0.08041958041958042
    },
    {
      "pts": 66.91769,
      "score": 2,
      "mse": 0.08041958041958042
    },
    {
      "pts": 66.93435,
      "score": 2,
      "mse": 0.08041958041958042
    },
    {
      "pts": 66.951,
      "score": 2,
      "mse": 0.08041958041958042
    },
    {
      "pts": 66.96788,
      "score": 2,
      "mse": 0.08041958041958042
    },
    {
      "pts": 66.98459,
      "score": 2,
      "mse": 0.08041958041958042
    },
    {
      "pts": 67.00098,
      "score": 2,
      "mse": 0.08041958041958042
    },
    {
      "pts": 67.01784,
      "score": 2,
      "mse": 0.08041958041958042
    },
    {
      "pts": 67.03434,
      "score": 2,
      "mse": 0.08041958041958042
    },
    {
      "pts": 67.05119,
      "score": 2,
      "mse": 0.08041958041958042
    },
    {
      "pts": 67.06762,
      "score": 2,
      "mse": 0.08041958041958042
    },
    {
      "pts": 67.08467,
      "score": 2,
      "mse": 0.08041958041958042
    },
    {
      "pts": 67.10089,
      "score": 2,
      "mse": 0.08041958041958042
    },
    {
      "pts": 67.11742,
      "score": 2,
      "mse": 0.08041958041958042
    },
    {
      "pts": 67.13475,
      "score": 2,
      "mse": 0.08041958041958042
    },
    {
      "pts": 67.15095,
      "score": 2,
      "mse": 0.08041958041958042
    },
    {
      "pts": 67.1681,
      "score": 2,
      "mse": 0.08041958041958042
    },
    {
      "pts": 67.18433,
      "score": 2,
      "mse": 0.08041958041958042
    },
    {
      "pts": 67.20092,
      "score": 2,
      "mse": 0.08041958041958042
    },
    {
      "pts": 67.21797,
      "score": 2,
      "mse": 0.08041958041958042
    },
    {
      "pts": 67.23434,
      "score": 2,
      "mse": 0.08041958041958042
    },
    {
      "pts": 67.25108,
      "score": 2,
      "mse": 0.08041958041958042
    },
    {
      "pts": 67.26806,
      "score": 2,
      "mse": 0.08041958041958042
    },
    {
      "pts": 67.2853,
      "score": 2,
      "mse": 0.08041958041958042
    },
    {
      "pts": 67.30101,
      "score": 2,
      "mse": 0.08041958041958042
    },
    {
      "pts": 67.31782,
      "score": 2,
      "mse": 0.08041958041958042
    },
    {
      "pts": 67.33468,
      "score": 2,
      "mse": 0.08041958041958042
    },
    {
      "pts": 67.35107,
      "score": 2,
      "mse": 0.08041958041958042
    },
    {
      "pts": 67.36767,
      "score": 2,
      "mse": 0.08041958041958042
    },
    {
      "pts": 67.38441,
      "score": 2,
      "mse": 0.08041958041958042
    },
    {
      "pts": 67.40138,
      "score": 2,
      "mse": 0.08041958041958042
    },
    {
      "pts": 67.41801,
      "score": 2,
      "mse": 0.08041958041958042
    },
    {
      "pts": 67.43437,
      "score": 2,
      "mse": 0.08041958041958042
    },
    {
      "pts": 67.45118,
      "score": 2,
      "mse": 0.08041958041958042
    },
    {
      "pts": 67.46802,
      "score": 2,
      "mse": 0.08041958041958042
    },
    {
      "pts": 67.48467,
      "score": 2,
      "mse": 0.08041958041958042
    },
    {
      "pts": 67.50108,
      "score": 2,
      "mse": 0.08041958041958042
    },
    {
      "pts": 67.51792,
      "score": 2,
      "mse": 0.08041958041958042
    },
    {
      "pts": 67.53438,
      "score": 2,
      "mse": 0.08041958041958042
    },
    {
      "pts": 67.55097,
      "score": 2,
      "mse": 0.08041958041958042
    },
    {
      "pts": 67.56806,
      "score": 2,
      "mse": 0.08041958041958042
    },
    {
      "pts": 67.58497,
      "score": 2,
      "mse": 0.08041958041958042
    },
    {
      "pts": 67.60118,
      "score": 2,
      "mse": 0.08041958041958042
    },
    {
      "pts": 67.61812,
      "score": 2,
      "mse": 0.08041958041958042
    },
    {
      "pts": 67.63494,
      "score": 2,
      "mse": 0.08041958041958042
    },
    {
      "pts": 67.65165,
      "score": 2,
      "mse": 0.08041958041958042
    },
    {
      "pts": 67.66796,
      "score": 2,
      "mse": 0.08041958041958042
    },
    {
      "pts": 67.6844,
      "score": 2,
      "mse": 0.08041958041958042
    },
    {
      "pts": 67.70123,
      "score": 2,
      "mse": 0.08041958041958042
    },
    {
      "pts": 67.7182,
      "score": 2,
      "mse": 0.08041958041958042
    },
    {
      "pts": 67.73505,
      "score": 2,
      "mse": 0.08041958041958042
    },
    {
      "pts": 67.75108,
      "score": 2,
      "mse": 0.08041958041958042
    },
    {
      "pts": 67.76839,
      "score": 2,
      "mse": 0.08041958041958042
    },
    {
      "pts": 67.785,
      "score": 2,
      "mse": 0.08041958041958042
    },
    {
      "pts": 67.80122,
      "score": 2,
      "mse": 0.08041958041958042
    },
    {
      "pts": 67.81804,
      "score": 2,
      "mse": 0.08041958041958042
    },
    {
      "pts": 67.83471,
      "score": 2,
      "mse": 0.08041958041958042
    },
    {
      "pts": 67.85165,
      "score": 2,
      "mse": 0.08041958041958042
    },
    {
      "pts": 67.86789,
      "score": 2,
      "mse": 0.08041958041958042
    },
    {
      "pts": 67.88468,
      "score": 2,
      "mse": 0.08041958041958042
    },
    {
      "pts": 67.90121,
      "score": 2,
      "mse": 0.08041958041958042
    },
    {
      "pts": 67.91835,
      "score": 2,
      "mse": 0.08041958041958042
    },
    {
      "pts": 67.93481,
      "score": 2,
      "mse": 0.08041958041958042
    },
    {
      "pts": 67.95134,
      "score": 2,
      "mse": 0.08041958041958042
    },
    {
      "pts": 67.9687,
      "score": 2,
      "mse": 0.08041958041958042
    },
    {
      "pts": 67.98466,
      "score": 2,
      "mse": 0.08041958041958042
    },
    {
      "pts": 68.00176,
      "score": 2,
      "mse": 0.08041958041958042
    },
    {
      "pts": 68.01842,
      "score": 2,
      "mse": 0.08041958041958042
    },
    {
      "pts": 68.03562,
      "score": 2,
      "mse": 0.08041958041958042
    },
    {
      "pts": 68.05166,
      "score": 2,
      "mse": 0.08041958041958042
    },
    {
      "pts": 68.06817,
      "score": 2,
      "mse": 0.08041958041958042
    },
    {
      "pts": 68.08526,
      "score": 2,
      "mse": 0.08041958041958042
    },
    {
      "pts": 68.10179,
      "score": 2,
      "mse": 0.0
    },
    {
      "pts": 68.11824,
      "score": 2,
      "mse": 0.0
    },
    {
      "pts": 68.13458,
      "score": 2,
      "mse": 0.0
    },
    {
      "pts": 68.15183,
      "score": 2,
      "mse": 0.0
    },
    {
      "pts": 68.16829,
      "score": 2,
      "mse": 0.0
    },
    {
      "pts": 68.18486,
      "score": 2,
      "mse": 0.0
    },
    {
      "pts": 68.20166,
      "score": 2,
      "mse": 0.0
    },
    {
      "pts": 68.21852,
      "score": 2,
      "mse": 0.0
    },
    {
      "pts": 68.23497,
      "score": 2,
      "mse": 0.0
    },
    {
      "pts": 68.25186,
      "score": 2,
      "mse": 0.0
    },
    {
      "pts": 68.26821,
      "score": 2,
      "mse": 0.0
    },
    {
      "pts": 68.28496,
      "score": 2,
      "mse": 0.0
    },
    {
      "pts": 68.30147,
      "score": 2,
      "mse": 0.0
    },
    {
      "pts": 68.31829,
      "score": 2,
      "mse": 0.0
    },
    {
      "pts": 68.33506,
      "score": 2,
      "mse": 0.0
    },
    {
      "pts": 68.35141,
      "score": 2,
      "mse": 0.0
    },
    {
      "pts": 68.36832,
      "score": 2,
      "mse": 0.0
    },
    {
      "pts": 68.3851,
      "score": 2,
      "mse": 0.0
    },
    {
      "pts": 68.4022,
      "score": 2,
      "mse": 0.0
    },
    {
      "pts": 68.41852,
      "score": 2,
      "mse": 0.0
    },
    {
      "pts": 68.43474,
      "score": 2,
      "mse": 0.0
    },
    {
      "pts": 68.45219,
      "score": 2,
      "mse": 0.0
    },
    {
      "pts": 68.46821,
      "score": 2,
      "mse": 0.0
    },
    {
      "pts": 68.4849,
      "score": 2,
      "mse": 0.0
    },
    {
      "pts": 68.50201,
      "score": 2,
      "mse": 0.0
    },
    {
      "pts": 68.51863,
      "score": 2,
      "mse": 0.0
    },
    {
      "pts": 68.5353,
      "score": 2,
      "mse": 0.0
    },
    {
      "pts": 68.55165,
      "score": 2,
      "mse": 0.0
    },
    {
      "pts": 68.56879,
      "score": 2,
      "mse": 0.0
    },
    {
      "pts": 68.58562,
      "score": 2,
      "mse": 0.0
    },
    {
      "pts": 68.60191,
      "score": 2,
      "mse": 0.0
    },
    {
      "pts": 68.61881,
      "score": 2,
      "mse": 0.0
    },
    {
      "pts": 68.63558,
      "score": 2,
      "mse": 0.0
    },
    {
      "pts": 68.65216,
      "score": 2,
      "mse": 0.0
    },
    {
      "pts": 68.66872,
      "score": 2,
      "mse": 0.0
    },
    {
      "pts": 68.68515,
      "score": 2,
      "mse": 0.0
    },
    {
      "pts": 68.70213,
      "score": 2,
      "mse": 0.0
    },
    {
      "pts": 68.71862,
      "score": 2,
      "mse": 0.0
    },
    {
      "pts": 68.73523,
      "score": 2,
      "mse": 0.0
    },
    {
      "pts": 68.75238,
      "score": 2,
      "mse": 0.0
    },
    {
      "pts": 68.7688,
      "score": 2,
      "mse": 0.0
    },
    {
      "pts": 68.78523,
      "score": 2,
      "mse": 0.0
    },
    {
      "pts": 68.80186,
      "score": 2,
      "mse": 0.0
    },
    {
      "pts": 68.81847,
      "score": 2,
      "mse": 0.0
    },
    {
      "pts": 68.83547,
      "score": 2,
      "mse": 0.0
    },
    {
      "pts": 68.8522,
      "score": 2,
      "mse": 0.0
    },
    {
      "pts": 68.86829,
      "score": 2,
      "mse": 0.0
    },
    {
      "pts": 68.8852,
      "score": 2,
      "mse": 0.0
    },
    {
      "pts": 68.90212,
      "score": 2,
      "mse": 0.0
    },
    {
      "pts": 68.91892,
      "score": 2,
      "mse": 0.0
    },
    {
      "pts": 68.9354,
      "score": 2,
      "mse": 0.0
    },
    {
      "pts": 68.95212,
      "score": 2,
      "mse": 0.0
    },
    {
      "pts": 68.9686,
      "score": 2,
      "mse": 0.0
    },
    {
      "pts": 68.98515,
      "score": 2,
      "mse": 0.0
    },
    {
      "pts": 69.00184,
      "score": 2,
      "mse": 0.0
    },
    {
      "pts": 69.01855,
      "score": 2,
      "mse": 0.0
    },
    {
      "pts": 69.03576,
      "score": 2,
      "mse": 0.0
    },
    {
      "pts": 69.05243,
      "score": 2,
      "mse": 0.0
    },
    {
      "pts": 69.06898,
      "score": 2,
      "mse": 0.0
    },
    {
      "pts": 69.08572,
      "score": 2,
      "mse": 0.0
    },
    {
      "pts": 69.10204,
      "score": 2,
      "mse": 0.0
    },
    {
      "pts": 69.11888,
      "score": 2,
      "mse": 0.0
    },
    {
      "pts": 69.13558,
      "score": 2,
      "mse": 0.0
    },
    {
      "pts": 69.15207,
      "score": 2,
      "mse": 0.0
    },
    {
      "pts": 69.16867,
      "score": 2,
      "mse": 0.0
    },
    {
      "pts": 69.18555,
      "score": 2,
      "mse": 0.0
    },
    {
      "pts": 69.20257,
      "score": 2,
      "mse": 0.0
    },
    {
      "pts": 69.2186,
      "score": 2,
      "mse": 0.0
    },
    {
      "pts": 69.23584,
      "score": 2,
      "mse": 0.0
    },
    {
      "pts": 69.25234,
      "score": 1,
      "mse": 0.9807692307692307
    },
    {
      "pts": 69.26895,
      "score": 1,
      "mse": 0.9807692307692307
    },
    {
      "pts": 69.28609,
      "score": 1,
      "mse": 0.9807692307692307
    },
    {
      "pts": 69.30186,
      "score": 1,
      "mse": 0.9807692307692307
    },
    {
      "pts": 69.31879,
      "score": 1,
      "mse": 0.9807692307692307
    },
    {
      "pts": 69.33533,
      "score": 1,
      "mse": 0.9807692307692307
    },
    {
      "pts": 69.35222,
      "score": 1,
      "mse": 0.9807692307692307
    },
    {
      "pts": 69.36855,
      "score": 1,
      "mse": 0.9807692307692307
    },
    {
      "pts": 69.38557,
      "score": 1,
      "mse": 0.9807692307692307
    },
    {
      "pts": 69.40242,
      "score": 1,
      "mse": 0.9807692307692307
    },
    {
      "pts": 69.41933,
      "score": 1,
      "mse": 0.9807692307692307
    },
    {
      "pts": 69.43525,
      "score": 1,
      "mse": 0.9807692307692307
    },
    {
      "pts": 69.45221,
      "score": 1,
      "mse": 0.9807692307692307
    },
    {
      "pts": 69.46884,
      "score": 1,
      "mse": 0.9807692307692307
    },
    {
      "pts": 69.48544,
      "score": 1,
      "mse": 0.9807692307692307
    },
    {
      "pts": 69.50213,
      "score": 1,
      "mse": 0.9807692307692307
    },
    {
      "pts": 69.5194,
      "score": 1,
      "mse": 0.9807692307692307
    },
    {
      "pts": 69.53574,
      "score": 1,
      "mse": 0.9807692307692307
    },
    {
      "pts": 69.55203,
      "score": 1,
      "mse": 0.9807692307692307
    },
    {
      "pts": 69.56918,
      "score": 1,
      "mse": 0.9807692307692307
    },
    {
      "pts": 69.58574,
      "score": 1,
      "mse": 0.9807692307692307
    },
    {
      "pts": 69.60228,
      "score": 1,
      "mse": 0.9807692307692307
    },
    {
      "pts": 69.61913,
      "score": 1,
      "mse": 0.9807692307692307
    },
    {
      "pts": 69.63596,
      "score": 1,
      "mse": 0.9807692307692307
    },
    {
      "pts": 69.65262,
      "score": 1,
      "mse": 0.9807692307692307
    },
    {
      "pts": 69.66886,
      "score": 1,
      "mse": 0.9807692307692307
    },
    {
      "pts": 69.68567,
      "score": 1,
      "mse": 0.9807692307692307
    },
    {
      "pts": 69.70229,
      "score": 1,
      "mse": 0.9807692307692307
    },
    {
      "pts": 69.71882,
      "score": 1,
      "mse": 0.9807692307692307
    },
    {
      "pts": 69.73562,
      "score": 1,
      "mse": 0.9807692307692307
    },
    {
      "pts": 69.753,
      "score": 1,
      "mse": 0.9807692307692307
    },
    {
      "pts": 69.76924,
      "score": 1,
      "mse": 0.9807692307692307
    },
    {
      "pts": 69.78577,
      "score": 1,
      "mse": 0.9807692307692307
    },
    {
      "pts": 69.80218,
      "score": 1,
      "mse": 0.9807692307692307
    },
    {
      "pts": 69.81947,
      "score": 1,
      "mse": 0.9807692307692307
    },
    {
      "pts": 69.83604,
      "score": 1,
      "mse": 0.9807692307692307
    },
    {
      "pts": 69.85275,
      "score": 1,
      "mse": 0.9807692307692307
    },
    {
      "pts": 69.86933,
      "score": 1,
      "mse": 0.9807692307692307
    },
    {
      "pts": 69.88626,
      "score": 1,
      "mse": 0.9807692307692307
    },
    {
      "pts": 69.90219,
      "score": 1,
      "mse": 0.9807692307692307
    },
    {
      "pts": 69.9191,
      "score": 1,
      "mse": 0.9807692307692307
    },
    {
      "pts": 69.93569,
      "score": 1,
      "mse": 0.9807692307692307
    },
    {
      "pts": 69.95228,
      "score": 1,
      "mse": 0.9807692307692307
    },
    {
      "pts": 69.96911,
      "score": 1,
      "mse": 0.9807692307692307
    },
    {
      "pts": 69.98589,
      "score": 1,
      "mse": 0.9807692307692307
    },
    {
      "pts": 70.00241,
      "score": 1,
      "mse": 0.9807692307692307
    },
    {
      "pts": 70.01958,
      "score": 1,
      "mse": 0.9807692307692307
    },
    {
      "pts": 70.03633,
      "score": 1,
      "mse": 0.9807692307692307
    },
    {
      "pts": 70.05256,
      "score": 1,
      "mse": 0.9807692307692307
    },
    {
      "pts": 70.069,
      "score": 1,
      "mse": 0.9807692307692307
    },
    {
      "pts": 70.08589,
      "score": 1,
      "mse": 0.9807692307692307
    },
    {
      "pts": 70.10274,
      "score": 1,
      "mse": 0.0
    },
    {
      "pts": 70.11926,
      "score": 1,
      "mse": 0.0
    },
    {
      "pts": 70.1358,
      "score": 1,
      "mse": 0.0
    },
    {
      "pts": 70.1528,
      "score": 1,
      "mse": 0.0
    },
    {
      "pts": 70.16906,
      "score": 1,
      "mse": 0.0
    },
    {
      "pts": 70.18597,
      "score": 1,
      "mse": 0.0
    },
    {
      "pts": 70.20272,
      "score": 1,
      "mse": 0.0
    },
    {
      "pts": 70.21935,
      "score": 1,
      "mse": 0.0
    },
    {
      "pts": 70.23607,
      "score": 1,
      "mse": 0.0
    },
    {
      "pts": 70.25299,
      "score": 1,
      "mse": 0.0
    },
    {
      "pts": 70.2697,
      "score": 1,
      "mse": 0.0
    },
    {
      "pts": 70.286,
      "score": 1,
      "mse": 0.0
    },
    {
      "pts": 70.30241,
      "score": 1,
      "mse": 0.0
    },
    {
      "pts": 70.31958,
      "score": 1,
      "mse": 0.0
    },
    {
      "pts": 70.33619,
      "score": 1,
      "mse": 0.0
    },
    {
      "pts": 70.35268,
      "score": 1,
      "mse": 0.0
    },
    {
      "pts": 70.36965,
      "score": 1,
      "mse": 0.0
    },
    {
      "pts": 70.38618,
      "score": 1,
      "mse": 0.0
    },
    {
      "pts": 70.40312,
      "score": 1,
      "mse": 0.0
    },
    {
      "pts": 70.41963,
      "score": 1,
      "mse": 0.0
    },
    {
      "pts": 70.43613,
      "score": 1,
      "mse": 0.0
    },
    {
      "pts": 70.45256,
      "score": 1,
      "mse": 0.0
    },
    {
      "pts": 70.46967,
      "score": 1,
      "mse": 0.0
    },
    {
      "pts": 70.48605,
      "score": 1,
      "mse": 0.0
    },
    {
      "pts": 70.50264,
      "score": 1,
      "mse": 0.0
    },
    {
      "pts": 70.51952,
      "score": 1,
      "mse": 0.0
    },
    {
      "pts": 70.53612,
      "score": 1,
      "mse": 0.0
    },
    {
      "pts": 70.55258,
      "score": 1,
      "mse": 0.0
    },
    {
      "pts": 70.56961,
      "score": 1,
      "mse": 0.0
    },
    {
      "pts": 70.58643,
      "score": 1,
      "mse": 0.0
    },
    {
      "pts": 70.60287,
      "score": 1,
      "mse": 0.0
    },
    {
      "pts": 70.61939,
      "score": 1,
      "mse": 0.0
    },
    {
      "pts": 70.63664,
      "score": 1,
      "mse": 0.0
    },
    {
      "pts": 70.65299,
      "score": 1,
      "mse": 0.0
    },
    {
      "pts": 70.66961,
      "score": 1,
      "mse": 0.0
    },
    {
      "pts": 70.68634,
      "score": 1,
      "mse": 0.0
    },
    {
      "pts": 70.70302,
      "score": 1,
      "mse": 0.0
    },
    {
      "pts": 70.71951,
      "score": 1,
      "mse": 0.0
    },
    {
      "pts": 70.73624,
      "score": 1,
      "mse": 0.0
    },
    {
      "pts": 70.75332,
      "score": 1,
      "mse": 0.0
    },
    {
      "pts": 70.77015,
      "score": 1,
      "mse": 0.0
    },
    {
      "pts": 70.78619,
      "score": 1,
      "mse": 0.0
    },
    {
      "pts": 70.80283,
      "score": 1,
      "mse": 0.0
    },
    {
      "pts": 70.81979,
      "score": 1,
      "mse": 0.0
    },
    {
      "pts": 70.83652,
      "score": 1,
      "mse": 0.0
    },
    {
      "pts": 70.8531,
      "score": 1,
      "mse": 0.0
    },
    {
      "pts": 70.86982,
      "score": 1,
      "mse": 0.0
    },
    {
      "pts": 70.8864,
      "score": 1,
      "mse": 0.0
    },
    {
      "pts": 70.90345,
      "score": 1,
      "mse": 0.0
    },
    {
      "pts": 70.91955,
      "score": 1,
      "mse": 0.0
    },
    {
      "pts": 70.93653,
      "score": 1,
      "mse": 0.0
    },
    {
      "pts": 70.95338,
      "score": 1,
      "mse": 0.0
    },
    {
      "pts": 70.96943,
      "score": 1,
      "mse": 0.0
    },
    {
      "pts": 70.9865,
      "score": 1,
      "mse": 0.0
    },
    {
      "pts": 71.00277,
      "score": 1,
      "mse": 0.0
    },
    {
      "pts": 71.01976,
      "score": 1,
      "mse": 0.0
    },
    {
      "pts": 71.03647,
      "score": 1,
      "mse": 0.0
    },
    {
      "pts": 71.05322,
      "score": 1,
      "mse": 0.0
    },
    {
      "pts": 71.07018,
      "score": 1,
      "mse": 0.0
    },
    {
      "pts": 71.08692,
      "score": 1,
      "mse": 0.0
    },
    {
      "pts": 71.10326,
      "score": 1,
      "mse": 0.0
    },
    {
      "pts": 71.11982,
      "score": 1,
      "mse": 0.0
    },
    {
      "pts": 71.13639,
      "score": 1,
      "mse": 0.0
    },
    {
      "pts": 71.15287,
      "score": 1,
      "mse": 0.0
    },
    {
      "pts": 71.1701,
      "score": 1,
      "mse": 0.0
    },
    {
      "pts": 71.18685,
      "score": 1,
      "mse": 0.0
    },
    {
      "pts": 71.20306,
      "score": 1,
      "mse": 0.0
    },
    {
      "pts": 71.21975,
      "score": 1,
      "mse": 0.0
    },
    {
      "pts": 71.2367,
      "score": 1,
      "mse": 0.0
    },
    {
      "pts": 71.25292,
      "score": 1,
      "mse": 0.0
    },
    {
      "pts": 71.27004,
      "score": 1,
      "mse": 0.0
    },
    {
      "pts": 71.28643,
      "score": 1,
      "mse": 0.0
    },
    {
      "pts": 71.303,
      "score": 1,
      "mse": 0.0
    },
    {
      "pts": 71.31962,
      "score": 1,
      "mse": 0.0
    },
    {
      "pts": 71.33651,
      "score": 1,
      "mse": 0.0
    },
    {
      "pts": 71.35342,
      "score": 1,
      "mse": 0.0
    },
    {
      "pts": 71.36969,
      "score": 1,
      "mse": 0.0
    },
    {
      "pts": 71.38645,
      "score": 1,
      "mse": 0.0
    },
    {
      "pts": 71.40328,
      "score": 1,
      "mse": 0.0
    },
    {
      "pts": 71.42025,
      "score": 1,
      "mse": 0.0
    },
    {
      "pts": 71.43715,
      "score": 1,
      "mse": 0.0
    },
    {
      "pts": 71.4534,
      "score": 1,
      "mse": 0.0
    },
    {
      "pts": 71.47018,
      "score": 1,
      "mse": 0.0
    },
    {
      "pts": 71.4865,
      "score": 1,
      "mse": 0.0
    },
    {
      "pts": 71.50321,
      "score": 1,
      "mse": 0.0
    },
    {
      "pts": 71.51993,
      "score": 1,
      "mse": 0.0
    },
    {
      "pts": 71.53686,
      "score": 1,
      "mse": 0.0
    },
    {
      "pts": 71.55306,
      "score": 1,
      "mse": 0.0
    },
    {
      "pts": 71.57074,
      "score": 1,
      "mse": 0.0
    },
    {
      "pts": 71.58727,
      "score": 1,
      "mse": 0.0
    },
    {
      "pts": 71.60362,
      "score": 1,
      "mse": 0.0
    },
    {
      "pts": 71.62036,
      "score": 1,
      "mse": 0.0
    },
    {
      "pts": 71.63666,
      "score": 1,
      "mse": 0.0
    },
    {
      "pts": 71.65363,
      "score": 1,
      "mse": 0.0
    },
    {
      "pts": 71.67021,
      "score": 1,
      "mse": 0.0
    },
    {
      "pts": 71.68661,
      "score": 1,
      "mse": 0.0
    },
    {
      "pts": 71.7037,
      "score": 1,
      "mse": 0.0
    },
    {
      "pts": 71.72008,
      "score": 1,
      "mse": 0.0
    },
    {
      "pts": 71.73672,
      "score": 1,
      "mse": 0.0
    },
    {
      "pts": 71.75393,
      "score": 1,
      "mse": 0.0
    },
    {
      "pts": 71.77042,
      "score": 1,
      "mse": 0.0
    },
    {
      "pts": 71.78716,
      "score": 1,
      "mse": 0.0
    },
    {
      "pts": 71.8033,
      "score": 1,
      "mse": 0.0
    },
    {
      "pts": 71.82036,
      "score": 1,
      "mse": 0.0
    },
    {
      "pts": 71.83705,
      "score": 1,
      "mse": 0.0
    },
    {
      "pts": 71.85331,
      "score": 1,
      "mse": 0.0
    },
    {
      "pts": 71.87001,
      "score": 1,
      "mse": 0.0
    },
    {
      "pts": 71.88678,
      "score": 1,
      "mse": 0.0
    },
    {
      "pts": 71.9039,
      "score": 1,
      "mse": 0.0
    },
    {
      "pts": 71.91995,
      "score": 1,
      "mse": 0.0
    },
    {
      "pts": 71.9366,
      "score": 1,
      "mse": 0.0
    },
    {
      "pts": 71.95398,
      "score": 1,
      "mse": 0.0
    },
    {
      "pts": 71.97039,
      "score": 1,
      "mse": 0.0
    },
    {
      "pts": 71.98675,
      "score": 1,
      "mse": 0.0
    },
    {
      "pts": 72.00366,
      "score": 1,
      "mse": 0.0
    },
    {
      "pts": 72.02047,
      "score": 1,
      "mse": 0.0
    },
    {
      "pts": 72.03688,
      "score": 1,
      "mse": 0.0
    },
    {
      "pts": 72.05369,
      "score": 1,
      "mse": 0.0
    },
    {
      "pts": 72.07041,
      "score": 1,
      "mse": 0.0
    },
    {
      "pts": 72.08675,
      "score": 1,
      "mse": 0.0
    },
    {
      "pts": 72.10404,
      "score": 1,
      "mse": 0.5944055944055944
    },
    {
      "pts": 72.12045,
      "score": 1,
      "mse": 0.5944055944055944
    },
    {
      "pts": 72.13679,
      "score": 1,
      "mse": 0.5944055944055944
    },
    {
      "pts": 72.15364,
      "score": 1,
      "mse": 0.5944055944055944
    },
    {
      "pts": 72.1707,
      "score": 1,
      "mse": 0.5944055944055944
    },
    {
      "pts": 72.1869,
      "score": 1,
      "mse": 0.5944055944055944
    },
    {
      "pts": 72.20379,
      "score": 1,
      "mse": 0.5944055944055944
    },
    {
      "pts": 72.22079,
      "score": 1,
      "mse": 0.5944055944055944
    },
    {
      "pts": 72.23684,
      "score": 1,
      "mse": 0.5944055944055944
    },
    {
      "pts": 72.2537,
      "score": 1,
      "mse": 0.5944055944055944
    },
    {
      "pts": 72.27063,
      "score": 1,
      "mse": 0.5944055944055944
    },
    {
      "pts": 72.28687,
      "score": 1,
      "mse": 0.5944055944055944
    },
    {
      "pts": 72.30345,
      "score": 1,
      "mse": 0.5944055944055944
    },
    {
      "pts": 72.32018,
      "score": 1,
      "mse": 0.5944055944055944
    },
    {
      "pts": 72.33742,
      "score": 1,
      "mse": 0.5944055944055944
    },
    {
      "pts": 72.35388,
      "score": 1,
      "mse": 0.5944055944055944
    },
    {
      "pts": 72.3704,
      "score": 1,
      "mse": 0.5944055944055944
    },
    {
      "pts": 72.38758,
      "score": 1,
      "mse": 0.5944055944055944
    },
    {
      "pts": 72.4039,
      "score": 1,
      "mse": 0.5944055944055944
    },
    {
      "pts": 72.42055,
      "score": 1,
      "mse": 0.5944055944055944
    },
    {
      "pts": 72.43716,
      "score": 1,
      "mse": 0.5944055944055944
    },
    {
      "pts": 72.45408,
      "score": 1,
      "mse": 0.5944055944055944
    },
    {
      "pts": 72.47049,
      "score": 1,
      "mse": 0.5944055944055944
    },
    {
      "pts": 72.48693,
      "score": 1,
      "mse": 0.5944055944055944
    },
    {
      "pts": 72.50381,
      "score": 1,
      "mse": 0.5944055944055944
    },
    {
      "pts": 72.52058,
      "score": 1,
      "mse": 0.5944055944055944
    },
    {
      "pts": 72.53739,
      "score": 1,
      "mse": 0.5944055944055944
    },
    {
      "pts": 72.55359,
      "score": 1,
      "mse": 0.5944055944055944
    },
    {
      "pts": 72.57058,
      "score": 1,
      "mse": 0.5944055944055944
    },
    {
      "pts": 72.58739,
      "score": 1,
      "mse": 0.5944055944055944
    },
    {
      "pts": 72.60381,
      "score": 1,
      "mse": 0.5944055944055944
    },
    {
      "pts": 72.62073,
      "score": 1,
      "mse": 0.5944055944055944
    },
    {
      "pts": 72.63739,
      "score": 1,
      "mse": 0.5944055944055944
    },
    {
      "pts": 72.65399,
      "score": 1,
      "mse": 0.5944055944055944
    },
    {
      "pts": 72.67071,
      "score": 1,
      "mse": 0.5944055944055944
    },
    {
      "pts": 72.68732,
      "score": 1,
      "mse": 0.5944055944055944
    },
    {
      "pts": 72.70401,
      "score": 1,
      "mse": 0.5944055944055944
    },
    {
      "pts": 72.7207,
      "score": 1,
      "mse": 0.5944055944055944
    },
    {
      "pts": 72.73719,
      "score": 1,
      "mse": 0.5944055944055944
    },
    {
      "pts": 72.75427,
      "score": 1,
      "mse": 0.5944055944055944
    },
    {
      "pts": 72.77034,
      "score": 1,
      "mse": 0.5944055944055944
    },
    {
      "pts": 72.78753,
      "score": 1,
      "mse": 0.5944055944055944
    },
    {
      "pts": 72.80406,
      "score": 1,
      "mse": 0.5944055944055944
    },
    {
      "pts": 72.82078,
      "score": 1,
      "mse": 0.5944055944055944
    },
    {
      "pts": 72.83744,
      "score": 1,
      "mse": 0.5944055944055944
    },
    {
      "pts": 72.85407,
      "score": 1,
      "mse": 0.5944055944055944
    },
    {
      "pts": 72.87062,
      "score": 1,
      "mse": 0.5944055944055944
    },
    {
      "pts": 72.88744,
      "score": 1,
      "mse": 0.5944055944055944
    },
    {
      "pts": 72.90389,
      "score": 1,
      "mse": 0.5944055944055944
    },
    {
      "pts": 72.92048,
      "score": 1,
      "mse": 0.5944055944055944
    },
    {
      "pts": 72.93727,
      "score": 1,
      "mse": 0.5944055944055944
    },
    {
      "pts": 72.95376,
      "score": 1,
      "mse": 0.5944055944055944
    },
    {
      "pts": 72.97047,
      "score": 1,
      "mse": 0.5944055944055944
    },
    {
      "pts": 72.98759,
      "score": 1,
      "mse": 0.5944055944055944
    },
    {
      "pts": 73.00403,
      "score": 1,
      "mse": 0.5944055944055944
    },
    {
      "pts": 73.0208,
      "score": 1,
      "mse": 0.5944055944055944
    },
    {
      "pts": 73.03779,
      "score": 1,
      "mse": 0.5944055944055944
    },
    {
      "pts": 73.0539,
      "score": 1,
      "mse": 0.5944055944055944
    },
    {
      "pts": 73.07053,
      "score": 1,
      "mse": 0.5944055944055944
    },
    {
      "pts": 73.08739,
      "score": 1,
      "mse": 0.5944055944055944
    },
    {
      "pts": 73.10402,
      "score": 1,
      "mse": 0.5944055944055944
    },
    {
      "pts": 73.12064,
      "score": 1,
      "mse": 0.5944055944055944
    },
    {
      "pts": 73.13755,
      "score": 1,
      "mse": 0.5944055944055944
    },
    {
      "pts": 73.1543,
      "score": 1,
      "mse": 0.5944055944055944
    },
    {
      "pts": 73.17074,
      "score": 1,
      "mse": 0.5944055944055944
    },
    {
      "pts": 73.18748,
      "score": 1,
      "mse": 0.5944055944055944
    },
    {
      "pts": 73.20395,
      "score": 1,
      "mse": 0.5944055944055944
    },
    {
      "pts": 73.22078,
      "score": 1,
      "mse": 0.5944055944055944
    },
    {
      "pts": 73.23727,
      "score": 1,
      "mse": 0.5944055944055944
    },
    {
      "pts": 73.25402,
      "score": 1,
      "mse": 0.5944055944055944
    },
    {
      "pts": 73.27097,
      "score": 1,
      "mse": 0.5944055944055944
    },
    {
      "pts": 73.28791,
      "score": 1,
      "mse": 0.5944055944055944
    },
    {
      "pts": 73.30438,
      "score": 1,
      "mse": 0.5944055944055944
    },
    {
      "pts": 73.32066,
      "score": 1,
      "mse": 0.5944055944055944
    },
    {
      "pts": 73.33769,
      "score": 1,
      "mse": 0.5944055944055944
    },
    {
      "pts": 73.3542,
      "score": 1,
      "mse": 0.5944055944055944
    },
    {
      "pts": 73.37074,
      "score": 1,
      "mse": 0.5944055944055944
    },
    {
      "pts": 73.38735,
      "score": 1,
      "mse": 0.5944055944055944
    },
    {
      "pts": 73.4042,
      "score": 1,
      "mse": 0.5944055944055944
    },
    {
      "pts": 73.42067,
      "score": 1,
      "mse": 0.5944055944055944
    },
    {
      "pts": 73.43775,
      "score": 1,
      "mse": 0.6381118881118881
    },
    {
      "pts": 73.45421,
      "score": 1,
      "mse": 0.5944055944055944
    },
    {
      "pts": 73.47105,
      "score": 1,
      "mse": 0.6101398601398601
    },
    {
      "pts": 73.48751,
      "score": 1,
      "mse": 0.6206293706293706
    },
    {
      "pts": 73.50428,
      "score": 1,
      "mse": 0.6206293706293706
    },
    {
      "pts": 73.52119,
      "score": 1,
      "mse": 0.6555944055944056
    },
    {
      "pts": 73.5376,
      "score": 1,
      "mse": 0.6555944055944056
    },
    {
      "pts": 73.55438,
      "score": 1,
      "mse": 0.6905594405594405
    },
    {
      "pts": 73.57075,
      "score": 1,
      "mse": 0.7237762237762237
    },
    {
      "pts": 73.58762,
      "score": 1,
      "mse": 0.7237762237762237
    },
    {
      "pts": 73.6042,
      "score": 1,
      "mse": 0.791958041958042
    },
    {
      "pts": 73.62087,
      "score": 0,
      "mse": 2.0804195804195804
    },
    {
      "pts": 73.63778,
      "score": 0,
      "mse": 1.9597902097902098
    },
    {
      "pts": 73.65431,
      "score": 0,
      "mse": 1.8531468531468531
    },
    {
      "pts": 73.67112,
      "score": 0,
      "mse": 1.694055944055944
    },
    {
      "pts": 73.68757,
      "score": 0,
      "mse": 1.694055944055944
    },
    {
      "pts": 73.7043,
      "score": 0,
      "mse": 1.694055944055944
    },
    {
      "pts": 73.72083,
      "score": 0,
      "mse": 1.694055944055944
    },
    {
      "pts": 73.73767,
      "score": 0,
      "mse": 1.694055944055944
    },
    {
      "pts": 73.75426,
      "score": 0,
      "mse": 1.694055944055944
    },
    {
      "pts": 73.771,
      "score": 0,
      "mse": 1.694055944055944
    },
    {
      "pts": 73.78752,
      "score": 0,
      "mse": 1.694055944055944
    },
    {
      "pts": 73.80426,
      "score": 0,
      "mse": 1.694055944055944
    },
    {
      "pts": 73.82104,
      "score": 0,
      "mse": 1.694055944055944
    },
    {
      "pts": 73.83817,
      "score": 0,
      "mse": 1.694055944055944
    },
    {
      "pts": 73.85437,
      "score": 0,
      "mse": 1.694055944055944
    },
    {
      "pts": 73.87141,
      "score": 0,
      "mse": 1.694055944055944
    },
    {
      "pts": 73.88777,
      "score": 0,
      "mse": 1.694055944055944
    },
    {
      "pts": 73.90456,
      "score": 0,
      "mse": 1.694055944055944
    },
    {
      "pts": 73.92105,
      "score": 0,
      "mse": 1.694055944055944
    },
    {
      "pts": 73.93776,
      "score": 0,
      "mse": 1.694055944055944
    },
    {
      "pts": 73.95442,
      "score": 0,
      "mse": 1.694055944055944
    },
    {
      "pts": 73.97113,
      "score": 0,
      "mse": 1.694055944055944
    },
    {
      "pts": 73.9877,
      "score": 0,
      "mse": 1.694055944055944
    }
  ]
}
