[Licensing::Module] Trying to connect to existing licensing client channel...
Built from '6000.0/staging' branch; Version is '6000.0.68f1 (e1e9baaf294b) revision 14805434'; Using compiler version '193933523'; Build Type 'Release'
OS: 'Windows 10  (10.0.19045) 64bit Professional' Language: 'zh' Physical Memory: 65325 MB
BatchMode: 1, IsHumanControllingUs: 0, StartBugReporterOnCrash: 0, Is64bit: 1
[Licensing::IpcConnector] Channel LicenseClient-jiachengwei doesn't exist
System  architecture: x64
Process architecture: x64
Date: 2026-09-28T05:44:33Z
[Licensing::Module] Successfully launched the LicensingClient (PId: 23220)

COMMAND LINE ARGUMENTS:
C:\Program Files\Unity\Hub\Editor\6000.0.68f1\Editor\Unity.exe
-batchmode
-quit
-projectPath
E:/Projects/AreaBattle/UnityProject
-executeMethod
AreaBattle.EditorTools.RecoveredSkillEffectImporter.Import
-logFile
E:/Projects/AreaBattle/analysis/unity-skill-native-import.log
Successfully changed project path to: E:/Projects/AreaBattle/UnityProject
E:/Projects/AreaBattle/UnityProject
[UnityMemory] Configuration Parameters - Can be set up in boot.config
    "memorysetup-bucket-allocator-granularity=16"
    "memorysetup-bucket-allocator-bucket-count=8"
    "memorysetup-bucket-allocator-block-size=33554432"
    "memorysetup-bucket-allocator-block-count=8"
    "memorysetup-main-allocator-block-size=16777216"
    "memorysetup-thread-allocator-block-size=16777216"
    "memorysetup-gfx-main-allocator-block-size=16777216"
    "memorysetup-gfx-thread-allocator-block-size=16777216"
    "memorysetup-cache-allocator-block-size=4194304"
    "memorysetup-typetree-allocator-block-size=2097152"
    "memorysetup-profiler-bucket-allocator-granularity=16"
    "memorysetup-profiler-bucket-allocator-bucket-count=8"
    "memorysetup-profiler-bucket-allocator-block-size=33554432"
    "memorysetup-profiler-bucket-allocator-block-count=8"
    "memorysetup-profiler-allocator-block-size=16777216"
    "memorysetup-profiler-editor-allocator-block-size=1048576"
    "memorysetup-temp-allocator-size-main=16777216"
    "memorysetup-job-temp-allocator-block-size=2097152"
    "memorysetup-job-temp-allocator-block-size-background=1048576"
    "memorysetup-job-temp-allocator-reduction-small-platforms=262144"
    "memorysetup-allocator-temp-initial-block-size-main=262144"
    "memorysetup-allocator-temp-initial-block-size-worker=262144"
    "memorysetup-temp-allocator-size-background-worker=32768"
    "memorysetup-temp-allocator-size-job-worker=262144"
    "memorysetup-temp-allocator-size-preload-manager=33554432"
    "memorysetup-temp-allocator-size-nav-mesh-worker=65536"
    "memorysetup-temp-allocator-size-audio-worker=65536"
    "memorysetup-temp-allocator-size-cloud-worker=32768"
    "memorysetup-temp-allocator-size-gi-baking-worker=262144"
    "memorysetup-temp-allocator-size-gi-baking-worker=262144"
    "memorysetup-temp-allocator-size-gi-baking-worker=262144"
    "memorysetup-temp-allocator-size-gi-baking-worker=262144"
    "memorysetup-temp-allocator-size-gi-baking-worker=262144"
    "memorysetup-temp-allocator-size-gfx=262144"
Player connection [27336]  Target information:

Player connection [27336]  * "[IP] 192.168.12.13 [Port] 55506 [Flags] 2 [Guid] 1933313225 [EditorId] 1933313225 [Version] 1048832 [Id] WindowsEditor(7,DESKTOP-H2NB5JD) [Debug] 1 [PackageName] WindowsEditor [ProjectName] Editor" 

Player connection [27336] Host joined multi-casting on [225.0.0.222:54997]...
Player connection [27336] Host joined alternative multi-casting on [225.0.0.222:34997]...
Input System module state changed to: Initialized.
[Physics::Module] Initialized fallback backend.
[Physics::Module] Id: 0xdecafbad
[Licensing::IpcConnector] Successfully connected to: "LicenseClient-jiachengwei" at "2026-09-28T05:44:33.8698991Z"
[Package Manager] Connected to IPC stream "Upm-23524" after 0.2 seconds.
Library Redirect Path: Library/
[Physics::Module] Selected backend.
[Physics::Module] Name: PhysX
[Physics::Module] Id: 0xf2b8ea05
[Physics::Module] SDK Version: 4.1.2
[Physics::Module] Integration Version: 1.0.0
[Physics::Module] Threading Mode: Multi-Threaded
Artifact Garbage Collection - Removed 20 unused hashed content filesRefreshing native plugins compatible for Editor in 0.00 ms, found 0 plugins.
Preloading 0 native plugins for Editor in 0.00 ms.
Initialize engine version: 6000.0.68f1 (e1e9baaf294b)
[Subsystems] Discovering subsystems at path C:/Program Files/Unity/Hub/Editor/6000.0.68f1/Editor/Data/Resources/UnitySubsystems
[Subsystems] Discovering subsystems at path E:/Projects/AreaBattle/UnityProject/Assets
GfxDevice: creating device client; kGfxThreadingModeNonThreaded
Direct3D:
    Version:  Direct3D 11.0 [level 11.1]
    Renderer: NVIDIA GeForce RTX 3070 (ID=0x2488)
    Vendor:   NVIDIA
    VRAM:     8018 MB
    Driver:   32.0.15.8180
Initialize mono
Mono path[0] = 'C:/Program Files/Unity/Hub/Editor/6000.0.68f1/Editor/Data/Managed'
Mono path[1] = 'C:/Program Files/Unity/Hub/Editor/6000.0.68f1/Editor/Data/MonoBleedingEdge/lib/mono/unityjit-win32'
Mono config path = 'C:/Program Files/Unity/Hub/Editor/6000.0.68f1/Editor/Data/MonoBleedingEdge/etc'
Using monoOptions --debugger-agent=transport=dt_socket,embedding=1,server=y,suspend=n,address=127.0.0.1:56524
Using cacheserver namespaces - metadata:defaultmetadata, artifacts:defaultartifacts
Using cacheserver namespaces - metadata:defaultmetadata, artifacts:defaultartifacts
ImportWorker Server TCP listen port: 0
AcceleratorClientConnectionCallback - disconnected - :0
Begin MonoManager ReloadAssembly
Registering precompiled unity dll's ...
Register platform support module: C:/Program Files/Unity/Hub/Editor/6000.0.68f1/Editor/Data/PlaybackEngines/WindowsStandaloneSupport/UnityEditor.WindowsStandalone.Extensions.dll
[Licensing::Module] Licensing is not yet initialized.
[Licensing::Client] Code 3 while verifying Licensing Client signature (process Id: 23220, path: "C:/Program Files/Unity/Hub/Editor/6000.0.68f1/Editor/Data/Resources/Licensing/Client/Unity.Licensing.Client.exe")
[Licensing::Module] LicensingClient has failed validation; ignoring
[Licensing::Client] Handshaking with LicensingClient:
  Version:                 1.17.4+4293ba1
  Session Id:              4c65a6c4bf3b45d98f8b997080f64986
  Correlation Id:          30ecc36a442c9a33e65ad630cfbbed2d
  External correlation Id: 5284220364410125806
  Machine Id:              9cQkwGhPtCyHx8hTJUSXA0S3txg=
[Licensing::Module] Successfully connected to LicensingClient on channel: "LicenseClient-jiachengwei" (connect: 0.25s, validation: 0.06s, handshake: 2.65s)
[Licensing::IpcConnector] Successfully connected to: "LicenseClient-jiachengwei-notifications" at "2026-09-28T05:44:36.5884195Z"
[Licensing::Module] Connected to LicensingClient (PId: 23220, launch time: 0.00, total connection time: 2.97s)
[Licensing::Module] Error: Access token is unavailable; failed to update
[Licensing::Client] Successfully resolved entitlement details
[Licensing::Module] License group:
  Id: 00-0000-0000-0000-0000-XXXX
  Product: Unity Pro
  Type: ULF
  Expiration: Unlimited
[Licensing::Client] Successfully updated license, isAsync: True, time: 0.00
[Licensing::Client] Successfully resolved entitlement details
[Licensing::Module] Licensing Background thread has ended after 2.98s
[Licensing::Module] Licensing is initialized (took 2.37s).
[Licensing::Client] Successfully resolved entitlement details
Register platform support module: C:/Program Files/Unity/Hub/Editor/6000.0.68f1/Editor/Data/PlaybackEngines/AndroidPlayer/UnityEditor.Android.Extensions.dll
Registered in 2.371423 seconds.
- Loaded All Assemblies, in  2.599 seconds
Native extension for Android target not found
Unauthorized device detected, Id: 7afd45a, please add debug authorization and reconnect.
UnityEngine.Debug:ExtractStackTraceNoAlloc (byte*,int,string)
UnityEngine.StackTraceUtility:ExtractStackTrace ()
UnityEngine.DebugLogHandler:Internal_Log (UnityEngine.LogType,UnityEngine.LogOption,string,UnityEngine.Object)
UnityEngine.DebugLogHandler:LogFormat (UnityEngine.LogType,UnityEngine.Object,string,object[])
UnityEngine.Logger:LogFormat (UnityEngine.LogType,string,object[])
UnityEngine.Debug:LogFormat (string,object[])
UnityEditor.Android.AndroidDeploymentTargetsExtension:GetKnownTargets (UnityEditor.DeploymentTargets.IDeploymentTargetsMainThreadContext,UnityEditor.ProgressHandler) (at /home/bokken/build/output/unity/unity/PlatformDependent/AndroidPlayer/Editor/Managed/DeploymentTargets/AndroidDeploymentTargetsExtension.cs:397)
UnityEditor.Android.TargetScanWorker:ScanSync () (at /home/bokken/build/output/unity/unity/PlatformDependent/AndroidPlayer/Editor/Managed/TargetScanWorker.cs:164)
UnityEditor.Android.TargetExtension:OnUsbDevicesChanged (UnityEditor.Hardware.UsbDevice[]) (at /home/bokken/build/output/unity/unity/PlatformDependent/AndroidPlayer/Editor/Managed/ExtensionModule.cs:106)
UnityEditor.Android.TargetExtension:OnLoad () (at /home/bokken/build/output/unity/unity/PlatformDependent/AndroidPlayer/Editor/Managed/ExtensionModule.cs:67)
UnityEditor.Modules.ModuleManager:InitializePlatformSupportModules ()

(Filename: /home/bokken/build/output/unity/unity/PlatformDependent/AndroidPlayer/Editor/Managed/DeploymentTargets/AndroidDeploymentTargetsExtension.cs Line: 397)

Android Extension - Scanning For ADB Devices 81 ms
Native extension for WindowsStandalone target not found
Mono: successfully reloaded assembly
- Finished resetting the current domain, in  0.274 seconds
Domain Reload Profiling: 2871ms
	BeginReloadAssembly (86ms)
		ExecutionOrderSort (0ms)
		DisableScriptedObjects (0ms)
		BackupInstance (0ms)
		ReleaseScriptingObjects (0ms)
		CreateAndSetChildDomain (0ms)
	RebuildCommonClasses (21ms)
	RebuildNativeTypeToScriptingClass (7ms)
	initialDomainReloadingComplete (2396ms)
	LoadAllAssembliesAndSetupDomain (87ms)
		LoadAssemblies (85ms)
		RebuildTransferFunctionScriptingTraits (0ms)
		AnalyzeDomain (85ms)
			TypeCache.Refresh (84ms)
				TypeCache.ScanAssembly (76ms)
			BuildScriptInfoCaches (0ms)
			ResolveRequiredComponents (0ms)
	FinalizeReload (274ms)
		ReleaseScriptCaches (0ms)
		RebuildScriptCaches (0ms)
		SetupLoadedEditorAssemblies (256ms)
			LogAssemblyErrors (0ms)
			InitializePlatformSupportModulesInManaged (126ms)
			SetLoadedEditorAssemblies (2ms)
			BeforeProcessingInitializeOnLoad (33ms)
			ProcessInitializeOnLoadAttributes (62ms)
			ProcessInitializeOnLoadMethodAttributes (32ms)
			AfterProcessingInitializeOnLoad (0ms)
			EditorAssembliesLoaded (0ms)
		ExecutionOrderSort2 (0ms)
		AwakeInstancesAfterBackupRestoration (0ms)
[Licensing::Client] Successfully resolved entitlement details
Application.AssetDatabase Initial Refresh Start
Package Manager log level set to [2]
[Package Manager] Restoring resolved packages state from cache
[Licensing::Client] Successfully resolved entitlement details
[Package Manager] Registered 36 packages:
  Built-in packages:
    com.unity.ugui@2.0.0 (location: E:\Projects\AreaBattle\UnityProject\Library\PackageCache\com.unity.ugui@cec3688a7c38)
    com.unity.multiplayer.center@1.0.0 (location: E:\Projects\AreaBattle\UnityProject\Library\PackageCache\com.unity.multiplayer.center@f3fb577b3546)
    com.unity.modules.accessibility@1.0.0 (location: E:\Projects\AreaBattle\UnityProject\Library\PackageCache\com.unity.modules.accessibility)
    com.unity.modules.ai@1.0.0 (location: E:\Projects\AreaBattle\UnityProject\Library\PackageCache\com.unity.modules.ai)
    com.unity.modules.androidjni@1.0.0 (location: E:\Projects\AreaBattle\UnityProject\Library\PackageCache\com.unity.modules.androidjni)
    com.unity.modules.animation@1.0.0 (location: E:\Projects\AreaBattle\UnityProject\Library\PackageCache\com.unity.modules.animation)
    com.unity.modules.assetbundle@1.0.0 (location: E:\Projects\AreaBattle\UnityProject\Library\PackageCache\com.unity.modules.assetbundle)
    com.unity.modules.audio@1.0.0 (location: E:\Projects\AreaBattle\UnityProject\Library\PackageCache\com.unity.modules.audio)
    com.unity.modules.cloth@1.0.0 (location: E:\Projects\AreaBattle\UnityProject\Library\PackageCache\com.unity.modules.cloth)
    com.unity.modules.director@1.0.0 (location: E:\Projects\AreaBattle\UnityProject\Library\PackageCache\com.unity.modules.director)
    com.unity.modules.imageconversion@1.0.0 (location: E:\Projects\AreaBattle\UnityProject\Library\PackageCache\com.unity.modules.imageconversion)
    com.unity.modules.imgui@1.0.0 (location: E:\Projects\AreaBattle\UnityProject\Library\PackageCache\com.unity.modules.imgui)
    com.unity.modules.jsonserialize@1.0.0 (location: E:\Projects\AreaBattle\UnityProject\Library\PackageCache\com.unity.modules.jsonserialize)
    com.unity.modules.particlesystem@1.0.0 (location: E:\Projects\AreaBattle\UnityProject\Library\PackageCache\com.unity.modules.particlesystem)
    com.unity.modules.physics@1.0.0 (location: E:\Projects\AreaBattle\UnityProject\Library\PackageCache\com.unity.modules.physics)
    com.unity.modules.physics2d@1.0.0 (location: E:\Projects\AreaBattle\UnityProject\Library\PackageCache\com.unity.modules.physics2d)
    com.unity.modules.screencapture@1.0.0 (location: E:\Projects\AreaBattle\UnityProject\Library\PackageCache\com.unity.modules.screencapture)
    com.unity.modules.terrain@1.0.0 (location: E:\Projects\AreaBattle\UnityProject\Library\PackageCache\com.unity.modules.terrain)
    com.unity.modules.terrainphysics@1.0.0 (location: E:\Projects\AreaBattle\UnityProject\Library\PackageCache\com.unity.modules.terrainphysics)
    com.unity.modules.tilemap@1.0.0 (location: E:\Projects\AreaBattle\UnityProject\Library\PackageCache\com.unity.modules.tilemap)
    com.unity.modules.ui@1.0.0 (location: E:\Projects\AreaBattle\UnityProject\Library\PackageCache\com.unity.modules.ui)
    com.unity.modules.uielements@1.0.0 (location: E:\Projects\AreaBattle\UnityProject\Library\PackageCache\com.unity.modules.uielements)
    com.unity.modules.umbra@1.0.0 (location: E:\Projects\AreaBattle\UnityProject\Library\PackageCache\com.unity.modules.umbra)
    com.unity.modules.unityanalytics@1.0.0 (location: E:\Projects\AreaBattle\UnityProject\Library\PackageCache\com.unity.modules.unityanalytics)
    com.unity.modules.unitywebrequest@1.0.0 (location: E:\Projects\AreaBattle\UnityProject\Library\PackageCache\com.unity.modules.unitywebrequest)
    com.unity.modules.unitywebrequestassetbundle@1.0.0 (location: E:\Projects\AreaBattle\UnityProject\Library\PackageCache\com.unity.modules.unitywebrequestassetbundle)
    com.unity.modules.unitywebrequestaudio@1.0.0 (location: E:\Projects\AreaBattle\UnityProject\Library\PackageCache\com.unity.modules.unitywebrequestaudio)
    com.unity.modules.unitywebrequesttexture@1.0.0 (location: E:\Projects\AreaBattle\UnityProject\Library\PackageCache\com.unity.modules.unitywebrequesttexture)
    com.unity.modules.unitywebrequestwww@1.0.0 (location: E:\Projects\AreaBattle\UnityProject\Library\PackageCache\com.unity.modules.unitywebrequestwww)
    com.unity.modules.vehicles@1.0.0 (location: E:\Projects\AreaBattle\UnityProject\Library\PackageCache\com.unity.modules.vehicles)
    com.unity.modules.video@1.0.0 (location: E:\Projects\AreaBattle\UnityProject\Library\PackageCache\com.unity.modules.video)
    com.unity.modules.vr@1.0.0 (location: E:\Projects\AreaBattle\UnityProject\Library\PackageCache\com.unity.modules.vr)
    com.unity.modules.wind@1.0.0 (location: E:\Projects\AreaBattle\UnityProject\Library\PackageCache\com.unity.modules.wind)
    com.unity.modules.xr@1.0.0 (location: E:\Projects\AreaBattle\UnityProject\Library\PackageCache\com.unity.modules.xr)
    com.unity.modules.subsystems@1.0.0 (location: E:\Projects\AreaBattle\UnityProject\Library\PackageCache\com.unity.modules.subsystems)
    com.unity.modules.hierarchycore@1.0.0 (location: E:\Projects\AreaBattle\UnityProject\Library\PackageCache\com.unity.modules.hierarchycore)
[Subsystems] No new subsystems found in resolved package list.
[Package Manager] Done registering packages in 0.00 seconds
[ScriptCompilation] Requested script compilation because: Assetdatabase observed changes in script compilation related files
Starting: C:\Program Files\Unity\Hub\Editor\6000.0.68f1\Editor\Data\bee_backend.exe --ipc --defer-dag-verification --dagfile="Library/Bee/1900b0aE.dag" --continue-on-failure --profile="Library/Bee/backend1.traceevents" ScriptAssemblies
WorkingDir: E:/Projects/AreaBattle/UnityProject
DisplayProgressbar: Compiling Scripts
ExitCode: 0 Duration: 0s166ms
[202/205    0s] Csc Library/Bee/artifacts/1900b0aE.dag/Assembly-CSharp-Editor.dll (+2 others)
[203/205    0s] CopyFiles Library/ScriptAssemblies/Assembly-CSharp-Editor.dll
[204/205    0s] CopyFiles Library/ScriptAssemblies/Assembly-CSharp-Editor.pdb
*** Tundra build success (0.15 seconds), 3 items updated, 205 evaluated
AssetDatabase: script compilation time: 0.441938s
Begin MonoManager ReloadAssembly
- Loaded All Assemblies, in  0.156 seconds
Refreshing native plugins compatible for Editor in 0.00 ms, found 0 plugins.
Native extension for Android target not found
Native extension for WindowsStandalone target not found
Mono: successfully reloaded assembly
- Finished resetting the current domain, in  0.207 seconds
Domain Reload Profiling: 361ms
	BeginReloadAssembly (97ms)
		ExecutionOrderSort (0ms)
		DisableScriptedObjects (5ms)
		BackupInstance (0ms)
		ReleaseScriptingObjects (0ms)
		CreateAndSetChildDomain (16ms)
	RebuildCommonClasses (19ms)
	RebuildNativeTypeToScriptingClass (7ms)
	initialDomainReloadingComplete (12ms)
	LoadAllAssembliesAndSetupDomain (20ms)
		LoadAssemblies (57ms)
		RebuildTransferFunctionScriptingTraits (0ms)
		AnalyzeDomain (15ms)
			TypeCache.Refresh (11ms)
				TypeCache.ScanAssembly (8ms)
			BuildScriptInfoCaches (2ms)
			ResolveRequiredComponents (1ms)
	FinalizeReload (207ms)
		ReleaseScriptCaches (0ms)
		RebuildScriptCaches (0ms)
		SetupLoadedEditorAssemblies (141ms)
			LogAssemblyErrors (0ms)
			InitializePlatformSupportModulesInManaged (15ms)
			SetLoadedEditorAssemblies (2ms)
			BeforeProcessingInitializeOnLoad (51ms)
			ProcessInitializeOnLoadAttributes (59ms)
			ProcessInitializeOnLoadMethodAttributes (11ms)
			AfterProcessingInitializeOnLoad (3ms)
			EditorAssembliesLoaded (0ms)
		ExecutionOrderSort2 (0ms)
		AwakeInstancesAfterBackupRestoration (4ms)
Refreshing native plugins compatible for Editor in 0.00 ms, found 0 plugins.
Preloading 0 native plugins for Editor in 0.00 ms.
Asset Pipeline Refresh (id=ea1654cd88ad1dc44a88354a6fea49f6): Total: 0.950 seconds - Initiated by InitialRefreshV2(ForceSynchronousImport)
	Summary:
		Imports: total=0 (actual=0, local cache=0, cache server=0)
		Asset DB Process Time: managed=0 ms, native=299 ms
		Asset DB Callback time: managed=37 ms, native=7 ms
		Scripting: domain reloads=1, domain reload time=156 ms, compile time=443 ms, other=5 ms
		Project Asset Count: scripts=220, non-scripts=1260
		Asset File Changes: new=0, changed=1, moved=0, deleted=0
		Scan Filter Count: 0
	InvokeCustomDependenciesCallbacks: 0.001ms
	InvokePackagesCallback: 6.603ms
	ApplyChangesToAssetFolders: 0.281ms
	Scan: 43.427ms
	OnSourceAssetsModified: 0.517ms
	CategorizeAssetsWithTransientArtifact: 0.990ms
	ProcessAssetsWithTransientArtifactChanges: 4.035ms
	CategorizeAssets: 5.846ms
	ImportOutOfDateAssets: 207.860ms (-235.516ms without children)
		CompileScripts: 443.002ms
		ReloadNativeAssets: 0.000ms
		UnloadImportedAssets: 0.060ms
		EnsureUptoDateAssetsAreRegisteredWithGuidPM: 0.102ms
		InitializingProgressBar: 0.000ms
		PostProcessAllAssetNotificationsAddChangedAssets: 0.000ms
		OnDemandSchedulerStart: 0.211ms
	PostProcessAllAssets: 38.310ms
	Hotreload: 0.353ms
	GatherAllCurrentPrimaryArtifactRevisions: 0.001ms
	UnloadStreamsBegin: 0.153ms
	PersistCurrentRevisions: 0.033ms
	UnloadStreamsEnd: 0.001ms
	GenerateScriptTypeHashes: 0.463ms
	Untracked: 641.092ms

Application.AssetDatabase Initial Refresh End
Scanning for USB devices : 3.884ms
Initializing Unity extensions:
Assertion failed on expression: 'SUCCEEDED(hr)'
Assertion failed on expression: 'SUCCEEDED(hr)'
Assertion failed on expression: 'ERROR_SUCCESS == status'
[MODES] ModeService[none].Initialize
[MODES] ModeService[none].LoadModes
[MODES] Loading mode Default (0) for mode-current-id-AreaBattle
Unloading 3 Unused Serialized files (Serialized files now loaded: 0)
Unloading 469 unused Assets / (0.9 MB). Loaded Objects now: 984.
Memory consumption went from 92.5 MB to 91.5 MB.
Total: 2.958900 ms (FindLiveObjects: 0.039500 ms CreateObjectMapping: 0.008900 ms MarkObjects: 2.625800 ms  DeleteObjects: 0.284400 ms)

Asset Pipeline Refresh (id=431e367de7cd9fc4faaee17916d2bfd1): Total: 0.033 seconds - Initiated by RefreshV2(NoUpdateAssetOptions)
Start importing Assets/AreaBattle/Resources/Recovered/SkillEffects/Textures/CAB-cf8e3fbf6c19327b512402a4587f76ee_5165969037243374941.png using Guid(f44ebd0019d53574ba75005ba82e2c72) (TextureImporter) -> (artifact id: '702b932a0f54d2096860dfec82c42b65') in 0.0063848 seconds
Refreshing native plugins compatible for Editor in 0.00 ms, found 0 plugins.
Preloading 0 native plugins for Editor in 0.00 ms.
Asset Pipeline Refresh (id=1946e8fcc041eac44b4864c33e5a6792): Total: 0.013 seconds - Initiated by StopAssetImportingV2(NoUpdateAssetOptions)
Start importing Assets/AreaBattle/Resources/Recovered/SkillEffects/Textures/CAB-cf8e3fbf6c19327b512402a4587f76ee_5165969037243374941.png using Guid(f44ebd0019d53574ba75005ba82e2c72) (TextureImporter) -> (artifact id: '702b932a0f54d2096860dfec82c42b65') in 0.0016062 seconds
Refreshing native plugins compatible for Editor in 0.00 ms, found 0 plugins.
Preloading 0 native plugins for Editor in 0.00 ms.
Asset Pipeline Refresh (id=20286e4b8b002054d87e64aecb2f90f2): Total: 0.005 seconds - Initiated by StopAssetImportingV2(NoUpdateAssetOptions)
Start importing Assets/AreaBattle/Resources/Recovered/SkillEffects/Textures/CAB-93196612f804ab504c38bb0096815b6f_-6005661280426067994.png using Guid(48ec0814c2f5cd64796a9a106647f125) (TextureImporter) -> (artifact id: '21faa632dd852d385ff30da53d8e0aa1') in 0.0011782 seconds
Refreshing native plugins compatible for Editor in 0.00 ms, found 0 plugins.
Preloading 0 native plugins for Editor in 0.00 ms.
Asset Pipeline Refresh (id=7c9cc5c57d2e637419b508360ca7de18): Total: 0.005 seconds - Initiated by StopAssetImportingV2(NoUpdateAssetOptions)
Start importing Assets/AreaBattle/Resources/Recovered/SkillEffects/Textures/CAB-93196612f804ab504c38bb0096815b6f_-6005661280426067994.png using Guid(48ec0814c2f5cd64796a9a106647f125) (TextureImporter) -> (artifact id: '21faa632dd852d385ff30da53d8e0aa1') in 0.0014113 seconds
Refreshing native plugins compatible for Editor in 0.00 ms, found 0 plugins.
Preloading 0 native plugins for Editor in 0.00 ms.
Asset Pipeline Refresh (id=5181f7f6a09d6cf4181da26d8dbfbe6e): Total: 0.005 seconds - Initiated by StopAssetImportingV2(NoUpdateAssetOptions)
Start importing Assets/AreaBattle/Resources/Recovered/SkillEffects/Textures/CAB-a04b65a577389720809bf7b5356c35ff_6885679224877601033.png using Guid(5bfaade41dcee924d86402d0bad72b09) (TextureImporter) -> (artifact id: '3177a71e08b5e125c9045d68e37b8801') in 0.0011133 seconds
Refreshing native plugins compatible for Editor in 0.00 ms, found 0 plugins.
Preloading 0 native plugins for Editor in 0.00 ms.
Asset Pipeline Refresh (id=fd918b3751612d44eb5be3478e3137f1): Total: 0.004 seconds - Initiated by StopAssetImportingV2(NoUpdateAssetOptions)
Start importing Assets/AreaBattle/Resources/Recovered/SkillEffects/Textures/CAB-a04b65a577389720809bf7b5356c35ff_6885679224877601033.png using Guid(5bfaade41dcee924d86402d0bad72b09) (TextureImporter) -> (artifact id: '3177a71e08b5e125c9045d68e37b8801') in 0.0014281 seconds
Refreshing native plugins compatible for Editor in 0.00 ms, found 0 plugins.
Preloading 0 native plugins for Editor in 0.00 ms.
Asset Pipeline Refresh (id=fff9a2f6b229f3249acc0811f54afcb4): Total: 0.005 seconds - Initiated by StopAssetImportingV2(NoUpdateAssetOptions)
Start importing Assets/AreaBattle/Resources/Recovered/SkillEffects/Textures/CAB-f51e4c991feec958d99ec4cbc3aed821_-2300754960120560666.png using Guid(fff7b7d9d0fc7d84dac0fbdeddb74263) (TextureImporter) -> (artifact id: '0a5de2be49fd27b495a4ec534f40f383') in 0.0014687 seconds
Refreshing native plugins compatible for Editor in 0.00 ms, found 0 plugins.
Preloading 0 native plugins for Editor in 0.00 ms.
Asset Pipeline Refresh (id=cdfeeee065fb7794fb598678ca9723ae): Total: 0.005 seconds - Initiated by StopAssetImportingV2(NoUpdateAssetOptions)
Start importing Assets/AreaBattle/Resources/Recovered/SkillEffects/Textures/CAB-f51e4c991feec958d99ec4cbc3aed821_-2300754960120560666.png using Guid(fff7b7d9d0fc7d84dac0fbdeddb74263) (TextureImporter) -> (artifact id: '0a5de2be49fd27b495a4ec534f40f383') in 0.0013379 seconds
Refreshing native plugins compatible for Editor in 0.00 ms, found 0 plugins.
Preloading 0 native plugins for Editor in 0.00 ms.
Asset Pipeline Refresh (id=c1656000b7fcbbe4cad040dc1bf4f288): Total: 0.005 seconds - Initiated by StopAssetImportingV2(NoUpdateAssetOptions)
Start importing Assets/AreaBattle/Resources/Recovered/SkillEffects/Textures/CAB-0fe51a35ecc5951e6b5d395f64e4b977_-3922597142810389276.png using Guid(7f41a268e0a52084189283ea84ec5ed5) (TextureImporter) -> (artifact id: 'c49dead9e6276c0864ace7709b3d0d53') in 0.0010211 seconds
Refreshing native plugins compatible for Editor in 0.00 ms, found 0 plugins.
Preloading 0 native plugins for Editor in 0.00 ms.
Asset Pipeline Refresh (id=f75bd968331e584428f6340d409b0231): Total: 0.004 seconds - Initiated by StopAssetImportingV2(NoUpdateAssetOptions)
Start importing Assets/AreaBattle/Resources/Recovered/SkillEffects/Textures/CAB-0fe51a35ecc5951e6b5d395f64e4b977_-3922597142810389276.png using Guid(7f41a268e0a52084189283ea84ec5ed5) (TextureImporter) -> (artifact id: 'c49dead9e6276c0864ace7709b3d0d53') in 0.0009587 seconds
Refreshing native plugins compatible for Editor in 0.00 ms, found 0 plugins.
Preloading 0 native plugins for Editor in 0.00 ms.
Asset Pipeline Refresh (id=607ecb5eac24a844d873a92376472531): Total: 0.004 seconds - Initiated by StopAssetImportingV2(NoUpdateAssetOptions)
Start importing Assets/AreaBattle/Resources/Recovered/SkillEffects/Textures/CAB-ce613d1c3d736ead306d9e6dc7b6058b_2236001822647334300.png using Guid(4f9cf582c47afe24d9bc9be951c5e875) (TextureImporter) -> (artifact id: 'fa5217c8aad1911c234babbd9ff326b4') in 0.0012587 seconds
Refreshing native plugins compatible for Editor in 0.00 ms, found 0 plugins.
Preloading 0 native plugins for Editor in 0.00 ms.
Asset Pipeline Refresh (id=daa59ac86b0dcca4da8b6b424669e9b0): Total: 0.004 seconds - Initiated by StopAssetImportingV2(NoUpdateAssetOptions)
Start importing Assets/AreaBattle/Resources/Recovered/SkillEffects/Textures/CAB-ce613d1c3d736ead306d9e6dc7b6058b_2236001822647334300.png using Guid(4f9cf582c47afe24d9bc9be951c5e875) (TextureImporter) -> (artifact id: 'fa5217c8aad1911c234babbd9ff326b4') in 0.0011256 seconds
Refreshing native plugins compatible for Editor in 0.00 ms, found 0 plugins.
Preloading 0 native plugins for Editor in 0.00 ms.
Asset Pipeline Refresh (id=22e6b6476ba703b40a4efe7a3587b41a): Total: 0.004 seconds - Initiated by StopAssetImportingV2(NoUpdateAssetOptions)
Start importing Assets/AreaBattle/Resources/Recovered/SkillEffects/Textures/CAB-01965c639767185c4d06ff976649801c_-3623855294517614211.png using Guid(448a5afcb544c9142a22d700c425edb8) (TextureImporter) -> (artifact id: '3082daf4e68f3cb134d347603e2870a8') in 0.0015345 seconds
Refreshing native plugins compatible for Editor in 0.00 ms, found 0 plugins.
Preloading 0 native plugins for Editor in 0.00 ms.
Asset Pipeline Refresh (id=9cfc3ca80c808e441b189bc312a3e7f7): Total: 0.005 seconds - Initiated by StopAssetImportingV2(NoUpdateAssetOptions)
Start importing Assets/AreaBattle/Resources/Recovered/SkillEffects/Textures/CAB-01965c639767185c4d06ff976649801c_-3623855294517614211.png using Guid(448a5afcb544c9142a22d700c425edb8) (TextureImporter) -> (artifact id: '3082daf4e68f3cb134d347603e2870a8') in 0.0014263 seconds
Refreshing native plugins compatible for Editor in 0.00 ms, found 0 plugins.
Preloading 0 native plugins for Editor in 0.00 ms.
Asset Pipeline Refresh (id=402c5164a58053049b095e563927315f): Total: 0.005 seconds - Initiated by StopAssetImportingV2(NoUpdateAssetOptions)
Start importing Assets/AreaBattle/Resources/Recovered/SkillEffects/Textures/CAB-68a3634b9a99c5a2a10a36b772e4e945_-4828617318903949823.png using Guid(c84f2298ef60dd746b9c986b0b4e8006) (TextureImporter) -> (artifact id: 'fbabb63a92f010a1c5fa81741212df21') in 0.001127 seconds
Refreshing native plugins compatible for Editor in 0.00 ms, found 0 plugins.
Preloading 0 native plugins for Editor in 0.00 ms.
Asset Pipeline Refresh (id=0c680ee5064fdc14393b5c2ebdabb561): Total: 0.004 seconds - Initiated by StopAssetImportingV2(NoUpdateAssetOptions)
Start importing Assets/AreaBattle/Resources/Recovered/SkillEffects/Textures/CAB-68a3634b9a99c5a2a10a36b772e4e945_-4828617318903949823.png using Guid(c84f2298ef60dd746b9c986b0b4e8006) (TextureImporter) -> (artifact id: 'fbabb63a92f010a1c5fa81741212df21') in 0.001569 seconds
Refreshing native plugins compatible for Editor in 0.00 ms, found 0 plugins.
Preloading 0 native plugins for Editor in 0.00 ms.
Asset Pipeline Refresh (id=6eb8e9a4ffdf60e4bbeab76de6a4639e): Total: 0.005 seconds - Initiated by StopAssetImportingV2(NoUpdateAssetOptions)
Start importing Assets/AreaBattle/Resources/Recovered/SkillEffects/Textures/CAB-75bc984e0910ee5b31b4f3e2187e47cb_-3904592010842678635.png using Guid(73011133f36f1a943a6d2b853df7c539) (TextureImporter) -> (artifact id: '15da8ed173347e26ea59b1f7d2a691d9') in 0.001642 seconds
Refreshing native plugins compatible for Editor in 0.00 ms, found 0 plugins.
Preloading 0 native plugins for Editor in 0.00 ms.
Asset Pipeline Refresh (id=b17a577b3c7575f4c80cb6afc00e785c): Total: 0.005 seconds - Initiated by StopAssetImportingV2(NoUpdateAssetOptions)
Start importing Assets/AreaBattle/Resources/Recovered/SkillEffects/Textures/CAB-75bc984e0910ee5b31b4f3e2187e47cb_-3904592010842678635.png using Guid(73011133f36f1a943a6d2b853df7c539) (TextureImporter) -> (artifact id: '15da8ed173347e26ea59b1f7d2a691d9') in 0.0015183 seconds
Refreshing native plugins compatible for Editor in 0.00 ms, found 0 plugins.
Preloading 0 native plugins for Editor in 0.00 ms.
Asset Pipeline Refresh (id=f47c3aa1b4facaf438ca1586cb567ccf): Total: 0.005 seconds - Initiated by StopAssetImportingV2(NoUpdateAssetOptions)
Start importing Assets/AreaBattle/Resources/Recovered/SkillEffects/Textures/CAB-0aff1dbf5f891a6cf1e254d80bc2ddaa_4988150354445090395.png using Guid(91f11d4d0c511c14bb7ab442c637217c) (TextureImporter) -> (artifact id: '640cb6c99c327e20806913612b8efa34') in 0.0009748 seconds
Refreshing native plugins compatible for Editor in 0.00 ms, found 0 plugins.
Preloading 0 native plugins for Editor in 0.00 ms.
Asset Pipeline Refresh (id=84590450978db4246824ebc600866151): Total: 0.004 seconds - Initiated by StopAssetImportingV2(NoUpdateAssetOptions)
Start importing Assets/AreaBattle/Resources/Recovered/SkillEffects/Textures/CAB-0aff1dbf5f891a6cf1e254d80bc2ddaa_4988150354445090395.png using Guid(91f11d4d0c511c14bb7ab442c637217c) (TextureImporter) -> (artifact id: '640cb6c99c327e20806913612b8efa34') in 0.0009113 seconds
Refreshing native plugins compatible for Editor in 0.00 ms, found 0 plugins.
Preloading 0 native plugins for Editor in 0.00 ms.
Asset Pipeline Refresh (id=d38ee9cfcdb63b94bac20428a9202059): Total: 0.004 seconds - Initiated by StopAssetImportingV2(NoUpdateAssetOptions)
Start importing Assets/AreaBattle/Resources/Recovered/SkillEffects/Textures/CAB-e18da3cc1a9d2d9b18282b7773090c2c_4804059803893218379.png using Guid(3636a9f9aaef4ed4ca7677918db0e7f7) (TextureImporter) -> (artifact id: '3ade93901c1bf35f2b240e7173e8e78d') in 0.0021305 seconds
Refreshing native plugins compatible for Editor in 0.00 ms, found 0 plugins.
Preloading 0 native plugins for Editor in 0.00 ms.
Asset Pipeline Refresh (id=887d7354bb9502f4a80bc7a64f49b828): Total: 0.005 seconds - Initiated by StopAssetImportingV2(NoUpdateAssetOptions)
Start importing Assets/AreaBattle/Resources/Recovered/SkillEffects/Textures/CAB-e18da3cc1a9d2d9b18282b7773090c2c_4804059803893218379.png using Guid(3636a9f9aaef4ed4ca7677918db0e7f7) (TextureImporter) -> (artifact id: '3ade93901c1bf35f2b240e7173e8e78d') in 0.0021813 seconds
Refreshing native plugins compatible for Editor in 0.00 ms, found 0 plugins.
Preloading 0 native plugins for Editor in 0.00 ms.
Asset Pipeline Refresh (id=c99724c5b4c1d0a40a399c539d969c82): Total: 0.006 seconds - Initiated by StopAssetImportingV2(NoUpdateAssetOptions)
Start importing Assets/AreaBattle/Resources/Recovered/SkillEffects/Textures/CAB-310224c7d8c2b9476f90672204f2f348_8747952976507127702.png using Guid(16b54734a7e7d7740ba94a52eb77b6c8) (TextureImporter) -> (artifact id: '598506e4d3a0f5e7bc001c8177e5eaaf') in 0.0011448 seconds
Refreshing native plugins compatible for Editor in 0.00 ms, found 0 plugins.
Preloading 0 native plugins for Editor in 0.00 ms.
Asset Pipeline Refresh (id=3ea4a5b84f39bdc4fa0774f3d4914cb3): Total: 0.004 seconds - Initiated by StopAssetImportingV2(NoUpdateAssetOptions)
Start importing Assets/AreaBattle/Resources/Recovered/SkillEffects/Textures/CAB-310224c7d8c2b9476f90672204f2f348_8747952976507127702.png using Guid(16b54734a7e7d7740ba94a52eb77b6c8) (TextureImporter) -> (artifact id: '598506e4d3a0f5e7bc001c8177e5eaaf') in 0.0009583 seconds
Refreshing native plugins compatible for Editor in 0.00 ms, found 0 plugins.
Preloading 0 native plugins for Editor in 0.00 ms.
Asset Pipeline Refresh (id=d256c78c806234f4db6e386ada4bc55b): Total: 0.004 seconds - Initiated by StopAssetImportingV2(NoUpdateAssetOptions)
Start importing Assets/AreaBattle/Resources/Recovered/SkillEffects/Textures/CAB-ad5382844626486cf9beaa1df358c612_9073056473786187306.png using Guid(4250b19a927b0874697e9e77803cb132) (TextureImporter) -> (artifact id: '01c6db40941247e59699b5d362dfe937') in 0.0016726 seconds
Refreshing native plugins compatible for Editor in 0.00 ms, found 0 plugins.
Preloading 0 native plugins for Editor in 0.00 ms.
Asset Pipeline Refresh (id=b49134cc9faabca438759f0febd14e9c): Total: 0.005 seconds - Initiated by StopAssetImportingV2(NoUpdateAssetOptions)
Start importing Assets/AreaBattle/Resources/Recovered/SkillEffects/Textures/CAB-ad5382844626486cf9beaa1df358c612_9073056473786187306.png using Guid(4250b19a927b0874697e9e77803cb132) (TextureImporter) -> (artifact id: '01c6db40941247e59699b5d362dfe937') in 0.0013769 seconds
Refreshing native plugins compatible for Editor in 0.00 ms, found 0 plugins.
Preloading 0 native plugins for Editor in 0.00 ms.
Asset Pipeline Refresh (id=ddf79c2b3126c3744ab153918cd6aebc): Total: 0.005 seconds - Initiated by StopAssetImportingV2(NoUpdateAssetOptions)
Start importing Assets/AreaBattle/Resources/Recovered/SkillEffects/Textures/CAB-d882513ec0928fc54021adc30b5be68f_7106447452458991201.png using Guid(08e6b9675cfbe404f99bd6d73d9aa65c) (TextureImporter) -> (artifact id: 'c3a532646d1527114d0b737c9d47c7ad') in 0.0012864 seconds
Refreshing native plugins compatible for Editor in 0.00 ms, found 0 plugins.
Preloading 0 native plugins for Editor in 0.00 ms.
Asset Pipeline Refresh (id=c4fdbea25502b1843a27ba4fa50ab689): Total: 0.004 seconds - Initiated by StopAssetImportingV2(NoUpdateAssetOptions)
Start importing Assets/AreaBattle/Resources/Recovered/SkillEffects/Textures/CAB-d882513ec0928fc54021adc30b5be68f_7106447452458991201.png using Guid(08e6b9675cfbe404f99bd6d73d9aa65c) (TextureImporter) -> (artifact id: 'c3a532646d1527114d0b737c9d47c7ad') in 0.0010666 seconds
Refreshing native plugins compatible for Editor in 0.00 ms, found 0 plugins.
Preloading 0 native plugins for Editor in 0.00 ms.
Asset Pipeline Refresh (id=52c1aea8dbf216242a96d4299f037d67): Total: 0.004 seconds - Initiated by StopAssetImportingV2(NoUpdateAssetOptions)
Start importing Assets/AreaBattle/Resources/Recovered/SkillEffects/Textures/CAB-62282f068a0bce96ee0f00bfce86f0f3_8474796030725496356.png using Guid(3b0106a35847202468d6e60ca63ace16) (TextureImporter) -> (artifact id: '3abb66bbb90f1a774de73ce3ed61da4e') in 0.0016051 seconds
Refreshing native plugins compatible for Editor in 0.00 ms, found 0 plugins.
Preloading 0 native plugins for Editor in 0.00 ms.
Asset Pipeline Refresh (id=19ee1e68995ad51499994906c5679e2b): Total: 0.005 seconds - Initiated by StopAssetImportingV2(NoUpdateAssetOptions)
Curl error 7: Failed to connect to config.uca.cloud.unity3d.com port 443 after 238 ms: Could not connect to server
Start importing Assets/AreaBattle/Resources/Recovered/SkillEffects/Textures/CAB-62282f068a0bce96ee0f00bfce86f0f3_8474796030725496356.png using Guid(3b0106a35847202468d6e60ca63ace16) (TextureImporter) -> (artifact id: '3abb66bbb90f1a774de73ce3ed61da4e') in 0.0014821 seconds
Refreshing native plugins compatible for Editor in 0.00 ms, found 0 plugins.
Preloading 0 native plugins for Editor in 0.00 ms.
Asset Pipeline Refresh (id=1b0f1fc54f6f4bd459cc03b4829809cb): Total: 0.005 seconds - Initiated by StopAssetImportingV2(NoUpdateAssetOptions)
Start importing Assets/AreaBattle/Resources/Recovered/SkillEffects/Textures/CAB-af1d0e24d920a07ba64342b9ff773d6c_-5583960950942923340.png using Guid(87cc57f0c43f97545b4f46e72881460c) (TextureImporter) -> (artifact id: '2c8751df15ec52eabcaf987bc59576a8') in 0.0015305 seconds
Refreshing native plugins compatible for Editor in 0.00 ms, found 0 plugins.
Preloading 0 native plugins for Editor in 0.00 ms.
Asset Pipeline Refresh (id=d2ca2ce8dee8f8d47a31700741e6b2ec): Total: 0.005 seconds - Initiated by StopAssetImportingV2(NoUpdateAssetOptions)
Start importing Assets/AreaBattle/Resources/Recovered/SkillEffects/Textures/CAB-af1d0e24d920a07ba64342b9ff773d6c_-5583960950942923340.png using Guid(87cc57f0c43f97545b4f46e72881460c) (TextureImporter) -> (artifact id: '2c8751df15ec52eabcaf987bc59576a8') in 0.0012637 seconds
Refreshing native plugins compatible for Editor in 0.00 ms, found 0 plugins.
Preloading 0 native plugins for Editor in 0.00 ms.
Asset Pipeline Refresh (id=b93cbe3845a6ac2498559599ae730baa): Total: 0.005 seconds - Initiated by StopAssetImportingV2(NoUpdateAssetOptions)
Start importing Assets/AreaBattle/Resources/Recovered/SkillEffects/Textures/CAB-d0ba42ce20a5c41d5f70127203b6a654_5900656478739369365.png using Guid(ccc7caef5df62ad4ea4e2ef48921ac9d) (TextureImporter) -> (artifact id: 'ca48b02b28fb62fa0124c50b362541ab') in 0.0020644 seconds
Refreshing native plugins compatible for Editor in 0.00 ms, found 0 plugins.
Preloading 0 native plugins for Editor in 0.00 ms.
Asset Pipeline Refresh (id=3ca670de6256dc84cb2eed5210cb0e2f): Total: 0.005 seconds - Initiated by StopAssetImportingV2(NoUpdateAssetOptions)
Start importing Assets/AreaBattle/Resources/Recovered/SkillEffects/Textures/CAB-d0ba42ce20a5c41d5f70127203b6a654_5900656478739369365.png using Guid(ccc7caef5df62ad4ea4e2ef48921ac9d) (TextureImporter) -> (artifact id: 'ca48b02b28fb62fa0124c50b362541ab') in 0.0017464 seconds
Refreshing native plugins compatible for Editor in 0.00 ms, found 0 plugins.
Preloading 0 native plugins for Editor in 0.00 ms.
Asset Pipeline Refresh (id=7890a998c1258674caa4b9e46e59fef1): Total: 0.005 seconds - Initiated by StopAssetImportingV2(NoUpdateAssetOptions)
Start importing Assets/AreaBattle/Resources/Recovered/SkillEffects/Textures/CAB-5877c81cdf5d9c13eaad516f933d0add_4988150354445090395.png using Guid(0189402fe4ea7d04aab6361c12104e6b) (TextureImporter) -> (artifact id: '3a2a4d3da1dfbfb5bfb413a0d7253ed6') in 0.0011158 seconds
Refreshing native plugins compatible for Editor in 0.00 ms, found 0 plugins.
Preloading 0 native plugins for Editor in 0.00 ms.
Asset Pipeline Refresh (id=1f2c6ac857e297d4d99422e680206eed): Total: 0.004 seconds - Initiated by StopAssetImportingV2(NoUpdateAssetOptions)
Start importing Assets/AreaBattle/Resources/Recovered/SkillEffects/Textures/CAB-5877c81cdf5d9c13eaad516f933d0add_4988150354445090395.png using Guid(0189402fe4ea7d04aab6361c12104e6b) (TextureImporter) -> (artifact id: '3a2a4d3da1dfbfb5bfb413a0d7253ed6') in 0.0009798 seconds
Refreshing native plugins compatible for Editor in 0.00 ms, found 0 plugins.
Preloading 0 native plugins for Editor in 0.00 ms.
Asset Pipeline Refresh (id=d6d940b805ba4f8428b409d81eb8caa9): Total: 0.004 seconds - Initiated by StopAssetImportingV2(NoUpdateAssetOptions)
Start importing Assets/AreaBattle/Resources/Recovered/SkillEffects/Textures/CAB-600733170d54184e6c62088a136b88ce_-8581680032605219689.png using Guid(a7c146d1708202344a003528b5572671) (TextureImporter) -> (artifact id: '98475d11c4be805130d12ebcbadcce14') in 0.0009501 seconds
Refreshing native plugins compatible for Editor in 0.00 ms, found 0 plugins.
Preloading 0 native plugins for Editor in 0.00 ms.
Asset Pipeline Refresh (id=5fb46a8b46ba29146a25e9d700059778): Total: 0.004 seconds - Initiated by StopAssetImportingV2(NoUpdateAssetOptions)
Start importing Assets/AreaBattle/Resources/Recovered/SkillEffects/Textures/CAB-600733170d54184e6c62088a136b88ce_-8581680032605219689.png using Guid(a7c146d1708202344a003528b5572671) (TextureImporter) -> (artifact id: '98475d11c4be805130d12ebcbadcce14') in 0.0008516 seconds
Refreshing native plugins compatible for Editor in 0.00 ms, found 0 plugins.
Preloading 0 native plugins for Editor in 0.00 ms.
Asset Pipeline Refresh (id=0882c12e63cdbdd48a6ab380bad7fc1c): Total: 0.004 seconds - Initiated by StopAssetImportingV2(NoUpdateAssetOptions)
Start importing Assets/AreaBattle/Resources/Recovered/SkillEffects/Textures/CAB-03e5c711092d2c1f5cbd7a4177e346f1_4171623526587147115.png using Guid(31ce68f6343a4c04382fbe607ced046f) (TextureImporter) -> (artifact id: 'd90d979cc8692f42e0f683396b1bbdef') in 0.0010495 seconds
Refreshing native plugins compatible for Editor in 0.00 ms, found 0 plugins.
Preloading 0 native plugins for Editor in 0.00 ms.
Asset Pipeline Refresh (id=61d849e64d3754440a35a6fba8f6af8e): Total: 0.004 seconds - Initiated by StopAssetImportingV2(NoUpdateAssetOptions)
Start importing Assets/AreaBattle/Resources/Recovered/SkillEffects/Textures/CAB-03e5c711092d2c1f5cbd7a4177e346f1_4171623526587147115.png using Guid(31ce68f6343a4c04382fbe607ced046f) (TextureImporter) -> (artifact id: 'd90d979cc8692f42e0f683396b1bbdef') in 0.0009201 seconds
Refreshing native plugins compatible for Editor in 0.00 ms, found 0 plugins.
Preloading 0 native plugins for Editor in 0.00 ms.
Asset Pipeline Refresh (id=3c56958fd22406041b60cec91a98b549): Total: 0.004 seconds - Initiated by StopAssetImportingV2(NoUpdateAssetOptions)
Start importing Assets/AreaBattle/Resources/Recovered/SkillEffects/Textures/CAB-cffd9c35b4504a62da87bdd5e26d0298_8242049887751693506.png using Guid(d56ca1b4b6696e7409b0664523f9b0a1) (TextureImporter) -> (artifact id: 'ab4cf0d32b05ec5f85e5bb5090ac7981') in 0.0036001 seconds
Refreshing native plugins compatible for Editor in 0.00 ms, found 0 plugins.
Preloading 0 native plugins for Editor in 0.00 ms.
Asset Pipeline Refresh (id=ba423028f636cb841ae79e31193173e9): Total: 0.007 seconds - Initiated by StopAssetImportingV2(NoUpdateAssetOptions)
Start importing Assets/AreaBattle/Resources/Recovered/SkillEffects/Textures/CAB-cffd9c35b4504a62da87bdd5e26d0298_8242049887751693506.png using Guid(d56ca1b4b6696e7409b0664523f9b0a1) (TextureImporter) -> (artifact id: 'ab4cf0d32b05ec5f85e5bb5090ac7981') in 0.0034571 seconds
Refreshing native plugins compatible for Editor in 0.00 ms, found 0 plugins.
Preloading 0 native plugins for Editor in 0.00 ms.
Asset Pipeline Refresh (id=834e7864892c6494daa5765cb005ebda): Total: 0.007 seconds - Initiated by StopAssetImportingV2(NoUpdateAssetOptions)
Start importing Assets/AreaBattle/Resources/Recovered/SkillEffects/Textures/CAB-1ca3266b707e337e93f4b8d301ad0d49_-3926245903621514056.png using Guid(9db0febf226198d46a8e146d11ce0cdf) (TextureImporter) -> (artifact id: '2824017b6f78f3178b405b9b9bdf0985') in 0.0032713 seconds
Refreshing native plugins compatible for Editor in 0.00 ms, found 0 plugins.
Preloading 0 native plugins for Editor in 0.00 ms.
Asset Pipeline Refresh (id=b6a48493ca9061d4eb149aa8c7cffbb5): Total: 0.006 seconds - Initiated by StopAssetImportingV2(NoUpdateAssetOptions)
Start importing Assets/AreaBattle/Resources/Recovered/SkillEffects/Textures/CAB-1ca3266b707e337e93f4b8d301ad0d49_-3926245903621514056.png using Guid(9db0febf226198d46a8e146d11ce0cdf) (TextureImporter) -> (artifact id: '2824017b6f78f3178b405b9b9bdf0985') in 0.0029799 seconds
Refreshing native plugins compatible for Editor in 0.00 ms, found 0 plugins.
Preloading 0 native plugins for Editor in 0.00 ms.
Asset Pipeline Refresh (id=fc5b9d52b12f68a44b847971d3f4e442): Total: 0.006 seconds - Initiated by StopAssetImportingV2(NoUpdateAssetOptions)
Start importing Assets/AreaBattle/Resources/Recovered/SkillEffects/Textures/CAB-79f1f8a5fa95c1e53b703981f18a5ed3_8879120120627136298.png using Guid(d62d0a4fe1b6f5c4e864f43182a891bf) (TextureImporter) -> (artifact id: '79f7f6d3633302c558ab9dd3775b00fb') in 0.0015758 seconds
Refreshing native plugins compatible for Editor in 0.00 ms, found 0 plugins.
Preloading 0 native plugins for Editor in 0.00 ms.
Asset Pipeline Refresh (id=be984be726077634391a6baa44850956): Total: 0.005 seconds - Initiated by StopAssetImportingV2(NoUpdateAssetOptions)
Start importing Assets/AreaBattle/Resources/Recovered/SkillEffects/Textures/CAB-79f1f8a5fa95c1e53b703981f18a5ed3_8879120120627136298.png using Guid(d62d0a4fe1b6f5c4e864f43182a891bf) (TextureImporter) -> (artifact id: '79f7f6d3633302c558ab9dd3775b00fb') in 0.0017614 seconds
Refreshing native plugins compatible for Editor in 0.00 ms, found 0 plugins.
Preloading 0 native plugins for Editor in 0.00 ms.
Asset Pipeline Refresh (id=1620a2b2b3092b54cbf4859e1ea027e4): Total: 0.005 seconds - Initiated by StopAssetImportingV2(NoUpdateAssetOptions)
Start importing Assets/AreaBattle/Resources/Recovered/SkillEffects/Textures/CAB-a63046898ba53984285d41c1474fbc05_784250923614533193.png using Guid(2c874c14ec01abf4ba0da9b6bb04a33e) (TextureImporter) -> (artifact id: '155c95075677661af20822c35a5f80be') in 0.0016148 seconds
Refreshing native plugins compatible for Editor in 0.00 ms, found 0 plugins.
Preloading 0 native plugins for Editor in 0.00 ms.
Asset Pipeline Refresh (id=5520a8129183afb438b93b58a4a0147d): Total: 0.007 seconds - Initiated by StopAssetImportingV2(NoUpdateAssetOptions)
Start importing Assets/AreaBattle/Resources/Recovered/SkillEffects/Textures/CAB-a63046898ba53984285d41c1474fbc05_784250923614533193.png using Guid(2c874c14ec01abf4ba0da9b6bb04a33e) (TextureImporter) -> (artifact id: '155c95075677661af20822c35a5f80be') in 0.0010753 seconds
Refreshing native plugins compatible for Editor in 0.00 ms, found 0 plugins.
Preloading 0 native plugins for Editor in 0.00 ms.
Asset Pipeline Refresh (id=9edf6bbacad268b45a26ebebcd776813): Total: 0.005 seconds - Initiated by StopAssetImportingV2(NoUpdateAssetOptions)
Start importing Assets/AreaBattle/Resources/Recovered/SkillEffects/Textures/CAB-2d3c2b97f167dbd9ba6dd0b434e99ae2_1492646066122563724.png using Guid(b66284f009cac834fb8a1d3293e765cd) (TextureImporter) -> (artifact id: '3e39c9587e4245621a31631af92a94d8') in 0.0013078 seconds
Refreshing native plugins compatible for Editor in 0.00 ms, found 0 plugins.
Preloading 0 native plugins for Editor in 0.00 ms.
Asset Pipeline Refresh (id=1781a5753523bd64e953c1f6fe1ecc67): Total: 0.005 seconds - Initiated by StopAssetImportingV2(NoUpdateAssetOptions)
Start importing Assets/AreaBattle/Resources/Recovered/SkillEffects/Textures/CAB-2d3c2b97f167dbd9ba6dd0b434e99ae2_1492646066122563724.png using Guid(b66284f009cac834fb8a1d3293e765cd) (TextureImporter) -> (artifact id: '3e39c9587e4245621a31631af92a94d8') in 0.0009794 seconds
Refreshing native plugins compatible for Editor in 0.00 ms, found 0 plugins.
Preloading 0 native plugins for Editor in 0.00 ms.
Asset Pipeline Refresh (id=e681aef47957dd64f999f3ff1aa8ef36): Total: 0.004 seconds - Initiated by StopAssetImportingV2(NoUpdateAssetOptions)
Start importing Assets/AreaBattle/Resources/Recovered/SkillEffects/Textures/CAB-742d48e5ea6084c4d460c167b8f9753b_-1971169979066814565.png using Guid(2a45356ed4624ad4998243eea04c3a82) (TextureImporter) -> (artifact id: '7054c93435d64450c335e30424b059fd') in 0.0016278 seconds
Refreshing native plugins compatible for Editor in 0.00 ms, found 0 plugins.
Preloading 0 native plugins for Editor in 0.00 ms.
Asset Pipeline Refresh (id=0ee44d25e70f96d49a014ebf074e20c1): Total: 0.005 seconds - Initiated by StopAssetImportingV2(NoUpdateAssetOptions)
Start importing Assets/AreaBattle/Resources/Recovered/SkillEffects/Textures/CAB-742d48e5ea6084c4d460c167b8f9753b_-1971169979066814565.png using Guid(2a45356ed4624ad4998243eea04c3a82) (TextureImporter) -> (artifact id: '7054c93435d64450c335e30424b059fd') in 0.0015138 seconds
Refreshing native plugins compatible for Editor in 0.00 ms, found 0 plugins.
Preloading 0 native plugins for Editor in 0.00 ms.
Asset Pipeline Refresh (id=8957f2526c69ba84bba168c90e5f7772): Total: 0.005 seconds - Initiated by StopAssetImportingV2(NoUpdateAssetOptions)
Start importing Assets/AreaBattle/Resources/Recovered/SkillEffects/Textures/CAB-1923cbc792414f8a533a806ffd2eee84_1644672046619492775.png using Guid(20706312fb6eadc419f188e597877fa4) (TextureImporter) -> (artifact id: '995131a3976c53b22b035e220d1035c8') in 0.0048188 seconds
Refreshing native plugins compatible for Editor in 0.00 ms, found 0 plugins.
Preloading 0 native plugins for Editor in 0.00 ms.
Asset Pipeline Refresh (id=6d8a4b864824d704c878415d4956a863): Total: 0.008 seconds - Initiated by StopAssetImportingV2(NoUpdateAssetOptions)
Start importing Assets/AreaBattle/Resources/Recovered/SkillEffects/Textures/CAB-1923cbc792414f8a533a806ffd2eee84_1644672046619492775.png using Guid(20706312fb6eadc419f188e597877fa4) (TextureImporter) -> (artifact id: '995131a3976c53b22b035e220d1035c8') in 0.0048414 seconds
Refreshing native plugins compatible for Editor in 0.00 ms, found 0 plugins.
Preloading 0 native plugins for Editor in 0.00 ms.
Asset Pipeline Refresh (id=b1e0bc2edf917a042967d96daf019109): Total: 0.008 seconds - Initiated by StopAssetImportingV2(NoUpdateAssetOptions)
Start importing Assets/AreaBattle/Resources/Recovered/SkillEffects/Textures/CAB-2faa37ae853e82377660d6b79b952637_1226316137901279096.png using Guid(aaaac343876771a49aa27fdfad68ac35) (TextureImporter) -> (artifact id: '88ad4da8725fcb87c839689be005d24e') in 0.0011663 seconds
Refreshing native plugins compatible for Editor in 0.00 ms, found 0 plugins.
Preloading 0 native plugins for Editor in 0.00 ms.
Asset Pipeline Refresh (id=f454a3b008ad56a4cb37f1dafd1ee092): Total: 0.005 seconds - Initiated by StopAssetImportingV2(NoUpdateAssetOptions)
Start importing Assets/AreaBattle/Resources/Recovered/SkillEffects/Textures/CAB-2faa37ae853e82377660d6b79b952637_1226316137901279096.png using Guid(aaaac343876771a49aa27fdfad68ac35) (TextureImporter) -> (artifact id: '88ad4da8725fcb87c839689be005d24e') in 0.0009873 seconds
Refreshing native plugins compatible for Editor in 0.00 ms, found 0 plugins.
Preloading 0 native plugins for Editor in 0.00 ms.
Asset Pipeline Refresh (id=aa6d49f6222b02b4daffb83fd63246a1): Total: 0.004 seconds - Initiated by StopAssetImportingV2(NoUpdateAssetOptions)
Start importing Assets/AreaBattle/Resources/Recovered/SkillEffects/Textures/CAB-bf8d96b97ac68102aadd4854fdae5dda_-3538739943310695319.png using Guid(7ad32d58cae23194a80e72151b249b68) (TextureImporter) -> (artifact id: '13fff611d158717c118ca137216a9d7a') in 0.001589 seconds
Refreshing native plugins compatible for Editor in 0.00 ms, found 0 plugins.
Preloading 0 native plugins for Editor in 0.00 ms.
Asset Pipeline Refresh (id=4efea84b05d5139439dc4d8d7bd80866): Total: 0.005 seconds - Initiated by StopAssetImportingV2(NoUpdateAssetOptions)
Start importing Assets/AreaBattle/Resources/Recovered/SkillEffects/Textures/CAB-bf8d96b97ac68102aadd4854fdae5dda_-3538739943310695319.png using Guid(7ad32d58cae23194a80e72151b249b68) (TextureImporter) -> (artifact id: '13fff611d158717c118ca137216a9d7a') in 0.0014675 seconds
Refreshing native plugins compatible for Editor in 0.00 ms, found 0 plugins.
Preloading 0 native plugins for Editor in 0.00 ms.
Asset Pipeline Refresh (id=6a57b05ab63f455409924194917130cd): Total: 0.005 seconds - Initiated by StopAssetImportingV2(NoUpdateAssetOptions)
Start importing Assets/AreaBattle/Resources/Recovered/SkillEffects/Textures/CAB-59fd37792981917e72457be0595f4d24_7614483493526215732.png using Guid(2e46dc1a142c42941891130204abe8f8) (TextureImporter) -> (artifact id: '1045ff8f71f39c63a540ca03a1cf0f67') in 0.0009892 seconds
Refreshing native plugins compatible for Editor in 0.00 ms, found 0 plugins.
Preloading 0 native plugins for Editor in 0.00 ms.
Asset Pipeline Refresh (id=3fd6419a68e4a7247862e77fed99daab): Total: 0.004 seconds - Initiated by StopAssetImportingV2(NoUpdateAssetOptions)
Start importing Assets/AreaBattle/Resources/Recovered/SkillEffects/Textures/CAB-59fd37792981917e72457be0595f4d24_7614483493526215732.png using Guid(2e46dc1a142c42941891130204abe8f8) (TextureImporter) -> (artifact id: '1045ff8f71f39c63a540ca03a1cf0f67') in 0.000917 seconds
Refreshing native plugins compatible for Editor in 0.00 ms, found 0 plugins.
Preloading 0 native plugins for Editor in 0.00 ms.
Asset Pipeline Refresh (id=aa4fe5320164f8b4994276872a73869a): Total: 0.004 seconds - Initiated by StopAssetImportingV2(NoUpdateAssetOptions)
Start importing Assets/AreaBattle/Resources/Recovered/SkillEffects/Textures/CAB-c8e1032a359271252cdf3fa8d24b6b53_-4833086695790314424.png using Guid(1879cc2d4258b1b41920bda8eeddd507) (TextureImporter) -> (artifact id: '3b8d8e33cb8b8e851a6581688b916162') in 0.0013246 seconds
Refreshing native plugins compatible for Editor in 0.00 ms, found 0 plugins.
Preloading 0 native plugins for Editor in 0.00 ms.
Asset Pipeline Refresh (id=cae56c64f7a58a04da0ffceefccf5025): Total: 0.004 seconds - Initiated by StopAssetImportingV2(NoUpdateAssetOptions)
Start importing Assets/AreaBattle/Resources/Recovered/SkillEffects/Textures/CAB-c8e1032a359271252cdf3fa8d24b6b53_-4833086695790314424.png using Guid(1879cc2d4258b1b41920bda8eeddd507) (TextureImporter) -> (artifact id: '3b8d8e33cb8b8e851a6581688b916162') in 0.0011794 seconds
Refreshing native plugins compatible for Editor in 0.00 ms, found 0 plugins.
Preloading 0 native plugins for Editor in 0.00 ms.
Asset Pipeline Refresh (id=4c2edc0fcc106bb43b684fa6078941d3): Total: 0.004 seconds - Initiated by StopAssetImportingV2(NoUpdateAssetOptions)
Start importing Assets/AreaBattle/Resources/Recovered/SkillEffects/Textures/CAB-7be35bf4e21b6b6a8b11eabf5e3ad8ff_6121558679122772612.png using Guid(c47addde2cfcb2245a8c77b3e9af1b73) (TextureImporter) -> (artifact id: '5d1cd79a705bba483e40a288522e37a5') in 0.0113976 seconds
Refreshing native plugins compatible for Editor in 0.00 ms, found 0 plugins.
Preloading 0 native plugins for Editor in 0.00 ms.
Asset Pipeline Refresh (id=4d5b210bcff1b864495ee9cff7ca32c2): Total: 0.015 seconds - Initiated by StopAssetImportingV2(NoUpdateAssetOptions)
Start importing Assets/AreaBattle/Resources/Recovered/SkillEffects/Textures/CAB-7be35bf4e21b6b6a8b11eabf5e3ad8ff_6121558679122772612.png using Guid(c47addde2cfcb2245a8c77b3e9af1b73) (TextureImporter) -> (artifact id: '5d1cd79a705bba483e40a288522e37a5') in 0.0104956 seconds
Refreshing native plugins compatible for Editor in 0.00 ms, found 0 plugins.
Preloading 0 native plugins for Editor in 0.00 ms.
Asset Pipeline Refresh (id=7e1669f6feb138d4497a43bfd2636f33): Total: 0.014 seconds - Initiated by StopAssetImportingV2(NoUpdateAssetOptions)
Start importing Assets/AreaBattle/Resources/Recovered/SkillEffects/Textures/CAB-016c3be561e4472e1999a8b8c5dc8683_-3296384067696775981.png using Guid(047ff356495a91c4abead45fcf7afb07) (TextureImporter) -> (artifact id: 'b670dab1b9f2880ea852de2d63e58fa8') in 0.0016436 seconds
Refreshing native plugins compatible for Editor in 0.00 ms, found 0 plugins.
Preloading 0 native plugins for Editor in 0.00 ms.
Asset Pipeline Refresh (id=ceeb609073ad0934b8a068baad2ca90f): Total: 0.005 seconds - Initiated by StopAssetImportingV2(NoUpdateAssetOptions)
Start importing Assets/AreaBattle/Resources/Recovered/SkillEffects/Textures/CAB-016c3be561e4472e1999a8b8c5dc8683_-3296384067696775981.png using Guid(047ff356495a91c4abead45fcf7afb07) (TextureImporter) -> (artifact id: 'b670dab1b9f2880ea852de2d63e58fa8') in 0.001413 seconds
Refreshing native plugins compatible for Editor in 0.00 ms, found 0 plugins.
Preloading 0 native plugins for Editor in 0.00 ms.
Asset Pipeline Refresh (id=752188a9979e21d4b90f06dc848699cb): Total: 0.005 seconds - Initiated by StopAssetImportingV2(NoUpdateAssetOptions)
Start importing Assets/AreaBattle/Resources/Recovered/SkillEffects/Textures/CAB-e15ad3b5991826e5709587873ac43b62_-7217813695574373007.png using Guid(f4d47a0c0cba8244ba483a3a9008f13e) (TextureImporter) -> (artifact id: 'deea992de482d6deacf7b55d1cc5b763') in 0.0013036 seconds
Refreshing native plugins compatible for Editor in 0.00 ms, found 0 plugins.
Preloading 0 native plugins for Editor in 0.00 ms.
Asset Pipeline Refresh (id=f218db4897df3d74dbd2a3a86849ac42): Total: 0.005 seconds - Initiated by StopAssetImportingV2(NoUpdateAssetOptions)
Start importing Assets/AreaBattle/Resources/Recovered/SkillEffects/Textures/CAB-e15ad3b5991826e5709587873ac43b62_-7217813695574373007.png using Guid(f4d47a0c0cba8244ba483a3a9008f13e) (TextureImporter) -> (artifact id: 'deea992de482d6deacf7b55d1cc5b763') in 0.001093 seconds
Refreshing native plugins compatible for Editor in 0.00 ms, found 0 plugins.
Preloading 0 native plugins for Editor in 0.00 ms.
Asset Pipeline Refresh (id=b8e8b53b8139e44468fb94cae9523c30): Total: 0.004 seconds - Initiated by StopAssetImportingV2(NoUpdateAssetOptions)
Start importing Assets/AreaBattle/Resources/Recovered/SkillEffects/Textures/CAB-07754d84593772d98b55fbce61ba3004_-8982601299169955284.png using Guid(44fb5030f222876478ca2f561b1e45b7) (TextureImporter) -> (artifact id: '7fd593e9231d73c64ae1f1823519aa97') in 0.0017283 seconds
Refreshing native plugins compatible for Editor in 0.00 ms, found 0 plugins.
Preloading 0 native plugins for Editor in 0.00 ms.
Asset Pipeline Refresh (id=2333cb5bc2e8c54448f3417e967e21c7): Total: 0.005 seconds - Initiated by StopAssetImportingV2(NoUpdateAssetOptions)
Start importing Assets/AreaBattle/Resources/Recovered/SkillEffects/Textures/CAB-07754d84593772d98b55fbce61ba3004_-8982601299169955284.png using Guid(44fb5030f222876478ca2f561b1e45b7) (TextureImporter) -> (artifact id: '7fd593e9231d73c64ae1f1823519aa97') in 0.0014702 seconds
Refreshing native plugins compatible for Editor in 0.00 ms, found 0 plugins.
Preloading 0 native plugins for Editor in 0.00 ms.
Asset Pipeline Refresh (id=3b0da81f64a6ca84586db02f7b2fb0d1): Total: 0.005 seconds - Initiated by StopAssetImportingV2(NoUpdateAssetOptions)
Start importing Assets/AreaBattle/Resources/Recovered/SkillEffects/Textures/CAB-c13252c00d4ac6ba21bc9f85dde30df0_2139294091549796809.png using Guid(4d59ec61fbc3fc2458dae82f44d58a74) (TextureImporter) -> (artifact id: 'abc3d80981b6280045a9b809a14b364c') in 0.0011316 seconds
Refreshing native plugins compatible for Editor in 0.00 ms, found 0 plugins.
Preloading 0 native plugins for Editor in 0.00 ms.
Asset Pipeline Refresh (id=32fe6630bb4d2e9498d6e74b55479f80): Total: 0.004 seconds - Initiated by StopAssetImportingV2(NoUpdateAssetOptions)
Start importing Assets/AreaBattle/Resources/Recovered/SkillEffects/Textures/CAB-c13252c00d4ac6ba21bc9f85dde30df0_2139294091549796809.png using Guid(4d59ec61fbc3fc2458dae82f44d58a74) (TextureImporter) -> (artifact id: 'abc3d80981b6280045a9b809a14b364c') in 0.0009781 seconds
Refreshing native plugins compatible for Editor in 0.00 ms, found 0 plugins.
Preloading 0 native plugins for Editor in 0.00 ms.
Asset Pipeline Refresh (id=7ececafc16d4726498c2a36a835ac1b2): Total: 0.004 seconds - Initiated by StopAssetImportingV2(NoUpdateAssetOptions)
Start importing Assets/AreaBattle/Resources/Recovered/SkillEffects/Textures/CAB-4766eb73b2ccaaa051d76e087c17db35_-8855441629971742811.png using Guid(056891708ecedd0429fb34e202b6c109) (TextureImporter) -> (artifact id: 'be0c506510c806947ecf7a6f1f00afaf') in 0.0019688 seconds
Refreshing native plugins compatible for Editor in 0.00 ms, found 0 plugins.
Preloading 0 native plugins for Editor in 0.00 ms.
Asset Pipeline Refresh (id=fb78c30ba8c974e4dbfc3af6cc5bcfb1): Total: 0.005 seconds - Initiated by StopAssetImportingV2(NoUpdateAssetOptions)
Start importing Assets/AreaBattle/Resources/Recovered/SkillEffects/Textures/CAB-4766eb73b2ccaaa051d76e087c17db35_-8855441629971742811.png using Guid(056891708ecedd0429fb34e202b6c109) (TextureImporter) -> (artifact id: 'be0c506510c806947ecf7a6f1f00afaf') in 0.0017162 seconds
Refreshing native plugins compatible for Editor in 0.00 ms, found 0 plugins.
Preloading 0 native plugins for Editor in 0.00 ms.
Asset Pipeline Refresh (id=74f10448a9e39874f834398abeeaf9b3): Total: 0.006 seconds - Initiated by StopAssetImportingV2(NoUpdateAssetOptions)
Start importing Assets/AreaBattle/Resources/Recovered/SkillEffects/Textures/CAB-42d0966cbdeab53535fe2e559a2874b3_-5549908838071250518.png using Guid(259231d48696ee84bb3a22666cac005a) (TextureImporter) -> (artifact id: 'dcbf1d24a598951f688cbe6306d9e702') in 0.001188 seconds
Refreshing native plugins compatible for Editor in 0.00 ms, found 0 plugins.
Preloading 0 native plugins for Editor in 0.00 ms.
Asset Pipeline Refresh (id=a805afaf9c0fcc44b8f11e4c43b3739a): Total: 0.004 seconds - Initiated by StopAssetImportingV2(NoUpdateAssetOptions)
Start importing Assets/AreaBattle/Resources/Recovered/SkillEffects/Textures/CAB-42d0966cbdeab53535fe2e559a2874b3_-5549908838071250518.png using Guid(259231d48696ee84bb3a22666cac005a) (TextureImporter) -> (artifact id: 'dcbf1d24a598951f688cbe6306d9e702') in 0.0009985 seconds
Refreshing native plugins compatible for Editor in 0.00 ms, found 0 plugins.
Preloading 0 native plugins for Editor in 0.00 ms.
Asset Pipeline Refresh (id=600ec39702b7f4d46995bf3893538d0c): Total: 0.004 seconds - Initiated by StopAssetImportingV2(NoUpdateAssetOptions)
Start importing Assets/AreaBattle/Resources/Recovered/SkillEffects/Textures/CAB-9e19f923d5b47330ee48c67bad2e0c41_8428535946586892489.png using Guid(2e5b4793396877c44bb4c73f2da0c59d) (TextureImporter) -> (artifact id: '8997110eb24c67821657b9d3c590c972') in 0.001948 seconds
Refreshing native plugins compatible for Editor in 0.00 ms, found 0 plugins.
Preloading 0 native plugins for Editor in 0.00 ms.
Asset Pipeline Refresh (id=3726961108c6816428caf08217fd7404): Total: 0.005 seconds - Initiated by StopAssetImportingV2(NoUpdateAssetOptions)
Start importing Assets/AreaBattle/Resources/Recovered/SkillEffects/Textures/CAB-9e19f923d5b47330ee48c67bad2e0c41_8428535946586892489.png using Guid(2e5b4793396877c44bb4c73f2da0c59d) (TextureImporter) -> (artifact id: '8997110eb24c67821657b9d3c590c972') in 0.0019698 seconds
Refreshing native plugins compatible for Editor in 0.00 ms, found 0 plugins.
Preloading 0 native plugins for Editor in 0.00 ms.
Asset Pipeline Refresh (id=0606538ada5874549b62b5d3627bf4d8): Total: 0.006 seconds - Initiated by StopAssetImportingV2(NoUpdateAssetOptions)
Start importing Assets/AreaBattle/Resources/Recovered/SkillEffects/Textures/CAB-7148c156bedbd47bdde70c96fd5a6f55_612337334831741603.png using Guid(c7c0ce7799ebfd1439ddef17ac16597d) (TextureImporter) -> (artifact id: '7692495999d32ce49a7aee2298d744b5') in 0.001856 seconds
Refreshing native plugins compatible for Editor in 0.00 ms, found 0 plugins.
Preloading 0 native plugins for Editor in 0.00 ms.
Asset Pipeline Refresh (id=20ea6495ff112dd4eb1f69a25bebb570): Total: 0.005 seconds - Initiated by StopAssetImportingV2(NoUpdateAssetOptions)
Start importing Assets/AreaBattle/Resources/Recovered/SkillEffects/Textures/CAB-7148c156bedbd47bdde70c96fd5a6f55_612337334831741603.png using Guid(c7c0ce7799ebfd1439ddef17ac16597d) (TextureImporter) -> (artifact id: '7692495999d32ce49a7aee2298d744b5') in 0.0020034 seconds
Refreshing native plugins compatible for Editor in 0.00 ms, found 0 plugins.
Preloading 0 native plugins for Editor in 0.00 ms.
Asset Pipeline Refresh (id=f9bcfe9152eabc242b6f6a3e533e378a): Total: 0.005 seconds - Initiated by StopAssetImportingV2(NoUpdateAssetOptions)
Start importing Assets/AreaBattle/Resources/Recovered/SkillEffects/Textures/CAB-ff765d4d4b941a898f46e0ea53d5ccb7_-130439175132656660.png using Guid(1e19654ff757a4d43bbbb3c37e4bd1df) (TextureImporter) -> (artifact id: 'b3b0c4f79a072044c7e49d7d19bec493') in 0.001781 seconds
Refreshing native plugins compatible for Editor in 0.00 ms, found 0 plugins.
Preloading 0 native plugins for Editor in 0.00 ms.
Asset Pipeline Refresh (id=c963d52e97b5361418de0b3858ba3bd6): Total: 0.005 seconds - Initiated by StopAssetImportingV2(NoUpdateAssetOptions)
Start importing Assets/AreaBattle/Resources/Recovered/SkillEffects/Textures/CAB-ff765d4d4b941a898f46e0ea53d5ccb7_-130439175132656660.png using Guid(1e19654ff757a4d43bbbb3c37e4bd1df) (TextureImporter) -> (artifact id: 'b3b0c4f79a072044c7e49d7d19bec493') in 0.0015622 seconds
Refreshing native plugins compatible for Editor in 0.00 ms, found 0 plugins.
Preloading 0 native plugins for Editor in 0.00 ms.
Asset Pipeline Refresh (id=7d234553e12a61f489d4108aa8f1af6d): Total: 0.005 seconds - Initiated by StopAssetImportingV2(NoUpdateAssetOptions)
Start importing Assets/AreaBattle/Resources/Recovered/SkillEffects/Textures/CAB-45593fc957d8a2e610d5a816079e1160_-8114854945801987098.png using Guid(48255c92df9620d47a6229ee2caa3388) (TextureImporter) -> (artifact id: 'e6acba91faaddfa53efd948ef9b240dc') in 0.0016758 seconds
Refreshing native plugins compatible for Editor in 0.00 ms, found 0 plugins.
Preloading 0 native plugins for Editor in 0.00 ms.
Asset Pipeline Refresh (id=2a9aeb74b65762a41be646019a4898ac): Total: 0.005 seconds - Initiated by StopAssetImportingV2(NoUpdateAssetOptions)
Start importing Assets/AreaBattle/Resources/Recovered/SkillEffects/Textures/CAB-45593fc957d8a2e610d5a816079e1160_-8114854945801987098.png using Guid(48255c92df9620d47a6229ee2caa3388) (TextureImporter) -> (artifact id: 'e6acba91faaddfa53efd948ef9b240dc') in 0.0014511 seconds
Refreshing native plugins compatible for Editor in 0.00 ms, found 0 plugins.
Preloading 0 native plugins for Editor in 0.00 ms.
Asset Pipeline Refresh (id=e484fc8c86962884d8b7a7c457526d09): Total: 0.005 seconds - Initiated by StopAssetImportingV2(NoUpdateAssetOptions)
Start importing Assets/AreaBattle/Resources/Recovered/SkillEffects/Textures/CAB-e4fd8cc5ba774845eac121e87f9737ae_-2031909106259887086.png using Guid(d61ecf06cdb434e43b043a60f0cdfd82) (TextureImporter) -> (artifact id: '8d8fb6fdd815f1d474b16577b236a983') in 0.0010031 seconds
Refreshing native plugins compatible for Editor in 0.00 ms, found 0 plugins.
Preloading 0 native plugins for Editor in 0.00 ms.
Asset Pipeline Refresh (id=c738b5be66952354a95fd3e9e03f6c64): Total: 0.004 seconds - Initiated by StopAssetImportingV2(NoUpdateAssetOptions)
Start importing Assets/AreaBattle/Resources/Recovered/SkillEffects/Textures/CAB-e4fd8cc5ba774845eac121e87f9737ae_-2031909106259887086.png using Guid(d61ecf06cdb434e43b043a60f0cdfd82) (TextureImporter) -> (artifact id: '8d8fb6fdd815f1d474b16577b236a983') in 0.0010292 seconds
Refreshing native plugins compatible for Editor in 0.00 ms, found 0 plugins.
Preloading 0 native plugins for Editor in 0.00 ms.
Asset Pipeline Refresh (id=41ac1cafa9adca448962489740ee13fc): Total: 0.004 seconds - Initiated by StopAssetImportingV2(NoUpdateAssetOptions)
Start importing Assets/AreaBattle/Resources/Recovered/SkillEffects/Textures/CAB-c84c4e6df20b7a5a5eb753852ad47df2_2145997961281177843.png using Guid(ec57aa4a7eb412649814c9c47753bc42) (TextureImporter) -> (artifact id: '46999b62f98aab8527544645ef28da7d') in 0.0010568 seconds
Refreshing native plugins compatible for Editor in 0.00 ms, found 0 plugins.
Preloading 0 native plugins for Editor in 0.00 ms.
Asset Pipeline Refresh (id=5b26078853ed94f48b9b82592d3bba15): Total: 0.004 seconds - Initiated by StopAssetImportingV2(NoUpdateAssetOptions)
Start importing Assets/AreaBattle/Resources/Recovered/SkillEffects/Textures/CAB-c84c4e6df20b7a5a5eb753852ad47df2_2145997961281177843.png using Guid(ec57aa4a7eb412649814c9c47753bc42) (TextureImporter) -> (artifact id: '46999b62f98aab8527544645ef28da7d') in 0.0009852 seconds
Refreshing native plugins compatible for Editor in 0.00 ms, found 0 plugins.
Preloading 0 native plugins for Editor in 0.00 ms.
Asset Pipeline Refresh (id=cb5e36e41b778ce41abf8f3c9171cc16): Total: 0.004 seconds - Initiated by StopAssetImportingV2(NoUpdateAssetOptions)
Start importing Assets/AreaBattle/Resources/Recovered/SkillEffects/Textures/CAB-b0ef94549d96a295bba30e9c060cb13d_6911199577524066114.png using Guid(e979595a8125faa4b83f9497dd1526f8) (TextureImporter) -> (artifact id: '5dff1c02a674e4fea5a57862cb933a8e') in 0.0039538 seconds
Refreshing native plugins compatible for Editor in 0.00 ms, found 0 plugins.
Preloading 0 native plugins for Editor in 0.00 ms.
Asset Pipeline Refresh (id=3bfeb1451f66a674b985e8bca8c8b5b7): Total: 0.007 seconds - Initiated by StopAssetImportingV2(NoUpdateAssetOptions)
Start importing Assets/AreaBattle/Resources/Recovered/SkillEffects/Textures/CAB-b0ef94549d96a295bba30e9c060cb13d_6911199577524066114.png using Guid(e979595a8125faa4b83f9497dd1526f8) (TextureImporter) -> (artifact id: '5dff1c02a674e4fea5a57862cb933a8e') in 0.0033316 seconds
Refreshing native plugins compatible for Editor in 0.00 ms, found 0 plugins.
Preloading 0 native plugins for Editor in 0.00 ms.
Asset Pipeline Refresh (id=11fcc1cd7c7a99840875c2bdbfb40cbe): Total: 0.007 seconds - Initiated by StopAssetImportingV2(NoUpdateAssetOptions)
Start importing Assets/AreaBattle/Resources/Recovered/SkillEffects/Textures/CAB-e27e908775ba27b93f81fa920a5c2f40_2615459162571739573.png using Guid(cdc192f43102f414ab6d502d6f497b10) (TextureImporter) -> (artifact id: 'eb3d5a1af4441c3da9c2ddcfe2e6568e') in 0.0015461 seconds
Refreshing native plugins compatible for Editor in 0.00 ms, found 0 plugins.
Preloading 0 native plugins for Editor in 0.00 ms.
Asset Pipeline Refresh (id=e3c5d568c82cf1140b33b964f55c7bfe): Total: 0.005 seconds - Initiated by StopAssetImportingV2(NoUpdateAssetOptions)
Start importing Assets/AreaBattle/Resources/Recovered/SkillEffects/Textures/CAB-e27e908775ba27b93f81fa920a5c2f40_2615459162571739573.png using Guid(cdc192f43102f414ab6d502d6f497b10) (TextureImporter) -> (artifact id: 'eb3d5a1af4441c3da9c2ddcfe2e6568e') in 0.0013027 seconds
Refreshing native plugins compatible for Editor in 0.00 ms, found 0 plugins.
Preloading 0 native plugins for Editor in 0.00 ms.
Asset Pipeline Refresh (id=fda4f3ebf7247fa448ce500d377562c3): Total: 0.005 seconds - Initiated by StopAssetImportingV2(NoUpdateAssetOptions)
Start importing Assets/AreaBattle/Resources/Recovered/SkillEffects/Textures/CAB-0d15d7548ace31088114193ba360fd0b_3803076464786492488.png using Guid(afb04d1ae017e6147929d44542864bfa) (TextureImporter) -> (artifact id: '41a3c29bd389cd59dac908efed32a4d1') in 0.0021321 seconds
Refreshing native plugins compatible for Editor in 0.00 ms, found 0 plugins.
Preloading 0 native plugins for Editor in 0.00 ms.
Asset Pipeline Refresh (id=761303a8a7b50f442b7485c4ad18018d): Total: 0.005 seconds - Initiated by StopAssetImportingV2(NoUpdateAssetOptions)
Start importing Assets/AreaBattle/Resources/Recovered/SkillEffects/Textures/CAB-0d15d7548ace31088114193ba360fd0b_3803076464786492488.png using Guid(afb04d1ae017e6147929d44542864bfa) (TextureImporter) -> (artifact id: '41a3c29bd389cd59dac908efed32a4d1') in 0.0018707 seconds
Refreshing native plugins compatible for Editor in 0.00 ms, found 0 plugins.
Preloading 0 native plugins for Editor in 0.00 ms.
Asset Pipeline Refresh (id=91a209b5434353049adb62ceaea035f1): Total: 0.005 seconds - Initiated by StopAssetImportingV2(NoUpdateAssetOptions)
Start importing Assets/AreaBattle/Resources/Recovered/SkillEffects/Textures/CAB-8d4cc0be9abed08298a5df151e818281_-7592219547857527515.png using Guid(c5d142db2277ac54e9456227a27de0d3) (TextureImporter) -> (artifact id: '038947c8a0d17ee4a147f5144bd84760') in 0.0018204 seconds
Refreshing native plugins compatible for Editor in 0.00 ms, found 0 plugins.
Preloading 0 native plugins for Editor in 0.00 ms.
Asset Pipeline Refresh (id=662b792fc6521a64fa365dc4de8eae38): Total: 0.005 seconds - Initiated by StopAssetImportingV2(NoUpdateAssetOptions)
Start importing Assets/AreaBattle/Resources/Recovered/SkillEffects/Textures/CAB-8d4cc0be9abed08298a5df151e818281_-7592219547857527515.png using Guid(c5d142db2277ac54e9456227a27de0d3) (TextureImporter) -> (artifact id: '038947c8a0d17ee4a147f5144bd84760') in 0.0014885 seconds
Refreshing native plugins compatible for Editor in 0.00 ms, found 0 plugins.
Preloading 0 native plugins for Editor in 0.00 ms.
Asset Pipeline Refresh (id=4f799490436d8db49a4a01a592e34f20): Total: 0.005 seconds - Initiated by StopAssetImportingV2(NoUpdateAssetOptions)
Start importing Assets/AreaBattle/Resources/Recovered/SkillEffects/Textures/CAB-edfedbb78121499fe27f0237398aee82_-2500190748224407955.png using Guid(1771ad1691df14445ba665c2a05812b1) (TextureImporter) -> (artifact id: '5b3063e1c27070ac5ec6d7fbbbb32090') in 0.0018488 seconds
Refreshing native plugins compatible for Editor in 0.00 ms, found 0 plugins.
Preloading 0 native plugins for Editor in 0.00 ms.
Asset Pipeline Refresh (id=a57029f6b9cd19e439a330c0ce54c276): Total: 0.005 seconds - Initiated by StopAssetImportingV2(NoUpdateAssetOptions)
Start importing Assets/AreaBattle/Resources/Recovered/SkillEffects/Textures/CAB-edfedbb78121499fe27f0237398aee82_-2500190748224407955.png using Guid(1771ad1691df14445ba665c2a05812b1) (TextureImporter) -> (artifact id: '5b3063e1c27070ac5ec6d7fbbbb32090') in 0.0016332 seconds
Refreshing native plugins compatible for Editor in 0.00 ms, found 0 plugins.
Preloading 0 native plugins for Editor in 0.00 ms.
Asset Pipeline Refresh (id=5375fbd72e6da4940afe634fd282e0c9): Total: 0.005 seconds - Initiated by StopAssetImportingV2(NoUpdateAssetOptions)
Start importing Assets/AreaBattle/Resources/Recovered/SkillEffects/Textures/CAB-e20781389ece2cd8e5c820f6601ada35_-416269874804342603.png using Guid(a405379334c4e614d80bae2b9d0b9a0f) (TextureImporter) -> (artifact id: 'bfa02ea438a9e59401722c20a2d43f07') in 0.0017056 seconds
Refreshing native plugins compatible for Editor in 0.00 ms, found 0 plugins.
Preloading 0 native plugins for Editor in 0.00 ms.
Asset Pipeline Refresh (id=a04a78f233b4fe64c9040b33b3b8ee83): Total: 0.005 seconds - Initiated by StopAssetImportingV2(NoUpdateAssetOptions)
Start importing Assets/AreaBattle/Resources/Recovered/SkillEffects/Textures/CAB-e20781389ece2cd8e5c820f6601ada35_-416269874804342603.png using Guid(a405379334c4e614d80bae2b9d0b9a0f) (TextureImporter) -> (artifact id: 'bfa02ea438a9e59401722c20a2d43f07') in 0.001565 seconds
Refreshing native plugins compatible for Editor in 0.00 ms, found 0 plugins.
Preloading 0 native plugins for Editor in 0.00 ms.
Asset Pipeline Refresh (id=935acb83187ba0b40a745e64b3fb1ae9): Total: 0.005 seconds - Initiated by StopAssetImportingV2(NoUpdateAssetOptions)
Start importing Assets/AreaBattle/Resources/Recovered/SkillEffects/Textures/CAB-b982200a4b2b1ed0d17d39ae350e4de8_5917812850897142134.png using Guid(601bec7d9b588cf42922f06b0b61d5e5) (TextureImporter) -> (artifact id: '2a6debf734b1daa9b0113b92e0e72b08') in 0.0010357 seconds
Refreshing native plugins compatible for Editor in 0.00 ms, found 0 plugins.
Preloading 0 native plugins for Editor in 0.00 ms.
Asset Pipeline Refresh (id=95e08d32828aacb4f918e582a7bdf380): Total: 0.004 seconds - Initiated by StopAssetImportingV2(NoUpdateAssetOptions)
Start importing Assets/AreaBattle/Resources/Recovered/SkillEffects/Textures/CAB-b982200a4b2b1ed0d17d39ae350e4de8_5917812850897142134.png using Guid(601bec7d9b588cf42922f06b0b61d5e5) (TextureImporter) -> (artifact id: '2a6debf734b1daa9b0113b92e0e72b08') in 0.0009193 seconds
Refreshing native plugins compatible for Editor in 0.00 ms, found 0 plugins.
Preloading 0 native plugins for Editor in 0.00 ms.
Asset Pipeline Refresh (id=bf05aebd1b5136d44bc08a549aa17427): Total: 0.004 seconds - Initiated by StopAssetImportingV2(NoUpdateAssetOptions)
Start importing Assets/AreaBattle/Resources/Recovered/SkillEffects/Textures/CAB-299304f329372f40e23af80e7aa1d96c_1983247910162853949.png using Guid(596620893922d144fbdc46bb0c6602c9) (TextureImporter) -> (artifact id: 'ebfa5824dff6f9062982b2e08ddbfc29') in 0.0011342 seconds
Refreshing native plugins compatible for Editor in 0.00 ms, found 0 plugins.
Preloading 0 native plugins for Editor in 0.00 ms.
Asset Pipeline Refresh (id=d79f1d1d6eeef154db0efba3bf32457e): Total: 0.004 seconds - Initiated by StopAssetImportingV2(NoUpdateAssetOptions)
Start importing Assets/AreaBattle/Resources/Recovered/SkillEffects/Textures/CAB-299304f329372f40e23af80e7aa1d96c_1983247910162853949.png using Guid(596620893922d144fbdc46bb0c6602c9) (TextureImporter) -> (artifact id: 'ebfa5824dff6f9062982b2e08ddbfc29') in 0.0010813 seconds
Refreshing native plugins compatible for Editor in 0.00 ms, found 0 plugins.
Preloading 0 native plugins for Editor in 0.00 ms.
Asset Pipeline Refresh (id=de2113a92887d5e479b709ac16d89ac0): Total: 0.004 seconds - Initiated by StopAssetImportingV2(NoUpdateAssetOptions)
Start importing Assets/AreaBattle/Resources/Recovered/SkillEffects/Textures/CAB-cc2db3d58af50c710d65ec3a8f79cb31_4988150354445090395.png using Guid(1f6af198981c52744bbfe29978919179) (TextureImporter) -> (artifact id: '7883e7b3dac9698dbcf91b478d936d31') in 0.0010258 seconds
Refreshing native plugins compatible for Editor in 0.00 ms, found 0 plugins.
Preloading 0 native plugins for Editor in 0.00 ms.
Asset Pipeline Refresh (id=d17edb26c96508343906f24f7f3859a2): Total: 0.004 seconds - Initiated by StopAssetImportingV2(NoUpdateAssetOptions)
Start importing Assets/AreaBattle/Resources/Recovered/SkillEffects/Textures/CAB-cc2db3d58af50c710d65ec3a8f79cb31_4988150354445090395.png using Guid(1f6af198981c52744bbfe29978919179) (TextureImporter) -> (artifact id: '7883e7b3dac9698dbcf91b478d936d31') in 0.0009149 seconds
Refreshing native plugins compatible for Editor in 0.00 ms, found 0 plugins.
Preloading 0 native plugins for Editor in 0.00 ms.
Asset Pipeline Refresh (id=1d3cbee15d4552e4eb2bac32c1ec6d03): Total: 0.004 seconds - Initiated by StopAssetImportingV2(NoUpdateAssetOptions)
Start importing Assets/AreaBattle/Resources/Recovered/SkillEffects/Textures/CAB-20fa215154b92b0a4f5440b34d55b0f2_7570184553006355828.png using Guid(5c44bb3a24ac7f144a1911f8a978664c) (TextureImporter) -> (artifact id: 'ad2f45ea22ecc2237894ecd5a6d06bc4') in 0.0014693 seconds
Refreshing native plugins compatible for Editor in 0.00 ms, found 0 plugins.
Preloading 0 native plugins for Editor in 0.00 ms.
Asset Pipeline Refresh (id=932783369181c454d87c84d6fcf22594): Total: 0.004 seconds - Initiated by StopAssetImportingV2(NoUpdateAssetOptions)
Start importing Assets/AreaBattle/Resources/Recovered/SkillEffects/Textures/CAB-20fa215154b92b0a4f5440b34d55b0f2_7570184553006355828.png using Guid(5c44bb3a24ac7f144a1911f8a978664c) (TextureImporter) -> (artifact id: 'ad2f45ea22ecc2237894ecd5a6d06bc4') in 0.001239 seconds
Refreshing native plugins compatible for Editor in 0.00 ms, found 0 plugins.
Preloading 0 native plugins for Editor in 0.00 ms.
Asset Pipeline Refresh (id=75581b70b6606dc40abc1a669ccdae3c): Total: 0.004 seconds - Initiated by StopAssetImportingV2(NoUpdateAssetOptions)
Start importing Assets/AreaBattle/Resources/Recovered/SkillEffects/Textures/CAB-76ff886e96cf5f8500fc2fcc328aab41_-7675608005341139187.png using Guid(abab9209fbd934e479e6c7d803ebeef8) (TextureImporter) -> (artifact id: 'b5e1400f98ee0aa1a6594ac3585ced9d') in 0.0015054 seconds
Refreshing native plugins compatible for Editor in 0.00 ms, found 0 plugins.
Preloading 0 native plugins for Editor in 0.00 ms.
Asset Pipeline Refresh (id=7ca25dabe4046a747894756a65873a21): Total: 0.005 seconds - Initiated by StopAssetImportingV2(NoUpdateAssetOptions)
Start importing Assets/AreaBattle/Resources/Recovered/SkillEffects/Textures/CAB-76ff886e96cf5f8500fc2fcc328aab41_-7675608005341139187.png using Guid(abab9209fbd934e479e6c7d803ebeef8) (TextureImporter) -> (artifact id: 'b5e1400f98ee0aa1a6594ac3585ced9d') in 0.0012151 seconds
Refreshing native plugins compatible for Editor in 0.00 ms, found 0 plugins.
Preloading 0 native plugins for Editor in 0.00 ms.
Asset Pipeline Refresh (id=84fff978a7da3bd47af435ee2ea64865): Total: 0.004 seconds - Initiated by StopAssetImportingV2(NoUpdateAssetOptions)
Start importing Assets/AreaBattle/Resources/Recovered/SkillEffects/Textures/CAB-368db1a01f1953f4fe8606c8453f1438_8637797332611467279.png using Guid(8e5ac22a779b0e2489d601acc75243ff) (TextureImporter) -> (artifact id: '7b01768498936b9c61883392b491f3cb') in 0.0011189 seconds
Refreshing native plugins compatible for Editor in 0.00 ms, found 0 plugins.
Preloading 0 native plugins for Editor in 0.00 ms.
Asset Pipeline Refresh (id=f8d7141a68285214bb9d0cc8a7e51e77): Total: 0.004 seconds - Initiated by StopAssetImportingV2(NoUpdateAssetOptions)
Start importing Assets/AreaBattle/Resources/Recovered/SkillEffects/Textures/CAB-368db1a01f1953f4fe8606c8453f1438_8637797332611467279.png using Guid(8e5ac22a779b0e2489d601acc75243ff) (TextureImporter) -> (artifact id: '7b01768498936b9c61883392b491f3cb') in 0.0010562 seconds
Refreshing native plugins compatible for Editor in 0.00 ms, found 0 plugins.
Preloading 0 native plugins for Editor in 0.00 ms.
Asset Pipeline Refresh (id=7bebebfe784c46b40b346cf5bd55a751): Total: 0.004 seconds - Initiated by StopAssetImportingV2(NoUpdateAssetOptions)
Start importing Assets/AreaBattle/Resources/Recovered/SkillEffects/Textures/CAB-1ffe51f133e9ad66b2fda5a2827e1623_-199811202509341741.png using Guid(97dfc5f4ea7489049a81dcb13063958c) (TextureImporter) -> (artifact id: 'f0a40b5e1300c4726d44f745761a6d2c') in 0.0014987 seconds
Refreshing native plugins compatible for Editor in 0.00 ms, found 0 plugins.
Preloading 0 native plugins for Editor in 0.00 ms.
Asset Pipeline Refresh (id=efee7a5c2d8e6c84492aee5ad008e298): Total: 0.004 seconds - Initiated by StopAssetImportingV2(NoUpdateAssetOptions)
Start importing Assets/AreaBattle/Resources/Recovered/SkillEffects/Textures/CAB-1ffe51f133e9ad66b2fda5a2827e1623_-199811202509341741.png using Guid(97dfc5f4ea7489049a81dcb13063958c) (TextureImporter) -> (artifact id: 'f0a40b5e1300c4726d44f745761a6d2c') in 0.0013444 seconds
Refreshing native plugins compatible for Editor in 0.00 ms, found 0 plugins.
Preloading 0 native plugins for Editor in 0.00 ms.
Asset Pipeline Refresh (id=64f62ba529a4a4e4a9cf1ecf19a689dd): Total: 0.004 seconds - Initiated by StopAssetImportingV2(NoUpdateAssetOptions)
Start importing Assets/AreaBattle/Resources/Recovered/SkillEffects/Textures/CAB-d52aadd7b4e6677486452e42d7980c91_-4842469538111603987.png using Guid(2785977d34b6c6f45b193ce44d9e5542) (TextureImporter) -> (artifact id: 'f482a1581ff6afc5dd2dec93df37f60b') in 0.001158 seconds
Refreshing native plugins compatible for Editor in 0.00 ms, found 0 plugins.
Preloading 0 native plugins for Editor in 0.00 ms.
Asset Pipeline Refresh (id=0e90214079984fe4d88acd0169333a03): Total: 0.004 seconds - Initiated by StopAssetImportingV2(NoUpdateAssetOptions)
Start importing Assets/AreaBattle/Resources/Recovered/SkillEffects/Textures/CAB-d52aadd7b4e6677486452e42d7980c91_-4842469538111603987.png using Guid(2785977d34b6c6f45b193ce44d9e5542) (TextureImporter) -> (artifact id: 'f482a1581ff6afc5dd2dec93df37f60b') in 0.0009909 seconds
Refreshing native plugins compatible for Editor in 0.00 ms, found 0 plugins.
Preloading 0 native plugins for Editor in 0.00 ms.
Asset Pipeline Refresh (id=1e59b37c037a5f640a76a6affaa25509): Total: 0.004 seconds - Initiated by StopAssetImportingV2(NoUpdateAssetOptions)
Start importing Assets/AreaBattle/Resources/Recovered/SkillEffects/Textures/CAB-68a3634b9a99c5a2a10a36b772e4e945_6724393888686207084.png using Guid(ecc843e80ddf8c448a53bc5f760e5dc5) (TextureImporter) -> (artifact id: '35d58e96d01fdec6f381746167e29dc3') in 0.0016716 seconds
Refreshing native plugins compatible for Editor in 0.00 ms, found 0 plugins.
Preloading 0 native plugins for Editor in 0.00 ms.
Asset Pipeline Refresh (id=d172badffa0d41840917ed315d86ec91): Total: 0.005 seconds - Initiated by StopAssetImportingV2(NoUpdateAssetOptions)
Start importing Assets/AreaBattle/Resources/Recovered/SkillEffects/Textures/CAB-68a3634b9a99c5a2a10a36b772e4e945_6724393888686207084.png using Guid(ecc843e80ddf8c448a53bc5f760e5dc5) (TextureImporter) -> (artifact id: '35d58e96d01fdec6f381746167e29dc3') in 0.0015042 seconds
Refreshing native plugins compatible for Editor in 0.00 ms, found 0 plugins.
Preloading 0 native plugins for Editor in 0.00 ms.
Asset Pipeline Refresh (id=a6be071ac34e620478d39b8f5808b7a6): Total: 0.005 seconds - Initiated by StopAssetImportingV2(NoUpdateAssetOptions)
Start importing Assets/AreaBattle/Resources/Recovered/SkillEffects/Textures/CAB-454856ac2438b6c9db3caafc83366162_-4721902482179589267.png using Guid(76077645b50beaf4ab0dba94b311561d) (TextureImporter) -> (artifact id: '27bd446bb93345804b797f5fa58fec8e') in 0.0014506 seconds
Refreshing native plugins compatible for Editor in 0.00 ms, found 0 plugins.
Preloading 0 native plugins for Editor in 0.00 ms.
Asset Pipeline Refresh (id=1a928966fd3e0d94b95e76ae68515220): Total: 0.005 seconds - Initiated by StopAssetImportingV2(NoUpdateAssetOptions)
Start importing Assets/AreaBattle/Resources/Recovered/SkillEffects/Textures/CAB-454856ac2438b6c9db3caafc83366162_-4721902482179589267.png using Guid(76077645b50beaf4ab0dba94b311561d) (TextureImporter) -> (artifact id: '27bd446bb93345804b797f5fa58fec8e') in 0.0017238 seconds
Refreshing native plugins compatible for Editor in 0.00 ms, found 0 plugins.
Preloading 0 native plugins for Editor in 0.00 ms.
Asset Pipeline Refresh (id=370e3cdd19fd1994980314c818c9f1bf): Total: 0.005 seconds - Initiated by StopAssetImportingV2(NoUpdateAssetOptions)
Start importing Assets/AreaBattle/Resources/Recovered/SkillEffects/Textures/CAB-5a2ac7d47c18d9f573913e62f373aa9a_5579114933804372300.png using Guid(825130fcd2495ba4786f1ee86a05cd80) (TextureImporter) -> (artifact id: '559cd73d4ce02f1effb3f2691c4a9e79') in 0.0008897 seconds
Refreshing native plugins compatible for Editor in 0.00 ms, found 0 plugins.
Preloading 0 native plugins for Editor in 0.00 ms.
Asset Pipeline Refresh (id=707d1a06b88454d45aacba2dea8500ce): Total: 0.004 seconds - Initiated by StopAssetImportingV2(NoUpdateAssetOptions)
Start importing Assets/AreaBattle/Resources/Recovered/SkillEffects/Textures/CAB-5a2ac7d47c18d9f573913e62f373aa9a_5579114933804372300.png using Guid(825130fcd2495ba4786f1ee86a05cd80) (TextureImporter) -> (artifact id: '559cd73d4ce02f1effb3f2691c4a9e79') in 0.0007161 seconds
Refreshing native plugins compatible for Editor in 0.00 ms, found 0 plugins.
Preloading 0 native plugins for Editor in 0.00 ms.
Asset Pipeline Refresh (id=f8b4f04538d95f142ae09635d9630ba5): Total: 0.004 seconds - Initiated by StopAssetImportingV2(NoUpdateAssetOptions)
Start importing Assets/AreaBattle/Resources/Recovered/SkillEffects/Textures/CAB-428fb34f7f6f9725690a6a68fbc6a2cd_-5574563133027537187.png using Guid(c0aff38f28a37084f98b8c39df9c6e9b) (TextureImporter) -> (artifact id: '2189b1ca399346c8f7d6c277b5d15da3') in 0.0018124 seconds
Refreshing native plugins compatible for Editor in 0.00 ms, found 0 plugins.
Preloading 0 native plugins for Editor in 0.00 ms.
Asset Pipeline Refresh (id=ff11ae1e1714a27429b0e0dd7dc1354c): Total: 0.005 seconds - Initiated by StopAssetImportingV2(NoUpdateAssetOptions)
Start importing Assets/AreaBattle/Resources/Recovered/SkillEffects/Textures/CAB-428fb34f7f6f9725690a6a68fbc6a2cd_-5574563133027537187.png using Guid(c0aff38f28a37084f98b8c39df9c6e9b) (TextureImporter) -> (artifact id: '2189b1ca399346c8f7d6c277b5d15da3') in 0.0018819 seconds
Refreshing native plugins compatible for Editor in 0.00 ms, found 0 plugins.
Preloading 0 native plugins for Editor in 0.00 ms.
Asset Pipeline Refresh (id=b284bf7ff80c387448dedd8ac4cc8ba1): Total: 0.005 seconds - Initiated by StopAssetImportingV2(NoUpdateAssetOptions)
Start importing Assets/AreaBattle/Resources/Recovered/SkillEffects/Textures/CAB-c020d8aa55a0badd6407f05633a0215d_-7131108634201851858.png using Guid(481b7a7cd4e3f7e4ba203af379f61726) (TextureImporter) -> (artifact id: '0ee63db0cde550ece89ef8dff222fc71') in 0.0018778 seconds
Refreshing native plugins compatible for Editor in 0.00 ms, found 0 plugins.
Preloading 0 native plugins for Editor in 0.00 ms.
Asset Pipeline Refresh (id=1a4c71d84785af74baa20bd9fbb2d962): Total: 0.005 seconds - Initiated by StopAssetImportingV2(NoUpdateAssetOptions)
Start importing Assets/AreaBattle/Resources/Recovered/SkillEffects/Textures/CAB-c020d8aa55a0badd6407f05633a0215d_-7131108634201851858.png using Guid(481b7a7cd4e3f7e4ba203af379f61726) (TextureImporter) -> (artifact id: '0ee63db0cde550ece89ef8dff222fc71') in 0.0018068 seconds
Refreshing native plugins compatible for Editor in 0.00 ms, found 0 plugins.
Preloading 0 native plugins for Editor in 0.00 ms.
Asset Pipeline Refresh (id=86930e5be31434442b8220a23004e0a8): Total: 0.005 seconds - Initiated by StopAssetImportingV2(NoUpdateAssetOptions)
Start importing Assets/AreaBattle/Resources/Recovered/SkillEffects/Textures/CAB-e7c6fec9c087be64475fb9ba957af4b0_-5232594763057583137.png using Guid(e0c0e1067569a7e44b26da2689eda79b) (TextureImporter) -> (artifact id: '86066bd3402d1fe6d05662c7f9fb7139') in 0.0018771 seconds
Refreshing native plugins compatible for Editor in 0.00 ms, found 0 plugins.
Preloading 0 native plugins for Editor in 0.00 ms.
Asset Pipeline Refresh (id=597376c61456c7c4abb8e62c17df6c2d): Total: 0.005 seconds - Initiated by StopAssetImportingV2(NoUpdateAssetOptions)
Start importing Assets/AreaBattle/Resources/Recovered/SkillEffects/Textures/CAB-e7c6fec9c087be64475fb9ba957af4b0_-5232594763057583137.png using Guid(e0c0e1067569a7e44b26da2689eda79b) (TextureImporter) -> (artifact id: '86066bd3402d1fe6d05662c7f9fb7139') in 0.0015824 seconds
Refreshing native plugins compatible for Editor in 0.00 ms, found 0 plugins.
Preloading 0 native plugins for Editor in 0.00 ms.
Asset Pipeline Refresh (id=39e20b6a9ee91974ea8d304ac845b442): Total: 0.005 seconds - Initiated by StopAssetImportingV2(NoUpdateAssetOptions)
Start importing Assets/AreaBattle/Resources/Recovered/SkillEffects/Textures/CAB-dff6c853e69b5f309c4b1ebf7b14f8ca_2856673465738944508.png using Guid(862d695a34585bd4d98d264e26748ed2) (TextureImporter) -> (artifact id: '9768b08b1df641d654987802d35342ff') in 0.0016804 seconds
Refreshing native plugins compatible for Editor in 0.00 ms, found 0 plugins.
Preloading 0 native plugins for Editor in 0.00 ms.
Asset Pipeline Refresh (id=c49f9e75afe743f4b8011022c07386b3): Total: 0.005 seconds - Initiated by StopAssetImportingV2(NoUpdateAssetOptions)
Start importing Assets/AreaBattle/Resources/Recovered/SkillEffects/Textures/CAB-dff6c853e69b5f309c4b1ebf7b14f8ca_2856673465738944508.png using Guid(862d695a34585bd4d98d264e26748ed2) (TextureImporter) -> (artifact id: '9768b08b1df641d654987802d35342ff') in 0.0013942 seconds
Refreshing native plugins compatible for Editor in 0.00 ms, found 0 plugins.
Preloading 0 native plugins for Editor in 0.00 ms.
Asset Pipeline Refresh (id=c15ff1bb1704525499631f22c711b861): Total: 0.005 seconds - Initiated by StopAssetImportingV2(NoUpdateAssetOptions)
Start importing Assets/AreaBattle/Resources/Recovered/SkillEffects/Textures/CAB-7748bc73175f7f2a9a954b520247e0ad_-4063992278591446275.png using Guid(03137a03b08ec86498f77b545c40c148) (TextureImporter) -> (artifact id: '5b9a7c579cee1c6f95cfaaa82d087f1a') in 0.0010706 seconds
Refreshing native plugins compatible for Editor in 0.00 ms, found 0 plugins.
Preloading 0 native plugins for Editor in 0.00 ms.
Asset Pipeline Refresh (id=2f063e20149b4ea4ea80d545334061e4): Total: 0.004 seconds - Initiated by StopAssetImportingV2(NoUpdateAssetOptions)
Start importing Assets/AreaBattle/Resources/Recovered/SkillEffects/Textures/CAB-7748bc73175f7f2a9a954b520247e0ad_-4063992278591446275.png using Guid(03137a03b08ec86498f77b545c40c148) (TextureImporter) -> (artifact id: '5b9a7c579cee1c6f95cfaaa82d087f1a') in 0.0011164 seconds
Refreshing native plugins compatible for Editor in 0.00 ms, found 0 plugins.
Preloading 0 native plugins for Editor in 0.00 ms.
Asset Pipeline Refresh (id=5bb9d89ddff00c74fa4782cc4b3bd91f): Total: 0.005 seconds - Initiated by StopAssetImportingV2(NoUpdateAssetOptions)
Start importing Assets/AreaBattle/Resources/Recovered/SkillEffects/Textures/CAB-fe01089b30f0f34bedc3636b39b80744_2592381716242502697.png using Guid(59dbe6b0869a08e419b9b64943745a5a) (TextureImporter) -> (artifact id: '7553d313b51e80af1fe5f5d885bc4efe') in 0.0037322 seconds
Refreshing native plugins compatible for Editor in 0.00 ms, found 0 plugins.
Preloading 0 native plugins for Editor in 0.00 ms.
Asset Pipeline Refresh (id=9df66c55065158c4281fd0d5de8d2dae): Total: 0.007 seconds - Initiated by StopAssetImportingV2(NoUpdateAssetOptions)
Start importing Assets/AreaBattle/Resources/Recovered/SkillEffects/Textures/CAB-fe01089b30f0f34bedc3636b39b80744_2592381716242502697.png using Guid(59dbe6b0869a08e419b9b64943745a5a) (TextureImporter) -> (artifact id: '7553d313b51e80af1fe5f5d885bc4efe') in 0.003413 seconds
Refreshing native plugins compatible for Editor in 0.00 ms, found 0 plugins.
Preloading 0 native plugins for Editor in 0.00 ms.
Asset Pipeline Refresh (id=fdc823dec86beb34e9049f9e32008a94): Total: 0.007 seconds - Initiated by StopAssetImportingV2(NoUpdateAssetOptions)
Start importing Assets/AreaBattle/Resources/Recovered/SkillEffects/Textures/CAB-78c4b3dedf4f99a33ea22ebcf1b508ad_-1168445266123107396.png using Guid(311e5da44a1543e418c9a44cf746e755) (TextureImporter) -> (artifact id: 'b94587dc2d742508af6526e4bc730729') in 0.0017996 seconds
Refreshing native plugins compatible for Editor in 0.00 ms, found 0 plugins.
Preloading 0 native plugins for Editor in 0.00 ms.
Asset Pipeline Refresh (id=5ba741f035d66624e9ae3495ac5daf73): Total: 0.005 seconds - Initiated by StopAssetImportingV2(NoUpdateAssetOptions)
Start importing Assets/AreaBattle/Resources/Recovered/SkillEffects/Textures/CAB-78c4b3dedf4f99a33ea22ebcf1b508ad_-1168445266123107396.png using Guid(311e5da44a1543e418c9a44cf746e755) (TextureImporter) -> (artifact id: 'b94587dc2d742508af6526e4bc730729') in 0.001837 seconds
Refreshing native plugins compatible for Editor in 0.00 ms, found 0 plugins.
Preloading 0 native plugins for Editor in 0.00 ms.
Asset Pipeline Refresh (id=7dbc5c13cb7dc2b42888551c644ee3aa): Total: 0.005 seconds - Initiated by StopAssetImportingV2(NoUpdateAssetOptions)
Start importing Assets/AreaBattle/Resources/Recovered/SkillEffects/Meshes/CAB-0904b0aafd5d6f514397aa7be552943a_1687738861886172276.asset using Guid(810195a71e3d77648b04d962b09cf164) (NativeFormatImporter) -> (artifact id: 'b1b58203ffd77a70a95d01f9e2a8e814') in 0.0011444 seconds
Start importing Assets/AreaBattle/Resources/Recovered/SkillEffects/Meshes/CAB-f032bf6dc5b316026ff708bca0723825_-6317175855001747548.asset using Guid(964d24d8852861545b248bc3e4aec051) (NativeFormatImporter) -> (artifact id: '024ee466c6af75ba860df3625079bc3e') in 0.0007115 seconds
Start importing Assets/AreaBattle/Resources/Recovered/SkillEffects/Meshes/CAB-cb3ca6e884c5ffb91a717e19ba833582_7004893260959475562.asset using Guid(a60c74231c30d2c4597007dd902d4f7f) (NativeFormatImporter) -> (artifact id: 'e4a22de472a112f5af48974882d60c95') in 0.0006952 seconds
Start importing Assets/AreaBattle/Resources/Recovered/SkillEffects/Meshes/CAB-ef2cb812d2c5a1500dd2816c2d4e1860_2046564726477354661.asset using Guid(67a5d50e2d340af479afb3e8463c755d) (NativeFormatImporter) -> (artifact id: '8226f185673ade617ba447bfe19196e7') in 0.0006476 seconds
Start importing Assets/AreaBattle/Resources/Recovered/SkillEffects/Meshes/CAB-cb3ca6e884c5ffb91a717e19ba833582_7823643406543470585.asset using Guid(68e3bc7cc4d4f5a48a48512a7a93e418) (NativeFormatImporter) -> (artifact id: '62c9bceee8da25ebebc59618a9b7779d') in 0.0006487 seconds
Start importing Assets/AreaBattle/Resources/Recovered/SkillEffects/Meshes/CAB-400d695fad87240434e2af9930156f48_2961953280742295791.asset using Guid(a805f75c9675bed43825df7ee340d493) (NativeFormatImporter) -> (artifact id: 'd8571c4063bee74de8a5c51ac075f7b8') in 0.0006802 seconds
Start importing Assets/AreaBattle/Resources/Recovered/SkillEffects/Meshes/CAB-cc2db3d58af50c710d65ec3a8f79cb31_7823643406543470585.asset using Guid(d8e7c52700fd1294e81401cc82144c58) (NativeFormatImporter) -> (artifact id: '23406f49ce200bb0fdca74fe3b1d7533') in 0.0006483 seconds
Start importing Assets/AreaBattle/Resources/Recovered/SkillEffects/Meshes/CAB-68dd6946547150af5a638d300dff2a79_599315903769218655.asset using Guid(3c11db800554205449fdee4896fe8a3e) (NativeFormatImporter) -> (artifact id: 'a519663ff29e19625446d12dd1d65225') in 0.0006658 seconds
Start importing Assets/AreaBattle/Resources/Recovered/SkillEffects/Meshes/CAB-ebc0292cefe71600a60d2fcf9abd219d_-833168700989428640.asset using Guid(dc08b688d315f1d439e5144c68611816) (NativeFormatImporter) -> (artifact id: '09ed9b938599480535704d8d9ff48076') in 0.0007208 seconds
Start importing Assets/AreaBattle/Resources/Recovered/SkillEffects/Meshes/CAB-68dd6946547150af5a638d300dff2a79_7823643406543470585.asset using Guid(5e1267414e6c29e44b3a40cc9dc1cdf0) (NativeFormatImporter) -> (artifact id: '86c084aea5c14a4f5fab55560fe330a0') in 0.0006483 seconds
Start importing Assets/AreaBattle/Resources/Recovered/SkillEffects/Meshes/CAB-50e0eff422800ce39f064391eb111bc6_6779134603897268293.asset using Guid(2f473d17757a73a469bde88e39f00929) (NativeFormatImporter) -> (artifact id: '4a7ea7f6a58b2f1b22a3bc2a1bb26eea') in 0.0006306 seconds
Refreshing native plugins compatible for Editor in 0.00 ms, found 0 plugins.
Preloading 0 native plugins for Editor in 0.00 ms.
Asset Pipeline Refresh (id=57e4725ff411bd64f9942aa53c9ce44c): Total: 0.014 seconds - Initiated by StopAssetImportingV2(NoUpdateAssetOptions)
Start importing Assets/AreaBattle/Resources/Recovered/SkillEffects/Materials/CAB-66bf6a128175277bb7e11f9579bdd020_-4794325471353287459.mat using Guid(8fffd1f2a8678244ea520407ead28559) (NativeFormatImporter)Main Object Name 'Hdzd_Effect_Wy_024' does not match filename 'CAB-66bf6a128175277bb7e11f9579bdd020_-4794325471353287459'
UnityEngine.Debug:ExtractStackTraceNoAlloc (byte*,int,string)
UnityEngine.StackTraceUtility:ExtractStackTrace ()
UnityEditor.AssetDatabase:ImportAsset (string,UnityEditor.ImportAssetOptions)
AreaBattle.EditorTools.RecoveredSkillEffectImporter:ImportNativeResource (AreaBattle.EditorTools.RecoveredSkillEffectImporter/Resource,string,System.Type) (at Assets/AreaBattle/Editor/RecoveredSkillEffectImporter.cs:105)
AreaBattle.EditorTools.RecoveredSkillEffectImporter:Import () (at Assets/AreaBattle/Editor/RecoveredSkillEffectImporter.cs:50)

[Assets/AreaBattle/Editor/RecoveredSkillEffectImporter.cs line 105]

 -> (artifact id: '5869bab46eec277e65e8f2e1d6665754') in 0.0016106 seconds
Refreshing native plugins compatible for Editor in 0.00 ms, found 0 plugins.
Preloading 0 native plugins for Editor in 0.00 ms.
Asset Pipeline Refresh (id=ce26bf79a6ad4e244aec4b119260e8d3): Total: 0.005 seconds - Initiated by StopAssetImportingV2(NoUpdateAssetOptions)
Start importing Assets/AreaBattle/Resources/Recovered/SkillEffects/Materials/CAB-4db238bc9e9987e4ced09a3fec965cb7_6805949067949570932.mat using Guid(b3807340de77c3c44b0074c94fd5fe08) (NativeFormatImporter)Main Object Name 'Hdzd_Effect_Wy_017' does not match filename 'CAB-4db238bc9e9987e4ced09a3fec965cb7_6805949067949570932'
UnityEngine.Debug:ExtractStackTraceNoAlloc (byte*,int,string)
UnityEngine.StackTraceUtility:ExtractStackTrace ()
UnityEditor.AssetDatabase:ImportAsset (string,UnityEditor.ImportAssetOptions)
AreaBattle.EditorTools.RecoveredSkillEffectImporter:ImportNativeResource (AreaBattle.EditorTools.RecoveredSkillEffectImporter/Resource,string,System.Type) (at Assets/AreaBattle/Editor/RecoveredSkillEffectImporter.cs:105)
AreaBattle.EditorTools.RecoveredSkillEffectImporter:Import () (at Assets/AreaBattle/Editor/RecoveredSkillEffectImporter.cs:50)

[Assets/AreaBattle/Editor/RecoveredSkillEffectImporter.cs line 105]

 -> (artifact id: '83cfc74324d246ed644a08180e2d14b1') in 0.0008899 seconds
Refreshing native plugins compatible for Editor in 0.00 ms, found 0 plugins.
Preloading 0 native plugins for Editor in 0.00 ms.
Asset Pipeline Refresh (id=2f61c9c3a10df16498aa58ccd8b3d2ea): Total: 0.004 seconds - Initiated by StopAssetImportingV2(NoUpdateAssetOptions)
Start importing Assets/AreaBattle/Resources/Recovered/SkillEffects/Materials/CAB-f15c7194971d9bcafb974e9f5ce14748_6287807201682963934.mat using Guid(02d3f8cc1899f9c4aa8b5c01a0099062) (NativeFormatImporter)Main Object Name 'Hdzd_Effect_Wy_016' does not match filename 'CAB-f15c7194971d9bcafb974e9f5ce14748_6287807201682963934'
UnityEngine.Debug:ExtractStackTraceNoAlloc (byte*,int,string)
UnityEngine.StackTraceUtility:ExtractStackTrace ()
UnityEditor.AssetDatabase:ImportAsset (string,UnityEditor.ImportAssetOptions)
AreaBattle.EditorTools.RecoveredSkillEffectImporter:ImportNativeResource (AreaBattle.EditorTools.RecoveredSkillEffectImporter/Resource,string,System.Type) (at Assets/AreaBattle/Editor/RecoveredSkillEffectImporter.cs:105)
AreaBattle.EditorTools.RecoveredSkillEffectImporter:Import () (at Assets/AreaBattle/Editor/RecoveredSkillEffectImporter.cs:50)

[Assets/AreaBattle/Editor/RecoveredSkillEffectImporter.cs line 105]

 -> (artifact id: '9f7783a0c593514c53c7059ddc258872') in 0.0007897 seconds
Refreshing native plugins compatible for Editor in 0.00 ms, found 0 plugins.
Preloading 0 native plugins for Editor in 0.00 ms.
Asset Pipeline Refresh (id=c639f2ca369e87046bfb26e61d6b9c3b): Total: 0.004 seconds - Initiated by StopAssetImportingV2(NoUpdateAssetOptions)
Start importing Assets/AreaBattle/Resources/Recovered/SkillEffects/Materials/CAB-b6a8f441387f2e4785ca096a2a5d5f43_846749304657458347.mat using Guid(900129a1623aa4b49983b53dbed9e864) (NativeFormatImporter)Main Object Name 'Hdzd_Effect_Wy_015' does not match filename 'CAB-b6a8f441387f2e4785ca096a2a5d5f43_846749304657458347'
UnityEngine.Debug:ExtractStackTraceNoAlloc (byte*,int,string)
UnityEngine.StackTraceUtility:ExtractStackTrace ()
UnityEditor.AssetDatabase:ImportAsset (string,UnityEditor.ImportAssetOptions)
AreaBattle.EditorTools.RecoveredSkillEffectImporter:ImportNativeResource (AreaBattle.EditorTools.RecoveredSkillEffectImporter/Resource,string,System.Type) (at Assets/AreaBattle/Editor/RecoveredSkillEffectImporter.cs:105)
AreaBattle.EditorTools.RecoveredSkillEffectImporter:Import () (at Assets/AreaBattle/Editor/RecoveredSkillEffectImporter.cs:50)

[Assets/AreaBattle/Editor/RecoveredSkillEffectImporter.cs line 105]

 -> (artifact id: 'd34e0be046a8026438271a339876a11a') in 0.0008609 seconds
Refreshing native plugins compatible for Editor in 0.00 ms, found 0 plugins.
Preloading 0 native plugins for Editor in 0.00 ms.
Asset Pipeline Refresh (id=f5f8f29bbcbc53a4996a4496274811b8): Total: 0.004 seconds - Initiated by StopAssetImportingV2(NoUpdateAssetOptions)
Start importing Assets/AreaBattle/Resources/Recovered/SkillEffects/Materials/CAB-2875f5613ddec5422fd6dad774d00aca_-399611102844846769.mat using Guid(e8cb26904972fd44b8e05e99434f4a71) (NativeFormatImporter)Main Object Name 'Hdzd_Effect_Wy_023' does not match filename 'CAB-2875f5613ddec5422fd6dad774d00aca_-399611102844846769'
UnityEngine.Debug:ExtractStackTraceNoAlloc (byte*,int,string)
UnityEngine.StackTraceUtility:ExtractStackTrace ()
UnityEditor.AssetDatabase:ImportAsset (string,UnityEditor.ImportAssetOptions)
AreaBattle.EditorTools.RecoveredSkillEffectImporter:ImportNativeResource (AreaBattle.EditorTools.RecoveredSkillEffectImporter/Resource,string,System.Type) (at Assets/AreaBattle/Editor/RecoveredSkillEffectImporter.cs:105)
AreaBattle.EditorTools.RecoveredSkillEffectImporter:Import () (at Assets/AreaBattle/Editor/RecoveredSkillEffectImporter.cs:50)

[Assets/AreaBattle/Editor/RecoveredSkillEffectImporter.cs line 105]

 -> (artifact id: 'fc1039fade9559f0f753199b567f9c95') in 0.0008758 seconds
Refreshing native plugins compatible for Editor in 0.00 ms, found 0 plugins.
Preloading 0 native plugins for Editor in 0.00 ms.
Asset Pipeline Refresh (id=56c861fde917bc54c8d8a30ed19406a6): Total: 0.004 seconds - Initiated by StopAssetImportingV2(NoUpdateAssetOptions)
Start importing Assets/AreaBattle/Resources/Recovered/SkillEffects/Materials/CAB-9d5800441be46c8790b68a489d675f44_5880401546257482818.mat using Guid(71b3699558e13e44dad42f5b0fac1213) (NativeFormatImporter)Main Object Name 'hdzd_effect_boss01_10' does not match filename 'CAB-9d5800441be46c8790b68a489d675f44_5880401546257482818'
UnityEngine.Debug:ExtractStackTraceNoAlloc (byte*,int,string)
UnityEngine.StackTraceUtility:ExtractStackTrace ()
UnityEditor.AssetDatabase:ImportAsset (string,UnityEditor.ImportAssetOptions)
AreaBattle.EditorTools.RecoveredSkillEffectImporter:ImportNativeResource (AreaBattle.EditorTools.RecoveredSkillEffectImporter/Resource,string,System.Type) (at Assets/AreaBattle/Editor/RecoveredSkillEffectImporter.cs:105)
AreaBattle.EditorTools.RecoveredSkillEffectImporter:Import () (at Assets/AreaBattle/Editor/RecoveredSkillEffectImporter.cs:50)

[Assets/AreaBattle/Editor/RecoveredSkillEffectImporter.cs line 105]

 -> (artifact id: '99e5e0fb0c6338c14659fb60f382daeb') in 0.001128 seconds
Refreshing native plugins compatible for Editor in 0.00 ms, found 0 plugins.
Preloading 0 native plugins for Editor in 0.00 ms.
Asset Pipeline Refresh (id=6cae7ee3734648447b8f6e00f33fa262): Total: 0.004 seconds - Initiated by StopAssetImportingV2(NoUpdateAssetOptions)
Start importing Assets/AreaBattle/Resources/Recovered/SkillEffects/Materials/CAB-4ab600f41a823b3aa5a5af02f8a1a93d_1100805114295259615.mat using Guid(8b1c61c01f21e444f9c8ba279650e84e) (NativeFormatImporter)Main Object Name 'hdzd_effect_boss01_11' does not match filename 'CAB-4ab600f41a823b3aa5a5af02f8a1a93d_1100805114295259615'
UnityEngine.Debug:ExtractStackTraceNoAlloc (byte*,int,string)
UnityEngine.StackTraceUtility:ExtractStackTrace ()
UnityEditor.AssetDatabase:ImportAsset (string,UnityEditor.ImportAssetOptions)
AreaBattle.EditorTools.RecoveredSkillEffectImporter:ImportNativeResource (AreaBattle.EditorTools.RecoveredSkillEffectImporter/Resource,string,System.Type) (at Assets/AreaBattle/Editor/RecoveredSkillEffectImporter.cs:105)
AreaBattle.EditorTools.RecoveredSkillEffectImporter:Import () (at Assets/AreaBattle/Editor/RecoveredSkillEffectImporter.cs:50)

[Assets/AreaBattle/Editor/RecoveredSkillEffectImporter.cs line 105]

 -> (artifact id: '1f602c637c7d295628397fffd15d187a') in 0.000845 seconds
Refreshing native plugins compatible for Editor in 0.00 ms, found 0 plugins.
Preloading 0 native plugins for Editor in 0.00 ms.
Asset Pipeline Refresh (id=fb991c603510c264b929776a1247175a): Total: 0.004 seconds - Initiated by StopAssetImportingV2(NoUpdateAssetOptions)
Start importing Assets/AreaBattle/Resources/Recovered/SkillEffects/Materials/CAB-c33f3eaa35f43d525ba4e52cfe2cffe2_7029009769288171470.mat using Guid(1c1ba0f41d09c6448bb939b5f8a6fe28) (NativeFormatImporter)Main Object Name 'hdzd_effect_boss01_15' does not match filename 'CAB-c33f3eaa35f43d525ba4e52cfe2cffe2_7029009769288171470'
UnityEngine.Debug:ExtractStackTraceNoAlloc (byte*,int,string)
UnityEngine.StackTraceUtility:ExtractStackTrace ()
UnityEditor.AssetDatabase:ImportAsset (string,UnityEditor.ImportAssetOptions)
AreaBattle.EditorTools.RecoveredSkillEffectImporter:ImportNativeResource (AreaBattle.EditorTools.RecoveredSkillEffectImporter/Resource,string,System.Type) (at Assets/AreaBattle/Editor/RecoveredSkillEffectImporter.cs:105)
AreaBattle.EditorTools.RecoveredSkillEffectImporter:Import () (at Assets/AreaBattle/Editor/RecoveredSkillEffectImporter.cs:50)

[Assets/AreaBattle/Editor/RecoveredSkillEffectImporter.cs line 105]

 -> (artifact id: 'ca97d7a4d7b9a09c836008cb94d2d7c8') in 0.0008944 seconds
Refreshing native plugins compatible for Editor in 0.00 ms, found 0 plugins.
Preloading 0 native plugins for Editor in 0.00 ms.
Asset Pipeline Refresh (id=affd0c2adaf603f4db469ba7257ac63b): Total: 0.004 seconds - Initiated by StopAssetImportingV2(NoUpdateAssetOptions)
Start importing Assets/AreaBattle/Resources/Recovered/SkillEffects/Materials/CAB-e78107ad899e0b21d64fdb1d9b393ce2_-4279677390522597522.mat using Guid(a1853bd91a3d4a645a0683dda501a4f3) (NativeFormatImporter)Main Object Name 'Hdzd_Effect_Wy_022' does not match filename 'CAB-e78107ad899e0b21d64fdb1d9b393ce2_-4279677390522597522'
UnityEngine.Debug:ExtractStackTraceNoAlloc (byte*,int,string)
UnityEngine.StackTraceUtility:ExtractStackTrace ()
UnityEditor.AssetDatabase:ImportAsset (string,UnityEditor.ImportAssetOptions)
AreaBattle.EditorTools.RecoveredSkillEffectImporter:ImportNativeResource (AreaBattle.EditorTools.RecoveredSkillEffectImporter/Resource,string,System.Type) (at Assets/AreaBattle/Editor/RecoveredSkillEffectImporter.cs:105)
AreaBattle.EditorTools.RecoveredSkillEffectImporter:Import () (at Assets/AreaBattle/Editor/RecoveredSkillEffectImporter.cs:50)

[Assets/AreaBattle/Editor/RecoveredSkillEffectImporter.cs line 105]

 -> (artifact id: 'b4eefa5dcda479b1bad999341b7f2ba9') in 0.0008891 seconds
Refreshing native plugins compatible for Editor in 0.00 ms, found 0 plugins.
Preloading 0 native plugins for Editor in 0.00 ms.
Asset Pipeline Refresh (id=b31f6b172ecd2c44a89e8f0d08160855): Total: 0.004 seconds - Initiated by StopAssetImportingV2(NoUpdateAssetOptions)
Start importing Assets/AreaBattle/Resources/Recovered/SkillEffects/Materials/CAB-0aff1dbf5f891a6cf1e254d80bc2ddaa_8308402369294867413.mat using Guid(976755bd12f45c147be2fa8c01cdf014) (NativeFormatImporter)Main Object Name 'Default-ParticleSystem' does not match filename 'CAB-0aff1dbf5f891a6cf1e254d80bc2ddaa_8308402369294867413'
UnityEngine.Debug:ExtractStackTraceNoAlloc (byte*,int,string)
UnityEngine.StackTraceUtility:ExtractStackTrace ()
UnityEditor.AssetDatabase:ImportAsset (string,UnityEditor.ImportAssetOptions)
AreaBattle.EditorTools.RecoveredSkillEffectImporter:ImportNativeResource (AreaBattle.EditorTools.RecoveredSkillEffectImporter/Resource,string,System.Type) (at Assets/AreaBattle/Editor/RecoveredSkillEffectImporter.cs:105)
AreaBattle.EditorTools.RecoveredSkillEffectImporter:Import () (at Assets/AreaBattle/Editor/RecoveredSkillEffectImporter.cs:50)

[Assets/AreaBattle/Editor/RecoveredSkillEffectImporter.cs line 105]

 -> (artifact id: 'af76a791f4dba460fcd94c24a085ddbe') in 0.0009392 seconds
Refreshing native plugins compatible for Editor in 0.00 ms, found 0 plugins.
Preloading 0 native plugins for Editor in 0.00 ms.
Asset Pipeline Refresh (id=1445fb0eb9b80a44c9e9d2ffb4b55788): Total: 0.004 seconds - Initiated by StopAssetImportingV2(NoUpdateAssetOptions)
Start importing Assets/AreaBattle/Resources/Recovered/SkillEffects/Materials/CAB-c720c10a1297505aaf6d219d93252d1f_-3748837187932739432.mat using Guid(9c5053b3bb5a77b4381c75a3f6b96c71) (NativeFormatImporter)Main Object Name 'Hdzd_Effect_Wy_008' does not match filename 'CAB-c720c10a1297505aaf6d219d93252d1f_-3748837187932739432'
UnityEngine.Debug:ExtractStackTraceNoAlloc (byte*,int,string)
UnityEngine.StackTraceUtility:ExtractStackTrace ()
UnityEditor.AssetDatabase:ImportAsset (string,UnityEditor.ImportAssetOptions)
AreaBattle.EditorTools.RecoveredSkillEffectImporter:ImportNativeResource (AreaBattle.EditorTools.RecoveredSkillEffectImporter/Resource,string,System.Type) (at Assets/AreaBattle/Editor/RecoveredSkillEffectImporter.cs:105)
AreaBattle.EditorTools.RecoveredSkillEffectImporter:Import () (at Assets/AreaBattle/Editor/RecoveredSkillEffectImporter.cs:50)

[Assets/AreaBattle/Editor/RecoveredSkillEffectImporter.cs line 105]

 -> (artifact id: '9fc5ae7f4ac7b5720d1933c4097dce7a') in 0.0008168 seconds
Refreshing native plugins compatible for Editor in 0.00 ms, found 0 plugins.
Preloading 0 native plugins for Editor in 0.00 ms.
Asset Pipeline Refresh (id=e1761828551a26248a9cfd3a9504d46a): Total: 0.004 seconds - Initiated by StopAssetImportingV2(NoUpdateAssetOptions)
Start importing Assets/AreaBattle/Resources/Recovered/SkillEffects/Materials/CAB-310782b403c555a3c5bc7554d190e14b_3424978924324149725.mat using Guid(b51e7d40e682a084192792d1085679c5) (NativeFormatImporter)Main Object Name 'Hdzd_Effect_Wy_009' does not match filename 'CAB-310782b403c555a3c5bc7554d190e14b_3424978924324149725'
UnityEngine.Debug:ExtractStackTraceNoAlloc (byte*,int,string)
UnityEngine.StackTraceUtility:ExtractStackTrace ()
UnityEditor.AssetDatabase:ImportAsset (string,UnityEditor.ImportAssetOptions)
AreaBattle.EditorTools.RecoveredSkillEffectImporter:ImportNativeResource (AreaBattle.EditorTools.RecoveredSkillEffectImporter/Resource,string,System.Type) (at Assets/AreaBattle/Editor/RecoveredSkillEffectImporter.cs:105)
AreaBattle.EditorTools.RecoveredSkillEffectImporter:Import () (at Assets/AreaBattle/Editor/RecoveredSkillEffectImporter.cs:50)

[Assets/AreaBattle/Editor/RecoveredSkillEffectImporter.cs line 105]

 -> (artifact id: '79f997c6e3d32167815718f30bf3abd6') in 0.0008297 seconds
Refreshing native plugins compatible for Editor in 0.00 ms, found 0 plugins.
Preloading 0 native plugins for Editor in 0.00 ms.
Asset Pipeline Refresh (id=a4d29715f53c54e40b46cbd0b5de683e): Total: 0.004 seconds - Initiated by StopAssetImportingV2(NoUpdateAssetOptions)
Start importing Assets/AreaBattle/Resources/Recovered/SkillEffects/Materials/CAB-d8939fd803f0c80ffe539d4fe8a40380_1491710306796000162.mat using Guid(f5521266ab0ba2541a5183f0f072f355) (NativeFormatImporter)Main Object Name 'Hdzd_Effect_Wy_010' does not match filename 'CAB-d8939fd803f0c80ffe539d4fe8a40380_1491710306796000162'
UnityEngine.Debug:ExtractStackTraceNoAlloc (byte*,int,string)
UnityEngine.StackTraceUtility:ExtractStackTrace ()
UnityEditor.AssetDatabase:ImportAsset (string,UnityEditor.ImportAssetOptions)
AreaBattle.EditorTools.RecoveredSkillEffectImporter:ImportNativeResource (AreaBattle.EditorTools.RecoveredSkillEffectImporter/Resource,string,System.Type) (at Assets/AreaBattle/Editor/RecoveredSkillEffectImporter.cs:105)
AreaBattle.EditorTools.RecoveredSkillEffectImporter:Import () (at Assets/AreaBattle/Editor/RecoveredSkillEffectImporter.cs:50)

[Assets/AreaBattle/Editor/RecoveredSkillEffectImporter.cs line 105]

 -> (artifact id: '4c0be0418f0e313f499990ef55a284a9') in 0.0008623 seconds
Refreshing native plugins compatible for Editor in 0.00 ms, found 0 plugins.
Preloading 0 native plugins for Editor in 0.00 ms.
Asset Pipeline Refresh (id=99332b2c9fd0af3449aac656f69f72ce): Total: 0.004 seconds - Initiated by StopAssetImportingV2(NoUpdateAssetOptions)
Start importing Assets/AreaBattle/Resources/Recovered/SkillEffects/Materials/CAB-c69c7bd21c3c1c5bf63be795341464ae_2286258693057366020.mat using Guid(093205c67df29544d82d84d9e14fbcc6) (NativeFormatImporter)Main Object Name 'Hdzd_Effect_Wy_011' does not match filename 'CAB-c69c7bd21c3c1c5bf63be795341464ae_2286258693057366020'
UnityEngine.Debug:ExtractStackTraceNoAlloc (byte*,int,string)
UnityEngine.StackTraceUtility:ExtractStackTrace ()
UnityEditor.AssetDatabase:ImportAsset (string,UnityEditor.ImportAssetOptions)
AreaBattle.EditorTools.RecoveredSkillEffectImporter:ImportNativeResource (AreaBattle.EditorTools.RecoveredSkillEffectImporter/Resource,string,System.Type) (at Assets/AreaBattle/Editor/RecoveredSkillEffectImporter.cs:105)
AreaBattle.EditorTools.RecoveredSkillEffectImporter:Import () (at Assets/AreaBattle/Editor/RecoveredSkillEffectImporter.cs:50)

[Assets/AreaBattle/Editor/RecoveredSkillEffectImporter.cs line 105]

 -> (artifact id: 'fce676df6f0cdf137c2e86c69317b084') in 0.0008414 seconds
Refreshing native plugins compatible for Editor in 0.00 ms, found 0 plugins.
Preloading 0 native plugins for Editor in 0.00 ms.
Asset Pipeline Refresh (id=16aca93c76e644d4ba8650effc2b3180): Total: 0.004 seconds - Initiated by StopAssetImportingV2(NoUpdateAssetOptions)
Start importing Assets/AreaBattle/Resources/Recovered/SkillEffects/Materials/CAB-4e97bc4b33f72bd3d4552b1df8c6bbd9_3754741252626216102.mat using Guid(913427f32dfd2db4aa4b620c34b8041a) (NativeFormatImporter)Main Object Name 'Hdzd_Effect_Wy_013' does not match filename 'CAB-4e97bc4b33f72bd3d4552b1df8c6bbd9_3754741252626216102'
UnityEngine.Debug:ExtractStackTraceNoAlloc (byte*,int,string)
UnityEngine.StackTraceUtility:ExtractStackTrace ()
UnityEditor.AssetDatabase:ImportAsset (string,UnityEditor.ImportAssetOptions)
AreaBattle.EditorTools.RecoveredSkillEffectImporter:ImportNativeResource (AreaBattle.EditorTools.RecoveredSkillEffectImporter/Resource,string,System.Type) (at Assets/AreaBattle/Editor/RecoveredSkillEffectImporter.cs:105)
AreaBattle.EditorTools.RecoveredSkillEffectImporter:Import () (at Assets/AreaBattle/Editor/RecoveredSkillEffectImporter.cs:50)

[Assets/AreaBattle/Editor/RecoveredSkillEffectImporter.cs line 105]

 -> (artifact id: 'dfae7d3909c548f323ad3af0add98b32') in 0.0009589 seconds
Refreshing native plugins compatible for Editor in 0.00 ms, found 0 plugins.
Preloading 0 native plugins for Editor in 0.00 ms.
Asset Pipeline Refresh (id=3df0307509f252a4aa6382715bfdeaa8): Total: 0.004 seconds - Initiated by StopAssetImportingV2(NoUpdateAssetOptions)
Start importing Assets/AreaBattle/Resources/Recovered/SkillEffects/Materials/CAB-40d43cbef11657fa2830b611a0029667_4578727790063408433.mat using Guid(c921434acd5b1df4c8a44c40bec9deb9) (NativeFormatImporter)Main Object Name 'Hdzd_Effect_Wy_014' does not match filename 'CAB-40d43cbef11657fa2830b611a0029667_4578727790063408433'
UnityEngine.Debug:ExtractStackTraceNoAlloc (byte*,int,string)
UnityEngine.StackTraceUtility:ExtractStackTrace ()
UnityEditor.AssetDatabase:ImportAsset (string,UnityEditor.ImportAssetOptions)
AreaBattle.EditorTools.RecoveredSkillEffectImporter:ImportNativeResource (AreaBattle.EditorTools.RecoveredSkillEffectImporter/Resource,string,System.Type) (at Assets/AreaBattle/Editor/RecoveredSkillEffectImporter.cs:105)
AreaBattle.EditorTools.RecoveredSkillEffectImporter:Import () (at Assets/AreaBattle/Editor/RecoveredSkillEffectImporter.cs:50)

[Assets/AreaBattle/Editor/RecoveredSkillEffectImporter.cs line 105]

 -> (artifact id: '0712c6d2ed65c664f6aefebe565bc23e') in 0.0008896 seconds
Refreshing native plugins compatible for Editor in 0.00 ms, found 0 plugins.
Preloading 0 native plugins for Editor in 0.00 ms.
Asset Pipeline Refresh (id=42c30c4bf56b39d43a81de808db6543e): Total: 0.004 seconds - Initiated by StopAssetImportingV2(NoUpdateAssetOptions)
Start importing Assets/AreaBattle/Resources/Recovered/SkillEffects/Materials/CAB-d0ba42ce20a5c41d5f70127203b6a654_-2593259668337177377.mat using Guid(d509015a6ab80c64985b1e1c76cb77bd) (NativeFormatImporter)Main Object Name 'lambert1' does not match filename 'CAB-d0ba42ce20a5c41d5f70127203b6a654_-2593259668337177377'
UnityEngine.Debug:ExtractStackTraceNoAlloc (byte*,int,string)
UnityEngine.StackTraceUtility:ExtractStackTrace ()
UnityEditor.AssetDatabase:ImportAsset (string,UnityEditor.ImportAssetOptions)
AreaBattle.EditorTools.RecoveredSkillEffectImporter:ImportNativeResource (AreaBattle.EditorTools.RecoveredSkillEffectImporter/Resource,string,System.Type) (at Assets/AreaBattle/Editor/RecoveredSkillEffectImporter.cs:105)
AreaBattle.EditorTools.RecoveredSkillEffectImporter:Import () (at Assets/AreaBattle/Editor/RecoveredSkillEffectImporter.cs:50)

[Assets/AreaBattle/Editor/RecoveredSkillEffectImporter.cs line 105]

 -> (artifact id: 'b185c88f5e20a568d9e3528ec272d742') in 0.0011124 seconds
Refreshing native plugins compatible for Editor in 0.00 ms, found 0 plugins.
Preloading 0 native plugins for Editor in 0.00 ms.
Asset Pipeline Refresh (id=dc8d3630aa4a8e141918c2eedd396b41): Total: 0.004 seconds - Initiated by StopAssetImportingV2(NoUpdateAssetOptions)
Start importing Assets/AreaBattle/Resources/Recovered/SkillEffects/Materials/CAB-5877c81cdf5d9c13eaad516f933d0add_8308402369294867413.mat using Guid(69d0abadde2702a4fa7ec9980bce0bf1) (NativeFormatImporter)Main Object Name 'Default-ParticleSystem' does not match filename 'CAB-5877c81cdf5d9c13eaad516f933d0add_8308402369294867413'
UnityEngine.Debug:ExtractStackTraceNoAlloc (byte*,int,string)
UnityEngine.StackTraceUtility:ExtractStackTrace ()
UnityEditor.AssetDatabase:ImportAsset (string,UnityEditor.ImportAssetOptions)
AreaBattle.EditorTools.RecoveredSkillEffectImporter:ImportNativeResource (AreaBattle.EditorTools.RecoveredSkillEffectImporter/Resource,string,System.Type) (at Assets/AreaBattle/Editor/RecoveredSkillEffectImporter.cs:105)
AreaBattle.EditorTools.RecoveredSkillEffectImporter:Import () (at Assets/AreaBattle/Editor/RecoveredSkillEffectImporter.cs:50)

[Assets/AreaBattle/Editor/RecoveredSkillEffectImporter.cs line 105]

 -> (artifact id: '8feef3b4e96796e9693b73b431dbae95') in 0.000884 seconds
Refreshing native plugins compatible for Editor in 0.00 ms, found 0 plugins.
Preloading 0 native plugins for Editor in 0.00 ms.
Asset Pipeline Refresh (id=02269c4c6d2febd498d32d15fa2f1269): Total: 0.004 seconds - Initiated by StopAssetImportingV2(NoUpdateAssetOptions)
Start importing Assets/AreaBattle/Resources/Recovered/SkillEffects/Materials/CAB-4d6ff9579be6c1132d6218082c2a6bbc_-7512476280295409629.mat using Guid(fde1934c0c95e2044ba00be707e9624e) (NativeFormatImporter)Main Object Name 'hdzd_effect_09' does not match filename 'CAB-4d6ff9579be6c1132d6218082c2a6bbc_-7512476280295409629'
UnityEngine.Debug:ExtractStackTraceNoAlloc (byte*,int,string)
UnityEngine.StackTraceUtility:ExtractStackTrace ()
UnityEditor.AssetDatabase:ImportAsset (string,UnityEditor.ImportAssetOptions)
AreaBattle.EditorTools.RecoveredSkillEffectImporter:ImportNativeResource (AreaBattle.EditorTools.RecoveredSkillEffectImporter/Resource,string,System.Type) (at Assets/AreaBattle/Editor/RecoveredSkillEffectImporter.cs:105)
AreaBattle.EditorTools.RecoveredSkillEffectImporter:Import () (at Assets/AreaBattle/Editor/RecoveredSkillEffectImporter.cs:50)

[Assets/AreaBattle/Editor/RecoveredSkillEffectImporter.cs line 105]

 -> (artifact id: '25839f104a8cf86f3cc6cfb10fc13169') in 0.0009403 seconds
Refreshing native plugins compatible for Editor in 0.00 ms, found 0 plugins.
Preloading 0 native plugins for Editor in 0.00 ms.
Asset Pipeline Refresh (id=4a8a5c99c2456244a8c78d34f354eff4): Total: 0.004 seconds - Initiated by StopAssetImportingV2(NoUpdateAssetOptions)
Start importing Assets/AreaBattle/Resources/Recovered/SkillEffects/Materials/CAB-f76fdf032572e5fd74d3a1fc532b304e_2829624264993407924.mat using Guid(5b7d3b6fbbfa53144ad20d2bbf5c115c) (NativeFormatImporter)Main Object Name 'hdzd_effect_06' does not match filename 'CAB-f76fdf032572e5fd74d3a1fc532b304e_2829624264993407924'
UnityEngine.Debug:ExtractStackTraceNoAlloc (byte*,int,string)
UnityEngine.StackTraceUtility:ExtractStackTrace ()
UnityEditor.AssetDatabase:ImportAsset (string,UnityEditor.ImportAssetOptions)
AreaBattle.EditorTools.RecoveredSkillEffectImporter:ImportNativeResource (AreaBattle.EditorTools.RecoveredSkillEffectImporter/Resource,string,System.Type) (at Assets/AreaBattle/Editor/RecoveredSkillEffectImporter.cs:105)
AreaBattle.EditorTools.RecoveredSkillEffectImporter:Import () (at Assets/AreaBattle/Editor/RecoveredSkillEffectImporter.cs:50)

[Assets/AreaBattle/Editor/RecoveredSkillEffectImporter.cs line 105]

 -> (artifact id: 'e6c932c61263864ae4a19ee3cd71e872') in 0.0008495 seconds
Refreshing native plugins compatible for Editor in 0.00 ms, found 0 plugins.
Preloading 0 native plugins for Editor in 0.00 ms.
Asset Pipeline Refresh (id=72395ea8ab6469748afeedcc49cd2f15): Total: 0.004 seconds - Initiated by StopAssetImportingV2(NoUpdateAssetOptions)
Start importing Assets/AreaBattle/Resources/Recovered/SkillEffects/Materials/CAB-5d2349add288469061b31596ab6f5110_2671549332030864752.mat using Guid(a46fddbd31c45034aafafa07bc42944d) (NativeFormatImporter)Main Object Name 'hdzd_effect_07' does not match filename 'CAB-5d2349add288469061b31596ab6f5110_2671549332030864752'
UnityEngine.Debug:ExtractStackTraceNoAlloc (byte*,int,string)
UnityEngine.StackTraceUtility:ExtractStackTrace ()
UnityEditor.AssetDatabase:ImportAsset (string,UnityEditor.ImportAssetOptions)
AreaBattle.EditorTools.RecoveredSkillEffectImporter:ImportNativeResource (AreaBattle.EditorTools.RecoveredSkillEffectImporter/Resource,string,System.Type) (at Assets/AreaBattle/Editor/RecoveredSkillEffectImporter.cs:105)
AreaBattle.EditorTools.RecoveredSkillEffectImporter:Import () (at Assets/AreaBattle/Editor/RecoveredSkillEffectImporter.cs:50)

[Assets/AreaBattle/Editor/RecoveredSkillEffectImporter.cs line 105]

 -> (artifact id: 'a1a9ec59736dfe30a6f0a921e8369ab9') in 0.0008141 seconds
Refreshing native plugins compatible for Editor in 0.00 ms, found 0 plugins.
Preloading 0 native plugins for Editor in 0.00 ms.
Asset Pipeline Refresh (id=c1c2b0c8c8e61e748ad01a96d25e31cc): Total: 0.004 seconds - Initiated by StopAssetImportingV2(NoUpdateAssetOptions)
Start importing Assets/AreaBattle/Resources/Recovered/SkillEffects/Materials/CAB-afdf9ae71c1cc22a3a257858a8fe244a_-4008979585444063884.mat using Guid(e60fbe82b33e7e644a999bc460171414) (NativeFormatImporter)Main Object Name 'magic_line' does not match filename 'CAB-afdf9ae71c1cc22a3a257858a8fe244a_-4008979585444063884'
UnityEngine.Debug:ExtractStackTraceNoAlloc (byte*,int,string)
UnityEngine.StackTraceUtility:ExtractStackTrace ()
UnityEditor.AssetDatabase:ImportAsset (string,UnityEditor.ImportAssetOptions)
AreaBattle.EditorTools.RecoveredSkillEffectImporter:ImportNativeResource (AreaBattle.EditorTools.RecoveredSkillEffectImporter/Resource,string,System.Type) (at Assets/AreaBattle/Editor/RecoveredSkillEffectImporter.cs:105)
AreaBattle.EditorTools.RecoveredSkillEffectImporter:Import () (at Assets/AreaBattle/Editor/RecoveredSkillEffectImporter.cs:50)

[Assets/AreaBattle/Editor/RecoveredSkillEffectImporter.cs line 105]

 -> (artifact id: 'e7b51a3935d4ccfbe3d01342adf60c32') in 0.0008891 seconds
Refreshing native plugins compatible for Editor in 0.00 ms, found 0 plugins.
Preloading 0 native plugins for Editor in 0.00 ms.
Asset Pipeline Refresh (id=4acd10caad1291a43a53d64ab849dd7c): Total: 0.004 seconds - Initiated by StopAssetImportingV2(NoUpdateAssetOptions)
Start importing Assets/AreaBattle/Resources/Recovered/SkillEffects/Materials/CAB-94b95063eb9660266d96e12f577160e4_1816780123942243058.mat using Guid(7ec5145db9c908641a0d533f53613923) (NativeFormatImporter)Main Object Name 'magic_orb' does not match filename 'CAB-94b95063eb9660266d96e12f577160e4_1816780123942243058'
UnityEngine.Debug:ExtractStackTraceNoAlloc (byte*,int,string)
UnityEngine.StackTraceUtility:ExtractStackTrace ()
UnityEditor.AssetDatabase:ImportAsset (string,UnityEditor.ImportAssetOptions)
AreaBattle.EditorTools.RecoveredSkillEffectImporter:ImportNativeResource (AreaBattle.EditorTools.RecoveredSkillEffectImporter/Resource,string,System.Type) (at Assets/AreaBattle/Editor/RecoveredSkillEffectImporter.cs:105)
AreaBattle.EditorTools.RecoveredSkillEffectImporter:Import () (at Assets/AreaBattle/Editor/RecoveredSkillEffectImporter.cs:50)

[Assets/AreaBattle/Editor/RecoveredSkillEffectImporter.cs line 105]

 -> (artifact id: 'bc23da027cbd033d1ae03f8657401d55') in 0.0009068 seconds
Refreshing native plugins compatible for Editor in 0.00 ms, found 0 plugins.
Preloading 0 native plugins for Editor in 0.00 ms.
Asset Pipeline Refresh (id=3dc6753b368b43c409a82b93a3b6c8fd): Total: 0.004 seconds - Initiated by StopAssetImportingV2(NoUpdateAssetOptions)
Start importing Assets/AreaBattle/Resources/Recovered/SkillEffects/Materials/CAB-a73942b5ac44d4b45f667e8411ad3240_5219618855619026640.mat using Guid(1d70f83eaf1fdac4ab549c290c2e3b34) (NativeFormatImporter)Main Object Name 'ring (additive)' does not match filename 'CAB-a73942b5ac44d4b45f667e8411ad3240_5219618855619026640'
UnityEngine.Debug:ExtractStackTraceNoAlloc (byte*,int,string)
UnityEngine.StackTraceUtility:ExtractStackTrace ()
UnityEditor.AssetDatabase:ImportAsset (string,UnityEditor.ImportAssetOptions)
AreaBattle.EditorTools.RecoveredSkillEffectImporter:ImportNativeResource (AreaBattle.EditorTools.RecoveredSkillEffectImporter/Resource,string,System.Type) (at Assets/AreaBattle/Editor/RecoveredSkillEffectImporter.cs:105)
AreaBattle.EditorTools.RecoveredSkillEffectImporter:Import () (at Assets/AreaBattle/Editor/RecoveredSkillEffectImporter.cs:50)

[Assets/AreaBattle/Editor/RecoveredSkillEffectImporter.cs line 105]

 -> (artifact id: 'cf3d4f10f909b6afd81af287ba4122c5') in 0.0008178 seconds
Refreshing native plugins compatible for Editor in 0.00 ms, found 0 plugins.
Preloading 0 native plugins for Editor in 0.00 ms.
Asset Pipeline Refresh (id=8183be34263ce1749b3b55cf54040b1e): Total: 0.004 seconds - Initiated by StopAssetImportingV2(NoUpdateAssetOptions)
Start importing Assets/AreaBattle/Resources/Recovered/SkillEffects/Materials/CAB-40bbbedc8b1b217604bdd528a553b54c_-6729548506020844063.mat using Guid(4eb58277ae69bba4db3fdfbdd8f9f92c) (NativeFormatImporter)Main Object Name 'hdzd_effect_08' does not match filename 'CAB-40bbbedc8b1b217604bdd528a553b54c_-6729548506020844063'
UnityEngine.Debug:ExtractStackTraceNoAlloc (byte*,int,string)
UnityEngine.StackTraceUtility:ExtractStackTrace ()
UnityEditor.AssetDatabase:ImportAsset (string,UnityEditor.ImportAssetOptions)
AreaBattle.EditorTools.RecoveredSkillEffectImporter:ImportNativeResource (AreaBattle.EditorTools.RecoveredSkillEffectImporter/Resource,string,System.Type) (at Assets/AreaBattle/Editor/RecoveredSkillEffectImporter.cs:105)
AreaBattle.EditorTools.RecoveredSkillEffectImporter:Import () (at Assets/AreaBattle/Editor/RecoveredSkillEffectImporter.cs:50)

[Assets/AreaBattle/Editor/RecoveredSkillEffectImporter.cs line 105]

 -> (artifact id: '3545fe1ef95cda14ba01baa345c38e4b') in 0.0008321 seconds
Refreshing native plugins compatible for Editor in 0.00 ms, found 0 plugins.
Preloading 0 native plugins for Editor in 0.00 ms.
Asset Pipeline Refresh (id=2b4ee0ff239fe57439edbc9b1c339d1a): Total: 0.004 seconds - Initiated by StopAssetImportingV2(NoUpdateAssetOptions)
Start importing Assets/AreaBattle/Resources/Recovered/SkillEffects/Materials/CAB-2d74568b1220a62975099f27d6c15438_8942749157326436825.mat using Guid(7fc4be57bf6b45447bad3588afad1cff) (NativeFormatImporter)Main Object Name 'hdzd_arrow' does not match filename 'CAB-2d74568b1220a62975099f27d6c15438_8942749157326436825'
UnityEngine.Debug:ExtractStackTraceNoAlloc (byte*,int,string)
UnityEngine.StackTraceUtility:ExtractStackTrace ()
UnityEditor.AssetDatabase:ImportAsset (string,UnityEditor.ImportAssetOptions)
AreaBattle.EditorTools.RecoveredSkillEffectImporter:ImportNativeResource (AreaBattle.EditorTools.RecoveredSkillEffectImporter/Resource,string,System.Type) (at Assets/AreaBattle/Editor/RecoveredSkillEffectImporter.cs:105)
AreaBattle.EditorTools.RecoveredSkillEffectImporter:Import () (at Assets/AreaBattle/Editor/RecoveredSkillEffectImporter.cs:50)

[Assets/AreaBattle/Editor/RecoveredSkillEffectImporter.cs line 105]

 -> (artifact id: '2b4824b49a3924867439449a843c9ca9') in 0.000889 seconds
Refreshing native plugins compatible for Editor in 0.00 ms, found 0 plugins.
Preloading 0 native plugins for Editor in 0.00 ms.
Asset Pipeline Refresh (id=e753135ad0983bb469dca66a502f515e): Total: 0.004 seconds - Initiated by StopAssetImportingV2(NoUpdateAssetOptions)
Start importing Assets/AreaBattle/Resources/Recovered/SkillEffects/Materials/CAB-1d7e87c5734ccd3373c34f9d57060054_3517994658777084539.mat using Guid(bb56a1f393798be4c855c6ba5d1b267a) (NativeFormatImporter)Main Object Name 'hdzd_effect_ZHG_tail' does not match filename 'CAB-1d7e87c5734ccd3373c34f9d57060054_3517994658777084539'
UnityEngine.Debug:ExtractStackTraceNoAlloc (byte*,int,string)
UnityEngine.StackTraceUtility:ExtractStackTrace ()
UnityEditor.AssetDatabase:ImportAsset (string,UnityEditor.ImportAssetOptions)
AreaBattle.EditorTools.RecoveredSkillEffectImporter:ImportNativeResource (AreaBattle.EditorTools.RecoveredSkillEffectImporter/Resource,string,System.Type) (at Assets/AreaBattle/Editor/RecoveredSkillEffectImporter.cs:105)
AreaBattle.EditorTools.RecoveredSkillEffectImporter:Import () (at Assets/AreaBattle/Editor/RecoveredSkillEffectImporter.cs:50)

[Assets/AreaBattle/Editor/RecoveredSkillEffectImporter.cs line 105]

 -> (artifact id: '643aef888db7873cd7e075a670846aac') in 0.0009782 seconds
Refreshing native plugins compatible for Editor in 0.00 ms, found 0 plugins.
Preloading 0 native plugins for Editor in 0.00 ms.
Asset Pipeline Refresh (id=32c38560580018c4ba97943eaa34f217): Total: 0.005 seconds - Initiated by StopAssetImportingV2(NoUpdateAssetOptions)
Start importing Assets/AreaBattle/Resources/Recovered/SkillEffects/Materials/CAB-d2323c455ebcc0246df39529dbd730b8_-8782343763210515938.mat using Guid(76167c99329fc0a4da68f5309fda9b8e) (NativeFormatImporter)Main Object Name 'hdzd_effect_fscc_03' does not match filename 'CAB-d2323c455ebcc0246df39529dbd730b8_-8782343763210515938'
UnityEngine.Debug:ExtractStackTraceNoAlloc (byte*,int,string)
UnityEngine.StackTraceUtility:ExtractStackTrace ()
UnityEditor.AssetDatabase:ImportAsset (string,UnityEditor.ImportAssetOptions)
AreaBattle.EditorTools.RecoveredSkillEffectImporter:ImportNativeResource (AreaBattle.EditorTools.RecoveredSkillEffectImporter/Resource,string,System.Type) (at Assets/AreaBattle/Editor/RecoveredSkillEffectImporter.cs:105)
AreaBattle.EditorTools.RecoveredSkillEffectImporter:Import () (at Assets/AreaBattle/Editor/RecoveredSkillEffectImporter.cs:50)

[Assets/AreaBattle/Editor/RecoveredSkillEffectImporter.cs line 105]

 -> (artifact id: '8b71fc50544102be067b8940cdf69efa') in 0.0010087 seconds
Refreshing native plugins compatible for Editor in 0.00 ms, found 0 plugins.
Preloading 0 native plugins for Editor in 0.00 ms.
Asset Pipeline Refresh (id=6b179bff78be59242a77b6c916185252): Total: 0.004 seconds - Initiated by StopAssetImportingV2(NoUpdateAssetOptions)
Start importing Assets/AreaBattle/Resources/Recovered/SkillEffects/Materials/CAB-7ac3616fa8a610262ed8d468937ab989_-3797113894249268985.mat using Guid(b4bae6b79287bfb4b8183f084787146e) (NativeFormatImporter)Main Object Name 'hdzd_effect_21' does not match filename 'CAB-7ac3616fa8a610262ed8d468937ab989_-3797113894249268985'
UnityEngine.Debug:ExtractStackTraceNoAlloc (byte*,int,string)
UnityEngine.StackTraceUtility:ExtractStackTrace ()
UnityEditor.AssetDatabase:ImportAsset (string,UnityEditor.ImportAssetOptions)
AreaBattle.EditorTools.RecoveredSkillEffectImporter:ImportNativeResource (AreaBattle.EditorTools.RecoveredSkillEffectImporter/Resource,string,System.Type) (at Assets/AreaBattle/Editor/RecoveredSkillEffectImporter.cs:105)
AreaBattle.EditorTools.RecoveredSkillEffectImporter:Import () (at Assets/AreaBattle/Editor/RecoveredSkillEffectImporter.cs:50)

[Assets/AreaBattle/Editor/RecoveredSkillEffectImporter.cs line 105]

 -> (artifact id: '5dbd71a7edc718ef79299724ad98d449') in 0.000937 seconds
Refreshing native plugins compatible for Editor in 0.00 ms, found 0 plugins.
Preloading 0 native plugins for Editor in 0.00 ms.
Asset Pipeline Refresh (id=bed7ffad5b639044bac8755e980a4292): Total: 0.004 seconds - Initiated by StopAssetImportingV2(NoUpdateAssetOptions)
Start importing Assets/AreaBattle/Resources/Recovered/SkillEffects/Materials/CAB-2257cfc8984f23e9ae5af16bf640c2f7_-1569698839380325791.mat using Guid(96f6b20533c55c14daaaf1464a6530e8) (NativeFormatImporter)Main Object Name 'hdzd_effect_45' does not match filename 'CAB-2257cfc8984f23e9ae5af16bf640c2f7_-1569698839380325791'
UnityEngine.Debug:ExtractStackTraceNoAlloc (byte*,int,string)
UnityEngine.StackTraceUtility:ExtractStackTrace ()
UnityEditor.AssetDatabase:ImportAsset (string,UnityEditor.ImportAssetOptions)
AreaBattle.EditorTools.RecoveredSkillEffectImporter:ImportNativeResource (AreaBattle.EditorTools.RecoveredSkillEffectImporter/Resource,string,System.Type) (at Assets/AreaBattle/Editor/RecoveredSkillEffectImporter.cs:105)
AreaBattle.EditorTools.RecoveredSkillEffectImporter:Import () (at Assets/AreaBattle/Editor/RecoveredSkillEffectImporter.cs:50)

[Assets/AreaBattle/Editor/RecoveredSkillEffectImporter.cs line 105]

 -> (artifact id: 'e6e0c9f7d160e46723fb9e011dff0adf') in 0.0009889 seconds
Refreshing native plugins compatible for Editor in 0.00 ms, found 0 plugins.
Preloading 0 native plugins for Editor in 0.00 ms.
Asset Pipeline Refresh (id=14f977562644dbe459f88873fbf32297): Total: 0.004 seconds - Initiated by StopAssetImportingV2(NoUpdateAssetOptions)
Start importing Assets/AreaBattle/Resources/Recovered/SkillEffects/Materials/CAB-1c077a0cf275d29c38878307882be6fe_812417741705771719.mat using Guid(66a23df47d175ae4ababa0159633c670) (NativeFormatImporter)Main Object Name 'hdzd_arrow 1' does not match filename 'CAB-1c077a0cf275d29c38878307882be6fe_812417741705771719'
UnityEngine.Debug:ExtractStackTraceNoAlloc (byte*,int,string)
UnityEngine.StackTraceUtility:ExtractStackTrace ()
UnityEditor.AssetDatabase:ImportAsset (string,UnityEditor.ImportAssetOptions)
AreaBattle.EditorTools.RecoveredSkillEffectImporter:ImportNativeResource (AreaBattle.EditorTools.RecoveredSkillEffectImporter/Resource,string,System.Type) (at Assets/AreaBattle/Editor/RecoveredSkillEffectImporter.cs:105)
AreaBattle.EditorTools.RecoveredSkillEffectImporter:Import () (at Assets/AreaBattle/Editor/RecoveredSkillEffectImporter.cs:50)

[Assets/AreaBattle/Editor/RecoveredSkillEffectImporter.cs line 105]

 -> (artifact id: '17c62903702fe4f9d830b661ac66109e') in 0.0009519 seconds
Refreshing native plugins compatible for Editor in 0.00 ms, found 0 plugins.
Preloading 0 native plugins for Editor in 0.00 ms.
Asset Pipeline Refresh (id=7233c7180866e4441999b05c69bf9c13): Total: 0.004 seconds - Initiated by StopAssetImportingV2(NoUpdateAssetOptions)
Start importing Assets/AreaBattle/Resources/Recovered/SkillEffects/Materials/CAB-d0f3f0e851c1bddd11d87581445a920d_-5952268064049660912.mat using Guid(22965b3b7c7bd114783559c6841a5ce2) (NativeFormatImporter)Main Object Name 'hdzd_effect_ZHG_tail 1' does not match filename 'CAB-d0f3f0e851c1bddd11d87581445a920d_-5952268064049660912'
UnityEngine.Debug:ExtractStackTraceNoAlloc (byte*,int,string)
UnityEngine.StackTraceUtility:ExtractStackTrace ()
UnityEditor.AssetDatabase:ImportAsset (string,UnityEditor.ImportAssetOptions)
AreaBattle.EditorTools.RecoveredSkillEffectImporter:ImportNativeResource (AreaBattle.EditorTools.RecoveredSkillEffectImporter/Resource,string,System.Type) (at Assets/AreaBattle/Editor/RecoveredSkillEffectImporter.cs:105)
AreaBattle.EditorTools.RecoveredSkillEffectImporter:Import () (at Assets/AreaBattle/Editor/RecoveredSkillEffectImporter.cs:50)

[Assets/AreaBattle/Editor/RecoveredSkillEffectImporter.cs line 105]

 -> (artifact id: '043c8b62262cd2a4e6c4e06ad9865f7b') in 0.0009165 seconds
Refreshing native plugins compatible for Editor in 0.00 ms, found 0 plugins.
Preloading 0 native plugins for Editor in 0.00 ms.
Asset Pipeline Refresh (id=1dd1e1574ae600d468b64f7a4d721e68): Total: 0.004 seconds - Initiated by StopAssetImportingV2(NoUpdateAssetOptions)
Start importing Assets/AreaBattle/Resources/Recovered/SkillEffects/Materials/CAB-ea13117e14c468fb99bcc07ac05f4659_1331815031356795703.mat using Guid(7e2f8e3eb22b91a468ba23ec7abdc645) (NativeFormatImporter)Main Object Name 'lightray2' does not match filename 'CAB-ea13117e14c468fb99bcc07ac05f4659_1331815031356795703'
UnityEngine.Debug:ExtractStackTraceNoAlloc (byte*,int,string)
UnityEngine.StackTraceUtility:ExtractStackTrace ()
UnityEditor.AssetDatabase:ImportAsset (string,UnityEditor.ImportAssetOptions)
AreaBattle.EditorTools.RecoveredSkillEffectImporter:ImportNativeResource (AreaBattle.EditorTools.RecoveredSkillEffectImporter/Resource,string,System.Type) (at Assets/AreaBattle/Editor/RecoveredSkillEffectImporter.cs:105)
AreaBattle.EditorTools.RecoveredSkillEffectImporter:Import () (at Assets/AreaBattle/Editor/RecoveredSkillEffectImporter.cs:50)

[Assets/AreaBattle/Editor/RecoveredSkillEffectImporter.cs line 105]

 -> (artifact id: 'ed4bdda36fff27fb6c4cda72575c3ed6') in 0.0009608 seconds
Refreshing native plugins compatible for Editor in 0.00 ms, found 0 plugins.
Preloading 0 native plugins for Editor in 0.00 ms.
Asset Pipeline Refresh (id=07c303872bdb2f342b2d60250fd3bbbb): Total: 0.004 seconds - Initiated by StopAssetImportingV2(NoUpdateAssetOptions)
Start importing Assets/AreaBattle/Resources/Recovered/SkillEffects/Materials/CAB-0ae5914256951002e31bb24cd7addc02_-6004787084634217667.mat using Guid(57a3f52f4a8096942ba70c369ce5eb54) (NativeFormatImporter)Main Object Name 'sparkle_ADD' does not match filename 'CAB-0ae5914256951002e31bb24cd7addc02_-6004787084634217667'
UnityEngine.Debug:ExtractStackTraceNoAlloc (byte*,int,string)
UnityEngine.StackTraceUtility:ExtractStackTrace ()
UnityEditor.AssetDatabase:ImportAsset (string,UnityEditor.ImportAssetOptions)
AreaBattle.EditorTools.RecoveredSkillEffectImporter:ImportNativeResource (AreaBattle.EditorTools.RecoveredSkillEffectImporter/Resource,string,System.Type) (at Assets/AreaBattle/Editor/RecoveredSkillEffectImporter.cs:105)
AreaBattle.EditorTools.RecoveredSkillEffectImporter:Import () (at Assets/AreaBattle/Editor/RecoveredSkillEffectImporter.cs:50)

[Assets/AreaBattle/Editor/RecoveredSkillEffectImporter.cs line 105]

 -> (artifact id: 'ecd973fed55176ca4744adc372ffe026') in 0.0008012 seconds
Refreshing native plugins compatible for Editor in 0.00 ms, found 0 plugins.
Preloading 0 native plugins for Editor in 0.00 ms.
Asset Pipeline Refresh (id=d2399fbcb7e9c7d4b83a80568aa6a520): Total: 0.004 seconds - Initiated by StopAssetImportingV2(NoUpdateAssetOptions)
Start importing Assets/AreaBattle/Resources/Recovered/SkillEffects/Materials/CAB-f71156c22f1fb091339365595c199f19_5631586272951856970.mat using Guid(ff7698714d04d1c4eb142f56d53aae5a) (NativeFormatImporter)Main Object Name 'circle_additive' does not match filename 'CAB-f71156c22f1fb091339365595c199f19_5631586272951856970'
UnityEngine.Debug:ExtractStackTraceNoAlloc (byte*,int,string)
UnityEngine.StackTraceUtility:ExtractStackTrace ()
UnityEditor.AssetDatabase:ImportAsset (string,UnityEditor.ImportAssetOptions)
AreaBattle.EditorTools.RecoveredSkillEffectImporter:ImportNativeResource (AreaBattle.EditorTools.RecoveredSkillEffectImporter/Resource,string,System.Type) (at Assets/AreaBattle/Editor/RecoveredSkillEffectImporter.cs:105)
AreaBattle.EditorTools.RecoveredSkillEffectImporter:Import () (at Assets/AreaBattle/Editor/RecoveredSkillEffectImporter.cs:50)

[Assets/AreaBattle/Editor/RecoveredSkillEffectImporter.cs line 105]

 -> (artifact id: '3e7ed5778a87be4ce466e3d880f7381d') in 0.000874 seconds
Refreshing native plugins compatible for Editor in 0.00 ms, found 0 plugins.
Preloading 0 native plugins for Editor in 0.00 ms.
Asset Pipeline Refresh (id=a7c84e40366b23f4d82060cc69a4b6f4): Total: 0.004 seconds - Initiated by StopAssetImportingV2(NoUpdateAssetOptions)
Start importing Assets/AreaBattle/Resources/Recovered/SkillEffects/Materials/CAB-f048f57db790cc349ee2f14256d32c66_2623254590528819278.mat using Guid(a94e52f92eb533049be91e999cf546d4) (NativeFormatImporter)Main Object Name 'evil_spirit2' does not match filename 'CAB-f048f57db790cc349ee2f14256d32c66_2623254590528819278'
UnityEngine.Debug:ExtractStackTraceNoAlloc (byte*,int,string)
UnityEngine.StackTraceUtility:ExtractStackTrace ()
UnityEditor.AssetDatabase:ImportAsset (string,UnityEditor.ImportAssetOptions)
AreaBattle.EditorTools.RecoveredSkillEffectImporter:ImportNativeResource (AreaBattle.EditorTools.RecoveredSkillEffectImporter/Resource,string,System.Type) (at Assets/AreaBattle/Editor/RecoveredSkillEffectImporter.cs:105)
AreaBattle.EditorTools.RecoveredSkillEffectImporter:Import () (at Assets/AreaBattle/Editor/RecoveredSkillEffectImporter.cs:50)

[Assets/AreaBattle/Editor/RecoveredSkillEffectImporter.cs line 105]

 -> (artifact id: '8d09cb4dc296ec083da326f264d3039d') in 0.0008331 seconds
Refreshing native plugins compatible for Editor in 0.00 ms, found 0 plugins.
Preloading 0 native plugins for Editor in 0.00 ms.
Asset Pipeline Refresh (id=a161f837889fb94498702b3f1e4093c7): Total: 0.004 seconds - Initiated by StopAssetImportingV2(NoUpdateAssetOptions)
Start importing Assets/AreaBattle/Resources/Recovered/SkillEffects/Materials/CAB-533705d49499c791e8301410d08e9e75_-409156903912719154.mat using Guid(aaa9359a90c353b42bc1a63ebd0481d2) (NativeFormatImporter)Main Object Name 'portal_glow_add' does not match filename 'CAB-533705d49499c791e8301410d08e9e75_-409156903912719154'
UnityEngine.Debug:ExtractStackTraceNoAlloc (byte*,int,string)
UnityEngine.StackTraceUtility:ExtractStackTrace ()
UnityEditor.AssetDatabase:ImportAsset (string,UnityEditor.ImportAssetOptions)
AreaBattle.EditorTools.RecoveredSkillEffectImporter:ImportNativeResource (AreaBattle.EditorTools.RecoveredSkillEffectImporter/Resource,string,System.Type) (at Assets/AreaBattle/Editor/RecoveredSkillEffectImporter.cs:105)
AreaBattle.EditorTools.RecoveredSkillEffectImporter:Import () (at Assets/AreaBattle/Editor/RecoveredSkillEffectImporter.cs:50)

[Assets/AreaBattle/Editor/RecoveredSkillEffectImporter.cs line 105]

 -> (artifact id: '23f72a1474631354331d23e63a6ee979') in 0.0007968 seconds
Refreshing native plugins compatible for Editor in 0.00 ms, found 0 plugins.
Preloading 0 native plugins for Editor in 0.00 ms.
Asset Pipeline Refresh (id=a5bf4e679703ba64f8909a935b9d2e2c): Total: 0.004 seconds - Initiated by StopAssetImportingV2(NoUpdateAssetOptions)
Start importing Assets/AreaBattle/Resources/Recovered/SkillEffects/Materials/CAB-c6f151d05ffb1c142cfeee22ceab7f52_5557188237211521948.mat using Guid(1f84fe1dd32f49a4da6c96a659ace4c4) (NativeFormatImporter)Main Object Name 'hdzd_effect_hardball' does not match filename 'CAB-c6f151d05ffb1c142cfeee22ceab7f52_5557188237211521948'
UnityEngine.Debug:ExtractStackTraceNoAlloc (byte*,int,string)
UnityEngine.StackTraceUtility:ExtractStackTrace ()
UnityEditor.AssetDatabase:ImportAsset (string,UnityEditor.ImportAssetOptions)
AreaBattle.EditorTools.RecoveredSkillEffectImporter:ImportNativeResource (AreaBattle.EditorTools.RecoveredSkillEffectImporter/Resource,string,System.Type) (at Assets/AreaBattle/Editor/RecoveredSkillEffectImporter.cs:105)
AreaBattle.EditorTools.RecoveredSkillEffectImporter:Import () (at Assets/AreaBattle/Editor/RecoveredSkillEffectImporter.cs:50)

[Assets/AreaBattle/Editor/RecoveredSkillEffectImporter.cs line 105]

 -> (artifact id: '110f159bc7f7806dc7905a92aa02b3b3') in 0.0008418 seconds
Refreshing native plugins compatible for Editor in 0.00 ms, found 0 plugins.
Preloading 0 native plugins for Editor in 0.00 ms.
Asset Pipeline Refresh (id=faf2aa685b7771543a93aa96498b47ef): Total: 0.004 seconds - Initiated by StopAssetImportingV2(NoUpdateAssetOptions)
Start importing Assets/AreaBattle/Resources/Recovered/SkillEffects/Materials/CAB-a1833a2a4bf7bf982df2fce9e3faf3f9_-5023550976813572718.mat using Guid(b8e67f40318cfa14ea9941346130b3a8) (NativeFormatImporter)Main Object Name 'Hdzd_Effect_xt_021' does not match filename 'CAB-a1833a2a4bf7bf982df2fce9e3faf3f9_-5023550976813572718'
UnityEngine.Debug:ExtractStackTraceNoAlloc (byte*,int,string)
UnityEngine.StackTraceUtility:ExtractStackTrace ()
UnityEditor.AssetDatabase:ImportAsset (string,UnityEditor.ImportAssetOptions)
AreaBattle.EditorTools.RecoveredSkillEffectImporter:ImportNativeResource (AreaBattle.EditorTools.RecoveredSkillEffectImporter/Resource,string,System.Type) (at Assets/AreaBattle/Editor/RecoveredSkillEffectImporter.cs:105)
AreaBattle.EditorTools.RecoveredSkillEffectImporter:Import () (at Assets/AreaBattle/Editor/RecoveredSkillEffectImporter.cs:50)

[Assets/AreaBattle/Editor/RecoveredSkillEffectImporter.cs line 105]

 -> (artifact id: 'b1800c8fefea218d2c8a5959a4f2423e') in 0.00083 seconds
Refreshing native plugins compatible for Editor in 0.00 ms, found 0 plugins.
Preloading 0 native plugins for Editor in 0.00 ms.
Asset Pipeline Refresh (id=251777fd94d732b4ba027dd8b387f1f3): Total: 0.004 seconds - Initiated by StopAssetImportingV2(NoUpdateAssetOptions)
Start importing Assets/AreaBattle/Resources/Recovered/SkillEffects/Materials/CAB-090d639c6c5914a144671b2c114731a4_2260812671484388763.mat using Guid(781d4957e52952945bf6c9dd00e8415d) (NativeFormatImporter)Main Object Name 'Hdzd_Effect_xt_029' does not match filename 'CAB-090d639c6c5914a144671b2c114731a4_2260812671484388763'
UnityEngine.Debug:ExtractStackTraceNoAlloc (byte*,int,string)
UnityEngine.StackTraceUtility:ExtractStackTrace ()
UnityEditor.AssetDatabase:ImportAsset (string,UnityEditor.ImportAssetOptions)
AreaBattle.EditorTools.RecoveredSkillEffectImporter:ImportNativeResource (AreaBattle.EditorTools.RecoveredSkillEffectImporter/Resource,string,System.Type) (at Assets/AreaBattle/Editor/RecoveredSkillEffectImporter.cs:105)
AreaBattle.EditorTools.RecoveredSkillEffectImporter:Import () (at Assets/AreaBattle/Editor/RecoveredSkillEffectImporter.cs:50)

[Assets/AreaBattle/Editor/RecoveredSkillEffectImporter.cs line 105]

 -> (artifact id: 'e5704fba14f0754fd2c35d278371134e') in 0.0008167 seconds
Refreshing native plugins compatible for Editor in 0.00 ms, found 0 plugins.
Preloading 0 native plugins for Editor in 0.00 ms.
Asset Pipeline Refresh (id=3857880a945b9b046b6aa5d37588a5a1): Total: 0.004 seconds - Initiated by StopAssetImportingV2(NoUpdateAssetOptions)
Start importing Assets/AreaBattle/Resources/Recovered/SkillEffects/Materials/CAB-7333d3cf720347b6cec700930429dbf2_5121382841107618058.mat using Guid(a6bf7f130b9d87f418bdd06aa713b7c1) (NativeFormatImporter)Main Object Name 'Hdzd_Effect_xt_030' does not match filename 'CAB-7333d3cf720347b6cec700930429dbf2_5121382841107618058'
UnityEngine.Debug:ExtractStackTraceNoAlloc (byte*,int,string)
UnityEngine.StackTraceUtility:ExtractStackTrace ()
UnityEditor.AssetDatabase:ImportAsset (string,UnityEditor.ImportAssetOptions)
AreaBattle.EditorTools.RecoveredSkillEffectImporter:ImportNativeResource (AreaBattle.EditorTools.RecoveredSkillEffectImporter/Resource,string,System.Type) (at Assets/AreaBattle/Editor/RecoveredSkillEffectImporter.cs:105)
AreaBattle.EditorTools.RecoveredSkillEffectImporter:Import () (at Assets/AreaBattle/Editor/RecoveredSkillEffectImporter.cs:50)

[Assets/AreaBattle/Editor/RecoveredSkillEffectImporter.cs line 105]

 -> (artifact id: '0a913f2cb9f626ef1e505a583847f462') in 0.0008861 seconds
Refreshing native plugins compatible for Editor in 0.00 ms, found 0 plugins.
Preloading 0 native plugins for Editor in 0.00 ms.
Asset Pipeline Refresh (id=96a1c09f0166a00448a9cf0de643cce8): Total: 0.004 seconds - Initiated by StopAssetImportingV2(NoUpdateAssetOptions)
Start importing Assets/AreaBattle/Resources/Recovered/SkillEffects/Materials/CAB-592737105f7397ae6e64df80664ec60c_3087806033689472040.mat using Guid(7551775155e536447b5601ed5cbbf419) (NativeFormatImporter)Main Object Name 'hdzd_effect_33' does not match filename 'CAB-592737105f7397ae6e64df80664ec60c_3087806033689472040'
UnityEngine.Debug:ExtractStackTraceNoAlloc (byte*,int,string)
UnityEngine.StackTraceUtility:ExtractStackTrace ()
UnityEditor.AssetDatabase:ImportAsset (string,UnityEditor.ImportAssetOptions)
AreaBattle.EditorTools.RecoveredSkillEffectImporter:ImportNativeResource (AreaBattle.EditorTools.RecoveredSkillEffectImporter/Resource,string,System.Type) (at Assets/AreaBattle/Editor/RecoveredSkillEffectImporter.cs:105)
AreaBattle.EditorTools.RecoveredSkillEffectImporter:Import () (at Assets/AreaBattle/Editor/RecoveredSkillEffectImporter.cs:50)

[Assets/AreaBattle/Editor/RecoveredSkillEffectImporter.cs line 105]

 -> (artifact id: '131543b9aadf37ed31ec7d75f991e28f') in 0.0008431 seconds
Refreshing native plugins compatible for Editor in 0.00 ms, found 0 plugins.
Preloading 0 native plugins for Editor in 0.00 ms.
Asset Pipeline Refresh (id=9c5330f4465afc24abce430830d95fe1): Total: 0.004 seconds - Initiated by StopAssetImportingV2(NoUpdateAssetOptions)
Start importing Assets/AreaBattle/Resources/Recovered/SkillEffects/Materials/CAB-183d5a14d8fed3e7861ac6456f7a9ad0_-2092629688428558010.mat using Guid(b18918b6e89b18b498bc17e6e1493d51) (NativeFormatImporter)Main Object Name 'hdzd_effect_49' does not match filename 'CAB-183d5a14d8fed3e7861ac6456f7a9ad0_-2092629688428558010'
UnityEngine.Debug:ExtractStackTraceNoAlloc (byte*,int,string)
UnityEngine.StackTraceUtility:ExtractStackTrace ()
UnityEditor.AssetDatabase:ImportAsset (string,UnityEditor.ImportAssetOptions)
AreaBattle.EditorTools.RecoveredSkillEffectImporter:ImportNativeResource (AreaBattle.EditorTools.RecoveredSkillEffectImporter/Resource,string,System.Type) (at Assets/AreaBattle/Editor/RecoveredSkillEffectImporter.cs:105)
AreaBattle.EditorTools.RecoveredSkillEffectImporter:Import () (at Assets/AreaBattle/Editor/RecoveredSkillEffectImporter.cs:50)

[Assets/AreaBattle/Editor/RecoveredSkillEffectImporter.cs line 105]

 -> (artifact id: '367eed8c0278210503727dee1fbfda61') in 0.0011314 seconds
Refreshing native plugins compatible for Editor in 0.00 ms, found 0 plugins.
Preloading 0 native plugins for Editor in 0.00 ms.
Asset Pipeline Refresh (id=fdf7e05052464814db8d2317a3650ae4): Total: 0.004 seconds - Initiated by StopAssetImportingV2(NoUpdateAssetOptions)
Start importing Assets/AreaBattle/Resources/Recovered/SkillEffects/Materials/CAB-2c3d0af4b38df9658700595b6e7d71c5_3760729556827347742.mat using Guid(86d7e2cb6b78d674c885d9d534028dbe) (NativeFormatImporter)Main Object Name 'hdzd_effect_42' does not match filename 'CAB-2c3d0af4b38df9658700595b6e7d71c5_3760729556827347742'
UnityEngine.Debug:ExtractStackTraceNoAlloc (byte*,int,string)
UnityEngine.StackTraceUtility:ExtractStackTrace ()
UnityEditor.AssetDatabase:ImportAsset (string,UnityEditor.ImportAssetOptions)
AreaBattle.EditorTools.RecoveredSkillEffectImporter:ImportNativeResource (AreaBattle.EditorTools.RecoveredSkillEffectImporter/Resource,string,System.Type) (at Assets/AreaBattle/Editor/RecoveredSkillEffectImporter.cs:105)
AreaBattle.EditorTools.RecoveredSkillEffectImporter:Import () (at Assets/AreaBattle/Editor/RecoveredSkillEffectImporter.cs:50)

[Assets/AreaBattle/Editor/RecoveredSkillEffectImporter.cs line 105]

 -> (artifact id: 'b4e95dcf14704944afca86646e97cc47') in 0.0008128 seconds
Refreshing native plugins compatible for Editor in 0.00 ms, found 0 plugins.
Preloading 0 native plugins for Editor in 0.00 ms.
Asset Pipeline Refresh (id=31be2da3de5f2a8459f36b1247cdd2f3): Total: 0.004 seconds - Initiated by StopAssetImportingV2(NoUpdateAssetOptions)
Start importing Assets/AreaBattle/Resources/Recovered/SkillEffects/Materials/CAB-3c2e759b64953ecf49d5a2e2ca3e6a92_7186622589902897965.mat using Guid(197ed719577bdc24090629a2e141e9b3) (NativeFormatImporter)Main Object Name 'hdzd_effect_40' does not match filename 'CAB-3c2e759b64953ecf49d5a2e2ca3e6a92_7186622589902897965'
UnityEngine.Debug:ExtractStackTraceNoAlloc (byte*,int,string)
UnityEngine.StackTraceUtility:ExtractStackTrace ()
UnityEditor.AssetDatabase:ImportAsset (string,UnityEditor.ImportAssetOptions)
AreaBattle.EditorTools.RecoveredSkillEffectImporter:ImportNativeResource (AreaBattle.EditorTools.RecoveredSkillEffectImporter/Resource,string,System.Type) (at Assets/AreaBattle/Editor/RecoveredSkillEffectImporter.cs:105)
AreaBattle.EditorTools.RecoveredSkillEffectImporter:Import () (at Assets/AreaBattle/Editor/RecoveredSkillEffectImporter.cs:50)

[Assets/AreaBattle/Editor/RecoveredSkillEffectImporter.cs line 105]

 -> (artifact id: '9ae64b9156d300eace1d225eecaee236') in 0.0008095 seconds
Refreshing native plugins compatible for Editor in 0.00 ms, found 0 plugins.
Preloading 0 native plugins for Editor in 0.00 ms.
Asset Pipeline Refresh (id=9b2de22bbbf1b8548a6f249c1adb0581): Total: 0.004 seconds - Initiated by StopAssetImportingV2(NoUpdateAssetOptions)
Start importing Assets/AreaBattle/Resources/Recovered/SkillEffects/Materials/CAB-1392e12831e4d15bfbc7c8610d15bddc_8478435321002066160.mat using Guid(f7d94a7507e6ced40a941730164059b7) (NativeFormatImporter)Main Object Name 'hdzd_effect_41' does not match filename 'CAB-1392e12831e4d15bfbc7c8610d15bddc_8478435321002066160'
UnityEngine.Debug:ExtractStackTraceNoAlloc (byte*,int,string)
UnityEngine.StackTraceUtility:ExtractStackTrace ()
UnityEditor.AssetDatabase:ImportAsset (string,UnityEditor.ImportAssetOptions)
AreaBattle.EditorTools.RecoveredSkillEffectImporter:ImportNativeResource (AreaBattle.EditorTools.RecoveredSkillEffectImporter/Resource,string,System.Type) (at Assets/AreaBattle/Editor/RecoveredSkillEffectImporter.cs:105)
AreaBattle.EditorTools.RecoveredSkillEffectImporter:Import () (at Assets/AreaBattle/Editor/RecoveredSkillEffectImporter.cs:50)

[Assets/AreaBattle/Editor/RecoveredSkillEffectImporter.cs line 105]

 -> (artifact id: '515046d07615d10bb3f9675d701c0839') in 0.0008424 seconds
Refreshing native plugins compatible for Editor in 0.00 ms, found 0 plugins.
Preloading 0 native plugins for Editor in 0.00 ms.
Asset Pipeline Refresh (id=6ee5eca7be731aa40966202c7d3ab239): Total: 0.004 seconds - Initiated by StopAssetImportingV2(NoUpdateAssetOptions)
Start importing Assets/AreaBattle/Resources/Recovered/SkillEffects/Materials/CAB-63e568c6855b1c6bd6294798964a0b2b_-1477433810232758272.mat using Guid(ed7fa7e1b9e03a24895501ccc688f7ec) (NativeFormatImporter)Main Object Name 'hczzq_eff_fzjl014' does not match filename 'CAB-63e568c6855b1c6bd6294798964a0b2b_-1477433810232758272'
UnityEngine.Debug:ExtractStackTraceNoAlloc (byte*,int,string)
UnityEngine.StackTraceUtility:ExtractStackTrace ()
UnityEditor.AssetDatabase:ImportAsset (string,UnityEditor.ImportAssetOptions)
AreaBattle.EditorTools.RecoveredSkillEffectImporter:ImportNativeResource (AreaBattle.EditorTools.RecoveredSkillEffectImporter/Resource,string,System.Type) (at Assets/AreaBattle/Editor/RecoveredSkillEffectImporter.cs:105)
AreaBattle.EditorTools.RecoveredSkillEffectImporter:Import () (at Assets/AreaBattle/Editor/RecoveredSkillEffectImporter.cs:50)

[Assets/AreaBattle/Editor/RecoveredSkillEffectImporter.cs line 105]

 -> (artifact id: '6df5916951e931c8de947ed39b1fa313') in 0.0008788 seconds
Refreshing native plugins compatible for Editor in 0.00 ms, found 0 plugins.
Preloading 0 native plugins for Editor in 0.00 ms.
Asset Pipeline Refresh (id=49d185b8a612de845b51124a31fbd22e): Total: 0.004 seconds - Initiated by StopAssetImportingV2(NoUpdateAssetOptions)
Start importing Assets/AreaBattle/Resources/Recovered/SkillEffects/Materials/CAB-0d08036b3fd3ce032f161f48ded7e457_3141724337255547353.mat using Guid(a081411e67fcf9a48bf6aa672c462a86) (NativeFormatImporter)Main Object Name 'hdzd_effect_19' does not match filename 'CAB-0d08036b3fd3ce032f161f48ded7e457_3141724337255547353'
UnityEngine.Debug:ExtractStackTraceNoAlloc (byte*,int,string)
UnityEngine.StackTraceUtility:ExtractStackTrace ()
UnityEditor.AssetDatabase:ImportAsset (string,UnityEditor.ImportAssetOptions)
AreaBattle.EditorTools.RecoveredSkillEffectImporter:ImportNativeResource (AreaBattle.EditorTools.RecoveredSkillEffectImporter/Resource,string,System.Type) (at Assets/AreaBattle/Editor/RecoveredSkillEffectImporter.cs:105)
AreaBattle.EditorTools.RecoveredSkillEffectImporter:Import () (at Assets/AreaBattle/Editor/RecoveredSkillEffectImporter.cs:50)

[Assets/AreaBattle/Editor/RecoveredSkillEffectImporter.cs line 105]

 -> (artifact id: '96871aab19d401b41afbd0fd7771afdf') in 0.0008127 seconds
Refreshing native plugins compatible for Editor in 0.00 ms, found 0 plugins.
Preloading 0 native plugins for Editor in 0.00 ms.
Asset Pipeline Refresh (id=bd6f667e6b2766948bc5d75796e63a77): Total: 0.004 seconds - Initiated by StopAssetImportingV2(NoUpdateAssetOptions)
Start importing Assets/AreaBattle/Resources/Recovered/SkillEffects/Materials/CAB-e3b270379c62de49765afc8864b80551_8958965852060973288.mat using Guid(876416198e21ef541afdcfde7f9d0cfa) (NativeFormatImporter)Main Object Name 'hdzd_effect_quan' does not match filename 'CAB-e3b270379c62de49765afc8864b80551_8958965852060973288'
UnityEngine.Debug:ExtractStackTraceNoAlloc (byte*,int,string)
UnityEngine.StackTraceUtility:ExtractStackTrace ()
UnityEditor.AssetDatabase:ImportAsset (string,UnityEditor.ImportAssetOptions)
AreaBattle.EditorTools.RecoveredSkillEffectImporter:ImportNativeResource (AreaBattle.EditorTools.RecoveredSkillEffectImporter/Resource,string,System.Type) (at Assets/AreaBattle/Editor/RecoveredSkillEffectImporter.cs:105)
AreaBattle.EditorTools.RecoveredSkillEffectImporter:Import () (at Assets/AreaBattle/Editor/RecoveredSkillEffectImporter.cs:50)

[Assets/AreaBattle/Editor/RecoveredSkillEffectImporter.cs line 105]

 -> (artifact id: '697ab09f7189094e273b8ade41fbce99') in 0.000782 seconds
Refreshing native plugins compatible for Editor in 0.00 ms, found 0 plugins.
Preloading 0 native plugins for Editor in 0.00 ms.
Asset Pipeline Refresh (id=a734780db6d15894197c1c6c5ed87586): Total: 0.004 seconds - Initiated by StopAssetImportingV2(NoUpdateAssetOptions)
Start importing Assets/AreaBattle/Resources/Recovered/SkillEffects/Materials/CAB-15cd2503843d4ae05ff416d82d7184e0_6056150963315684923.mat using Guid(8c3642613fed3cc4e92d2bbc648dbf9c) (NativeFormatImporter)Main Object Name 'hdzd_effect_47' does not match filename 'CAB-15cd2503843d4ae05ff416d82d7184e0_6056150963315684923'
UnityEngine.Debug:ExtractStackTraceNoAlloc (byte*,int,string)
UnityEngine.StackTraceUtility:ExtractStackTrace ()
UnityEditor.AssetDatabase:ImportAsset (string,UnityEditor.ImportAssetOptions)
AreaBattle.EditorTools.RecoveredSkillEffectImporter:ImportNativeResource (AreaBattle.EditorTools.RecoveredSkillEffectImporter/Resource,string,System.Type) (at Assets/AreaBattle/Editor/RecoveredSkillEffectImporter.cs:105)
AreaBattle.EditorTools.RecoveredSkillEffectImporter:Import () (at Assets/AreaBattle/Editor/RecoveredSkillEffectImporter.cs:50)

[Assets/AreaBattle/Editor/RecoveredSkillEffectImporter.cs line 105]

 -> (artifact id: 'a1f29c8ffdd2358e9adec84f226956b4') in 0.0008546 seconds
Refreshing native plugins compatible for Editor in 0.00 ms, found 0 plugins.
Preloading 0 native plugins for Editor in 0.00 ms.
Asset Pipeline Refresh (id=fa468d64b829a6c4d827dfe49a348761): Total: 0.004 seconds - Initiated by StopAssetImportingV2(NoUpdateAssetOptions)
Start importing Assets/AreaBattle/Resources/Recovered/SkillEffects/Materials/CAB-e03668dc5187870bbe766721fce49774_6717428382534104069.mat using Guid(1b4937beed35f484d844f2c8041d5f5c) (NativeFormatImporter)Main Object Name 'hczd_eff_DiamodGlow03' does not match filename 'CAB-e03668dc5187870bbe766721fce49774_6717428382534104069'
UnityEngine.Debug:ExtractStackTraceNoAlloc (byte*,int,string)
UnityEngine.StackTraceUtility:ExtractStackTrace ()
UnityEditor.AssetDatabase:ImportAsset (string,UnityEditor.ImportAssetOptions)
AreaBattle.EditorTools.RecoveredSkillEffectImporter:ImportNativeResource (AreaBattle.EditorTools.RecoveredSkillEffectImporter/Resource,string,System.Type) (at Assets/AreaBattle/Editor/RecoveredSkillEffectImporter.cs:105)
AreaBattle.EditorTools.RecoveredSkillEffectImporter:Import () (at Assets/AreaBattle/Editor/RecoveredSkillEffectImporter.cs:50)

[Assets/AreaBattle/Editor/RecoveredSkillEffectImporter.cs line 105]

 -> (artifact id: '5fbb791a302f9ac1a62f83a76a4adee6') in 0.0007877 seconds
Refreshing native plugins compatible for Editor in 0.00 ms, found 0 plugins.
Preloading 0 native plugins for Editor in 0.00 ms.
Asset Pipeline Refresh (id=bb54f0c3a4af38d47b42cbf102e34d19): Total: 0.004 seconds - Initiated by StopAssetImportingV2(NoUpdateAssetOptions)
Start importing Assets/AreaBattle/Resources/Recovered/SkillEffects/Materials/CAB-448c83b0840fc8ee2b0969a86f330f8c_6091802751096038991.mat using Guid(37d43ec22baa65a4a9de477536ee373f) (NativeFormatImporter)Main Object Name 'hczzq_eff_zznh014' does not match filename 'CAB-448c83b0840fc8ee2b0969a86f330f8c_6091802751096038991'
UnityEngine.Debug:ExtractStackTraceNoAlloc (byte*,int,string)
UnityEngine.StackTraceUtility:ExtractStackTrace ()
UnityEditor.AssetDatabase:ImportAsset (string,UnityEditor.ImportAssetOptions)
AreaBattle.EditorTools.RecoveredSkillEffectImporter:ImportNativeResource (AreaBattle.EditorTools.RecoveredSkillEffectImporter/Resource,string,System.Type) (at Assets/AreaBattle/Editor/RecoveredSkillEffectImporter.cs:105)
AreaBattle.EditorTools.RecoveredSkillEffectImporter:Import () (at Assets/AreaBattle/Editor/RecoveredSkillEffectImporter.cs:50)

[Assets/AreaBattle/Editor/RecoveredSkillEffectImporter.cs line 105]

 -> (artifact id: '8ea31e56f5cd32e8eff8e47ae095907f') in 0.0008505 seconds
Refreshing native plugins compatible for Editor in 0.00 ms, found 0 plugins.
Preloading 0 native plugins for Editor in 0.00 ms.
Asset Pipeline Refresh (id=63eeb34379235054a8cffc7f484a5883): Total: 0.004 seconds - Initiated by StopAssetImportingV2(NoUpdateAssetOptions)
Start importing Assets/AreaBattle/Resources/Recovered/SkillEffects/Materials/CAB-6456e1d185f21a57f7604460623e1937_5134243608209476887.mat using Guid(4314bdef309806a4792e761d79e7cefb) (NativeFormatImporter)Main Object Name 'hdzd_effect_46' does not match filename 'CAB-6456e1d185f21a57f7604460623e1937_5134243608209476887'
UnityEngine.Debug:ExtractStackTraceNoAlloc (byte*,int,string)
UnityEngine.StackTraceUtility:ExtractStackTrace ()
UnityEditor.AssetDatabase:ImportAsset (string,UnityEditor.ImportAssetOptions)
AreaBattle.EditorTools.RecoveredSkillEffectImporter:ImportNativeResource (AreaBattle.EditorTools.RecoveredSkillEffectImporter/Resource,string,System.Type) (at Assets/AreaBattle/Editor/RecoveredSkillEffectImporter.cs:105)
AreaBattle.EditorTools.RecoveredSkillEffectImporter:Import () (at Assets/AreaBattle/Editor/RecoveredSkillEffectImporter.cs:50)

[Assets/AreaBattle/Editor/RecoveredSkillEffectImporter.cs line 105]

 -> (artifact id: '999c4187d4b4ede3f099349a7e9961ab') in 0.00089 seconds
Refreshing native plugins compatible for Editor in 0.00 ms, found 0 plugins.
Preloading 0 native plugins for Editor in 0.00 ms.
Asset Pipeline Refresh (id=deb3a6a6326f7694f9ae23e20beebf3b): Total: 0.004 seconds - Initiated by StopAssetImportingV2(NoUpdateAssetOptions)
Start importing Assets/AreaBattle/Resources/Recovered/SkillEffects/Materials/CAB-48d485a56077b640c6ed21b6530dd779_-8269414569886654277.mat using Guid(8d0c051f032c4a342af566fe31ca55f5) (NativeFormatImporter)Main Object Name 'hdzd_effect_34' does not match filename 'CAB-48d485a56077b640c6ed21b6530dd779_-8269414569886654277'
UnityEngine.Debug:ExtractStackTraceNoAlloc (byte*,int,string)
UnityEngine.StackTraceUtility:ExtractStackTrace ()
UnityEditor.AssetDatabase:ImportAsset (string,UnityEditor.ImportAssetOptions)
AreaBattle.EditorTools.RecoveredSkillEffectImporter:ImportNativeResource (AreaBattle.EditorTools.RecoveredSkillEffectImporter/Resource,string,System.Type) (at Assets/AreaBattle/Editor/RecoveredSkillEffectImporter.cs:105)
AreaBattle.EditorTools.RecoveredSkillEffectImporter:Import () (at Assets/AreaBattle/Editor/RecoveredSkillEffectImporter.cs:50)

[Assets/AreaBattle/Editor/RecoveredSkillEffectImporter.cs line 105]

 -> (artifact id: '7a8cb2eb9de2525b1b49faaac4bcf7b3') in 0.0009086 seconds
Refreshing native plugins compatible for Editor in 0.00 ms, found 0 plugins.
Preloading 0 native plugins for Editor in 0.00 ms.
Asset Pipeline Refresh (id=2420c63499751f9478e644bafd705030): Total: 0.004 seconds - Initiated by StopAssetImportingV2(NoUpdateAssetOptions)
Start importing Assets/AreaBattle/Resources/Recovered/SkillEffects/Materials/CAB-70685614a504dc4ab2d415c300dbfe87_3998861782929299779.mat using Guid(9279be2e1ff52d648b46eaeb45e8a2cb) (NativeFormatImporter)Main Object Name 'hdzd_effect_17' does not match filename 'CAB-70685614a504dc4ab2d415c300dbfe87_3998861782929299779'
UnityEngine.Debug:ExtractStackTraceNoAlloc (byte*,int,string)
UnityEngine.StackTraceUtility:ExtractStackTrace ()
UnityEditor.AssetDatabase:ImportAsset (string,UnityEditor.ImportAssetOptions)
AreaBattle.EditorTools.RecoveredSkillEffectImporter:ImportNativeResource (AreaBattle.EditorTools.RecoveredSkillEffectImporter/Resource,string,System.Type) (at Assets/AreaBattle/Editor/RecoveredSkillEffectImporter.cs:105)
AreaBattle.EditorTools.RecoveredSkillEffectImporter:Import () (at Assets/AreaBattle/Editor/RecoveredSkillEffectImporter.cs:50)

[Assets/AreaBattle/Editor/RecoveredSkillEffectImporter.cs line 105]

 -> (artifact id: '94b7a22ac6309cf353f1cc5a23678f81') in 0.0008696 seconds
Refreshing native plugins compatible for Editor in 0.00 ms, found 0 plugins.
Preloading 0 native plugins for Editor in 0.00 ms.
Asset Pipeline Refresh (id=8184438350d875a4b9bfe5f9a5c24ddc): Total: 0.004 seconds - Initiated by StopAssetImportingV2(NoUpdateAssetOptions)
Start importing Assets/AreaBattle/Resources/Recovered/SkillEffects/Materials/CAB-a7f0bc265d712229fa3b45afea55b9e5_5085145172284521549.mat using Guid(afa4631fa5831d442bdc98dcadd565f0) (NativeFormatImporter)Main Object Name 'hdzd_effect_16' does not match filename 'CAB-a7f0bc265d712229fa3b45afea55b9e5_5085145172284521549'
UnityEngine.Debug:ExtractStackTraceNoAlloc (byte*,int,string)
UnityEngine.StackTraceUtility:ExtractStackTrace ()
UnityEditor.AssetDatabase:ImportAsset (string,UnityEditor.ImportAssetOptions)
AreaBattle.EditorTools.RecoveredSkillEffectImporter:ImportNativeResource (AreaBattle.EditorTools.RecoveredSkillEffectImporter/Resource,string,System.Type) (at Assets/AreaBattle/Editor/RecoveredSkillEffectImporter.cs:105)
AreaBattle.EditorTools.RecoveredSkillEffectImporter:Import () (at Assets/AreaBattle/Editor/RecoveredSkillEffectImporter.cs:50)

[Assets/AreaBattle/Editor/RecoveredSkillEffectImporter.cs line 105]

 -> (artifact id: 'fc793d8ba0d07bc36bd2af66f04b2dbd') in 0.0008505 seconds
Refreshing native plugins compatible for Editor in 0.00 ms, found 0 plugins.
Preloading 0 native plugins for Editor in 0.00 ms.
Asset Pipeline Refresh (id=c8574b2858def1241862c75eef5205ab): Total: 0.004 seconds - Initiated by StopAssetImportingV2(NoUpdateAssetOptions)
Start importing Assets/AreaBattle/Resources/Recovered/SkillEffects/Materials/CAB-e85671b12134c2cc2f6e9da8d67430fc_144543176694098253.mat using Guid(b3be44cf992f6704da1b2ad1ce9f6f64) (NativeFormatImporter)Main Object Name 'hdzd_effect_23' does not match filename 'CAB-e85671b12134c2cc2f6e9da8d67430fc_144543176694098253'
UnityEngine.Debug:ExtractStackTraceNoAlloc (byte*,int,string)
UnityEngine.StackTraceUtility:ExtractStackTrace ()
UnityEditor.AssetDatabase:ImportAsset (string,UnityEditor.ImportAssetOptions)
AreaBattle.EditorTools.RecoveredSkillEffectImporter:ImportNativeResource (AreaBattle.EditorTools.RecoveredSkillEffectImporter/Resource,string,System.Type) (at Assets/AreaBattle/Editor/RecoveredSkillEffectImporter.cs:105)
AreaBattle.EditorTools.RecoveredSkillEffectImporter:Import () (at Assets/AreaBattle/Editor/RecoveredSkillEffectImporter.cs:50)

[Assets/AreaBattle/Editor/RecoveredSkillEffectImporter.cs line 105]

 -> (artifact id: '2b72ccdb4da0e1eacac0be2a9c5a478c') in 0.0008486 seconds
Refreshing native plugins compatible for Editor in 0.00 ms, found 0 plugins.
Preloading 0 native plugins for Editor in 0.00 ms.
Asset Pipeline Refresh (id=fe33ce881163e8040bb9bc0d9f2f00cb): Total: 0.004 seconds - Initiated by StopAssetImportingV2(NoUpdateAssetOptions)
Start importing Assets/AreaBattle/Resources/Recovered/SkillEffects/Materials/CAB-cc2db3d58af50c710d65ec3a8f79cb31_8308402369294867413.mat using Guid(c95a43457cf60cd42bca9d48df404da2) (NativeFormatImporter)Main Object Name 'Default-ParticleSystem' does not match filename 'CAB-cc2db3d58af50c710d65ec3a8f79cb31_8308402369294867413'
UnityEngine.Debug:ExtractStackTraceNoAlloc (byte*,int,string)
UnityEngine.StackTraceUtility:ExtractStackTrace ()
UnityEditor.AssetDatabase:ImportAsset (string,UnityEditor.ImportAssetOptions)
AreaBattle.EditorTools.RecoveredSkillEffectImporter:ImportNativeResource (AreaBattle.EditorTools.RecoveredSkillEffectImporter/Resource,string,System.Type) (at Assets/AreaBattle/Editor/RecoveredSkillEffectImporter.cs:105)
AreaBattle.EditorTools.RecoveredSkillEffectImporter:Import () (at Assets/AreaBattle/Editor/RecoveredSkillEffectImporter.cs:50)

[Assets/AreaBattle/Editor/RecoveredSkillEffectImporter.cs line 105]

 -> (artifact id: '1e4862033a83b77228144a90e80bfb4f') in 0.0008429 seconds
Refreshing native plugins compatible for Editor in 0.00 ms, found 0 plugins.
Preloading 0 native plugins for Editor in 0.00 ms.
Asset Pipeline Refresh (id=e99ba8b3232c3f64d89f008c32a148a8): Total: 0.004 seconds - Initiated by StopAssetImportingV2(NoUpdateAssetOptions)
Start importing Assets/AreaBattle/Resources/Recovered/SkillEffects/Materials/CAB-ef63ed369511ab2bbc730df874a9da4e_-1978203487118283885.mat using Guid(120fdb61b17fab741b1cc6efdf068e67) (NativeFormatImporter)Main Object Name 'hdzd_effect_yuanzhu' does not match filename 'CAB-ef63ed369511ab2bbc730df874a9da4e_-1978203487118283885'
UnityEngine.Debug:ExtractStackTraceNoAlloc (byte*,int,string)
UnityEngine.StackTraceUtility:ExtractStackTrace ()
UnityEditor.AssetDatabase:ImportAsset (string,UnityEditor.ImportAssetOptions)
AreaBattle.EditorTools.RecoveredSkillEffectImporter:ImportNativeResource (AreaBattle.EditorTools.RecoveredSkillEffectImporter/Resource,string,System.Type) (at Assets/AreaBattle/Editor/RecoveredSkillEffectImporter.cs:105)
AreaBattle.EditorTools.RecoveredSkillEffectImporter:Import () (at Assets/AreaBattle/Editor/RecoveredSkillEffectImporter.cs:50)

[Assets/AreaBattle/Editor/RecoveredSkillEffectImporter.cs line 105]

 -> (artifact id: '7bddbec1d8aecabb9cf10ed6f2908294') in 0.0008293 seconds
Refreshing native plugins compatible for Editor in 0.00 ms, found 0 plugins.
Preloading 0 native plugins for Editor in 0.00 ms.
Asset Pipeline Refresh (id=14ad94f6e4f7d894b9394aa98cf55061): Total: 0.004 seconds - Initiated by StopAssetImportingV2(NoUpdateAssetOptions)
Start importing Assets/AreaBattle/Resources/Recovered/SkillEffects/Materials/CAB-ebb1831689a10ac537380e616f13c923_4659941340022719281.mat using Guid(594446ac2fa3a4640b56235f46adddda) (NativeFormatImporter)Main Object Name 'xqzd_effect_weiyan_02' does not match filename 'CAB-ebb1831689a10ac537380e616f13c923_4659941340022719281'
UnityEngine.Debug:ExtractStackTraceNoAlloc (byte*,int,string)
UnityEngine.StackTraceUtility:ExtractStackTrace ()
UnityEditor.AssetDatabase:ImportAsset (string,UnityEditor.ImportAssetOptions)
AreaBattle.EditorTools.RecoveredSkillEffectImporter:ImportNativeResource (AreaBattle.EditorTools.RecoveredSkillEffectImporter/Resource,string,System.Type) (at Assets/AreaBattle/Editor/RecoveredSkillEffectImporter.cs:105)
AreaBattle.EditorTools.RecoveredSkillEffectImporter:Import () (at Assets/AreaBattle/Editor/RecoveredSkillEffectImporter.cs:50)

[Assets/AreaBattle/Editor/RecoveredSkillEffectImporter.cs line 105]

 -> (artifact id: 'd5365e0a2c3f14375a007c7e1e449944') in 0.0009237 seconds
Refreshing native plugins compatible for Editor in 0.00 ms, found 0 plugins.
Preloading 0 native plugins for Editor in 0.00 ms.
Asset Pipeline Refresh (id=7e69657847d6aa14faebe32c889efefc): Total: 0.004 seconds - Initiated by StopAssetImportingV2(NoUpdateAssetOptions)
Start importing Assets/AreaBattle/Resources/Recovered/SkillEffects/Materials/CAB-f3a82decb8a135c5ad5ecb677693125b_-2973416218152658743.mat using Guid(150ec35ce038c08488b8b11560822457) (NativeFormatImporter)Main Object Name 'hdzd_effect_huixue' does not match filename 'CAB-f3a82decb8a135c5ad5ecb677693125b_-2973416218152658743'
UnityEngine.Debug:ExtractStackTraceNoAlloc (byte*,int,string)
UnityEngine.StackTraceUtility:ExtractStackTrace ()
UnityEditor.AssetDatabase:ImportAsset (string,UnityEditor.ImportAssetOptions)
AreaBattle.EditorTools.RecoveredSkillEffectImporter:ImportNativeResource (AreaBattle.EditorTools.RecoveredSkillEffectImporter/Resource,string,System.Type) (at Assets/AreaBattle/Editor/RecoveredSkillEffectImporter.cs:105)
AreaBattle.EditorTools.RecoveredSkillEffectImporter:Import () (at Assets/AreaBattle/Editor/RecoveredSkillEffectImporter.cs:50)

[Assets/AreaBattle/Editor/RecoveredSkillEffectImporter.cs line 105]

 -> (artifact id: '703bd2a71c5d688f371227e14539f3a0') in 0.0008771 seconds
Refreshing native plugins compatible for Editor in 0.00 ms, found 0 plugins.
Preloading 0 native plugins for Editor in 0.00 ms.
Asset Pipeline Refresh (id=6ba17d16eec75d843875fe05ebc52d07): Total: 0.004 seconds - Initiated by StopAssetImportingV2(NoUpdateAssetOptions)
Start importing Assets/AreaBattle/Resources/Recovered/SkillEffects/Materials/CAB-cf300be6560faa73069f4e040c134e93_-6896341616090174007.mat using Guid(24a0b3df15a956c4d9150e3e9c1e8c02) (NativeFormatImporter)Main Object Name 'hdzd_effect_boss03_04' does not match filename 'CAB-cf300be6560faa73069f4e040c134e93_-6896341616090174007'
UnityEngine.Debug:ExtractStackTraceNoAlloc (byte*,int,string)
UnityEngine.StackTraceUtility:ExtractStackTrace ()
UnityEditor.AssetDatabase:ImportAsset (string,UnityEditor.ImportAssetOptions)
AreaBattle.EditorTools.RecoveredSkillEffectImporter:ImportNativeResource (AreaBattle.EditorTools.RecoveredSkillEffectImporter/Resource,string,System.Type) (at Assets/AreaBattle/Editor/RecoveredSkillEffectImporter.cs:105)
AreaBattle.EditorTools.RecoveredSkillEffectImporter:Import () (at Assets/AreaBattle/Editor/RecoveredSkillEffectImporter.cs:50)

[Assets/AreaBattle/Editor/RecoveredSkillEffectImporter.cs line 105]

 -> (artifact id: '9a27966303760d4f8735e968c7433a31') in 0.0008406 seconds
Refreshing native plugins compatible for Editor in 0.00 ms, found 0 plugins.
Preloading 0 native plugins for Editor in 0.00 ms.
Asset Pipeline Refresh (id=0f33544de920cd34c8b917da5de377d3): Total: 0.004 seconds - Initiated by StopAssetImportingV2(NoUpdateAssetOptions)
Start importing Assets/AreaBattle/Resources/Recovered/SkillEffects/Materials/CAB-be252f6f259f047922fefc0802965123_-8104934999511519781.mat using Guid(eaadb7b36eb82a044beaf155ec9e2413) (NativeFormatImporter)Main Object Name 'hdzd_effect_hszz001' does not match filename 'CAB-be252f6f259f047922fefc0802965123_-8104934999511519781'
UnityEngine.Debug:ExtractStackTraceNoAlloc (byte*,int,string)
UnityEngine.StackTraceUtility:ExtractStackTrace ()
UnityEditor.AssetDatabase:ImportAsset (string,UnityEditor.ImportAssetOptions)
AreaBattle.EditorTools.RecoveredSkillEffectImporter:ImportNativeResource (AreaBattle.EditorTools.RecoveredSkillEffectImporter/Resource,string,System.Type) (at Assets/AreaBattle/Editor/RecoveredSkillEffectImporter.cs:105)
AreaBattle.EditorTools.RecoveredSkillEffectImporter:Import () (at Assets/AreaBattle/Editor/RecoveredSkillEffectImporter.cs:50)

[Assets/AreaBattle/Editor/RecoveredSkillEffectImporter.cs line 105]

 -> (artifact id: '0770c470b8eccf964336b04434902eb8') in 0.0008262 seconds
Refreshing native plugins compatible for Editor in 0.00 ms, found 0 plugins.
Preloading 0 native plugins for Editor in 0.00 ms.
Asset Pipeline Refresh (id=c48c3ad7a7ee32041a73a0593d67464b): Total: 0.004 seconds - Initiated by StopAssetImportingV2(NoUpdateAssetOptions)
Start importing Assets/AreaBattle/Resources/Recovered/SkillEffects/Materials/CAB-687d88dca2ac66beeec945e4414de90b_-6223761927253335795.mat using Guid(94093cd68ec049d4291555ad90bfe5ba) (NativeFormatImporter)Main Object Name 'hdzd_eff_lizi_05' does not match filename 'CAB-687d88dca2ac66beeec945e4414de90b_-6223761927253335795'
UnityEngine.Debug:ExtractStackTraceNoAlloc (byte*,int,string)
UnityEngine.StackTraceUtility:ExtractStackTrace ()
UnityEditor.AssetDatabase:ImportAsset (string,UnityEditor.ImportAssetOptions)
AreaBattle.EditorTools.RecoveredSkillEffectImporter:ImportNativeResource (AreaBattle.EditorTools.RecoveredSkillEffectImporter/Resource,string,System.Type) (at Assets/AreaBattle/Editor/RecoveredSkillEffectImporter.cs:105)
AreaBattle.EditorTools.RecoveredSkillEffectImporter:Import () (at Assets/AreaBattle/Editor/RecoveredSkillEffectImporter.cs:50)

[Assets/AreaBattle/Editor/RecoveredSkillEffectImporter.cs line 105]

 -> (artifact id: '7bb9aead94c0cfa72b4a3acf9bfed494') in 0.0008819 seconds
Refreshing native plugins compatible for Editor in 0.00 ms, found 0 plugins.
Preloading 0 native plugins for Editor in 0.00 ms.
Asset Pipeline Refresh (id=644df3720194d9c468201acb60ca146b): Total: 0.004 seconds - Initiated by StopAssetImportingV2(NoUpdateAssetOptions)
Start importing Assets/AreaBattle/Resources/Recovered/SkillEffects/Materials/CAB-197fc3420ef01863297963bcf431834f_-6562632805628259368.mat using Guid(e0bc33d0b762f714fbe401d34ac6b6cb) (NativeFormatImporter)Main Object Name 'Sprites-Default' does not match filename 'CAB-197fc3420ef01863297963bcf431834f_-6562632805628259368'
UnityEngine.Debug:ExtractStackTraceNoAlloc (byte*,int,string)
UnityEngine.StackTraceUtility:ExtractStackTrace ()
UnityEditor.AssetDatabase:ImportAsset (string,UnityEditor.ImportAssetOptions)
AreaBattle.EditorTools.RecoveredSkillEffectImporter:ImportNativeResource (AreaBattle.EditorTools.RecoveredSkillEffectImporter/Resource,string,System.Type) (at Assets/AreaBattle/Editor/RecoveredSkillEffectImporter.cs:105)
AreaBattle.EditorTools.RecoveredSkillEffectImporter:Import () (at Assets/AreaBattle/Editor/RecoveredSkillEffectImporter.cs:50)

[Assets/AreaBattle/Editor/RecoveredSkillEffectImporter.cs line 105]

 -> (artifact id: 'eb14f1988317d363b55bd8b9ab7037cf') in 0.0007643 seconds
Refreshing native plugins compatible for Editor in 0.00 ms, found 0 plugins.
Preloading 0 native plugins for Editor in 0.00 ms.
Asset Pipeline Refresh (id=8ed1f2d217e669146959f0509a7d3453): Total: 0.004 seconds - Initiated by StopAssetImportingV2(NoUpdateAssetOptions)
Start importing Assets/AreaBattle/Resources/Recovered/SkillEffects/Materials/CAB-3cc2d30da189afedd343283adac986bd_-2203015499385285845.mat using Guid(816c9fd0f32afbc49a16a66c112360b2) (NativeFormatImporter)Main Object Name 'hdzd_effect_58' does not match filename 'CAB-3cc2d30da189afedd343283adac986bd_-2203015499385285845'
UnityEngine.Debug:ExtractStackTraceNoAlloc (byte*,int,string)
UnityEngine.StackTraceUtility:ExtractStackTrace ()
UnityEditor.AssetDatabase:ImportAsset (string,UnityEditor.ImportAssetOptions)
AreaBattle.EditorTools.RecoveredSkillEffectImporter:ImportNativeResource (AreaBattle.EditorTools.RecoveredSkillEffectImporter/Resource,string,System.Type) (at Assets/AreaBattle/Editor/RecoveredSkillEffectImporter.cs:105)
AreaBattle.EditorTools.RecoveredSkillEffectImporter:Import () (at Assets/AreaBattle/Editor/RecoveredSkillEffectImporter.cs:50)

[Assets/AreaBattle/Editor/RecoveredSkillEffectImporter.cs line 105]

 -> (artifact id: '2299b1ba92fdd3a77134c90b43e06e0a') in 0.0007827 seconds
Refreshing native plugins compatible for Editor in 0.00 ms, found 0 plugins.
Preloading 0 native plugins for Editor in 0.00 ms.
Asset Pipeline Refresh (id=62a83f972e3c047478ae4acdee94d6ea): Total: 0.004 seconds - Initiated by StopAssetImportingV2(NoUpdateAssetOptions)
Start importing Assets/AreaBattle/Resources/Recovered/SkillEffects/Materials/CAB-ceca1ae344ac6161b10a13e895caed5f_-5839748961976905678.mat using Guid(6f7ae613c53eb8542887bd2b629bc97f) (NativeFormatImporter)Main Object Name 'hdzd_effect_26' does not match filename 'CAB-ceca1ae344ac6161b10a13e895caed5f_-5839748961976905678'
UnityEngine.Debug:ExtractStackTraceNoAlloc (byte*,int,string)
UnityEngine.StackTraceUtility:ExtractStackTrace ()
UnityEditor.AssetDatabase:ImportAsset (string,UnityEditor.ImportAssetOptions)
AreaBattle.EditorTools.RecoveredSkillEffectImporter:ImportNativeResource (AreaBattle.EditorTools.RecoveredSkillEffectImporter/Resource,string,System.Type) (at Assets/AreaBattle/Editor/RecoveredSkillEffectImporter.cs:105)
AreaBattle.EditorTools.RecoveredSkillEffectImporter:Import () (at Assets/AreaBattle/Editor/RecoveredSkillEffectImporter.cs:50)

[Assets/AreaBattle/Editor/RecoveredSkillEffectImporter.cs line 105]

 -> (artifact id: '300f05fbc6cfe766182b7978dfeed985') in 0.0008626 seconds
Refreshing native plugins compatible for Editor in 0.00 ms, found 0 plugins.
Preloading 0 native plugins for Editor in 0.00 ms.
Asset Pipeline Refresh (id=b8e8ac0311b13454cbda9df2b9279907): Total: 0.004 seconds - Initiated by StopAssetImportingV2(NoUpdateAssetOptions)
Start importing Assets/AreaBattle/Resources/Recovered/SkillEffects/Materials/CAB-820aba52c270d484c31ae08da458a581_-3885241823731051289.mat using Guid(12101dd2c83ef814aa48d3ce7fc2718d) (NativeFormatImporter)Main Object Name 'hdzd_effect_50' does not match filename 'CAB-820aba52c270d484c31ae08da458a581_-3885241823731051289'
UnityEngine.Debug:ExtractStackTraceNoAlloc (byte*,int,string)
UnityEngine.StackTraceUtility:ExtractStackTrace ()
UnityEditor.AssetDatabase:ImportAsset (string,UnityEditor.ImportAssetOptions)
AreaBattle.EditorTools.RecoveredSkillEffectImporter:ImportNativeResource (AreaBattle.EditorTools.RecoveredSkillEffectImporter/Resource,string,System.Type) (at Assets/AreaBattle/Editor/RecoveredSkillEffectImporter.cs:105)
AreaBattle.EditorTools.RecoveredSkillEffectImporter:Import () (at Assets/AreaBattle/Editor/RecoveredSkillEffectImporter.cs:50)

[Assets/AreaBattle/Editor/RecoveredSkillEffectImporter.cs line 105]

 -> (artifact id: '4d47e3d9cc33415d8f39241a151ce1e6') in 0.0008638 seconds
Refreshing native plugins compatible for Editor in 0.00 ms, found 0 plugins.
Preloading 0 native plugins for Editor in 0.00 ms.
Asset Pipeline Refresh (id=f20b5b9f798a7eb4581b821220efd758): Total: 0.004 seconds - Initiated by StopAssetImportingV2(NoUpdateAssetOptions)
Start importing Assets/AreaBattle/Resources/Recovered/SkillEffects/Materials/CAB-25a90380354dc9424d5266506d9b7f6f_3259868260154024100.mat using Guid(1abd32697282fbf438ddd0b72250e317) (NativeFormatImporter)Main Object Name 'hdzd_effect_53' does not match filename 'CAB-25a90380354dc9424d5266506d9b7f6f_3259868260154024100'
UnityEngine.Debug:ExtractStackTraceNoAlloc (byte*,int,string)
UnityEngine.StackTraceUtility:ExtractStackTrace ()
UnityEditor.AssetDatabase:ImportAsset (string,UnityEditor.ImportAssetOptions)
AreaBattle.EditorTools.RecoveredSkillEffectImporter:ImportNativeResource (AreaBattle.EditorTools.RecoveredSkillEffectImporter/Resource,string,System.Type) (at Assets/AreaBattle/Editor/RecoveredSkillEffectImporter.cs:105)
AreaBattle.EditorTools.RecoveredSkillEffectImporter:Import () (at Assets/AreaBattle/Editor/RecoveredSkillEffectImporter.cs:50)

[Assets/AreaBattle/Editor/RecoveredSkillEffectImporter.cs line 105]

 -> (artifact id: '4291fa3a2ff0bbecd1cb6f28cf146abb') in 0.0008854 seconds
Refreshing native plugins compatible for Editor in 0.00 ms, found 0 plugins.
Preloading 0 native plugins for Editor in 0.00 ms.
Asset Pipeline Refresh (id=41d53fa0a155dd24495be27bc0397aa6): Total: 0.004 seconds - Initiated by StopAssetImportingV2(NoUpdateAssetOptions)
Start importing Assets/AreaBattle/Resources/Recovered/SkillEffects/Materials/CAB-a03216c247c80ec205f799d8f7683b28_-1973568637788334062.mat using Guid(4a9d46a1d1c88ac4d835b5d91c91cf15) (NativeFormatImporter)Main Object Name 'hdzd_effect_18' does not match filename 'CAB-a03216c247c80ec205f799d8f7683b28_-1973568637788334062'
UnityEngine.Debug:ExtractStackTraceNoAlloc (byte*,int,string)
UnityEngine.StackTraceUtility:ExtractStackTrace ()
UnityEditor.AssetDatabase:ImportAsset (string,UnityEditor.ImportAssetOptions)
AreaBattle.EditorTools.RecoveredSkillEffectImporter:ImportNativeResource (AreaBattle.EditorTools.RecoveredSkillEffectImporter/Resource,string,System.Type) (at Assets/AreaBattle/Editor/RecoveredSkillEffectImporter.cs:105)
AreaBattle.EditorTools.RecoveredSkillEffectImporter:Import () (at Assets/AreaBattle/Editor/RecoveredSkillEffectImporter.cs:50)

[Assets/AreaBattle/Editor/RecoveredSkillEffectImporter.cs line 105]

 -> (artifact id: 'a5b76bcc2d58ced752b4e38b2fb2f086') in 0.0007651 seconds
Refreshing native plugins compatible for Editor in 0.00 ms, found 0 plugins.
Preloading 0 native plugins for Editor in 0.00 ms.
Asset Pipeline Refresh (id=724b4c56dbfe22f47b0a8427efc47612): Total: 0.004 seconds - Initiated by StopAssetImportingV2(NoUpdateAssetOptions)
Start importing Assets/AreaBattle/Resources/Recovered/SkillEffects/Materials/CAB-4e8b1e89340437fdbcf04d0670dba575_7263784255131358073.mat using Guid(6a0fab9be12205b45900dd961ead3cc2) (NativeFormatImporter)Main Object Name 'hdzd_effect_24' does not match filename 'CAB-4e8b1e89340437fdbcf04d0670dba575_7263784255131358073'
UnityEngine.Debug:ExtractStackTraceNoAlloc (byte*,int,string)
UnityEngine.StackTraceUtility:ExtractStackTrace ()
UnityEditor.AssetDatabase:ImportAsset (string,UnityEditor.ImportAssetOptions)
AreaBattle.EditorTools.RecoveredSkillEffectImporter:ImportNativeResource (AreaBattle.EditorTools.RecoveredSkillEffectImporter/Resource,string,System.Type) (at Assets/AreaBattle/Editor/RecoveredSkillEffectImporter.cs:105)
AreaBattle.EditorTools.RecoveredSkillEffectImporter:Import () (at Assets/AreaBattle/Editor/RecoveredSkillEffectImporter.cs:50)

[Assets/AreaBattle/Editor/RecoveredSkillEffectImporter.cs line 105]

 -> (artifact id: 'a4b52f5b819fbebbe6183d1dee9bb27a') in 0.0007908 seconds
Refreshing native plugins compatible for Editor in 0.00 ms, found 0 plugins.
Preloading 0 native plugins for Editor in 0.00 ms.
Asset Pipeline Refresh (id=7b2df7857e64b9e48a6adcb1a60b9a68): Total: 0.004 seconds - Initiated by StopAssetImportingV2(NoUpdateAssetOptions)
Start importing Assets/AreaBattle/Resources/Recovered/SkillEffects/Materials/CAB-b3acc00157306111a4a49033b792ee82_-6175511119297855438.mat using Guid(ee4fb7dd4e431bc4abd00064d9e4c005) (NativeFormatImporter)Main Object Name 'hdzd_effect_25' does not match filename 'CAB-b3acc00157306111a4a49033b792ee82_-6175511119297855438'
UnityEngine.Debug:ExtractStackTraceNoAlloc (byte*,int,string)
UnityEngine.StackTraceUtility:ExtractStackTrace ()
UnityEditor.AssetDatabase:ImportAsset (string,UnityEditor.ImportAssetOptions)
AreaBattle.EditorTools.RecoveredSkillEffectImporter:ImportNativeResource (AreaBattle.EditorTools.RecoveredSkillEffectImporter/Resource,string,System.Type) (at Assets/AreaBattle/Editor/RecoveredSkillEffectImporter.cs:105)
AreaBattle.EditorTools.RecoveredSkillEffectImporter:Import () (at Assets/AreaBattle/Editor/RecoveredSkillEffectImporter.cs:50)

[Assets/AreaBattle/Editor/RecoveredSkillEffectImporter.cs line 105]

 -> (artifact id: '93c50d7f821c81318dac03d2e8b7dea3') in 0.0008673 seconds
Refreshing native plugins compatible for Editor in 0.00 ms, found 0 plugins.
Preloading 0 native plugins for Editor in 0.00 ms.
Asset Pipeline Refresh (id=5a7584d51ee81c64093a911a0f39a4a4): Total: 0.004 seconds - Initiated by StopAssetImportingV2(NoUpdateAssetOptions)
Start importing Assets/AreaBattle/Resources/Recovered/SkillEffects/Materials/CAB-414b76bddc876ece1dff7ecc51fc1ecf_-4070699253642539996.mat using Guid(5df0c8bfebd79fb45865b52cee956b42) (NativeFormatImporter)Main Object Name 'hdzd_effect_44' does not match filename 'CAB-414b76bddc876ece1dff7ecc51fc1ecf_-4070699253642539996'
UnityEngine.Debug:ExtractStackTraceNoAlloc (byte*,int,string)
UnityEngine.StackTraceUtility:ExtractStackTrace ()
UnityEditor.AssetDatabase:ImportAsset (string,UnityEditor.ImportAssetOptions)
AreaBattle.EditorTools.RecoveredSkillEffectImporter:ImportNativeResource (AreaBattle.EditorTools.RecoveredSkillEffectImporter/Resource,string,System.Type) (at Assets/AreaBattle/Editor/RecoveredSkillEffectImporter.cs:105)
AreaBattle.EditorTools.RecoveredSkillEffectImporter:Import () (at Assets/AreaBattle/Editor/RecoveredSkillEffectImporter.cs:50)

[Assets/AreaBattle/Editor/RecoveredSkillEffectImporter.cs line 105]

 -> (artifact id: '649e496f531bdf3ed7cba05c2cb985c2') in 0.0007774 seconds
Refreshing native plugins compatible for Editor in 0.00 ms, found 0 plugins.
Preloading 0 native plugins for Editor in 0.00 ms.
Asset Pipeline Refresh (id=3474dc6e8c239154a9128087450d2c40): Total: 0.004 seconds - Initiated by StopAssetImportingV2(NoUpdateAssetOptions)
Start importing Assets/AreaBattle/Resources/Recovered/SkillEffects/Materials/CAB-05c48c94023bdeb89a7e5a1874d6ac7b_521642052905442715.mat using Guid(79299ee3f55dfb44085699fe632e9a0c) (NativeFormatImporter)Main Object Name 'hdzd_effect_boss05_12' does not match filename 'CAB-05c48c94023bdeb89a7e5a1874d6ac7b_521642052905442715'
UnityEngine.Debug:ExtractStackTraceNoAlloc (byte*,int,string)
UnityEngine.StackTraceUtility:ExtractStackTrace ()
UnityEditor.AssetDatabase:ImportAsset (string,UnityEditor.ImportAssetOptions)
AreaBattle.EditorTools.RecoveredSkillEffectImporter:ImportNativeResource (AreaBattle.EditorTools.RecoveredSkillEffectImporter/Resource,string,System.Type) (at Assets/AreaBattle/Editor/RecoveredSkillEffectImporter.cs:105)
AreaBattle.EditorTools.RecoveredSkillEffectImporter:Import () (at Assets/AreaBattle/Editor/RecoveredSkillEffectImporter.cs:50)

[Assets/AreaBattle/Editor/RecoveredSkillEffectImporter.cs line 105]

 -> (artifact id: '234b026f7b03228ef6d1c40851e6b4d1') in 0.0010821 seconds
Refreshing native plugins compatible for Editor in 0.00 ms, found 0 plugins.
Preloading 0 native plugins for Editor in 0.00 ms.
Asset Pipeline Refresh (id=d472241f49ac1e54ebceed21535e752b): Total: 0.004 seconds - Initiated by StopAssetImportingV2(NoUpdateAssetOptions)
Start importing Assets/AreaBattle/Resources/Recovered/SkillEffects/Materials/CAB-655f2d2a3b0ec847d26623be7abe7c03_482599236487922639.mat using Guid(7058557d6cbb4094ebf36e2e9b7f67f8) (NativeFormatImporter)Main Object Name 'hdzd_effect_52' does not match filename 'CAB-655f2d2a3b0ec847d26623be7abe7c03_482599236487922639'
UnityEngine.Debug:ExtractStackTraceNoAlloc (byte*,int,string)
UnityEngine.StackTraceUtility:ExtractStackTrace ()
UnityEditor.AssetDatabase:ImportAsset (string,UnityEditor.ImportAssetOptions)
AreaBattle.EditorTools.RecoveredSkillEffectImporter:ImportNativeResource (AreaBattle.EditorTools.RecoveredSkillEffectImporter/Resource,string,System.Type) (at Assets/AreaBattle/Editor/RecoveredSkillEffectImporter.cs:105)
AreaBattle.EditorTools.RecoveredSkillEffectImporter:Import () (at Assets/AreaBattle/Editor/RecoveredSkillEffectImporter.cs:50)

[Assets/AreaBattle/Editor/RecoveredSkillEffectImporter.cs line 105]

 -> (artifact id: '771ecdb1161b440461a50ef304e72f61') in 0.0008639 seconds
Refreshing native plugins compatible for Editor in 0.00 ms, found 0 plugins.
Preloading 0 native plugins for Editor in 0.00 ms.
Asset Pipeline Refresh (id=344cbaa446174464cbd99599b534d71c): Total: 0.004 seconds - Initiated by StopAssetImportingV2(NoUpdateAssetOptions)
Start importing Assets/AreaBattle/Resources/Recovered/SkillEffects/Materials/CAB-12d20df8a1cd5b3d6d2e9a47ea897ed9_7151948799585345036.mat using Guid(aef3e03c92ef7ba469477fb175e34b2d) (NativeFormatImporter)Main Object Name 'hdzd_effect_boss01_12' does not match filename 'CAB-12d20df8a1cd5b3d6d2e9a47ea897ed9_7151948799585345036'
UnityEngine.Debug:ExtractStackTraceNoAlloc (byte*,int,string)
UnityEngine.StackTraceUtility:ExtractStackTrace ()
UnityEditor.AssetDatabase:ImportAsset (string,UnityEditor.ImportAssetOptions)
AreaBattle.EditorTools.RecoveredSkillEffectImporter:ImportNativeResource (AreaBattle.EditorTools.RecoveredSkillEffectImporter/Resource,string,System.Type) (at Assets/AreaBattle/Editor/RecoveredSkillEffectImporter.cs:105)
AreaBattle.EditorTools.RecoveredSkillEffectImporter:Import () (at Assets/AreaBattle/Editor/RecoveredSkillEffectImporter.cs:50)

[Assets/AreaBattle/Editor/RecoveredSkillEffectImporter.cs line 105]

 -> (artifact id: '0f074fe194d85f59ab79195e89108708') in 0.0009909 seconds
Refreshing native plugins compatible for Editor in 0.00 ms, found 0 plugins.
Preloading 0 native plugins for Editor in 0.00 ms.
Asset Pipeline Refresh (id=36a4ded06f91be74d8e5389f851d9c35): Total: 0.004 seconds - Initiated by StopAssetImportingV2(NoUpdateAssetOptions)
Start importing Assets/AreaBattle/Resources/Recovered/SkillEffects/Materials/CAB-bddb3767fbfe3a661f8b42ed3488b0d9_8562594090360774545.mat using Guid(963c5bafd1a34d940b0d7f3d073ca685) (NativeFormatImporter)Main Object Name 'hdzd_effect_boss01_14' does not match filename 'CAB-bddb3767fbfe3a661f8b42ed3488b0d9_8562594090360774545'
UnityEngine.Debug:ExtractStackTraceNoAlloc (byte*,int,string)
UnityEngine.StackTraceUtility:ExtractStackTrace ()
UnityEditor.AssetDatabase:ImportAsset (string,UnityEditor.ImportAssetOptions)
AreaBattle.EditorTools.RecoveredSkillEffectImporter:ImportNativeResource (AreaBattle.EditorTools.RecoveredSkillEffectImporter/Resource,string,System.Type) (at Assets/AreaBattle/Editor/RecoveredSkillEffectImporter.cs:105)
AreaBattle.EditorTools.RecoveredSkillEffectImporter:Import () (at Assets/AreaBattle/Editor/RecoveredSkillEffectImporter.cs:50)

[Assets/AreaBattle/Editor/RecoveredSkillEffectImporter.cs line 105]

 -> (artifact id: '0106aa452353bb8442631162b8dd74ec') in 0.0008569 seconds
Refreshing native plugins compatible for Editor in 0.00 ms, found 0 plugins.
Preloading 0 native plugins for Editor in 0.00 ms.
Asset Pipeline Refresh (id=50cf56fda5a6f2249b33722f84aae926): Total: 0.004 seconds - Initiated by StopAssetImportingV2(NoUpdateAssetOptions)
Launched and connected shader compiler UnityShaderCompiler.exe after 0.01 seconds
Start importing Assets/AreaBattle/Resources/Recovered/SkillEffects/Animations/CAB-eec43799d16b4e4a8839f77287a71da0_1743369337969985364.anim using Guid(178b8cb0097096745b85458166671126) (NativeFormatImporter)Main Object Name 'hdzd_eff_bianfu' does not match filename 'CAB-eec43799d16b4e4a8839f77287a71da0_1743369337969985364'
UnityEngine.Debug:ExtractStackTraceNoAlloc (byte*,int,string)
UnityEngine.StackTraceUtility:ExtractStackTrace ()
UnityEditor.AssetDatabase:ImportAsset (string,UnityEditor.ImportAssetOptions)
AreaBattle.EditorTools.RecoveredSkillEffectImporter:ImportNativeResource (AreaBattle.EditorTools.RecoveredSkillEffectImporter/Resource,string,System.Type) (at Assets/AreaBattle/Editor/RecoveredSkillEffectImporter.cs:105)
AreaBattle.EditorTools.RecoveredSkillEffectImporter:Import () (at Assets/AreaBattle/Editor/RecoveredSkillEffectImporter.cs:60)

[Assets/AreaBattle/Editor/RecoveredSkillEffectImporter.cs line 105]

 -> (artifact id: 'b9bccb74845143520900aa1c86630aff') in 0.0022348 seconds
Refreshing native plugins compatible for Editor in 0.00 ms, found 0 plugins.
Preloading 0 native plugins for Editor in 0.00 ms.
Asset Pipeline Refresh (id=0c394028ea60c7a409121de607ab94d2): Total: 0.006 seconds - Initiated by StopAssetImportingV2(NoUpdateAssetOptions)
Start importing Assets/AreaBattle/Resources/Recovered/SkillEffects/Hdzd_Effect_Wy_Fire.prefab using Guid(0b7ca8a64c5f2654ba43b5b462baa120) (PrefabImporter) -> (artifact id: '90f5741fc38df7a077b09c869ff7aafd') in 0.0069811 seconds
Refreshing native plugins compatible for Editor in 0.00 ms, found 0 plugins.
Preloading 0 native plugins for Editor in 0.00 ms.
Asset Pipeline Refresh (id=a309078a80fa85546a2c14974e13458f): Total: 0.013 seconds - Initiated by StopAssetImportingV2(NoUpdateAssetOptions)
Start importing Assets/AreaBattle/Resources/Recovered/SkillEffects/Hdzd_Effect_Wy_Fire.prefab using Guid(0b7ca8a64c5f2654ba43b5b462baa120) (PrefabImporter) -> (artifact id: '90f5741fc38df7a077b09c869ff7aafd') in 0.0053421 seconds
Refreshing native plugins compatible for Editor in 0.00 ms, found 0 plugins.
Preloading 0 native plugins for Editor in 0.00 ms.
Asset Pipeline Refresh (id=c8e2f416753ed3948bd9d6fe8ad6cff4): Total: 0.011 seconds - Initiated by StopAssetImportingV2(NoUpdateAssetOptions)
Start importing Assets/AreaBattle/Resources/Recovered/SkillEffects/Hdzd_Effect_Wy_Restore.prefab using Guid(707b85e530af09d4d9e1396b5a7b1f77) (PrefabImporter) -> (artifact id: '8d7df601dec65b95cc09412dac93495b') in 0.0022294 seconds
Refreshing native plugins compatible for Editor in 0.00 ms, found 0 plugins.
Preloading 0 native plugins for Editor in 0.00 ms.
Asset Pipeline Refresh (id=0601f1e86968ffa4688e37a0df7d2910): Total: 0.006 seconds - Initiated by StopAssetImportingV2(NoUpdateAssetOptions)
Start importing Assets/AreaBattle/Resources/Recovered/SkillEffects/Hdzd_Effect_Wy_Restore.prefab using Guid(707b85e530af09d4d9e1396b5a7b1f77) (PrefabImporter) -> (artifact id: '8d7df601dec65b95cc09412dac93495b') in 0.0020946 seconds
Refreshing native plugins compatible for Editor in 0.00 ms, found 0 plugins.
Preloading 0 native plugins for Editor in 0.00 ms.
Asset Pipeline Refresh (id=a06e62d7fc78f5e439a93f7636c7edf8): Total: 0.006 seconds - Initiated by StopAssetImportingV2(NoUpdateAssetOptions)
Start importing Assets/AreaBattle/Resources/Recovered/SkillEffects/Hdzd_Effect_Wy_Blast.prefab using Guid(b65658a9a6bbd134aa8bfd0a017ce921) (PrefabImporter) -> (artifact id: 'cbece37bc5253e1436df774340b03456') in 0.0059615 seconds
Refreshing native plugins compatible for Editor in 0.00 ms, found 0 plugins.
Preloading 0 native plugins for Editor in 0.00 ms.
Asset Pipeline Refresh (id=678ab0da5e262f749a435bfbfdfbad8e): Total: 0.011 seconds - Initiated by StopAssetImportingV2(NoUpdateAssetOptions)
Start importing Assets/AreaBattle/Resources/Recovered/SkillEffects/Hdzd_Effect_Wy_Blast.prefab using Guid(b65658a9a6bbd134aa8bfd0a017ce921) (PrefabImporter) -> (artifact id: 'cbece37bc5253e1436df774340b03456') in 0.0063012 seconds
Refreshing native plugins compatible for Editor in 0.00 ms, found 0 plugins.
Preloading 0 native plugins for Editor in 0.00 ms.
Asset Pipeline Refresh (id=3a814155bc0b46a48b6d137f435cac9d): Total: 0.012 seconds - Initiated by StopAssetImportingV2(NoUpdateAssetOptions)
Start importing Assets/AreaBattle/Resources/Recovered/SkillEffects/Hdzd_Effect_Wy_Lightning.prefab using Guid(f28fd600742d09c4c801d01e8c704ad2) (PrefabImporter) -> (artifact id: '0c4d93387f728bcc2f9b2f9913526696') in 0.0074228 seconds
Refreshing native plugins compatible for Editor in 0.00 ms, found 0 plugins.
Preloading 0 native plugins for Editor in 0.00 ms.
Asset Pipeline Refresh (id=b6b9c3249c36bf54cbb38c90670dcea9): Total: 0.013 seconds - Initiated by StopAssetImportingV2(NoUpdateAssetOptions)
Start importing Assets/AreaBattle/Resources/Recovered/SkillEffects/Hdzd_Effect_Wy_Lightning.prefab using Guid(f28fd600742d09c4c801d01e8c704ad2) (PrefabImporter) -> (artifact id: '0c4d93387f728bcc2f9b2f9913526696') in 0.0068007 seconds
Refreshing native plugins compatible for Editor in 0.00 ms, found 0 plugins.
Preloading 0 native plugins for Editor in 0.00 ms.
Asset Pipeline Refresh (id=5505657e2fee6cc4bb2df49760b66eb5): Total: 0.013 seconds - Initiated by StopAssetImportingV2(NoUpdateAssetOptions)
Start importing Assets/AreaBattle/Resources/Recovered/SkillEffects/hdzd_eff_ZHG04_01.prefab using Guid(c5d3186419940e24aa1e8b36c8d5eee6) (PrefabImporter) -> (artifact id: '816454f21173c5c4702dab8c41cd3317') in 0.0013453 seconds
Refreshing native plugins compatible for Editor in 0.00 ms, found 0 plugins.
Preloading 0 native plugins for Editor in 0.00 ms.
Asset Pipeline Refresh (id=694cbd5c2030fd84c8ccb7f5c4d65931): Total: 0.005 seconds - Initiated by StopAssetImportingV2(NoUpdateAssetOptions)
Start importing Assets/AreaBattle/Resources/Recovered/SkillEffects/hdzd_eff_ZHG04_01.prefab using Guid(c5d3186419940e24aa1e8b36c8d5eee6) (PrefabImporter) -> (artifact id: '816454f21173c5c4702dab8c41cd3317') in 0.0011058 seconds
Refreshing native plugins compatible for Editor in 0.00 ms, found 0 plugins.
Preloading 0 native plugins for Editor in 0.00 ms.
Asset Pipeline Refresh (id=d7514dd698a14fa4396e2bbac0c65924): Total: 0.005 seconds - Initiated by StopAssetImportingV2(NoUpdateAssetOptions)
Start importing Assets/AreaBattle/Resources/Recovered/SkillEffects/hdzd_eff_ZHG04_02.prefab using Guid(060c425229f2d9e46bc6be83388813dd) (PrefabImporter) -> (artifact id: '8cf2bf8b42f14fe30e8780e5a3185125') in 0.0054741 seconds
Refreshing native plugins compatible for Editor in 0.00 ms, found 0 plugins.
Preloading 0 native plugins for Editor in 0.00 ms.
Asset Pipeline Refresh (id=83173ef4cecba3346aeebaa4213d7c4d): Total: 0.010 seconds - Initiated by StopAssetImportingV2(NoUpdateAssetOptions)
Start importing Assets/AreaBattle/Resources/Recovered/SkillEffects/hdzd_eff_ZHG04_02.prefab using Guid(060c425229f2d9e46bc6be83388813dd) (PrefabImporter) -> (artifact id: '8cf2bf8b42f14fe30e8780e5a3185125') in 0.0053041 seconds
Refreshing native plugins compatible for Editor in 0.00 ms, found 0 plugins.
Preloading 0 native plugins for Editor in 0.00 ms.
Asset Pipeline Refresh (id=164b308ad69dee345971dc36ef7993d8): Total: 0.011 seconds - Initiated by StopAssetImportingV2(NoUpdateAssetOptions)
Start importing Assets/AreaBattle/Resources/Recovered/SkillEffects/hdzd_eff_ZHG04_03_2.prefab using Guid(88de5e098a8909841abae439d37bd257) (PrefabImporter) -> (artifact id: 'ac36d175217def8a3cf22f7e7c4d3e45') in 0.0044977 seconds
Refreshing native plugins compatible for Editor in 0.00 ms, found 0 plugins.
Preloading 0 native plugins for Editor in 0.00 ms.
Asset Pipeline Refresh (id=0ed99e1fc26f4544cb8190b593b54998): Total: 0.009 seconds - Initiated by StopAssetImportingV2(NoUpdateAssetOptions)
Start importing Assets/AreaBattle/Resources/Recovered/SkillEffects/hdzd_eff_ZHG04_03_2.prefab using Guid(88de5e098a8909841abae439d37bd257) (PrefabImporter) -> (artifact id: 'ac36d175217def8a3cf22f7e7c4d3e45') in 0.0041877 seconds
Refreshing native plugins compatible for Editor in 0.00 ms, found 0 plugins.
Preloading 0 native plugins for Editor in 0.00 ms.
Asset Pipeline Refresh (id=0b4c27e8cebb80249abaa532011d6b9d): Total: 0.009 seconds - Initiated by StopAssetImportingV2(NoUpdateAssetOptions)
Start importing Assets/AreaBattle/Resources/Recovered/SkillEffects/hdzd_eff_ZHG04_03.prefab using Guid(5695c678fc57a72429941697fbecd99b) (PrefabImporter) -> (artifact id: '5da514b0edd01d7c1485b3b434f3c265') in 0.0028782 seconds
Refreshing native plugins compatible for Editor in 0.00 ms, found 0 plugins.
Preloading 0 native plugins for Editor in 0.00 ms.
Asset Pipeline Refresh (id=e9573f6e3f3779d43a4a1ce776fac5fc): Total: 0.007 seconds - Initiated by StopAssetImportingV2(NoUpdateAssetOptions)
Start importing Assets/AreaBattle/Resources/Recovered/SkillEffects/hdzd_eff_ZHG04_03.prefab using Guid(5695c678fc57a72429941697fbecd99b) (PrefabImporter) -> (artifact id: '5da514b0edd01d7c1485b3b434f3c265') in 0.0025799 seconds
Refreshing native plugins compatible for Editor in 0.00 ms, found 0 plugins.
Preloading 0 native plugins for Editor in 0.00 ms.
Asset Pipeline Refresh (id=e1ad93bdd60af574f8dd6dbd771d3380): Total: 0.007 seconds - Initiated by StopAssetImportingV2(NoUpdateAssetOptions)
Start importing Assets/AreaBattle/Resources/Recovered/SkillEffects/hdzd_eff_ZHG03_01.prefab using Guid(fa924773cc3dcc44b8afe7a1609936c2) (PrefabImporter) -> (artifact id: '7fc9566c6af85cfb16e76e5d07bb6f03') in 0.0027811 seconds
Refreshing native plugins compatible for Editor in 0.00 ms, found 0 plugins.
Preloading 0 native plugins for Editor in 0.00 ms.
Asset Pipeline Refresh (id=f76443ab638154b4cb2b856c1375792b): Total: 0.006 seconds - Initiated by StopAssetImportingV2(NoUpdateAssetOptions)
Start importing Assets/AreaBattle/Resources/Recovered/SkillEffects/hdzd_eff_ZHG03_01.prefab using Guid(fa924773cc3dcc44b8afe7a1609936c2) (PrefabImporter) -> (artifact id: '7fc9566c6af85cfb16e76e5d07bb6f03') in 0.0025731 seconds
Refreshing native plugins compatible for Editor in 0.00 ms, found 0 plugins.
Preloading 0 native plugins for Editor in 0.00 ms.
Asset Pipeline Refresh (id=fef3e18708ab5b84db94b38b9f1dab5d): Total: 0.007 seconds - Initiated by StopAssetImportingV2(NoUpdateAssetOptions)
Start importing Assets/AreaBattle/Resources/Recovered/SkillEffects/hdzd_eff_ZHG03_02.prefab using Guid(cddf04abed18ec94f9e15c7443782631) (PrefabImporter) -> (artifact id: '1b84a6d7f381455878e1d918505d0d2f') in 0.0022239 seconds
Refreshing native plugins compatible for Editor in 0.00 ms, found 0 plugins.
Preloading 0 native plugins for Editor in 0.00 ms.
Asset Pipeline Refresh (id=862fb9bc5b7d23648ac96d44c0ff371b): Total: 0.006 seconds - Initiated by StopAssetImportingV2(NoUpdateAssetOptions)
Start importing Assets/AreaBattle/Resources/Recovered/SkillEffects/hdzd_eff_ZHG03_02.prefab using Guid(cddf04abed18ec94f9e15c7443782631) (PrefabImporter) -> (artifact id: '1b84a6d7f381455878e1d918505d0d2f') in 0.002083 seconds
Refreshing native plugins compatible for Editor in 0.00 ms, found 0 plugins.
Preloading 0 native plugins for Editor in 0.00 ms.
Asset Pipeline Refresh (id=5d781c7c5c4d2c04791dd849c1cf06e8): Total: 0.006 seconds - Initiated by StopAssetImportingV2(NoUpdateAssetOptions)
Start importing Assets/AreaBattle/Resources/Recovered/SkillEffects/hdzd_eff_ZHG03_03_1.prefab using Guid(19a465c7e40fa65498e72e190ed237a8) (PrefabImporter) -> (artifact id: 'f70a094e6997aa16aa6fe9ea3de31ce9') in 0.0027705 seconds
Refreshing native plugins compatible for Editor in 0.00 ms, found 0 plugins.
Preloading 0 native plugins for Editor in 0.00 ms.
Asset Pipeline Refresh (id=3ddf92db49351ca40aa9da7904d7282e): Total: 0.007 seconds - Initiated by StopAssetImportingV2(NoUpdateAssetOptions)
Start importing Assets/AreaBattle/Resources/Recovered/SkillEffects/hdzd_eff_ZHG03_03_1.prefab using Guid(19a465c7e40fa65498e72e190ed237a8) (PrefabImporter) -> (artifact id: 'f70a094e6997aa16aa6fe9ea3de31ce9') in 0.0025867 seconds
Refreshing native plugins compatible for Editor in 0.00 ms, found 0 plugins.
Preloading 0 native plugins for Editor in 0.00 ms.
Asset Pipeline Refresh (id=5eaf5a6d276b9964aacfea7c8fb17ceb): Total: 0.007 seconds - Initiated by StopAssetImportingV2(NoUpdateAssetOptions)
Start importing Assets/AreaBattle/Resources/Recovered/SkillEffects/hdzd_eff_ZHG03_03_2.prefab using Guid(118e1eb60d42454408fe519e28150eb1) (PrefabImporter) -> (artifact id: '697508c8c1415f75642a89eba556215e') in 0.0049586 seconds
Refreshing native plugins compatible for Editor in 0.00 ms, found 0 plugins.
Preloading 0 native plugins for Editor in 0.00 ms.
Asset Pipeline Refresh (id=666a70ea1751e434a9ef4a64fce06ceb): Total: 0.010 seconds - Initiated by StopAssetImportingV2(NoUpdateAssetOptions)
Start importing Assets/AreaBattle/Resources/Recovered/SkillEffects/hdzd_eff_ZHG03_03_2.prefab using Guid(118e1eb60d42454408fe519e28150eb1) (PrefabImporter) -> (artifact id: '697508c8c1415f75642a89eba556215e') in 0.0046838 seconds
Refreshing native plugins compatible for Editor in 0.00 ms, found 0 plugins.
Preloading 0 native plugins for Editor in 0.00 ms.
Asset Pipeline Refresh (id=6f9f69d9310f4024ab425bf1d1684c6b): Total: 0.010 seconds - Initiated by StopAssetImportingV2(NoUpdateAssetOptions)
Start importing Assets/AreaBattle/Resources/Recovered/SkillEffects/hdzd_eff_zzdd01.prefab using Guid(72575b87be1222541903fe67cb70f6c1) (PrefabImporter) -> (artifact id: '4d103cf1fe096979c6edcb2ce63ba181') in 0.0076317 seconds
Refreshing native plugins compatible for Editor in 0.00 ms, found 0 plugins.
Preloading 0 native plugins for Editor in 0.00 ms.
Asset Pipeline Refresh (id=fed0a8bb4f7a4284fbedbb729d4e905c): Total: 0.013 seconds - Initiated by StopAssetImportingV2(NoUpdateAssetOptions)
Start importing Assets/AreaBattle/Resources/Recovered/SkillEffects/hdzd_eff_zzdd01.prefab using Guid(72575b87be1222541903fe67cb70f6c1) (PrefabImporter) -> (artifact id: '4d103cf1fe096979c6edcb2ce63ba181') in 0.0061268 seconds
Refreshing native plugins compatible for Editor in 0.00 ms, found 0 plugins.
Preloading 0 native plugins for Editor in 0.00 ms.
Asset Pipeline Refresh (id=12697c0cdabb897499014f8d22e764cc): Total: 0.012 seconds - Initiated by StopAssetImportingV2(NoUpdateAssetOptions)
Start importing Assets/AreaBattle/Resources/Recovered/SkillEffects/hdzd_eff_zzdd02.prefab using Guid(40919fec47947d244af5a0436a39d845) (PrefabImporter) -> (artifact id: '5da5ac749bce64a016bb5466c82e3894') in 0.006325 seconds
Refreshing native plugins compatible for Editor in 0.00 ms, found 0 plugins.
Preloading 0 native plugins for Editor in 0.00 ms.
Asset Pipeline Refresh (id=4c22f57347d98914d96cc4b2b3a204cd): Total: 0.011 seconds - Initiated by StopAssetImportingV2(NoUpdateAssetOptions)
Start importing Assets/AreaBattle/Resources/Recovered/SkillEffects/hdzd_eff_zzdd02.prefab using Guid(40919fec47947d244af5a0436a39d845) (PrefabImporter) -> (artifact id: '5da5ac749bce64a016bb5466c82e3894') in 0.0062691 seconds
Refreshing native plugins compatible for Editor in 0.00 ms, found 0 plugins.
Preloading 0 native plugins for Editor in 0.00 ms.
Asset Pipeline Refresh (id=c2255d9f5aa2d5f429b9b0de32e6ebb1): Total: 0.013 seconds - Initiated by StopAssetImportingV2(NoUpdateAssetOptions)
Start importing Assets/AreaBattle/Resources/Recovered/SkillEffects/hdzd_eff_zzdd03B.prefab using Guid(dd280e60cc555594898d2efc31b405cb) (PrefabImporter) -> (artifact id: 'e4611896b6ab1a174fa012af66145265') in 0.0063661 seconds
Refreshing native plugins compatible for Editor in 0.00 ms, found 0 plugins.
Preloading 0 native plugins for Editor in 0.00 ms.
Asset Pipeline Refresh (id=ecdfe15189b721b4a9c5378c0a3ece61): Total: 0.011 seconds - Initiated by StopAssetImportingV2(NoUpdateAssetOptions)
Start importing Assets/AreaBattle/Resources/Recovered/SkillEffects/hdzd_eff_zzdd03B.prefab using Guid(dd280e60cc555594898d2efc31b405cb) (PrefabImporter) -> (artifact id: 'e4611896b6ab1a174fa012af66145265') in 0.0061571 seconds
Refreshing native plugins compatible for Editor in 0.00 ms, found 0 plugins.
Preloading 0 native plugins for Editor in 0.00 ms.
Asset Pipeline Refresh (id=b200d083d68c365468320b84530ae547): Total: 0.012 seconds - Initiated by StopAssetImportingV2(NoUpdateAssetOptions)
Start importing Assets/AreaBattle/Resources/Recovered/SkillEffects/hdzd_eff_zzdd03A.prefab using Guid(72f716c0a3008264fa842c0652855eac) (PrefabImporter) -> (artifact id: '6d2b8410050d7a014062f90b11cec5ae') in 0.0070391 seconds
Refreshing native plugins compatible for Editor in 0.00 ms, found 0 plugins.
Preloading 0 native plugins for Editor in 0.00 ms.
Asset Pipeline Refresh (id=35464179a7622c0458e9cc846f20006c): Total: 0.012 seconds - Initiated by StopAssetImportingV2(NoUpdateAssetOptions)
Start importing Assets/AreaBattle/Resources/Recovered/SkillEffects/hdzd_eff_zzdd03A.prefab using Guid(72f716c0a3008264fa842c0652855eac) (PrefabImporter) -> (artifact id: '6d2b8410050d7a014062f90b11cec5ae') in 0.0066901 seconds
Refreshing native plugins compatible for Editor in 0.00 ms, found 0 plugins.
Preloading 0 native plugins for Editor in 0.00 ms.
Asset Pipeline Refresh (id=d8fe0233aa6dbae4a879acbe8d639b99): Total: 0.013 seconds - Initiated by StopAssetImportingV2(NoUpdateAssetOptions)
Start importing Assets/AreaBattle/Resources/Recovered/SkillEffects/hdzd_eff_wyys02.prefab using Guid(f02c24a84172425439f3587ab655c7cf) (PrefabImporter) -> (artifact id: '42682339f1604f491013fc3c97630b6a') in 0.0062274 seconds
Refreshing native plugins compatible for Editor in 0.00 ms, found 0 plugins.
Preloading 0 native plugins for Editor in 0.00 ms.
Asset Pipeline Refresh (id=f947b8b0fff475c478307835af255913): Total: 0.011 seconds - Initiated by StopAssetImportingV2(NoUpdateAssetOptions)
Start importing Assets/AreaBattle/Resources/Recovered/SkillEffects/hdzd_eff_wyys02.prefab using Guid(f02c24a84172425439f3587ab655c7cf) (PrefabImporter) -> (artifact id: '42682339f1604f491013fc3c97630b6a') in 0.0059067 seconds
Refreshing native plugins compatible for Editor in 0.00 ms, found 0 plugins.
Preloading 0 native plugins for Editor in 0.00 ms.
Asset Pipeline Refresh (id=7e63a69afaf2ce149b352556d1a9a0a3): Total: 0.011 seconds - Initiated by StopAssetImportingV2(NoUpdateAssetOptions)
Start importing Assets/AreaBattle/Resources/Recovered/SkillEffects/hdzd_eff_wyys05.prefab using Guid(04b51ccd848ec5c45a472972e4674698) (PrefabImporter) -> (artifact id: 'dc071e24a34fae34a3768212d6a7a35f') in 0.0074367 seconds
Refreshing native plugins compatible for Editor in 0.00 ms, found 0 plugins.
Preloading 0 native plugins for Editor in 0.00 ms.
Asset Pipeline Refresh (id=a718837ac4b30bb43ad0606d0f1714cf): Total: 0.013 seconds - Initiated by StopAssetImportingV2(NoUpdateAssetOptions)
Start importing Assets/AreaBattle/Resources/Recovered/SkillEffects/hdzd_eff_wyys05.prefab using Guid(04b51ccd848ec5c45a472972e4674698) (PrefabImporter) -> (artifact id: 'dc071e24a34fae34a3768212d6a7a35f') in 0.0072267 seconds
Refreshing native plugins compatible for Editor in 0.00 ms, found 0 plugins.
Preloading 0 native plugins for Editor in 0.00 ms.
Asset Pipeline Refresh (id=5dcdb1f939c9ac549b050122e676212f): Total: 0.013 seconds - Initiated by StopAssetImportingV2(NoUpdateAssetOptions)
Start importing Assets/AreaBattle/Resources/Recovered/SkillEffects/hdzd_eff_wyys01.prefab using Guid(b8018646ad35f704d85644d7a8d3cc5a) (PrefabImporter) -> (artifact id: 'e1b4741b4856efd6bc790fcc01b7f05f') in 0.0012286 seconds
Refreshing native plugins compatible for Editor in 0.00 ms, found 0 plugins.
Preloading 0 native plugins for Editor in 0.00 ms.
Asset Pipeline Refresh (id=e10600e6dae598145aa6361d2736b5b4): Total: 0.005 seconds - Initiated by StopAssetImportingV2(NoUpdateAssetOptions)
Start importing Assets/AreaBattle/Resources/Recovered/SkillEffects/hdzd_eff_wyys01.prefab using Guid(b8018646ad35f704d85644d7a8d3cc5a) (PrefabImporter) -> (artifact id: 'e1b4741b4856efd6bc790fcc01b7f05f') in 0.0009556 seconds
Refreshing native plugins compatible for Editor in 0.00 ms, found 0 plugins.
Preloading 0 native plugins for Editor in 0.00 ms.
Asset Pipeline Refresh (id=9b4827591f5db804bbdcfb28d101a2b5): Total: 0.004 seconds - Initiated by StopAssetImportingV2(NoUpdateAssetOptions)
Start importing Assets/AreaBattle/Resources/Recovered/SkillEffects/hdzd_eff_wyys04.prefab using Guid(c52816d156e906048b40a7e1f34bdc61) (PrefabImporter) -> (artifact id: 'c98c5c04e393b1b14be8f5384e423260') in 0.0011731 seconds
Refreshing native plugins compatible for Editor in 0.00 ms, found 0 plugins.
Preloading 0 native plugins for Editor in 0.00 ms.
Asset Pipeline Refresh (id=9881b4396d26f2f439b5832e37da47d8): Total: 0.004 seconds - Initiated by StopAssetImportingV2(NoUpdateAssetOptions)
Start importing Assets/AreaBattle/Resources/Recovered/SkillEffects/hdzd_eff_wyys04.prefab using Guid(c52816d156e906048b40a7e1f34bdc61) (PrefabImporter) -> (artifact id: 'c98c5c04e393b1b14be8f5384e423260') in 0.0009035 seconds
Refreshing native plugins compatible for Editor in 0.00 ms, found 0 plugins.
Preloading 0 native plugins for Editor in 0.00 ms.
Asset Pipeline Refresh (id=133860bb4b8cb4845a72e44be26c095b): Total: 0.004 seconds - Initiated by StopAssetImportingV2(NoUpdateAssetOptions)
Start importing Assets/AreaBattle/Resources/Recovered/SkillEffects/hdzd_eff_wyys03.prefab using Guid(e2304253f7104c847bb029dde761241c) (PrefabImporter) -> (artifact id: '0db0fdbeb34db3fa3fd64ca271eacb9e') in 0.0112359 seconds
Refreshing native plugins compatible for Editor in 0.00 ms, found 0 plugins.
Preloading 0 native plugins for Editor in 0.00 ms.
Asset Pipeline Refresh (id=0a313ca8e81ce7042acd955377d000e0): Total: 0.018 seconds - Initiated by StopAssetImportingV2(NoUpdateAssetOptions)
Start importing Assets/AreaBattle/Resources/Recovered/SkillEffects/hdzd_eff_wyys03.prefab using Guid(e2304253f7104c847bb029dde761241c) (PrefabImporter) -> (artifact id: '0db0fdbeb34db3fa3fd64ca271eacb9e') in 0.011155 seconds
Refreshing native plugins compatible for Editor in 0.00 ms, found 0 plugins.
Preloading 0 native plugins for Editor in 0.00 ms.
Asset Pipeline Refresh (id=7444e49b313f797479549f2c22a8075f): Total: 0.018 seconds - Initiated by StopAssetImportingV2(NoUpdateAssetOptions)
Batchmode quit successfully invoked - shutting down!
[Physics::Module] Cleanup current backned.
[Physics::Module] Id: 0xf2b8ea05
Input System module state changed to: ShutdownInProgress.
Input System polling thread exited.
Input System module state changed to: Shutdown.
[Licensing::IpcConnector] LicenseClient-jiachengwei-notifications channel disconnected successfully.
[Licensing::IpcConnector] LicenseClient-jiachengwei channel disconnected successfully.
AcceleratorClientConnectionCallback - disconnected - :0
Cleanup mono
Exiting batchmode successfully now!
Exiting without the bug reporter. Application will terminate with return code 0