[Licensing::Module] Trying to connect to existing licensing client channel...
Built from '6000.0/staging' branch; Version is '6000.0.68f1 (e1e9baaf294b) revision 14805434'; Using compiler version '193933523'; Build Type 'Release'
OS: 'Windows 10  (10.0.19045) 64bit Professional' Language: 'zh' Physical Memory: 65325 MB
BatchMode: 1, IsHumanControllingUs: 0, StartBugReporterOnCrash: 0, Is64bit: 1
[Licensing::IpcConnector] Channel LicenseClient-jiachengwei doesn't exist
System  architecture: x64
Process architecture: x64
Date: 2026-09-28T06:19:56Z
[Licensing::Module] Successfully launched the LicensingClient (PId: 24532)

COMMAND LINE ARGUMENTS:
C:\Program Files\Unity\Hub\Editor\6000.0.68f1\Editor\Unity.exe
-batchmode
-nographics
-projectPath
E:/Projects/AreaBattle/UnityProject
-executeMethod
AreaBattle.EditorTools.HudPresentationValidation.ImportAndRunBatch
-logFile
E:/Projects/AreaBattle/analysis/unity-hud-presentation.log
Successfully changed project path to: E:/Projects/AreaBattle/UnityProject
E:/Projects/AreaBattle/UnityProject
[UnityMemory] Configuration Parameters - Can be set up in boot.config
    "memorysetup-bucket-allocator-granularity=16"
    "memorysetup-bucket-allocator-bucket-count=8"
    "memorysetup-bucket-allocator-block-size=33554432"
    "memorysetup-bucket-allocator-block-count=8"
    "memorysetup-main-allocator-block-size=16777216"
    "memorysetup-thread-allocator-block-size=16777216"
    "memorysetup-gfx-main-allocator-block-size=16777216"
    "memorysetup-gfx-thread-allocator-block-size=16777216"
    "memorysetup-cache-allocator-block-size=4194304"
    "memorysetup-typetree-allocator-block-size=2097152"
    "memorysetup-profiler-bucket-allocator-granularity=16"
    "memorysetup-profiler-bucket-allocator-bucket-count=8"
    "memorysetup-profiler-bucket-allocator-block-size=33554432"
    "memorysetup-profiler-bucket-allocator-block-count=8"
    "memorysetup-profiler-allocator-block-size=16777216"
    "memorysetup-profiler-editor-allocator-block-size=1048576"
    "memorysetup-temp-allocator-size-main=16777216"
    "memorysetup-job-temp-allocator-block-size=2097152"
    "memorysetup-job-temp-allocator-block-size-background=1048576"
    "memorysetup-job-temp-allocator-reduction-small-platforms=262144"
    "memorysetup-allocator-temp-initial-block-size-main=262144"
    "memorysetup-allocator-temp-initial-block-size-worker=262144"
    "memorysetup-temp-allocator-size-background-worker=32768"
    "memorysetup-temp-allocator-size-job-worker=262144"
    "memorysetup-temp-allocator-size-preload-manager=33554432"
    "memorysetup-temp-allocator-size-nav-mesh-worker=65536"
    "memorysetup-temp-allocator-size-audio-worker=65536"
    "memorysetup-temp-allocator-size-cloud-worker=32768"
    "memorysetup-temp-allocator-size-gi-baking-worker=262144"
    "memorysetup-temp-allocator-size-gi-baking-worker=262144"
    "memorysetup-temp-allocator-size-gi-baking-worker=262144"
    "memorysetup-temp-allocator-size-gi-baking-worker=262144"
    "memorysetup-temp-allocator-size-gi-baking-worker=262144"
    "memorysetup-temp-allocator-size-gfx=262144"
Player connection [39864]  Target information:

Player connection [39864]  * "[IP] 192.168.12.13 [Port] 55506 [Flags] 2 [Guid] 3389394112 [EditorId] 3389394112 [Version] 1048832 [Id] WindowsEditor(7,DESKTOP-H2NB5JD) [Debug] 1 [PackageName] WindowsEditor [ProjectName] Editor" 

Player connection [39864] Host joined multi-casting on [225.0.0.222:54997]...
Player connection [39864] Host joined alternative multi-casting on [225.0.0.222:34997]...
Input System module state changed to: Initialized.
[Physics::Module] Initialized fallback backend.
[Physics::Module] Id: 0xdecafbad
[Licensing::IpcConnector] Successfully connected to: "LicenseClient-jiachengwei" at "2026-09-28T06:19:56.665887Z"
[Package Manager] Connected to IPC stream "Upm-48652" after 0.2 seconds.
Library Redirect Path: Library/
[Physics::Module] Selected backend.
[Physics::Module] Name: PhysX
[Physics::Module] Id: 0xf2b8ea05
[Physics::Module] SDK Version: 4.1.2
[Physics::Module] Integration Version: 1.0.0
[Physics::Module] Threading Mode: Multi-Threaded
Artifact Garbage Collection - Removed 13 unused hashed content filesRefreshing native plugins compatible for Editor in 0.00 ms, found 0 plugins.
Preloading 0 native plugins for Editor in 0.00 ms.
Initialize engine version: 6000.0.68f1 (e1e9baaf294b)
[Subsystems] Discovering subsystems at path C:/Program Files/Unity/Hub/Editor/6000.0.68f1/Editor/Data/Resources/UnitySubsystems
[Subsystems] Discovering subsystems at path E:/Projects/AreaBattle/UnityProject/Assets
Forcing GfxDevice: Null
GfxDevice: creating device client; kGfxThreadingModeNonThreaded
NullGfxDevice:
    Version:  NULL 1.0 [1.0]
    Renderer: Null Device
    Vendor:   Unity Technologies
Initialize mono
Mono path[0] = 'C:/Program Files/Unity/Hub/Editor/6000.0.68f1/Editor/Data/Managed'
Mono path[1] = 'C:/Program Files/Unity/Hub/Editor/6000.0.68f1/Editor/Data/MonoBleedingEdge/lib/mono/unityjit-win32'
Mono config path = 'C:/Program Files/Unity/Hub/Editor/6000.0.68f1/Editor/Data/MonoBleedingEdge/etc'
Using monoOptions --debugger-agent=transport=dt_socket,embedding=1,server=y,suspend=n,address=127.0.0.1:56652
Using cacheserver namespaces - metadata:defaultmetadata, artifacts:defaultartifacts
Using cacheserver namespaces - metadata:defaultmetadata, artifacts:defaultartifacts
ImportWorker Server TCP listen port: 0
AcceleratorClientConnectionCallback - disconnected - :0
Begin MonoManager ReloadAssembly
Registering precompiled unity dll's ...
Register platform support module: C:/Program Files/Unity/Hub/Editor/6000.0.68f1/Editor/Data/PlaybackEngines/WindowsStandaloneSupport/UnityEditor.WindowsStandalone.Extensions.dll
[Licensing::Module] Licensing is not yet initialized.
[Licensing::Client] Code 3 while verifying Licensing Client signature (process Id: 24532, path: "C:/Program Files/Unity/Hub/Editor/6000.0.68f1/Editor/Data/Resources/Licensing/Client/Unity.Licensing.Client.exe")
[Licensing::Module] LicensingClient has failed validation; ignoring
[Licensing::Client] Handshaking with LicensingClient:
  Version:                 1.17.4+4293ba1
  Session Id:              9e2f75903fae4c51b3f5d4442807f59d
  Correlation Id:          0b98f017c2e375008a439032f671fa20
  External correlation Id: 1762029664613191062
  Machine Id:              9cQkwGhPtCyHx8hTJUSXA0S3txg=
[Licensing::Module] Successfully connected to LicensingClient on channel: "LicenseClient-jiachengwei" (connect: 0.25s, validation: 0.07s, handshake: 2.34s)
[Licensing::IpcConnector] Successfully connected to: "LicenseClient-jiachengwei-notifications" at "2026-09-28T06:19:59.0717394Z"
[Licensing::Module] Connected to LicensingClient (PId: 24532, launch time: 0.00, total connection time: 2.65s)
[Licensing::Module] Error: Access token is unavailable; failed to update
[Licensing::Client] Successfully resolved entitlement details
[Licensing::Module] License group:
  Id: 00-0000-0000-0000-0000-XXXX
  Product: Unity Pro
  Type: ULF
  Expiration: Unlimited
[Licensing::Client] Successfully updated license, isAsync: True, time: 0.01
[Licensing::Client] Successfully resolved entitlement details
[Licensing::Module] Licensing Background thread has ended after 2.67s
[Licensing::Module] Licensing is initialized (took 2.18s).
[Licensing::Client] Successfully resolved entitlement details
Register platform support module: C:/Program Files/Unity/Hub/Editor/6000.0.68f1/Editor/Data/PlaybackEngines/AndroidPlayer/UnityEditor.Android.Extensions.dll
Registered in 2.178535 seconds.
- Loaded All Assemblies, in  2.397 seconds
Native extension for Android target not found
Unauthorized device detected, Id: 7afd45a, please add debug authorization and reconnect.
UnityEngine.Debug:ExtractStackTraceNoAlloc (byte*,int,string)
UnityEngine.StackTraceUtility:ExtractStackTrace ()
UnityEngine.DebugLogHandler:Internal_Log (UnityEngine.LogType,UnityEngine.LogOption,string,UnityEngine.Object)
UnityEngine.DebugLogHandler:LogFormat (UnityEngine.LogType,UnityEngine.Object,string,object[])
UnityEngine.Logger:LogFormat (UnityEngine.LogType,string,object[])
UnityEngine.Debug:LogFormat (string,object[])
UnityEditor.Android.AndroidDeploymentTargetsExtension:GetKnownTargets (UnityEditor.DeploymentTargets.IDeploymentTargetsMainThreadContext,UnityEditor.ProgressHandler) (at /home/bokken/build/output/unity/unity/PlatformDependent/AndroidPlayer/Editor/Managed/DeploymentTargets/AndroidDeploymentTargetsExtension.cs:397)
UnityEditor.Android.TargetScanWorker:ScanSync () (at /home/bokken/build/output/unity/unity/PlatformDependent/AndroidPlayer/Editor/Managed/TargetScanWorker.cs:164)
UnityEditor.Android.TargetExtension:OnUsbDevicesChanged (UnityEditor.Hardware.UsbDevice[]) (at /home/bokken/build/output/unity/unity/PlatformDependent/AndroidPlayer/Editor/Managed/ExtensionModule.cs:106)
UnityEditor.Android.TargetExtension:OnLoad () (at /home/bokken/build/output/unity/unity/PlatformDependent/AndroidPlayer/Editor/Managed/ExtensionModule.cs:67)
UnityEditor.Modules.ModuleManager:InitializePlatformSupportModules ()

(Filename: /home/bokken/build/output/unity/unity/PlatformDependent/AndroidPlayer/Editor/Managed/DeploymentTargets/AndroidDeploymentTargetsExtension.cs Line: 397)

Android Extension - Scanning For ADB Devices 71 ms
Native extension for WindowsStandalone target not found
Mono: successfully reloaded assembly
- Finished resetting the current domain, in  0.261 seconds
Domain Reload Profiling: 2657ms
	BeginReloadAssembly (76ms)
		ExecutionOrderSort (0ms)
		DisableScriptedObjects (0ms)
		BackupInstance (0ms)
		ReleaseScriptingObjects (0ms)
		CreateAndSetChildDomain (0ms)
	RebuildCommonClasses (21ms)
	RebuildNativeTypeToScriptingClass (6ms)
	initialDomainReloadingComplete (2205ms)
	LoadAllAssembliesAndSetupDomain (87ms)
		LoadAssemblies (75ms)
		RebuildTransferFunctionScriptingTraits (0ms)
		AnalyzeDomain (86ms)
			TypeCache.Refresh (85ms)
				TypeCache.ScanAssembly (77ms)
			BuildScriptInfoCaches (0ms)
			ResolveRequiredComponents (0ms)
	FinalizeReload (261ms)
		ReleaseScriptCaches (0ms)
		RebuildScriptCaches (0ms)
		SetupLoadedEditorAssemblies (243ms)
			LogAssemblyErrors (0ms)
			InitializePlatformSupportModulesInManaged (118ms)
			SetLoadedEditorAssemblies (2ms)
			BeforeProcessingInitializeOnLoad (30ms)
			ProcessInitializeOnLoadAttributes (61ms)
			ProcessInitializeOnLoadMethodAttributes (32ms)
			AfterProcessingInitializeOnLoad (0ms)
			EditorAssembliesLoaded (0ms)
		ExecutionOrderSort2 (0ms)
		AwakeInstancesAfterBackupRestoration (0ms)
[Licensing::Client] Successfully resolved entitlement details
Application.AssetDatabase Initial Refresh Start
Package Manager log level set to [2]
[Package Manager] Restoring resolved packages state from cache
[Licensing::Client] Successfully resolved entitlement details
[Package Manager] Registered 36 packages:
  Built-in packages:
    com.unity.ugui@2.0.0 (location: E:\Projects\AreaBattle\UnityProject\Library\PackageCache\com.unity.ugui@cec3688a7c38)
    com.unity.multiplayer.center@1.0.0 (location: E:\Projects\AreaBattle\UnityProject\Library\PackageCache\com.unity.multiplayer.center@f3fb577b3546)
    com.unity.modules.accessibility@1.0.0 (location: E:\Projects\AreaBattle\UnityProject\Library\PackageCache\com.unity.modules.accessibility)
    com.unity.modules.ai@1.0.0 (location: E:\Projects\AreaBattle\UnityProject\Library\PackageCache\com.unity.modules.ai)
    com.unity.modules.androidjni@1.0.0 (location: E:\Projects\AreaBattle\UnityProject\Library\PackageCache\com.unity.modules.androidjni)
    com.unity.modules.animation@1.0.0 (location: E:\Projects\AreaBattle\UnityProject\Library\PackageCache\com.unity.modules.animation)
    com.unity.modules.assetbundle@1.0.0 (location: E:\Projects\AreaBattle\UnityProject\Library\PackageCache\com.unity.modules.assetbundle)
    com.unity.modules.audio@1.0.0 (location: E:\Projects\AreaBattle\UnityProject\Library\PackageCache\com.unity.modules.audio)
    com.unity.modules.cloth@1.0.0 (location: E:\Projects\AreaBattle\UnityProject\Library\PackageCache\com.unity.modules.cloth)
    com.unity.modules.director@1.0.0 (location: E:\Projects\AreaBattle\UnityProject\Library\PackageCache\com.unity.modules.director)
    com.unity.modules.imageconversion@1.0.0 (location: E:\Projects\AreaBattle\UnityProject\Library\PackageCache\com.unity.modules.imageconversion)
    com.unity.modules.imgui@1.0.0 (location: E:\Projects\AreaBattle\UnityProject\Library\PackageCache\com.unity.modules.imgui)
    com.unity.modules.jsonserialize@1.0.0 (location: E:\Projects\AreaBattle\UnityProject\Library\PackageCache\com.unity.modules.jsonserialize)
    com.unity.modules.particlesystem@1.0.0 (location: E:\Projects\AreaBattle\UnityProject\Library\PackageCache\com.unity.modules.particlesystem)
    com.unity.modules.physics@1.0.0 (location: E:\Projects\AreaBattle\UnityProject\Library\PackageCache\com.unity.modules.physics)
    com.unity.modules.physics2d@1.0.0 (location: E:\Projects\AreaBattle\UnityProject\Library\PackageCache\com.unity.modules.physics2d)
    com.unity.modules.screencapture@1.0.0 (location: E:\Projects\AreaBattle\UnityProject\Library\PackageCache\com.unity.modules.screencapture)
    com.unity.modules.terrain@1.0.0 (location: E:\Projects\AreaBattle\UnityProject\Library\PackageCache\com.unity.modules.terrain)
    com.unity.modules.terrainphysics@1.0.0 (location: E:\Projects\AreaBattle\UnityProject\Library\PackageCache\com.unity.modules.terrainphysics)
    com.unity.modules.tilemap@1.0.0 (location: E:\Projects\AreaBattle\UnityProject\Library\PackageCache\com.unity.modules.tilemap)
    com.unity.modules.ui@1.0.0 (location: E:\Projects\AreaBattle\UnityProject\Library\PackageCache\com.unity.modules.ui)
    com.unity.modules.uielements@1.0.0 (location: E:\Projects\AreaBattle\UnityProject\Library\PackageCache\com.unity.modules.uielements)
    com.unity.modules.umbra@1.0.0 (location: E:\Projects\AreaBattle\UnityProject\Library\PackageCache\com.unity.modules.umbra)
    com.unity.modules.unityanalytics@1.0.0 (location: E:\Projects\AreaBattle\UnityProject\Library\PackageCache\com.unity.modules.unityanalytics)
    com.unity.modules.unitywebrequest@1.0.0 (location: E:\Projects\AreaBattle\UnityProject\Library\PackageCache\com.unity.modules.unitywebrequest)
    com.unity.modules.unitywebrequestassetbundle@1.0.0 (location: E:\Projects\AreaBattle\UnityProject\Library\PackageCache\com.unity.modules.unitywebrequestassetbundle)
    com.unity.modules.unitywebrequestaudio@1.0.0 (location: E:\Projects\AreaBattle\UnityProject\Library\PackageCache\com.unity.modules.unitywebrequestaudio)
    com.unity.modules.unitywebrequesttexture@1.0.0 (location: E:\Projects\AreaBattle\UnityProject\Library\PackageCache\com.unity.modules.unitywebrequesttexture)
    com.unity.modules.unitywebrequestwww@1.0.0 (location: E:\Projects\AreaBattle\UnityProject\Library\PackageCache\com.unity.modules.unitywebrequestwww)
    com.unity.modules.vehicles@1.0.0 (location: E:\Projects\AreaBattle\UnityProject\Library\PackageCache\com.unity.modules.vehicles)
    com.unity.modules.video@1.0.0 (location: E:\Projects\AreaBattle\UnityProject\Library\PackageCache\com.unity.modules.video)
    com.unity.modules.vr@1.0.0 (location: E:\Projects\AreaBattle\UnityProject\Library\PackageCache\com.unity.modules.vr)
    com.unity.modules.wind@1.0.0 (location: E:\Projects\AreaBattle\UnityProject\Library\PackageCache\com.unity.modules.wind)
    com.unity.modules.xr@1.0.0 (location: E:\Projects\AreaBattle\UnityProject\Library\PackageCache\com.unity.modules.xr)
    com.unity.modules.subsystems@1.0.0 (location: E:\Projects\AreaBattle\UnityProject\Library\PackageCache\com.unity.modules.subsystems)
    com.unity.modules.hierarchycore@1.0.0 (location: E:\Projects\AreaBattle\UnityProject\Library\PackageCache\com.unity.modules.hierarchycore)
[Subsystems] No new subsystems found in resolved package list.
[Package Manager] Done registering packages in 0.01 seconds
[ScriptCompilation] Requested script compilation because: Assetdatabase observed changes in script compilation related files
Starting: C:\Program Files\Unity\Hub\Editor\6000.0.68f1\Editor\Data\bee_backend.exe --ipc --defer-dag-verification --dagfile="Library/Bee/1900b0aE.dag" --continue-on-failure --profile="Library/Bee/backend1.traceevents" ScriptAssemblies
WorkingDir: E:/Projects/AreaBattle/UnityProject
DisplayProgressbar: Compiling Scripts
ExitCode: 0 Duration: 0s163ms
[210/213    0s] Csc Library/Bee/artifacts/1900b0aE.dag/Assembly-CSharp-Editor.dll (+2 others)
[211/213    0s] CopyFiles Library/ScriptAssemblies/Assembly-CSharp-Editor.dll
[212/213    0s] CopyFiles Library/ScriptAssemblies/Assembly-CSharp-Editor.pdb
*** Tundra build success (0.15 seconds), 3 items updated, 213 evaluated
AssetDatabase: script compilation time: 0.425207s
Begin MonoManager ReloadAssembly
- Loaded All Assemblies, in  0.213 seconds
Refreshing native plugins compatible for Editor in 0.00 ms, found 0 plugins.
Native extension for Android target not found
Native extension for WindowsStandalone target not found
Mono: successfully reloaded assembly
- Finished resetting the current domain, in  0.223 seconds
Domain Reload Profiling: 435ms
	BeginReloadAssembly (148ms)
		ExecutionOrderSort (0ms)
		DisableScriptedObjects (41ms)
		BackupInstance (0ms)
		ReleaseScriptingObjects (0ms)
		CreateAndSetChildDomain (18ms)
	RebuildCommonClasses (21ms)
	RebuildNativeTypeToScriptingClass (7ms)
	initialDomainReloadingComplete (13ms)
	LoadAllAssembliesAndSetupDomain (23ms)
		LoadAssemblies (61ms)
		RebuildTransferFunctionScriptingTraits (0ms)
		AnalyzeDomain (18ms)
			TypeCache.Refresh (13ms)
				TypeCache.ScanAssembly (9ms)
			BuildScriptInfoCaches (3ms)
			ResolveRequiredComponents (1ms)
	FinalizeReload (223ms)
		ReleaseScriptCaches (0ms)
		RebuildScriptCaches (0ms)
		SetupLoadedEditorAssemblies (151ms)
			LogAssemblyErrors (0ms)
			InitializePlatformSupportModulesInManaged (16ms)
			SetLoadedEditorAssemblies (2ms)
			BeforeProcessingInitializeOnLoad (57ms)
			ProcessInitializeOnLoadAttributes (62ms)
			ProcessInitializeOnLoadMethodAttributes (12ms)
			AfterProcessingInitializeOnLoad (3ms)
			EditorAssembliesLoaded (0ms)
		ExecutionOrderSort2 (0ms)
		AwakeInstancesAfterBackupRestoration (5ms)
Refreshing native plugins compatible for Editor in 0.00 ms, found 0 plugins.
Preloading 0 native plugins for Editor in 0.00 ms.
Asset Pipeline Refresh (id=02f6eb06b7f06f9438f573dd01cf2a2a): Total: 1.012 seconds - Initiated by InitialRefreshV2(ForceSynchronousImport)
	Summary:
		Imports: total=0 (actual=0, local cache=0, cache server=0)
		Asset DB Process Time: managed=0 ms, native=315 ms
		Asset DB Callback time: managed=42 ms, native=7 ms
		Scripting: domain reloads=1, domain reload time=213 ms, compile time=427 ms, other=5 ms
		Project Asset Count: scripts=290, non-scripts=1534
		Asset File Changes: new=0, changed=2, moved=0, deleted=0
		Scan Filter Count: 0
	InvokeCustomDependenciesCallbacks: 0.001ms
	InvokePackagesCallback: 6.535ms
	ApplyChangesToAssetFolders: 0.443ms
	Scan: 37.553ms
	OnSourceAssetsModified: 0.571ms
	CategorizeAssetsWithTransientArtifact: 1.236ms
	ProcessAssetsWithTransientArtifactChanges: 6.036ms
	CategorizeAssets: 7.515ms
	ImportOutOfDateAssets: 224.169ms (-203.553ms without children)
		CompileScripts: 427.280ms
		ReloadNativeAssets: 0.000ms
		UnloadImportedAssets: 0.107ms
		EnsureUptoDateAssetsAreRegisteredWithGuidPM: 0.142ms
		InitializingProgressBar: 0.000ms
		PostProcessAllAssetNotificationsAddChangedAssets: 0.001ms
		OnDemandSchedulerStart: 0.193ms
	PostProcessAllAssets: 43.453ms
	Hotreload: 0.419ms
	GatherAllCurrentPrimaryArtifactRevisions: 0.001ms
	UnloadStreamsBegin: 0.307ms
	PersistCurrentRevisions: 0.052ms
	UnloadStreamsEnd: 0.001ms
	GenerateScriptTypeHashes: 1.017ms
	Untracked: 683.885ms

Application.AssetDatabase Initial Refresh End
Scanning for USB devices : 5.282ms
Initializing Unity extensions:
Assertion failed on expression: 'SUCCEEDED(hr)'
Assertion failed on expression: 'SUCCEEDED(hr)'
Assertion failed on expression: 'ERROR_SUCCESS == status'
[MODES] ModeService[none].Initialize
[MODES] ModeService[none].LoadModes
[MODES] Loading mode Default (0) for mode-current-id-AreaBattle
Unloading 21 Unused Serialized files (Serialized files now loaded: 0)
Unloading 603 unused Assets / (2.3 MB). Loaded Objects now: 1130.
Memory consumption went from 101.2 MB to 98.9 MB.
Total: 3.321100 ms (FindLiveObjects: 0.050700 ms CreateObjectMapping: 0.013600 ms MarkObjects: 2.516000 ms  DeleteObjects: 0.740100 ms)

[ScriptCompilation] Requested script compilation because: Assetdatabase observed changes in script compilation related files
AssetDatabase: script compilation time: 0.000261s
Refreshing native plugins compatible for Editor in 0.00 ms, found 0 plugins.
Preloading 0 native plugins for Editor in 0.00 ms.
Asset Pipeline Refresh (id=4682f89c96d7a2a49807130c244b1f66): Total: 0.019 seconds - Initiated by RefreshV2(NoUpdateAssetOptions)
Start importing Assets/AreaBattle/Resources/Recovered/GuideSpine/Textures/CAB-71a96badbcffab7b7451a783f271bc4b_2026805924299331817/YD.png using Guid(04c8c611faa238c4daf9028c4f06ec0a) (TextureImporter) -> (artifact id: '7144806e1d470b86d59763a9afce1998') in 0.0472755 seconds
Refreshing native plugins compatible for Editor in 0.00 ms, found 0 plugins.
Preloading 0 native plugins for Editor in 0.00 ms.
Asset Pipeline Refresh (id=a0683d28f1182394c873c0b55ddb3d37): Total: 0.053 seconds - Initiated by StopAssetImportingV2(NoUpdateAssetOptions)
Start importing Assets/AreaBattle/Resources/Recovered/GuideSpine/Textures/CAB-71a96badbcffab7b7451a783f271bc4b_2026805924299331817/YD.png using Guid(04c8c611faa238c4daf9028c4f06ec0a) (TextureImporter) -> (artifact id: '7144806e1d470b86d59763a9afce1998') in 0.0431237 seconds
Refreshing native plugins compatible for Editor in 0.00 ms, found 0 plugins.
Preloading 0 native plugins for Editor in 0.00 ms.
Asset Pipeline Refresh (id=c32c4e56bf69a0544951f5311d76e0ce): Total: 0.047 seconds - Initiated by StopAssetImportingV2(NoUpdateAssetOptions)
Start importing Assets/AreaBattle/Resources/Recovered/GuideSpine/Spine/CAB-71a96badbcffab7b7451a783f271bc4b_435856469966727484.txt using Guid(416b31bbe4f2653409abae32f1f49b09) (TextScriptImporter) -> (artifact id: '7ae6c84b3c7b665ea6338bb711bc4f75') in 0.0012219 seconds
Refreshing native plugins compatible for Editor in 0.00 ms, found 0 plugins.
Preloading 0 native plugins for Editor in 0.00 ms.
Asset Pipeline Refresh (id=5e7921dcc1a118b4497cc270e3d918a4): Total: 0.005 seconds - Initiated by StopAssetImportingV2(NoUpdateAssetOptions)
Start importing Assets/AreaBattle/Resources/Recovered/GuideSpine/Textures/CAB-71a96badbcffab7b7451a783f271bc4b_-7791903411662756124/YD_2.png using Guid(3479ad8d8553dbf4a9eaabee610f7fc5) (TextureImporter) -> (artifact id: '9d780a7f3b91ea85c38808d68d885949') in 0.011154 seconds
Refreshing native plugins compatible for Editor in 0.00 ms, found 0 plugins.
Preloading 0 native plugins for Editor in 0.00 ms.
Asset Pipeline Refresh (id=8bbc75f3bccfb0749a13c58cf965c92e): Total: 0.015 seconds - Initiated by StopAssetImportingV2(NoUpdateAssetOptions)
Start importing Assets/AreaBattle/Resources/Recovered/GuideSpine/Textures/CAB-71a96badbcffab7b7451a783f271bc4b_-7791903411662756124/YD_2.png using Guid(3479ad8d8553dbf4a9eaabee610f7fc5) (TextureImporter) -> (artifact id: '9d780a7f3b91ea85c38808d68d885949') in 0.0103648 seconds
Refreshing native plugins compatible for Editor in 0.00 ms, found 0 plugins.
Preloading 0 native plugins for Editor in 0.00 ms.
Asset Pipeline Refresh (id=bffdc5825ff092045a912a89ce5536fb): Total: 0.014 seconds - Initiated by StopAssetImportingV2(NoUpdateAssetOptions)
Start importing Assets/AreaBattle/Resources/Recovered/GuideSpine/Spine/CAB-71a96badbcffab7b7451a783f271bc4b_5200670246001647623.txt using Guid(fc943b415feb09c43866392db5d9568e) (TextScriptImporter) -> (artifact id: 'a5035b6a37cd47acd2ffa664f485e20a') in 0.0007024 seconds
Refreshing native plugins compatible for Editor in 0.00 ms, found 0 plugins.
Preloading 0 native plugins for Editor in 0.00 ms.
Asset Pipeline Refresh (id=bcb3d7c9d11c448478f3f5a7d30a4ed6): Total: 0.004 seconds - Initiated by StopAssetImportingV2(NoUpdateAssetOptions)
Start importing Assets/AreaBattle/Resources/Recovered/GuideSpine/Meshes/CAB-71a96badbcffab7b7451a783f271bc4b_-2780960743001050164.asset using Guid(7414d633902f4754aa651723b4868d95) (NativeFormatImporter) -> (artifact id: 'ac530c10a0b7277f043abd3ac8dacf60') in 0.0008951 seconds
Curl error 7: Failed to connect to config.uca.cloud.unity3d.com port 443 after 225 ms: Could not connect to server
Refreshing native plugins compatible for Editor in 0.00 ms, found 0 plugins.
Preloading 0 native plugins for Editor in 0.00 ms.
Asset Pipeline Refresh (id=141977427112adf43a215721d46148aa): Total: 0.005 seconds - Initiated by StopAssetImportingV2(NoUpdateAssetOptions)
Start importing Assets/AreaBattle/Resources/Recovered/GuideSpine/Materials/CAB-71a96badbcffab7b7451a783f271bc4b_-7672899569522605211.mat using Guid(fc641687867d0e545a80a6a58102e6cf) (NativeFormatImporter)Main Object Name 'YD_YD' does not match filename 'CAB-71a96badbcffab7b7451a783f271bc4b_-7672899569522605211'
UnityEngine.Debug:ExtractStackTraceNoAlloc (byte*,int,string)
UnityEngine.StackTraceUtility:ExtractStackTrace ()
UnityEditor.AssetDatabase:ImportAsset (string,UnityEditor.ImportAssetOptions)
AreaBattle.EditorTools.RecoveredGuideSpineImporter:ImportNativeResource (AreaBattle.EditorTools.RecoveredGuideSpineImporter/Resource,string,System.Type) (at Assets/AreaBattle/Editor/RecoveredGuideSpineImporter.cs:128)
AreaBattle.EditorTools.RecoveredGuideSpineImporter:Import () (at Assets/AreaBattle/Editor/RecoveredGuideSpineImporter.cs:65)
AreaBattle.EditorTools.RecoveredHudImporter:Import () (at Assets/AreaBattle/Editor/RecoveredHudImporter.cs:49)
AreaBattle.EditorTools.HudPresentationValidation:ImportAndRunBatch () (at Assets/AreaBattle/Editor/HudPresentationValidation.cs:15)

[Assets/AreaBattle/Editor/RecoveredGuideSpineImporter.cs line 128]

 -> (artifact id: 'ddd6bafd0f776b6ccfe5a060788f9ae9') in 0.0013379 seconds
Refreshing native plugins compatible for Editor in 0.00 ms, found 0 plugins.
Preloading 0 native plugins for Editor in 0.00 ms.
Asset Pipeline Refresh (id=06a065a3aca1d5d47905bd5634ff108c): Total: 0.005 seconds - Initiated by StopAssetImportingV2(NoUpdateAssetOptions)
Start importing Assets/AreaBattle/Resources/Recovered/GuideSpine/Materials/CAB-71a96badbcffab7b7451a783f271bc4b_-7572599234430709561.mat using Guid(fed2e73817d751a47a923e0a757d2d05) (NativeFormatImporter)Main Object Name 'YD_YD_2' does not match filename 'CAB-71a96badbcffab7b7451a783f271bc4b_-7572599234430709561'
UnityEngine.Debug:ExtractStackTraceNoAlloc (byte*,int,string)
UnityEngine.StackTraceUtility:ExtractStackTrace ()
UnityEditor.AssetDatabase:ImportAsset (string,UnityEditor.ImportAssetOptions)
AreaBattle.EditorTools.RecoveredGuideSpineImporter:ImportNativeResource (AreaBattle.EditorTools.RecoveredGuideSpineImporter/Resource,string,System.Type) (at Assets/AreaBattle/Editor/RecoveredGuideSpineImporter.cs:128)
AreaBattle.EditorTools.RecoveredGuideSpineImporter:Import () (at Assets/AreaBattle/Editor/RecoveredGuideSpineImporter.cs:65)
AreaBattle.EditorTools.RecoveredHudImporter:Import () (at Assets/AreaBattle/Editor/RecoveredHudImporter.cs:49)
AreaBattle.EditorTools.HudPresentationValidation:ImportAndRunBatch () (at Assets/AreaBattle/Editor/HudPresentationValidation.cs:15)

[Assets/AreaBattle/Editor/RecoveredGuideSpineImporter.cs line 128]

 -> (artifact id: '39adc3b7e0fc6ff9640ed38cc0df2929') in 0.0010293 seconds
Refreshing native plugins compatible for Editor in 0.00 ms, found 0 plugins.
Preloading 0 native plugins for Editor in 0.00 ms.
Asset Pipeline Refresh (id=fee473e457860b344a1b52004d9a5ed6): Total: 0.005 seconds - Initiated by StopAssetImportingV2(NoUpdateAssetOptions)
Launched and connected shader compiler UnityShaderCompiler.exe after 0.01 seconds
Start importing Assets/AreaBattle/Resources/Recovered/GuideSpine/Spine/CAB-71a96badbcffab7b7451a783f271bc4b_-1778157884270872766.asset using Guid(e5d72c94728ecf94b8781b24c65bead5) (NativeFormatImporter)Main Object Name 'YD_Atlas' does not match filename 'CAB-71a96badbcffab7b7451a783f271bc4b_-1778157884270872766'
UnityEngine.Debug:ExtractStackTraceNoAlloc (byte*,int,string)
UnityEngine.StackTraceUtility:ExtractStackTrace ()
UnityEditor.AssetDatabase:ImportAsset (string,UnityEditor.ImportAssetOptions)
AreaBattle.EditorTools.RecoveredGuideSpineImporter:ImportNativeResource (AreaBattle.EditorTools.RecoveredGuideSpineImporter/Resource,string,System.Type) (at Assets/AreaBattle/Editor/RecoveredGuideSpineImporter.cs:128)
AreaBattle.EditorTools.RecoveredGuideSpineImporter:Import () (at Assets/AreaBattle/Editor/RecoveredGuideSpineImporter.cs:77)
AreaBattle.EditorTools.RecoveredHudImporter:Import () (at Assets/AreaBattle/Editor/RecoveredHudImporter.cs:49)
AreaBattle.EditorTools.HudPresentationValidation:ImportAndRunBatch () (at Assets/AreaBattle/Editor/HudPresentationValidation.cs:15)

[Assets/AreaBattle/Editor/RecoveredGuideSpineImporter.cs line 128]

 -> (artifact id: '1c848d1e2bd5d1a9ce3b25dcd41adfa0') in 0.0012047 seconds
Refreshing native plugins compatible for Editor in 0.00 ms, found 0 plugins.
Preloading 0 native plugins for Editor in 0.00 ms.
Asset Pipeline Refresh (id=87e5bf3e2c5026749b41955b50054ce7): Total: 0.005 seconds - Initiated by StopAssetImportingV2(NoUpdateAssetOptions)
Refreshing native plugins compatible for Editor in 0.00 ms, found 0 plugins.
Preloading 0 native plugins for Editor in 0.00 ms.
Asset Pipeline Refresh (id=02358103acc183e468154a5181b01ba1): Total: 0.004 seconds - Initiated by StopAssetImportingV2(NoUpdateAssetOptions)
Start importing Assets/AreaBattle/Resources/Recovered/GuideSpine/Spine/CAB-71a96badbcffab7b7451a783f271bc4b_5262709187943515980.asset using Guid(e7401860532b0eb4d935e048f849e34f) (NativeFormatImporter)Main Object Name 'YD_SkeletonData' does not match filename 'CAB-71a96badbcffab7b7451a783f271bc4b_5262709187943515980'
UnityEngine.Debug:ExtractStackTraceNoAlloc (byte*,int,string)
UnityEngine.StackTraceUtility:ExtractStackTrace ()
UnityEditor.AssetDatabase:ImportAsset (string,UnityEditor.ImportAssetOptions)
AreaBattle.EditorTools.RecoveredGuideSpineImporter:ImportNativeResource (AreaBattle.EditorTools.RecoveredGuideSpineImporter/Resource,string,System.Type) (at Assets/AreaBattle/Editor/RecoveredGuideSpineImporter.cs:128)
AreaBattle.EditorTools.RecoveredGuideSpineImporter:Import () (at Assets/AreaBattle/Editor/RecoveredGuideSpineImporter.cs:77)
AreaBattle.EditorTools.RecoveredHudImporter:Import () (at Assets/AreaBattle/Editor/RecoveredHudImporter.cs:49)
AreaBattle.EditorTools.HudPresentationValidation:ImportAndRunBatch () (at Assets/AreaBattle/Editor/HudPresentationValidation.cs:15)

[Assets/AreaBattle/Editor/RecoveredGuideSpineImporter.cs line 128]

 -> (artifact id: '84e82761e1a71c03efc5053900db5e8d') in 0.0013439 seconds
Refreshing native plugins compatible for Editor in 0.00 ms, found 0 plugins.
Preloading 0 native plugins for Editor in 0.00 ms.
Asset Pipeline Refresh (id=683bfec8619d45e4585a04a475a7186f): Total: 0.005 seconds - Initiated by StopAssetImportingV2(NoUpdateAssetOptions)
Refreshing native plugins compatible for Editor in 0.00 ms, found 0 plugins.
Preloading 0 native plugins for Editor in 0.00 ms.
Asset Pipeline Refresh (id=ca6d4ef1f79ed2946af633f0a163f126): Total: 0.004 seconds - Initiated by StopAssetImportingV2(NoUpdateAssetOptions)
Start importing Assets/AreaBattle/Resources/Recovered/GuideSpine/YD_0.prefab using Guid(aaea5a43043e33644ad6a203858e23f4) (PrefabImporter) -> (artifact id: '86f2c2be509966b8ecebcfe0f49d9241') in 0.0031176 seconds
Refreshing native plugins compatible for Editor in 0.00 ms, found 0 plugins.
Preloading 0 native plugins for Editor in 0.00 ms.
Asset Pipeline Refresh (id=ca5233200d79d2b44bd5154ccf7b9c4a): Total: 0.007 seconds - Initiated by StopAssetImportingV2(NoUpdateAssetOptions)
Start importing Assets/AreaBattle/Resources/Recovered/GuideSpine/YD_0.prefab using Guid(aaea5a43043e33644ad6a203858e23f4) (PrefabImporter) -> (artifact id: '86f2c2be509966b8ecebcfe0f49d9241') in 0.0012236 seconds
Refreshing native plugins compatible for Editor in 0.00 ms, found 0 plugins.
Preloading 0 native plugins for Editor in 0.00 ms.
Asset Pipeline Refresh (id=dcee31011dde00643bcaf0b6dbcdd657): Total: 0.006 seconds - Initiated by StopAssetImportingV2(NoUpdateAssetOptions)
Asset Pipeline Refresh (id=346b782552b812546b9a5080d8889c73): Total: 0.003 seconds - Initiated by RefreshV2(NoUpdateAssetOptions)
Start importing Assets/AreaBattle/Resources/Recovered/Hud/Sprites/CAB-7e22b53f63a968a56641c9a7354ced7f_76322948748235894.png using Guid(ae050e488e12b8d42a9a23a280aec7b5) (TextureImporter) -> (artifact id: '986957a791949c76fbd649eb666d4433') in 0.0013315 seconds
Refreshing native plugins compatible for Editor in 0.00 ms, found 0 plugins.
Preloading 0 native plugins for Editor in 0.00 ms.
Asset Pipeline Refresh (id=d31be6b6502276149b81e3fb9be20e7c): Total: 0.005 seconds - Initiated by StopAssetImportingV2(NoUpdateAssetOptions)
Start importing Assets/AreaBattle/Resources/Recovered/Hud/Sprites/CAB-7e22b53f63a968a56641c9a7354ced7f_76322948748235894.png using Guid(ae050e488e12b8d42a9a23a280aec7b5) (TextureImporter) -> (artifact id: '986957a791949c76fbd649eb666d4433') in 0.0011157 seconds
Refreshing native plugins compatible for Editor in 0.00 ms, found 0 plugins.
Preloading 0 native plugins for Editor in 0.00 ms.
Asset Pipeline Refresh (id=2491fbf394fe125469f604b3b47afa15): Total: 0.005 seconds - Initiated by StopAssetImportingV2(NoUpdateAssetOptions)
Start importing Assets/AreaBattle/Resources/Recovered/Hud/Sprites/CAB-7e22b53f63a968a56641c9a7354ced7f_1206991066746702850.png using Guid(8f7762423717b334a815acf14b2e5b34) (TextureImporter) -> (artifact id: 'fe30c8d4ee2612255367dba38fd11557') in 0.0015837 seconds
Refreshing native plugins compatible for Editor in 0.00 ms, found 0 plugins.
Preloading 0 native plugins for Editor in 0.00 ms.
Asset Pipeline Refresh (id=e04d01351f9d43a4298eec21e5b1de6b): Total: 0.006 seconds - Initiated by StopAssetImportingV2(NoUpdateAssetOptions)
Start importing Assets/AreaBattle/Resources/Recovered/Hud/Sprites/CAB-7e22b53f63a968a56641c9a7354ced7f_1206991066746702850.png using Guid(8f7762423717b334a815acf14b2e5b34) (TextureImporter) -> (artifact id: 'fe30c8d4ee2612255367dba38fd11557') in 0.0011871 seconds
Refreshing native plugins compatible for Editor in 0.00 ms, found 0 plugins.
Preloading 0 native plugins for Editor in 0.00 ms.
Asset Pipeline Refresh (id=747cb4a63c22c90478604dccee093543): Total: 0.006 seconds - Initiated by StopAssetImportingV2(NoUpdateAssetOptions)
Start importing Assets/AreaBattle/Resources/Recovered/Hud/Sprites/CAB-7e22b53f63a968a56641c9a7354ced7f_-6776108050246181870.png using Guid(1a72d3b72a2d9ab4e8eae7c106120262) (TextureImporter) -> (artifact id: '0eff501dcd0a44b0893d67e0473cd6fb') in 0.0011588 seconds
Refreshing native plugins compatible for Editor in 0.00 ms, found 0 plugins.
Preloading 0 native plugins for Editor in 0.00 ms.
Asset Pipeline Refresh (id=71124625d6a5be74697cdf611911fbc3): Total: 0.005 seconds - Initiated by StopAssetImportingV2(NoUpdateAssetOptions)
Start importing Assets/AreaBattle/Resources/Recovered/Hud/Sprites/CAB-7e22b53f63a968a56641c9a7354ced7f_-6776108050246181870.png using Guid(1a72d3b72a2d9ab4e8eae7c106120262) (TextureImporter) -> (artifact id: '0eff501dcd0a44b0893d67e0473cd6fb') in 0.0011627 seconds
Refreshing native plugins compatible for Editor in 0.00 ms, found 0 plugins.
Preloading 0 native plugins for Editor in 0.00 ms.
Asset Pipeline Refresh (id=24cd44dccfc7e7e4fbd9365cc3dd3476): Total: 0.005 seconds - Initiated by StopAssetImportingV2(NoUpdateAssetOptions)
Start importing Assets/AreaBattle/Resources/Recovered/Hud/Sprites/CAB-7e22b53f63a968a56641c9a7354ced7f_-1892381793416100024.png using Guid(f936af96acfb0ab4ab024cd9974c514a) (TextureImporter) -> (artifact id: 'aea86559d124bfe00071bbcdea2ad242') in 0.0012342 seconds
Refreshing native plugins compatible for Editor in 0.00 ms, found 0 plugins.
Preloading 0 native plugins for Editor in 0.00 ms.
Asset Pipeline Refresh (id=86010afb472dc904a86c76e05574eb97): Total: 0.005 seconds - Initiated by StopAssetImportingV2(NoUpdateAssetOptions)
Start importing Assets/AreaBattle/Resources/Recovered/Hud/Sprites/CAB-7e22b53f63a968a56641c9a7354ced7f_-1892381793416100024.png using Guid(f936af96acfb0ab4ab024cd9974c514a) (TextureImporter) -> (artifact id: 'aea86559d124bfe00071bbcdea2ad242') in 0.001081 seconds
Refreshing native plugins compatible for Editor in 0.00 ms, found 0 plugins.
Preloading 0 native plugins for Editor in 0.00 ms.
Asset Pipeline Refresh (id=3c01d0f9484f5e94f91d7a6f3b644e59): Total: 0.005 seconds - Initiated by StopAssetImportingV2(NoUpdateAssetOptions)
Start importing Assets/AreaBattle/Resources/Recovered/Hud/Sprites/CAB-b12125ef40883c71a6601adc1cc4fb42_-2051852787592275987.png using Guid(2c33686d15f11cb49ad99a8ab689b11f) (TextureImporter) -> (artifact id: 'edcdbdfdb05e0a73cd15cbdf53d36681') in 0.0014642 seconds
Refreshing native plugins compatible for Editor in 0.00 ms, found 0 plugins.
Preloading 0 native plugins for Editor in 0.00 ms.
Asset Pipeline Refresh (id=aec284ecdbccb9f41b43d78bd60ce02d): Total: 0.005 seconds - Initiated by StopAssetImportingV2(NoUpdateAssetOptions)
Start importing Assets/AreaBattle/Resources/Recovered/Hud/Sprites/CAB-b12125ef40883c71a6601adc1cc4fb42_-2051852787592275987.png using Guid(2c33686d15f11cb49ad99a8ab689b11f) (TextureImporter) -> (artifact id: 'edcdbdfdb05e0a73cd15cbdf53d36681') in 0.0014898 seconds
Refreshing native plugins compatible for Editor in 0.00 ms, found 0 plugins.
Preloading 0 native plugins for Editor in 0.00 ms.
Asset Pipeline Refresh (id=a71db040353627f45af30de3396d070a): Total: 0.005 seconds - Initiated by StopAssetImportingV2(NoUpdateAssetOptions)
Start importing Assets/AreaBattle/Resources/Recovered/Hud/Sprites/CAB-b12125ef40883c71a6601adc1cc4fb42_-6170560660352085240.png using Guid(9d269311a25a0cb4f876b742c4582d8d) (TextureImporter) -> (artifact id: '920d0b322e3a5445e6f7bbb84d3dec86') in 0.0016573 seconds
Refreshing native plugins compatible for Editor in 0.00 ms, found 0 plugins.
Preloading 0 native plugins for Editor in 0.00 ms.
Asset Pipeline Refresh (id=6ac2cdff3e027db4dad249a4bacd0969): Total: 0.005 seconds - Initiated by StopAssetImportingV2(NoUpdateAssetOptions)
Start importing Assets/AreaBattle/Resources/Recovered/Hud/Sprites/CAB-b12125ef40883c71a6601adc1cc4fb42_-6170560660352085240.png using Guid(9d269311a25a0cb4f876b742c4582d8d) (TextureImporter) -> (artifact id: '920d0b322e3a5445e6f7bbb84d3dec86') in 0.001563 seconds
Refreshing native plugins compatible for Editor in 0.00 ms, found 0 plugins.
Preloading 0 native plugins for Editor in 0.00 ms.
Asset Pipeline Refresh (id=c38ea741dd7c8504096ab797ee7c1030): Total: 0.005 seconds - Initiated by StopAssetImportingV2(NoUpdateAssetOptions)
Start importing Assets/AreaBattle/Resources/Recovered/Hud/Sprites/CAB-b12125ef40883c71a6601adc1cc4fb42_-1979433772596107484.png using Guid(83f171e137fa6274080478840eef9e59) (TextureImporter) -> (artifact id: '983edc5fb3de629e8f85d0adcc5947d1') in 0.0009844 seconds
Refreshing native plugins compatible for Editor in 0.00 ms, found 0 plugins.
Preloading 0 native plugins for Editor in 0.00 ms.
Asset Pipeline Refresh (id=939d5cb56e3e17b449ccc0a4d9ceff44): Total: 0.005 seconds - Initiated by StopAssetImportingV2(NoUpdateAssetOptions)
Start importing Assets/AreaBattle/Resources/Recovered/Hud/Sprites/CAB-b12125ef40883c71a6601adc1cc4fb42_-1979433772596107484.png using Guid(83f171e137fa6274080478840eef9e59) (TextureImporter) -> (artifact id: '983edc5fb3de629e8f85d0adcc5947d1') in 0.0009201 seconds
Refreshing native plugins compatible for Editor in 0.00 ms, found 0 plugins.
Preloading 0 native plugins for Editor in 0.00 ms.
Asset Pipeline Refresh (id=b64ddb589a1f01b4a9da4d9f66f55939): Total: 0.004 seconds - Initiated by StopAssetImportingV2(NoUpdateAssetOptions)
Start importing Assets/AreaBattle/Resources/Recovered/Hud/Sprites/CAB-b12125ef40883c71a6601adc1cc4fb42_-8491785715132141081.png using Guid(eb6da70b325e57841be97045ca0ff286) (TextureImporter) -> (artifact id: '3772798a3cfb482b9b1ca4d5f8db9973') in 0.0010896 seconds
Refreshing native plugins compatible for Editor in 0.00 ms, found 0 plugins.
Preloading 0 native plugins for Editor in 0.00 ms.
Asset Pipeline Refresh (id=170eba58d69cf304298b560997d93026): Total: 0.004 seconds - Initiated by StopAssetImportingV2(NoUpdateAssetOptions)
Start importing Assets/AreaBattle/Resources/Recovered/Hud/Sprites/CAB-b12125ef40883c71a6601adc1cc4fb42_-8491785715132141081.png using Guid(eb6da70b325e57841be97045ca0ff286) (TextureImporter) -> (artifact id: '3772798a3cfb482b9b1ca4d5f8db9973') in 0.0013007 seconds
Refreshing native plugins compatible for Editor in 0.00 ms, found 0 plugins.
Preloading 0 native plugins for Editor in 0.00 ms.
Asset Pipeline Refresh (id=64f1dcc113dc2474ba3f04082ca51c47): Total: 0.005 seconds - Initiated by StopAssetImportingV2(NoUpdateAssetOptions)
Start importing Assets/AreaBattle/Resources/Recovered/Hud/Sprites/CAB-b12125ef40883c71a6601adc1cc4fb42_-624563809540653018.png using Guid(55e8a72c6708105448083b2abb1cacd8) (TextureImporter) -> (artifact id: 'b00152c0a0ccfdb12728aeacf502a40b') in 0.001137 seconds
Refreshing native plugins compatible for Editor in 0.00 ms, found 0 plugins.
Preloading 0 native plugins for Editor in 0.00 ms.
Asset Pipeline Refresh (id=5dda9b6fe3bffb64a98bc3164b3bb6ef): Total: 0.005 seconds - Initiated by StopAssetImportingV2(NoUpdateAssetOptions)
Start importing Assets/AreaBattle/Resources/Recovered/Hud/Sprites/CAB-b12125ef40883c71a6601adc1cc4fb42_-624563809540653018.png using Guid(55e8a72c6708105448083b2abb1cacd8) (TextureImporter) -> (artifact id: 'b00152c0a0ccfdb12728aeacf502a40b') in 0.0010772 seconds
Refreshing native plugins compatible for Editor in 0.00 ms, found 0 plugins.
Preloading 0 native plugins for Editor in 0.00 ms.
Asset Pipeline Refresh (id=de8240c99496da74295719abf7c0ac2b): Total: 0.005 seconds - Initiated by StopAssetImportingV2(NoUpdateAssetOptions)
Start importing Assets/AreaBattle/Resources/Recovered/Hud/Sprites/CAB-b12125ef40883c71a6601adc1cc4fb42_-6448571199037907990.png using Guid(abca68042ab0e124cb2e3bfb38b87450) (TextureImporter) -> (artifact id: '6e6ff89ec5c42a43743268ee5e1a312b') in 0.0015169 seconds
Refreshing native plugins compatible for Editor in 0.00 ms, found 0 plugins.
Preloading 0 native plugins for Editor in 0.00 ms.
Asset Pipeline Refresh (id=cec47e2ae36d98f4aa3e77ae3eece0da): Total: 0.005 seconds - Initiated by StopAssetImportingV2(NoUpdateAssetOptions)
Start importing Assets/AreaBattle/Resources/Recovered/Hud/Sprites/CAB-b12125ef40883c71a6601adc1cc4fb42_-6448571199037907990.png using Guid(abca68042ab0e124cb2e3bfb38b87450) (TextureImporter) -> (artifact id: '6e6ff89ec5c42a43743268ee5e1a312b') in 0.0020233 seconds
Refreshing native plugins compatible for Editor in 0.00 ms, found 0 plugins.
Preloading 0 native plugins for Editor in 0.00 ms.
Asset Pipeline Refresh (id=b1aae73bdbf8a6446bea3c6d8d2fd42c): Total: 0.006 seconds - Initiated by StopAssetImportingV2(NoUpdateAssetOptions)
Start importing Assets/AreaBattle/Resources/Recovered/Hud/Sprites/CAB-b12125ef40883c71a6601adc1cc4fb42_6229623910888829140.png using Guid(27766d1611c280b48a93d58936454cd9) (TextureImporter) -> (artifact id: '4e340864fd660dbc1162b8896d3f7d5b') in 0.0011782 seconds
Refreshing native plugins compatible for Editor in 0.00 ms, found 0 plugins.
Preloading 0 native plugins for Editor in 0.00 ms.
Asset Pipeline Refresh (id=ade0132ef65f29c459fc767b89a33059): Total: 0.005 seconds - Initiated by StopAssetImportingV2(NoUpdateAssetOptions)
Start importing Assets/AreaBattle/Resources/Recovered/Hud/Sprites/CAB-b12125ef40883c71a6601adc1cc4fb42_6229623910888829140.png using Guid(27766d1611c280b48a93d58936454cd9) (TextureImporter) -> (artifact id: '4e340864fd660dbc1162b8896d3f7d5b') in 0.001282 seconds
Refreshing native plugins compatible for Editor in 0.00 ms, found 0 plugins.
Preloading 0 native plugins for Editor in 0.00 ms.
Asset Pipeline Refresh (id=0b34f0dff4e8be64ebf87b7965982ca4): Total: 0.005 seconds - Initiated by StopAssetImportingV2(NoUpdateAssetOptions)
Start importing Assets/AreaBattle/Resources/Recovered/Hud/Sprites/CAB-b12125ef40883c71a6601adc1cc4fb42_-4249076731500876841.png using Guid(a17f8ad34a3a6684280266426e1c6f26) (TextureImporter) -> (artifact id: 'f0d12927e491fc4722bfb82193e5a8e5') in 0.0031141 seconds
Refreshing native plugins compatible for Editor in 0.00 ms, found 0 plugins.
Preloading 0 native plugins for Editor in 0.00 ms.
Asset Pipeline Refresh (id=0e45b62476411fa4f8a9b8f1f4c1b200): Total: 0.007 seconds - Initiated by StopAssetImportingV2(NoUpdateAssetOptions)
Start importing Assets/AreaBattle/Resources/Recovered/Hud/Sprites/CAB-b12125ef40883c71a6601adc1cc4fb42_-4249076731500876841.png using Guid(a17f8ad34a3a6684280266426e1c6f26) (TextureImporter) -> (artifact id: 'f0d12927e491fc4722bfb82193e5a8e5') in 0.0029988 seconds
Refreshing native plugins compatible for Editor in 0.00 ms, found 0 plugins.
Preloading 0 native plugins for Editor in 0.00 ms.
Asset Pipeline Refresh (id=3bcdeb33b818438489fd99b6bcfa8d42): Total: 0.007 seconds - Initiated by StopAssetImportingV2(NoUpdateAssetOptions)
Start importing Assets/AreaBattle/Resources/Recovered/Hud/Sprites/CAB-b12125ef40883c71a6601adc1cc4fb42_7192919802501606388.png using Guid(562b753b43f9cf946abaeae8e10868f1) (TextureImporter) -> (artifact id: '0d5282f4e661e638262a1c99f51f24ff') in 0.0011875 seconds
Refreshing native plugins compatible for Editor in 0.00 ms, found 0 plugins.
Preloading 0 native plugins for Editor in 0.00 ms.
Asset Pipeline Refresh (id=35e6fac8500a6f146ba2d9a8cb464b51): Total: 0.005 seconds - Initiated by StopAssetImportingV2(NoUpdateAssetOptions)
Start importing Assets/AreaBattle/Resources/Recovered/Hud/Sprites/CAB-b12125ef40883c71a6601adc1cc4fb42_7192919802501606388.png using Guid(562b753b43f9cf946abaeae8e10868f1) (TextureImporter) -> (artifact id: '0d5282f4e661e638262a1c99f51f24ff') in 0.0010453 seconds
Refreshing native plugins compatible for Editor in 0.00 ms, found 0 plugins.
Preloading 0 native plugins for Editor in 0.00 ms.
Asset Pipeline Refresh (id=2149e96ae70a14b4ead25c0b3e8fa10c): Total: 0.005 seconds - Initiated by StopAssetImportingV2(NoUpdateAssetOptions)
Start importing Assets/AreaBattle/Resources/Recovered/Hud/Sprites/CAB-7e22b53f63a968a56641c9a7354ced7f_6477770383602244038.png using Guid(a9e7aff57283ca3449dc74ecb3910ed9) (TextureImporter) -> (artifact id: 'd2e1d06b8727fc50be16c6ab7aa74ae7') in 0.0016992 seconds
Refreshing native plugins compatible for Editor in 0.00 ms, found 0 plugins.
Preloading 0 native plugins for Editor in 0.00 ms.
Asset Pipeline Refresh (id=32c21543dd68568418431a2027872569): Total: 0.005 seconds - Initiated by StopAssetImportingV2(NoUpdateAssetOptions)
Start importing Assets/AreaBattle/Resources/Recovered/Hud/Sprites/CAB-7e22b53f63a968a56641c9a7354ced7f_6477770383602244038.png using Guid(a9e7aff57283ca3449dc74ecb3910ed9) (TextureImporter) -> (artifact id: 'd2e1d06b8727fc50be16c6ab7aa74ae7') in 0.0023496 seconds
Refreshing native plugins compatible for Editor in 0.00 ms, found 0 plugins.
Preloading 0 native plugins for Editor in 0.00 ms.
Asset Pipeline Refresh (id=c15f5e9aa9edd0e4baaf22ef78eb1dcf): Total: 0.006 seconds - Initiated by StopAssetImportingV2(NoUpdateAssetOptions)
Start importing Assets/AreaBattle/Resources/Recovered/Hud/Sprites/CAB-7e22b53f63a968a56641c9a7354ced7f_-2948363456808622042.png using Guid(773d56f43a422b546a50c73209aa969e) (TextureImporter) -> (artifact id: 'b894a3ea675daf5346953cef4d99c92c') in 0.0008797 seconds
Refreshing native plugins compatible for Editor in 0.00 ms, found 0 plugins.
Preloading 0 native plugins for Editor in 0.00 ms.
Asset Pipeline Refresh (id=487f9c567027de14e8004481c82e79d8): Total: 0.004 seconds - Initiated by StopAssetImportingV2(NoUpdateAssetOptions)
Start importing Assets/AreaBattle/Resources/Recovered/Hud/Sprites/CAB-7e22b53f63a968a56641c9a7354ced7f_-2948363456808622042.png using Guid(773d56f43a422b546a50c73209aa969e) (TextureImporter) -> (artifact id: 'b894a3ea675daf5346953cef4d99c92c') in 0.0008276 seconds
Refreshing native plugins compatible for Editor in 0.00 ms, found 0 plugins.
Preloading 0 native plugins for Editor in 0.00 ms.
Asset Pipeline Refresh (id=408ad1a38f83e4c4db9ff914a34d3152): Total: 0.004 seconds - Initiated by StopAssetImportingV2(NoUpdateAssetOptions)
Start importing Assets/AreaBattle/Resources/Recovered/Hud/Sprites/CAB-7e22b53f63a968a56641c9a7354ced7f_-2862215400734914101.png using Guid(ea1f9e3d3f6039c4897c34a075c0a82d) (TextureImporter) -> (artifact id: '4bf6f2fe1b2c7b1bfff784d6589f960c') in 0.0014852 seconds
Refreshing native plugins compatible for Editor in 0.00 ms, found 0 plugins.
Preloading 0 native plugins for Editor in 0.00 ms.
Asset Pipeline Refresh (id=7079e6dece7ff1c4680d9e982d94f9d4): Total: 0.005 seconds - Initiated by StopAssetImportingV2(NoUpdateAssetOptions)
Start importing Assets/AreaBattle/Resources/Recovered/Hud/Sprites/CAB-7e22b53f63a968a56641c9a7354ced7f_-2862215400734914101.png using Guid(ea1f9e3d3f6039c4897c34a075c0a82d) (TextureImporter) -> (artifact id: '4bf6f2fe1b2c7b1bfff784d6589f960c') in 0.0012222 seconds
Refreshing native plugins compatible for Editor in 0.00 ms, found 0 plugins.
Preloading 0 native plugins for Editor in 0.00 ms.
Asset Pipeline Refresh (id=ff40b18e2a644d148b668136eb320100): Total: 0.005 seconds - Initiated by StopAssetImportingV2(NoUpdateAssetOptions)
Start importing Assets/AreaBattle/Resources/Recovered/Hud/Sprites/CAB-7e22b53f63a968a56641c9a7354ced7f_-9020182867955463977.png using Guid(242bfd62580943744aa13c680b32c94c) (TextureImporter) -> (artifact id: '69254225ff6fe413a41c260442df507b') in 0.0017398 seconds
Refreshing native plugins compatible for Editor in 0.00 ms, found 0 plugins.
Preloading 0 native plugins for Editor in 0.00 ms.
Asset Pipeline Refresh (id=35ee02d4cdb6f984d81270abe7891656): Total: 0.005 seconds - Initiated by StopAssetImportingV2(NoUpdateAssetOptions)
Start importing Assets/AreaBattle/Resources/Recovered/Hud/Sprites/CAB-7e22b53f63a968a56641c9a7354ced7f_-9020182867955463977.png using Guid(242bfd62580943744aa13c680b32c94c) (TextureImporter) -> (artifact id: '69254225ff6fe413a41c260442df507b') in 0.0017862 seconds
Refreshing native plugins compatible for Editor in 0.00 ms, found 0 plugins.
Preloading 0 native plugins for Editor in 0.00 ms.
Asset Pipeline Refresh (id=fa5e2e11787d2ce4d84e5e297317b456): Total: 0.006 seconds - Initiated by StopAssetImportingV2(NoUpdateAssetOptions)
Start importing Assets/AreaBattle/Resources/Recovered/Hud/Sprites/CAB-7e22b53f63a968a56641c9a7354ced7f_5334668335097706171.png using Guid(e5b4ed419b0170f44bae8b90c55522e5) (TextureImporter) -> (artifact id: 'a96e05b00230f77c891255e1c6217460') in 0.0015916 seconds
Refreshing native plugins compatible for Editor in 0.00 ms, found 0 plugins.
Preloading 0 native plugins for Editor in 0.00 ms.
Asset Pipeline Refresh (id=97adb70eec34da24bba3ce6568e1acb0): Total: 0.005 seconds - Initiated by StopAssetImportingV2(NoUpdateAssetOptions)
Start importing Assets/AreaBattle/Resources/Recovered/Hud/Sprites/CAB-7e22b53f63a968a56641c9a7354ced7f_5334668335097706171.png using Guid(e5b4ed419b0170f44bae8b90c55522e5) (TextureImporter) -> (artifact id: 'a96e05b00230f77c891255e1c6217460') in 0.0015051 seconds
Refreshing native plugins compatible for Editor in 0.00 ms, found 0 plugins.
Preloading 0 native plugins for Editor in 0.00 ms.
Asset Pipeline Refresh (id=178853dd22257694d995323faec8c9ab): Total: 0.005 seconds - Initiated by StopAssetImportingV2(NoUpdateAssetOptions)
Start importing Assets/AreaBattle/Resources/Recovered/Hud/Sprites/CAB-7e22b53f63a968a56641c9a7354ced7f_-8287290167775489253.png using Guid(92faebac20b210d47bf1980f0e6bc36c) (TextureImporter) -> (artifact id: '1687fcabf88eb49cd56297bf30f1bfda') in 0.0021401 seconds
Refreshing native plugins compatible for Editor in 0.00 ms, found 0 plugins.
Preloading 0 native plugins for Editor in 0.00 ms.
Asset Pipeline Refresh (id=54964b35dec76a64d97abfe20ed1eb5a): Total: 0.006 seconds - Initiated by StopAssetImportingV2(NoUpdateAssetOptions)
Start importing Assets/AreaBattle/Resources/Recovered/Hud/Sprites/CAB-7e22b53f63a968a56641c9a7354ced7f_-8287290167775489253.png using Guid(92faebac20b210d47bf1980f0e6bc36c) (TextureImporter) -> (artifact id: '1687fcabf88eb49cd56297bf30f1bfda') in 0.00179 seconds
Refreshing native plugins compatible for Editor in 0.00 ms, found 0 plugins.
Preloading 0 native plugins for Editor in 0.00 ms.
Asset Pipeline Refresh (id=8634999a474b16445b378b5fcc22506a): Total: 0.007 seconds - Initiated by StopAssetImportingV2(NoUpdateAssetOptions)
Start importing Assets/AreaBattle/Resources/Recovered/Hud/Sprites/CAB-7e22b53f63a968a56641c9a7354ced7f_7351441337424414001.png using Guid(4e6a44b256eb93347973377aece0bebe) (TextureImporter) -> (artifact id: '34f6804cebe233648be18656f47f1ab1') in 0.0021451 seconds
Refreshing native plugins compatible for Editor in 0.00 ms, found 0 plugins.
Preloading 0 native plugins for Editor in 0.00 ms.
Asset Pipeline Refresh (id=664c7675e00926e4f99e27091086af96): Total: 0.006 seconds - Initiated by StopAssetImportingV2(NoUpdateAssetOptions)
Start importing Assets/AreaBattle/Resources/Recovered/Hud/Sprites/CAB-7e22b53f63a968a56641c9a7354ced7f_7351441337424414001.png using Guid(4e6a44b256eb93347973377aece0bebe) (TextureImporter) -> (artifact id: '34f6804cebe233648be18656f47f1ab1') in 0.0022742 seconds
Refreshing native plugins compatible for Editor in 0.00 ms, found 0 plugins.
Preloading 0 native plugins for Editor in 0.00 ms.
Asset Pipeline Refresh (id=b5ffbc11d3cd57e429641793e081d627): Total: 0.006 seconds - Initiated by StopAssetImportingV2(NoUpdateAssetOptions)
Start importing Assets/AreaBattle/Resources/Recovered/Hud/Sprites/CAB-7e22b53f63a968a56641c9a7354ced7f_-8267573260985864943.png using Guid(ef4fc3e5a3359d74f9e61974c0b61e07) (TextureImporter) -> (artifact id: 'bf853eadea6e9d29cc367119149b0396') in 0.0011531 seconds
Refreshing native plugins compatible for Editor in 0.00 ms, found 0 plugins.
Preloading 0 native plugins for Editor in 0.00 ms.
Asset Pipeline Refresh (id=19bcfbcb17cde024b93846f303abb43e): Total: 0.004 seconds - Initiated by StopAssetImportingV2(NoUpdateAssetOptions)
Start importing Assets/AreaBattle/Resources/Recovered/Hud/Sprites/CAB-7e22b53f63a968a56641c9a7354ced7f_-8267573260985864943.png using Guid(ef4fc3e5a3359d74f9e61974c0b61e07) (TextureImporter) -> (artifact id: 'bf853eadea6e9d29cc367119149b0396') in 0.0011305 seconds
Refreshing native plugins compatible for Editor in 0.00 ms, found 0 plugins.
Preloading 0 native plugins for Editor in 0.00 ms.
Asset Pipeline Refresh (id=f13fa9ada298f6a4f9d454b12225038f): Total: 0.005 seconds - Initiated by StopAssetImportingV2(NoUpdateAssetOptions)
Start importing Assets/AreaBattle/Resources/Recovered/Hud/Sprites/CAB-7e22b53f63a968a56641c9a7354ced7f_-8870393444111787136.png using Guid(f1dcde7296313a64b9610e8eea103f65) (TextureImporter) -> (artifact id: '1e350c1cd5d18d1f077985d199d50b43') in 0.001305 seconds
Refreshing native plugins compatible for Editor in 0.00 ms, found 0 plugins.
Preloading 0 native plugins for Editor in 0.00 ms.
Asset Pipeline Refresh (id=f9ed1ef7fb069f34daede0b102a79118): Total: 0.005 seconds - Initiated by StopAssetImportingV2(NoUpdateAssetOptions)
Start importing Assets/AreaBattle/Resources/Recovered/Hud/Sprites/CAB-7e22b53f63a968a56641c9a7354ced7f_-8870393444111787136.png using Guid(f1dcde7296313a64b9610e8eea103f65) (TextureImporter) -> (artifact id: '1e350c1cd5d18d1f077985d199d50b43') in 0.0012341 seconds
Refreshing native plugins compatible for Editor in 0.00 ms, found 0 plugins.
Preloading 0 native plugins for Editor in 0.00 ms.
Asset Pipeline Refresh (id=801fda637bd77cf4b9ce585b4df64051): Total: 0.005 seconds - Initiated by StopAssetImportingV2(NoUpdateAssetOptions)
Start importing Assets/AreaBattle/Resources/Recovered/Hud/Sprites/CAB-7e22b53f63a968a56641c9a7354ced7f_7192919802501606388.png using Guid(59d81309af84d004d838b87e2fb5b3f4) (TextureImporter) -> (artifact id: '3dc86d5d4446b4963c6877d01608847c') in 0.001225 seconds
Refreshing native plugins compatible for Editor in 0.00 ms, found 0 plugins.
Preloading 0 native plugins for Editor in 0.00 ms.
Asset Pipeline Refresh (id=a0a8e3eef860c69469e62e092042ebb4): Total: 0.005 seconds - Initiated by StopAssetImportingV2(NoUpdateAssetOptions)
Start importing Assets/AreaBattle/Resources/Recovered/Hud/Sprites/CAB-7e22b53f63a968a56641c9a7354ced7f_7192919802501606388.png using Guid(59d81309af84d004d838b87e2fb5b3f4) (TextureImporter) -> (artifact id: '3dc86d5d4446b4963c6877d01608847c') in 0.0012093 seconds
Refreshing native plugins compatible for Editor in 0.00 ms, found 0 plugins.
Preloading 0 native plugins for Editor in 0.00 ms.
Asset Pipeline Refresh (id=c7ef10838964a5349b03bdf5cf23b1d3): Total: 0.005 seconds - Initiated by StopAssetImportingV2(NoUpdateAssetOptions)
Start importing Assets/AreaBattle/Resources/Recovered/Hud/Sprites/CAB-7e22b53f63a968a56641c9a7354ced7f_6229623910888829140.png using Guid(61771b182bec39940925bc3dd0e95070) (TextureImporter) -> (artifact id: '092f11f0fd2d19df62096c0f6f33a3aa') in 0.0011772 seconds
Refreshing native plugins compatible for Editor in 0.00 ms, found 0 plugins.
Preloading 0 native plugins for Editor in 0.00 ms.
Asset Pipeline Refresh (id=389008b47a9c69d4483e664b346fba8c): Total: 0.005 seconds - Initiated by StopAssetImportingV2(NoUpdateAssetOptions)
Start importing Assets/AreaBattle/Resources/Recovered/Hud/Sprites/CAB-7e22b53f63a968a56641c9a7354ced7f_6229623910888829140.png using Guid(61771b182bec39940925bc3dd0e95070) (TextureImporter) -> (artifact id: '092f11f0fd2d19df62096c0f6f33a3aa') in 0.0011052 seconds
Refreshing native plugins compatible for Editor in 0.00 ms, found 0 plugins.
Preloading 0 native plugins for Editor in 0.00 ms.
Asset Pipeline Refresh (id=507c92ceb77d5fe4098058d5e0388dd5): Total: 0.005 seconds - Initiated by StopAssetImportingV2(NoUpdateAssetOptions)
Start importing Assets/AreaBattle/Resources/Recovered/Hud/Sprites/CAB-7e22b53f63a968a56641c9a7354ced7f_-8928826737261209088.png using Guid(5463351b07003d44591d8479a544e7cb) (TextureImporter) -> (artifact id: '6efcf90ea62b7bc6579472f1351b400e') in 0.0016892 seconds
Refreshing native plugins compatible for Editor in 0.00 ms, found 0 plugins.
Preloading 0 native plugins for Editor in 0.00 ms.
Asset Pipeline Refresh (id=5d59eb3c66b05714b85b672291b19932): Total: 0.006 seconds - Initiated by StopAssetImportingV2(NoUpdateAssetOptions)
Start importing Assets/AreaBattle/Resources/Recovered/Hud/Sprites/CAB-7e22b53f63a968a56641c9a7354ced7f_-8928826737261209088.png using Guid(5463351b07003d44591d8479a544e7cb) (TextureImporter) -> (artifact id: '6efcf90ea62b7bc6579472f1351b400e') in 0.0014866 seconds
Refreshing native plugins compatible for Editor in 0.00 ms, found 0 plugins.
Preloading 0 native plugins for Editor in 0.00 ms.
Asset Pipeline Refresh (id=f1bed32960d59524b9097317354ab075): Total: 0.005 seconds - Initiated by StopAssetImportingV2(NoUpdateAssetOptions)
Start importing Assets/AreaBattle/Resources/Recovered/Hud/Sprites/CAB-7e22b53f63a968a56641c9a7354ced7f_-8491785715132141081.png using Guid(c323e40b85f8e2c449edf34ffe2d26e2) (TextureImporter) -> (artifact id: 'ea667f74cb61fe2fbc610790564c340a') in 0.0010352 seconds
Refreshing native plugins compatible for Editor in 0.00 ms, found 0 plugins.
Preloading 0 native plugins for Editor in 0.00 ms.
Asset Pipeline Refresh (id=5d2f0659256185e478158aba6d52098f): Total: 0.004 seconds - Initiated by StopAssetImportingV2(NoUpdateAssetOptions)
Start importing Assets/AreaBattle/Resources/Recovered/Hud/Sprites/CAB-7e22b53f63a968a56641c9a7354ced7f_-8491785715132141081.png using Guid(c323e40b85f8e2c449edf34ffe2d26e2) (TextureImporter) -> (artifact id: 'ea667f74cb61fe2fbc610790564c340a') in 0.0012604 seconds
Refreshing native plugins compatible for Editor in 0.00 ms, found 0 plugins.
Preloading 0 native plugins for Editor in 0.00 ms.
Asset Pipeline Refresh (id=4b1a462a59a146a408c6e068bd7c0131): Total: 0.005 seconds - Initiated by StopAssetImportingV2(NoUpdateAssetOptions)
Start importing Assets/AreaBattle/Resources/Recovered/Hud/Sprites/CAB-54d62f6ded50366c1e410de8cc594497_7293376573917298830.png using Guid(3213752dd572bb949a3c326ade3a316f) (TextureImporter) -> (artifact id: 'be769efe5fe81723867185dd9f32d1dd') in 0.0096736 seconds
Refreshing native plugins compatible for Editor in 0.00 ms, found 0 plugins.
Preloading 0 native plugins for Editor in 0.00 ms.
Asset Pipeline Refresh (id=038886baa27c20c4ab91f780ec504cf3): Total: 0.013 seconds - Initiated by StopAssetImportingV2(NoUpdateAssetOptions)
Start importing Assets/AreaBattle/Resources/Recovered/Hud/Sprites/CAB-54d62f6ded50366c1e410de8cc594497_7293376573917298830.png using Guid(3213752dd572bb949a3c326ade3a316f) (TextureImporter) -> (artifact id: 'be769efe5fe81723867185dd9f32d1dd') in 0.0093828 seconds
Refreshing native plugins compatible for Editor in 0.00 ms, found 0 plugins.
Preloading 0 native plugins for Editor in 0.00 ms.
Asset Pipeline Refresh (id=d7c4e1139b2ecd34a8346f933a562fe1): Total: 0.013 seconds - Initiated by StopAssetImportingV2(NoUpdateAssetOptions)
Start importing Assets/AreaBattle/Resources/Recovered/Hud/Sprites/CAB-54d62f6ded50366c1e410de8cc594497_-8134375624795049230.png using Guid(f526e6d6220253f4582166d8aa0bb9f4) (TextureImporter) -> (artifact id: '408db689c9ce14d5ca33ceeb53d9f0e6') in 0.0279547 seconds
Refreshing native plugins compatible for Editor in 0.00 ms, found 0 plugins.
Preloading 0 native plugins for Editor in 0.00 ms.
Asset Pipeline Refresh (id=06b387c59d93dd44ab42a7fb66e61e66): Total: 0.032 seconds - Initiated by StopAssetImportingV2(NoUpdateAssetOptions)
Start importing Assets/AreaBattle/Resources/Recovered/Hud/Sprites/CAB-54d62f6ded50366c1e410de8cc594497_-8134375624795049230.png using Guid(f526e6d6220253f4582166d8aa0bb9f4) (TextureImporter) -> (artifact id: '408db689c9ce14d5ca33ceeb53d9f0e6') in 0.0279116 seconds
Refreshing native plugins compatible for Editor in 0.00 ms, found 0 plugins.
Preloading 0 native plugins for Editor in 0.00 ms.
Asset Pipeline Refresh (id=598c4e5d4a3d1aa46b2dbf34f7e58521): Total: 0.032 seconds - Initiated by StopAssetImportingV2(NoUpdateAssetOptions)
Start importing Assets/AreaBattle/Resources/Recovered/Hud/Sprites/CAB-54d62f6ded50366c1e410de8cc594497_-8268854209399839647.png using Guid(c5f66aede74d7e546861cc0e0666fd68) (TextureImporter) -> (artifact id: 'ec95e0a594b85835284563a85dbe3349') in 0.0017622 seconds
Refreshing native plugins compatible for Editor in 0.00 ms, found 0 plugins.
Preloading 0 native plugins for Editor in 0.00 ms.
Asset Pipeline Refresh (id=65297b32ce5118e4aaee629dd940dce7): Total: 0.006 seconds - Initiated by StopAssetImportingV2(NoUpdateAssetOptions)
Start importing Assets/AreaBattle/Resources/Recovered/Hud/Sprites/CAB-54d62f6ded50366c1e410de8cc594497_-8268854209399839647.png using Guid(c5f66aede74d7e546861cc0e0666fd68) (TextureImporter) -> (artifact id: 'ec95e0a594b85835284563a85dbe3349') in 0.0016937 seconds
Refreshing native plugins compatible for Editor in 0.00 ms, found 0 plugins.
Preloading 0 native plugins for Editor in 0.00 ms.
Asset Pipeline Refresh (id=135322cb9f8186b4f9f069d4faa53713): Total: 0.005 seconds - Initiated by StopAssetImportingV2(NoUpdateAssetOptions)
Start importing Assets/AreaBattle/Resources/Recovered/Hud/Sprites/CAB-54d62f6ded50366c1e410de8cc594497_3372530375804971773.png using Guid(f5888786ea9efe84f85239bb709a303e) (TextureImporter) -> (artifact id: '7519cf8c4e2eab139d6bbccad48953aa') in 0.0012171 seconds
Refreshing native plugins compatible for Editor in 0.00 ms, found 0 plugins.
Preloading 0 native plugins for Editor in 0.00 ms.
Asset Pipeline Refresh (id=3ddb9985a6591ba42a382e0f0577dd84): Total: 0.005 seconds - Initiated by StopAssetImportingV2(NoUpdateAssetOptions)
Start importing Assets/AreaBattle/Resources/Recovered/Hud/Sprites/CAB-54d62f6ded50366c1e410de8cc594497_3372530375804971773.png using Guid(f5888786ea9efe84f85239bb709a303e) (TextureImporter) -> (artifact id: '7519cf8c4e2eab139d6bbccad48953aa') in 0.0011755 seconds
Refreshing native plugins compatible for Editor in 0.00 ms, found 0 plugins.
Preloading 0 native plugins for Editor in 0.00 ms.
Asset Pipeline Refresh (id=b5b0bf443285b7c4db9b99b3726d51a7): Total: 0.005 seconds - Initiated by StopAssetImportingV2(NoUpdateAssetOptions)
Start importing Assets/AreaBattle/Resources/Recovered/Hud/Sprites/CAB-d104257a13aa94e680b78c339b46726d_-6550380262014951068.png using Guid(0162272c5a564f2448209c57d52d9a70) (TextureImporter) -> (artifact id: '38c97bf7c03bdb76be6d80c6df70d76c') in 0.0112409 seconds
Refreshing native plugins compatible for Editor in 0.00 ms, found 0 plugins.
Preloading 0 native plugins for Editor in 0.00 ms.
Asset Pipeline Refresh (id=258d011650540d949a7f2a9d5e78da13): Total: 0.015 seconds - Initiated by StopAssetImportingV2(NoUpdateAssetOptions)
Start importing Assets/AreaBattle/Resources/Recovered/Hud/Sprites/CAB-d104257a13aa94e680b78c339b46726d_-6550380262014951068.png using Guid(0162272c5a564f2448209c57d52d9a70) (TextureImporter) -> (artifact id: '38c97bf7c03bdb76be6d80c6df70d76c') in 0.0110282 seconds
Refreshing native plugins compatible for Editor in 0.00 ms, found 0 plugins.
Preloading 0 native plugins for Editor in 0.00 ms.
Asset Pipeline Refresh (id=3d3cb1b1cb6c62c4d84f4abb589f87d3): Total: 0.015 seconds - Initiated by StopAssetImportingV2(NoUpdateAssetOptions)
Start importing Assets/AreaBattle/Resources/Recovered/Hud/Sprites/CAB-d104257a13aa94e680b78c339b46726d_1220862822533450771.png using Guid(7908339ea9cd55f4d9ec06f0f96f12fc) (TextureImporter) -> (artifact id: 'b8edc2e2d5f7dc17a071dac57277c98c') in 0.0009389 seconds
Refreshing native plugins compatible for Editor in 0.00 ms, found 0 plugins.
Preloading 0 native plugins for Editor in 0.00 ms.
Asset Pipeline Refresh (id=47001994756fd5d43b4c4d6fb5f3740f): Total: 0.005 seconds - Initiated by StopAssetImportingV2(NoUpdateAssetOptions)
Start importing Assets/AreaBattle/Resources/Recovered/Hud/Sprites/CAB-d104257a13aa94e680b78c339b46726d_1220862822533450771.png using Guid(7908339ea9cd55f4d9ec06f0f96f12fc) (TextureImporter) -> (artifact id: 'b8edc2e2d5f7dc17a071dac57277c98c') in 0.0008524 seconds
Refreshing native plugins compatible for Editor in 0.00 ms, found 0 plugins.
Preloading 0 native plugins for Editor in 0.00 ms.
Asset Pipeline Refresh (id=14336c9f17c268c49aa2efbcb4524955): Total: 0.004 seconds - Initiated by StopAssetImportingV2(NoUpdateAssetOptions)
Start importing Assets/AreaBattle/Resources/Recovered/Hud/Sprites/CAB-d104257a13aa94e680b78c339b46726d_-8268854209399839647.png using Guid(6831a3440f605ba498140d55c644988a) (TextureImporter) -> (artifact id: '9e0e4723187452cc3b3a697ff3da1c6e') in 0.0015735 seconds
Refreshing native plugins compatible for Editor in 0.00 ms, found 0 plugins.
Preloading 0 native plugins for Editor in 0.00 ms.
Asset Pipeline Refresh (id=5b17c95a7d444e8409ccccada0e30692): Total: 0.005 seconds - Initiated by StopAssetImportingV2(NoUpdateAssetOptions)
Start importing Assets/AreaBattle/Resources/Recovered/Hud/Sprites/CAB-d104257a13aa94e680b78c339b46726d_-8268854209399839647.png using Guid(6831a3440f605ba498140d55c644988a) (TextureImporter) -> (artifact id: '9e0e4723187452cc3b3a697ff3da1c6e') in 0.0016615 seconds
Refreshing native plugins compatible for Editor in 0.00 ms, found 0 plugins.
Preloading 0 native plugins for Editor in 0.00 ms.
Asset Pipeline Refresh (id=45ede6d728b710a4c82a09ed4b73a63c): Total: 0.005 seconds - Initiated by StopAssetImportingV2(NoUpdateAssetOptions)
Start importing Assets/AreaBattle/Resources/Recovered/Hud/Sprites/CAB-d104257a13aa94e680b78c339b46726d_-8491785715132141081.png using Guid(c9f0d80eaa20e4b42a854d0609ca3101) (TextureImporter) -> (artifact id: '9382b217ad71988b1d9e3ad68879d194') in 0.0010272 seconds
Refreshing native plugins compatible for Editor in 0.00 ms, found 0 plugins.
Preloading 0 native plugins for Editor in 0.00 ms.
Asset Pipeline Refresh (id=e2cc2f3af1e11b54384051eced5c7e1e): Total: 0.004 seconds - Initiated by StopAssetImportingV2(NoUpdateAssetOptions)
Start importing Assets/AreaBattle/Resources/Recovered/Hud/Sprites/CAB-d104257a13aa94e680b78c339b46726d_-8491785715132141081.png using Guid(c9f0d80eaa20e4b42a854d0609ca3101) (TextureImporter) -> (artifact id: '9382b217ad71988b1d9e3ad68879d194') in 0.0009953 seconds
Refreshing native plugins compatible for Editor in 0.00 ms, found 0 plugins.
Preloading 0 native plugins for Editor in 0.00 ms.
Asset Pipeline Refresh (id=3e24a3cdfb9f969459aa5a3ec553d7b5): Total: 0.004 seconds - Initiated by StopAssetImportingV2(NoUpdateAssetOptions)
Start importing Assets/AreaBattle/Resources/Recovered/Hud/Sprites/CAB-71a96badbcffab7b7451a783f271bc4b_-1797332260960300854.png using Guid(21143e3ee3389494c8ce85e111f14721) (TextureImporter) -> (artifact id: '62ce9779fb27e94d7a945c277735aa56') in 0.0021371 seconds
Refreshing native plugins compatible for Editor in 0.00 ms, found 0 plugins.
Preloading 0 native plugins for Editor in 0.00 ms.
Asset Pipeline Refresh (id=ea7b871f9951b3247a28ad95355e60b6): Total: 0.006 seconds - Initiated by StopAssetImportingV2(NoUpdateAssetOptions)
Start importing Assets/AreaBattle/Resources/Recovered/Hud/Sprites/CAB-71a96badbcffab7b7451a783f271bc4b_-1797332260960300854.png using Guid(21143e3ee3389494c8ce85e111f14721) (TextureImporter) -> (artifact id: '62ce9779fb27e94d7a945c277735aa56') in 0.0019844 seconds
Refreshing native plugins compatible for Editor in 0.00 ms, found 0 plugins.
Preloading 0 native plugins for Editor in 0.00 ms.
Asset Pipeline Refresh (id=ec4fb7d1970309048b30ee30c63c0fc8): Total: 0.006 seconds - Initiated by StopAssetImportingV2(NoUpdateAssetOptions)
Start importing Assets/AreaBattle/Resources/Recovered/Hud/Sprites/CAB-71a96badbcffab7b7451a783f271bc4b_4415441428988527685.png using Guid(c8993d62c524e1145b19e952fcafde98) (TextureImporter) -> (artifact id: '57c5e57a852c7fd78e35e7f6c8138b95') in 0.001533 seconds
Refreshing native plugins compatible for Editor in 0.00 ms, found 0 plugins.
Preloading 0 native plugins for Editor in 0.00 ms.
Asset Pipeline Refresh (id=8a9fe48f5da0a7b41a8b9059d949f094): Total: 0.005 seconds - Initiated by StopAssetImportingV2(NoUpdateAssetOptions)
Start importing Assets/AreaBattle/Resources/Recovered/Hud/Sprites/CAB-71a96badbcffab7b7451a783f271bc4b_4415441428988527685.png using Guid(c8993d62c524e1145b19e952fcafde98) (TextureImporter) -> (artifact id: '57c5e57a852c7fd78e35e7f6c8138b95') in 0.0016635 seconds
Refreshing native plugins compatible for Editor in 0.00 ms, found 0 plugins.
Preloading 0 native plugins for Editor in 0.00 ms.
Asset Pipeline Refresh (id=65860da802d812744ab4f8fbb5bcdfab): Total: 0.006 seconds - Initiated by StopAssetImportingV2(NoUpdateAssetOptions)
Start importing Assets/AreaBattle/Resources/Recovered/Hud/Sprites/CAB-71a96badbcffab7b7451a783f271bc4b_7894834730182805884.png using Guid(160dd3f1da7672f4e96e80445961fb4f) (TextureImporter) -> (artifact id: '8413bbc12193b590ba6d827684bf0370') in 0.0066913 seconds
Refreshing native plugins compatible for Editor in 0.00 ms, found 0 plugins.
Preloading 0 native plugins for Editor in 0.00 ms.
Asset Pipeline Refresh (id=7a8b3b86abbd8f84b86e76e3a1c2162a): Total: 0.010 seconds - Initiated by StopAssetImportingV2(NoUpdateAssetOptions)
Start importing Assets/AreaBattle/Resources/Recovered/Hud/Sprites/CAB-71a96badbcffab7b7451a783f271bc4b_7894834730182805884.png using Guid(160dd3f1da7672f4e96e80445961fb4f) (TextureImporter) -> (artifact id: '8413bbc12193b590ba6d827684bf0370') in 0.0062081 seconds
Refreshing native plugins compatible for Editor in 0.00 ms, found 0 plugins.
Preloading 0 native plugins for Editor in 0.00 ms.
Asset Pipeline Refresh (id=6a8f299dbddbeb846a3b20431cfbd225): Total: 0.010 seconds - Initiated by StopAssetImportingV2(NoUpdateAssetOptions)
Start importing Assets/AreaBattle/Resources/Recovered/Hud/Sprites/CAB-71a96badbcffab7b7451a783f271bc4b_4111178101966353224.png using Guid(a6b9e605d3370994da682de0382b4c3c) (TextureImporter) -> (artifact id: '8c5003d88a4d38f69dd588e5446ef462') in 0.0009809 seconds
Refreshing native plugins compatible for Editor in 0.00 ms, found 0 plugins.
Preloading 0 native plugins for Editor in 0.00 ms.
Asset Pipeline Refresh (id=d1d682164203b754ab79f4d023320941): Total: 0.005 seconds - Initiated by StopAssetImportingV2(NoUpdateAssetOptions)
Start importing Assets/AreaBattle/Resources/Recovered/Hud/Sprites/CAB-71a96badbcffab7b7451a783f271bc4b_4111178101966353224.png using Guid(a6b9e605d3370994da682de0382b4c3c) (TextureImporter) -> (artifact id: '8c5003d88a4d38f69dd588e5446ef462') in 0.0010056 seconds
Refreshing native plugins compatible for Editor in 0.00 ms, found 0 plugins.
Preloading 0 native plugins for Editor in 0.00 ms.
Asset Pipeline Refresh (id=691b3729617446242a969c6bc00808ca): Total: 0.005 seconds - Initiated by StopAssetImportingV2(NoUpdateAssetOptions)
Start importing Assets/AreaBattle/Resources/Recovered/Hud/Sprites/CAB-71a96badbcffab7b7451a783f271bc4b_4399269785087572618.png using Guid(de0779298f7f6ae4d907f7a2aa384dc5) (TextureImporter) -> (artifact id: 'b5c9af8b1cfc6602555d0265aa433db2') in 0.0011585 seconds
Refreshing native plugins compatible for Editor in 0.00 ms, found 0 plugins.
Preloading 0 native plugins for Editor in 0.00 ms.
Asset Pipeline Refresh (id=2dec54f7450d9b14e99ab881100c93ec): Total: 0.005 seconds - Initiated by StopAssetImportingV2(NoUpdateAssetOptions)
Start importing Assets/AreaBattle/Resources/Recovered/Hud/Sprites/CAB-71a96badbcffab7b7451a783f271bc4b_4399269785087572618.png using Guid(de0779298f7f6ae4d907f7a2aa384dc5) (TextureImporter) -> (artifact id: 'b5c9af8b1cfc6602555d0265aa433db2') in 0.0013292 seconds
Refreshing native plugins compatible for Editor in 0.00 ms, found 0 plugins.
Preloading 0 native plugins for Editor in 0.00 ms.
Asset Pipeline Refresh (id=e08a3942b496a5042b9a0aea11135d1b): Total: 0.005 seconds - Initiated by StopAssetImportingV2(NoUpdateAssetOptions)
Start importing Assets/AreaBattle/Resources/Recovered/Hud/Sprites/CAB-71a96badbcffab7b7451a783f271bc4b_8113261151973258035.png using Guid(0c28b4a04921f24409ebc2e7ddfd3cd7) (TextureImporter) -> (artifact id: '24375b253cd05439c04dd27a57302715') in 0.0011926 seconds
Refreshing native plugins compatible for Editor in 0.00 ms, found 0 plugins.
Preloading 0 native plugins for Editor in 0.00 ms.
Asset Pipeline Refresh (id=f982ffe06ca4c2d419870e3f4abc1f27): Total: 0.005 seconds - Initiated by StopAssetImportingV2(NoUpdateAssetOptions)
Start importing Assets/AreaBattle/Resources/Recovered/Hud/Sprites/CAB-71a96badbcffab7b7451a783f271bc4b_8113261151973258035.png using Guid(0c28b4a04921f24409ebc2e7ddfd3cd7) (TextureImporter) -> (artifact id: '24375b253cd05439c04dd27a57302715') in 0.0010114 seconds
Refreshing native plugins compatible for Editor in 0.00 ms, found 0 plugins.
Preloading 0 native plugins for Editor in 0.00 ms.
Asset Pipeline Refresh (id=bf600c168a2ff604d90dca117dec2747): Total: 0.005 seconds - Initiated by StopAssetImportingV2(NoUpdateAssetOptions)
Start importing Assets/AreaBattle/Resources/Recovered/Hud/Sprites/CAB-71a96badbcffab7b7451a783f271bc4b_4168258849634748725.png using Guid(64e28f81cac11b240b062509d58ff782) (TextureImporter) -> (artifact id: '9bb08a6ec97d14dfcd59992cfd58d5b1') in 0.0009976 seconds
Refreshing native plugins compatible for Editor in 0.00 ms, found 0 plugins.
Preloading 0 native plugins for Editor in 0.00 ms.
Asset Pipeline Refresh (id=0e55885e04ab4f84992af7ce751dfa4d): Total: 0.004 seconds - Initiated by StopAssetImportingV2(NoUpdateAssetOptions)
Start importing Assets/AreaBattle/Resources/Recovered/Hud/Sprites/CAB-71a96badbcffab7b7451a783f271bc4b_4168258849634748725.png using Guid(64e28f81cac11b240b062509d58ff782) (TextureImporter) -> (artifact id: '9bb08a6ec97d14dfcd59992cfd58d5b1') in 0.0012953 seconds
Refreshing native plugins compatible for Editor in 0.00 ms, found 0 plugins.
Preloading 0 native plugins for Editor in 0.00 ms.
Asset Pipeline Refresh (id=1e849e53ab590284ba2c827a9846f838): Total: 0.005 seconds - Initiated by StopAssetImportingV2(NoUpdateAssetOptions)
Start importing Assets/AreaBattle/Resources/Recovered/Hud/Sprites/CAB-71a96badbcffab7b7451a783f271bc4b_-4336156069923694425.png using Guid(95e995b19c8399041b004277181dc42d) (TextureImporter) -> (artifact id: '2a81ff7deb2f19e1f622dde7c9ff941c') in 0.0012415 seconds
Refreshing native plugins compatible for Editor in 0.00 ms, found 0 plugins.
Preloading 0 native plugins for Editor in 0.00 ms.
Asset Pipeline Refresh (id=ee68ac65b9a622e4b81ba5aa7aa9cd74): Total: 0.005 seconds - Initiated by StopAssetImportingV2(NoUpdateAssetOptions)
Start importing Assets/AreaBattle/Resources/Recovered/Hud/Sprites/CAB-71a96badbcffab7b7451a783f271bc4b_-4336156069923694425.png using Guid(95e995b19c8399041b004277181dc42d) (TextureImporter) -> (artifact id: '2a81ff7deb2f19e1f622dde7c9ff941c') in 0.0011581 seconds
Refreshing native plugins compatible for Editor in 0.00 ms, found 0 plugins.
Preloading 0 native plugins for Editor in 0.00 ms.
Asset Pipeline Refresh (id=74fc03fa3e32f0844a6e7ab48601ed08): Total: 0.005 seconds - Initiated by StopAssetImportingV2(NoUpdateAssetOptions)
Start importing Assets/AreaBattle/Resources/Recovered/Hud/Sprites/CAB-71a96badbcffab7b7451a783f271bc4b_3193828452827462213.png using Guid(c9c3c24701bc20a4fa0516bfed32a8d0) (TextureImporter) -> (artifact id: '8fa9a4235903e5f6fc5597a6b10ed2fb') in 0.000945 seconds
Refreshing native plugins compatible for Editor in 0.00 ms, found 0 plugins.
Preloading 0 native plugins for Editor in 0.00 ms.
Asset Pipeline Refresh (id=f406c349775d62d4298056a954ddf55f): Total: 0.004 seconds - Initiated by StopAssetImportingV2(NoUpdateAssetOptions)
Start importing Assets/AreaBattle/Resources/Recovered/Hud/Sprites/CAB-71a96badbcffab7b7451a783f271bc4b_3193828452827462213.png using Guid(c9c3c24701bc20a4fa0516bfed32a8d0) (TextureImporter) -> (artifact id: '8fa9a4235903e5f6fc5597a6b10ed2fb') in 0.0012459 seconds
Refreshing native plugins compatible for Editor in 0.00 ms, found 0 plugins.
Preloading 0 native plugins for Editor in 0.00 ms.
Asset Pipeline Refresh (id=b8d2e6b12246c414ea8c0d56ba89ccd5): Total: 0.005 seconds - Initiated by StopAssetImportingV2(NoUpdateAssetOptions)
Start importing Assets/AreaBattle/Resources/Recovered/Hud/Sprites/CAB-71a96badbcffab7b7451a783f271bc4b_237018883051795133.png using Guid(655241df45790ca479bbebe94be9d9a5) (TextureImporter) -> (artifact id: 'fb318d118f89424e34f8f5049134b49f') in 0.0015815 seconds
Refreshing native plugins compatible for Editor in 0.00 ms, found 0 plugins.
Preloading 0 native plugins for Editor in 0.00 ms.
Asset Pipeline Refresh (id=af90a299a78bfe748a519a7f69573be6): Total: 0.005 seconds - Initiated by StopAssetImportingV2(NoUpdateAssetOptions)
Start importing Assets/AreaBattle/Resources/Recovered/Hud/Sprites/CAB-71a96badbcffab7b7451a783f271bc4b_237018883051795133.png using Guid(655241df45790ca479bbebe94be9d9a5) (TextureImporter) -> (artifact id: 'fb318d118f89424e34f8f5049134b49f') in 0.0012994 seconds
Refreshing native plugins compatible for Editor in 0.00 ms, found 0 plugins.
Preloading 0 native plugins for Editor in 0.00 ms.
Asset Pipeline Refresh (id=5939a4c5fbc942f4196f9d6174dad260): Total: 0.005 seconds - Initiated by StopAssetImportingV2(NoUpdateAssetOptions)
Start importing Assets/AreaBattle/Resources/Recovered/Hud/Sprites/CAB-71a96badbcffab7b7451a783f271bc4b_-8052658351011610304.png using Guid(f9d26488ba6fd48468d27b9857616ae9) (TextureImporter) -> (artifact id: '4a82ce8468ee9b191936fcaf49d81fb1') in 0.0014732 seconds
Refreshing native plugins compatible for Editor in 0.00 ms, found 0 plugins.
Preloading 0 native plugins for Editor in 0.00 ms.
Asset Pipeline Refresh (id=875bcb80107682a47afb4cb54ce6b0dc): Total: 0.005 seconds - Initiated by StopAssetImportingV2(NoUpdateAssetOptions)
Start importing Assets/AreaBattle/Resources/Recovered/Hud/Sprites/CAB-71a96badbcffab7b7451a783f271bc4b_-8052658351011610304.png using Guid(f9d26488ba6fd48468d27b9857616ae9) (TextureImporter) -> (artifact id: '4a82ce8468ee9b191936fcaf49d81fb1') in 0.0012158 seconds
Refreshing native plugins compatible for Editor in 0.00 ms, found 0 plugins.
Preloading 0 native plugins for Editor in 0.00 ms.
Asset Pipeline Refresh (id=eb338af203fa5b24f9e8e7de583d5fb8): Total: 0.005 seconds - Initiated by StopAssetImportingV2(NoUpdateAssetOptions)
Start importing Assets/AreaBattle/Resources/Recovered/Hud/Sprites/CAB-71a96badbcffab7b7451a783f271bc4b_-9084782370220930699.png using Guid(06c5d33bf0d869c4da1346f04adae78a) (TextureImporter) -> (artifact id: '18c25ca62844811794131673afe61fbe') in 0.0012326 seconds
Refreshing native plugins compatible for Editor in 0.00 ms, found 0 plugins.
Preloading 0 native plugins for Editor in 0.00 ms.
Asset Pipeline Refresh (id=3eb389a796bc7144b921d0be3169259a): Total: 0.005 seconds - Initiated by StopAssetImportingV2(NoUpdateAssetOptions)
Start importing Assets/AreaBattle/Resources/Recovered/Hud/Sprites/CAB-71a96badbcffab7b7451a783f271bc4b_-9084782370220930699.png using Guid(06c5d33bf0d869c4da1346f04adae78a) (TextureImporter) -> (artifact id: '18c25ca62844811794131673afe61fbe') in 0.0012886 seconds
Refreshing native plugins compatible for Editor in 0.00 ms, found 0 plugins.
Preloading 0 native plugins for Editor in 0.00 ms.
Asset Pipeline Refresh (id=41449cc1da0c09a40847e4d591abfb34): Total: 0.005 seconds - Initiated by StopAssetImportingV2(NoUpdateAssetOptions)
Start importing Assets/AreaBattle/Resources/Recovered/Hud/Sprites/CAB-71a96badbcffab7b7451a783f271bc4b_-8268854209399839647.png using Guid(070dab3809c07cb41baaaf6fc89848a5) (TextureImporter) -> (artifact id: '47829d39f121083bca28fb8687b6c882') in 0.0023133 seconds
Refreshing native plugins compatible for Editor in 0.00 ms, found 0 plugins.
Preloading 0 native plugins for Editor in 0.00 ms.
Asset Pipeline Refresh (id=372b868309036aa43ab506571ec6afa7): Total: 0.006 seconds - Initiated by StopAssetImportingV2(NoUpdateAssetOptions)
Start importing Assets/AreaBattle/Resources/Recovered/Hud/Sprites/CAB-71a96badbcffab7b7451a783f271bc4b_-8268854209399839647.png using Guid(070dab3809c07cb41baaaf6fc89848a5) (TextureImporter) -> (artifact id: '47829d39f121083bca28fb8687b6c882') in 0.0016364 seconds
Refreshing native plugins compatible for Editor in 0.00 ms, found 0 plugins.
Preloading 0 native plugins for Editor in 0.00 ms.
Asset Pipeline Refresh (id=f552a4f7377b90746a611b73a7372261): Total: 0.005 seconds - Initiated by StopAssetImportingV2(NoUpdateAssetOptions)
Start importing Assets/AreaBattle/Resources/Recovered/Hud/Sprites/CAB-71a96badbcffab7b7451a783f271bc4b_7256562606858225219.png using Guid(ab5e4fba7b1e1c74e83f009953090c3c) (TextureImporter) -> (artifact id: 'd0dc0837ae43dd30adeb6052b63e4c23') in 0.0017049 seconds
Refreshing native plugins compatible for Editor in 0.00 ms, found 0 plugins.
Preloading 0 native plugins for Editor in 0.00 ms.
Asset Pipeline Refresh (id=a64e035b8d2400a4b8081a6499b33d02): Total: 0.005 seconds - Initiated by StopAssetImportingV2(NoUpdateAssetOptions)
Start importing Assets/AreaBattle/Resources/Recovered/Hud/Sprites/CAB-71a96badbcffab7b7451a783f271bc4b_7256562606858225219.png using Guid(ab5e4fba7b1e1c74e83f009953090c3c) (TextureImporter) -> (artifact id: 'd0dc0837ae43dd30adeb6052b63e4c23') in 0.0015049 seconds
Refreshing native plugins compatible for Editor in 0.00 ms, found 0 plugins.
Preloading 0 native plugins for Editor in 0.00 ms.
Asset Pipeline Refresh (id=8f15ee9e7dff58e45b98ba9ba81bb4bf): Total: 0.005 seconds - Initiated by StopAssetImportingV2(NoUpdateAssetOptions)
Start importing Assets/AreaBattle/Resources/Recovered/Hud/Sprites/CAB-21b998515a7d906d8c7aaa34aa6056f9_38861690050489314.png using Guid(ba8799b0f261a294e89cc2249d0df99d) (TextureImporter) -> (artifact id: '2fd491e63b7c0a413956fa46c965c549') in 0.0009762 seconds
Refreshing native plugins compatible for Editor in 0.00 ms, found 0 plugins.
Preloading 0 native plugins for Editor in 0.00 ms.
Asset Pipeline Refresh (id=b42ec82b185096a4d959600462f21536): Total: 0.005 seconds - Initiated by StopAssetImportingV2(NoUpdateAssetOptions)
Start importing Assets/AreaBattle/Resources/Recovered/Hud/Sprites/CAB-21b998515a7d906d8c7aaa34aa6056f9_38861690050489314.png using Guid(ba8799b0f261a294e89cc2249d0df99d) (TextureImporter) -> (artifact id: '2fd491e63b7c0a413956fa46c965c549') in 0.0010054 seconds
Refreshing native plugins compatible for Editor in 0.00 ms, found 0 plugins.
Preloading 0 native plugins for Editor in 0.00 ms.
Asset Pipeline Refresh (id=9ddaaf31e0ccff640858d5dcb81b557b): Total: 0.005 seconds - Initiated by StopAssetImportingV2(NoUpdateAssetOptions)
Start importing Assets/AreaBattle/Resources/Recovered/Hud/Sprites/CAB-21b998515a7d906d8c7aaa34aa6056f9_-1797332260960300854.png using Guid(819b5a07805bf4d448d4db41dd49d659) (TextureImporter) -> (artifact id: 'ee0a1b9370dac4f094a950def2bdac6a') in 0.0021074 seconds
Refreshing native plugins compatible for Editor in 0.00 ms, found 0 plugins.
Preloading 0 native plugins for Editor in 0.00 ms.
Asset Pipeline Refresh (id=3ee8dd7d4fd54624090d4046188fa948): Total: 0.006 seconds - Initiated by StopAssetImportingV2(NoUpdateAssetOptions)
Start importing Assets/AreaBattle/Resources/Recovered/Hud/Sprites/CAB-21b998515a7d906d8c7aaa34aa6056f9_-1797332260960300854.png using Guid(819b5a07805bf4d448d4db41dd49d659) (TextureImporter) -> (artifact id: 'ee0a1b9370dac4f094a950def2bdac6a') in 0.0019608 seconds
Refreshing native plugins compatible for Editor in 0.00 ms, found 0 plugins.
Preloading 0 native plugins for Editor in 0.00 ms.
Asset Pipeline Refresh (id=af8764b22075a3b468366ec47cfb20fd): Total: 0.006 seconds - Initiated by StopAssetImportingV2(NoUpdateAssetOptions)
Start importing Assets/AreaBattle/Resources/Recovered/Hud/Sprites/CAB-21b998515a7d906d8c7aaa34aa6056f9_4111178101966353224.png using Guid(cb8def3390b1be145ae8dd95692e9ee9) (TextureImporter) -> (artifact id: 'bc70945a081d1044fd0df6f9f9f769e6') in 0.0010611 seconds
Refreshing native plugins compatible for Editor in 0.00 ms, found 0 plugins.
Preloading 0 native plugins for Editor in 0.00 ms.
Asset Pipeline Refresh (id=2354aa920f1b7a34994e68ac2de325bb): Total: 0.005 seconds - Initiated by StopAssetImportingV2(NoUpdateAssetOptions)
Start importing Assets/AreaBattle/Resources/Recovered/Hud/Sprites/CAB-21b998515a7d906d8c7aaa34aa6056f9_4111178101966353224.png using Guid(cb8def3390b1be145ae8dd95692e9ee9) (TextureImporter) -> (artifact id: 'bc70945a081d1044fd0df6f9f9f769e6') in 0.0008871 seconds
Refreshing native plugins compatible for Editor in 0.00 ms, found 0 plugins.
Preloading 0 native plugins for Editor in 0.00 ms.
Asset Pipeline Refresh (id=9ca665fa13befc34398803bb3f5ce7b2): Total: 0.004 seconds - Initiated by StopAssetImportingV2(NoUpdateAssetOptions)
Start importing Assets/AreaBattle/Resources/Recovered/Hud/Sprites/CAB-21b998515a7d906d8c7aaa34aa6056f9_4415441428988527685.png using Guid(3b2e86ca2a3c293408b71096f3ce8323) (TextureImporter) -> (artifact id: '8d27fa7c18783f207a37b55bc89b5729') in 0.0017763 seconds
Refreshing native plugins compatible for Editor in 0.00 ms, found 0 plugins.
Preloading 0 native plugins for Editor in 0.00 ms.
Asset Pipeline Refresh (id=2e7aff15bc048084594b4fdc2c42bbbf): Total: 0.005 seconds - Initiated by StopAssetImportingV2(NoUpdateAssetOptions)
Start importing Assets/AreaBattle/Resources/Recovered/Hud/Sprites/CAB-21b998515a7d906d8c7aaa34aa6056f9_4415441428988527685.png using Guid(3b2e86ca2a3c293408b71096f3ce8323) (TextureImporter) -> (artifact id: '8d27fa7c18783f207a37b55bc89b5729') in 0.002323 seconds
Refreshing native plugins compatible for Editor in 0.00 ms, found 0 plugins.
Preloading 0 native plugins for Editor in 0.00 ms.
Asset Pipeline Refresh (id=1eaadb73ab2eb4e4fb0a376c591640ed): Total: 0.006 seconds - Initiated by StopAssetImportingV2(NoUpdateAssetOptions)
Start importing Assets/AreaBattle/Resources/Recovered/Hud/Sprites/CAB-21b998515a7d906d8c7aaa34aa6056f9_739307710601645172.png using Guid(ed640af2d186f2d41a26e688df9486b4) (TextureImporter) -> (artifact id: 'c3cf6870db7eeaa7e45e5be7f570a298') in 0.001343 seconds
Refreshing native plugins compatible for Editor in 0.00 ms, found 0 plugins.
Preloading 0 native plugins for Editor in 0.00 ms.
Asset Pipeline Refresh (id=2ce4a69f6d052fc4dadf78e16d1dc502): Total: 0.005 seconds - Initiated by StopAssetImportingV2(NoUpdateAssetOptions)
Start importing Assets/AreaBattle/Resources/Recovered/Hud/Sprites/CAB-21b998515a7d906d8c7aaa34aa6056f9_739307710601645172.png using Guid(ed640af2d186f2d41a26e688df9486b4) (TextureImporter) -> (artifact id: 'c3cf6870db7eeaa7e45e5be7f570a298') in 0.0013149 seconds
Refreshing native plugins compatible for Editor in 0.00 ms, found 0 plugins.
Preloading 0 native plugins for Editor in 0.00 ms.
Asset Pipeline Refresh (id=ed68baf986d8a0747ac51f8b5d0198ce): Total: 0.005 seconds - Initiated by StopAssetImportingV2(NoUpdateAssetOptions)
Start importing Assets/AreaBattle/Resources/Recovered/Hud/Sprites/CAB-21b998515a7d906d8c7aaa34aa6056f9_-738392486754467388.png using Guid(88a87bf0cd273b14ba200115a65d780f) (TextureImporter) -> (artifact id: '11ba8ce5eedbf17c3447ca2c92316748') in 0.0014399 seconds
Refreshing native plugins compatible for Editor in 0.00 ms, found 0 plugins.
Preloading 0 native plugins for Editor in 0.00 ms.
Asset Pipeline Refresh (id=48303fee6dca54c449f3e2de152594ca): Total: 0.005 seconds - Initiated by StopAssetImportingV2(NoUpdateAssetOptions)
Start importing Assets/AreaBattle/Resources/Recovered/Hud/Sprites/CAB-21b998515a7d906d8c7aaa34aa6056f9_-738392486754467388.png using Guid(88a87bf0cd273b14ba200115a65d780f) (TextureImporter) -> (artifact id: '11ba8ce5eedbf17c3447ca2c92316748') in 0.001334 seconds
Refreshing native plugins compatible for Editor in 0.00 ms, found 0 plugins.
Preloading 0 native plugins for Editor in 0.00 ms.
Asset Pipeline Refresh (id=7400726d1f7ba414ba23010e8faccfd0): Total: 0.005 seconds - Initiated by StopAssetImportingV2(NoUpdateAssetOptions)
Start importing Assets/AreaBattle/Resources/Recovered/Hud/Sprites/CAB-21b998515a7d906d8c7aaa34aa6056f9_-4835049279283168623.png using Guid(e511230ff1208ce438f6521454a5c3a6) (TextureImporter) -> (artifact id: '28ff455c76e21cdc86d05af7d4dabad0') in 0.0012879 seconds
Refreshing native plugins compatible for Editor in 0.00 ms, found 0 plugins.
Preloading 0 native plugins for Editor in 0.00 ms.
Asset Pipeline Refresh (id=c268f719a5626164fa8bf94d1cb1d6ef): Total: 0.005 seconds - Initiated by StopAssetImportingV2(NoUpdateAssetOptions)
Start importing Assets/AreaBattle/Resources/Recovered/Hud/Sprites/CAB-21b998515a7d906d8c7aaa34aa6056f9_-4835049279283168623.png using Guid(e511230ff1208ce438f6521454a5c3a6) (TextureImporter) -> (artifact id: '28ff455c76e21cdc86d05af7d4dabad0') in 0.0015016 seconds
Refreshing native plugins compatible for Editor in 0.00 ms, found 0 plugins.
Preloading 0 native plugins for Editor in 0.00 ms.
Asset Pipeline Refresh (id=ea60913c30537464c8bad8f8f8885e4e): Total: 0.005 seconds - Initiated by StopAssetImportingV2(NoUpdateAssetOptions)
Start importing Assets/AreaBattle/Resources/Recovered/Hud/Sprites/CAB-21b998515a7d906d8c7aaa34aa6056f9_1800880425395115513.png using Guid(a5530804905fe0c4496b01afdf88e71b) (TextureImporter) -> (artifact id: 'b44c4638e09afa1c52da259cf970a1db') in 0.0013925 seconds
Refreshing native plugins compatible for Editor in 0.00 ms, found 0 plugins.
Preloading 0 native plugins for Editor in 0.00 ms.
Asset Pipeline Refresh (id=231eb2e21f51ec64fa7f327213da9e84): Total: 0.005 seconds - Initiated by StopAssetImportingV2(NoUpdateAssetOptions)
Start importing Assets/AreaBattle/Resources/Recovered/Hud/Sprites/CAB-21b998515a7d906d8c7aaa34aa6056f9_1800880425395115513.png using Guid(a5530804905fe0c4496b01afdf88e71b) (TextureImporter) -> (artifact id: 'b44c4638e09afa1c52da259cf970a1db') in 0.0013256 seconds
Refreshing native plugins compatible for Editor in 0.00 ms, found 0 plugins.
Preloading 0 native plugins for Editor in 0.00 ms.
Asset Pipeline Refresh (id=2636a1d3ea581114995918bd598fe3d6): Total: 0.005 seconds - Initiated by StopAssetImportingV2(NoUpdateAssetOptions)
Start importing Assets/AreaBattle/Resources/Recovered/Hud/Sprites/CAB-21b998515a7d906d8c7aaa34aa6056f9_2857163320526759094.png using Guid(be96d03f4d420144694be695bf379c7f) (TextureImporter) -> (artifact id: '51e0e10c0e25424354a40d0c82aca27e') in 0.0014795 seconds
Refreshing native plugins compatible for Editor in 0.00 ms, found 0 plugins.
Preloading 0 native plugins for Editor in 0.00 ms.
Asset Pipeline Refresh (id=0d70f07615a01874b8f182986d64853b): Total: 0.005 seconds - Initiated by StopAssetImportingV2(NoUpdateAssetOptions)
Start importing Assets/AreaBattle/Resources/Recovered/Hud/Sprites/CAB-21b998515a7d906d8c7aaa34aa6056f9_2857163320526759094.png using Guid(be96d03f4d420144694be695bf379c7f) (TextureImporter) -> (artifact id: '51e0e10c0e25424354a40d0c82aca27e') in 0.0014045 seconds
Refreshing native plugins compatible for Editor in 0.00 ms, found 0 plugins.
Preloading 0 native plugins for Editor in 0.00 ms.
Asset Pipeline Refresh (id=267ec198d9909694db19c94257157b6a): Total: 0.005 seconds - Initiated by StopAssetImportingV2(NoUpdateAssetOptions)
Start importing Assets/AreaBattle/Resources/Recovered/Hud/Sprites/CAB-21b998515a7d906d8c7aaa34aa6056f9_2893717166746476671.png using Guid(59a3cd04f00f53748b493e9f5c839848) (TextureImporter) -> (artifact id: 'd5ef7041d0fa951475d7265002eaaab4') in 0.001343 seconds
Refreshing native plugins compatible for Editor in 0.00 ms, found 0 plugins.
Preloading 0 native plugins for Editor in 0.00 ms.
Asset Pipeline Refresh (id=cab5ed650528f07459a18b2a7b6bd33b): Total: 0.005 seconds - Initiated by StopAssetImportingV2(NoUpdateAssetOptions)
Start importing Assets/AreaBattle/Resources/Recovered/Hud/Sprites/CAB-21b998515a7d906d8c7aaa34aa6056f9_2893717166746476671.png using Guid(59a3cd04f00f53748b493e9f5c839848) (TextureImporter) -> (artifact id: 'd5ef7041d0fa951475d7265002eaaab4') in 0.0013547 seconds
Refreshing native plugins compatible for Editor in 0.00 ms, found 0 plugins.
Preloading 0 native plugins for Editor in 0.00 ms.
Asset Pipeline Refresh (id=8fcbd9d44409ed54f9c19f6fef1dcadd): Total: 0.005 seconds - Initiated by StopAssetImportingV2(NoUpdateAssetOptions)
Start importing Assets/AreaBattle/Resources/Recovered/Hud/Sprites/CAB-21b998515a7d906d8c7aaa34aa6056f9_-1244627255184935643.png using Guid(cbc66b7a0a8feda40b6b00ba043d89bd) (TextureImporter) -> (artifact id: '77ced962a8d8d9d89d734b0754e549d8') in 0.001465 seconds
Refreshing native plugins compatible for Editor in 0.00 ms, found 0 plugins.
Preloading 0 native plugins for Editor in 0.00 ms.
Asset Pipeline Refresh (id=6e4f33ef3e919874198e7dc73928d55b): Total: 0.005 seconds - Initiated by StopAssetImportingV2(NoUpdateAssetOptions)
Start importing Assets/AreaBattle/Resources/Recovered/Hud/Sprites/CAB-21b998515a7d906d8c7aaa34aa6056f9_-1244627255184935643.png using Guid(cbc66b7a0a8feda40b6b00ba043d89bd) (TextureImporter) -> (artifact id: '77ced962a8d8d9d89d734b0754e549d8') in 0.0013965 seconds
Refreshing native plugins compatible for Editor in 0.00 ms, found 0 plugins.
Preloading 0 native plugins for Editor in 0.00 ms.
Asset Pipeline Refresh (id=bb0212b0da3c20449bcb3bc8c706088d): Total: 0.005 seconds - Initiated by StopAssetImportingV2(NoUpdateAssetOptions)
Start importing Assets/AreaBattle/Resources/Recovered/Hud/Sprites/CAB-21b998515a7d906d8c7aaa34aa6056f9_170580479059167837.png using Guid(6678da5a0574b664a930221ba9a1ed17) (TextureImporter) -> (artifact id: '11897be3f234d0611cf6a9103d00e37c') in 0.0018431 seconds
Refreshing native plugins compatible for Editor in 0.00 ms, found 0 plugins.
Preloading 0 native plugins for Editor in 0.00 ms.
Asset Pipeline Refresh (id=b10c1b59c53a1f3489d80156a0155073): Total: 0.005 seconds - Initiated by StopAssetImportingV2(NoUpdateAssetOptions)
Start importing Assets/AreaBattle/Resources/Recovered/Hud/Sprites/CAB-21b998515a7d906d8c7aaa34aa6056f9_170580479059167837.png using Guid(6678da5a0574b664a930221ba9a1ed17) (TextureImporter) -> (artifact id: '11897be3f234d0611cf6a9103d00e37c') in 0.0016079 seconds
Refreshing native plugins compatible for Editor in 0.00 ms, found 0 plugins.
Preloading 0 native plugins for Editor in 0.00 ms.
Asset Pipeline Refresh (id=57edb18be04bf4b4383664604f6f3921): Total: 0.005 seconds - Initiated by StopAssetImportingV2(NoUpdateAssetOptions)
Start importing Assets/AreaBattle/Resources/Recovered/Hud/Sprites/CAB-21b998515a7d906d8c7aaa34aa6056f9_4893661786414990676.png using Guid(472bdf0755d48594eb2fb7832305f13a) (TextureImporter) -> (artifact id: 'de2b488bc2663643cd8e1371c6203f45') in 0.0011993 seconds
Refreshing native plugins compatible for Editor in 0.00 ms, found 0 plugins.
Preloading 0 native plugins for Editor in 0.00 ms.
Asset Pipeline Refresh (id=fd476631626c61641bb4a0b0bfbaa9d5): Total: 0.004 seconds - Initiated by StopAssetImportingV2(NoUpdateAssetOptions)
Start importing Assets/AreaBattle/Resources/Recovered/Hud/Sprites/CAB-21b998515a7d906d8c7aaa34aa6056f9_4893661786414990676.png using Guid(472bdf0755d48594eb2fb7832305f13a) (TextureImporter) -> (artifact id: 'de2b488bc2663643cd8e1371c6203f45') in 0.0012864 seconds
Refreshing native plugins compatible for Editor in 0.00 ms, found 0 plugins.
Preloading 0 native plugins for Editor in 0.00 ms.
Asset Pipeline Refresh (id=70bf1e310e6c497488142fc7139c46cc): Total: 0.005 seconds - Initiated by StopAssetImportingV2(NoUpdateAssetOptions)
Start importing Assets/AreaBattle/Resources/Recovered/Hud/Sprites/CAB-21b998515a7d906d8c7aaa34aa6056f9_5446772143763083339.png using Guid(0830bcb71a28a01468d7089d641bd58d) (TextureImporter) -> (artifact id: 'f36907d0a8dc383ea95f505571ac47bf') in 0.0013743 seconds
Refreshing native plugins compatible for Editor in 0.00 ms, found 0 plugins.
Preloading 0 native plugins for Editor in 0.00 ms.
Asset Pipeline Refresh (id=6438f93609ad12e469240a935a148841): Total: 0.005 seconds - Initiated by StopAssetImportingV2(NoUpdateAssetOptions)
Start importing Assets/AreaBattle/Resources/Recovered/Hud/Sprites/CAB-21b998515a7d906d8c7aaa34aa6056f9_5446772143763083339.png using Guid(0830bcb71a28a01468d7089d641bd58d) (TextureImporter) -> (artifact id: 'f36907d0a8dc383ea95f505571ac47bf') in 0.0014185 seconds
Refreshing native plugins compatible for Editor in 0.00 ms, found 0 plugins.
Preloading 0 native plugins for Editor in 0.00 ms.
Asset Pipeline Refresh (id=067eacb01879d6e43994f70a7df607c4): Total: 0.005 seconds - Initiated by StopAssetImportingV2(NoUpdateAssetOptions)
Start importing Assets/AreaBattle/Resources/Recovered/Hud/Sprites/CAB-21b998515a7d906d8c7aaa34aa6056f9_6348553310283624952.png using Guid(81b5231a60e20cf439b1a34ccc9bf62a) (TextureImporter) -> (artifact id: 'f1693d2ee02149635dbd8bd2b5634f6c') in 0.001564 seconds
Refreshing native plugins compatible for Editor in 0.00 ms, found 0 plugins.
Preloading 0 native plugins for Editor in 0.00 ms.
Asset Pipeline Refresh (id=279225b46e3834c47a35a818daf836df): Total: 0.005 seconds - Initiated by StopAssetImportingV2(NoUpdateAssetOptions)
Start importing Assets/AreaBattle/Resources/Recovered/Hud/Sprites/CAB-21b998515a7d906d8c7aaa34aa6056f9_6348553310283624952.png using Guid(81b5231a60e20cf439b1a34ccc9bf62a) (TextureImporter) -> (artifact id: 'f1693d2ee02149635dbd8bd2b5634f6c') in 0.0016013 seconds
Refreshing native plugins compatible for Editor in 0.00 ms, found 0 plugins.
Preloading 0 native plugins for Editor in 0.00 ms.
Asset Pipeline Refresh (id=fa7a81d25665362438fa81b4dc2bcdf4): Total: 0.005 seconds - Initiated by StopAssetImportingV2(NoUpdateAssetOptions)
Start importing Assets/AreaBattle/Resources/Recovered/Hud/Sprites/CAB-21b998515a7d906d8c7aaa34aa6056f9_1799120435725251049.png using Guid(3fef256ac8efe9541a1d024f9e9ab9d9) (TextureImporter) -> (artifact id: 'b49609254ba059b28ae38da1284de76f') in 0.0012225 seconds
Refreshing native plugins compatible for Editor in 0.00 ms, found 0 plugins.
Preloading 0 native plugins for Editor in 0.00 ms.
Asset Pipeline Refresh (id=a2060dc9cf6357944917a416ef0067ad): Total: 0.005 seconds - Initiated by StopAssetImportingV2(NoUpdateAssetOptions)
Start importing Assets/AreaBattle/Resources/Recovered/Hud/Sprites/CAB-21b998515a7d906d8c7aaa34aa6056f9_1799120435725251049.png using Guid(3fef256ac8efe9541a1d024f9e9ab9d9) (TextureImporter) -> (artifact id: 'b49609254ba059b28ae38da1284de76f') in 0.0012052 seconds
Refreshing native plugins compatible for Editor in 0.00 ms, found 0 plugins.
Preloading 0 native plugins for Editor in 0.00 ms.
Asset Pipeline Refresh (id=1ce7d8b2166f21d4a8d8d4b618c02243): Total: 0.005 seconds - Initiated by StopAssetImportingV2(NoUpdateAssetOptions)
Start importing Assets/AreaBattle/Resources/Recovered/Hud/Sprites/CAB-68a3634b9a99c5a2a10a36b772e4e945_-7566510785482980055.png using Guid(6938792532b0f7d48b3438efc9abbd7b) (TextureImporter) -> (artifact id: '4c8a20d213a8a40a330f7a6cc7e30ce8') in 0.0022032 seconds
Refreshing native plugins compatible for Editor in 0.00 ms, found 0 plugins.
Preloading 0 native plugins for Editor in 0.00 ms.
Asset Pipeline Refresh (id=83b97fedafe271241a7be8f3e2d39876): Total: 0.008 seconds - Initiated by StopAssetImportingV2(NoUpdateAssetOptions)
Start importing Assets/AreaBattle/Resources/Recovered/Hud/Sprites/CAB-68a3634b9a99c5a2a10a36b772e4e945_-7566510785482980055.png using Guid(6938792532b0f7d48b3438efc9abbd7b) (TextureImporter) -> (artifact id: '4c8a20d213a8a40a330f7a6cc7e30ce8') in 0.00254 seconds
Refreshing native plugins compatible for Editor in 0.00 ms, found 0 plugins.
Preloading 0 native plugins for Editor in 0.00 ms.
Asset Pipeline Refresh (id=ae32fccf09c077f44bd0d4eaa3c3a05e): Total: 0.010 seconds - Initiated by StopAssetImportingV2(NoUpdateAssetOptions)
Start importing Assets/AreaBattle/Resources/Recovered/Hud/Sprites/CAB-68a3634b9a99c5a2a10a36b772e4e945_-5714944305183835610.png using Guid(3fd3da59317658d4a8419fd375cd0a7b) (TextureImporter) -> (artifact id: '585de40e6756c8ba698f37040c4de5b2') in 0.0030958 seconds
Refreshing native plugins compatible for Editor in 0.00 ms, found 0 plugins.
Preloading 0 native plugins for Editor in 0.00 ms.
Asset Pipeline Refresh (id=1d070fd4700f1dd49a4ab1a83b4652f0): Total: 0.008 seconds - Initiated by StopAssetImportingV2(NoUpdateAssetOptions)
Start importing Assets/AreaBattle/Resources/Recovered/Hud/Sprites/CAB-68a3634b9a99c5a2a10a36b772e4e945_-5714944305183835610.png using Guid(3fd3da59317658d4a8419fd375cd0a7b) (TextureImporter) -> (artifact id: '585de40e6756c8ba698f37040c4de5b2') in 0.0035596 seconds
Refreshing native plugins compatible for Editor in 0.00 ms, found 0 plugins.
Preloading 0 native plugins for Editor in 0.00 ms.
Asset Pipeline Refresh (id=520a82fb4c50bf5458c45857f74535ac): Total: 0.009 seconds - Initiated by StopAssetImportingV2(NoUpdateAssetOptions)
Start importing Assets/AreaBattle/Resources/Recovered/Hud/Sprites/CAB-68a3634b9a99c5a2a10a36b772e4e945_-5250526716230360777.png using Guid(ad1713b74ed03b04a9649e6358894f13) (TextureImporter) -> (artifact id: '502900eb561ff6189be0ff3c50ff056e') in 0.0045405 seconds
Refreshing native plugins compatible for Editor in 0.00 ms, found 0 plugins.
Preloading 0 native plugins for Editor in 0.00 ms.
Asset Pipeline Refresh (id=bb9f141b145666c479fc0d57a558193b): Total: 0.010 seconds - Initiated by StopAssetImportingV2(NoUpdateAssetOptions)
Start importing Assets/AreaBattle/Resources/Recovered/Hud/Sprites/CAB-68a3634b9a99c5a2a10a36b772e4e945_-5250526716230360777.png using Guid(ad1713b74ed03b04a9649e6358894f13) (TextureImporter) -> (artifact id: '502900eb561ff6189be0ff3c50ff056e') in 0.0032125 seconds
Refreshing native plugins compatible for Editor in 0.00 ms, found 0 plugins.
Preloading 0 native plugins for Editor in 0.00 ms.
Asset Pipeline Refresh (id=420612a82d0d43d439f6f4c8a5d45982): Total: 0.008 seconds - Initiated by StopAssetImportingV2(NoUpdateAssetOptions)
Start importing Assets/AreaBattle/Resources/Recovered/Hud/Sprites/CAB-68a3634b9a99c5a2a10a36b772e4e945_-4640301817428913850.png using Guid(e81395d2a9b933441af03efe33836ba6) (TextureImporter) -> (artifact id: '5a7570fd241173436c22279ad5543343') in 0.0025998 seconds
Refreshing native plugins compatible for Editor in 0.00 ms, found 0 plugins.
Preloading 0 native plugins for Editor in 0.00 ms.
Asset Pipeline Refresh (id=488dff513cabf044fbf6d62487bf41e7): Total: 0.007 seconds - Initiated by StopAssetImportingV2(NoUpdateAssetOptions)
Start importing Assets/AreaBattle/Resources/Recovered/Hud/Sprites/CAB-68a3634b9a99c5a2a10a36b772e4e945_-4640301817428913850.png using Guid(e81395d2a9b933441af03efe33836ba6) (TextureImporter) -> (artifact id: '5a7570fd241173436c22279ad5543343') in 0.00223 seconds
Refreshing native plugins compatible for Editor in 0.00 ms, found 0 plugins.
Preloading 0 native plugins for Editor in 0.00 ms.
Asset Pipeline Refresh (id=0487bb516dbb4434dbfd9ad7579f5dae): Total: 0.007 seconds - Initiated by StopAssetImportingV2(NoUpdateAssetOptions)
Start importing Assets/AreaBattle/Resources/Recovered/Hud/Sprites/CAB-68a3634b9a99c5a2a10a36b772e4e945_-4344761207642386272.png using Guid(aca138faffed7204494229c4a433edf5) (TextureImporter) -> (artifact id: '927d324482960f71c27f5d37ffafc2e2') in 0.0024 seconds
Refreshing native plugins compatible for Editor in 0.00 ms, found 0 plugins.
Preloading 0 native plugins for Editor in 0.00 ms.
Asset Pipeline Refresh (id=d1922aa616eae8743a022bc35339a998): Total: 0.006 seconds - Initiated by StopAssetImportingV2(NoUpdateAssetOptions)
Start importing Assets/AreaBattle/Resources/Recovered/Hud/Sprites/CAB-68a3634b9a99c5a2a10a36b772e4e945_-4344761207642386272.png using Guid(aca138faffed7204494229c4a433edf5) (TextureImporter) -> (artifact id: '927d324482960f71c27f5d37ffafc2e2') in 0.0020608 seconds
Refreshing native plugins compatible for Editor in 0.00 ms, found 0 plugins.
Preloading 0 native plugins for Editor in 0.00 ms.
Asset Pipeline Refresh (id=195bef43d6cfb034387093a7ba2cc934): Total: 0.006 seconds - Initiated by StopAssetImportingV2(NoUpdateAssetOptions)
Start importing Assets/AreaBattle/Resources/Recovered/Hud/Sprites/CAB-68a3634b9a99c5a2a10a36b772e4e945_-3770009711541912037.png using Guid(aeff66be3bfcfda4fbb0f0c09c0778be) (TextureImporter) -> (artifact id: '63887bcc6d9eff611fd9be02c1b60060') in 0.0024219 seconds
Refreshing native plugins compatible for Editor in 0.00 ms, found 0 plugins.
Preloading 0 native plugins for Editor in 0.00 ms.
Asset Pipeline Refresh (id=c2ae0780fd6a1714ca5d6ef98a4deacf): Total: 0.006 seconds - Initiated by StopAssetImportingV2(NoUpdateAssetOptions)
Start importing Assets/AreaBattle/Resources/Recovered/Hud/Sprites/CAB-68a3634b9a99c5a2a10a36b772e4e945_-3770009711541912037.png using Guid(aeff66be3bfcfda4fbb0f0c09c0778be) (TextureImporter) -> (artifact id: '63887bcc6d9eff611fd9be02c1b60060') in 0.0022742 seconds
Refreshing native plugins compatible for Editor in 0.00 ms, found 0 plugins.
Preloading 0 native plugins for Editor in 0.00 ms.
Asset Pipeline Refresh (id=1eb1d30fdbc221f499f4b5e46d863dd7): Total: 0.006 seconds - Initiated by StopAssetImportingV2(NoUpdateAssetOptions)
Start importing Assets/AreaBattle/Resources/Recovered/Hud/Sprites/CAB-68a3634b9a99c5a2a10a36b772e4e945_-1770796273559553070.png using Guid(2547c7e62ce69c8429fad8b55119a287) (TextureImporter) -> (artifact id: '7255c7d5885cb7a67fe2ec6004801fbe') in 0.0026367 seconds
Refreshing native plugins compatible for Editor in 0.00 ms, found 0 plugins.
Preloading 0 native plugins for Editor in 0.00 ms.
Asset Pipeline Refresh (id=a39157813f2383f4d8406477ee2dfa92): Total: 0.006 seconds - Initiated by StopAssetImportingV2(NoUpdateAssetOptions)
Start importing Assets/AreaBattle/Resources/Recovered/Hud/Sprites/CAB-68a3634b9a99c5a2a10a36b772e4e945_-1770796273559553070.png using Guid(2547c7e62ce69c8429fad8b55119a287) (TextureImporter) -> (artifact id: '7255c7d5885cb7a67fe2ec6004801fbe') in 0.0022886 seconds
Refreshing native plugins compatible for Editor in 0.00 ms, found 0 plugins.
Preloading 0 native plugins for Editor in 0.00 ms.
Asset Pipeline Refresh (id=2eccde7dfe3aed24cb547e5d684e79eb): Total: 0.006 seconds - Initiated by StopAssetImportingV2(NoUpdateAssetOptions)
Start importing Assets/AreaBattle/Resources/Recovered/Hud/Sprites/CAB-68a3634b9a99c5a2a10a36b772e4e945_-893671878557188115.png using Guid(4fd2f0a02b5947c4d8394efbfe7ddfdc) (TextureImporter) -> (artifact id: 'bd23c4ca9e8c1c4ce11b2095df6873c3') in 0.0021249 seconds
Refreshing native plugins compatible for Editor in 0.00 ms, found 0 plugins.
Preloading 0 native plugins for Editor in 0.00 ms.
Asset Pipeline Refresh (id=b15fcf62f38ed5d48b6b1a8227fe2040): Total: 0.006 seconds - Initiated by StopAssetImportingV2(NoUpdateAssetOptions)
Start importing Assets/AreaBattle/Resources/Recovered/Hud/Sprites/CAB-68a3634b9a99c5a2a10a36b772e4e945_-893671878557188115.png using Guid(4fd2f0a02b5947c4d8394efbfe7ddfdc) (TextureImporter) -> (artifact id: 'bd23c4ca9e8c1c4ce11b2095df6873c3') in 0.0023324 seconds
Refreshing native plugins compatible for Editor in 0.00 ms, found 0 plugins.
Preloading 0 native plugins for Editor in 0.00 ms.
Asset Pipeline Refresh (id=5eb551c533e80fd4a96bc73a8cb1a7eb): Total: 0.006 seconds - Initiated by StopAssetImportingV2(NoUpdateAssetOptions)
Start importing Assets/AreaBattle/Resources/Recovered/Hud/Sprites/CAB-68a3634b9a99c5a2a10a36b772e4e945_-758572472123220859.png using Guid(da112a7f9601d5b4aa5b45e2d12c8535) (TextureImporter) -> (artifact id: '9e011cfc4b8baa8bc824a9104f5642e6') in 0.00244 seconds
Refreshing native plugins compatible for Editor in 0.00 ms, found 0 plugins.
Preloading 0 native plugins for Editor in 0.00 ms.
Asset Pipeline Refresh (id=55b7c4363a64b9e419d5a555e5da02dc): Total: 0.006 seconds - Initiated by StopAssetImportingV2(NoUpdateAssetOptions)
Start importing Assets/AreaBattle/Resources/Recovered/Hud/Sprites/CAB-68a3634b9a99c5a2a10a36b772e4e945_-758572472123220859.png using Guid(da112a7f9601d5b4aa5b45e2d12c8535) (TextureImporter) -> (artifact id: '9e011cfc4b8baa8bc824a9104f5642e6') in 0.0020174 seconds
Refreshing native plugins compatible for Editor in 0.00 ms, found 0 plugins.
Preloading 0 native plugins for Editor in 0.00 ms.
Asset Pipeline Refresh (id=c433ea206db897742aa06b6bb07cec3d): Total: 0.006 seconds - Initiated by StopAssetImportingV2(NoUpdateAssetOptions)
Start importing Assets/AreaBattle/Resources/Recovered/Hud/Sprites/CAB-68a3634b9a99c5a2a10a36b772e4e945_254485017313462885.png using Guid(a3a923c867946f442884a83bbefe8484) (TextureImporter) -> (artifact id: '54b52e236a007d4407609583754e7afa') in 0.0028201 seconds
Refreshing native plugins compatible for Editor in 0.00 ms, found 0 plugins.
Preloading 0 native plugins for Editor in 0.00 ms.
Asset Pipeline Refresh (id=eed4779cbe66002478d3abfcf2c8daab): Total: 0.006 seconds - Initiated by StopAssetImportingV2(NoUpdateAssetOptions)
Start importing Assets/AreaBattle/Resources/Recovered/Hud/Sprites/CAB-68a3634b9a99c5a2a10a36b772e4e945_254485017313462885.png using Guid(a3a923c867946f442884a83bbefe8484) (TextureImporter) -> (artifact id: '54b52e236a007d4407609583754e7afa') in 0.0026607 seconds
Refreshing native plugins compatible for Editor in 0.00 ms, found 0 plugins.
Preloading 0 native plugins for Editor in 0.00 ms.
Asset Pipeline Refresh (id=39f914a881d48cf428a7564642dc8ee0): Total: 0.006 seconds - Initiated by StopAssetImportingV2(NoUpdateAssetOptions)
Start importing Assets/AreaBattle/Resources/Recovered/Hud/Sprites/CAB-68a3634b9a99c5a2a10a36b772e4e945_1258856239569683021.png using Guid(0de907b10422a4a44822d3af7dc6adf4) (TextureImporter) -> (artifact id: 'fb51472d287c0956026bdd8dba0f4ed6') in 0.0028205 seconds
Refreshing native plugins compatible for Editor in 0.00 ms, found 0 plugins.
Preloading 0 native plugins for Editor in 0.00 ms.
Asset Pipeline Refresh (id=efb19ccbd1af1fc47918142fb3d9f124): Total: 0.006 seconds - Initiated by StopAssetImportingV2(NoUpdateAssetOptions)
Start importing Assets/AreaBattle/Resources/Recovered/Hud/Sprites/CAB-68a3634b9a99c5a2a10a36b772e4e945_1258856239569683021.png using Guid(0de907b10422a4a44822d3af7dc6adf4) (TextureImporter) -> (artifact id: 'fb51472d287c0956026bdd8dba0f4ed6') in 0.0021065 seconds
Refreshing native plugins compatible for Editor in 0.00 ms, found 0 plugins.
Preloading 0 native plugins for Editor in 0.00 ms.
Asset Pipeline Refresh (id=76b981c0eb0d511458eaee760f494fa1): Total: 0.006 seconds - Initiated by StopAssetImportingV2(NoUpdateAssetOptions)
Start importing Assets/AreaBattle/Resources/Recovered/Hud/Sprites/CAB-68a3634b9a99c5a2a10a36b772e4e945_1815619322503064769.png using Guid(a352f2ebf6a99b84ab74b08ed3f83bbf) (TextureImporter) -> (artifact id: '557e52aa5ce3aa3a2e52e2a84044090a') in 0.0022035 seconds
Refreshing native plugins compatible for Editor in 0.00 ms, found 0 plugins.
Preloading 0 native plugins for Editor in 0.00 ms.
Asset Pipeline Refresh (id=e83dbc58fcb6fcc48907f22ddd0adc1d): Total: 0.006 seconds - Initiated by StopAssetImportingV2(NoUpdateAssetOptions)
Start importing Assets/AreaBattle/Resources/Recovered/Hud/Sprites/CAB-68a3634b9a99c5a2a10a36b772e4e945_1815619322503064769.png using Guid(a352f2ebf6a99b84ab74b08ed3f83bbf) (TextureImporter) -> (artifact id: '557e52aa5ce3aa3a2e52e2a84044090a') in 0.0022221 seconds
Refreshing native plugins compatible for Editor in 0.00 ms, found 0 plugins.
Preloading 0 native plugins for Editor in 0.00 ms.
Asset Pipeline Refresh (id=0b1da565c4305fc4290d54cfb818f033): Total: 0.006 seconds - Initiated by StopAssetImportingV2(NoUpdateAssetOptions)
Start importing Assets/AreaBattle/Resources/Recovered/Hud/Sprites/CAB-68a3634b9a99c5a2a10a36b772e4e945_2592588699551933071.png using Guid(d89add3341410234c9747359276b9e25) (TextureImporter) -> (artifact id: 'd935d8ab400f4ce18adbb1c2f779b245') in 0.0023385 seconds
Refreshing native plugins compatible for Editor in 0.00 ms, found 0 plugins.
Preloading 0 native plugins for Editor in 0.00 ms.
Asset Pipeline Refresh (id=e4ab47a59379fc84a89c8339f0d956b2): Total: 0.006 seconds - Initiated by StopAssetImportingV2(NoUpdateAssetOptions)
Start importing Assets/AreaBattle/Resources/Recovered/Hud/Sprites/CAB-68a3634b9a99c5a2a10a36b772e4e945_2592588699551933071.png using Guid(d89add3341410234c9747359276b9e25) (TextureImporter) -> (artifact id: 'd935d8ab400f4ce18adbb1c2f779b245') in 0.0021759 seconds
Refreshing native plugins compatible for Editor in 0.00 ms, found 0 plugins.
Preloading 0 native plugins for Editor in 0.00 ms.
Asset Pipeline Refresh (id=1ed14959ad656a54ba3ead06b2975b9a): Total: 0.006 seconds - Initiated by StopAssetImportingV2(NoUpdateAssetOptions)
Start importing Assets/AreaBattle/Resources/Recovered/Hud/Sprites/CAB-68a3634b9a99c5a2a10a36b772e4e945_7143008306201735131.png using Guid(165f13e159fa1634dab962ee82ac8904) (TextureImporter) -> (artifact id: '3ab2173c27ed21fcef3419a8766d0c74') in 0.0024382 seconds
Refreshing native plugins compatible for Editor in 0.00 ms, found 0 plugins.
Preloading 0 native plugins for Editor in 0.00 ms.
Asset Pipeline Refresh (id=c69764515fb31c44aaa16c0134df0687): Total: 0.006 seconds - Initiated by StopAssetImportingV2(NoUpdateAssetOptions)
Start importing Assets/AreaBattle/Resources/Recovered/Hud/Sprites/CAB-68a3634b9a99c5a2a10a36b772e4e945_7143008306201735131.png using Guid(165f13e159fa1634dab962ee82ac8904) (TextureImporter) -> (artifact id: '3ab2173c27ed21fcef3419a8766d0c74') in 0.0024048 seconds
Refreshing native plugins compatible for Editor in 0.00 ms, found 0 plugins.
Preloading 0 native plugins for Editor in 0.00 ms.
Asset Pipeline Refresh (id=989deb46a98e6b649a49104a6ae29b26): Total: 0.006 seconds - Initiated by StopAssetImportingV2(NoUpdateAssetOptions)
Start importing Assets/AreaBattle/Resources/Recovered/Hud/Sprites/CAB-68a3634b9a99c5a2a10a36b772e4e945_7303282470860340037.png using Guid(114c12b6884b5734fabb844d2a60c293) (TextureImporter) -> (artifact id: '2dcfc396eb18e47eb44e7db504089d36') in 0.0030297 seconds
Refreshing native plugins compatible for Editor in 0.01 ms, found 0 plugins.
Preloading 0 native plugins for Editor in 0.00 ms.
Asset Pipeline Refresh (id=3a805522e1fd7154c856df14e79d2cf7): Total: 0.007 seconds - Initiated by StopAssetImportingV2(NoUpdateAssetOptions)
Start importing Assets/AreaBattle/Resources/Recovered/Hud/Sprites/CAB-68a3634b9a99c5a2a10a36b772e4e945_7303282470860340037.png using Guid(114c12b6884b5734fabb844d2a60c293) (TextureImporter) -> (artifact id: '2dcfc396eb18e47eb44e7db504089d36') in 0.0028979 seconds
Refreshing native plugins compatible for Editor in 0.00 ms, found 0 plugins.
Preloading 0 native plugins for Editor in 0.00 ms.
Asset Pipeline Refresh (id=b3893f71a5410ba47b4e3cca75ec8dc4): Total: 0.007 seconds - Initiated by StopAssetImportingV2(NoUpdateAssetOptions)
Start importing Assets/AreaBattle/Resources/Recovered/Hud/Sprites/CAB-68a3634b9a99c5a2a10a36b772e4e945_7419011028198982818.png using Guid(6eb19fd9e7d6f5e44a4409eace5a45cc) (TextureImporter) -> (artifact id: '8c325a03b9dabad4307c68b91ce4bcd9') in 0.0020803 seconds
Refreshing native plugins compatible for Editor in 0.00 ms, found 0 plugins.
Preloading 0 native plugins for Editor in 0.00 ms.
Asset Pipeline Refresh (id=db04f337e652b5b44b235b78e1381f3b): Total: 0.006 seconds - Initiated by StopAssetImportingV2(NoUpdateAssetOptions)
Start importing Assets/AreaBattle/Resources/Recovered/Hud/Sprites/CAB-68a3634b9a99c5a2a10a36b772e4e945_7419011028198982818.png using Guid(6eb19fd9e7d6f5e44a4409eace5a45cc) (TextureImporter) -> (artifact id: '8c325a03b9dabad4307c68b91ce4bcd9') in 0.0018175 seconds
Refreshing native plugins compatible for Editor in 0.00 ms, found 0 plugins.
Preloading 0 native plugins for Editor in 0.00 ms.
Asset Pipeline Refresh (id=1968ad5ba9e0a4b4e8c9351e64eb7455): Total: 0.006 seconds - Initiated by StopAssetImportingV2(NoUpdateAssetOptions)
Start importing Assets/AreaBattle/Resources/Recovered/Hud/Sprites/CAB-68a3634b9a99c5a2a10a36b772e4e945_8460458951675254696.png using Guid(de65cfdf341d5ef4093c7a92fd226768) (TextureImporter) -> (artifact id: 'd600defee68eba43d34cbdfa22138653') in 0.0023354 seconds
Refreshing native plugins compatible for Editor in 0.00 ms, found 0 plugins.
Preloading 0 native plugins for Editor in 0.00 ms.
Asset Pipeline Refresh (id=b485ca9793fc54e4286e6304c9eb42ea): Total: 0.006 seconds - Initiated by StopAssetImportingV2(NoUpdateAssetOptions)
Start importing Assets/AreaBattle/Resources/Recovered/Hud/Sprites/CAB-68a3634b9a99c5a2a10a36b772e4e945_8460458951675254696.png using Guid(de65cfdf341d5ef4093c7a92fd226768) (TextureImporter) -> (artifact id: 'd600defee68eba43d34cbdfa22138653') in 0.0021978 seconds
Refreshing native plugins compatible for Editor in 0.00 ms, found 0 plugins.
Preloading 0 native plugins for Editor in 0.00 ms.
Asset Pipeline Refresh (id=41daf3af4fd17ad419e828aad440ffc8): Total: 0.006 seconds - Initiated by StopAssetImportingV2(NoUpdateAssetOptions)
Start importing Assets/AreaBattle/Resources/Recovered/Hud/Sprites/CAB-68a3634b9a99c5a2a10a36b772e4e945_8974415631736280550.png using Guid(4080927c280dc624eb38559ed020f1df) (TextureImporter) -> (artifact id: '197ff7c2c94fbec5e5e9b47c7e22c73e') in 0.0026075 seconds
Refreshing native plugins compatible for Editor in 0.00 ms, found 0 plugins.
Preloading 0 native plugins for Editor in 0.00 ms.
Asset Pipeline Refresh (id=9d7c9270653f61049b206612f116c274): Total: 0.006 seconds - Initiated by StopAssetImportingV2(NoUpdateAssetOptions)
Start importing Assets/AreaBattle/Resources/Recovered/Hud/Sprites/CAB-68a3634b9a99c5a2a10a36b772e4e945_8974415631736280550.png using Guid(4080927c280dc624eb38559ed020f1df) (TextureImporter) -> (artifact id: '197ff7c2c94fbec5e5e9b47c7e22c73e') in 0.0027507 seconds
Refreshing native plugins compatible for Editor in 0.00 ms, found 0 plugins.
Preloading 0 native plugins for Editor in 0.00 ms.
Asset Pipeline Refresh (id=2a165e615a0435140af1f82d8ddfc639): Total: 0.007 seconds - Initiated by StopAssetImportingV2(NoUpdateAssetOptions)
Start importing Assets/AreaBattle/Resources/Recovered/Hud/Sprites/CAB-0cb2185f5d2ecff9155478bc0aa1ecc7_-7621369788087571064.png using Guid(3bcdd3eebcf061e4bbc8d277e5275821) (TextureImporter) -> (artifact id: '4f72521c065e9a99ac8d34c7da124b97') in 0.0063906 seconds
Refreshing native plugins compatible for Editor in 0.00 ms, found 0 plugins.
Preloading 0 native plugins for Editor in 0.00 ms.
Asset Pipeline Refresh (id=f55b0e4012644d24ab44e5445a289256): Total: 0.010 seconds - Initiated by StopAssetImportingV2(NoUpdateAssetOptions)
Start importing Assets/AreaBattle/Resources/Recovered/Hud/Sprites/CAB-0cb2185f5d2ecff9155478bc0aa1ecc7_-7621369788087571064.png using Guid(3bcdd3eebcf061e4bbc8d277e5275821) (TextureImporter) -> (artifact id: '4f72521c065e9a99ac8d34c7da124b97') in 0.0062801 seconds
Refreshing native plugins compatible for Editor in 0.00 ms, found 0 plugins.
Preloading 0 native plugins for Editor in 0.00 ms.
Asset Pipeline Refresh (id=f2a16c4038e235140be1dc926d485052): Total: 0.010 seconds - Initiated by StopAssetImportingV2(NoUpdateAssetOptions)
Start importing Assets/AreaBattle/Resources/Recovered/Hud/Sprites/CAB-0cb2185f5d2ecff9155478bc0aa1ecc7_-6550166576714287219.png using Guid(b137b5b43ae14ca41bf2495185f8a85f) (TextureImporter) -> (artifact id: '142d93a6e94573fc380d72c7a65fecf1') in 0.006359 seconds
Refreshing native plugins compatible for Editor in 0.00 ms, found 0 plugins.
Preloading 0 native plugins for Editor in 0.00 ms.
Asset Pipeline Refresh (id=4cb6cc665abb7d74e9b6b0bc48018aad): Total: 0.010 seconds - Initiated by StopAssetImportingV2(NoUpdateAssetOptions)
Start importing Assets/AreaBattle/Resources/Recovered/Hud/Sprites/CAB-0cb2185f5d2ecff9155478bc0aa1ecc7_-6550166576714287219.png using Guid(b137b5b43ae14ca41bf2495185f8a85f) (TextureImporter) -> (artifact id: '142d93a6e94573fc380d72c7a65fecf1') in 0.006405 seconds
Refreshing native plugins compatible for Editor in 0.00 ms, found 0 plugins.
Preloading 0 native plugins for Editor in 0.00 ms.
Asset Pipeline Refresh (id=1bf25d2f86d3cb2449c4a1b0e261b6f4): Total: 0.010 seconds - Initiated by StopAssetImportingV2(NoUpdateAssetOptions)
Start importing Assets/AreaBattle/Resources/Recovered/Hud/Sprites/CAB-0cb2185f5d2ecff9155478bc0aa1ecc7_-3184699777142474524.png using Guid(387d592b9d8ca4347bd436ff0e8d52a4) (TextureImporter) -> (artifact id: '23b12aa5483db8f8ac07897f18f7fc10') in 0.0066379 seconds
Refreshing native plugins compatible for Editor in 0.00 ms, found 0 plugins.
Preloading 0 native plugins for Editor in 0.00 ms.
Asset Pipeline Refresh (id=d77ef3eeea9fe7446847849f3ae93ae0): Total: 0.010 seconds - Initiated by StopAssetImportingV2(NoUpdateAssetOptions)
Start importing Assets/AreaBattle/Resources/Recovered/Hud/Sprites/CAB-0cb2185f5d2ecff9155478bc0aa1ecc7_-3184699777142474524.png using Guid(387d592b9d8ca4347bd436ff0e8d52a4) (TextureImporter) -> (artifact id: '23b12aa5483db8f8ac07897f18f7fc10') in 0.0062219 seconds
Refreshing native plugins compatible for Editor in 0.00 ms, found 0 plugins.
Preloading 0 native plugins for Editor in 0.00 ms.
Asset Pipeline Refresh (id=2639b4ee7fabe044b930aa86c7f5e56a): Total: 0.010 seconds - Initiated by StopAssetImportingV2(NoUpdateAssetOptions)
Start importing Assets/AreaBattle/Resources/Recovered/Hud/Sprites/CAB-0cb2185f5d2ecff9155478bc0aa1ecc7_-784550110174399228.png using Guid(2d0250ae0a04df3468845805fdf2317a) (TextureImporter) -> (artifact id: '1b3a1556d9ec7b2cce0ad8d036c25f42') in 0.0062853 seconds
Refreshing native plugins compatible for Editor in 0.00 ms, found 0 plugins.
Preloading 0 native plugins for Editor in 0.00 ms.
Asset Pipeline Refresh (id=a40d68a3bd21de84bb341db2a5906fff): Total: 0.010 seconds - Initiated by StopAssetImportingV2(NoUpdateAssetOptions)
Start importing Assets/AreaBattle/Resources/Recovered/Hud/Sprites/CAB-0cb2185f5d2ecff9155478bc0aa1ecc7_-784550110174399228.png using Guid(2d0250ae0a04df3468845805fdf2317a) (TextureImporter) -> (artifact id: '1b3a1556d9ec7b2cce0ad8d036c25f42') in 0.0063409 seconds
Refreshing native plugins compatible for Editor in 0.00 ms, found 0 plugins.
Preloading 0 native plugins for Editor in 0.00 ms.
Asset Pipeline Refresh (id=151cd357121acce42bb1c71421900291): Total: 0.010 seconds - Initiated by StopAssetImportingV2(NoUpdateAssetOptions)
Start importing Assets/AreaBattle/Resources/Recovered/Hud/Sprites/CAB-0cb2185f5d2ecff9155478bc0aa1ecc7_-716580808912396138.png using Guid(9ce3037c0cfb37546ac18c88cd1ab137) (TextureImporter) -> (artifact id: 'aa60b52089090971e73e3ef7a5b08038') in 0.0061914 seconds
Refreshing native plugins compatible for Editor in 0.00 ms, found 0 plugins.
Preloading 0 native plugins for Editor in 0.00 ms.
Asset Pipeline Refresh (id=2b3bddbc49f73b0489e9068b6368a904): Total: 0.010 seconds - Initiated by StopAssetImportingV2(NoUpdateAssetOptions)
Start importing Assets/AreaBattle/Resources/Recovered/Hud/Sprites/CAB-0cb2185f5d2ecff9155478bc0aa1ecc7_-716580808912396138.png using Guid(9ce3037c0cfb37546ac18c88cd1ab137) (TextureImporter) -> (artifact id: 'aa60b52089090971e73e3ef7a5b08038') in 0.0062765 seconds
Refreshing native plugins compatible for Editor in 0.00 ms, found 0 plugins.
Preloading 0 native plugins for Editor in 0.00 ms.
Asset Pipeline Refresh (id=14722bc0a66096b47966c6c2aaa049f6): Total: 0.010 seconds - Initiated by StopAssetImportingV2(NoUpdateAssetOptions)
Start importing Assets/AreaBattle/Resources/Recovered/Hud/Sprites/CAB-0cb2185f5d2ecff9155478bc0aa1ecc7_-635011650491847738.png using Guid(b117f7f0c8ab0614dba1ce1c0ffb7b07) (TextureImporter) -> (artifact id: '2cc078a67861ce1c9087580d1aff1995') in 0.0064273 seconds
Refreshing native plugins compatible for Editor in 0.00 ms, found 0 plugins.
Preloading 0 native plugins for Editor in 0.00 ms.
Asset Pipeline Refresh (id=884e0d9f46339424487c5de378629092): Total: 0.010 seconds - Initiated by StopAssetImportingV2(NoUpdateAssetOptions)
Start importing Assets/AreaBattle/Resources/Recovered/Hud/Sprites/CAB-0cb2185f5d2ecff9155478bc0aa1ecc7_-635011650491847738.png using Guid(b117f7f0c8ab0614dba1ce1c0ffb7b07) (TextureImporter) -> (artifact id: '2cc078a67861ce1c9087580d1aff1995') in 0.0062519 seconds
Refreshing native plugins compatible for Editor in 0.00 ms, found 0 plugins.
Preloading 0 native plugins for Editor in 0.00 ms.
Asset Pipeline Refresh (id=b37efaf2c2695d74fb292e92f4564bff): Total: 0.010 seconds - Initiated by StopAssetImportingV2(NoUpdateAssetOptions)
Start importing Assets/AreaBattle/Resources/Recovered/Hud/Sprites/CAB-0cb2185f5d2ecff9155478bc0aa1ecc7_933868517517261012.png using Guid(76a1dc41efb68c64592285cef025437c) (TextureImporter) -> (artifact id: '2c2399004a5369ec75daf050aa64b7c0') in 0.0065799 seconds
Refreshing native plugins compatible for Editor in 0.00 ms, found 0 plugins.
Preloading 0 native plugins for Editor in 0.00 ms.
Asset Pipeline Refresh (id=7656c1e85788e3947933c20016820333): Total: 0.010 seconds - Initiated by StopAssetImportingV2(NoUpdateAssetOptions)
Start importing Assets/AreaBattle/Resources/Recovered/Hud/Sprites/CAB-0cb2185f5d2ecff9155478bc0aa1ecc7_933868517517261012.png using Guid(76a1dc41efb68c64592285cef025437c) (TextureImporter) -> (artifact id: '2c2399004a5369ec75daf050aa64b7c0') in 0.0063744 seconds
Refreshing native plugins compatible for Editor in 0.00 ms, found 0 plugins.
Preloading 0 native plugins for Editor in 0.00 ms.
Asset Pipeline Refresh (id=c511e90ab22875d4aa6a4c570aa08100): Total: 0.011 seconds - Initiated by StopAssetImportingV2(NoUpdateAssetOptions)
Start importing Assets/AreaBattle/Resources/Recovered/Hud/Sprites/CAB-0cb2185f5d2ecff9155478bc0aa1ecc7_1422334420567120519.png using Guid(455bfc1e8a500f94ebe0e9027bcce6d4) (TextureImporter) -> (artifact id: 'f1bca873bde545d5eba7c6fb1237fe6e') in 0.0062955 seconds
Refreshing native plugins compatible for Editor in 0.00 ms, found 0 plugins.
Preloading 0 native plugins for Editor in 0.00 ms.
Asset Pipeline Refresh (id=96d1123c1de474644b7a908575997015): Total: 0.010 seconds - Initiated by StopAssetImportingV2(NoUpdateAssetOptions)
Start importing Assets/AreaBattle/Resources/Recovered/Hud/Sprites/CAB-0cb2185f5d2ecff9155478bc0aa1ecc7_1422334420567120519.png using Guid(455bfc1e8a500f94ebe0e9027bcce6d4) (TextureImporter) -> (artifact id: 'f1bca873bde545d5eba7c6fb1237fe6e') in 0.0062759 seconds
Refreshing native plugins compatible for Editor in 0.00 ms, found 0 plugins.
Preloading 0 native plugins for Editor in 0.00 ms.
Asset Pipeline Refresh (id=113d1aceb7fb7c041838658381a91801): Total: 0.010 seconds - Initiated by StopAssetImportingV2(NoUpdateAssetOptions)
Start importing Assets/AreaBattle/Resources/Recovered/Hud/Sprites/CAB-0cb2185f5d2ecff9155478bc0aa1ecc7_1945635868593664133.png using Guid(9747e873e32b9f64f877cc784fb4766f) (TextureImporter) -> (artifact id: '8d900730485f56b63b1775bb55de1fdc') in 0.0062528 seconds
Refreshing native plugins compatible for Editor in 0.00 ms, found 0 plugins.
Preloading 0 native plugins for Editor in 0.00 ms.
Asset Pipeline Refresh (id=46a2f46ac186a6447942118eb6ef6211): Total: 0.010 seconds - Initiated by StopAssetImportingV2(NoUpdateAssetOptions)
Start importing Assets/AreaBattle/Resources/Recovered/Hud/Sprites/CAB-0cb2185f5d2ecff9155478bc0aa1ecc7_1945635868593664133.png using Guid(9747e873e32b9f64f877cc784fb4766f) (TextureImporter) -> (artifact id: '8d900730485f56b63b1775bb55de1fdc') in 0.0063244 seconds
Refreshing native plugins compatible for Editor in 0.00 ms, found 0 plugins.
Preloading 0 native plugins for Editor in 0.00 ms.
Asset Pipeline Refresh (id=7bd58bc7e7b37dc47b221d00f05fabda): Total: 0.010 seconds - Initiated by StopAssetImportingV2(NoUpdateAssetOptions)
Start importing Assets/AreaBattle/Resources/Recovered/Hud/Sprites/CAB-0cb2185f5d2ecff9155478bc0aa1ecc7_5861279921708750966.png using Guid(3a90e5e6524624d49abaee3d8ce2b5d2) (TextureImporter) -> (artifact id: '602689097c601fbb1e66d3929e760a0f') in 0.00632 seconds
Refreshing native plugins compatible for Editor in 0.00 ms, found 0 plugins.
Preloading 0 native plugins for Editor in 0.00 ms.
Asset Pipeline Refresh (id=ebdc8dcd76bf91f4893675dfbb1c4923): Total: 0.010 seconds - Initiated by StopAssetImportingV2(NoUpdateAssetOptions)
Start importing Assets/AreaBattle/Resources/Recovered/Hud/Sprites/CAB-0cb2185f5d2ecff9155478bc0aa1ecc7_5861279921708750966.png using Guid(3a90e5e6524624d49abaee3d8ce2b5d2) (TextureImporter) -> (artifact id: '602689097c601fbb1e66d3929e760a0f') in 0.0061243 seconds
Refreshing native plugins compatible for Editor in 0.00 ms, found 0 plugins.
Preloading 0 native plugins for Editor in 0.00 ms.
Asset Pipeline Refresh (id=cf2359f74a329de48891251b11a43c90): Total: 0.010 seconds - Initiated by StopAssetImportingV2(NoUpdateAssetOptions)
Start importing Assets/AreaBattle/Resources/Recovered/Hud/Sprites/CAB-0cb2185f5d2ecff9155478bc0aa1ecc7_7620168123564399499.png using Guid(e2cec68abf94f1949a952e3391d23157) (TextureImporter) -> (artifact id: 'e1b61601a7078dea97bc11d0389db24a') in 0.0064419 seconds
Refreshing native plugins compatible for Editor in 0.00 ms, found 0 plugins.
Preloading 0 native plugins for Editor in 0.00 ms.
Asset Pipeline Refresh (id=2d0fadaa9c38ff340bf54bddc8ec1471): Total: 0.010 seconds - Initiated by StopAssetImportingV2(NoUpdateAssetOptions)
Start importing Assets/AreaBattle/Resources/Recovered/Hud/Sprites/CAB-0cb2185f5d2ecff9155478bc0aa1ecc7_7620168123564399499.png using Guid(e2cec68abf94f1949a952e3391d23157) (TextureImporter) -> (artifact id: 'e1b61601a7078dea97bc11d0389db24a') in 0.0062653 seconds
Refreshing native plugins compatible for Editor in 0.00 ms, found 0 plugins.
Preloading 0 native plugins for Editor in 0.00 ms.
Asset Pipeline Refresh (id=26cd8360ebf9a1e46a2903ed33392040): Total: 0.010 seconds - Initiated by StopAssetImportingV2(NoUpdateAssetOptions)
Start importing Assets/AreaBattle/Resources/Recovered/Hud/Sprites/CAB-0cb2185f5d2ecff9155478bc0aa1ecc7_7894834730182805884.png using Guid(74211844182374d46b193e42b3b73b4b) (TextureImporter) -> (artifact id: '4aa6a3cf798fe3d65a4b79c991e32f10') in 0.0063413 seconds
Refreshing native plugins compatible for Editor in 0.00 ms, found 0 plugins.
Preloading 0 native plugins for Editor in 0.00 ms.
Asset Pipeline Refresh (id=63a40ac0bf13f04419b0eff2681050b9): Total: 0.011 seconds - Initiated by StopAssetImportingV2(NoUpdateAssetOptions)
Start importing Assets/AreaBattle/Resources/Recovered/Hud/Sprites/CAB-0cb2185f5d2ecff9155478bc0aa1ecc7_7894834730182805884.png using Guid(74211844182374d46b193e42b3b73b4b) (TextureImporter) -> (artifact id: '4aa6a3cf798fe3d65a4b79c991e32f10') in 0.006374 seconds
Refreshing native plugins compatible for Editor in 0.00 ms, found 0 plugins.
Preloading 0 native plugins for Editor in 0.00 ms.
Asset Pipeline Refresh (id=c087eaf812b6b2d448ce0eb3fbbfd4be): Total: 0.010 seconds - Initiated by StopAssetImportingV2(NoUpdateAssetOptions)
Start importing Assets/AreaBattle/Resources/Recovered/Hud/Sprites/CAB-0cb2185f5d2ecff9155478bc0aa1ecc7_8366789415841007947.png using Guid(7987ca6fa5d58b246b702833d123436f) (TextureImporter) -> (artifact id: '612c5d284c1bba675d4a30a31db71e79') in 0.0063153 seconds
Refreshing native plugins compatible for Editor in 0.00 ms, found 0 plugins.
Preloading 0 native plugins for Editor in 0.00 ms.
Asset Pipeline Refresh (id=780b18666de5b9c4f8afeeb935b4ae2e): Total: 0.010 seconds - Initiated by StopAssetImportingV2(NoUpdateAssetOptions)
Start importing Assets/AreaBattle/Resources/Recovered/Hud/Sprites/CAB-0cb2185f5d2ecff9155478bc0aa1ecc7_8366789415841007947.png using Guid(7987ca6fa5d58b246b702833d123436f) (TextureImporter) -> (artifact id: '612c5d284c1bba675d4a30a31db71e79') in 0.0063187 seconds
Refreshing native plugins compatible for Editor in 0.00 ms, found 0 plugins.
Preloading 0 native plugins for Editor in 0.00 ms.
Asset Pipeline Refresh (id=5ee2044f7902e6d4cbbe6dcf63da0437): Total: 0.010 seconds - Initiated by StopAssetImportingV2(NoUpdateAssetOptions)
Start importing Assets/AreaBattle/Resources/Recovered/Hud/Fonts/CAB-a14f3eb3adf948afc8e578331928efaf_6544835752251692798.ttf using Guid(5fa8b798b7b20c245ae2b00f7f6e25fa) (TrueTypeFontImporter) -> (artifact id: '5dcd1e0f32a77ea4abab7eb9cb2ce317') in 0.0053056 seconds
Refreshing native plugins compatible for Editor in 0.00 ms, found 0 plugins.
Preloading 0 native plugins for Editor in 0.00 ms.
Asset Pipeline Refresh (id=4b0b9e2e71151b3488a38d516ced60a3): Total: 0.009 seconds - Initiated by StopAssetImportingV2(NoUpdateAssetOptions)
Start importing Assets/AreaBattle/Resources/Recovered/Hud/Fonts/CAB-a14f3eb3adf948afc8e578331928efaf_6544835752251692798.ttf using Guid(5fa8b798b7b20c245ae2b00f7f6e25fa) (TrueTypeFontImporter) -> (artifact id: '5dcd1e0f32a77ea4abab7eb9cb2ce317') in 0.0035539 seconds
Refreshing native plugins compatible for Editor in 0.00 ms, found 0 plugins.
Preloading 0 native plugins for Editor in 0.00 ms.
Asset Pipeline Refresh (id=9938d697f825e9d48b3f878ab0a0c9c9): Total: 0.007 seconds - Initiated by StopAssetImportingV2(NoUpdateAssetOptions)
[ScriptCompilation] Requested script compilation because: Assetdatabase observed changes in script compilation related files
AssetDatabase: script compilation time: 0.000038s
Refreshing native plugins compatible for Editor in 0.00 ms, found 0 plugins.
Preloading 0 native plugins for Editor in 0.00 ms.
Asset Pipeline Refresh (id=83c9cfcc4a74cfe4e87c7b51d37632ce): Total: 0.006 seconds - Initiated by RefreshV2(NoUpdateAssetOptions)
Start importing Assets/AreaBattle/Resources/Recovered/Hud/TowerCanvas.prefab using Guid(324426bc11dc95047a607f8741c4a357) (PrefabImporter) -> (artifact id: '477c0378ccb2822a6f23417dd6ffa29a') in 0.002969 seconds
Refreshing native plugins compatible for Editor in 0.00 ms, found 0 plugins.
Preloading 0 native plugins for Editor in 0.00 ms.
Asset Pipeline Refresh (id=006ef78a334e1cd4185941a78b23fdb4): Total: 0.009 seconds - Initiated by StopAssetImportingV2(NoUpdateAssetOptions)
Start importing Assets/AreaBattle/Resources/Recovered/Hud/TowerCanvas.prefab using Guid(324426bc11dc95047a607f8741c4a357) (PrefabImporter) -> (artifact id: '477c0378ccb2822a6f23417dd6ffa29a') in 0.0021768 seconds
Refreshing native plugins compatible for Editor in 0.00 ms, found 0 plugins.
Preloading 0 native plugins for Editor in 0.00 ms.
Asset Pipeline Refresh (id=c44fdded6665b46428e77c5179c0fb16): Total: 0.007 seconds - Initiated by StopAssetImportingV2(NoUpdateAssetOptions)
Start importing Assets/AreaBattle/Resources/Recovered/Hud/SkillUI.prefab using Guid(9a08ce2802174af40872579984fb1ee5) (PrefabImporter) -> (artifact id: '2a26d3a57fa72efb952d7bd4af22e346') in 0.003282 seconds
Refreshing native plugins compatible for Editor in 0.00 ms, found 0 plugins.
Preloading 0 native plugins for Editor in 0.00 ms.
Asset Pipeline Refresh (id=40b409898447d734485b0ef2fbc6a9ea): Total: 0.009 seconds - Initiated by StopAssetImportingV2(NoUpdateAssetOptions)
Start importing Assets/AreaBattle/Resources/Recovered/Hud/SkillUI.prefab using Guid(9a08ce2802174af40872579984fb1ee5) (PrefabImporter) -> (artifact id: '2a26d3a57fa72efb952d7bd4af22e346') in 0.0029189 seconds
Refreshing native plugins compatible for Editor in 0.00 ms, found 0 plugins.
Preloading 0 native plugins for Editor in 0.00 ms.
Asset Pipeline Refresh (id=60826b60b9c303d4da2b3b8e98bfe40d): Total: 0.008 seconds - Initiated by StopAssetImportingV2(NoUpdateAssetOptions)
Start importing Assets/AreaBattle/Resources/Recovered/Hud/PlayTopBar.prefab using Guid(9bdc5a6a42884054fb83f6167a46dfaa) (PrefabImporter) -> (artifact id: '1e691f210da5803d10b7c327ebafe7b9') in 0.0040948 seconds
Refreshing native plugins compatible for Editor in 0.00 ms, found 0 plugins.
Preloading 0 native plugins for Editor in 0.00 ms.
Asset Pipeline Refresh (id=3c32115c99a82814aaf184e4762865bd): Total: 0.010 seconds - Initiated by StopAssetImportingV2(NoUpdateAssetOptions)
Start importing Assets/AreaBattle/Resources/Recovered/Hud/PlayTopBar.prefab using Guid(9bdc5a6a42884054fb83f6167a46dfaa) (PrefabImporter) -> (artifact id: '1e691f210da5803d10b7c327ebafe7b9') in 0.0035718 seconds
Refreshing native plugins compatible for Editor in 0.00 ms, found 0 plugins.
Preloading 0 native plugins for Editor in 0.00 ms.
Asset Pipeline Refresh (id=793b6ada955ad794d9c17f51f0c2e582): Total: 0.009 seconds - Initiated by StopAssetImportingV2(NoUpdateAssetOptions)
Start importing Assets/AreaBattle/Resources/Recovered/Hud/VictoryUI.prefab using Guid(a8abbce6e17394748bb3b9855b45be5c) (PrefabImporter) -> (artifact id: 'c6cab6f77ea3cf8d120977c3006b2355') in 0.0019843 seconds
Refreshing native plugins compatible for Editor in 0.00 ms, found 0 plugins.
Preloading 0 native plugins for Editor in 0.00 ms.
Asset Pipeline Refresh (id=f509bf82348e4c64ebffd06df815f7d2): Total: 0.007 seconds - Initiated by StopAssetImportingV2(NoUpdateAssetOptions)
Start importing Assets/AreaBattle/Resources/Recovered/Hud/VictoryUI.prefab using Guid(a8abbce6e17394748bb3b9855b45be5c) (PrefabImporter) -> (artifact id: 'c6cab6f77ea3cf8d120977c3006b2355') in 0.0017832 seconds
Refreshing native plugins compatible for Editor in 0.00 ms, found 0 plugins.
Preloading 0 native plugins for Editor in 0.00 ms.
Asset Pipeline Refresh (id=ea775054012c5f344a08aa0c1ecf1a52): Total: 0.006 seconds - Initiated by StopAssetImportingV2(NoUpdateAssetOptions)
Start importing Assets/AreaBattle/Resources/Recovered/Hud/DefeatUI.prefab using Guid(db5e153e349b2fe4bac950f4b3af29b1) (PrefabImporter) -> (artifact id: '01ce6b7460a1ba5b8d20b350bbd4c582') in 0.002031 seconds
Refreshing native plugins compatible for Editor in 0.00 ms, found 0 plugins.
Preloading 0 native plugins for Editor in 0.00 ms.
Asset Pipeline Refresh (id=a25c8068cd4576e48a8867985a004d4c): Total: 0.007 seconds - Initiated by StopAssetImportingV2(NoUpdateAssetOptions)
Start importing Assets/AreaBattle/Resources/Recovered/Hud/DefeatUI.prefab using Guid(db5e153e349b2fe4bac950f4b3af29b1) (PrefabImporter) -> (artifact id: '01ce6b7460a1ba5b8d20b350bbd4c582') in 0.0026056 seconds
Refreshing native plugins compatible for Editor in 0.00 ms, found 0 plugins.
Preloading 0 native plugins for Editor in 0.00 ms.
Asset Pipeline Refresh (id=4c01de516744f784bb45089ff5236ee0): Total: 0.007 seconds - Initiated by StopAssetImportingV2(NoUpdateAssetOptions)
Start importing Assets/AreaBattle/Resources/Recovered/Hud/GuideUI.prefab using Guid(646172e754f7fe14285e4501748b0420) (PrefabImporter) -> (artifact id: 'f607d4fee4e2c6221708e8e11ea45c17') in 0.0037582 seconds
Refreshing native plugins compatible for Editor in 0.00 ms, found 0 plugins.
Preloading 0 native plugins for Editor in 0.00 ms.
Asset Pipeline Refresh (id=6ec1ab0bb9eb51c489790e19b75176d3): Total: 0.010 seconds - Initiated by StopAssetImportingV2(NoUpdateAssetOptions)
Start importing Assets/AreaBattle/Resources/Recovered/Hud/GuideUI.prefab using Guid(646172e754f7fe14285e4501748b0420) (PrefabImporter) -> (artifact id: 'f607d4fee4e2c6221708e8e11ea45c17') in 0.0035052 seconds
Refreshing native plugins compatible for Editor in 0.00 ms, found 0 plugins.
Preloading 0 native plugins for Editor in 0.00 ms.
Asset Pipeline Refresh (id=4773e7e95e046ed42925f1d64c49faa2): Total: 0.009 seconds - Initiated by StopAssetImportingV2(NoUpdateAssetOptions)
Start importing Assets/AreaBattle/Resources/Recovered/Hud/PauseUI.prefab using Guid(7196ab86cd268804a8351644f477626c) (PrefabImporter) -> (artifact id: '7823932f8431dcef005a4672e45f9b1f') in 0.003394 seconds
Refreshing native plugins compatible for Editor in 0.00 ms, found 0 plugins.
Preloading 0 native plugins for Editor in 0.00 ms.
Asset Pipeline Refresh (id=63d3db846bc8fcb4d9be40cf7c02a79f): Total: 0.009 seconds - Initiated by StopAssetImportingV2(NoUpdateAssetOptions)
Start importing Assets/AreaBattle/Resources/Recovered/Hud/PauseUI.prefab using Guid(7196ab86cd268804a8351644f477626c) (PrefabImporter) -> (artifact id: '7823932f8431dcef005a4672e45f9b1f') in 0.0030385 seconds
Refreshing native plugins compatible for Editor in 0.00 ms, found 0 plugins.
Preloading 0 native plugins for Editor in 0.00 ms.
Asset Pipeline Refresh (id=66458619f08c4ba4e868af99716f7aae): Total: 0.008 seconds - Initiated by StopAssetImportingV2(NoUpdateAssetOptions)
Start importing Assets/AreaBattle/Resources/Recovered/Hud/Animations/DefeatUI_CAB-d104257a13aa94e680b78c339b46726d_-9174355219114109136_CAB-73c9fe87e19b166a7e079792c465cea7_-6135361959061301165.anim using Guid(7163259deca189b49a04d9516f97a18e) (NativeFormatImporter)Main Object Name 'hdzd_effect_lose_01' does not match filename 'DefeatUI_CAB-d104257a13aa94e680b78c339b46726d_-9174355219114109136_CAB-73c9fe87e19b166a7e079792c465cea7_-6135361959061301165'
UnityEngine.Debug:ExtractStackTraceNoAlloc (byte*,int,string)
UnityEngine.StackTraceUtility:ExtractStackTrace ()
AreaBattle.EditorTools.RecoveredUiAnimationImporter:Finish () (at Assets/AreaBattle/Editor/RecoveredUiAnimationImporter.cs:71)
AreaBattle.EditorTools.RecoveredHudImporter:Import () (at Assets/AreaBattle/Editor/RecoveredHudImporter.cs:82)
AreaBattle.EditorTools.HudPresentationValidation:ImportAndRunBatch () (at Assets/AreaBattle/Editor/HudPresentationValidation.cs:15)

[Assets/AreaBattle/Editor/RecoveredUiAnimationImporter.cs line 71]

 -> (artifact id: 'c02844c1cac44954a8268412e53ce24b') in 0.0009348 seconds
Start importing Assets/AreaBattle/Resources/Recovered/Hud/Animations/VictoryUI_CAB-54d62f6ded50366c1e410de8cc594497_2738752505481483_CAB-35ebf82ef867b286d1bf02b157f59359_5511730319372954948.anim using Guid(22974bcf7b3d8d64d987abf9d056631a) (NativeFormatImporter)Main Object Name 'CircleRotate' does not match filename 'VictoryUI_CAB-54d62f6ded50366c1e410de8cc594497_2738752505481483_CAB-35ebf82ef867b286d1bf02b157f59359_5511730319372954948'
UnityEngine.Debug:ExtractStackTraceNoAlloc (byte*,int,string)
UnityEngine.StackTraceUtility:ExtractStackTrace ()
AreaBattle.EditorTools.RecoveredUiAnimationImporter:Finish () (at Assets/AreaBattle/Editor/RecoveredUiAnimationImporter.cs:71)
AreaBattle.EditorTools.RecoveredHudImporter:Import () (at Assets/AreaBattle/Editor/RecoveredHudImporter.cs:82)
AreaBattle.EditorTools.HudPresentationValidation:ImportAndRunBatch () (at Assets/AreaBattle/Editor/HudPresentationValidation.cs:15)

[Assets/AreaBattle/Editor/RecoveredUiAnimationImporter.cs line 71]

 -> (artifact id: 'f7b7fff909e8f8fd5d0b2306e28aacec') in 0.0010894 seconds
Start importing Assets/AreaBattle/Resources/Recovered/Hud/Animations/DefeatUI_CAB-d104257a13aa94e680b78c339b46726d_-9174355219114109136_CAB-4f56fee9058db74d80abf20918cddca5_-6264502923297749231.anim using Guid(9276bb80c95c72d48ab282aff652e5ea) (NativeFormatImporter)Main Object Name 'hdzd_effect_lose_02' does not match filename 'DefeatUI_CAB-d104257a13aa94e680b78c339b46726d_-9174355219114109136_CAB-4f56fee9058db74d80abf20918cddca5_-6264502923297749231'
UnityEngine.Debug:ExtractStackTraceNoAlloc (byte*,int,string)
UnityEngine.StackTraceUtility:ExtractStackTrace ()
AreaBattle.EditorTools.RecoveredUiAnimationImporter:Finish () (at Assets/AreaBattle/Editor/RecoveredUiAnimationImporter.cs:71)
AreaBattle.EditorTools.RecoveredHudImporter:Import () (at Assets/AreaBattle/Editor/RecoveredHudImporter.cs:82)
AreaBattle.EditorTools.HudPresentationValidation:ImportAndRunBatch () (at Assets/AreaBattle/Editor/HudPresentationValidation.cs:15)

[Assets/AreaBattle/Editor/RecoveredUiAnimationImporter.cs line 71]

 -> (artifact id: '55c381a4bde43952ca06bb2b57c555a8') in 0.0006801 seconds
Start importing Assets/AreaBattle/Resources/Recovered/Hud/Animations/VictoryUI_CAB-54d62f6ded50366c1e410de8cc594497_5052245192380387973_CAB-368de0ac90197a35e724f69a8224fc06_5411220744739360366.anim using Guid(6547102f0b49f5047af2d2dd92c43f5e) (NativeFormatImporter)Main Object Name 'hdzd_win_new_ani 1' does not match filename 'VictoryUI_CAB-54d62f6ded50366c1e410de8cc594497_5052245192380387973_CAB-368de0ac90197a35e724f69a8224fc06_5411220744739360366'
UnityEngine.Debug:ExtractStackTraceNoAlloc (byte*,int,string)
UnityEngine.StackTraceUtility:ExtractStackTrace ()
AreaBattle.EditorTools.RecoveredUiAnimationImporter:Finish () (at Assets/AreaBattle/Editor/RecoveredUiAnimationImporter.cs:71)
AreaBattle.EditorTools.RecoveredHudImporter:Import () (at Assets/AreaBattle/Editor/RecoveredHudImporter.cs:82)
AreaBattle.EditorTools.HudPresentationValidation:ImportAndRunBatch () (at Assets/AreaBattle/Editor/HudPresentationValidation.cs:15)

[Assets/AreaBattle/Editor/RecoveredUiAnimationImporter.cs line 71]

 -> (artifact id: 'f54f11cf69e4522ea9fbc749bd554e47') in 0.000646 seconds
Start importing Assets/AreaBattle/Resources/Recovered/Hud/Animations/VictoryUI_CAB-54d62f6ded50366c1e410de8cc594497_5052245192380387973_CAB-c36efcdca62f98758d5903edc40ffeb7_4661952000985304586.anim using Guid(6f2850cec937b3b41bdc973612b84cf4) (NativeFormatImporter)Main Object Name 'hdzd_win_newDaiji_ani' does not match filename 'VictoryUI_CAB-54d62f6ded50366c1e410de8cc594497_5052245192380387973_CAB-c36efcdca62f98758d5903edc40ffeb7_4661952000985304586'
UnityEngine.Debug:ExtractStackTraceNoAlloc (byte*,int,string)
UnityEngine.StackTraceUtility:ExtractStackTrace ()
AreaBattle.EditorTools.RecoveredUiAnimationImporter:Finish () (at Assets/AreaBattle/Editor/RecoveredUiAnimationImporter.cs:71)
AreaBattle.EditorTools.RecoveredHudImporter:Import () (at Assets/AreaBattle/Editor/RecoveredHudImporter.cs:82)
AreaBattle.EditorTools.HudPresentationValidation:ImportAndRunBatch () (at Assets/AreaBattle/Editor/HudPresentationValidation.cs:15)

[Assets/AreaBattle/Editor/RecoveredUiAnimationImporter.cs line 71]

 -> (artifact id: 'd2d80600c007698d0afa8246c1ae3bdf') in 0.0006544 seconds
Refreshing native plugins compatible for Editor in 0.00 ms, found 0 plugins.
Preloading 0 native plugins for Editor in 0.00 ms.
Asset Pipeline Refresh (id=8db87f6aa5f67f84dae9e8692bde37b3): Total: 0.010 seconds - Initiated by StopAssetImportingV2(NoUpdateAssetOptions)
Start importing Assets/AreaBattle/Resources/Recovered/Hud/hud-import.json using Guid(57c8383e4fd1cec48ab44cbf997c2d93) (TextScriptImporter) -> (artifact id: '01f27b348e90eb6b28df385b079d7614') in 0.0010086 seconds
Refreshing native plugins compatible for Editor in 0.00 ms, found 0 plugins.
Preloading 0 native plugins for Editor in 0.00 ms.
Asset Pipeline Refresh (id=62f0cf4c72c3204418f61596c3926d88): Total: 0.005 seconds - Initiated by StopAssetImportingV2(NoUpdateAssetOptions)
AREABATTLE_HUD_PASS cases=4
UnityEngine.Debug:ExtractStackTraceNoAlloc (byte*,int,string)
UnityEngine.StackTraceUtility:ExtractStackTrace ()
UnityEngine.DebugLogHandler:Internal_Log (UnityEngine.LogType,UnityEngine.LogOption,string,UnityEngine.Object)
UnityEngine.DebugLogHandler:LogFormat (UnityEngine.LogType,UnityEngine.Object,string,object[])
UnityEngine.Logger:Log (UnityEngine.LogType,object)
UnityEngine.Debug:Log (object)
AreaBattle.EditorTools.HudPresentationValidation:ImportAndRunBatch () (at Assets/AreaBattle/Editor/HudPresentationValidation.cs:18)

(Filename: Assets/AreaBattle/Editor/HudPresentationValidation.cs Line: 18)

Start importing ProjectSettings/TimeManager.asset using Guid(00000000000000007000000000000000) (LibraryAssetImporter) -> (artifact id: '52c307e924e96ceef905bcc2cea85a00') in 0.0011452 seconds
Refreshing native plugins compatible for Editor in 0.00 ms, found 0 plugins.
Preloading 0 native plugins for Editor in 0.00 ms.
Asset Pipeline Refresh (id=63810e93d3f02b64b8e49d52efe3d3bd): Total: 0.005 seconds - Initiated by StopAssetImportingV2(NoUpdateAssetOptions)
[Physics::Module] Cleanup current backned.
[Physics::Module] Id: 0xf2b8ea05
Input System module state changed to: ShutdownInProgress.
Input System polling thread exited.
Input System module state changed to: Shutdown.
[Licensing::IpcConnector] LicenseClient-jiachengwei-notifications channel disconnected successfully.
[Licensing::IpcConnector] LicenseClient-jiachengwei channel disconnected successfully.
AcceleratorClientConnectionCallback - disconnected - :0
Cleanup mono
Checking for leaked weakptr:
  Found no leaked weakptrs.
[Package Manager] Server process was shutdown
##utp:{"type":"MemoryLeaks","version":2,"phase":"Immediate","time":1790576403201,"processId":48652,"allocatedMemory":18282255,"memoryLabels":[{"Default":28597},{"Permanent":15356},{"NewDelete":70417},{"Thread":4230384},{"Manager":37786},{"VertexData":8},{"Geometry":816},{"VFX":-104},{"Texture":160},{"Shader":78795},{"Material":24},{"GfxDevice":55176},{"Animation":392},{"Audio":4040},{"Font":5759218},{"FreeType":7916},{"FontEngine":256},{"Physics":2081},{"Serialization":816},{"Input":14824},{"JobScheduler":33024},{"TextLib":160},{"Mono":32},{"ScriptingNativeRuntime":155060},{"BaseObject":1699216},{"Resource":1304},{"Renderer":2928},{"Transform":4646},{"File":1016},{"WebCam":616},{"Culling":32},{"Terrain":11394},{"Wind":24},{"STL":40},{"String":294413},{"DynamicArray":88832},{"HashMap":62276},{"Utility":2662798},{"Curl":48},{"PoolAlloc":1768},{"AI":104},{"TypeTree":5005},{"ScriptManager":512},{"RuntimeInitializeOnLoadManager":64},{"SpriteAtlas":112},{"GI":7888},{"Director":8240},{"CloudService":66816},{"WebRequest":845},{"VR":45969},{"SceneManager":496},{"Video":64},{"LazyScriptCache":32},{"Camera":17},{"Secure":1},{"SerializationCache":1576},{"APIUpdating":10320},{"Subsystems":336},{"VirtualTexturing":57888},{"StaticSafetyDebugInfo":278528},{"Analytics":384},{"Hierarchy":272},{"Gui":80},{"EditorUtility":26460},{"VersionControl":4},{"Undo":947},{"AssetDatabase":2401942},{"EditorGi":328},{"UnityConnect":24184},{"Upm":2036},{"DrivenProperties":72},{"LocalIPC":217},{"ProfilerEditor":9746},{"CoreBusinessMetrics":2889},{"Licensing":1232},{"AssetReference":32},{"IPCStream":32}]}
