[Licensing::Module] Trying to connect to existing licensing client channel...
Built from '6000.0/staging' branch; Version is '6000.0.68f1 (e1e9baaf294b) revision 14805434'; Using compiler version '193933523'; Build Type 'Release'
OS: 'Windows 10  (10.0.19045) 64bit Professional' Language: 'zh' Physical Memory: 65325 MB
BatchMode: 1, IsHumanControllingUs: 0, StartBugReporterOnCrash: 0, Is64bit: 1
[Licensing::IpcConnector] Channel LicenseClient-jiachengwei doesn't exist
System  architecture: x64
Process architecture: x64
Date: 2026-09-29T07:26:05Z
[Licensing::Module] Successfully launched the LicensingClient (PId: 45548)

COMMAND LINE ARGUMENTS:
C:\Program Files\Unity\Hub\Editor\6000.0.68f1\Editor\Unity.exe
-batchmode
-projectPath
E:/Projects/AreaBattle/UnityProject
-executeMethod
AreaBattle.EditorTools.RecoveredHudImporter.ImportOutgameBatch
-logFile
E:/Projects/AreaBattle/analysis/unity-outgame-ui-import.log
Successfully changed project path to: E:/Projects/AreaBattle/UnityProject
E:/Projects/AreaBattle/UnityProject
[UnityMemory] Configuration Parameters - Can be set up in boot.config
    "memorysetup-bucket-allocator-granularity=16"
    "memorysetup-bucket-allocator-bucket-count=8"
    "memorysetup-bucket-allocator-block-size=33554432"
    "memorysetup-bucket-allocator-block-count=8"
    "memorysetup-main-allocator-block-size=16777216"
    "memorysetup-thread-allocator-block-size=16777216"
    "memorysetup-gfx-main-allocator-block-size=16777216"
    "memorysetup-gfx-thread-allocator-block-size=16777216"
    "memorysetup-cache-allocator-block-size=4194304"
    "memorysetup-typetree-allocator-block-size=2097152"
    "memorysetup-profiler-bucket-allocator-granularity=16"
    "memorysetup-profiler-bucket-allocator-bucket-count=8"
    "memorysetup-profiler-bucket-allocator-block-size=33554432"
    "memorysetup-profiler-bucket-allocator-block-count=8"
    "memorysetup-profiler-allocator-block-size=16777216"
    "memorysetup-profiler-editor-allocator-block-size=1048576"
    "memorysetup-temp-allocator-size-main=16777216"
    "memorysetup-job-temp-allocator-block-size=2097152"
    "memorysetup-job-temp-allocator-block-size-background=1048576"
    "memorysetup-job-temp-allocator-reduction-small-platforms=262144"
    "memorysetup-allocator-temp-initial-block-size-main=262144"
    "memorysetup-allocator-temp-initial-block-size-worker=262144"
    "memorysetup-temp-allocator-size-background-worker=32768"
    "memorysetup-temp-allocator-size-job-worker=262144"
    "memorysetup-temp-allocator-size-preload-manager=33554432"
    "memorysetup-temp-allocator-size-nav-mesh-worker=65536"
    "memorysetup-temp-allocator-size-audio-worker=65536"
    "memorysetup-temp-allocator-size-cloud-worker=32768"
    "memorysetup-temp-allocator-size-gi-baking-worker=262144"
    "memorysetup-temp-allocator-size-gi-baking-worker=262144"
    "memorysetup-temp-allocator-size-gi-baking-worker=262144"
    "memorysetup-temp-allocator-size-gi-baking-worker=262144"
    "memorysetup-temp-allocator-size-gi-baking-worker=262144"
    "memorysetup-temp-allocator-size-gfx=262144"
Player connection [44888]  Target information:

Player connection [44888]  * "[IP] 192.168.12.13 [Port] 55506 [Flags] 2 [Guid] 102862711 [EditorId] 102862711 [Version] 1048832 [Id] WindowsEditor(7,DESKTOP-H2NB5JD) [Debug] 1 [PackageName] WindowsEditor [ProjectName] Editor" 

Player connection [44888] Host joined multi-casting on [225.0.0.222:54997]...
Player connection [44888] Host joined alternative multi-casting on [225.0.0.222:34997]...
Input System module state changed to: Initialized.
[Physics::Module] Initialized fallback backend.
[Physics::Module] Id: 0xdecafbad
[Licensing::IpcConnector] Successfully connected to: "LicenseClient-jiachengwei" at "2026-09-29T07:26:05.8150792Z"
[Package Manager] Connected to IPC stream "Upm-50868" after 0.2 seconds.
Library Redirect Path: Library/
[Physics::Module] Selected backend.
[Physics::Module] Name: PhysX
[Physics::Module] Id: 0xf2b8ea05
[Physics::Module] SDK Version: 4.1.2
[Physics::Module] Integration Version: 1.0.0
[Physics::Module] Threading Mode: Multi-Threaded
Artifact Garbage Collection - Removed 104 unused hashed content filesRefreshing native plugins compatible for Editor in 0.00 ms, found 0 plugins.
Preloading 0 native plugins for Editor in 0.00 ms.
Initialize engine version: 6000.0.68f1 (e1e9baaf294b)
[Subsystems] Discovering subsystems at path C:/Program Files/Unity/Hub/Editor/6000.0.68f1/Editor/Data/Resources/UnitySubsystems
[Subsystems] Discovering subsystems at path E:/Projects/AreaBattle/UnityProject/Assets
GfxDevice: creating device client; kGfxThreadingModeNonThreaded
Direct3D:
    Version:  Direct3D 11.0 [level 11.1]
    Renderer: NVIDIA GeForce RTX 3070 (ID=0x2488)
    Vendor:   NVIDIA
    VRAM:     8018 MB
    Driver:   32.0.15.8180
Initialize mono
Mono path[0] = 'C:/Program Files/Unity/Hub/Editor/6000.0.68f1/Editor/Data/Managed'
Mono path[1] = 'C:/Program Files/Unity/Hub/Editor/6000.0.68f1/Editor/Data/MonoBleedingEdge/lib/mono/unityjit-win32'
Mono config path = 'C:/Program Files/Unity/Hub/Editor/6000.0.68f1/Editor/Data/MonoBleedingEdge/etc'
Using monoOptions --debugger-agent=transport=dt_socket,embedding=1,server=y,suspend=n,address=127.0.0.1:56868
Using cacheserver namespaces - metadata:defaultmetadata, artifacts:defaultartifacts
Using cacheserver namespaces - metadata:defaultmetadata, artifacts:defaultartifacts
ImportWorker Server TCP listen port: 0
AcceleratorClientConnectionCallback - disconnected - :0
Begin MonoManager ReloadAssembly
Registering precompiled unity dll's ...
Register platform support module: C:/Program Files/Unity/Hub/Editor/6000.0.68f1/Editor/Data/PlaybackEngines/WindowsStandaloneSupport/UnityEditor.WindowsStandalone.Extensions.dll
[Licensing::Module] Licensing is not yet initialized.
[Licensing::Client] Code 3 while verifying Licensing Client signature (process Id: 45548, path: "C:/Program Files/Unity/Hub/Editor/6000.0.68f1/Editor/Data/Resources/Licensing/Client/Unity.Licensing.Client.exe")
[Licensing::Module] LicensingClient has failed validation; ignoring
[Licensing::Client] Handshaking with LicensingClient:
  Version:                 1.17.4+4293ba1
  Session Id:              89cad94cacdc44889c723d084ec94f70
  Correlation Id:          1747625f3e433aac36015a2ea9fe42e4
  External correlation Id: 8245371092856422603
  Machine Id:              9cQkwGhPtCyHx8hTJUSXA0S3txg=
[Licensing::Module] Successfully connected to LicensingClient on channel: "LicenseClient-jiachengwei" (connect: 0.24s, validation: 0.05s, handshake: 2.49s)
[Licensing::IpcConnector] Successfully connected to: "LicenseClient-jiachengwei-notifications" at "2026-09-29T07:26:08.3493734Z"
[Licensing::Module] Connected to LicensingClient (PId: 45548, launch time: 0.00, total connection time: 2.78s)
[Licensing::Module] Error: Access token is unavailable; failed to update
[Licensing::Client] Successfully resolved entitlement details
[Licensing::Module] License group:
  Id: 00-0000-0000-0000-0000-XXXX
  Product: Unity Pro
  Type: ULF
  Expiration: Unlimited
[Licensing::Client] Successfully updated license, isAsync: True, time: 0.00
[Licensing::Client] Successfully resolved entitlement details
[Licensing::Module] Licensing Background thread has ended after 2.79s
[Licensing::Module] Licensing is initialized (took 2.18s).
[Licensing::Client] Successfully resolved entitlement details
Register platform support module: C:/Program Files/Unity/Hub/Editor/6000.0.68f1/Editor/Data/PlaybackEngines/AndroidPlayer/UnityEditor.Android.Extensions.dll
Registered in 2.180121 seconds.
- Loaded All Assemblies, in  2.396 seconds
Native extension for Android target not found
Unauthorized device detected, Id: 7afd45a, please add debug authorization and reconnect.
UnityEngine.Debug:ExtractStackTraceNoAlloc (byte*,int,string)
UnityEngine.StackTraceUtility:ExtractStackTrace ()
UnityEngine.DebugLogHandler:Internal_Log (UnityEngine.LogType,UnityEngine.LogOption,string,UnityEngine.Object)
UnityEngine.DebugLogHandler:LogFormat (UnityEngine.LogType,UnityEngine.Object,string,object[])
UnityEngine.Logger:LogFormat (UnityEngine.LogType,string,object[])
UnityEngine.Debug:LogFormat (string,object[])
UnityEditor.Android.AndroidDeploymentTargetsExtension:GetKnownTargets (UnityEditor.DeploymentTargets.IDeploymentTargetsMainThreadContext,UnityEditor.ProgressHandler) (at /home/bokken/build/output/unity/unity/PlatformDependent/AndroidPlayer/Editor/Managed/DeploymentTargets/AndroidDeploymentTargetsExtension.cs:397)
UnityEditor.Android.TargetScanWorker:ScanSync () (at /home/bokken/build/output/unity/unity/PlatformDependent/AndroidPlayer/Editor/Managed/TargetScanWorker.cs:164)
UnityEditor.Android.TargetExtension:OnUsbDevicesChanged (UnityEditor.Hardware.UsbDevice[]) (at /home/bokken/build/output/unity/unity/PlatformDependent/AndroidPlayer/Editor/Managed/ExtensionModule.cs:106)
UnityEditor.Android.TargetExtension:OnLoad () (at /home/bokken/build/output/unity/unity/PlatformDependent/AndroidPlayer/Editor/Managed/ExtensionModule.cs:67)
UnityEditor.Modules.ModuleManager:InitializePlatformSupportModules ()

(Filename: /home/bokken/build/output/unity/unity/PlatformDependent/AndroidPlayer/Editor/Managed/DeploymentTargets/AndroidDeploymentTargetsExtension.cs Line: 397)

Android Extension - Scanning For ADB Devices 71 ms
Native extension for WindowsStandalone target not found
Mono: successfully reloaded assembly
- Finished resetting the current domain, in  0.261 seconds
Domain Reload Profiling: 2656ms
	BeginReloadAssembly (72ms)
		ExecutionOrderSort (0ms)
		DisableScriptedObjects (0ms)
		BackupInstance (0ms)
		ReleaseScriptingObjects (0ms)
		CreateAndSetChildDomain (0ms)
	RebuildCommonClasses (21ms)
	RebuildNativeTypeToScriptingClass (7ms)
	initialDomainReloadingComplete (2206ms)
	LoadAllAssembliesAndSetupDomain (88ms)
		LoadAssemblies (71ms)
		RebuildTransferFunctionScriptingTraits (0ms)
		AnalyzeDomain (86ms)
			TypeCache.Refresh (86ms)
				TypeCache.ScanAssembly (78ms)
			BuildScriptInfoCaches (0ms)
			ResolveRequiredComponents (0ms)
	FinalizeReload (261ms)
		ReleaseScriptCaches (0ms)
		RebuildScriptCaches (0ms)
		SetupLoadedEditorAssemblies (243ms)
			LogAssemblyErrors (0ms)
			InitializePlatformSupportModulesInManaged (117ms)
			SetLoadedEditorAssemblies (2ms)
			BeforeProcessingInitializeOnLoad (31ms)
			ProcessInitializeOnLoadAttributes (60ms)
			ProcessInitializeOnLoadMethodAttributes (32ms)
			AfterProcessingInitializeOnLoad (0ms)
			EditorAssembliesLoaded (0ms)
		ExecutionOrderSort2 (0ms)
		AwakeInstancesAfterBackupRestoration (0ms)
[Licensing::Client] Successfully resolved entitlement details
Application.AssetDatabase Initial Refresh Start
Package Manager log level set to [2]
[Package Manager] Restoring resolved packages state from cache
[Licensing::Client] Successfully resolved entitlement details
[Package Manager] Registered 36 packages:
  Built-in packages:
    com.unity.ugui@2.0.0 (location: E:\Projects\AreaBattle\UnityProject\Library\PackageCache\com.unity.ugui@cec3688a7c38)
    com.unity.multiplayer.center@1.0.0 (location: E:\Projects\AreaBattle\UnityProject\Library\PackageCache\com.unity.multiplayer.center@f3fb577b3546)
    com.unity.modules.accessibility@1.0.0 (location: E:\Projects\AreaBattle\UnityProject\Library\PackageCache\com.unity.modules.accessibility)
    com.unity.modules.ai@1.0.0 (location: E:\Projects\AreaBattle\UnityProject\Library\PackageCache\com.unity.modules.ai)
    com.unity.modules.androidjni@1.0.0 (location: E:\Projects\AreaBattle\UnityProject\Library\PackageCache\com.unity.modules.androidjni)
    com.unity.modules.animation@1.0.0 (location: E:\Projects\AreaBattle\UnityProject\Library\PackageCache\com.unity.modules.animation)
    com.unity.modules.assetbundle@1.0.0 (location: E:\Projects\AreaBattle\UnityProject\Library\PackageCache\com.unity.modules.assetbundle)
    com.unity.modules.audio@1.0.0 (location: E:\Projects\AreaBattle\UnityProject\Library\PackageCache\com.unity.modules.audio)
    com.unity.modules.cloth@1.0.0 (location: E:\Projects\AreaBattle\UnityProject\Library\PackageCache\com.unity.modules.cloth)
    com.unity.modules.director@1.0.0 (location: E:\Projects\AreaBattle\UnityProject\Library\PackageCache\com.unity.modules.director)
    com.unity.modules.imageconversion@1.0.0 (location: E:\Projects\AreaBattle\UnityProject\Library\PackageCache\com.unity.modules.imageconversion)
    com.unity.modules.imgui@1.0.0 (location: E:\Projects\AreaBattle\UnityProject\Library\PackageCache\com.unity.modules.imgui)
    com.unity.modules.jsonserialize@1.0.0 (location: E:\Projects\AreaBattle\UnityProject\Library\PackageCache\com.unity.modules.jsonserialize)
    com.unity.modules.particlesystem@1.0.0 (location: E:\Projects\AreaBattle\UnityProject\Library\PackageCache\com.unity.modules.particlesystem)
    com.unity.modules.physics@1.0.0 (location: E:\Projects\AreaBattle\UnityProject\Library\PackageCache\com.unity.modules.physics)
    com.unity.modules.physics2d@1.0.0 (location: E:\Projects\AreaBattle\UnityProject\Library\PackageCache\com.unity.modules.physics2d)
    com.unity.modules.screencapture@1.0.0 (location: E:\Projects\AreaBattle\UnityProject\Library\PackageCache\com.unity.modules.screencapture)
    com.unity.modules.terrain@1.0.0 (location: E:\Projects\AreaBattle\UnityProject\Library\PackageCache\com.unity.modules.terrain)
    com.unity.modules.terrainphysics@1.0.0 (location: E:\Projects\AreaBattle\UnityProject\Library\PackageCache\com.unity.modules.terrainphysics)
    com.unity.modules.tilemap@1.0.0 (location: E:\Projects\AreaBattle\UnityProject\Library\PackageCache\com.unity.modules.tilemap)
    com.unity.modules.ui@1.0.0 (location: E:\Projects\AreaBattle\UnityProject\Library\PackageCache\com.unity.modules.ui)
    com.unity.modules.uielements@1.0.0 (location: E:\Projects\AreaBattle\UnityProject\Library\PackageCache\com.unity.modules.uielements)
    com.unity.modules.umbra@1.0.0 (location: E:\Projects\AreaBattle\UnityProject\Library\PackageCache\com.unity.modules.umbra)
    com.unity.modules.unityanalytics@1.0.0 (location: E:\Projects\AreaBattle\UnityProject\Library\PackageCache\com.unity.modules.unityanalytics)
    com.unity.modules.unitywebrequest@1.0.0 (location: E:\Projects\AreaBattle\UnityProject\Library\PackageCache\com.unity.modules.unitywebrequest)
    com.unity.modules.unitywebrequestassetbundle@1.0.0 (location: E:\Projects\AreaBattle\UnityProject\Library\PackageCache\com.unity.modules.unitywebrequestassetbundle)
    com.unity.modules.unitywebrequestaudio@1.0.0 (location: E:\Projects\AreaBattle\UnityProject\Library\PackageCache\com.unity.modules.unitywebrequestaudio)
    com.unity.modules.unitywebrequesttexture@1.0.0 (location: E:\Projects\AreaBattle\UnityProject\Library\PackageCache\com.unity.modules.unitywebrequesttexture)
    com.unity.modules.unitywebrequestwww@1.0.0 (location: E:\Projects\AreaBattle\UnityProject\Library\PackageCache\com.unity.modules.unitywebrequestwww)
    com.unity.modules.vehicles@1.0.0 (location: E:\Projects\AreaBattle\UnityProject\Library\PackageCache\com.unity.modules.vehicles)
    com.unity.modules.video@1.0.0 (location: E:\Projects\AreaBattle\UnityProject\Library\PackageCache\com.unity.modules.video)
    com.unity.modules.vr@1.0.0 (location: E:\Projects\AreaBattle\UnityProject\Library\PackageCache\com.unity.modules.vr)
    com.unity.modules.wind@1.0.0 (location: E:\Projects\AreaBattle\UnityProject\Library\PackageCache\com.unity.modules.wind)
    com.unity.modules.xr@1.0.0 (location: E:\Projects\AreaBattle\UnityProject\Library\PackageCache\com.unity.modules.xr)
    com.unity.modules.subsystems@1.0.0 (location: E:\Projects\AreaBattle\UnityProject\Library\PackageCache\com.unity.modules.subsystems)
    com.unity.modules.hierarchycore@1.0.0 (location: E:\Projects\AreaBattle\UnityProject\Library\PackageCache\com.unity.modules.hierarchycore)
[Subsystems] No new subsystems found in resolved package list.
[Package Manager] Done registering packages in 0.03 seconds
[ScriptCompilation] Requested script compilation because: Assetdatabase observed changes in script compilation related files
Starting: C:\Program Files\Unity\Hub\Editor\6000.0.68f1\Editor\Data\bee_backend.exe --ipc --defer-dag-verification --dagfile="Library/Bee/1900b0aE.dag" --continue-on-failure --profile="Library/Bee/backend1.traceevents" ScriptAssemblies
WorkingDir: E:/Projects/AreaBattle/UnityProject
DisplayProgressbar: Compiling Scripts
ExitCode: 0 Duration: 0s185ms
[210/213    0s] Csc Library/Bee/artifacts/1900b0aE.dag/Assembly-CSharp-Editor.dll (+2 others)
[211/213    0s] CopyFiles Library/ScriptAssemblies/Assembly-CSharp-Editor.pdb
[212/213    0s] CopyFiles Library/ScriptAssemblies/Assembly-CSharp-Editor.dll
*** Tundra build success (0.17 seconds), 3 items updated, 213 evaluated
AssetDatabase: script compilation time: 0.450409s
Begin MonoManager ReloadAssembly
- Loaded All Assemblies, in  0.166 seconds
Refreshing native plugins compatible for Editor in 0.00 ms, found 0 plugins.
Native extension for Android target not found
Native extension for WindowsStandalone target not found
Mono: successfully reloaded assembly
- Finished resetting the current domain, in  0.222 seconds
Domain Reload Profiling: 387ms
	BeginReloadAssembly (103ms)
		ExecutionOrderSort (0ms)
		DisableScriptedObjects (7ms)
		BackupInstance (0ms)
		ReleaseScriptingObjects (0ms)
		CreateAndSetChildDomain (17ms)
	RebuildCommonClasses (20ms)
	RebuildNativeTypeToScriptingClass (7ms)
	initialDomainReloadingComplete (12ms)
	LoadAllAssembliesAndSetupDomain (23ms)
		LoadAssemblies (59ms)
		RebuildTransferFunctionScriptingTraits (0ms)
		AnalyzeDomain (19ms)
			TypeCache.Refresh (13ms)
				TypeCache.ScanAssembly (9ms)
			BuildScriptInfoCaches (3ms)
			ResolveRequiredComponents (2ms)
	FinalizeReload (222ms)
		ReleaseScriptCaches (0ms)
		RebuildScriptCaches (0ms)
		SetupLoadedEditorAssemblies (152ms)
			LogAssemblyErrors (0ms)
			InitializePlatformSupportModulesInManaged (14ms)
			SetLoadedEditorAssemblies (2ms)
			BeforeProcessingInitializeOnLoad (57ms)
			ProcessInitializeOnLoadAttributes (63ms)
			ProcessInitializeOnLoadMethodAttributes (12ms)
			AfterProcessingInitializeOnLoad (3ms)
			EditorAssembliesLoaded (0ms)
		ExecutionOrderSort2 (0ms)
		AwakeInstancesAfterBackupRestoration (5ms)
Refreshing native plugins compatible for Editor in 0.00 ms, found 0 plugins.
Preloading 0 native plugins for Editor in 0.00 ms.
Asset Pipeline Refresh (id=068213bbcf2d7234289b106dbb66c53a): Total: 1.033 seconds - Initiated by InitialRefreshV2(ForceSynchronousImport)
	Summary:
		Imports: total=0 (actual=0, local cache=0, cache server=0)
		Asset DB Process Time: managed=0 ms, native=331 ms
		Asset DB Callback time: managed=45 ms, native=32 ms
		Scripting: domain reloads=1, domain reload time=166 ms, compile time=452 ms, other=5 ms
		Project Asset Count: scripts=308, non-scripts=1726
		Asset File Changes: new=0, changed=1, moved=0, deleted=0
		Scan Filter Count: 0
	InvokeCustomDependenciesCallbacks: 0.001ms
	InvokePackagesCallback: 31.423ms
	ApplyChangesToAssetFolders: 0.323ms
	Scan: 54.812ms
	OnSourceAssetsModified: 0.594ms
	CategorizeAssetsWithTransientArtifact: 1.329ms
	ProcessAssetsWithTransientArtifactChanges: 5.813ms
	CategorizeAssets: 7.904ms
	ImportOutOfDateAssets: 223.099ms (-228.878ms without children)
		CompileScripts: 451.532ms
		ReloadNativeAssets: 0.000ms
		UnloadImportedAssets: 0.064ms
		EnsureUptoDateAssetsAreRegisteredWithGuidPM: 0.143ms
		InitializingProgressBar: 0.000ms
		PostProcessAllAssetNotificationsAddChangedAssets: 0.000ms
		OnDemandSchedulerStart: 0.236ms
	PostProcessAllAssets: 46.298ms
	Hotreload: 0.386ms
	GatherAllCurrentPrimaryArtifactRevisions: 0.001ms
	UnloadStreamsBegin: 0.268ms
	PersistCurrentRevisions: 0.046ms
	UnloadStreamsEnd: 0.001ms
	GenerateScriptTypeHashes: 0.654ms
	Untracked: 661.023ms

Application.AssetDatabase Initial Refresh End
Scanning for USB devices : 5.924ms
Initializing Unity extensions:
Assertion failed on expression: 'SUCCEEDED(hr)'
Assertion failed on expression: 'SUCCEEDED(hr)'
Assertion failed on expression: 'ERROR_SUCCESS == status'
[MODES] ModeService[none].Initialize
[MODES] ModeService[none].LoadModes
[MODES] Loading mode Default (0) for mode-current-id-AreaBattle
Curl error 7: Failed to connect to config.uca.cloud.unity3d.com port 443 after 0 ms: Could not connect to server
Unloading 21 Unused Serialized files (Serialized files now loaded: 0)
Unloading 629 unused Assets / (2.3 MB). Loaded Objects now: 1158.
Memory consumption went from 101.9 MB to 99.6 MB.
Total: 3.461400 ms (FindLiveObjects: 0.050500 ms CreateObjectMapping: 0.012600 ms MarkObjects: 2.670000 ms  DeleteObjects: 0.727800 ms)

Asset Pipeline Refresh (id=f48c1d71d1b9b8e4b8ea520b58ef26ca): Total: 0.019 seconds - Initiated by RefreshV2(NoUpdateAssetOptions)
Start importing Assets/AreaBattle/Resources/Recovered/GuideSpine/Textures/CAB-71a96badbcffab7b7451a783f271bc4b_2026805924299331817/YD.png using Guid(04c8c611faa238c4daf9028c4f06ec0a) (TextureImporter) -> (artifact id: '7144806e1d470b86d59763a9afce1998') in 0.0483831 seconds
Refreshing native plugins compatible for Editor in 0.00 ms, found 0 plugins.
Preloading 0 native plugins for Editor in 0.00 ms.
Asset Pipeline Refresh (id=7326bdea568d1ab4eac9f683a6c27117): Total: 0.062 seconds - Initiated by StopAssetImportingV2(NoUpdateAssetOptions)
Start importing Assets/AreaBattle/Resources/Recovered/GuideSpine/Textures/CAB-71a96badbcffab7b7451a783f271bc4b_2026805924299331817/YD.png using Guid(04c8c611faa238c4daf9028c4f06ec0a) (TextureImporter) -> (artifact id: '7144806e1d470b86d59763a9afce1998') in 0.0428557 seconds
Refreshing native plugins compatible for Editor in 0.00 ms, found 0 plugins.
Preloading 0 native plugins for Editor in 0.00 ms.
Asset Pipeline Refresh (id=da52f2606b1a692449ed67d5c8edb2d4): Total: 0.047 seconds - Initiated by StopAssetImportingV2(NoUpdateAssetOptions)
Start importing Assets/AreaBattle/Resources/Recovered/GuideSpine/Spine/CAB-71a96badbcffab7b7451a783f271bc4b_435856469966727484.txt using Guid(416b31bbe4f2653409abae32f1f49b09) (TextScriptImporter) -> (artifact id: '7ae6c84b3c7b665ea6338bb711bc4f75') in 0.0009198 seconds
Refreshing native plugins compatible for Editor in 0.00 ms, found 0 plugins.
Preloading 0 native plugins for Editor in 0.00 ms.
Asset Pipeline Refresh (id=b4b60a51dd85f914fbe27054db82a938): Total: 0.005 seconds - Initiated by StopAssetImportingV2(NoUpdateAssetOptions)
Start importing Assets/AreaBattle/Resources/Recovered/GuideSpine/Textures/CAB-71a96badbcffab7b7451a783f271bc4b_-7791903411662756124/YD_2.png using Guid(3479ad8d8553dbf4a9eaabee610f7fc5) (TextureImporter) -> (artifact id: '9d780a7f3b91ea85c38808d68d885949') in 0.011545 seconds
Refreshing native plugins compatible for Editor in 0.00 ms, found 0 plugins.
Preloading 0 native plugins for Editor in 0.00 ms.
Asset Pipeline Refresh (id=f545e8e5b9332aa478038befd781b316): Total: 0.016 seconds - Initiated by StopAssetImportingV2(NoUpdateAssetOptions)
Start importing Assets/AreaBattle/Resources/Recovered/GuideSpine/Textures/CAB-71a96badbcffab7b7451a783f271bc4b_-7791903411662756124/YD_2.png using Guid(3479ad8d8553dbf4a9eaabee610f7fc5) (TextureImporter) -> (artifact id: '9d780a7f3b91ea85c38808d68d885949') in 0.0107066 seconds
Refreshing native plugins compatible for Editor in 0.00 ms, found 0 plugins.
Preloading 0 native plugins for Editor in 0.00 ms.
Asset Pipeline Refresh (id=df9b35d4bc6f4c34a898d6e108132cc8): Total: 0.015 seconds - Initiated by StopAssetImportingV2(NoUpdateAssetOptions)
Start importing Assets/AreaBattle/Resources/Recovered/GuideSpine/Spine/CAB-71a96badbcffab7b7451a783f271bc4b_5200670246001647623.txt using Guid(fc943b415feb09c43866392db5d9568e) (TextScriptImporter) -> (artifact id: 'a5035b6a37cd47acd2ffa664f485e20a') in 0.0007476 seconds
Refreshing native plugins compatible for Editor in 0.00 ms, found 0 plugins.
Preloading 0 native plugins for Editor in 0.00 ms.
Asset Pipeline Refresh (id=63d6149b421b5b54da1ee2bc5ee9a670): Total: 0.005 seconds - Initiated by StopAssetImportingV2(NoUpdateAssetOptions)
Start importing Assets/AreaBattle/Resources/Recovered/GuideSpine/Meshes/CAB-71a96badbcffab7b7451a783f271bc4b_-2780960743001050164.asset using Guid(7414d633902f4754aa651723b4868d95) (NativeFormatImporter) -> (artifact id: 'ac530c10a0b7277f043abd3ac8dacf60') in 0.0009005 seconds
Refreshing native plugins compatible for Editor in 0.00 ms, found 0 plugins.
Preloading 0 native plugins for Editor in 0.00 ms.
Asset Pipeline Refresh (id=5bf6a40543009b34199ca89a196fb733): Total: 0.005 seconds - Initiated by StopAssetImportingV2(NoUpdateAssetOptions)
Start importing Assets/AreaBattle/Resources/Recovered/GuideSpine/Materials/CAB-71a96badbcffab7b7451a783f271bc4b_-7672899569522605211.mat using Guid(fc641687867d0e545a80a6a58102e6cf) (NativeFormatImporter)Main Object Name 'YD_YD' does not match filename 'CAB-71a96badbcffab7b7451a783f271bc4b_-7672899569522605211'
UnityEngine.Debug:ExtractStackTraceNoAlloc (byte*,int,string)
UnityEngine.StackTraceUtility:ExtractStackTrace ()
UnityEditor.AssetDatabase:ImportAsset (string,UnityEditor.ImportAssetOptions)
AreaBattle.EditorTools.RecoveredGuideSpineImporter:ImportNativeResource (AreaBattle.EditorTools.RecoveredGuideSpineImporter/Resource,string,System.Type) (at Assets/AreaBattle/Editor/RecoveredGuideSpineImporter.cs:128)
AreaBattle.EditorTools.RecoveredGuideSpineImporter:Import () (at Assets/AreaBattle/Editor/RecoveredGuideSpineImporter.cs:65)
AreaBattle.EditorTools.RecoveredHudImporter:ImportManifest (string,string,int,string) (at Assets/AreaBattle/Editor/RecoveredHudImporter.cs:59)
AreaBattle.EditorTools.RecoveredHudImporter:ImportOutgame () (at Assets/AreaBattle/Editor/RecoveredHudImporter.cs:50)
AreaBattle.EditorTools.RecoveredHudImporter:ImportOutgameBatch () (at Assets/AreaBattle/Editor/RecoveredHudImporter.cs:53)

[Assets/AreaBattle/Editor/RecoveredGuideSpineImporter.cs line 128]

 -> (artifact id: 'ddd6bafd0f776b6ccfe5a060788f9ae9') in 0.0011989 seconds
Refreshing native plugins compatible for Editor in 0.00 ms, found 0 plugins.
Preloading 0 native plugins for Editor in 0.00 ms.
Asset Pipeline Refresh (id=60753abf4e48af341ac4474d1dd90c7d): Total: 0.005 seconds - Initiated by StopAssetImportingV2(NoUpdateAssetOptions)
Start importing Assets/AreaBattle/Resources/Recovered/GuideSpine/Materials/CAB-71a96badbcffab7b7451a783f271bc4b_-7572599234430709561.mat using Guid(fed2e73817d751a47a923e0a757d2d05) (NativeFormatImporter)Main Object Name 'YD_YD_2' does not match filename 'CAB-71a96badbcffab7b7451a783f271bc4b_-7572599234430709561'
UnityEngine.Debug:ExtractStackTraceNoAlloc (byte*,int,string)
UnityEngine.StackTraceUtility:ExtractStackTrace ()
UnityEditor.AssetDatabase:ImportAsset (string,UnityEditor.ImportAssetOptions)
AreaBattle.EditorTools.RecoveredGuideSpineImporter:ImportNativeResource (AreaBattle.EditorTools.RecoveredGuideSpineImporter/Resource,string,System.Type) (at Assets/AreaBattle/Editor/RecoveredGuideSpineImporter.cs:128)
AreaBattle.EditorTools.RecoveredGuideSpineImporter:Import () (at Assets/AreaBattle/Editor/RecoveredGuideSpineImporter.cs:65)
AreaBattle.EditorTools.RecoveredHudImporter:ImportManifest (string,string,int,string) (at Assets/AreaBattle/Editor/RecoveredHudImporter.cs:59)
AreaBattle.EditorTools.RecoveredHudImporter:ImportOutgame () (at Assets/AreaBattle/Editor/RecoveredHudImporter.cs:50)
AreaBattle.EditorTools.RecoveredHudImporter:ImportOutgameBatch () (at Assets/AreaBattle/Editor/RecoveredHudImporter.cs:53)

[Assets/AreaBattle/Editor/RecoveredGuideSpineImporter.cs line 128]

 -> (artifact id: '39adc3b7e0fc6ff9640ed38cc0df2929') in 0.0008289 seconds
Refreshing native plugins compatible for Editor in 0.00 ms, found 0 plugins.
Preloading 0 native plugins for Editor in 0.00 ms.
Asset Pipeline Refresh (id=226852eebd29f414a8b7e14b24eef048): Total: 0.004 seconds - Initiated by StopAssetImportingV2(NoUpdateAssetOptions)
Launched and connected shader compiler UnityShaderCompiler.exe after 0.01 seconds
Start importing Assets/AreaBattle/Resources/Recovered/GuideSpine/Spine/CAB-71a96badbcffab7b7451a783f271bc4b_-1778157884270872766.asset using Guid(e5d72c94728ecf94b8781b24c65bead5) (NativeFormatImporter)Main Object Name 'YD_Atlas' does not match filename 'CAB-71a96badbcffab7b7451a783f271bc4b_-1778157884270872766'
UnityEngine.Debug:ExtractStackTraceNoAlloc (byte*,int,string)
UnityEngine.StackTraceUtility:ExtractStackTrace ()
UnityEditor.AssetDatabase:ImportAsset (string,UnityEditor.ImportAssetOptions)
AreaBattle.EditorTools.RecoveredGuideSpineImporter:ImportNativeResource (AreaBattle.EditorTools.RecoveredGuideSpineImporter/Resource,string,System.Type) (at Assets/AreaBattle/Editor/RecoveredGuideSpineImporter.cs:128)
AreaBattle.EditorTools.RecoveredGuideSpineImporter:Import () (at Assets/AreaBattle/Editor/RecoveredGuideSpineImporter.cs:77)
AreaBattle.EditorTools.RecoveredHudImporter:ImportManifest (string,string,int,string) (at Assets/AreaBattle/Editor/RecoveredHudImporter.cs:59)
AreaBattle.EditorTools.RecoveredHudImporter:ImportOutgame () (at Assets/AreaBattle/Editor/RecoveredHudImporter.cs:50)
AreaBattle.EditorTools.RecoveredHudImporter:ImportOutgameBatch () (at Assets/AreaBattle/Editor/RecoveredHudImporter.cs:53)

[Assets/AreaBattle/Editor/RecoveredGuideSpineImporter.cs line 128]

 -> (artifact id: '1c848d1e2bd5d1a9ce3b25dcd41adfa0') in 0.0013191 seconds
Refreshing native plugins compatible for Editor in 0.00 ms, found 0 plugins.
Preloading 0 native plugins for Editor in 0.00 ms.
Asset Pipeline Refresh (id=337e289502d59f3448e2df8ee3b1499f): Total: 0.006 seconds - Initiated by StopAssetImportingV2(NoUpdateAssetOptions)
Refreshing native plugins compatible for Editor in 0.00 ms, found 0 plugins.
Preloading 0 native plugins for Editor in 0.00 ms.
Asset Pipeline Refresh (id=b229c79ca446e0c429dcaef80a330551): Total: 0.004 seconds - Initiated by StopAssetImportingV2(NoUpdateAssetOptions)
Start importing Assets/AreaBattle/Resources/Recovered/GuideSpine/Spine/CAB-71a96badbcffab7b7451a783f271bc4b_5262709187943515980.asset using Guid(e7401860532b0eb4d935e048f849e34f) (NativeFormatImporter)Main Object Name 'YD_SkeletonData' does not match filename 'CAB-71a96badbcffab7b7451a783f271bc4b_5262709187943515980'
UnityEngine.Debug:ExtractStackTraceNoAlloc (byte*,int,string)
UnityEngine.StackTraceUtility:ExtractStackTrace ()
UnityEditor.AssetDatabase:ImportAsset (string,UnityEditor.ImportAssetOptions)
AreaBattle.EditorTools.RecoveredGuideSpineImporter:ImportNativeResource (AreaBattle.EditorTools.RecoveredGuideSpineImporter/Resource,string,System.Type) (at Assets/AreaBattle/Editor/RecoveredGuideSpineImporter.cs:128)
AreaBattle.EditorTools.RecoveredGuideSpineImporter:Import () (at Assets/AreaBattle/Editor/RecoveredGuideSpineImporter.cs:77)
AreaBattle.EditorTools.RecoveredHudImporter:ImportManifest (string,string,int,string) (at Assets/AreaBattle/Editor/RecoveredHudImporter.cs:59)
AreaBattle.EditorTools.RecoveredHudImporter:ImportOutgame () (at Assets/AreaBattle/Editor/RecoveredHudImporter.cs:50)
AreaBattle.EditorTools.RecoveredHudImporter:ImportOutgameBatch () (at Assets/AreaBattle/Editor/RecoveredHudImporter.cs:53)

[Assets/AreaBattle/Editor/RecoveredGuideSpineImporter.cs line 128]

 -> (artifact id: '84e82761e1a71c03efc5053900db5e8d') in 0.0014178 seconds
Refreshing native plugins compatible for Editor in 0.00 ms, found 0 plugins.
Preloading 0 native plugins for Editor in 0.00 ms.
Asset Pipeline Refresh (id=a5649e03be39fad4da55b1846bae1f80): Total: 0.005 seconds - Initiated by StopAssetImportingV2(NoUpdateAssetOptions)
Refreshing native plugins compatible for Editor in 0.00 ms, found 0 plugins.
Preloading 0 native plugins for Editor in 0.00 ms.
Asset Pipeline Refresh (id=dcadb1255e84cad43b2fa6d3ea1b3ee7): Total: 0.004 seconds - Initiated by StopAssetImportingV2(NoUpdateAssetOptions)
Start importing Assets/AreaBattle/Resources/Recovered/GuideSpine/YD_0.prefab using Guid(aaea5a43043e33644ad6a203858e23f4) (PrefabImporter) -> (artifact id: '04bbb4b9b6e4cefbc63ae43c9ba56858') in 0.0034252 seconds
Refreshing native plugins compatible for Editor in 0.00 ms, found 0 plugins.
Preloading 0 native plugins for Editor in 0.00 ms.
Asset Pipeline Refresh (id=a4534e7518a10ff4ebbde5f27254a077): Total: 0.008 seconds - Initiated by StopAssetImportingV2(NoUpdateAssetOptions)
ConsistencyChecker - guid: aaea5a43043e33644ad6a203858e23f4, dependenciesHash.value: 4959ef41442e846ab5bb32d971216e6d, artifactid: 04bbb4b9b6e4cefbc63ae43c9ba56858, producedFiles[0].extension: , producedFiles[0].contentHash: 0ab9e8c5e5390f76c183630612bbc88a
ConsistencyChecker - guid: aaea5a43043e33644ad6a203858e23f4, dependenciesHash.value: 4959ef41442e846ab5bb32d971216e6d, artifactid: 86f2c2be509966b8ecebcfe0f49d9241, producedFiles[0].extension: , producedFiles[0].contentHash: 37690ccc415a682ebecc9bc4be7d97aa
Importer(PrefabImporter) generated inconsistent result for asset(guid:aaea5a43043e33644ad6a203858e23f4) "Assets/AreaBattle/Resources/Recovered/GuideSpine/YD_0.prefab"
UnityEngine.Debug:ExtractStackTraceNoAlloc (byte*,int,string)
UnityEngine.StackTraceUtility:ExtractStackTrace ()
UnityEditor.AssetDatabase:ImportAsset (string,UnityEditor.ImportAssetOptions)
AreaBattle.EditorTools.RecoveredGuideSpineImporter:Import () (at Assets/AreaBattle/Editor/RecoveredGuideSpineImporter.cs:83)
AreaBattle.EditorTools.RecoveredHudImporter:ImportManifest (string,string,int,string) (at Assets/AreaBattle/Editor/RecoveredHudImporter.cs:59)
AreaBattle.EditorTools.RecoveredHudImporter:ImportOutgame () (at Assets/AreaBattle/Editor/RecoveredHudImporter.cs:50)
AreaBattle.EditorTools.RecoveredHudImporter:ImportOutgameBatch () (at Assets/AreaBattle/Editor/RecoveredHudImporter.cs:53)

[Assets/AreaBattle/Editor/RecoveredGuideSpineImporter.cs line 83]

Start importing Assets/AreaBattle/Resources/Recovered/GuideSpine/YD_0.prefab using Guid(aaea5a43043e33644ad6a203858e23f4) (PrefabImporter) -> (artifact id: '04bbb4b9b6e4cefbc63ae43c9ba56858') in 0.001257 seconds
Refreshing native plugins compatible for Editor in 0.00 ms, found 0 plugins.
Preloading 0 native plugins for Editor in 0.00 ms.
Asset Pipeline Refresh (id=13a6dc4252a286843a24f65bf65a85c0): Total: 0.006 seconds - Initiated by StopAssetImportingV2(NoUpdateAssetOptions)
ConsistencyChecker - guid: aaea5a43043e33644ad6a203858e23f4, dependenciesHash.value: 4959ef41442e846ab5bb32d971216e6d, artifactid: 04bbb4b9b6e4cefbc63ae43c9ba56858, producedFiles[0].extension: , producedFiles[0].contentHash: 0ab9e8c5e5390f76c183630612bbc88a
ConsistencyChecker - guid: aaea5a43043e33644ad6a203858e23f4, dependenciesHash.value: 4959ef41442e846ab5bb32d971216e6d, artifactid: 86f2c2be509966b8ecebcfe0f49d9241, producedFiles[0].extension: , producedFiles[0].contentHash: 37690ccc415a682ebecc9bc4be7d97aa
Importer(PrefabImporter) generated inconsistent result for asset(guid:aaea5a43043e33644ad6a203858e23f4) "Assets/AreaBattle/Resources/Recovered/GuideSpine/YD_0.prefab"
UnityEngine.Debug:ExtractStackTraceNoAlloc (byte*,int,string)
UnityEngine.StackTraceUtility:ExtractStackTrace ()
UnityEditor.AssetDatabase:ImportAsset (string,UnityEditor.ImportAssetOptions)
UnityEditor.AssetDatabase:ImportAsset (string)
UnityEditor.AssetImporter:SaveAndReimport ()
AreaBattle.EditorTools.RecoveredGuideSpineImporter:Import () (at Assets/AreaBattle/Editor/RecoveredGuideSpineImporter.cs:102)
AreaBattle.EditorTools.RecoveredHudImporter:ImportManifest (string,string,int,string) (at Assets/AreaBattle/Editor/RecoveredHudImporter.cs:59)
AreaBattle.EditorTools.RecoveredHudImporter:ImportOutgame () (at Assets/AreaBattle/Editor/RecoveredHudImporter.cs:50)
AreaBattle.EditorTools.RecoveredHudImporter:ImportOutgameBatch () (at Assets/AreaBattle/Editor/RecoveredHudImporter.cs:53)

[Assets/AreaBattle/Editor/RecoveredGuideSpineImporter.cs line 102]

Asset Pipeline Refresh (id=09ebfb72a1b116a4ca8acc6baedc6540): Total: 0.003 seconds - Initiated by RefreshV2(NoUpdateAssetOptions)
Start importing Assets/AreaBattle/Resources/Recovered/Outgame/Sprites/CAB-68a3634b9a99c5a2a10a36b772e4e945_-2500702643996213034.png using Guid(6a27ed5ae9a4a394aa994741a97a4e5f) (TextureImporter) -> (artifact id: '2189d22f62cf9d9e1210d24a14ea174c') in 0.0024351 seconds
Refreshing native plugins compatible for Editor in 0.00 ms, found 0 plugins.
Preloading 0 native plugins for Editor in 0.00 ms.
Asset Pipeline Refresh (id=f0faa6a0c4849b44da31a5edfd8c578a): Total: 0.006 seconds - Initiated by StopAssetImportingV2(NoUpdateAssetOptions)
Start importing Assets/AreaBattle/Resources/Recovered/Outgame/Sprites/CAB-68a3634b9a99c5a2a10a36b772e4e945_-2500702643996213034.png using Guid(6a27ed5ae9a4a394aa994741a97a4e5f) (TextureImporter) -> (artifact id: '2189d22f62cf9d9e1210d24a14ea174c') in 0.0021516 seconds
Refreshing native plugins compatible for Editor in 0.00 ms, found 0 plugins.
Preloading 0 native plugins for Editor in 0.00 ms.
Asset Pipeline Refresh (id=09606a94fe6bfbb4eb671dd35445de5f): Total: 0.006 seconds - Initiated by StopAssetImportingV2(NoUpdateAssetOptions)
Start importing Assets/AreaBattle/Resources/Recovered/Outgame/Sprites/CAB-68a3634b9a99c5a2a10a36b772e4e945_3968329229193633682.png using Guid(6c3a72709d2843944a264f0fd135dbae) (TextureImporter) -> (artifact id: '81684200ec5fff71acbee6f7cad5014a') in 0.0019958 seconds
Refreshing native plugins compatible for Editor in 0.00 ms, found 0 plugins.
Preloading 0 native plugins for Editor in 0.00 ms.
Asset Pipeline Refresh (id=71906cded5de1514db3333ab2fa10d9e): Total: 0.006 seconds - Initiated by StopAssetImportingV2(NoUpdateAssetOptions)
Start importing Assets/AreaBattle/Resources/Recovered/Outgame/Sprites/CAB-68a3634b9a99c5a2a10a36b772e4e945_3968329229193633682.png using Guid(6c3a72709d2843944a264f0fd135dbae) (TextureImporter) -> (artifact id: '81684200ec5fff71acbee6f7cad5014a') in 0.0017643 seconds
Refreshing native plugins compatible for Editor in 0.00 ms, found 0 plugins.
Preloading 0 native plugins for Editor in 0.00 ms.
Asset Pipeline Refresh (id=602511630f0468245ac8fe785bc8b020): Total: 0.006 seconds - Initiated by StopAssetImportingV2(NoUpdateAssetOptions)
Start importing Assets/AreaBattle/Resources/Recovered/Outgame/Sprites/CAB-68a3634b9a99c5a2a10a36b772e4e945_-2067149362258942805.png using Guid(e711758b780e18448adec3fb35eaa505) (TextureImporter) -> (artifact id: '650b48ce78dcc2f298b427aea26b1d0a') in 0.0010606 seconds
Refreshing native plugins compatible for Editor in 0.00 ms, found 0 plugins.
Preloading 0 native plugins for Editor in 0.00 ms.
Asset Pipeline Refresh (id=3fc8ab2d90494224e8329fe28d32ccca): Total: 0.005 seconds - Initiated by StopAssetImportingV2(NoUpdateAssetOptions)
Start importing Assets/AreaBattle/Resources/Recovered/Outgame/Sprites/CAB-68a3634b9a99c5a2a10a36b772e4e945_-2067149362258942805.png using Guid(e711758b780e18448adec3fb35eaa505) (TextureImporter) -> (artifact id: '650b48ce78dcc2f298b427aea26b1d0a') in 0.0011555 seconds
Refreshing native plugins compatible for Editor in 0.00 ms, found 0 plugins.
Preloading 0 native plugins for Editor in 0.00 ms.
Asset Pipeline Refresh (id=826d8fa13d298444199bdbd7a47705cf): Total: 0.005 seconds - Initiated by StopAssetImportingV2(NoUpdateAssetOptions)
Start importing Assets/AreaBattle/Resources/Recovered/Outgame/Sprites/CAB-68a3634b9a99c5a2a10a36b772e4e945_3841003378664186752.png using Guid(dc24b4962dcfbd446a77de7c97348bd4) (TextureImporter) -> (artifact id: '48780201a4e59c3cb7a7a83d3278db6e') in 0.0021181 seconds
Refreshing native plugins compatible for Editor in 0.00 ms, found 0 plugins.
Preloading 0 native plugins for Editor in 0.00 ms.
Asset Pipeline Refresh (id=aee27feb332360046bb033311ace95d1): Total: 0.006 seconds - Initiated by StopAssetImportingV2(NoUpdateAssetOptions)
Start importing Assets/AreaBattle/Resources/Recovered/Outgame/Sprites/CAB-68a3634b9a99c5a2a10a36b772e4e945_3841003378664186752.png using Guid(dc24b4962dcfbd446a77de7c97348bd4) (TextureImporter) -> (artifact id: '48780201a4e59c3cb7a7a83d3278db6e') in 0.0020073 seconds
Refreshing native plugins compatible for Editor in 0.00 ms, found 0 plugins.
Preloading 0 native plugins for Editor in 0.00 ms.
Asset Pipeline Refresh (id=c411cd9463bfc384ca7ac3a8bd2db24e): Total: 0.006 seconds - Initiated by StopAssetImportingV2(NoUpdateAssetOptions)
Start importing Assets/AreaBattle/Resources/Recovered/Outgame/Sprites/CAB-68a3634b9a99c5a2a10a36b772e4e945_5809055256516255449.png using Guid(44cb0fb4dbee0a04182511b0daf4d7df) (TextureImporter) -> (artifact id: 'ef9a3e298c8ed5d740a3e5d1d79c8685') in 0.0025075 seconds
Refreshing native plugins compatible for Editor in 0.00 ms, found 0 plugins.
Preloading 0 native plugins for Editor in 0.00 ms.
Asset Pipeline Refresh (id=4b6a726a1a875384d9e5e62acea290d8): Total: 0.006 seconds - Initiated by StopAssetImportingV2(NoUpdateAssetOptions)
Start importing Assets/AreaBattle/Resources/Recovered/Outgame/Sprites/CAB-68a3634b9a99c5a2a10a36b772e4e945_5809055256516255449.png using Guid(44cb0fb4dbee0a04182511b0daf4d7df) (TextureImporter) -> (artifact id: 'ef9a3e298c8ed5d740a3e5d1d79c8685') in 0.0023535 seconds
Refreshing native plugins compatible for Editor in 0.00 ms, found 0 plugins.
Preloading 0 native plugins for Editor in 0.00 ms.
Asset Pipeline Refresh (id=e36a84e7c25a76a488262ca383ac73c5): Total: 0.006 seconds - Initiated by StopAssetImportingV2(NoUpdateAssetOptions)
Start importing Assets/AreaBattle/Resources/Recovered/Outgame/Sprites/CAB-68a3634b9a99c5a2a10a36b772e4e945_1741807505282529980.png using Guid(80e8de1547cbc8142ad18f24dc464f4b) (TextureImporter) -> (artifact id: '3b8420141f1d4f480e7ed48c26d2bc76') in 0.0021844 seconds
Refreshing native plugins compatible for Editor in 0.00 ms, found 0 plugins.
Preloading 0 native plugins for Editor in 0.00 ms.
Asset Pipeline Refresh (id=88001c51e1faa6144820b7eef63660a8): Total: 0.006 seconds - Initiated by StopAssetImportingV2(NoUpdateAssetOptions)
Start importing Assets/AreaBattle/Resources/Recovered/Outgame/Sprites/CAB-68a3634b9a99c5a2a10a36b772e4e945_1741807505282529980.png using Guid(80e8de1547cbc8142ad18f24dc464f4b) (TextureImporter) -> (artifact id: '3b8420141f1d4f480e7ed48c26d2bc76') in 0.0021316 seconds
Refreshing native plugins compatible for Editor in 0.00 ms, found 0 plugins.
Preloading 0 native plugins for Editor in 0.00 ms.
Asset Pipeline Refresh (id=6b6055b826f5fe049905d533ef675454): Total: 0.006 seconds - Initiated by StopAssetImportingV2(NoUpdateAssetOptions)
Start importing Assets/AreaBattle/Resources/Recovered/Outgame/Sprites/CAB-68a3634b9a99c5a2a10a36b772e4e945_-4555403145378848948.png using Guid(e6c9b1f4237d24142abfd997931cd6b8) (TextureImporter) -> (artifact id: 'fbcec8b3b80768427a29601589b07ade') in 0.0034065 seconds
Refreshing native plugins compatible for Editor in 0.00 ms, found 0 plugins.
Preloading 0 native plugins for Editor in 0.00 ms.
Asset Pipeline Refresh (id=a7539bfc76b98d6489e806787686532c): Total: 0.007 seconds - Initiated by StopAssetImportingV2(NoUpdateAssetOptions)
Start importing Assets/AreaBattle/Resources/Recovered/Outgame/Sprites/CAB-68a3634b9a99c5a2a10a36b772e4e945_-4555403145378848948.png using Guid(e6c9b1f4237d24142abfd997931cd6b8) (TextureImporter) -> (artifact id: 'fbcec8b3b80768427a29601589b07ade') in 0.0033072 seconds
Refreshing native plugins compatible for Editor in 0.00 ms, found 0 plugins.
Preloading 0 native plugins for Editor in 0.00 ms.
Asset Pipeline Refresh (id=dbeaea84b21eb1845a89638f3f202677): Total: 0.007 seconds - Initiated by StopAssetImportingV2(NoUpdateAssetOptions)
Start importing Assets/AreaBattle/Resources/Recovered/Outgame/Sprites/CAB-68a3634b9a99c5a2a10a36b772e4e945_7575154139968864438.png using Guid(4bb6ee8e6191dcc41a9230f75182c429) (TextureImporter) -> (artifact id: '673761a90b1ad6b9e9ee18ccdc6ed0d4') in 0.0009202 seconds
Refreshing native plugins compatible for Editor in 0.00 ms, found 0 plugins.
Preloading 0 native plugins for Editor in 0.00 ms.
Asset Pipeline Refresh (id=d91bd61a1467ca9448b70d28b7d7c424): Total: 0.004 seconds - Initiated by StopAssetImportingV2(NoUpdateAssetOptions)
Start importing Assets/AreaBattle/Resources/Recovered/Outgame/Sprites/CAB-68a3634b9a99c5a2a10a36b772e4e945_7575154139968864438.png using Guid(4bb6ee8e6191dcc41a9230f75182c429) (TextureImporter) -> (artifact id: '673761a90b1ad6b9e9ee18ccdc6ed0d4') in 0.0009876 seconds
Refreshing native plugins compatible for Editor in 0.00 ms, found 0 plugins.
Preloading 0 native plugins for Editor in 0.00 ms.
Asset Pipeline Refresh (id=096c041bf48d5a24b980e2c41988f019): Total: 0.005 seconds - Initiated by StopAssetImportingV2(NoUpdateAssetOptions)
Start importing Assets/AreaBattle/Resources/Recovered/Outgame/Sprites/CAB-68a3634b9a99c5a2a10a36b772e4e945_-1876091071912420819.png using Guid(d9d0d3d08ef27474b9cb78829271b465) (TextureImporter) -> (artifact id: 'a1c0de72f8b4656abcda4b80cbffbfc3') in 0.0031497 seconds
Refreshing native plugins compatible for Editor in 0.00 ms, found 0 plugins.
Preloading 0 native plugins for Editor in 0.00 ms.
Asset Pipeline Refresh (id=2eef56b878fc4ee46a3a7254d1859e27): Total: 0.007 seconds - Initiated by StopAssetImportingV2(NoUpdateAssetOptions)
Start importing Assets/AreaBattle/Resources/Recovered/Outgame/Sprites/CAB-68a3634b9a99c5a2a10a36b772e4e945_-1876091071912420819.png using Guid(d9d0d3d08ef27474b9cb78829271b465) (TextureImporter) -> (artifact id: 'a1c0de72f8b4656abcda4b80cbffbfc3') in 0.0032864 seconds
Refreshing native plugins compatible for Editor in 0.00 ms, found 0 plugins.
Preloading 0 native plugins for Editor in 0.00 ms.
Asset Pipeline Refresh (id=a4b0561f62a091c44ba0febcd368d220): Total: 0.007 seconds - Initiated by StopAssetImportingV2(NoUpdateAssetOptions)
Start importing Assets/AreaBattle/Resources/Recovered/Outgame/Sprites/CAB-68a3634b9a99c5a2a10a36b772e4e945_-4054470188740975855.png using Guid(ad35257821fe897459fae513cb5fb990) (TextureImporter) -> (artifact id: '65144fe8e17e03c95ad30a666828e4f4') in 0.0034414 seconds
Refreshing native plugins compatible for Editor in 0.00 ms, found 0 plugins.
Preloading 0 native plugins for Editor in 0.00 ms.
Asset Pipeline Refresh (id=33de859a5691118498bc653641feba53): Total: 0.007 seconds - Initiated by StopAssetImportingV2(NoUpdateAssetOptions)
Start importing Assets/AreaBattle/Resources/Recovered/Outgame/Sprites/CAB-68a3634b9a99c5a2a10a36b772e4e945_-4054470188740975855.png using Guid(ad35257821fe897459fae513cb5fb990) (TextureImporter) -> (artifact id: '65144fe8e17e03c95ad30a666828e4f4') in 0.0033458 seconds
Refreshing native plugins compatible for Editor in 0.00 ms, found 0 plugins.
Preloading 0 native plugins for Editor in 0.00 ms.
Asset Pipeline Refresh (id=ee87b8d792794fe49aa0474ee99b5efa): Total: 0.007 seconds - Initiated by StopAssetImportingV2(NoUpdateAssetOptions)
Start importing Assets/AreaBattle/Resources/Recovered/Outgame/Sprites/CAB-68a3634b9a99c5a2a10a36b772e4e945_378598764773864009.png using Guid(ead37ab5e5ec39541854fb9b39502346) (TextureImporter) -> (artifact id: '3c60502b15fd797236624c6895e4ebcb') in 0.0021741 seconds
Refreshing native plugins compatible for Editor in 0.00 ms, found 0 plugins.
Preloading 0 native plugins for Editor in 0.00 ms.
Asset Pipeline Refresh (id=52989b0b262cc7a47921f88757bf6cd6): Total: 0.006 seconds - Initiated by StopAssetImportingV2(NoUpdateAssetOptions)
Start importing Assets/AreaBattle/Resources/Recovered/Outgame/Sprites/CAB-68a3634b9a99c5a2a10a36b772e4e945_378598764773864009.png using Guid(ead37ab5e5ec39541854fb9b39502346) (TextureImporter) -> (artifact id: '3c60502b15fd797236624c6895e4ebcb') in 0.0020046 seconds
Refreshing native plugins compatible for Editor in 0.00 ms, found 0 plugins.
Preloading 0 native plugins for Editor in 0.00 ms.
Asset Pipeline Refresh (id=b28c0d94021f4884889067d5072a822f): Total: 0.006 seconds - Initiated by StopAssetImportingV2(NoUpdateAssetOptions)
Start importing Assets/AreaBattle/Resources/Recovered/Outgame/Sprites/CAB-68a3634b9a99c5a2a10a36b772e4e945_2593015141329605810.png using Guid(3afd4f14c83835e47a81485f9b712d48) (TextureImporter) -> (artifact id: 'c21e63d142c8912ba7d82eb329706712') in 0.0019928 seconds
Refreshing native plugins compatible for Editor in 0.00 ms, found 0 plugins.
Preloading 0 native plugins for Editor in 0.00 ms.
Asset Pipeline Refresh (id=967da3296944b4a4abe2a314262a48da): Total: 0.006 seconds - Initiated by StopAssetImportingV2(NoUpdateAssetOptions)
Start importing Assets/AreaBattle/Resources/Recovered/Outgame/Sprites/CAB-68a3634b9a99c5a2a10a36b772e4e945_2593015141329605810.png using Guid(3afd4f14c83835e47a81485f9b712d48) (TextureImporter) -> (artifact id: 'c21e63d142c8912ba7d82eb329706712') in 0.0018114 seconds
Refreshing native plugins compatible for Editor in 0.00 ms, found 0 plugins.
Preloading 0 native plugins for Editor in 0.00 ms.
Asset Pipeline Refresh (id=073fcc4aeb2c18f4fafb2c9c71afed03): Total: 0.005 seconds - Initiated by StopAssetImportingV2(NoUpdateAssetOptions)
Start importing Assets/AreaBattle/Resources/Recovered/Outgame/Sprites/CAB-68a3634b9a99c5a2a10a36b772e4e945_3241266111665667693.png using Guid(4f72d5c178410144580b1239d2753799) (TextureImporter) -> (artifact id: '0be9d2c05a605b497143606aacca6c28') in 0.0008946 seconds
Refreshing native plugins compatible for Editor in 0.00 ms, found 0 plugins.
Preloading 0 native plugins for Editor in 0.00 ms.
Asset Pipeline Refresh (id=9366e1deb18ce29488e160ce04dce5e9): Total: 0.004 seconds - Initiated by StopAssetImportingV2(NoUpdateAssetOptions)
Start importing Assets/AreaBattle/Resources/Recovered/Outgame/Sprites/CAB-68a3634b9a99c5a2a10a36b772e4e945_3241266111665667693.png using Guid(4f72d5c178410144580b1239d2753799) (TextureImporter) -> (artifact id: '0be9d2c05a605b497143606aacca6c28') in 0.0009078 seconds
Refreshing native plugins compatible for Editor in 0.00 ms, found 0 plugins.
Preloading 0 native plugins for Editor in 0.00 ms.
Asset Pipeline Refresh (id=7d96e01ba051ae449ac97bb75a2a6a3b): Total: 0.005 seconds - Initiated by StopAssetImportingV2(NoUpdateAssetOptions)
Start importing Assets/AreaBattle/Resources/Recovered/Outgame/Sprites/CAB-68a3634b9a99c5a2a10a36b772e4e945_378101818839556220.png using Guid(8514b3d72fde63e4aa339f0972d6af87) (TextureImporter) -> (artifact id: 'ceefa7c3023e24d72d06cbf77a0614f2') in 0.0011737 seconds
Refreshing native plugins compatible for Editor in 0.00 ms, found 0 plugins.
Preloading 0 native plugins for Editor in 0.00 ms.
Asset Pipeline Refresh (id=4e90e647d301bfb4d85d0f8817bb9a51): Total: 0.005 seconds - Initiated by StopAssetImportingV2(NoUpdateAssetOptions)
Start importing Assets/AreaBattle/Resources/Recovered/Outgame/Sprites/CAB-68a3634b9a99c5a2a10a36b772e4e945_378101818839556220.png using Guid(8514b3d72fde63e4aa339f0972d6af87) (TextureImporter) -> (artifact id: 'ceefa7c3023e24d72d06cbf77a0614f2') in 0.0012215 seconds
Refreshing native plugins compatible for Editor in 0.00 ms, found 0 plugins.
Preloading 0 native plugins for Editor in 0.00 ms.
Asset Pipeline Refresh (id=a5c9a23f959aace4d9757c1b27b4ae97): Total: 0.005 seconds - Initiated by StopAssetImportingV2(NoUpdateAssetOptions)
Start importing Assets/AreaBattle/Resources/Recovered/Outgame/Sprites/CAB-68a3634b9a99c5a2a10a36b772e4e945_5450819786949168930.png using Guid(89e6337e2026ceb4091fd71e73795da6) (TextureImporter) -> (artifact id: '68fa9ecb4f94442065b9c93619a037cc') in 0.002061 seconds
Refreshing native plugins compatible for Editor in 0.00 ms, found 0 plugins.
Preloading 0 native plugins for Editor in 0.00 ms.
Asset Pipeline Refresh (id=c7e67fa1846ab38449c59ccd036b742b): Total: 0.006 seconds - Initiated by StopAssetImportingV2(NoUpdateAssetOptions)
Start importing Assets/AreaBattle/Resources/Recovered/Outgame/Sprites/CAB-68a3634b9a99c5a2a10a36b772e4e945_5450819786949168930.png using Guid(89e6337e2026ceb4091fd71e73795da6) (TextureImporter) -> (artifact id: '68fa9ecb4f94442065b9c93619a037cc') in 0.0019732 seconds
Refreshing native plugins compatible for Editor in 0.00 ms, found 0 plugins.
Preloading 0 native plugins for Editor in 0.00 ms.
Asset Pipeline Refresh (id=db88a6afe96f1f344a6270d99db442aa): Total: 0.006 seconds - Initiated by StopAssetImportingV2(NoUpdateAssetOptions)
Start importing Assets/AreaBattle/Resources/Recovered/Outgame/Sprites/CAB-68a3634b9a99c5a2a10a36b772e4e945_-7659324119193471886.png using Guid(fb97081e1698cef40884228bb20f98d2) (TextureImporter) -> (artifact id: '279f8a754026fa54a500a9aed04103b4') in 0.0021812 seconds
Refreshing native plugins compatible for Editor in 0.00 ms, found 0 plugins.
Preloading 0 native plugins for Editor in 0.00 ms.
Asset Pipeline Refresh (id=bc10d98d404f8f64eaa2ee875eb03a26): Total: 0.006 seconds - Initiated by StopAssetImportingV2(NoUpdateAssetOptions)
Start importing Assets/AreaBattle/Resources/Recovered/Outgame/Sprites/CAB-68a3634b9a99c5a2a10a36b772e4e945_-7659324119193471886.png using Guid(fb97081e1698cef40884228bb20f98d2) (TextureImporter) -> (artifact id: '279f8a754026fa54a500a9aed04103b4') in 0.0020327 seconds
Refreshing native plugins compatible for Editor in 0.00 ms, found 0 plugins.
Preloading 0 native plugins for Editor in 0.00 ms.
Asset Pipeline Refresh (id=9ea26ad408a035d42b48ac947ac3f2fc): Total: 0.006 seconds - Initiated by StopAssetImportingV2(NoUpdateAssetOptions)
Start importing Assets/AreaBattle/Resources/Recovered/Outgame/Sprites/CAB-68a3634b9a99c5a2a10a36b772e4e945_864233670361447348.png using Guid(97d27ff6db0fdf44098bf8f2aa476e4f) (TextureImporter) -> (artifact id: '3bb89afa82bce55e273c701bf4f57b0e') in 0.0020269 seconds
Refreshing native plugins compatible for Editor in 0.00 ms, found 0 plugins.
Preloading 0 native plugins for Editor in 0.00 ms.
Asset Pipeline Refresh (id=0f2564b82cd7de742a13af17096f3242): Total: 0.005 seconds - Initiated by StopAssetImportingV2(NoUpdateAssetOptions)
Start importing Assets/AreaBattle/Resources/Recovered/Outgame/Sprites/CAB-68a3634b9a99c5a2a10a36b772e4e945_864233670361447348.png using Guid(97d27ff6db0fdf44098bf8f2aa476e4f) (TextureImporter) -> (artifact id: '3bb89afa82bce55e273c701bf4f57b0e') in 0.0018521 seconds
Refreshing native plugins compatible for Editor in 0.00 ms, found 0 plugins.
Preloading 0 native plugins for Editor in 0.00 ms.
Asset Pipeline Refresh (id=d00c4c3d3908d9e45945775716e93465): Total: 0.006 seconds - Initiated by StopAssetImportingV2(NoUpdateAssetOptions)
Start importing Assets/AreaBattle/Resources/Recovered/Outgame/Sprites/CAB-68a3634b9a99c5a2a10a36b772e4e945_-215119349402305133.png using Guid(97b49e663d973bd42879800b094ee697) (TextureImporter) -> (artifact id: '37de2e76e4853fe67a028cdf5008adf6') in 0.0021037 seconds
Refreshing native plugins compatible for Editor in 0.00 ms, found 0 plugins.
Preloading 0 native plugins for Editor in 0.00 ms.
Asset Pipeline Refresh (id=b0324017f49b754408aa38687d8b7a8b): Total: 0.006 seconds - Initiated by StopAssetImportingV2(NoUpdateAssetOptions)
Start importing Assets/AreaBattle/Resources/Recovered/Outgame/Sprites/CAB-68a3634b9a99c5a2a10a36b772e4e945_-215119349402305133.png using Guid(97b49e663d973bd42879800b094ee697) (TextureImporter) -> (artifact id: '37de2e76e4853fe67a028cdf5008adf6') in 0.0020896 seconds
Refreshing native plugins compatible for Editor in 0.00 ms, found 0 plugins.
Preloading 0 native plugins for Editor in 0.00 ms.
Asset Pipeline Refresh (id=02ee7a8648a08ce43a9d2aaa04b4b861): Total: 0.006 seconds - Initiated by StopAssetImportingV2(NoUpdateAssetOptions)
Start importing Assets/AreaBattle/Resources/Recovered/Outgame/Sprites/CAB-68a3634b9a99c5a2a10a36b772e4e945_3721505923199446787.png using Guid(ac7649d1dc5eeea4093595bd06c170e5) (TextureImporter) -> (artifact id: 'cc0f970cb1528e8fc4a0118ae988d6ab') in 0.0016026 seconds
Refreshing native plugins compatible for Editor in 0.00 ms, found 0 plugins.
Preloading 0 native plugins for Editor in 0.00 ms.
Asset Pipeline Refresh (id=946b6a9149cb331488787f2d049d307f): Total: 0.005 seconds - Initiated by StopAssetImportingV2(NoUpdateAssetOptions)
Start importing Assets/AreaBattle/Resources/Recovered/Outgame/Sprites/CAB-68a3634b9a99c5a2a10a36b772e4e945_3721505923199446787.png using Guid(ac7649d1dc5eeea4093595bd06c170e5) (TextureImporter) -> (artifact id: 'cc0f970cb1528e8fc4a0118ae988d6ab') in 0.001556 seconds
Refreshing native plugins compatible for Editor in 0.00 ms, found 0 plugins.
Preloading 0 native plugins for Editor in 0.00 ms.
Asset Pipeline Refresh (id=2478f7aa8e2a71447bb5161a8970ae61): Total: 0.005 seconds - Initiated by StopAssetImportingV2(NoUpdateAssetOptions)
Start importing Assets/AreaBattle/Resources/Recovered/Outgame/Sprites/CAB-68a3634b9a99c5a2a10a36b772e4e945_6036933308872373937.png using Guid(06d5cba077ba66b469b36dedf10853fb) (TextureImporter) -> (artifact id: '90b19a593cb53ce08165d285b9de625a') in 0.0017078 seconds
Refreshing native plugins compatible for Editor in 0.00 ms, found 0 plugins.
Preloading 0 native plugins for Editor in 0.00 ms.
Asset Pipeline Refresh (id=8fe613d21ef9bfd478646ac8689aa65b): Total: 0.005 seconds - Initiated by StopAssetImportingV2(NoUpdateAssetOptions)
Start importing Assets/AreaBattle/Resources/Recovered/Outgame/Sprites/CAB-68a3634b9a99c5a2a10a36b772e4e945_6036933308872373937.png using Guid(06d5cba077ba66b469b36dedf10853fb) (TextureImporter) -> (artifact id: '90b19a593cb53ce08165d285b9de625a') in 0.0016722 seconds
Refreshing native plugins compatible for Editor in 0.00 ms, found 0 plugins.
Preloading 0 native plugins for Editor in 0.00 ms.
Asset Pipeline Refresh (id=9ea283fb805f0e141bcbf093706b7814): Total: 0.005 seconds - Initiated by StopAssetImportingV2(NoUpdateAssetOptions)
Start importing Assets/AreaBattle/Resources/Recovered/Outgame/Sprites/CAB-68a3634b9a99c5a2a10a36b772e4e945_-8268854209399839647.png using Guid(1bbe877c8e971024ebec9cee7cae2a42) (TextureImporter) -> (artifact id: 'cbf46b7fa45020333f89d4b516a4f8cc') in 0.0017279 seconds
Refreshing native plugins compatible for Editor in 0.00 ms, found 0 plugins.
Preloading 0 native plugins for Editor in 0.00 ms.
Asset Pipeline Refresh (id=f5aa4f2adcacf4347bcbe36dc7b61184): Total: 0.005 seconds - Initiated by StopAssetImportingV2(NoUpdateAssetOptions)
Start importing Assets/AreaBattle/Resources/Recovered/Outgame/Sprites/CAB-68a3634b9a99c5a2a10a36b772e4e945_-8268854209399839647.png using Guid(1bbe877c8e971024ebec9cee7cae2a42) (TextureImporter) -> (artifact id: 'cbf46b7fa45020333f89d4b516a4f8cc') in 0.0016911 seconds
Refreshing native plugins compatible for Editor in 0.00 ms, found 0 plugins.
Preloading 0 native plugins for Editor in 0.00 ms.
Asset Pipeline Refresh (id=b2a08365f13bd5f4893eadb005f2fb10): Total: 0.005 seconds - Initiated by StopAssetImportingV2(NoUpdateAssetOptions)
Start importing Assets/AreaBattle/Resources/Recovered/Outgame/Sprites/CAB-68a3634b9a99c5a2a10a36b772e4e945_-5159291304696048613.png using Guid(d28fb7dcf0d1fd2498849c94c0868b7d) (TextureImporter) -> (artifact id: 'bfbb77e0ed0a8bd9f7c1efed61b8ea1d') in 0.0011659 seconds
Refreshing native plugins compatible for Editor in 0.00 ms, found 0 plugins.
Preloading 0 native plugins for Editor in 0.00 ms.
Asset Pipeline Refresh (id=c4d1ef73e70ff4843837219601e1a987): Total: 0.005 seconds - Initiated by StopAssetImportingV2(NoUpdateAssetOptions)
Start importing Assets/AreaBattle/Resources/Recovered/Outgame/Sprites/CAB-68a3634b9a99c5a2a10a36b772e4e945_-5159291304696048613.png using Guid(d28fb7dcf0d1fd2498849c94c0868b7d) (TextureImporter) -> (artifact id: 'bfbb77e0ed0a8bd9f7c1efed61b8ea1d') in 0.0011856 seconds
Refreshing native plugins compatible for Editor in 0.00 ms, found 0 plugins.
Preloading 0 native plugins for Editor in 0.00 ms.
Asset Pipeline Refresh (id=f4e3c6c4f02f21c4a884d7acc12b53b6): Total: 0.005 seconds - Initiated by StopAssetImportingV2(NoUpdateAssetOptions)
Start importing Assets/AreaBattle/Resources/Recovered/Outgame/Sprites/CAB-68a3634b9a99c5a2a10a36b772e4e945_-4971279914608531168.png using Guid(70bba2e4fc9d3d54daff0bed39c99b8c) (TextureImporter) -> (artifact id: 'd416e0945a4c2fbdcaf1572517e149ac') in 0.0014494 seconds
Refreshing native plugins compatible for Editor in 0.00 ms, found 0 plugins.
Preloading 0 native plugins for Editor in 0.00 ms.
Asset Pipeline Refresh (id=efe87a0606a0edb44bfe8091fe82da6e): Total: 0.005 seconds - Initiated by StopAssetImportingV2(NoUpdateAssetOptions)
Start importing Assets/AreaBattle/Resources/Recovered/Outgame/Sprites/CAB-68a3634b9a99c5a2a10a36b772e4e945_-4971279914608531168.png using Guid(70bba2e4fc9d3d54daff0bed39c99b8c) (TextureImporter) -> (artifact id: 'd416e0945a4c2fbdcaf1572517e149ac') in 0.0013565 seconds
Refreshing native plugins compatible for Editor in 0.00 ms, found 0 plugins.
Preloading 0 native plugins for Editor in 0.00 ms.
Asset Pipeline Refresh (id=5338efd64dce59043ac3780ed4dc99a2): Total: 0.005 seconds - Initiated by StopAssetImportingV2(NoUpdateAssetOptions)
Start importing Assets/AreaBattle/Resources/Recovered/Outgame/Sprites/CAB-68a3634b9a99c5a2a10a36b772e4e945_7552541131183963408.png using Guid(69616ff5159a4844bac2633ad26efe8e) (TextureImporter) -> (artifact id: '2b455f2abc8bbd8ea7788502ac0216bc') in 0.0018404 seconds
Refreshing native plugins compatible for Editor in 0.00 ms, found 0 plugins.
Preloading 0 native plugins for Editor in 0.00 ms.
Asset Pipeline Refresh (id=7fa83bd82ab07e14fab317b0b0827a65): Total: 0.005 seconds - Initiated by StopAssetImportingV2(NoUpdateAssetOptions)
Start importing Assets/AreaBattle/Resources/Recovered/Outgame/Sprites/CAB-68a3634b9a99c5a2a10a36b772e4e945_7552541131183963408.png using Guid(69616ff5159a4844bac2633ad26efe8e) (TextureImporter) -> (artifact id: '2b455f2abc8bbd8ea7788502ac0216bc') in 0.0018078 seconds
Refreshing native plugins compatible for Editor in 0.00 ms, found 0 plugins.
Preloading 0 native plugins for Editor in 0.00 ms.
Asset Pipeline Refresh (id=ec0d390428cd79042bdf2a3495f316b3): Total: 0.006 seconds - Initiated by StopAssetImportingV2(NoUpdateAssetOptions)
Start importing Assets/AreaBattle/Resources/Recovered/Outgame/Sprites/CAB-68a3634b9a99c5a2a10a36b772e4e945_3403665462750451336.png using Guid(0cd069db6a76c9f4084d16fd77adfa10) (TextureImporter) -> (artifact id: 'bc0912568ad400b05c16d22d6516990a') in 0.0019244 seconds
Refreshing native plugins compatible for Editor in 0.00 ms, found 0 plugins.
Preloading 0 native plugins for Editor in 0.00 ms.
Asset Pipeline Refresh (id=a27e1c5efe0ec014d9186d62020941d6): Total: 0.005 seconds - Initiated by StopAssetImportingV2(NoUpdateAssetOptions)
Start importing Assets/AreaBattle/Resources/Recovered/Outgame/Sprites/CAB-68a3634b9a99c5a2a10a36b772e4e945_3403665462750451336.png using Guid(0cd069db6a76c9f4084d16fd77adfa10) (TextureImporter) -> (artifact id: 'bc0912568ad400b05c16d22d6516990a') in 0.0019561 seconds
Refreshing native plugins compatible for Editor in 0.00 ms, found 0 plugins.
Preloading 0 native plugins for Editor in 0.00 ms.
Asset Pipeline Refresh (id=11133e73bef517b48a0540027af0434e): Total: 0.006 seconds - Initiated by StopAssetImportingV2(NoUpdateAssetOptions)
Start importing Assets/AreaBattle/Resources/Recovered/Outgame/Sprites/CAB-68a3634b9a99c5a2a10a36b772e4e945_-3811664915477073136.png using Guid(684059d7e5797bd4384f8c039fcc9db1) (TextureImporter) -> (artifact id: '1df772ff81eb2f6fe3fe2199283ef99a') in 0.0019471 seconds
Refreshing native plugins compatible for Editor in 0.00 ms, found 0 plugins.
Preloading 0 native plugins for Editor in 0.00 ms.
Asset Pipeline Refresh (id=6cd00bb026ec90241b8ec2bd5287cbfd): Total: 0.006 seconds - Initiated by StopAssetImportingV2(NoUpdateAssetOptions)
Start importing Assets/AreaBattle/Resources/Recovered/Outgame/Sprites/CAB-68a3634b9a99c5a2a10a36b772e4e945_-3811664915477073136.png using Guid(684059d7e5797bd4384f8c039fcc9db1) (TextureImporter) -> (artifact id: '1df772ff81eb2f6fe3fe2199283ef99a') in 0.0018321 seconds
Refreshing native plugins compatible for Editor in 0.00 ms, found 0 plugins.
Preloading 0 native plugins for Editor in 0.00 ms.
Asset Pipeline Refresh (id=23d2f2e635a05964f8b3e6bf3ebfd332): Total: 0.006 seconds - Initiated by StopAssetImportingV2(NoUpdateAssetOptions)
Start importing Assets/AreaBattle/Resources/Recovered/Outgame/Sprites/CAB-68a3634b9a99c5a2a10a36b772e4e945_-4322731864224811946.png using Guid(cb9dd6f722f76a940b8026af5a25eb73) (TextureImporter) -> (artifact id: '8959fe119e14d1c9bb9da7a928bb85ba') in 0.0019356 seconds
Refreshing native plugins compatible for Editor in 0.00 ms, found 0 plugins.
Preloading 0 native plugins for Editor in 0.00 ms.
Asset Pipeline Refresh (id=f6e90779ca7be4a4ba3dacc24837f342): Total: 0.005 seconds - Initiated by StopAssetImportingV2(NoUpdateAssetOptions)
Start importing Assets/AreaBattle/Resources/Recovered/Outgame/Sprites/CAB-68a3634b9a99c5a2a10a36b772e4e945_-4322731864224811946.png using Guid(cb9dd6f722f76a940b8026af5a25eb73) (TextureImporter) -> (artifact id: '8959fe119e14d1c9bb9da7a928bb85ba') in 0.0018434 seconds
Refreshing native plugins compatible for Editor in 0.00 ms, found 0 plugins.
Preloading 0 native plugins for Editor in 0.00 ms.
Asset Pipeline Refresh (id=5fa6d409ab322c5458abb497bd02d5cb): Total: 0.005 seconds - Initiated by StopAssetImportingV2(NoUpdateAssetOptions)
Start importing Assets/AreaBattle/Resources/Recovered/Outgame/Sprites/CAB-68a3634b9a99c5a2a10a36b772e4e945_5717087075749903458.png using Guid(8301644ca23dc7a478bcfe5c7c47035c) (TextureImporter) -> (artifact id: 'ebd50aadc6dc63c01eedf928e78c7f38') in 0.0016228 seconds
Refreshing native plugins compatible for Editor in 0.00 ms, found 0 plugins.
Preloading 0 native plugins for Editor in 0.00 ms.
Asset Pipeline Refresh (id=b429b6454183e9940b8e429a0d923fe1): Total: 0.005 seconds - Initiated by StopAssetImportingV2(NoUpdateAssetOptions)
Start importing Assets/AreaBattle/Resources/Recovered/Outgame/Sprites/CAB-68a3634b9a99c5a2a10a36b772e4e945_5717087075749903458.png using Guid(8301644ca23dc7a478bcfe5c7c47035c) (TextureImporter) -> (artifact id: 'ebd50aadc6dc63c01eedf928e78c7f38') in 0.0015743 seconds
Refreshing native plugins compatible for Editor in 0.00 ms, found 0 plugins.
Preloading 0 native plugins for Editor in 0.00 ms.
Asset Pipeline Refresh (id=400c3a8d7b93f0148a40935268438950): Total: 0.005 seconds - Initiated by StopAssetImportingV2(NoUpdateAssetOptions)
Start importing Assets/AreaBattle/Resources/Recovered/Outgame/Sprites/CAB-68a3634b9a99c5a2a10a36b772e4e945_-7128104167923467825.png using Guid(e674972eec5fc8542aa5ab22f989ae14) (TextureImporter) -> (artifact id: '3da96f8f860e0d2142662357bed0b97d') in 0.0012951 seconds
Refreshing native plugins compatible for Editor in 0.00 ms, found 0 plugins.
Preloading 0 native plugins for Editor in 0.00 ms.
Asset Pipeline Refresh (id=3b7d39fb075d02643afca44e06548380): Total: 0.005 seconds - Initiated by StopAssetImportingV2(NoUpdateAssetOptions)
Start importing Assets/AreaBattle/Resources/Recovered/Outgame/Sprites/CAB-68a3634b9a99c5a2a10a36b772e4e945_-7128104167923467825.png using Guid(e674972eec5fc8542aa5ab22f989ae14) (TextureImporter) -> (artifact id: '3da96f8f860e0d2142662357bed0b97d') in 0.0013515 seconds
Refreshing native plugins compatible for Editor in 0.00 ms, found 0 plugins.
Preloading 0 native plugins for Editor in 0.00 ms.
Asset Pipeline Refresh (id=7ac546f5f48f3bf428f2833477e36dc8): Total: 0.005 seconds - Initiated by StopAssetImportingV2(NoUpdateAssetOptions)
Start importing Assets/AreaBattle/Resources/Recovered/Outgame/Sprites/CAB-68a3634b9a99c5a2a10a36b772e4e945_3639792147345486873.png using Guid(ede5290172a1a134d84ecacb1f389696) (TextureImporter) -> (artifact id: '2bf1c049d115ddb3f1ce391831b260e0') in 0.0017426 seconds
Refreshing native plugins compatible for Editor in 0.00 ms, found 0 plugins.
Preloading 0 native plugins for Editor in 0.00 ms.
Asset Pipeline Refresh (id=715f7614f9452d74b937c4078bef6be3): Total: 0.005 seconds - Initiated by StopAssetImportingV2(NoUpdateAssetOptions)
Start importing Assets/AreaBattle/Resources/Recovered/Outgame/Sprites/CAB-68a3634b9a99c5a2a10a36b772e4e945_3639792147345486873.png using Guid(ede5290172a1a134d84ecacb1f389696) (TextureImporter) -> (artifact id: '2bf1c049d115ddb3f1ce391831b260e0') in 0.0017712 seconds
Refreshing native plugins compatible for Editor in 0.00 ms, found 0 plugins.
Preloading 0 native plugins for Editor in 0.00 ms.
Asset Pipeline Refresh (id=0723c83d14a045a45b02cceff562828b): Total: 0.005 seconds - Initiated by StopAssetImportingV2(NoUpdateAssetOptions)
Start importing Assets/AreaBattle/Resources/Recovered/Outgame/Sprites/CAB-68a3634b9a99c5a2a10a36b772e4e945_-947968453071298220.png using Guid(0af8d0be3a556694baf90190a57f38aa) (TextureImporter) -> (artifact id: '794d520ddacd83e1b250cca7c536f7c8') in 0.0018057 seconds
Refreshing native plugins compatible for Editor in 0.00 ms, found 0 plugins.
Preloading 0 native plugins for Editor in 0.00 ms.
Asset Pipeline Refresh (id=49b73571094b13640952c9d3ec44e32f): Total: 0.005 seconds - Initiated by StopAssetImportingV2(NoUpdateAssetOptions)
Start importing Assets/AreaBattle/Resources/Recovered/Outgame/Sprites/CAB-68a3634b9a99c5a2a10a36b772e4e945_-947968453071298220.png using Guid(0af8d0be3a556694baf90190a57f38aa) (TextureImporter) -> (artifact id: '794d520ddacd83e1b250cca7c536f7c8') in 0.0017476 seconds
Refreshing native plugins compatible for Editor in 0.00 ms, found 0 plugins.
Preloading 0 native plugins for Editor in 0.00 ms.
Asset Pipeline Refresh (id=7d3dd3c6dd4ba6a49853d352553da22b): Total: 0.005 seconds - Initiated by StopAssetImportingV2(NoUpdateAssetOptions)
Start importing Assets/AreaBattle/Resources/Recovered/Outgame/Sprites/CAB-68a3634b9a99c5a2a10a36b772e4e945_-7552916471266992501.png using Guid(806f8b3fae30edf4291c51f387fdd859) (TextureImporter) -> (artifact id: '23961feaf79d879c4a8cce78b330ffa4') in 0.0020604 seconds
Refreshing native plugins compatible for Editor in 0.00 ms, found 0 plugins.
Preloading 0 native plugins for Editor in 0.00 ms.
Asset Pipeline Refresh (id=dcaccca53cdb7724091956868c3884c2): Total: 0.006 seconds - Initiated by StopAssetImportingV2(NoUpdateAssetOptions)
Start importing Assets/AreaBattle/Resources/Recovered/Outgame/Sprites/CAB-68a3634b9a99c5a2a10a36b772e4e945_-7552916471266992501.png using Guid(806f8b3fae30edf4291c51f387fdd859) (TextureImporter) -> (artifact id: '23961feaf79d879c4a8cce78b330ffa4') in 0.0020556 seconds
Refreshing native plugins compatible for Editor in 0.00 ms, found 0 plugins.
Preloading 0 native plugins for Editor in 0.00 ms.
Asset Pipeline Refresh (id=61b4828bd4ffe2746bb1402834024e9a): Total: 0.006 seconds - Initiated by StopAssetImportingV2(NoUpdateAssetOptions)
Start importing Assets/AreaBattle/Resources/Recovered/Outgame/Sprites/CAB-68a3634b9a99c5a2a10a36b772e4e945_1039093117671376833.png using Guid(256a3155e9ddeb8438af8550e48d86b3) (TextureImporter) -> (artifact id: 'bbc273b5434c94d619325e44ff9f2a40') in 0.0042168 seconds
Refreshing native plugins compatible for Editor in 0.00 ms, found 0 plugins.
Preloading 0 native plugins for Editor in 0.00 ms.
Asset Pipeline Refresh (id=c159695350f261d4582e60488fd9ccf3): Total: 0.008 seconds - Initiated by StopAssetImportingV2(NoUpdateAssetOptions)
Start importing Assets/AreaBattle/Resources/Recovered/Outgame/Sprites/CAB-68a3634b9a99c5a2a10a36b772e4e945_1039093117671376833.png using Guid(256a3155e9ddeb8438af8550e48d86b3) (TextureImporter) -> (artifact id: 'bbc273b5434c94d619325e44ff9f2a40') in 0.0042578 seconds
Refreshing native plugins compatible for Editor in 0.00 ms, found 0 plugins.
Preloading 0 native plugins for Editor in 0.00 ms.
Asset Pipeline Refresh (id=1fe517cd5434aeb4b9d1869401ae9cce): Total: 0.008 seconds - Initiated by StopAssetImportingV2(NoUpdateAssetOptions)
Start importing Assets/AreaBattle/Resources/Recovered/Outgame/Sprites/CAB-68a3634b9a99c5a2a10a36b772e4e945_-1334273524089670153.png using Guid(79f4e96861b1cf64589f2e8f979616cb) (TextureImporter) -> (artifact id: '33e3e5c8777a370277c58689e3101b34') in 0.0010664 seconds
Refreshing native plugins compatible for Editor in 0.00 ms, found 0 plugins.
Preloading 0 native plugins for Editor in 0.00 ms.
Asset Pipeline Refresh (id=d0619e16934f45445986b963b313695b): Total: 0.005 seconds - Initiated by StopAssetImportingV2(NoUpdateAssetOptions)
Start importing Assets/AreaBattle/Resources/Recovered/Outgame/Sprites/CAB-68a3634b9a99c5a2a10a36b772e4e945_-1334273524089670153.png using Guid(79f4e96861b1cf64589f2e8f979616cb) (TextureImporter) -> (artifact id: '33e3e5c8777a370277c58689e3101b34') in 0.0010163 seconds
Refreshing native plugins compatible for Editor in 0.00 ms, found 0 plugins.
Preloading 0 native plugins for Editor in 0.00 ms.
Asset Pipeline Refresh (id=d6d2b6b70104a2848958732ac64b331e): Total: 0.005 seconds - Initiated by StopAssetImportingV2(NoUpdateAssetOptions)
Start importing Assets/AreaBattle/Resources/Recovered/Outgame/Sprites/CAB-68a3634b9a99c5a2a10a36b772e4e945_7415029052608284052.png using Guid(a3f30cf5b99a9be44bbb4c941cf8a3f3) (TextureImporter) -> (artifact id: '29c742dde7eeb6efbe334c4296e81b0c') in 0.0038953 seconds
Refreshing native plugins compatible for Editor in 0.00 ms, found 0 plugins.
Preloading 0 native plugins for Editor in 0.00 ms.
Asset Pipeline Refresh (id=e834ec7a9af80b84f999e1e2e32bf377): Total: 0.007 seconds - Initiated by StopAssetImportingV2(NoUpdateAssetOptions)
Start importing Assets/AreaBattle/Resources/Recovered/Outgame/Sprites/CAB-68a3634b9a99c5a2a10a36b772e4e945_7415029052608284052.png using Guid(a3f30cf5b99a9be44bbb4c941cf8a3f3) (TextureImporter) -> (artifact id: '29c742dde7eeb6efbe334c4296e81b0c') in 0.0039492 seconds
Refreshing native plugins compatible for Editor in 0.00 ms, found 0 plugins.
Preloading 0 native plugins for Editor in 0.00 ms.
Asset Pipeline Refresh (id=84d1f24a15d9fbd479d1467317e61109): Total: 0.008 seconds - Initiated by StopAssetImportingV2(NoUpdateAssetOptions)
Start importing Assets/AreaBattle/Resources/Recovered/Outgame/Sprites/CAB-68a3634b9a99c5a2a10a36b772e4e945_-1327541794178865016.png using Guid(224a27c465b52ec4bad31111f83766ae) (TextureImporter) -> (artifact id: 'e124d5c9338e130483cc2913c2249b0e') in 0.002023 seconds
Refreshing native plugins compatible for Editor in 0.00 ms, found 0 plugins.
Preloading 0 native plugins for Editor in 0.00 ms.
Asset Pipeline Refresh (id=3b8fde26043dd5f47a7dc00ed073a4e5): Total: 0.006 seconds - Initiated by StopAssetImportingV2(NoUpdateAssetOptions)
Start importing Assets/AreaBattle/Resources/Recovered/Outgame/Sprites/CAB-68a3634b9a99c5a2a10a36b772e4e945_-1327541794178865016.png using Guid(224a27c465b52ec4bad31111f83766ae) (TextureImporter) -> (artifact id: 'e124d5c9338e130483cc2913c2249b0e') in 0.0018719 seconds
Refreshing native plugins compatible for Editor in 0.00 ms, found 0 plugins.
Preloading 0 native plugins for Editor in 0.00 ms.
Asset Pipeline Refresh (id=405ea2bd0fc7bf84db788ba205cd474d): Total: 0.006 seconds - Initiated by StopAssetImportingV2(NoUpdateAssetOptions)
Start importing Assets/AreaBattle/Resources/Recovered/Outgame/Sprites/CAB-68a3634b9a99c5a2a10a36b772e4e945_1398600922758705203.png using Guid(c72445120e0e93c41b5f2d2a19242b32) (TextureImporter) -> (artifact id: 'e7df1fb736ff5624e0b282c1d7f079b6') in 0.0012065 seconds
Refreshing native plugins compatible for Editor in 0.00 ms, found 0 plugins.
Preloading 0 native plugins for Editor in 0.00 ms.
Asset Pipeline Refresh (id=8ea8a5045e2091840a91059c9c6b140a): Total: 0.005 seconds - Initiated by StopAssetImportingV2(NoUpdateAssetOptions)
Start importing Assets/AreaBattle/Resources/Recovered/Outgame/Sprites/CAB-68a3634b9a99c5a2a10a36b772e4e945_1398600922758705203.png using Guid(c72445120e0e93c41b5f2d2a19242b32) (TextureImporter) -> (artifact id: 'e7df1fb736ff5624e0b282c1d7f079b6') in 0.0011218 seconds
Refreshing native plugins compatible for Editor in 0.00 ms, found 0 plugins.
Preloading 0 native plugins for Editor in 0.00 ms.
Asset Pipeline Refresh (id=6b2d5e08d42a5034c94c1288b37fe6d7): Total: 0.005 seconds - Initiated by StopAssetImportingV2(NoUpdateAssetOptions)
Start importing Assets/AreaBattle/Resources/Recovered/Outgame/Sprites/CAB-68a3634b9a99c5a2a10a36b772e4e945_7216579244126509952.png using Guid(111f0872b8cec5b48847ee8b51130326) (TextureImporter) -> (artifact id: '0e24503e1fd02d19e348a0dfd3df63f3') in 0.0021985 seconds
Refreshing native plugins compatible for Editor in 0.00 ms, found 0 plugins.
Preloading 0 native plugins for Editor in 0.00 ms.
Asset Pipeline Refresh (id=8b9a5d7658d4337478d9074c118e7e4f): Total: 0.006 seconds - Initiated by StopAssetImportingV2(NoUpdateAssetOptions)
Start importing Assets/AreaBattle/Resources/Recovered/Outgame/Sprites/CAB-68a3634b9a99c5a2a10a36b772e4e945_7216579244126509952.png using Guid(111f0872b8cec5b48847ee8b51130326) (TextureImporter) -> (artifact id: '0e24503e1fd02d19e348a0dfd3df63f3') in 0.0020932 seconds
Refreshing native plugins compatible for Editor in 0.00 ms, found 0 plugins.
Preloading 0 native plugins for Editor in 0.00 ms.
Asset Pipeline Refresh (id=3457bcd5f0fde3948adc94cb514a60ee): Total: 0.006 seconds - Initiated by StopAssetImportingV2(NoUpdateAssetOptions)
Start importing Assets/AreaBattle/Resources/Recovered/Outgame/Sprites/CAB-68a3634b9a99c5a2a10a36b772e4e945_-5022608720618937171.png using Guid(282b73abbff5d144a971254370eebe34) (TextureImporter) -> (artifact id: 'c299616bacf78cc3a56ffa8a57f6845f') in 0.0019339 seconds
Refreshing native plugins compatible for Editor in 0.00 ms, found 0 plugins.
Preloading 0 native plugins for Editor in 0.00 ms.
Asset Pipeline Refresh (id=94781bb366edf6547a422802e9647731): Total: 0.005 seconds - Initiated by StopAssetImportingV2(NoUpdateAssetOptions)
Start importing Assets/AreaBattle/Resources/Recovered/Outgame/Sprites/CAB-68a3634b9a99c5a2a10a36b772e4e945_-5022608720618937171.png using Guid(282b73abbff5d144a971254370eebe34) (TextureImporter) -> (artifact id: 'c299616bacf78cc3a56ffa8a57f6845f') in 0.0018743 seconds
Refreshing native plugins compatible for Editor in 0.00 ms, found 0 plugins.
Preloading 0 native plugins for Editor in 0.00 ms.
Asset Pipeline Refresh (id=1ed429daad0c58248a4fc4000a459f1c): Total: 0.006 seconds - Initiated by StopAssetImportingV2(NoUpdateAssetOptions)
Start importing Assets/AreaBattle/Resources/Recovered/Outgame/Sprites/CAB-f0f8d5b2fe4fc0f1a8885e70e42a8501_6431201894830666966.png using Guid(2887dc88ef1a7bb4a8f4747c6b430912) (TextureImporter) -> (artifact id: '80f1c4b4eaf222d8c2e53ecd0be2c139') in 0.0011113 seconds
Refreshing native plugins compatible for Editor in 0.00 ms, found 0 plugins.
Preloading 0 native plugins for Editor in 0.00 ms.
Asset Pipeline Refresh (id=f70b6991352706b4e91c316a872746d0): Total: 0.005 seconds - Initiated by StopAssetImportingV2(NoUpdateAssetOptions)
Start importing Assets/AreaBattle/Resources/Recovered/Outgame/Sprites/CAB-f0f8d5b2fe4fc0f1a8885e70e42a8501_6431201894830666966.png using Guid(2887dc88ef1a7bb4a8f4747c6b430912) (TextureImporter) -> (artifact id: '80f1c4b4eaf222d8c2e53ecd0be2c139') in 0.0012917 seconds
Refreshing native plugins compatible for Editor in 0.00 ms, found 0 plugins.
Preloading 0 native plugins for Editor in 0.00 ms.
Asset Pipeline Refresh (id=1ff6a75b19ad4bb4b9ed1d6077a7df38): Total: 0.005 seconds - Initiated by StopAssetImportingV2(NoUpdateAssetOptions)
Start importing Assets/AreaBattle/Resources/Recovered/Outgame/Sprites/CAB-f0f8d5b2fe4fc0f1a8885e70e42a8501_-3313097421019586755.png using Guid(09517a242840b3f419850b2c6009c9f4) (TextureImporter) -> (artifact id: '0cedd519850bcedfce4321ddb6ee6223') in 0.0022535 seconds
Refreshing native plugins compatible for Editor in 0.00 ms, found 0 plugins.
Preloading 0 native plugins for Editor in 0.00 ms.
Asset Pipeline Refresh (id=a5903c12da8cdb340844304a7076f815): Total: 0.006 seconds - Initiated by StopAssetImportingV2(NoUpdateAssetOptions)
Start importing Assets/AreaBattle/Resources/Recovered/Outgame/Sprites/CAB-f0f8d5b2fe4fc0f1a8885e70e42a8501_-3313097421019586755.png using Guid(09517a242840b3f419850b2c6009c9f4) (TextureImporter) -> (artifact id: '0cedd519850bcedfce4321ddb6ee6223') in 0.0020986 seconds
Refreshing native plugins compatible for Editor in 0.00 ms, found 0 plugins.
Preloading 0 native plugins for Editor in 0.00 ms.
Asset Pipeline Refresh (id=4404f776bf7eb8f4b8eac09816f94751): Total: 0.006 seconds - Initiated by StopAssetImportingV2(NoUpdateAssetOptions)
Start importing Assets/AreaBattle/Resources/Recovered/Outgame/Sprites/CAB-68a3634b9a99c5a2a10a36b772e4e945_3366574577895424171.png using Guid(8daa88c336093f848993d837b97a9ef1) (TextureImporter) -> (artifact id: '1b486af720473120404ae2c55fbf57d6') in 0.0012968 seconds
Refreshing native plugins compatible for Editor in 0.00 ms, found 0 plugins.
Preloading 0 native plugins for Editor in 0.00 ms.
Asset Pipeline Refresh (id=835703d8881fc034d8254a654c2de160): Total: 0.005 seconds - Initiated by StopAssetImportingV2(NoUpdateAssetOptions)
Start importing Assets/AreaBattle/Resources/Recovered/Outgame/Sprites/CAB-68a3634b9a99c5a2a10a36b772e4e945_3366574577895424171.png using Guid(8daa88c336093f848993d837b97a9ef1) (TextureImporter) -> (artifact id: '1b486af720473120404ae2c55fbf57d6') in 0.0011948 seconds
Refreshing native plugins compatible for Editor in 0.00 ms, found 0 plugins.
Preloading 0 native plugins for Editor in 0.00 ms.
Asset Pipeline Refresh (id=de25e07e9e9a8bf4298b90aeffe8e163): Total: 0.005 seconds - Initiated by StopAssetImportingV2(NoUpdateAssetOptions)
Start importing Assets/AreaBattle/Resources/Recovered/Outgame/Sprites/CAB-f0f8d5b2fe4fc0f1a8885e70e42a8501_-2320101112833093935.png using Guid(5f5b043b1d9a8d54593b355ba3e20e44) (TextureImporter) -> (artifact id: '943a70464cace822decea25bb96a46dd') in 0.0009437 seconds
Refreshing native plugins compatible for Editor in 0.00 ms, found 0 plugins.
Preloading 0 native plugins for Editor in 0.00 ms.
Asset Pipeline Refresh (id=1d293bcee720d3c4e85a2615c7c39e50): Total: 0.004 seconds - Initiated by StopAssetImportingV2(NoUpdateAssetOptions)
Start importing Assets/AreaBattle/Resources/Recovered/Outgame/Sprites/CAB-f0f8d5b2fe4fc0f1a8885e70e42a8501_-2320101112833093935.png using Guid(5f5b043b1d9a8d54593b355ba3e20e44) (TextureImporter) -> (artifact id: '943a70464cace822decea25bb96a46dd') in 0.0009295 seconds
Refreshing native plugins compatible for Editor in 0.00 ms, found 0 plugins.
Preloading 0 native plugins for Editor in 0.00 ms.
Asset Pipeline Refresh (id=a43c4414a572d1d47abfde02958351f1): Total: 0.004 seconds - Initiated by StopAssetImportingV2(NoUpdateAssetOptions)
Start importing Assets/AreaBattle/Resources/Recovered/Outgame/Sprites/CAB-f0f8d5b2fe4fc0f1a8885e70e42a8501_-2051852787592275987.png using Guid(aa7c09c218e056b4fa5b1378dc696ff6) (TextureImporter) -> (artifact id: 'c737be4a9a5c71eca87a66b4b1af1a65') in 0.0014883 seconds
Refreshing native plugins compatible for Editor in 0.00 ms, found 0 plugins.
Preloading 0 native plugins for Editor in 0.00 ms.
Asset Pipeline Refresh (id=a677314174f6c344fa1e48927bb1b9f8): Total: 0.005 seconds - Initiated by StopAssetImportingV2(NoUpdateAssetOptions)
Start importing Assets/AreaBattle/Resources/Recovered/Outgame/Sprites/CAB-f0f8d5b2fe4fc0f1a8885e70e42a8501_-2051852787592275987.png using Guid(aa7c09c218e056b4fa5b1378dc696ff6) (TextureImporter) -> (artifact id: 'c737be4a9a5c71eca87a66b4b1af1a65') in 0.0013958 seconds
Refreshing native plugins compatible for Editor in 0.00 ms, found 0 plugins.
Preloading 0 native plugins for Editor in 0.00 ms.
Asset Pipeline Refresh (id=678766dfe1ead6f469b88830c1bd5cb3): Total: 0.005 seconds - Initiated by StopAssetImportingV2(NoUpdateAssetOptions)
Start importing Assets/AreaBattle/Resources/Recovered/Outgame/Sprites/CAB-f0f8d5b2fe4fc0f1a8885e70e42a8501_-8815077990741698023.png using Guid(4d86a7a9301d17b42b9f44c60f7de944) (TextureImporter) -> (artifact id: '850c3601bf92d95ba856b29c95b3d8db') in 0.0011226 seconds
Refreshing native plugins compatible for Editor in 0.00 ms, found 0 plugins.
Preloading 0 native plugins for Editor in 0.00 ms.
Asset Pipeline Refresh (id=7ab8c094159e8df41a50fafa5c5e93a5): Total: 0.005 seconds - Initiated by StopAssetImportingV2(NoUpdateAssetOptions)
Start importing Assets/AreaBattle/Resources/Recovered/Outgame/Sprites/CAB-f0f8d5b2fe4fc0f1a8885e70e42a8501_-8815077990741698023.png using Guid(4d86a7a9301d17b42b9f44c60f7de944) (TextureImporter) -> (artifact id: '850c3601bf92d95ba856b29c95b3d8db') in 0.0010537 seconds
Refreshing native plugins compatible for Editor in 0.00 ms, found 0 plugins.
Preloading 0 native plugins for Editor in 0.00 ms.
Asset Pipeline Refresh (id=f1455077740a8f54bb206c811834f320): Total: 0.005 seconds - Initiated by StopAssetImportingV2(NoUpdateAssetOptions)
Start importing Assets/AreaBattle/Resources/Recovered/Outgame/Sprites/CAB-f0f8d5b2fe4fc0f1a8885e70e42a8501_7515635854229440057.png using Guid(1c40a75c1bb4253419447d019541ac98) (TextureImporter) -> (artifact id: 'f7452420550169fd5c3709fb6681dd5c') in 0.0011976 seconds
Refreshing native plugins compatible for Editor in 0.00 ms, found 0 plugins.
Preloading 0 native plugins for Editor in 0.00 ms.
Asset Pipeline Refresh (id=1dfc996ece4838245bb8e5214ffcdb2d): Total: 0.005 seconds - Initiated by StopAssetImportingV2(NoUpdateAssetOptions)
Start importing Assets/AreaBattle/Resources/Recovered/Outgame/Sprites/CAB-f0f8d5b2fe4fc0f1a8885e70e42a8501_7515635854229440057.png using Guid(1c40a75c1bb4253419447d019541ac98) (TextureImporter) -> (artifact id: 'f7452420550169fd5c3709fb6681dd5c') in 0.0014476 seconds
Refreshing native plugins compatible for Editor in 0.00 ms, found 0 plugins.
Preloading 0 native plugins for Editor in 0.00 ms.
Asset Pipeline Refresh (id=5c3d4fd327c50344bbd1d3f29109a846): Total: 0.005 seconds - Initiated by StopAssetImportingV2(NoUpdateAssetOptions)
Start importing Assets/AreaBattle/Resources/Recovered/Outgame/Sprites/CAB-f0f8d5b2fe4fc0f1a8885e70e42a8501_41397532161224530.png using Guid(09db565243df1794f89edcf0990bec07) (TextureImporter) -> (artifact id: '23025a50d34f6ebc5842d480aa7fac77') in 0.0018851 seconds
Refreshing native plugins compatible for Editor in 0.00 ms, found 0 plugins.
Preloading 0 native plugins for Editor in 0.00 ms.
Asset Pipeline Refresh (id=f37734ff1678619498729bdd27ebbfbf): Total: 0.006 seconds - Initiated by StopAssetImportingV2(NoUpdateAssetOptions)
Start importing Assets/AreaBattle/Resources/Recovered/Outgame/Sprites/CAB-f0f8d5b2fe4fc0f1a8885e70e42a8501_41397532161224530.png using Guid(09db565243df1794f89edcf0990bec07) (TextureImporter) -> (artifact id: '23025a50d34f6ebc5842d480aa7fac77') in 0.0018318 seconds
Refreshing native plugins compatible for Editor in 0.00 ms, found 0 plugins.
Preloading 0 native plugins for Editor in 0.00 ms.
Asset Pipeline Refresh (id=3299e40b723ede14a9a45449e9e2505a): Total: 0.006 seconds - Initiated by StopAssetImportingV2(NoUpdateAssetOptions)
Start importing Assets/AreaBattle/Resources/Recovered/Outgame/Sprites/CAB-f0f8d5b2fe4fc0f1a8885e70e42a8501_-7284029749908888299.png using Guid(b755233a76c45c04bbee3f78c5c87908) (TextureImporter) -> (artifact id: 'e380177ff827cce3f90bfc7ffd15b446') in 0.0011272 seconds
Refreshing native plugins compatible for Editor in 0.00 ms, found 0 plugins.
Preloading 0 native plugins for Editor in 0.00 ms.
Asset Pipeline Refresh (id=588b27b157477d74694ab879175029be): Total: 0.005 seconds - Initiated by StopAssetImportingV2(NoUpdateAssetOptions)
Start importing Assets/AreaBattle/Resources/Recovered/Outgame/Sprites/CAB-f0f8d5b2fe4fc0f1a8885e70e42a8501_-7284029749908888299.png using Guid(b755233a76c45c04bbee3f78c5c87908) (TextureImporter) -> (artifact id: 'e380177ff827cce3f90bfc7ffd15b446') in 0.0009736 seconds
Refreshing native plugins compatible for Editor in 0.00 ms, found 0 plugins.
Preloading 0 native plugins for Editor in 0.00 ms.
Asset Pipeline Refresh (id=2dbe0ad38323f914bb8507d1fc49ec62): Total: 0.005 seconds - Initiated by StopAssetImportingV2(NoUpdateAssetOptions)
Start importing Assets/AreaBattle/Resources/Recovered/Outgame/Sprites/CAB-f0f8d5b2fe4fc0f1a8885e70e42a8501_351421032368338370.png using Guid(fb06aa36e60cfad449e6dd4d2bf8b9db) (TextureImporter) -> (artifact id: '4d35d4f58ce822194b3447f2fb1b08b7') in 0.0011841 seconds
Refreshing native plugins compatible for Editor in 0.00 ms, found 0 plugins.
Preloading 0 native plugins for Editor in 0.00 ms.
Asset Pipeline Refresh (id=69152807618fe254fa05446ed20fdec0): Total: 0.005 seconds - Initiated by StopAssetImportingV2(NoUpdateAssetOptions)
Start importing Assets/AreaBattle/Resources/Recovered/Outgame/Sprites/CAB-f0f8d5b2fe4fc0f1a8885e70e42a8501_351421032368338370.png using Guid(fb06aa36e60cfad449e6dd4d2bf8b9db) (TextureImporter) -> (artifact id: '4d35d4f58ce822194b3447f2fb1b08b7') in 0.0011718 seconds
Refreshing native plugins compatible for Editor in 0.00 ms, found 0 plugins.
Preloading 0 native plugins for Editor in 0.00 ms.
Asset Pipeline Refresh (id=033a7515add25434c987d0924c365a05): Total: 0.005 seconds - Initiated by StopAssetImportingV2(NoUpdateAssetOptions)
Start importing Assets/AreaBattle/Resources/Recovered/Outgame/Sprites/CAB-f0f8d5b2fe4fc0f1a8885e70e42a8501_1737684388834227741.png using Guid(ac32f9f58b3fe95419bbb088f72d1f5e) (TextureImporter) -> (artifact id: '7f931ef2065918ce5e7cd4721c88e415') in 0.0009623 seconds
Refreshing native plugins compatible for Editor in 0.00 ms, found 0 plugins.
Preloading 0 native plugins for Editor in 0.00 ms.
Asset Pipeline Refresh (id=b5b115d2864b2e2468dd1955f010f2fb): Total: 0.004 seconds - Initiated by StopAssetImportingV2(NoUpdateAssetOptions)
Start importing Assets/AreaBattle/Resources/Recovered/Outgame/Sprites/CAB-f0f8d5b2fe4fc0f1a8885e70e42a8501_1737684388834227741.png using Guid(ac32f9f58b3fe95419bbb088f72d1f5e) (TextureImporter) -> (artifact id: '7f931ef2065918ce5e7cd4721c88e415') in 0.00093 seconds
Refreshing native plugins compatible for Editor in 0.00 ms, found 0 plugins.
Preloading 0 native plugins for Editor in 0.00 ms.
Asset Pipeline Refresh (id=dc41f960598592140a5fc9189b1d40bf): Total: 0.005 seconds - Initiated by StopAssetImportingV2(NoUpdateAssetOptions)
Start importing Assets/AreaBattle/Resources/Recovered/Outgame/Sprites/CAB-f0f8d5b2fe4fc0f1a8885e70e42a8501_-4190971815751803225.png using Guid(bcbb9cee7e6069d498617b1034ddc011) (TextureImporter) -> (artifact id: '5a2cbe8e215e37d54d2b89ae2b793ee3') in 0.0012391 seconds
Refreshing native plugins compatible for Editor in 0.00 ms, found 0 plugins.
Preloading 0 native plugins for Editor in 0.00 ms.
Asset Pipeline Refresh (id=00b59e975b9f1fc469c21f7d11a2be0e): Total: 0.005 seconds - Initiated by StopAssetImportingV2(NoUpdateAssetOptions)
Start importing Assets/AreaBattle/Resources/Recovered/Outgame/Sprites/CAB-f0f8d5b2fe4fc0f1a8885e70e42a8501_-4190971815751803225.png using Guid(bcbb9cee7e6069d498617b1034ddc011) (TextureImporter) -> (artifact id: '5a2cbe8e215e37d54d2b89ae2b793ee3') in 0.001123 seconds
Refreshing native plugins compatible for Editor in 0.00 ms, found 0 plugins.
Preloading 0 native plugins for Editor in 0.00 ms.
Asset Pipeline Refresh (id=dc765948ee114a54aa2faeaeebefa542): Total: 0.005 seconds - Initiated by StopAssetImportingV2(NoUpdateAssetOptions)
Start importing Assets/AreaBattle/Resources/Recovered/Outgame/Sprites/CAB-f0f8d5b2fe4fc0f1a8885e70e42a8501_-8147587995661762371.png using Guid(09ed32306fc5095459b33c9250be855b) (TextureImporter) -> (artifact id: '21b325ede2e59364ba9ba2416747b6b3') in 0.0012651 seconds
Refreshing native plugins compatible for Editor in 0.00 ms, found 0 plugins.
Preloading 0 native plugins for Editor in 0.00 ms.
Asset Pipeline Refresh (id=659b5d93e4f4ecf45a55f731ed8c0d65): Total: 0.005 seconds - Initiated by StopAssetImportingV2(NoUpdateAssetOptions)
Start importing Assets/AreaBattle/Resources/Recovered/Outgame/Sprites/CAB-f0f8d5b2fe4fc0f1a8885e70e42a8501_-8147587995661762371.png using Guid(09ed32306fc5095459b33c9250be855b) (TextureImporter) -> (artifact id: '21b325ede2e59364ba9ba2416747b6b3') in 0.0012671 seconds
Refreshing native plugins compatible for Editor in 0.00 ms, found 0 plugins.
Preloading 0 native plugins for Editor in 0.00 ms.
Asset Pipeline Refresh (id=0f00b48157c3dbc43aa3e4b9b265a363): Total: 0.005 seconds - Initiated by StopAssetImportingV2(NoUpdateAssetOptions)
Start importing Assets/AreaBattle/Resources/Recovered/Outgame/Sprites/CAB-f0f8d5b2fe4fc0f1a8885e70e42a8501_2576256628631102858.png using Guid(743ce93c2a184b845bf491e11d067f21) (TextureImporter) -> (artifact id: 'c03d65a15d71477bea912f3cdce21fd7') in 0.0009413 seconds
Refreshing native plugins compatible for Editor in 0.00 ms, found 0 plugins.
Preloading 0 native plugins for Editor in 0.00 ms.
Asset Pipeline Refresh (id=91198a159b407e049964164736cd337c): Total: 0.005 seconds - Initiated by StopAssetImportingV2(NoUpdateAssetOptions)
Start importing Assets/AreaBattle/Resources/Recovered/Outgame/Sprites/CAB-f0f8d5b2fe4fc0f1a8885e70e42a8501_2576256628631102858.png using Guid(743ce93c2a184b845bf491e11d067f21) (TextureImporter) -> (artifact id: 'c03d65a15d71477bea912f3cdce21fd7') in 0.0008798 seconds
Refreshing native plugins compatible for Editor in 0.00 ms, found 0 plugins.
Preloading 0 native plugins for Editor in 0.00 ms.
Asset Pipeline Refresh (id=335e879b3289b5d4a81842153f7eeef1): Total: 0.005 seconds - Initiated by StopAssetImportingV2(NoUpdateAssetOptions)
Start importing Assets/AreaBattle/Resources/Recovered/Outgame/Sprites/CAB-f0f8d5b2fe4fc0f1a8885e70e42a8501_-3623589188427250850.png using Guid(e6fff8bf9465390419354ec8724acb6f) (TextureImporter) -> (artifact id: '664fc1af58faa46076704994fb505a5e') in 0.001384 seconds
Refreshing native plugins compatible for Editor in 0.00 ms, found 0 plugins.
Preloading 0 native plugins for Editor in 0.00 ms.
Asset Pipeline Refresh (id=bebf8ea9ac66b4a44b5c225e0c2d7d89): Total: 0.005 seconds - Initiated by StopAssetImportingV2(NoUpdateAssetOptions)
Start importing Assets/AreaBattle/Resources/Recovered/Outgame/Sprites/CAB-f0f8d5b2fe4fc0f1a8885e70e42a8501_-3623589188427250850.png using Guid(e6fff8bf9465390419354ec8724acb6f) (TextureImporter) -> (artifact id: '664fc1af58faa46076704994fb505a5e') in 0.0013256 seconds
Refreshing native plugins compatible for Editor in 0.00 ms, found 0 plugins.
Preloading 0 native plugins for Editor in 0.00 ms.
Asset Pipeline Refresh (id=0acf2d6ce9b57054ca8e8e2e1c9a165b): Total: 0.005 seconds - Initiated by StopAssetImportingV2(NoUpdateAssetOptions)
Start importing Assets/AreaBattle/Resources/Recovered/Outgame/Sprites/CAB-f0f8d5b2fe4fc0f1a8885e70e42a8501_3696405675083398568.png using Guid(7264472b5577dc344a53a9b4c1a4579f) (TextureImporter) -> (artifact id: 'dbeb8a56a470bdf062c3cb4e8ec8b893') in 0.000945 seconds
Refreshing native plugins compatible for Editor in 0.00 ms, found 0 plugins.
Preloading 0 native plugins for Editor in 0.00 ms.
Asset Pipeline Refresh (id=2c24da0590c0733419c936681a08431e): Total: 0.004 seconds - Initiated by StopAssetImportingV2(NoUpdateAssetOptions)
Start importing Assets/AreaBattle/Resources/Recovered/Outgame/Sprites/CAB-f0f8d5b2fe4fc0f1a8885e70e42a8501_3696405675083398568.png using Guid(7264472b5577dc344a53a9b4c1a4579f) (TextureImporter) -> (artifact id: 'dbeb8a56a470bdf062c3cb4e8ec8b893') in 0.0009178 seconds
Refreshing native plugins compatible for Editor in 0.00 ms, found 0 plugins.
Preloading 0 native plugins for Editor in 0.00 ms.
Asset Pipeline Refresh (id=e4d4b3806d3dc1d4f897b881208223c6): Total: 0.005 seconds - Initiated by StopAssetImportingV2(NoUpdateAssetOptions)
Start importing Assets/AreaBattle/Resources/Recovered/Outgame/Sprites/CAB-f0f8d5b2fe4fc0f1a8885e70e42a8501_-348770286549975147.png using Guid(c5ae69d1c802f084bb956650b82cae34) (TextureImporter) -> (artifact id: '0872ac9758e26419c380d6748b10cc0a') in 0.0014687 seconds
Refreshing native plugins compatible for Editor in 0.00 ms, found 0 plugins.
Preloading 0 native plugins for Editor in 0.00 ms.
Asset Pipeline Refresh (id=48a7d7d54768c864b900af65d0480443): Total: 0.005 seconds - Initiated by StopAssetImportingV2(NoUpdateAssetOptions)
Start importing Assets/AreaBattle/Resources/Recovered/Outgame/Sprites/CAB-f0f8d5b2fe4fc0f1a8885e70e42a8501_-348770286549975147.png using Guid(c5ae69d1c802f084bb956650b82cae34) (TextureImporter) -> (artifact id: '0872ac9758e26419c380d6748b10cc0a') in 0.0011686 seconds
Refreshing native plugins compatible for Editor in 0.00 ms, found 0 plugins.
Preloading 0 native plugins for Editor in 0.00 ms.
Asset Pipeline Refresh (id=19631c99656884d48a4eb0a7d9b433b8): Total: 0.005 seconds - Initiated by StopAssetImportingV2(NoUpdateAssetOptions)
Start importing Assets/AreaBattle/Resources/Recovered/Outgame/Sprites/CAB-f0f8d5b2fe4fc0f1a8885e70e42a8501_9131483636121848817.png using Guid(d950789c3f11b1442a9a68f1fe5d1fa4) (TextureImporter) -> (artifact id: '9daf9ea3ff3bbe089316ace3d74c9767') in 0.0013877 seconds
Refreshing native plugins compatible for Editor in 0.00 ms, found 0 plugins.
Preloading 0 native plugins for Editor in 0.00 ms.
Asset Pipeline Refresh (id=f55391130df0b9241892a6326e85cde4): Total: 0.005 seconds - Initiated by StopAssetImportingV2(NoUpdateAssetOptions)
Start importing Assets/AreaBattle/Resources/Recovered/Outgame/Sprites/CAB-f0f8d5b2fe4fc0f1a8885e70e42a8501_9131483636121848817.png using Guid(d950789c3f11b1442a9a68f1fe5d1fa4) (TextureImporter) -> (artifact id: '9daf9ea3ff3bbe089316ace3d74c9767') in 0.0018647 seconds
Refreshing native plugins compatible for Editor in 0.00 ms, found 0 plugins.
Preloading 0 native plugins for Editor in 0.00 ms.
Asset Pipeline Refresh (id=0eed5f8ad70dad048a495fca42b00430): Total: 0.006 seconds - Initiated by StopAssetImportingV2(NoUpdateAssetOptions)
Start importing Assets/AreaBattle/Resources/Recovered/Outgame/Sprites/CAB-f0f8d5b2fe4fc0f1a8885e70e42a8501_-6464198968836237136.png using Guid(d09c314dca8e9794babeb402cb625756) (TextureImporter) -> (artifact id: '388c107e107a1ec5e20234bae61b50bb') in 0.0013267 seconds
Refreshing native plugins compatible for Editor in 0.00 ms, found 0 plugins.
Preloading 0 native plugins for Editor in 0.00 ms.
Asset Pipeline Refresh (id=12054019e52e3174b9a6d4e77867dd87): Total: 0.005 seconds - Initiated by StopAssetImportingV2(NoUpdateAssetOptions)
Start importing Assets/AreaBattle/Resources/Recovered/Outgame/Sprites/CAB-f0f8d5b2fe4fc0f1a8885e70e42a8501_-6464198968836237136.png using Guid(d09c314dca8e9794babeb402cb625756) (TextureImporter) -> (artifact id: '388c107e107a1ec5e20234bae61b50bb') in 0.0012421 seconds
Refreshing native plugins compatible for Editor in 0.00 ms, found 0 plugins.
Preloading 0 native plugins for Editor in 0.00 ms.
Asset Pipeline Refresh (id=8e62a5f72b4fbe5469ad02332fbcb139): Total: 0.005 seconds - Initiated by StopAssetImportingV2(NoUpdateAssetOptions)
Start importing Assets/AreaBattle/Resources/Recovered/Outgame/Sprites/CAB-f0f8d5b2fe4fc0f1a8885e70e42a8501_-7516614781153137808.png using Guid(450e208b7ec9a614b9b0d308f4701950) (TextureImporter) -> (artifact id: '5cda7df01f9d9a4ff6831d197e60303d') in 0.0013251 seconds
Refreshing native plugins compatible for Editor in 0.00 ms, found 0 plugins.
Preloading 0 native plugins for Editor in 0.00 ms.
Asset Pipeline Refresh (id=bd73c9cb8c9d77e4c86842c6cdc8970c): Total: 0.005 seconds - Initiated by StopAssetImportingV2(NoUpdateAssetOptions)
Start importing Assets/AreaBattle/Resources/Recovered/Outgame/Sprites/CAB-f0f8d5b2fe4fc0f1a8885e70e42a8501_-7516614781153137808.png using Guid(450e208b7ec9a614b9b0d308f4701950) (TextureImporter) -> (artifact id: '5cda7df01f9d9a4ff6831d197e60303d') in 0.0011963 seconds
Refreshing native plugins compatible for Editor in 0.00 ms, found 0 plugins.
Preloading 0 native plugins for Editor in 0.00 ms.
Asset Pipeline Refresh (id=def288af8832b3b4f9887ee78ecabd93): Total: 0.005 seconds - Initiated by StopAssetImportingV2(NoUpdateAssetOptions)
Start importing Assets/AreaBattle/Resources/Recovered/Outgame/Sprites/CAB-f0f8d5b2fe4fc0f1a8885e70e42a8501_-8268854209399839647.png using Guid(6fe10e633edcd874a8315bab5d4434fd) (TextureImporter) -> (artifact id: '6eeb4e899c71c405a87245eaa68fa4e9') in 0.0016726 seconds
Refreshing native plugins compatible for Editor in 0.00 ms, found 0 plugins.
Preloading 0 native plugins for Editor in 0.00 ms.
Asset Pipeline Refresh (id=27a66ca9b6e82ae46a184273398a57fd): Total: 0.005 seconds - Initiated by StopAssetImportingV2(NoUpdateAssetOptions)
Start importing Assets/AreaBattle/Resources/Recovered/Outgame/Sprites/CAB-f0f8d5b2fe4fc0f1a8885e70e42a8501_-8268854209399839647.png using Guid(6fe10e633edcd874a8315bab5d4434fd) (TextureImporter) -> (artifact id: '6eeb4e899c71c405a87245eaa68fa4e9') in 0.0016363 seconds
Refreshing native plugins compatible for Editor in 0.00 ms, found 0 plugins.
Preloading 0 native plugins for Editor in 0.00 ms.
Asset Pipeline Refresh (id=563d03de7cbb3d745881c0b8feda2833): Total: 0.005 seconds - Initiated by StopAssetImportingV2(NoUpdateAssetOptions)
Start importing Assets/AreaBattle/Resources/Recovered/Outgame/Sprites/CAB-f0f8d5b2fe4fc0f1a8885e70e42a8501_-2067149362258942805.png using Guid(8dc5b74c458f36840bdb657b0f167fa0) (TextureImporter) -> (artifact id: 'd2821e5626656e32043b6cbb4ba79710') in 0.0011291 seconds
Refreshing native plugins compatible for Editor in 0.00 ms, found 0 plugins.
Preloading 0 native plugins for Editor in 0.00 ms.
Asset Pipeline Refresh (id=60b808c0f03184742a0be82ff26759d0): Total: 0.005 seconds - Initiated by StopAssetImportingV2(NoUpdateAssetOptions)
Start importing Assets/AreaBattle/Resources/Recovered/Outgame/Sprites/CAB-f0f8d5b2fe4fc0f1a8885e70e42a8501_-2067149362258942805.png using Guid(8dc5b74c458f36840bdb657b0f167fa0) (TextureImporter) -> (artifact id: 'd2821e5626656e32043b6cbb4ba79710') in 0.0010632 seconds
Refreshing native plugins compatible for Editor in 0.00 ms, found 0 plugins.
Preloading 0 native plugins for Editor in 0.00 ms.
Asset Pipeline Refresh (id=091b47fa3ec6e6f40949149b2a38fc2f): Total: 0.005 seconds - Initiated by StopAssetImportingV2(NoUpdateAssetOptions)
Start importing Assets/AreaBattle/Resources/Recovered/Outgame/Sprites/CAB-f0f8d5b2fe4fc0f1a8885e70e42a8501_6952676736400467469.png using Guid(83dea97fe4b0b03438232fc6e7d94130) (TextureImporter) -> (artifact id: 'efc2580f40c722b7e6b77b1b553e0b51') in 0.0016593 seconds
Refreshing native plugins compatible for Editor in 0.00 ms, found 0 plugins.
Preloading 0 native plugins for Editor in 0.00 ms.
Asset Pipeline Refresh (id=6b49fba1e3bcd4946b2fd6a4ef736271): Total: 0.005 seconds - Initiated by StopAssetImportingV2(NoUpdateAssetOptions)
Start importing Assets/AreaBattle/Resources/Recovered/Outgame/Sprites/CAB-f0f8d5b2fe4fc0f1a8885e70e42a8501_6952676736400467469.png using Guid(83dea97fe4b0b03438232fc6e7d94130) (TextureImporter) -> (artifact id: 'efc2580f40c722b7e6b77b1b553e0b51') in 0.0016644 seconds
Refreshing native plugins compatible for Editor in 0.00 ms, found 0 plugins.
Preloading 0 native plugins for Editor in 0.00 ms.
Asset Pipeline Refresh (id=5848b97a04a36a543a6860b8b54f23f8): Total: 0.005 seconds - Initiated by StopAssetImportingV2(NoUpdateAssetOptions)
Start importing Assets/AreaBattle/Resources/Recovered/Outgame/Sprites/CAB-f0f8d5b2fe4fc0f1a8885e70e42a8501_6229623910888829140.png using Guid(2490643b0e5018440813e01aed77cbdf) (TextureImporter) -> (artifact id: '8ae67139905415d6a7b997cd85f284b4') in 0.0012895 seconds
Refreshing native plugins compatible for Editor in 0.00 ms, found 0 plugins.
Preloading 0 native plugins for Editor in 0.00 ms.
Asset Pipeline Refresh (id=e325783c0340c864994fe48219df1720): Total: 0.005 seconds - Initiated by StopAssetImportingV2(NoUpdateAssetOptions)
Start importing Assets/AreaBattle/Resources/Recovered/Outgame/Sprites/CAB-f0f8d5b2fe4fc0f1a8885e70e42a8501_6229623910888829140.png using Guid(2490643b0e5018440813e01aed77cbdf) (TextureImporter) -> (artifact id: '8ae67139905415d6a7b997cd85f284b4') in 0.0011906 seconds
Refreshing native plugins compatible for Editor in 0.00 ms, found 0 plugins.
Preloading 0 native plugins for Editor in 0.00 ms.
Asset Pipeline Refresh (id=d8b92d7031afb894ca21844002435b22): Total: 0.005 seconds - Initiated by StopAssetImportingV2(NoUpdateAssetOptions)
Start importing Assets/AreaBattle/Resources/Recovered/Outgame/Sprites/CAB-f0f8d5b2fe4fc0f1a8885e70e42a8501_3372530375804971773.png using Guid(7d39a92eead093f409a4992dd088c0d9) (TextureImporter) -> (artifact id: 'd11764e5e3372b6c1a8f8e18aa266f67') in 0.0012392 seconds
Refreshing native plugins compatible for Editor in 0.00 ms, found 0 plugins.
Preloading 0 native plugins for Editor in 0.00 ms.
Asset Pipeline Refresh (id=4289a93d7d5f6eb4aaf6f2d81356bc73): Total: 0.005 seconds - Initiated by StopAssetImportingV2(NoUpdateAssetOptions)
Start importing Assets/AreaBattle/Resources/Recovered/Outgame/Sprites/CAB-f0f8d5b2fe4fc0f1a8885e70e42a8501_3372530375804971773.png using Guid(7d39a92eead093f409a4992dd088c0d9) (TextureImporter) -> (artifact id: 'd11764e5e3372b6c1a8f8e18aa266f67') in 0.0012079 seconds
Refreshing native plugins compatible for Editor in 0.00 ms, found 0 plugins.
Preloading 0 native plugins for Editor in 0.00 ms.
Asset Pipeline Refresh (id=80654a08b9532964fba8c92be085e340): Total: 0.005 seconds - Initiated by StopAssetImportingV2(NoUpdateAssetOptions)
Start importing Assets/AreaBattle/Resources/Recovered/Outgame/Sprites/CAB-f0f8d5b2fe4fc0f1a8885e70e42a8501_-1223995402157906996.png using Guid(086ff4e32b3c6594fb534e61ffa5dead) (TextureImporter) -> (artifact id: '62dfda21a307e96f5fb45894bb82fd13') in 0.0010218 seconds
Refreshing native plugins compatible for Editor in 0.00 ms, found 0 plugins.
Preloading 0 native plugins for Editor in 0.00 ms.
Asset Pipeline Refresh (id=c09dafe24665bc646acbadbcf7597b61): Total: 0.004 seconds - Initiated by StopAssetImportingV2(NoUpdateAssetOptions)
Start importing Assets/AreaBattle/Resources/Recovered/Outgame/Sprites/CAB-f0f8d5b2fe4fc0f1a8885e70e42a8501_-1223995402157906996.png using Guid(086ff4e32b3c6594fb534e61ffa5dead) (TextureImporter) -> (artifact id: '62dfda21a307e96f5fb45894bb82fd13') in 0.0009645 seconds
Refreshing native plugins compatible for Editor in 0.00 ms, found 0 plugins.
Preloading 0 native plugins for Editor in 0.00 ms.
Asset Pipeline Refresh (id=f8c854ecb08994242a22fc0c66bc68fd): Total: 0.005 seconds - Initiated by StopAssetImportingV2(NoUpdateAssetOptions)
Start importing Assets/AreaBattle/Resources/Recovered/Outgame/Sprites/CAB-f0f8d5b2fe4fc0f1a8885e70e42a8501_124909757567743544.png using Guid(5079c846e78e9fe47b25cf02a783686d) (TextureImporter) -> (artifact id: '2204cd95293961ae882737383580dd08') in 0.0009337 seconds
Refreshing native plugins compatible for Editor in 0.00 ms, found 0 plugins.
Preloading 0 native plugins for Editor in 0.00 ms.
Asset Pipeline Refresh (id=e98856ef632778a43952fa745e6ac4a0): Total: 0.004 seconds - Initiated by StopAssetImportingV2(NoUpdateAssetOptions)
Start importing Assets/AreaBattle/Resources/Recovered/Outgame/Sprites/CAB-f0f8d5b2fe4fc0f1a8885e70e42a8501_124909757567743544.png using Guid(5079c846e78e9fe47b25cf02a783686d) (TextureImporter) -> (artifact id: '2204cd95293961ae882737383580dd08') in 0.0008878 seconds
Refreshing native plugins compatible for Editor in 0.00 ms, found 0 plugins.
Preloading 0 native plugins for Editor in 0.00 ms.
Asset Pipeline Refresh (id=6e5b5168cbe5d0d4ebb888063c262f75): Total: 0.004 seconds - Initiated by StopAssetImportingV2(NoUpdateAssetOptions)
Start importing Assets/AreaBattle/Resources/Recovered/Outgame/Sprites/CAB-f0f8d5b2fe4fc0f1a8885e70e42a8501_378101818839556220.png using Guid(fe49dccf8c5ef7044b2bbd304b4b7eeb) (TextureImporter) -> (artifact id: '91d66b063eb9594f9e2f6c4c5f36019c') in 0.0016998 seconds
Refreshing native plugins compatible for Editor in 0.00 ms, found 0 plugins.
Preloading 0 native plugins for Editor in 0.00 ms.
Asset Pipeline Refresh (id=a037c8e19e9106643a2af93261301a1a): Total: 0.005 seconds - Initiated by StopAssetImportingV2(NoUpdateAssetOptions)
Start importing Assets/AreaBattle/Resources/Recovered/Outgame/Sprites/CAB-f0f8d5b2fe4fc0f1a8885e70e42a8501_378101818839556220.png using Guid(fe49dccf8c5ef7044b2bbd304b4b7eeb) (TextureImporter) -> (artifact id: '91d66b063eb9594f9e2f6c4c5f36019c') in 0.001214 seconds
Refreshing native plugins compatible for Editor in 0.00 ms, found 0 plugins.
Preloading 0 native plugins for Editor in 0.00 ms.
Asset Pipeline Refresh (id=76067c716d57a6e4eb06afc44ecd3200): Total: 0.005 seconds - Initiated by StopAssetImportingV2(NoUpdateAssetOptions)
Start importing Assets/AreaBattle/Resources/Recovered/Outgame/Sprites/CAB-f0f8d5b2fe4fc0f1a8885e70e42a8501_2781641492661961641.png using Guid(621f9d7227648f94a8afd5fb01f54855) (TextureImporter) -> (artifact id: '7f976e7f3749e0d40923321d9f466c8b') in 0.0013657 seconds
Refreshing native plugins compatible for Editor in 0.00 ms, found 0 plugins.
Preloading 0 native plugins for Editor in 0.00 ms.
Asset Pipeline Refresh (id=c17415ffa98c8934aa4a087b87d78c20): Total: 0.005 seconds - Initiated by StopAssetImportingV2(NoUpdateAssetOptions)
Start importing Assets/AreaBattle/Resources/Recovered/Outgame/Sprites/CAB-f0f8d5b2fe4fc0f1a8885e70e42a8501_2781641492661961641.png using Guid(621f9d7227648f94a8afd5fb01f54855) (TextureImporter) -> (artifact id: '7f976e7f3749e0d40923321d9f466c8b') in 0.0021943 seconds
Refreshing native plugins compatible for Editor in 0.00 ms, found 0 plugins.
Preloading 0 native plugins for Editor in 0.00 ms.
Asset Pipeline Refresh (id=e895fc0d39798e047a1f2ab7a4792f8f): Total: 0.006 seconds - Initiated by StopAssetImportingV2(NoUpdateAssetOptions)
Start importing Assets/AreaBattle/Resources/Recovered/Outgame/Sprites/CAB-792f0579f07cf3d654eb47fd5e973bca_-8268854209399839647.png using Guid(dc43bd5bf24f2b84c8a78cb7825c003e) (TextureImporter) -> (artifact id: '9691523e03d3fffdc401d54db5d40199') in 0.001736 seconds
Refreshing native plugins compatible for Editor in 0.00 ms, found 0 plugins.
Preloading 0 native plugins for Editor in 0.00 ms.
Asset Pipeline Refresh (id=63052e0dc3522b34e867277df9aad5b3): Total: 0.005 seconds - Initiated by StopAssetImportingV2(NoUpdateAssetOptions)
Start importing Assets/AreaBattle/Resources/Recovered/Outgame/Sprites/CAB-792f0579f07cf3d654eb47fd5e973bca_-8268854209399839647.png using Guid(dc43bd5bf24f2b84c8a78cb7825c003e) (TextureImporter) -> (artifact id: '9691523e03d3fffdc401d54db5d40199') in 0.0016858 seconds
Refreshing native plugins compatible for Editor in 0.00 ms, found 0 plugins.
Preloading 0 native plugins for Editor in 0.00 ms.
Asset Pipeline Refresh (id=57236072b670d6d4ebc84e0e4c568c20): Total: 0.005 seconds - Initiated by StopAssetImportingV2(NoUpdateAssetOptions)
Start importing Assets/AreaBattle/Resources/Recovered/Outgame/Sprites/CAB-792f0579f07cf3d654eb47fd5e973bca_-8491785715132141081.png using Guid(ae613a41fb4c91644869e3de510086ee) (TextureImporter) -> (artifact id: '85422e516421278919a214d4f7d8d2d0') in 0.001151 seconds
Refreshing native plugins compatible for Editor in 0.00 ms, found 0 plugins.
Preloading 0 native plugins for Editor in 0.00 ms.
Asset Pipeline Refresh (id=acd4dbb72e02cd342b474929fed013e4): Total: 0.005 seconds - Initiated by StopAssetImportingV2(NoUpdateAssetOptions)
Start importing Assets/AreaBattle/Resources/Recovered/Outgame/Sprites/CAB-792f0579f07cf3d654eb47fd5e973bca_-8491785715132141081.png using Guid(ae613a41fb4c91644869e3de510086ee) (TextureImporter) -> (artifact id: '85422e516421278919a214d4f7d8d2d0') in 0.0010567 seconds
Refreshing native plugins compatible for Editor in 0.00 ms, found 0 plugins.
Preloading 0 native plugins for Editor in 0.00 ms.
Asset Pipeline Refresh (id=52b054af5c5f9974dbf638cb4f151be8): Total: 0.005 seconds - Initiated by StopAssetImportingV2(NoUpdateAssetOptions)
Start importing Assets/AreaBattle/Resources/Recovered/Outgame/Sprites/CAB-792f0579f07cf3d654eb47fd5e973bca_6229623910888829140.png using Guid(51edf4e91a45dc745ba3f427d0770f9f) (TextureImporter) -> (artifact id: '3c5dd0883a5a12f2785bba0e1c1ba6a8') in 0.0012323 seconds
Refreshing native plugins compatible for Editor in 0.00 ms, found 0 plugins.
Preloading 0 native plugins for Editor in 0.00 ms.
Asset Pipeline Refresh (id=c4f3312425d13874c9733e76b5d7afaf): Total: 0.005 seconds - Initiated by StopAssetImportingV2(NoUpdateAssetOptions)
Start importing Assets/AreaBattle/Resources/Recovered/Outgame/Sprites/CAB-792f0579f07cf3d654eb47fd5e973bca_6229623910888829140.png using Guid(51edf4e91a45dc745ba3f427d0770f9f) (TextureImporter) -> (artifact id: '3c5dd0883a5a12f2785bba0e1c1ba6a8') in 0.0012762 seconds
Refreshing native plugins compatible for Editor in 0.00 ms, found 0 plugins.
Preloading 0 native plugins for Editor in 0.00 ms.
Asset Pipeline Refresh (id=7eaab116e8e5c7b40b1b250ca52777ea): Total: 0.005 seconds - Initiated by StopAssetImportingV2(NoUpdateAssetOptions)
Start importing Assets/AreaBattle/Resources/Recovered/Outgame/Sprites/CAB-792f0579f07cf3d654eb47fd5e973bca_3372530375804971773.png using Guid(04d422219df432e4a830b98b0a089a42) (TextureImporter) -> (artifact id: 'e5c3400a5e542297eea684ee3a6ae696') in 0.0012714 seconds
Refreshing native plugins compatible for Editor in 0.00 ms, found 0 plugins.
Preloading 0 native plugins for Editor in 0.00 ms.
Asset Pipeline Refresh (id=9bbd08a743adbc7438401d641948e1d3): Total: 0.005 seconds - Initiated by StopAssetImportingV2(NoUpdateAssetOptions)
Start importing Assets/AreaBattle/Resources/Recovered/Outgame/Sprites/CAB-792f0579f07cf3d654eb47fd5e973bca_3372530375804971773.png using Guid(04d422219df432e4a830b98b0a089a42) (TextureImporter) -> (artifact id: 'e5c3400a5e542297eea684ee3a6ae696') in 0.001129 seconds
Refreshing native plugins compatible for Editor in 0.00 ms, found 0 plugins.
Preloading 0 native plugins for Editor in 0.00 ms.
Asset Pipeline Refresh (id=5f96934d59f6bda4ea3de6773dd4c38e): Total: 0.005 seconds - Initiated by StopAssetImportingV2(NoUpdateAssetOptions)
Start importing Assets/AreaBattle/Resources/Recovered/Outgame/Sprites/CAB-792f0579f07cf3d654eb47fd5e973bca_-1369224774640354895.png using Guid(f0db5e8ba0c95174b92d60ff70880795) (TextureImporter) -> (artifact id: 'e45725236f5c2e214798581500b1c2ed') in 0.0011564 seconds
Refreshing native plugins compatible for Editor in 0.00 ms, found 0 plugins.
Preloading 0 native plugins for Editor in 0.00 ms.
Asset Pipeline Refresh (id=5d7be13b152b04b469906495806224ab): Total: 0.005 seconds - Initiated by StopAssetImportingV2(NoUpdateAssetOptions)
Start importing Assets/AreaBattle/Resources/Recovered/Outgame/Sprites/CAB-792f0579f07cf3d654eb47fd5e973bca_-1369224774640354895.png using Guid(f0db5e8ba0c95174b92d60ff70880795) (TextureImporter) -> (artifact id: 'e45725236f5c2e214798581500b1c2ed') in 0.0011408 seconds
Refreshing native plugins compatible for Editor in 0.00 ms, found 0 plugins.
Preloading 0 native plugins for Editor in 0.00 ms.
Asset Pipeline Refresh (id=da1397db6b1c2ed4db40b91a48a71677): Total: 0.005 seconds - Initiated by StopAssetImportingV2(NoUpdateAssetOptions)
Start importing Assets/AreaBattle/Resources/Recovered/Outgame/Sprites/CAB-792f0579f07cf3d654eb47fd5e973bca_8644708904588595427.png using Guid(c86c1ac5429e9a84db7159ed9d67e481) (TextureImporter) -> (artifact id: '5a579835c4247ff82a69128abfefb2ef') in 0.0013729 seconds
Refreshing native plugins compatible for Editor in 0.00 ms, found 0 plugins.
Preloading 0 native plugins for Editor in 0.00 ms.
Asset Pipeline Refresh (id=ba13bcf25dcd99844ade745c540d7d8c): Total: 0.005 seconds - Initiated by StopAssetImportingV2(NoUpdateAssetOptions)
Start importing Assets/AreaBattle/Resources/Recovered/Outgame/Sprites/CAB-792f0579f07cf3d654eb47fd5e973bca_8644708904588595427.png using Guid(c86c1ac5429e9a84db7159ed9d67e481) (TextureImporter) -> (artifact id: '5a579835c4247ff82a69128abfefb2ef') in 0.0013794 seconds
Refreshing native plugins compatible for Editor in 0.00 ms, found 0 plugins.
Preloading 0 native plugins for Editor in 0.00 ms.
Asset Pipeline Refresh (id=9d24ed2a5c763224ab7cbb9cae498e5b): Total: 0.005 seconds - Initiated by StopAssetImportingV2(NoUpdateAssetOptions)
Start importing Assets/AreaBattle/Resources/Recovered/Outgame/Sprites/CAB-792f0579f07cf3d654eb47fd5e973bca_-3270020870131735180.png using Guid(622c070116d43de45b16e5f21522eff2) (TextureImporter) -> (artifact id: '0509106635ccd3ea15192fc8fe39e8f8') in 0.000978 seconds
Refreshing native plugins compatible for Editor in 0.00 ms, found 0 plugins.
Preloading 0 native plugins for Editor in 0.00 ms.
Asset Pipeline Refresh (id=1329145affe627a46aa7d5cc183bc2b3): Total: 0.005 seconds - Initiated by StopAssetImportingV2(NoUpdateAssetOptions)
Start importing Assets/AreaBattle/Resources/Recovered/Outgame/Sprites/CAB-792f0579f07cf3d654eb47fd5e973bca_-3270020870131735180.png using Guid(622c070116d43de45b16e5f21522eff2) (TextureImporter) -> (artifact id: '0509106635ccd3ea15192fc8fe39e8f8') in 0.000849 seconds
Refreshing native plugins compatible for Editor in 0.00 ms, found 0 plugins.
Preloading 0 native plugins for Editor in 0.00 ms.
Asset Pipeline Refresh (id=4bc269c7b98710b4c821d51f0c1e92be): Total: 0.005 seconds - Initiated by StopAssetImportingV2(NoUpdateAssetOptions)
Start importing Assets/AreaBattle/Resources/Recovered/Outgame/Sprites/CAB-792f0579f07cf3d654eb47fd5e973bca_3862123323063758616.png using Guid(2004a9fa7dd68f84ba5ce82d43432f3c) (TextureImporter) -> (artifact id: '173d47117e9aa45cb1db054881d31b0d') in 0.0019491 seconds
Refreshing native plugins compatible for Editor in 0.00 ms, found 0 plugins.
Preloading 0 native plugins for Editor in 0.00 ms.
Asset Pipeline Refresh (id=8f6a0feb733cd3b4fa1d4723d37c4819): Total: 0.006 seconds - Initiated by StopAssetImportingV2(NoUpdateAssetOptions)
Start importing Assets/AreaBattle/Resources/Recovered/Outgame/Sprites/CAB-792f0579f07cf3d654eb47fd5e973bca_3862123323063758616.png using Guid(2004a9fa7dd68f84ba5ce82d43432f3c) (TextureImporter) -> (artifact id: '173d47117e9aa45cb1db054881d31b0d') in 0.0017588 seconds
Refreshing native plugins compatible for Editor in 0.00 ms, found 0 plugins.
Preloading 0 native plugins for Editor in 0.00 ms.
Asset Pipeline Refresh (id=34cf162d63559cb48af33d2832e8e4ac): Total: 0.006 seconds - Initiated by StopAssetImportingV2(NoUpdateAssetOptions)
Start importing Assets/AreaBattle/Resources/Recovered/Outgame/Sprites/CAB-792f0579f07cf3d654eb47fd5e973bca_6869634117025106477.png using Guid(44ae15a1f593c7b4ab4410bcc050ac5e) (TextureImporter) -> (artifact id: '1fbb3c316f28d43f2037847dcfe22edc') in 0.0009649 seconds
Refreshing native plugins compatible for Editor in 0.00 ms, found 0 plugins.
Preloading 0 native plugins for Editor in 0.00 ms.
Asset Pipeline Refresh (id=53493fe3001828d42846cf7a8f63562b): Total: 0.004 seconds - Initiated by StopAssetImportingV2(NoUpdateAssetOptions)
Start importing Assets/AreaBattle/Resources/Recovered/Outgame/Sprites/CAB-792f0579f07cf3d654eb47fd5e973bca_6869634117025106477.png using Guid(44ae15a1f593c7b4ab4410bcc050ac5e) (TextureImporter) -> (artifact id: '1fbb3c316f28d43f2037847dcfe22edc') in 0.0009474 seconds
Refreshing native plugins compatible for Editor in 0.00 ms, found 0 plugins.
Preloading 0 native plugins for Editor in 0.00 ms.
Asset Pipeline Refresh (id=1967932b805471d41b0dac02165281f4): Total: 0.005 seconds - Initiated by StopAssetImportingV2(NoUpdateAssetOptions)
Start importing Assets/AreaBattle/Resources/Recovered/Outgame/Sprites/CAB-792f0579f07cf3d654eb47fd5e973bca_-2578327374364977313.png using Guid(751783c52c5a91d48a37cb4310895b35) (TextureImporter) -> (artifact id: 'e43e4f953d447dc2aeaeecc5fb898ddb') in 0.0009286 seconds
Refreshing native plugins compatible for Editor in 0.00 ms, found 0 plugins.
Preloading 0 native plugins for Editor in 0.00 ms.
Asset Pipeline Refresh (id=518f6d3c93edfed4cae80c8a241390f9): Total: 0.004 seconds - Initiated by StopAssetImportingV2(NoUpdateAssetOptions)
Start importing Assets/AreaBattle/Resources/Recovered/Outgame/Sprites/CAB-792f0579f07cf3d654eb47fd5e973bca_-2578327374364977313.png using Guid(751783c52c5a91d48a37cb4310895b35) (TextureImporter) -> (artifact id: 'e43e4f953d447dc2aeaeecc5fb898ddb') in 0.0009501 seconds
Refreshing native plugins compatible for Editor in 0.00 ms, found 0 plugins.
Preloading 0 native plugins for Editor in 0.00 ms.
Asset Pipeline Refresh (id=e3b4d4cfc78aa924da60d87cac8d2dd8): Total: 0.005 seconds - Initiated by StopAssetImportingV2(NoUpdateAssetOptions)
Start importing Assets/AreaBattle/Resources/Recovered/Outgame/Sprites/CAB-792f0579f07cf3d654eb47fd5e973bca_-2067149362258942805.png using Guid(d810b193819f8e643a27e856da5e93b8) (TextureImporter) -> (artifact id: 'f783d06f365e5f145f29696757a5c6c1') in 0.0010586 seconds
Refreshing native plugins compatible for Editor in 0.00 ms, found 0 plugins.
Preloading 0 native plugins for Editor in 0.00 ms.
Asset Pipeline Refresh (id=e350896fd1db1d54da5d1a83adbc329d): Total: 0.005 seconds - Initiated by StopAssetImportingV2(NoUpdateAssetOptions)
Start importing Assets/AreaBattle/Resources/Recovered/Outgame/Sprites/CAB-792f0579f07cf3d654eb47fd5e973bca_-2067149362258942805.png using Guid(d810b193819f8e643a27e856da5e93b8) (TextureImporter) -> (artifact id: 'f783d06f365e5f145f29696757a5c6c1') in 0.000994 seconds
Refreshing native plugins compatible for Editor in 0.00 ms, found 0 plugins.
Preloading 0 native plugins for Editor in 0.00 ms.
Asset Pipeline Refresh (id=5f98150d5ccb9934295ba136926303a4): Total: 0.005 seconds - Initiated by StopAssetImportingV2(NoUpdateAssetOptions)
Start importing Assets/AreaBattle/Resources/Recovered/Outgame/Sprites/CAB-792f0579f07cf3d654eb47fd5e973bca_-4651854222152240779.png using Guid(ef3eb63138dc8ca498c9646875d2ddb9) (TextureImporter) -> (artifact id: '1824a9460aa67be330eeadbfe0246bc9') in 0.0017733 seconds
Refreshing native plugins compatible for Editor in 0.00 ms, found 0 plugins.
Preloading 0 native plugins for Editor in 0.00 ms.
Asset Pipeline Refresh (id=c4cb193529260524689539e80e27265e): Total: 0.005 seconds - Initiated by StopAssetImportingV2(NoUpdateAssetOptions)
Start importing Assets/AreaBattle/Resources/Recovered/Outgame/Sprites/CAB-792f0579f07cf3d654eb47fd5e973bca_-4651854222152240779.png using Guid(ef3eb63138dc8ca498c9646875d2ddb9) (TextureImporter) -> (artifact id: '1824a9460aa67be330eeadbfe0246bc9') in 0.0018047 seconds
Refreshing native plugins compatible for Editor in 0.00 ms, found 0 plugins.
Preloading 0 native plugins for Editor in 0.00 ms.
Asset Pipeline Refresh (id=f44c372f7e0445c41a2ec4b48e1e6d5d): Total: 0.005 seconds - Initiated by StopAssetImportingV2(NoUpdateAssetOptions)
Start importing Assets/AreaBattle/Resources/Recovered/Outgame/Sprites/CAB-792f0579f07cf3d654eb47fd5e973bca_-1042852370368342660.png using Guid(63d15c7545c683645a347d99a5c59edf) (TextureImporter) -> (artifact id: '0da9e4843bc141119a78bf43cfa6cc57') in 0.0016754 seconds
Refreshing native plugins compatible for Editor in 0.00 ms, found 0 plugins.
Preloading 0 native plugins for Editor in 0.00 ms.
Asset Pipeline Refresh (id=84a7485eb8a9d1b4582245f7251d2714): Total: 0.005 seconds - Initiated by StopAssetImportingV2(NoUpdateAssetOptions)
Start importing Assets/AreaBattle/Resources/Recovered/Outgame/Sprites/CAB-792f0579f07cf3d654eb47fd5e973bca_-1042852370368342660.png using Guid(63d15c7545c683645a347d99a5c59edf) (TextureImporter) -> (artifact id: '0da9e4843bc141119a78bf43cfa6cc57') in 0.0014995 seconds
Refreshing native plugins compatible for Editor in 0.00 ms, found 0 plugins.
Preloading 0 native plugins for Editor in 0.00 ms.
Asset Pipeline Refresh (id=0cea3b3b4ad69cf41a9eee346c7d7ef0): Total: 0.005 seconds - Initiated by StopAssetImportingV2(NoUpdateAssetOptions)
Start importing Assets/AreaBattle/Resources/Recovered/Outgame/Sprites/CAB-792f0579f07cf3d654eb47fd5e973bca_-54688832347557179.png using Guid(59cb81fbc471f374f9ed81d5a59c5d0a) (TextureImporter) -> (artifact id: '0f7ab6a9da0116999a65babf7882bbbb') in 0.0016246 seconds
Refreshing native plugins compatible for Editor in 0.00 ms, found 0 plugins.
Preloading 0 native plugins for Editor in 0.00 ms.
Asset Pipeline Refresh (id=c016184aab7c8024785f2d3f654d94a1): Total: 0.005 seconds - Initiated by StopAssetImportingV2(NoUpdateAssetOptions)
Start importing Assets/AreaBattle/Resources/Recovered/Outgame/Sprites/CAB-792f0579f07cf3d654eb47fd5e973bca_-54688832347557179.png using Guid(59cb81fbc471f374f9ed81d5a59c5d0a) (TextureImporter) -> (artifact id: '0f7ab6a9da0116999a65babf7882bbbb') in 0.0016051 seconds
Refreshing native plugins compatible for Editor in 0.00 ms, found 0 plugins.
Preloading 0 native plugins for Editor in 0.00 ms.
Asset Pipeline Refresh (id=f483a1c9a708e844d88588af86e8caaa): Total: 0.005 seconds - Initiated by StopAssetImportingV2(NoUpdateAssetOptions)
Start importing Assets/AreaBattle/Resources/Recovered/Outgame/Sprites/CAB-792f0579f07cf3d654eb47fd5e973bca_-8250335245719486828.png using Guid(0a95ee133b5073544b06b0a9f29b4512) (TextureImporter) -> (artifact id: 'ca41ba40c3f262c744928ee64923613d') in 0.001621 seconds
Refreshing native plugins compatible for Editor in 0.00 ms, found 0 plugins.
Preloading 0 native plugins for Editor in 0.00 ms.
Asset Pipeline Refresh (id=bd92f70492cf62c42b7ce7a9dc844452): Total: 0.005 seconds - Initiated by StopAssetImportingV2(NoUpdateAssetOptions)
Start importing Assets/AreaBattle/Resources/Recovered/Outgame/Sprites/CAB-792f0579f07cf3d654eb47fd5e973bca_-8250335245719486828.png using Guid(0a95ee133b5073544b06b0a9f29b4512) (TextureImporter) -> (artifact id: 'ca41ba40c3f262c744928ee64923613d') in 0.0016585 seconds
Refreshing native plugins compatible for Editor in 0.00 ms, found 0 plugins.
Preloading 0 native plugins for Editor in 0.00 ms.
Asset Pipeline Refresh (id=092a3fa677f411540805e64c1b180756): Total: 0.005 seconds - Initiated by StopAssetImportingV2(NoUpdateAssetOptions)
Start importing Assets/AreaBattle/Resources/Recovered/Outgame/Sprites/CAB-792f0579f07cf3d654eb47fd5e973bca_-6932470282978226757.png using Guid(3600f4969d051324cb3c14ef20472f49) (TextureImporter) -> (artifact id: '0740ce2c92001e3c839f25cd1757fe1e') in 0.0009916 seconds
Refreshing native plugins compatible for Editor in 0.00 ms, found 0 plugins.
Preloading 0 native plugins for Editor in 0.00 ms.
Asset Pipeline Refresh (id=174f83903f70bdf4fad9b748c9e5e0b5): Total: 0.004 seconds - Initiated by StopAssetImportingV2(NoUpdateAssetOptions)
Start importing Assets/AreaBattle/Resources/Recovered/Outgame/Sprites/CAB-792f0579f07cf3d654eb47fd5e973bca_-6932470282978226757.png using Guid(3600f4969d051324cb3c14ef20472f49) (TextureImporter) -> (artifact id: '0740ce2c92001e3c839f25cd1757fe1e') in 0.000953 seconds
Refreshing native plugins compatible for Editor in 0.00 ms, found 0 plugins.
Preloading 0 native plugins for Editor in 0.00 ms.
Asset Pipeline Refresh (id=b42cc40f380d4614a882cc7519610d2e): Total: 0.005 seconds - Initiated by StopAssetImportingV2(NoUpdateAssetOptions)
Start importing Assets/AreaBattle/Resources/Recovered/Outgame/Sprites/CAB-792f0579f07cf3d654eb47fd5e973bca_-2320101112833093935.png using Guid(c477b2c074242d344be56bf4efe1cb62) (TextureImporter) -> (artifact id: '1e233f73d7361a6cda9d17c86521318a') in 0.0010241 seconds
Refreshing native plugins compatible for Editor in 0.00 ms, found 0 plugins.
Preloading 0 native plugins for Editor in 0.00 ms.
Asset Pipeline Refresh (id=622b4cc2d66069240a1ee7d7671b636a): Total: 0.005 seconds - Initiated by StopAssetImportingV2(NoUpdateAssetOptions)
Start importing Assets/AreaBattle/Resources/Recovered/Outgame/Sprites/CAB-792f0579f07cf3d654eb47fd5e973bca_-2320101112833093935.png using Guid(c477b2c074242d344be56bf4efe1cb62) (TextureImporter) -> (artifact id: '1e233f73d7361a6cda9d17c86521318a') in 0.0009656 seconds
Refreshing native plugins compatible for Editor in 0.00 ms, found 0 plugins.
Preloading 0 native plugins for Editor in 0.00 ms.
Asset Pipeline Refresh (id=941d4aa732190fc44a9e308f3c9d2db1): Total: 0.005 seconds - Initiated by StopAssetImportingV2(NoUpdateAssetOptions)
Start importing Assets/AreaBattle/Resources/Recovered/Outgame/Sprites/CAB-792f0579f07cf3d654eb47fd5e973bca_-2862215400734914101.png using Guid(e0e618144cbc52c4599af251c6bcc6ed) (TextureImporter) -> (artifact id: '11d551d984c00c6ff41dac2e2195d2aa') in 0.0012406 seconds
Refreshing native plugins compatible for Editor in 0.00 ms, found 0 plugins.
Preloading 0 native plugins for Editor in 0.00 ms.
Asset Pipeline Refresh (id=595d4c77722011348a96ad8da9cbcd1e): Total: 0.005 seconds - Initiated by StopAssetImportingV2(NoUpdateAssetOptions)
Start importing Assets/AreaBattle/Resources/Recovered/Outgame/Sprites/CAB-792f0579f07cf3d654eb47fd5e973bca_-2862215400734914101.png using Guid(e0e618144cbc52c4599af251c6bcc6ed) (TextureImporter) -> (artifact id: '11d551d984c00c6ff41dac2e2195d2aa') in 0.0012877 seconds
Refreshing native plugins compatible for Editor in 0.00 ms, found 0 plugins.
Preloading 0 native plugins for Editor in 0.00 ms.
Asset Pipeline Refresh (id=4c412bf6cc54f9848ba6fad466d0a147): Total: 0.005 seconds - Initiated by StopAssetImportingV2(NoUpdateAssetOptions)
Start importing Assets/AreaBattle/Resources/Recovered/Outgame/Sprites/CAB-792f0579f07cf3d654eb47fd5e973bca_1986910754986718624.png using Guid(0e933bd379e9fc146ac6f42657ab8c71) (TextureImporter) -> (artifact id: 'dcaccd8c5147198807afcf04f08809aa') in 0.0011889 seconds
Refreshing native plugins compatible for Editor in 0.00 ms, found 0 plugins.
Preloading 0 native plugins for Editor in 0.00 ms.
Asset Pipeline Refresh (id=c8279152190125a4fa45c7e1dd5ac47d): Total: 0.005 seconds - Initiated by StopAssetImportingV2(NoUpdateAssetOptions)
Start importing Assets/AreaBattle/Resources/Recovered/Outgame/Sprites/CAB-792f0579f07cf3d654eb47fd5e973bca_1986910754986718624.png using Guid(0e933bd379e9fc146ac6f42657ab8c71) (TextureImporter) -> (artifact id: 'dcaccd8c5147198807afcf04f08809aa') in 0.0011352 seconds
Refreshing native plugins compatible for Editor in 0.00 ms, found 0 plugins.
Preloading 0 native plugins for Editor in 0.00 ms.
Asset Pipeline Refresh (id=39e1719daed56484596dab797366f3a6): Total: 0.005 seconds - Initiated by StopAssetImportingV2(NoUpdateAssetOptions)
Start importing Assets/AreaBattle/Resources/Recovered/Outgame/Sprites/CAB-792f0579f07cf3d654eb47fd5e973bca_263898519105650310.png using Guid(48578c0884bfd0e44afa6c7667ddb874) (TextureImporter) -> (artifact id: '3f71a7339a443000665e0aadfdb8b40f') in 0.0010483 seconds
Refreshing native plugins compatible for Editor in 0.00 ms, found 0 plugins.
Preloading 0 native plugins for Editor in 0.00 ms.
Asset Pipeline Refresh (id=7b997dfd7418b3c4cb8c6957a2c09af2): Total: 0.005 seconds - Initiated by StopAssetImportingV2(NoUpdateAssetOptions)
Start importing Assets/AreaBattle/Resources/Recovered/Outgame/Sprites/CAB-792f0579f07cf3d654eb47fd5e973bca_263898519105650310.png using Guid(48578c0884bfd0e44afa6c7667ddb874) (TextureImporter) -> (artifact id: '3f71a7339a443000665e0aadfdb8b40f') in 0.0009761 seconds
Refreshing native plugins compatible for Editor in 0.00 ms, found 0 plugins.
Preloading 0 native plugins for Editor in 0.00 ms.
Asset Pipeline Refresh (id=5ae3657bd3b890f4895fc1f4def78d2f): Total: 0.005 seconds - Initiated by StopAssetImportingV2(NoUpdateAssetOptions)
Start importing Assets/AreaBattle/Resources/Recovered/Outgame/Sprites/CAB-792f0579f07cf3d654eb47fd5e973bca_1139914524574156363.png using Guid(c9eaa4352f322024faa7a897362ee1df) (TextureImporter) -> (artifact id: '6ed24c2eee13460e66e9f140f4901722') in 0.0043364 seconds
Refreshing native plugins compatible for Editor in 0.00 ms, found 0 plugins.
Preloading 0 native plugins for Editor in 0.00 ms.
Asset Pipeline Refresh (id=388e3cce9f8389f41b4bb28fddef71c0): Total: 0.008 seconds - Initiated by StopAssetImportingV2(NoUpdateAssetOptions)
Start importing Assets/AreaBattle/Resources/Recovered/Outgame/Sprites/CAB-792f0579f07cf3d654eb47fd5e973bca_1139914524574156363.png using Guid(c9eaa4352f322024faa7a897362ee1df) (TextureImporter) -> (artifact id: '6ed24c2eee13460e66e9f140f4901722') in 0.0042031 seconds
Refreshing native plugins compatible for Editor in 0.00 ms, found 0 plugins.
Preloading 0 native plugins for Editor in 0.00 ms.
Asset Pipeline Refresh (id=5675237491bfb6a4db9bc7b3d155eda1): Total: 0.008 seconds - Initiated by StopAssetImportingV2(NoUpdateAssetOptions)
Start importing Assets/AreaBattle/Resources/Recovered/Outgame/Sprites/CAB-792f0579f07cf3d654eb47fd5e973bca_-618323339400821762.png using Guid(8e9e2f6ba7236e845b9ccb4f7ce5fa5d) (TextureImporter) -> (artifact id: '1c414749eab955d75d9c6839ba3351d9') in 0.0034921 seconds
Refreshing native plugins compatible for Editor in 0.00 ms, found 0 plugins.
Preloading 0 native plugins for Editor in 0.00 ms.
Asset Pipeline Refresh (id=e1ba957e166abe84497ef376828a4556): Total: 0.007 seconds - Initiated by StopAssetImportingV2(NoUpdateAssetOptions)
Start importing Assets/AreaBattle/Resources/Recovered/Outgame/Sprites/CAB-792f0579f07cf3d654eb47fd5e973bca_-618323339400821762.png using Guid(8e9e2f6ba7236e845b9ccb4f7ce5fa5d) (TextureImporter) -> (artifact id: '1c414749eab955d75d9c6839ba3351d9') in 0.0034296 seconds
Refreshing native plugins compatible for Editor in 0.00 ms, found 0 plugins.
Preloading 0 native plugins for Editor in 0.00 ms.
Asset Pipeline Refresh (id=1602dc1497331804bb506f10dd97f7b5): Total: 0.007 seconds - Initiated by StopAssetImportingV2(NoUpdateAssetOptions)
Start importing Assets/AreaBattle/Resources/Recovered/Outgame/Sprites/CAB-792f0579f07cf3d654eb47fd5e973bca_-5801682987526312979.png using Guid(833bedd98b0881245975845e0ac0f5b9) (TextureImporter) -> (artifact id: 'cc151df4392a714fa94b49ecf60edc9f') in 0.0017439 seconds
Refreshing native plugins compatible for Editor in 0.00 ms, found 0 plugins.
Preloading 0 native plugins for Editor in 0.00 ms.
Asset Pipeline Refresh (id=06caa710f87c5e34697482b474f042d3): Total: 0.005 seconds - Initiated by StopAssetImportingV2(NoUpdateAssetOptions)
Start importing Assets/AreaBattle/Resources/Recovered/Outgame/Sprites/CAB-792f0579f07cf3d654eb47fd5e973bca_-5801682987526312979.png using Guid(833bedd98b0881245975845e0ac0f5b9) (TextureImporter) -> (artifact id: 'cc151df4392a714fa94b49ecf60edc9f') in 0.0016025 seconds
Refreshing native plugins compatible for Editor in 0.00 ms, found 0 plugins.
Preloading 0 native plugins for Editor in 0.00 ms.
Asset Pipeline Refresh (id=939d3ea2e65f9754fba75212c3bca096): Total: 0.005 seconds - Initiated by StopAssetImportingV2(NoUpdateAssetOptions)
Start importing Assets/AreaBattle/Resources/Recovered/Outgame/Sprites/CAB-792f0579f07cf3d654eb47fd5e973bca_-4315546867442323447.png using Guid(61a6fd5d2c4693d469f9da25174b1f1d) (TextureImporter) -> (artifact id: '927e3d17e58fc8b21b464bf0ccdb7055') in 0.0012867 seconds
Refreshing native plugins compatible for Editor in 0.00 ms, found 0 plugins.
Preloading 0 native plugins for Editor in 0.00 ms.
Asset Pipeline Refresh (id=beee328be6efdfe4b85b34b5bc76eb6e): Total: 0.005 seconds - Initiated by StopAssetImportingV2(NoUpdateAssetOptions)
Start importing Assets/AreaBattle/Resources/Recovered/Outgame/Sprites/CAB-792f0579f07cf3d654eb47fd5e973bca_-4315546867442323447.png using Guid(61a6fd5d2c4693d469f9da25174b1f1d) (TextureImporter) -> (artifact id: '927e3d17e58fc8b21b464bf0ccdb7055') in 0.0018013 seconds
Refreshing native plugins compatible for Editor in 0.00 ms, found 0 plugins.
Preloading 0 native plugins for Editor in 0.00 ms.
Asset Pipeline Refresh (id=99669f11c93be8f40bfd3e1f69f3d8f2): Total: 0.005 seconds - Initiated by StopAssetImportingV2(NoUpdateAssetOptions)
Start importing Assets/AreaBattle/Resources/Recovered/Outgame/Sprites/CAB-792f0579f07cf3d654eb47fd5e973bca_8872663584802208025.png using Guid(7d6048675b58ab641b5442272995cbb3) (TextureImporter) -> (artifact id: '73137b602168075ec4a4a5630474036e') in 0.0026143 seconds
Refreshing native plugins compatible for Editor in 0.00 ms, found 0 plugins.
Preloading 0 native plugins for Editor in 0.00 ms.
Asset Pipeline Refresh (id=a7bdc0b2cf4f43444ac89555a0c799c8): Total: 0.006 seconds - Initiated by StopAssetImportingV2(NoUpdateAssetOptions)
Start importing Assets/AreaBattle/Resources/Recovered/Outgame/Sprites/CAB-792f0579f07cf3d654eb47fd5e973bca_8872663584802208025.png using Guid(7d6048675b58ab641b5442272995cbb3) (TextureImporter) -> (artifact id: '73137b602168075ec4a4a5630474036e') in 0.0023193 seconds
Refreshing native plugins compatible for Editor in 0.00 ms, found 0 plugins.
Preloading 0 native plugins for Editor in 0.00 ms.
Asset Pipeline Refresh (id=2b967d42c18767643bbff53e1c2c70f1): Total: 0.006 seconds - Initiated by StopAssetImportingV2(NoUpdateAssetOptions)
Start importing Assets/AreaBattle/Resources/Recovered/Outgame/Sprites/CAB-792f0579f07cf3d654eb47fd5e973bca_-5574788738057904681.png using Guid(50bec8c8d285d984e8aef1b8c4c32021) (TextureImporter) -> (artifact id: 'e4ec90b91c4f02a33f61b26a7413afde') in 0.0014758 seconds
Refreshing native plugins compatible for Editor in 0.00 ms, found 0 plugins.
Preloading 0 native plugins for Editor in 0.00 ms.
Asset Pipeline Refresh (id=5707977cc46170d4cbccabc5e7ad525d): Total: 0.005 seconds - Initiated by StopAssetImportingV2(NoUpdateAssetOptions)
Start importing Assets/AreaBattle/Resources/Recovered/Outgame/Sprites/CAB-792f0579f07cf3d654eb47fd5e973bca_-5574788738057904681.png using Guid(50bec8c8d285d984e8aef1b8c4c32021) (TextureImporter) -> (artifact id: 'e4ec90b91c4f02a33f61b26a7413afde') in 0.0012302 seconds
Refreshing native plugins compatible for Editor in 0.00 ms, found 0 plugins.
Preloading 0 native plugins for Editor in 0.00 ms.
Asset Pipeline Refresh (id=185fd4efb4db2974da6ba5d180d8cd6c): Total: 0.005 seconds - Initiated by StopAssetImportingV2(NoUpdateAssetOptions)
Start importing Assets/AreaBattle/Resources/Recovered/Outgame/Sprites/CAB-792f0579f07cf3d654eb47fd5e973bca_351421032368338370.png using Guid(51dbd6401fe58544a8279329eff18768) (TextureImporter) -> (artifact id: '885e2dd58c7a93bbe371d64019133404') in 0.0011915 seconds
Refreshing native plugins compatible for Editor in 0.00 ms, found 0 plugins.
Preloading 0 native plugins for Editor in 0.00 ms.
Asset Pipeline Refresh (id=50d100ea16b460a43ad8d11343b9753d): Total: 0.005 seconds - Initiated by StopAssetImportingV2(NoUpdateAssetOptions)
Start importing Assets/AreaBattle/Resources/Recovered/Outgame/Sprites/CAB-792f0579f07cf3d654eb47fd5e973bca_351421032368338370.png using Guid(51dbd6401fe58544a8279329eff18768) (TextureImporter) -> (artifact id: '885e2dd58c7a93bbe371d64019133404') in 0.0011312 seconds
Refreshing native plugins compatible for Editor in 0.00 ms, found 0 plugins.
Preloading 0 native plugins for Editor in 0.00 ms.
Asset Pipeline Refresh (id=66cf9c84e7938514f93fb196d216a87c): Total: 0.005 seconds - Initiated by StopAssetImportingV2(NoUpdateAssetOptions)
Start importing Assets/AreaBattle/Resources/Recovered/Outgame/Sprites/CAB-792f0579f07cf3d654eb47fd5e973bca_8405129520969696233.png using Guid(9656cc62c9e84e64094f55746d4ab64b) (TextureImporter) -> (artifact id: 'f4d1c04a928bc5513fcf96be91a731f8') in 0.0034075 seconds
Refreshing native plugins compatible for Editor in 0.00 ms, found 0 plugins.
Preloading 0 native plugins for Editor in 0.00 ms.
Asset Pipeline Refresh (id=fb59e52eb9787b84b87eb36ee9cbfdab): Total: 0.007 seconds - Initiated by StopAssetImportingV2(NoUpdateAssetOptions)
Start importing Assets/AreaBattle/Resources/Recovered/Outgame/Sprites/CAB-792f0579f07cf3d654eb47fd5e973bca_8405129520969696233.png using Guid(9656cc62c9e84e64094f55746d4ab64b) (TextureImporter) -> (artifact id: 'f4d1c04a928bc5513fcf96be91a731f8') in 0.0037121 seconds
Refreshing native plugins compatible for Editor in 0.00 ms, found 0 plugins.
Preloading 0 native plugins for Editor in 0.00 ms.
Asset Pipeline Refresh (id=300a7a0061409cf45ad3c09c8ed50f59): Total: 0.008 seconds - Initiated by StopAssetImportingV2(NoUpdateAssetOptions)
Start importing Assets/AreaBattle/Resources/Recovered/Outgame/Sprites/CAB-792f0579f07cf3d654eb47fd5e973bca_8637971076579629007.png using Guid(535a2e06aa73733438a89c0d3adb911a) (TextureImporter) -> (artifact id: '03abf541bd854ceec4c20b3814ad6c6b') in 0.0024783 seconds
Refreshing native plugins compatible for Editor in 0.00 ms, found 0 plugins.
Preloading 0 native plugins for Editor in 0.00 ms.
Asset Pipeline Refresh (id=b7ee6989e90c2564f9f2fa9a1d55901a): Total: 0.006 seconds - Initiated by StopAssetImportingV2(NoUpdateAssetOptions)
Start importing Assets/AreaBattle/Resources/Recovered/Outgame/Sprites/CAB-792f0579f07cf3d654eb47fd5e973bca_8637971076579629007.png using Guid(535a2e06aa73733438a89c0d3adb911a) (TextureImporter) -> (artifact id: '03abf541bd854ceec4c20b3814ad6c6b') in 0.0024974 seconds
Refreshing native plugins compatible for Editor in 0.00 ms, found 0 plugins.
Preloading 0 native plugins for Editor in 0.00 ms.
Asset Pipeline Refresh (id=01877e8c1a590d84e86dadfca8ffa85e): Total: 0.007 seconds - Initiated by StopAssetImportingV2(NoUpdateAssetOptions)
Start importing Assets/AreaBattle/Resources/Recovered/Outgame/Sprites/CAB-792f0579f07cf3d654eb47fd5e973bca_2913494975718609691.png using Guid(b522c33f60faf594393465f7898b23cd) (TextureImporter) -> (artifact id: '78192ae14ff93330309b4f5989a86df4') in 0.0015263 seconds
Refreshing native plugins compatible for Editor in 0.00 ms, found 0 plugins.
Preloading 0 native plugins for Editor in 0.00 ms.
Asset Pipeline Refresh (id=618cc06c089ec9e4ab4e5e367ba7472e): Total: 0.005 seconds - Initiated by StopAssetImportingV2(NoUpdateAssetOptions)
Start importing Assets/AreaBattle/Resources/Recovered/Outgame/Sprites/CAB-792f0579f07cf3d654eb47fd5e973bca_2913494975718609691.png using Guid(b522c33f60faf594393465f7898b23cd) (TextureImporter) -> (artifact id: '78192ae14ff93330309b4f5989a86df4') in 0.001336 seconds
Refreshing native plugins compatible for Editor in 0.00 ms, found 0 plugins.
Preloading 0 native plugins for Editor in 0.00 ms.
Asset Pipeline Refresh (id=492ba4342802f7c45b8b33af17d9d791): Total: 0.005 seconds - Initiated by StopAssetImportingV2(NoUpdateAssetOptions)
Start importing Assets/AreaBattle/Resources/Recovered/Outgame/Sprites/CAB-792f0579f07cf3d654eb47fd5e973bca_-115335406232709769.png using Guid(8223fe7fe53795345b66b35837975b0f) (TextureImporter) -> (artifact id: '7337e803f69493b6d7512922d91561a5') in 0.0016119 seconds
Refreshing native plugins compatible for Editor in 0.00 ms, found 0 plugins.
Preloading 0 native plugins for Editor in 0.00 ms.
Asset Pipeline Refresh (id=d141d1de679292e428886abd4af946a3): Total: 0.005 seconds - Initiated by StopAssetImportingV2(NoUpdateAssetOptions)
Start importing Assets/AreaBattle/Resources/Recovered/Outgame/Sprites/CAB-792f0579f07cf3d654eb47fd5e973bca_-115335406232709769.png using Guid(8223fe7fe53795345b66b35837975b0f) (TextureImporter) -> (artifact id: '7337e803f69493b6d7512922d91561a5') in 0.0014355 seconds
Refreshing native plugins compatible for Editor in 0.00 ms, found 0 plugins.
Preloading 0 native plugins for Editor in 0.00 ms.
Asset Pipeline Refresh (id=c0f8811d0e6c6404f8ac863673fe78c7): Total: 0.005 seconds - Initiated by StopAssetImportingV2(NoUpdateAssetOptions)
Start importing Assets/AreaBattle/Resources/Recovered/Outgame/Sprites/CAB-792f0579f07cf3d654eb47fd5e973bca_8956882279378107137.png using Guid(4d95be4e959f1074a8286c02393b498f) (TextureImporter) -> (artifact id: 'f96c2be8f159e5e5db064b7fc0db27f4') in 0.0020333 seconds
Refreshing native plugins compatible for Editor in 0.00 ms, found 0 plugins.
Preloading 0 native plugins for Editor in 0.00 ms.
Asset Pipeline Refresh (id=e0a0a305ab4d5bb43b9c3922c67f1926): Total: 0.006 seconds - Initiated by StopAssetImportingV2(NoUpdateAssetOptions)
Start importing Assets/AreaBattle/Resources/Recovered/Outgame/Sprites/CAB-792f0579f07cf3d654eb47fd5e973bca_8956882279378107137.png using Guid(4d95be4e959f1074a8286c02393b498f) (TextureImporter) -> (artifact id: 'f96c2be8f159e5e5db064b7fc0db27f4') in 0.0015771 seconds
Refreshing native plugins compatible for Editor in 0.00 ms, found 0 plugins.
Preloading 0 native plugins for Editor in 0.00 ms.
Asset Pipeline Refresh (id=d591fffd39fecc84dbf86d7ebe16e331): Total: 0.005 seconds - Initiated by StopAssetImportingV2(NoUpdateAssetOptions)
Start importing Assets/AreaBattle/Resources/Recovered/Outgame/Sprites/CAB-792f0579f07cf3d654eb47fd5e973bca_-624563809540653018.png using Guid(eb1754bcb6a94ec408bf75b515bfa526) (TextureImporter) -> (artifact id: 'e1e606cc6b9becc387f9cdafee51c804') in 0.0011232 seconds
Refreshing native plugins compatible for Editor in 0.00 ms, found 0 plugins.
Preloading 0 native plugins for Editor in 0.00 ms.
Asset Pipeline Refresh (id=de4c156e84df1c5418d2bdb02b663254): Total: 0.005 seconds - Initiated by StopAssetImportingV2(NoUpdateAssetOptions)
Start importing Assets/AreaBattle/Resources/Recovered/Outgame/Sprites/CAB-792f0579f07cf3d654eb47fd5e973bca_-624563809540653018.png using Guid(eb1754bcb6a94ec408bf75b515bfa526) (TextureImporter) -> (artifact id: 'e1e606cc6b9becc387f9cdafee51c804') in 0.0010847 seconds
Refreshing native plugins compatible for Editor in 0.00 ms, found 0 plugins.
Preloading 0 native plugins for Editor in 0.00 ms.
Asset Pipeline Refresh (id=0f5bfa0c46d439147af0b9cf95596b44): Total: 0.005 seconds - Initiated by StopAssetImportingV2(NoUpdateAssetOptions)
Start importing Assets/AreaBattle/Resources/Recovered/Outgame/Fonts/CAB-a14f3eb3adf948afc8e578331928efaf_6544835752251692798.ttf using Guid(c7cb7519045e4f84592da6966a24a24e) (TrueTypeFontImporter) -> (artifact id: '8a65cf0614ceaf17041510aa701f85b8') in 0.002276 seconds
Refreshing native plugins compatible for Editor in 0.00 ms, found 0 plugins.
Preloading 0 native plugins for Editor in 0.00 ms.
Asset Pipeline Refresh (id=e8c831039aed2614181c2ea23126cc1e): Total: 0.006 seconds - Initiated by StopAssetImportingV2(NoUpdateAssetOptions)
Start importing Assets/AreaBattle/Resources/Recovered/Outgame/Fonts/CAB-a14f3eb3adf948afc8e578331928efaf_-8154394059653640722.ttf using Guid(e1c19b28624cc964faa93ba4b41e5a65) (TrueTypeFontImporter) -> (artifact id: '3c4b8f7a6858d86ae278a1355ce0f097') in 0.0041462 seconds
Refreshing native plugins compatible for Editor in 0.00 ms, found 0 plugins.
Preloading 0 native plugins for Editor in 0.00 ms.
Asset Pipeline Refresh (id=ec6ab9296e102dd42a7aa44a2f819235): Total: 0.008 seconds - Initiated by StopAssetImportingV2(NoUpdateAssetOptions)
Start importing Assets/AreaBattle/Resources/Recovered/Outgame/Fonts/CAB-a14f3eb3adf948afc8e578331928efaf_6544835752251692798.ttf using Guid(c7cb7519045e4f84592da6966a24a24e) (TrueTypeFontImporter) -> (artifact id: '8a65cf0614ceaf17041510aa701f85b8') in 0.001207 seconds
Refreshing native plugins compatible for Editor in 0.00 ms, found 0 plugins.
Preloading 0 native plugins for Editor in 0.00 ms.
Asset Pipeline Refresh (id=3bf7cedba3b391e40968a30aa0333ec7): Total: 0.005 seconds - Initiated by StopAssetImportingV2(NoUpdateAssetOptions)
Asset Pipeline Refresh (id=d6fd4f50b65505e49b8b1fb0cb797ca7): Total: 0.008 seconds - Initiated by RefreshV2(NoUpdateAssetOptions)
Start importing Assets/AreaBattle/Resources/Recovered/Outgame/MenuTabUI.prefab using Guid(e86dc2c908f87ba4aa937fee134aabd3) (PrefabImporter) -> (artifact id: '4290e16e5d06aa179cb0efc26d88c844') in 0.0068814 seconds
Refreshing native plugins compatible for Editor in 0.00 ms, found 0 plugins.
Preloading 0 native plugins for Editor in 0.00 ms.
Asset Pipeline Refresh (id=d5007b35b8c842a4484184d4e2e1581c): Total: 0.013 seconds - Initiated by StopAssetImportingV2(NoUpdateAssetOptions)
Start importing Assets/AreaBattle/Resources/Recovered/Outgame/MenuTabUI.prefab using Guid(e86dc2c908f87ba4aa937fee134aabd3) (PrefabImporter) -> (artifact id: '4d81f9c23667faf47b22cd3f0697da25') in 0.0052724 seconds
Refreshing native plugins compatible for Editor in 0.00 ms, found 0 plugins.
Preloading 0 native plugins for Editor in 0.00 ms.
Asset Pipeline Refresh (id=d382f5bd43d4363499a0fa1aa81d59eb): Total: 0.014 seconds - Initiated by StopAssetImportingV2(NoUpdateAssetOptions)
Start importing Assets/AreaBattle/Resources/Recovered/Outgame/Proj_xqzdStartUI.prefab using Guid(53cc7c1daf55dc54da37289ff428fca0) (PrefabImporter) -> (artifact id: '4e3bfd817146d47fc9980f7428303f17') in 0.0072607 seconds
Refreshing native plugins compatible for Editor in 0.00 ms, found 0 plugins.
Preloading 0 native plugins for Editor in 0.00 ms.
Asset Pipeline Refresh (id=3b7f22360fefdd6428ee3d9e03ae3b01): Total: 0.013 seconds - Initiated by StopAssetImportingV2(NoUpdateAssetOptions)
Start importing Assets/AreaBattle/Resources/Recovered/Outgame/Proj_xqzdStartUI.prefab using Guid(53cc7c1daf55dc54da37289ff428fca0) (PrefabImporter) -> (artifact id: '3316274046363514adcb5e4ab950ba72') in 0.0067216 seconds
Refreshing native plugins compatible for Editor in 0.00 ms, found 0 plugins.
Preloading 0 native plugins for Editor in 0.00 ms.
Asset Pipeline Refresh (id=5cc4f3ad71ce1e44ba7c35625eff5e05): Total: 0.016 seconds - Initiated by StopAssetImportingV2(NoUpdateAssetOptions)
Start importing Assets/AreaBattle/Resources/Recovered/Outgame/CommanderUI.prefab using Guid(364007ee9c153894c8c2d01ec8762279) (PrefabImporter) -> (artifact id: '8a71267888e1050d50e303e47c982508') in 0.0081054 seconds
Refreshing native plugins compatible for Editor in 0.00 ms, found 0 plugins.
Preloading 0 native plugins for Editor in 0.00 ms.
Asset Pipeline Refresh (id=a1bea514327f1eb47b2064ba88ff846a): Total: 0.014 seconds - Initiated by StopAssetImportingV2(NoUpdateAssetOptions)
Start importing Assets/AreaBattle/Resources/Recovered/Outgame/CommanderUI.prefab using Guid(364007ee9c153894c8c2d01ec8762279) (PrefabImporter) -> (artifact id: 'fd6c52c48bfeff77d1b90b79d4e3dafc') in 0.0077104 seconds
Refreshing native plugins compatible for Editor in 0.00 ms, found 0 plugins.
Preloading 0 native plugins for Editor in 0.00 ms.
Asset Pipeline Refresh (id=3ef2160ddefeba2469dd42f3d7646a15): Total: 0.018 seconds - Initiated by StopAssetImportingV2(NoUpdateAssetOptions)
Start importing Assets/AreaBattle/Resources/Recovered/Outgame/ShopUI.prefab using Guid(3e26950b29729974ba5e9d7d5b5a54d5) (PrefabImporter) -> (artifact id: '6acd797558b15fa014e0eb9e828929e3') in 0.0113942 seconds
Refreshing native plugins compatible for Editor in 0.00 ms, found 0 plugins.
Preloading 0 native plugins for Editor in 0.00 ms.
Asset Pipeline Refresh (id=467adb5ad2b11ac468b79d7eb3261f3f): Total: 0.018 seconds - Initiated by StopAssetImportingV2(NoUpdateAssetOptions)
Start importing Assets/AreaBattle/Resources/Recovered/Outgame/ShopUI.prefab using Guid(3e26950b29729974ba5e9d7d5b5a54d5) (PrefabImporter) -> (artifact id: 'f767c976f15f6581c7f682cde6f7a675') in 0.0109689 seconds
Refreshing native plugins compatible for Editor in 0.00 ms, found 0 plugins.
Preloading 0 native plugins for Editor in 0.00 ms.
Asset Pipeline Refresh (id=05cc5fc6d078bec4b9a6d24591fffe3e): Total: 0.024 seconds - Initiated by StopAssetImportingV2(NoUpdateAssetOptions)
Start importing Assets/AreaBattle/Resources/Recovered/Outgame/hud-import.json using Guid(06b86b9c3617b4d40a61034859f8eab3) (TextScriptImporter) -> (artifact id: 'b0ebfb715a3a4086b5a644f92514ced5') in 0.0018862 seconds
Refreshing native plugins compatible for Editor in 0.00 ms, found 0 plugins.
Preloading 0 native plugins for Editor in 0.00 ms.
Asset Pipeline Refresh (id=0a521abca3f17614e84c4be5026ba213): Total: 0.007 seconds - Initiated by StopAssetImportingV2(NoUpdateAssetOptions)
[Physics::Module] Cleanup current backned.
[Physics::Module] Id: 0xf2b8ea05
Input System module state changed to: ShutdownInProgress.
Input System polling thread exited.
Input System module state changed to: Shutdown.
[Licensing::IpcConnector] LicenseClient-jiachengwei-notifications channel disconnected successfully.
[Licensing::IpcConnector] LicenseClient-jiachengwei channel disconnected successfully.
AcceleratorClientConnectionCallback - disconnected - :0
Cleanup mono
Checking for leaked weakptr:
  Found no leaked weakptrs.
[Package Manager] Server process was shutdown
##utp:{"type":"MemoryLeaks","version":2,"phase":"Immediate","time":1790666772354,"processId":50868,"allocatedMemory":15428618,"memoryLabels":[{"Default":28597},{"Permanent":15356},{"NewDelete":70537},{"Thread":4230344},{"Manager":37786},{"VertexData":8},{"Geometry":816},{"VFX":-104},{"Texture":160},{"Shader":78795},{"Material":24},{"GfxDevice":55176},{"Animation":392},{"Audio":4040},{"Font":2882904},{"FreeType":11486},{"FontEngine":256},{"Physics":2081},{"Serialization":816},{"Input":14824},{"JobScheduler":33024},{"TextLib":160},{"Mono":32},{"ScriptingNativeRuntime":155060},{"BaseObject":1704208},{"Resource":1304},{"Renderer":2928},{"Transform":4646},{"File":1016},{"WebCam":616},{"Culling":32},{"Terrain":11394},{"Wind":24},{"STL":40},{"String":304603},{"DynamicArray":88852},{"HashMap":62276},{"Utility":2662798},{"Curl":48},{"PoolAlloc":1768},{"AI":104},{"TypeTree":5005},{"ScriptManager":512},{"RuntimeInitializeOnLoadManager":64},{"SpriteAtlas":112},{"GI":7888},{"Director":8240},{"CloudService":69408},{"WebRequest":808},{"VR":45969},{"SceneManager":496},{"Video":64},{"LazyScriptCache":32},{"Camera":17},{"Secure":1},{"SerializationCache":1576},{"APIUpdating":10320},{"Subsystems":336},{"VirtualTexturing":57888},{"StaticSafetyDebugInfo":278528},{"Analytics":384},{"Hierarchy":272},{"Gui":80},{"EditorUtility":26460},{"VersionControl":4},{"Undo":947},{"AssetDatabase":2403222},{"EditorGi":328},{"UnityConnect":24184},{"Upm":2036},{"DrivenProperties":72},{"LocalIPC":217},{"ProfilerEditor":9746},{"CoreBusinessMetrics":2879},{"Licensing":1232},{"AssetReference":32},{"IPCStream":32}]}
