[Licensing::Module] Trying to connect to existing licensing client channel...
Built from '6000.0/staging' branch; Version is '6000.0.68f1 (e1e9baaf294b) revision 14805434'; Using compiler version '193933523'; Build Type 'Release'
OS: 'Windows 10  (10.0.19045) 64bit Professional' Language: 'zh' Physical Memory: 65325 MB
BatchMode: 1, IsHumanControllingUs: 0, StartBugReporterOnCrash: 0, Is64bit: 1
System  architecture: x64
[Licensing::IpcConnector] Channel LicenseClient-jiachengwei doesn't exist
Process architecture: x64
Date: 2026-09-29T07:36:05Z
[Licensing::Module] Successfully launched the LicensingClient (PId: 36976)

COMMAND LINE ARGUMENTS:
C:\Program Files\Unity\Hub\Editor\6000.0.68f1\Editor\Unity.exe
-batchmode
-projectPath
E:/Projects/AreaBattle/UnityProject
-executeMethod
AreaBattle.EditorTools.RecoveredHudImporter.ImportOutgameBatch
-logFile
E:/Projects/AreaBattle/analysis/unity-outgame-commanderview-import.log
Successfully changed project path to: E:/Projects/AreaBattle/UnityProject
E:/Projects/AreaBattle/UnityProject
[UnityMemory] Configuration Parameters - Can be set up in boot.config
    "memorysetup-bucket-allocator-granularity=16"
    "memorysetup-bucket-allocator-bucket-count=8"
    "memorysetup-bucket-allocator-block-size=33554432"
    "memorysetup-bucket-allocator-block-count=8"
    "memorysetup-main-allocator-block-size=16777216"
    "memorysetup-thread-allocator-block-size=16777216"
    "memorysetup-gfx-main-allocator-block-size=16777216"
    "memorysetup-gfx-thread-allocator-block-size=16777216"
    "memorysetup-cache-allocator-block-size=4194304"
    "memorysetup-typetree-allocator-block-size=2097152"
    "memorysetup-profiler-bucket-allocator-granularity=16"
    "memorysetup-profiler-bucket-allocator-bucket-count=8"
    "memorysetup-profiler-bucket-allocator-block-size=33554432"
    "memorysetup-profiler-bucket-allocator-block-count=8"
    "memorysetup-profiler-allocator-block-size=16777216"
    "memorysetup-profiler-editor-allocator-block-size=1048576"
    "memorysetup-temp-allocator-size-main=16777216"
    "memorysetup-job-temp-allocator-block-size=2097152"
    "memorysetup-job-temp-allocator-block-size-background=1048576"
    "memorysetup-job-temp-allocator-reduction-small-platforms=262144"
    "memorysetup-allocator-temp-initial-block-size-main=262144"
    "memorysetup-allocator-temp-initial-block-size-worker=262144"
    "memorysetup-temp-allocator-size-background-worker=32768"
    "memorysetup-temp-allocator-size-job-worker=262144"
    "memorysetup-temp-allocator-size-preload-manager=33554432"
    "memorysetup-temp-allocator-size-nav-mesh-worker=65536"
    "memorysetup-temp-allocator-size-audio-worker=65536"
    "memorysetup-temp-allocator-size-cloud-worker=32768"
    "memorysetup-temp-allocator-size-gi-baking-worker=262144"
    "memorysetup-temp-allocator-size-gi-baking-worker=262144"
    "memorysetup-temp-allocator-size-gi-baking-worker=262144"
    "memorysetup-temp-allocator-size-gi-baking-worker=262144"
    "memorysetup-temp-allocator-size-gi-baking-worker=262144"
    "memorysetup-temp-allocator-size-gfx=262144"
Player connection [47268]  Target information:

Player connection [47268]  * "[IP] 192.168.12.13 [Port] 55506 [Flags] 2 [Guid] 4056437405 [EditorId] 4056437405 [Version] 1048832 [Id] WindowsEditor(7,DESKTOP-H2NB5JD) [Debug] 1 [PackageName] WindowsEditor [ProjectName] Editor" 

Player connection [47268] Host joined multi-casting on [225.0.0.222:54997]...
Player connection [47268] Host joined alternative multi-casting on [225.0.0.222:34997]...
Input System module state changed to: Initialized.
[Physics::Module] Initialized fallback backend.
[Physics::Module] Id: 0xdecafbad
[Licensing::IpcConnector] Successfully connected to: "LicenseClient-jiachengwei" at "2026-09-29T07:36:05.8538153Z"
[Package Manager] Connected to IPC stream "Upm-50168" after 0.2 seconds.
Library Redirect Path: Library/
[Physics::Module] Selected backend.
[Physics::Module] Name: PhysX
[Physics::Module] Id: 0xf2b8ea05
[Physics::Module] SDK Version: 4.1.2
[Physics::Module] Integration Version: 1.0.0
[Physics::Module] Threading Mode: Multi-Threaded
Refreshing native plugins compatible for Editor in 0.00 ms, found 0 plugins.
Preloading 0 native plugins for Editor in 0.00 ms.
Initialize engine version: 6000.0.68f1 (e1e9baaf294b)
[Subsystems] Discovering subsystems at path C:/Program Files/Unity/Hub/Editor/6000.0.68f1/Editor/Data/Resources/UnitySubsystems
[Subsystems] Discovering subsystems at path E:/Projects/AreaBattle/UnityProject/Assets
GfxDevice: creating device client; kGfxThreadingModeNonThreaded
Direct3D:
    Version:  Direct3D 11.0 [level 11.1]
    Renderer: NVIDIA GeForce RTX 3070 (ID=0x2488)
    Vendor:   NVIDIA
    VRAM:     8018 MB
    Driver:   32.0.15.8180
Initialize mono
Mono path[0] = 'C:/Program Files/Unity/Hub/Editor/6000.0.68f1/Editor/Data/Managed'
Mono path[1] = 'C:/Program Files/Unity/Hub/Editor/6000.0.68f1/Editor/Data/MonoBleedingEdge/lib/mono/unityjit-win32'
Mono config path = 'C:/Program Files/Unity/Hub/Editor/6000.0.68f1/Editor/Data/MonoBleedingEdge/etc'
Using monoOptions --debugger-agent=transport=dt_socket,embedding=1,server=y,suspend=n,address=127.0.0.1:56168
Using cacheserver namespaces - metadata:defaultmetadata, artifacts:defaultartifacts
Using cacheserver namespaces - metadata:defaultmetadata, artifacts:defaultartifacts
ImportWorker Server TCP listen port: 0
AcceleratorClientConnectionCallback - disconnected - :0
Begin MonoManager ReloadAssembly
Registering precompiled unity dll's ...
Register platform support module: C:/Program Files/Unity/Hub/Editor/6000.0.68f1/Editor/Data/PlaybackEngines/WindowsStandaloneSupport/UnityEditor.WindowsStandalone.Extensions.dll
[Licensing::Module] Licensing is not yet initialized.
[Licensing::Client] Code 3 while verifying Licensing Client signature (process Id: 36976, path: "C:/Program Files/Unity/Hub/Editor/6000.0.68f1/Editor/Data/Resources/Licensing/Client/Unity.Licensing.Client.exe")
[Licensing::Module] LicensingClient has failed validation; ignoring
[Licensing::Client] Handshaking with LicensingClient:
  Version:                 1.17.4+4293ba1
  Session Id:              680ce9c6b87c4076bcbebcbb9e1e9e5c
  Correlation Id:          a9c122b2f3132e75e3dd23e4d0a9faf4
  External correlation Id: 6001841481652984198
  Machine Id:              9cQkwGhPtCyHx8hTJUSXA0S3txg=
[Licensing::Module] Successfully connected to LicensingClient on channel: "LicenseClient-jiachengwei" (connect: 0.25s, validation: 0.06s, handshake: 2.88s)
[Licensing::IpcConnector] Successfully connected to: "LicenseClient-jiachengwei-notifications" at "2026-09-29T07:36:08.7945951Z"
[Licensing::Module] Connected to LicensingClient (PId: 36976, launch time: 0.00, total connection time: 3.19s)
[Licensing::Module] Error: Access token is unavailable; failed to update
[Licensing::Client] Successfully resolved entitlement details
[Licensing::Module] License group:
  Id: 00-0000-0000-0000-0000-XXXX
  Product: Unity Pro
  Type: ULF
  Expiration: Unlimited
[Licensing::Client] Successfully updated license, isAsync: True, time: 0.00
[Licensing::Client] Successfully resolved entitlement details
[Licensing::Module] Licensing Background thread has ended after 3.20s
[Licensing::Module] Licensing is initialized (took 2.58s).
[Licensing::Client] Successfully resolved entitlement details
Register platform support module: C:/Program Files/Unity/Hub/Editor/6000.0.68f1/Editor/Data/PlaybackEngines/AndroidPlayer/UnityEditor.Android.Extensions.dll
Registered in 2.585052 seconds.
- Loaded All Assemblies, in  2.801 seconds
Native extension for Android target not found
Unauthorized device detected, Id: 7afd45a, please add debug authorization and reconnect.
UnityEngine.Debug:ExtractStackTraceNoAlloc (byte*,int,string)
UnityEngine.StackTraceUtility:ExtractStackTrace ()
UnityEngine.DebugLogHandler:Internal_Log (UnityEngine.LogType,UnityEngine.LogOption,string,UnityEngine.Object)
UnityEngine.DebugLogHandler:LogFormat (UnityEngine.LogType,UnityEngine.Object,string,object[])
UnityEngine.Logger:LogFormat (UnityEngine.LogType,string,object[])
UnityEngine.Debug:LogFormat (string,object[])
UnityEditor.Android.AndroidDeploymentTargetsExtension:GetKnownTargets (UnityEditor.DeploymentTargets.IDeploymentTargetsMainThreadContext,UnityEditor.ProgressHandler) (at /home/bokken/build/output/unity/unity/PlatformDependent/AndroidPlayer/Editor/Managed/DeploymentTargets/AndroidDeploymentTargetsExtension.cs:397)
UnityEditor.Android.TargetScanWorker:ScanSync () (at /home/bokken/build/output/unity/unity/PlatformDependent/AndroidPlayer/Editor/Managed/TargetScanWorker.cs:164)
UnityEditor.Android.TargetExtension:OnUsbDevicesChanged (UnityEditor.Hardware.UsbDevice[]) (at /home/bokken/build/output/unity/unity/PlatformDependent/AndroidPlayer/Editor/Managed/ExtensionModule.cs:106)
UnityEditor.Android.TargetExtension:OnLoad () (at /home/bokken/build/output/unity/unity/PlatformDependent/AndroidPlayer/Editor/Managed/ExtensionModule.cs:67)
UnityEditor.Modules.ModuleManager:InitializePlatformSupportModules ()

(Filename: /home/bokken/build/output/unity/unity/PlatformDependent/AndroidPlayer/Editor/Managed/DeploymentTargets/AndroidDeploymentTargetsExtension.cs Line: 397)

Android Extension - Scanning For ADB Devices 75 ms
Native extension for WindowsStandalone target not found
Mono: successfully reloaded assembly
- Finished resetting the current domain, in  0.272 seconds
Domain Reload Profiling: 3072ms
	BeginReloadAssembly (73ms)
		ExecutionOrderSort (0ms)
		DisableScriptedObjects (0ms)
		BackupInstance (0ms)
		ReleaseScriptingObjects (0ms)
		CreateAndSetChildDomain (0ms)
	RebuildCommonClasses (21ms)
	RebuildNativeTypeToScriptingClass (7ms)
	initialDomainReloadingComplete (2612ms)
	LoadAllAssembliesAndSetupDomain (88ms)
		LoadAssemblies (71ms)
		RebuildTransferFunctionScriptingTraits (0ms)
		AnalyzeDomain (86ms)
			TypeCache.Refresh (85ms)
				TypeCache.ScanAssembly (77ms)
			BuildScriptInfoCaches (0ms)
			ResolveRequiredComponents (0ms)
	FinalizeReload (272ms)
		ReleaseScriptCaches (0ms)
		RebuildScriptCaches (0ms)
		SetupLoadedEditorAssemblies (253ms)
			LogAssemblyErrors (0ms)
			InitializePlatformSupportModulesInManaged (121ms)
			SetLoadedEditorAssemblies (2ms)
			BeforeProcessingInitializeOnLoad (31ms)
			ProcessInitializeOnLoadAttributes (67ms)
			ProcessInitializeOnLoadMethodAttributes (32ms)
			AfterProcessingInitializeOnLoad (0ms)
			EditorAssembliesLoaded (0ms)
		ExecutionOrderSort2 (0ms)
		AwakeInstancesAfterBackupRestoration (0ms)
[Licensing::Client] Successfully resolved entitlement details
Application.AssetDatabase Initial Refresh Start
Package Manager log level set to [2]
[Package Manager] Restoring resolved packages state from cache
[Licensing::Client] Successfully resolved entitlement details
[Package Manager] Registered 36 packages:
  Built-in packages:
    com.unity.ugui@2.0.0 (location: E:\Projects\AreaBattle\UnityProject\Library\PackageCache\com.unity.ugui@cec3688a7c38)
    com.unity.multiplayer.center@1.0.0 (location: E:\Projects\AreaBattle\UnityProject\Library\PackageCache\com.unity.multiplayer.center@f3fb577b3546)
    com.unity.modules.accessibility@1.0.0 (location: E:\Projects\AreaBattle\UnityProject\Library\PackageCache\com.unity.modules.accessibility)
    com.unity.modules.ai@1.0.0 (location: E:\Projects\AreaBattle\UnityProject\Library\PackageCache\com.unity.modules.ai)
    com.unity.modules.androidjni@1.0.0 (location: E:\Projects\AreaBattle\UnityProject\Library\PackageCache\com.unity.modules.androidjni)
    com.unity.modules.animation@1.0.0 (location: E:\Projects\AreaBattle\UnityProject\Library\PackageCache\com.unity.modules.animation)
    com.unity.modules.assetbundle@1.0.0 (location: E:\Projects\AreaBattle\UnityProject\Library\PackageCache\com.unity.modules.assetbundle)
    com.unity.modules.audio@1.0.0 (location: E:\Projects\AreaBattle\UnityProject\Library\PackageCache\com.unity.modules.audio)
    com.unity.modules.cloth@1.0.0 (location: E:\Projects\AreaBattle\UnityProject\Library\PackageCache\com.unity.modules.cloth)
    com.unity.modules.director@1.0.0 (location: E:\Projects\AreaBattle\UnityProject\Library\PackageCache\com.unity.modules.director)
    com.unity.modules.imageconversion@1.0.0 (location: E:\Projects\AreaBattle\UnityProject\Library\PackageCache\com.unity.modules.imageconversion)
    com.unity.modules.imgui@1.0.0 (location: E:\Projects\AreaBattle\UnityProject\Library\PackageCache\com.unity.modules.imgui)
    com.unity.modules.jsonserialize@1.0.0 (location: E:\Projects\AreaBattle\UnityProject\Library\PackageCache\com.unity.modules.jsonserialize)
    com.unity.modules.particlesystem@1.0.0 (location: E:\Projects\AreaBattle\UnityProject\Library\PackageCache\com.unity.modules.particlesystem)
    com.unity.modules.physics@1.0.0 (location: E:\Projects\AreaBattle\UnityProject\Library\PackageCache\com.unity.modules.physics)
    com.unity.modules.physics2d@1.0.0 (location: E:\Projects\AreaBattle\UnityProject\Library\PackageCache\com.unity.modules.physics2d)
    com.unity.modules.screencapture@1.0.0 (location: E:\Projects\AreaBattle\UnityProject\Library\PackageCache\com.unity.modules.screencapture)
    com.unity.modules.terrain@1.0.0 (location: E:\Projects\AreaBattle\UnityProject\Library\PackageCache\com.unity.modules.terrain)
    com.unity.modules.terrainphysics@1.0.0 (location: E:\Projects\AreaBattle\UnityProject\Library\PackageCache\com.unity.modules.terrainphysics)
    com.unity.modules.tilemap@1.0.0 (location: E:\Projects\AreaBattle\UnityProject\Library\PackageCache\com.unity.modules.tilemap)
    com.unity.modules.ui@1.0.0 (location: E:\Projects\AreaBattle\UnityProject\Library\PackageCache\com.unity.modules.ui)
    com.unity.modules.uielements@1.0.0 (location: E:\Projects\AreaBattle\UnityProject\Library\PackageCache\com.unity.modules.uielements)
    com.unity.modules.umbra@1.0.0 (location: E:\Projects\AreaBattle\UnityProject\Library\PackageCache\com.unity.modules.umbra)
    com.unity.modules.unityanalytics@1.0.0 (location: E:\Projects\AreaBattle\UnityProject\Library\PackageCache\com.unity.modules.unityanalytics)
    com.unity.modules.unitywebrequest@1.0.0 (location: E:\Projects\AreaBattle\UnityProject\Library\PackageCache\com.unity.modules.unitywebrequest)
    com.unity.modules.unitywebrequestassetbundle@1.0.0 (location: E:\Projects\AreaBattle\UnityProject\Library\PackageCache\com.unity.modules.unitywebrequestassetbundle)
    com.unity.modules.unitywebrequestaudio@1.0.0 (location: E:\Projects\AreaBattle\UnityProject\Library\PackageCache\com.unity.modules.unitywebrequestaudio)
    com.unity.modules.unitywebrequesttexture@1.0.0 (location: E:\Projects\AreaBattle\UnityProject\Library\PackageCache\com.unity.modules.unitywebrequesttexture)
    com.unity.modules.unitywebrequestwww@1.0.0 (location: E:\Projects\AreaBattle\UnityProject\Library\PackageCache\com.unity.modules.unitywebrequestwww)
    com.unity.modules.vehicles@1.0.0 (location: E:\Projects\AreaBattle\UnityProject\Library\PackageCache\com.unity.modules.vehicles)
    com.unity.modules.video@1.0.0 (location: E:\Projects\AreaBattle\UnityProject\Library\PackageCache\com.unity.modules.video)
    com.unity.modules.vr@1.0.0 (location: E:\Projects\AreaBattle\UnityProject\Library\PackageCache\com.unity.modules.vr)
    com.unity.modules.wind@1.0.0 (location: E:\Projects\AreaBattle\UnityProject\Library\PackageCache\com.unity.modules.wind)
    com.unity.modules.xr@1.0.0 (location: E:\Projects\AreaBattle\UnityProject\Library\PackageCache\com.unity.modules.xr)
    com.unity.modules.subsystems@1.0.0 (location: E:\Projects\AreaBattle\UnityProject\Library\PackageCache\com.unity.modules.subsystems)
    com.unity.modules.hierarchycore@1.0.0 (location: E:\Projects\AreaBattle\UnityProject\Library\PackageCache\com.unity.modules.hierarchycore)
[Subsystems] No new subsystems found in resolved package list.
[Package Manager] Done registering packages in 0.00 seconds
[ScriptCompilation] Requested script compilation because: Assetdatabase observed changes in script compilation related files
Starting: C:\Program Files\Unity\Hub\Editor\6000.0.68f1\Editor\Data\bee_backend.exe --ipc --defer-dag-verification --dagfile="Library/Bee/1900b0aE.dag" --continue-on-failure --profile="Library/Bee/backend1.traceevents" ScriptAssemblies
WorkingDir: E:/Projects/AreaBattle/UnityProject
DisplayProgressbar: Compiling Scripts
ExitCode: 4 Duration: 0s205ms
Rebuilding DAG because FileSignature timestamp changed: Library/Bee/1900b0aE-inputdata.json
[207/213    0s] Csc Library/Bee/artifacts/1900b0aE.dag/Assembly-CSharp.dll (+2 others)
Assets\AreaBattle\ThirdParty\Spine41\spine-unity\Components\RootMotion\SkeletonRootMotionBase.cs(195,7): warning CS0618: 'Rigidbody2D.velocity' is obsolete: 'Please use Rigidbody2D.linearVelocity instead. (UnityUpgradable) -> linearVelocity'

Assets\AreaBattle\ThirdParty\Spine41\spine-unity\Components\RootMotion\SkeletonRootMotionBase.cs(197,8): warning CS0618: 'Rigidbody2D.velocity' is obsolete: 'Please use Rigidbody2D.linearVelocity instead. (UnityUpgradable) -> linearVelocity'

Assets\AreaBattle\ThirdParty\Spine41\spine-unity\Components\SkeletonUtility\SkeletonUtility.cs(126,5): warning CS0618: 'Rigidbody2D.isKinematic' is obsolete: 'Please use Rigidbody2D.bodyType instead.'

Assets\AreaBattle\ThirdParty\Spine41\spine-unity\Components\EditorSkeletonPlayer.cs(57,51): warning CS0618: 'Object.FindObjectsOfType<T>()' is obsolete: 'Object.FindObjectsOfType has been deprecated. Use Object.FindObjectsByType instead which lets you decide whether you need the results sorted or not.  FindObjectsOfType sorts the results by InstanceID but if you do not need this using FindObjectSortMode.None is considerably faster.'

Assets\AreaBattle\ThirdParty\Spine41\spine-unity\Components\Following\BoundingBoxFollower.cs(167,7): warning CS0618: 'Collider2D.usedByComposite' is obsolete: 'usedByComposite has been deprecated. Use Collider2D.compositeOperation instead'

Assets\AreaBattle\ThirdParty\Spine41\spine-unity\Components\Following\BoundingBoxFollowerGraphic.cs(168,7): warning CS0618: 'Collider2D.usedByComposite' is obsolete: 'usedByComposite has been deprecated. Use Collider2D.compositeOperation instead'
*** Tundra requires additional run (0.19 seconds), 1 items updated, 206 evaluated
[ApiUpdater] Total time: 669ms, Parse response file: 30ms, Collect updater configs: 40ms, Update: 598ms, Save: 1ms Files: 1 modified / 1 visited / 92 total (Library/Bee/artifacts/1900b0aE.dag/Assembly-CSharp.dll).
Starting: C:\Program Files\Unity\Hub\Editor\6000.0.68f1\Editor\Data\Tools\netcorerun\netcorerun.exe "C:\Program Files\Unity\Hub\Editor\6000.0.68f1\Editor\Data\Tools\BuildPipeline\ScriptCompilationBuildProgram.exe" "Library/Bee/1900b0aE.dag.json" "Library/Bee/1900b0aE-inputdata.json" "Library\Bee\buildprogram0.traceevents"
WorkingDir: E:/Projects/AreaBattle/UnityProject
ExitCode: 0 Duration: 0s139ms
Starting: C:\Program Files\Unity\Hub\Editor\6000.0.68f1\Editor\Data\bee_backend.exe --ipc --defer-dag-verification --dagfile="Library/Bee/1900b0aE.dag" --continue-on-failure --dagfilejson="Library\Bee\1900b0aE.dag.json" --profile="Library/Bee/backend2.traceevents" ScriptAssemblies
WorkingDir: E:/Projects/AreaBattle/UnityProject
ExitCode: 0 Duration: 0s339ms
Finished compiling graph: 216 nodes, 1871 flattened edges (1751 ToBuild, 20 ToUse), maximum node priority 104
[166/213    0s] WriteText Library/Bee/artifacts/1900b0aE.dag/Assembly-CSharp.rsp
[207/213    0s] Csc Library/Bee/artifacts/1900b0aE.dag/Assembly-CSharp.dll (+2 others)
Assets\AreaBattle\ThirdParty\Spine41\spine-unity\Components\EditorSkeletonPlayer.cs(57,51): warning CS0618: 'Object.FindObjectsOfType<T>()' is obsolete: 'Object.FindObjectsOfType has been deprecated. Use Object.FindObjectsByType instead which lets you decide whether you need the results sorted or not.  FindObjectsOfType sorts the results by InstanceID but if you do not need this using FindObjectSortMode.None is considerably faster.'

Assets\AreaBattle\ThirdParty\Spine41\spine-unity\Components\Following\BoundingBoxFollowerGraphic.cs(168,7): warning CS0618: 'Collider2D.usedByComposite' is obsolete: 'usedByComposite has been deprecated. Use Collider2D.compositeOperation instead'

Assets\AreaBattle\ThirdParty\Spine41\spine-unity\Components\Following\BoundingBoxFollower.cs(167,7): warning CS0618: 'Collider2D.usedByComposite' is obsolete: 'usedByComposite has been deprecated. Use Collider2D.compositeOperation instead'

Assets\AreaBattle\ThirdParty\Spine41\spine-unity\Components\RootMotion\SkeletonRootMotionBase.cs(195,7): warning CS0618: 'Rigidbody2D.velocity' is obsolete: 'Please use Rigidbody2D.linearVelocity instead. (UnityUpgradable) -> linearVelocity'

Assets\AreaBattle\ThirdParty\Spine41\spine-unity\Components\RootMotion\SkeletonRootMotionBase.cs(197,8): warning CS0618: 'Rigidbody2D.velocity' is obsolete: 'Please use Rigidbody2D.linearVelocity instead. (UnityUpgradable) -> linearVelocity'

Assets\AreaBattle\ThirdParty\Spine41\spine-unity\Components\SkeletonUtility\SkeletonUtility.cs(126,5): warning CS0618: 'Rigidbody2D.isKinematic' is obsolete: 'Please use Rigidbody2D.bodyType instead.'
[208/213    0s] CopyFiles Library/ScriptAssemblies/Assembly-CSharp.dll
[209/213    0s] CopyFiles Library/ScriptAssemblies/Assembly-CSharp.pdb
[210/213    0s] Csc Library/Bee/artifacts/1900b0aE.dag/Assembly-CSharp-Editor.dll (+2 others)
[211/213    0s] CopyFiles Library/ScriptAssemblies/Assembly-CSharp-Editor.pdb
[212/213    0s] CopyFiles Library/ScriptAssemblies/Assembly-CSharp-Editor.dll
*** Tundra build success (0.33 seconds), 7 items updated, 213 evaluated
[ApiUpdater] Total time: 697ms, Parse response file: 31ms, Collect updater configs: 51ms, Update: 612ms, Save: 3ms Files: 1 modified / 1 visited / 93 total (Library/Bee/artifacts/1900b0aE.dag/Assembly-CSharp.dll).
[API Updater] Updated Files:
Skipping ScriptUpdater consent dialog. Consent declined based on command line parameters.
Finished running ScriptUpdaters
Assets\AreaBattle\ThirdParty\Spine41\spine-unity\Components\EditorSkeletonPlayer.cs(57,51): warning CS0618: 'Object.FindObjectsOfType<T>()' is obsolete: 'Object.FindObjectsOfType has been deprecated. Use Object.FindObjectsByType instead which lets you decide whether you need the results sorted or not.  FindObjectsOfType sorts the results by InstanceID but if you do not need this using FindObjectSortMode.None is considerably faster.'
Assets\AreaBattle\ThirdParty\Spine41\spine-unity\Components\Following\BoundingBoxFollowerGraphic.cs(168,7): warning CS0618: 'Collider2D.usedByComposite' is obsolete: 'usedByComposite has been deprecated. Use Collider2D.compositeOperation instead'
Assets\AreaBattle\ThirdParty\Spine41\spine-unity\Components\Following\BoundingBoxFollower.cs(167,7): warning CS0618: 'Collider2D.usedByComposite' is obsolete: 'usedByComposite has been deprecated. Use Collider2D.compositeOperation instead'
Assets\AreaBattle\ThirdParty\Spine41\spine-unity\Components\RootMotion\SkeletonRootMotionBase.cs(195,7): warning CS0618: 'Rigidbody2D.velocity' is obsolete: 'Please use Rigidbody2D.linearVelocity instead. (UnityUpgradable) -> linearVelocity'
Assets\AreaBattle\ThirdParty\Spine41\spine-unity\Components\RootMotion\SkeletonRootMotionBase.cs(197,8): warning CS0618: 'Rigidbody2D.velocity' is obsolete: 'Please use Rigidbody2D.linearVelocity instead. (UnityUpgradable) -> linearVelocity'
Assets\AreaBattle\ThirdParty\Spine41\spine-unity\Components\SkeletonUtility\SkeletonUtility.cs(126,5): warning CS0618: 'Rigidbody2D.isKinematic' is obsolete: 'Please use Rigidbody2D.bodyType instead.'
AssetDatabase: script compilation time: 2.284133s
Begin MonoManager ReloadAssembly
- Loaded All Assemblies, in  0.180 seconds
Refreshing native plugins compatible for Editor in 0.00 ms, found 0 plugins.
Native extension for Android target not found
Native extension for WindowsStandalone target not found
Mono: successfully reloaded assembly
- Finished resetting the current domain, in  0.213 seconds
Domain Reload Profiling: 392ms
	BeginReloadAssembly (118ms)
		ExecutionOrderSort (0ms)
		DisableScriptedObjects (21ms)
		BackupInstance (0ms)
		ReleaseScriptingObjects (0ms)
		CreateAndSetChildDomain (19ms)
	RebuildCommonClasses (20ms)
	RebuildNativeTypeToScriptingClass (7ms)
	initialDomainReloadingComplete (12ms)
	LoadAllAssembliesAndSetupDomain (22ms)
		LoadAssemblies (58ms)
		RebuildTransferFunctionScriptingTraits (0ms)
		AnalyzeDomain (18ms)
			TypeCache.Refresh (13ms)
				TypeCache.ScanAssembly (9ms)
			BuildScriptInfoCaches (3ms)
			ResolveRequiredComponents (1ms)
	FinalizeReload (214ms)
		ReleaseScriptCaches (0ms)
		RebuildScriptCaches (0ms)
		SetupLoadedEditorAssemblies (146ms)
			LogAssemblyErrors (0ms)
			InitializePlatformSupportModulesInManaged (14ms)
			SetLoadedEditorAssemblies (2ms)
			BeforeProcessingInitializeOnLoad (54ms)
			ProcessInitializeOnLoadAttributes (61ms)
			ProcessInitializeOnLoadMethodAttributes (12ms)
			AfterProcessingInitializeOnLoad (3ms)
			EditorAssembliesLoaded (0ms)
		ExecutionOrderSort2 (0ms)
		AwakeInstancesAfterBackupRestoration (5ms)
Refreshing native plugins compatible for Editor in 0.00 ms, found 0 plugins.
Preloading 0 native plugins for Editor in 0.00 ms.
Asset Pipeline Refresh (id=25b85b3ee549eaa4cbe2539da3bec197): Total: 2.840 seconds - Initiated by InitialRefreshV2(ForceSynchronousImport)
	Summary:
		Imports: total=0 (actual=0, local cache=0, cache server=0)
		Asset DB Process Time: managed=0 ms, native=318 ms
		Asset DB Callback time: managed=42 ms, native=6 ms
		Scripting: domain reloads=1, domain reload time=180 ms, compile time=2285 ms, other=5 ms
		Project Asset Count: scripts=308, non-scripts=1731
		Asset File Changes: new=1, changed=2, moved=0, deleted=0
		Scan Filter Count: 0
	InvokeCustomDependenciesCallbacks: 0.000ms
	InvokePackagesCallback: 6.104ms
	ApplyChangesToAssetFolders: 0.228ms
	Scan: 52.104ms
	OnSourceAssetsModified: 0.471ms
	CategorizeAssetsWithTransientArtifact: 1.309ms
	ProcessAssetsWithTransientArtifactChanges: 5.391ms
	CategorizeAssets: 7.776ms
	ImportOutOfDateAssets: 214.751ms (-2070.802ms without children)
		CompileScripts: 2285.145ms
		ReloadNativeAssets: 0.001ms
		UnloadImportedAssets: 0.063ms
		EnsureUptoDateAssetsAreRegisteredWithGuidPM: 0.131ms
		PostProcessAllAssetNotificationsAddChangedAssets: 0.000ms
		OnDemandSchedulerStart: 0.213ms
	PostProcessAllAssets: 43.162ms
	Hotreload: 0.635ms
	GatherAllCurrentPrimaryArtifactRevisions: 0.001ms
	UnloadStreamsBegin: 0.268ms
	PersistCurrentRevisions: 0.045ms
	UnloadStreamsEnd: 0.001ms
	GenerateScriptTypeHashes: 0.977ms
	Untracked: 2508.064ms

Application.AssetDatabase Initial Refresh End
Scanning for USB devices : 3.383ms
Initializing Unity extensions:
Assertion failed on expression: 'SUCCEEDED(hr)'
Assertion failed on expression: 'SUCCEEDED(hr)'
Assertion failed on expression: 'ERROR_SUCCESS == status'
[MODES] ModeService[none].Initialize
[MODES] ModeService[none].LoadModes
[MODES] Loading mode Default (0) for mode-current-id-AreaBattle
Unloading 21 Unused Serialized files (Serialized files now loaded: 0)
Unloading 633 unused Assets / (2.3 MB). Loaded Objects now: 1162.
Memory consumption went from 102.0 MB to 99.7 MB.
Total: 3.526400 ms (FindLiveObjects: 0.089200 ms CreateObjectMapping: 0.025000 ms MarkObjects: 2.644800 ms  DeleteObjects: 0.766500 ms)

Curl error 7: Failed to connect to config.uca.cloud.unity3d.com port 443 after 39 ms: Could not connect to server
Asset Pipeline Refresh (id=b5a1fc71820dea74dae95b723b61b6f2): Total: 0.019 seconds - Initiated by RefreshV2(NoUpdateAssetOptions)
Start importing Assets/AreaBattle/Resources/Recovered/GuideSpine/Textures/CAB-71a96badbcffab7b7451a783f271bc4b_2026805924299331817/YD.png using Guid(04c8c611faa238c4daf9028c4f06ec0a) (TextureImporter) -> (artifact id: '7144806e1d470b86d59763a9afce1998') in 0.0496574 seconds
Refreshing native plugins compatible for Editor in 0.00 ms, found 0 plugins.
Preloading 0 native plugins for Editor in 0.00 ms.
Asset Pipeline Refresh (id=820f182cfadbefa4ab53193d63a8a050): Total: 0.063 seconds - Initiated by StopAssetImportingV2(NoUpdateAssetOptions)
Start importing Assets/AreaBattle/Resources/Recovered/GuideSpine/Textures/CAB-71a96badbcffab7b7451a783f271bc4b_2026805924299331817/YD.png using Guid(04c8c611faa238c4daf9028c4f06ec0a) (TextureImporter) -> (artifact id: '7144806e1d470b86d59763a9afce1998') in 0.0435544 seconds
Refreshing native plugins compatible for Editor in 0.00 ms, found 0 plugins.
Preloading 0 native plugins for Editor in 0.00 ms.
Asset Pipeline Refresh (id=8b103fb922fc04d45aac531d47686c37): Total: 0.048 seconds - Initiated by StopAssetImportingV2(NoUpdateAssetOptions)
Start importing Assets/AreaBattle/Resources/Recovered/GuideSpine/Spine/CAB-71a96badbcffab7b7451a783f271bc4b_435856469966727484.txt using Guid(416b31bbe4f2653409abae32f1f49b09) (TextScriptImporter) -> (artifact id: '7ae6c84b3c7b665ea6338bb711bc4f75') in 0.0009374 seconds
Refreshing native plugins compatible for Editor in 0.00 ms, found 0 plugins.
Preloading 0 native plugins for Editor in 0.00 ms.
Asset Pipeline Refresh (id=e98511ff5fa3b664f9c418ffe5d13661): Total: 0.005 seconds - Initiated by StopAssetImportingV2(NoUpdateAssetOptions)
Start importing Assets/AreaBattle/Resources/Recovered/GuideSpine/Textures/CAB-71a96badbcffab7b7451a783f271bc4b_-7791903411662756124/YD_2.png using Guid(3479ad8d8553dbf4a9eaabee610f7fc5) (TextureImporter) -> (artifact id: '9d780a7f3b91ea85c38808d68d885949') in 0.0114372 seconds
Refreshing native plugins compatible for Editor in 0.00 ms, found 0 plugins.
Preloading 0 native plugins for Editor in 0.00 ms.
Asset Pipeline Refresh (id=556f7145f191ec441a785ce8b934df09): Total: 0.015 seconds - Initiated by StopAssetImportingV2(NoUpdateAssetOptions)
Start importing Assets/AreaBattle/Resources/Recovered/GuideSpine/Textures/CAB-71a96badbcffab7b7451a783f271bc4b_-7791903411662756124/YD_2.png using Guid(3479ad8d8553dbf4a9eaabee610f7fc5) (TextureImporter) -> (artifact id: '9d780a7f3b91ea85c38808d68d885949') in 0.0106535 seconds
Refreshing native plugins compatible for Editor in 0.00 ms, found 0 plugins.
Preloading 0 native plugins for Editor in 0.00 ms.
Asset Pipeline Refresh (id=9d7d1ca60252cd446a99b356f0d9eb9f): Total: 0.015 seconds - Initiated by StopAssetImportingV2(NoUpdateAssetOptions)
Start importing Assets/AreaBattle/Resources/Recovered/GuideSpine/Spine/CAB-71a96badbcffab7b7451a783f271bc4b_5200670246001647623.txt using Guid(fc943b415feb09c43866392db5d9568e) (TextScriptImporter) -> (artifact id: 'a5035b6a37cd47acd2ffa664f485e20a') in 0.000723 seconds
Refreshing native plugins compatible for Editor in 0.00 ms, found 0 plugins.
Preloading 0 native plugins for Editor in 0.00 ms.
Asset Pipeline Refresh (id=5282f323ebc02b540a55bc658d130d51): Total: 0.004 seconds - Initiated by StopAssetImportingV2(NoUpdateAssetOptions)
Start importing Assets/AreaBattle/Resources/Recovered/GuideSpine/Meshes/CAB-71a96badbcffab7b7451a783f271bc4b_-2780960743001050164.asset using Guid(7414d633902f4754aa651723b4868d95) (NativeFormatImporter) -> (artifact id: 'ac530c10a0b7277f043abd3ac8dacf60') in 0.0008477 seconds
Refreshing native plugins compatible for Editor in 0.00 ms, found 0 plugins.
Preloading 0 native plugins for Editor in 0.00 ms.
Asset Pipeline Refresh (id=15f9ad81c8c94274ba4af32915db4b7d): Total: 0.004 seconds - Initiated by StopAssetImportingV2(NoUpdateAssetOptions)
Start importing Assets/AreaBattle/Resources/Recovered/GuideSpine/Materials/CAB-71a96badbcffab7b7451a783f271bc4b_-7672899569522605211.mat using Guid(fc641687867d0e545a80a6a58102e6cf) (NativeFormatImporter)Main Object Name 'YD_YD' does not match filename 'CAB-71a96badbcffab7b7451a783f271bc4b_-7672899569522605211'
UnityEngine.Debug:ExtractStackTraceNoAlloc (byte*,int,string)
UnityEngine.StackTraceUtility:ExtractStackTrace ()
UnityEditor.AssetDatabase:ImportAsset (string,UnityEditor.ImportAssetOptions)
AreaBattle.EditorTools.RecoveredGuideSpineImporter:ImportNativeResource (AreaBattle.EditorTools.RecoveredGuideSpineImporter/Resource,string,System.Type) (at Assets/AreaBattle/Editor/RecoveredGuideSpineImporter.cs:128)
AreaBattle.EditorTools.RecoveredGuideSpineImporter:Import () (at Assets/AreaBattle/Editor/RecoveredGuideSpineImporter.cs:65)
AreaBattle.EditorTools.RecoveredHudImporter:ImportManifest (string,string,int,string) (at Assets/AreaBattle/Editor/RecoveredHudImporter.cs:61)
AreaBattle.EditorTools.RecoveredHudImporter:ImportOutgame () (at Assets/AreaBattle/Editor/RecoveredHudImporter.cs:52)
AreaBattle.EditorTools.RecoveredHudImporter:ImportOutgameBatch () (at Assets/AreaBattle/Editor/RecoveredHudImporter.cs:55)

[Assets/AreaBattle/Editor/RecoveredGuideSpineImporter.cs line 128]

 -> (artifact id: 'ddd6bafd0f776b6ccfe5a060788f9ae9') in 0.0012687 seconds
Refreshing native plugins compatible for Editor in 0.00 ms, found 0 plugins.
Preloading 0 native plugins for Editor in 0.00 ms.
Asset Pipeline Refresh (id=78c42aa93589935438df5a3ef7f4d3b9): Total: 0.005 seconds - Initiated by StopAssetImportingV2(NoUpdateAssetOptions)
Start importing Assets/AreaBattle/Resources/Recovered/GuideSpine/Materials/CAB-71a96badbcffab7b7451a783f271bc4b_-7572599234430709561.mat using Guid(fed2e73817d751a47a923e0a757d2d05) (NativeFormatImporter)Main Object Name 'YD_YD_2' does not match filename 'CAB-71a96badbcffab7b7451a783f271bc4b_-7572599234430709561'
UnityEngine.Debug:ExtractStackTraceNoAlloc (byte*,int,string)
UnityEngine.StackTraceUtility:ExtractStackTrace ()
UnityEditor.AssetDatabase:ImportAsset (string,UnityEditor.ImportAssetOptions)
AreaBattle.EditorTools.RecoveredGuideSpineImporter:ImportNativeResource (AreaBattle.EditorTools.RecoveredGuideSpineImporter/Resource,string,System.Type) (at Assets/AreaBattle/Editor/RecoveredGuideSpineImporter.cs:128)
AreaBattle.EditorTools.RecoveredGuideSpineImporter:Import () (at Assets/AreaBattle/Editor/RecoveredGuideSpineImporter.cs:65)
AreaBattle.EditorTools.RecoveredHudImporter:ImportManifest (string,string,int,string) (at Assets/AreaBattle/Editor/RecoveredHudImporter.cs:61)
AreaBattle.EditorTools.RecoveredHudImporter:ImportOutgame () (at Assets/AreaBattle/Editor/RecoveredHudImporter.cs:52)
AreaBattle.EditorTools.RecoveredHudImporter:ImportOutgameBatch () (at Assets/AreaBattle/Editor/RecoveredHudImporter.cs:55)

[Assets/AreaBattle/Editor/RecoveredGuideSpineImporter.cs line 128]

 -> (artifact id: '39adc3b7e0fc6ff9640ed38cc0df2929') in 0.000825 seconds
Refreshing native plugins compatible for Editor in 0.00 ms, found 0 plugins.
Preloading 0 native plugins for Editor in 0.00 ms.
Asset Pipeline Refresh (id=5dc158ff1d633e8409ea04bd4d267ee2): Total: 0.004 seconds - Initiated by StopAssetImportingV2(NoUpdateAssetOptions)
Launched and connected shader compiler UnityShaderCompiler.exe after 0.01 seconds
Start importing Assets/AreaBattle/Resources/Recovered/GuideSpine/Spine/CAB-71a96badbcffab7b7451a783f271bc4b_-1778157884270872766.asset using Guid(e5d72c94728ecf94b8781b24c65bead5) (NativeFormatImporter)Main Object Name 'YD_Atlas' does not match filename 'CAB-71a96badbcffab7b7451a783f271bc4b_-1778157884270872766'
UnityEngine.Debug:ExtractStackTraceNoAlloc (byte*,int,string)
UnityEngine.StackTraceUtility:ExtractStackTrace ()
UnityEditor.AssetDatabase:ImportAsset (string,UnityEditor.ImportAssetOptions)
AreaBattle.EditorTools.RecoveredGuideSpineImporter:ImportNativeResource (AreaBattle.EditorTools.RecoveredGuideSpineImporter/Resource,string,System.Type) (at Assets/AreaBattle/Editor/RecoveredGuideSpineImporter.cs:128)
AreaBattle.EditorTools.RecoveredGuideSpineImporter:Import () (at Assets/AreaBattle/Editor/RecoveredGuideSpineImporter.cs:77)
AreaBattle.EditorTools.RecoveredHudImporter:ImportManifest (string,string,int,string) (at Assets/AreaBattle/Editor/RecoveredHudImporter.cs:61)
AreaBattle.EditorTools.RecoveredHudImporter:ImportOutgame () (at Assets/AreaBattle/Editor/RecoveredHudImporter.cs:52)
AreaBattle.EditorTools.RecoveredHudImporter:ImportOutgameBatch () (at Assets/AreaBattle/Editor/RecoveredHudImporter.cs:55)

[Assets/AreaBattle/Editor/RecoveredGuideSpineImporter.cs line 128]

 -> (artifact id: '1c848d1e2bd5d1a9ce3b25dcd41adfa0') in 0.0012912 seconds
Refreshing native plugins compatible for Editor in 0.00 ms, found 0 plugins.
Preloading 0 native plugins for Editor in 0.00 ms.
Asset Pipeline Refresh (id=87d0ce7c9d75dce4ebfd78c8240675a8): Total: 0.006 seconds - Initiated by StopAssetImportingV2(NoUpdateAssetOptions)
Refreshing native plugins compatible for Editor in 0.00 ms, found 0 plugins.
Preloading 0 native plugins for Editor in 0.00 ms.
Asset Pipeline Refresh (id=cc946e05570a30d4b8a774bb57b7ec0f): Total: 0.004 seconds - Initiated by StopAssetImportingV2(NoUpdateAssetOptions)
Start importing Assets/AreaBattle/Resources/Recovered/GuideSpine/Spine/CAB-71a96badbcffab7b7451a783f271bc4b_5262709187943515980.asset using Guid(e7401860532b0eb4d935e048f849e34f) (NativeFormatImporter)Main Object Name 'YD_SkeletonData' does not match filename 'CAB-71a96badbcffab7b7451a783f271bc4b_5262709187943515980'
UnityEngine.Debug:ExtractStackTraceNoAlloc (byte*,int,string)
UnityEngine.StackTraceUtility:ExtractStackTrace ()
UnityEditor.AssetDatabase:ImportAsset (string,UnityEditor.ImportAssetOptions)
AreaBattle.EditorTools.RecoveredGuideSpineImporter:ImportNativeResource (AreaBattle.EditorTools.RecoveredGuideSpineImporter/Resource,string,System.Type) (at Assets/AreaBattle/Editor/RecoveredGuideSpineImporter.cs:128)
AreaBattle.EditorTools.RecoveredGuideSpineImporter:Import () (at Assets/AreaBattle/Editor/RecoveredGuideSpineImporter.cs:77)
AreaBattle.EditorTools.RecoveredHudImporter:ImportManifest (string,string,int,string) (at Assets/AreaBattle/Editor/RecoveredHudImporter.cs:61)
AreaBattle.EditorTools.RecoveredHudImporter:ImportOutgame () (at Assets/AreaBattle/Editor/RecoveredHudImporter.cs:52)
AreaBattle.EditorTools.RecoveredHudImporter:ImportOutgameBatch () (at Assets/AreaBattle/Editor/RecoveredHudImporter.cs:55)

[Assets/AreaBattle/Editor/RecoveredGuideSpineImporter.cs line 128]

 -> (artifact id: '84e82761e1a71c03efc5053900db5e8d') in 0.0013882 seconds
Refreshing native plugins compatible for Editor in 0.00 ms, found 0 plugins.
Preloading 0 native plugins for Editor in 0.00 ms.
Asset Pipeline Refresh (id=1fdbf1e0251df9d4b9dc079b24cab751): Total: 0.005 seconds - Initiated by StopAssetImportingV2(NoUpdateAssetOptions)
Refreshing native plugins compatible for Editor in 0.00 ms, found 0 plugins.
Preloading 0 native plugins for Editor in 0.00 ms.
Asset Pipeline Refresh (id=8b7703fb759f8da4f87dda1934e8ee2a): Total: 0.004 seconds - Initiated by StopAssetImportingV2(NoUpdateAssetOptions)
Start importing Assets/AreaBattle/Resources/Recovered/GuideSpine/YD_0.prefab using Guid(aaea5a43043e33644ad6a203858e23f4) (PrefabImporter) -> (artifact id: '04bbb4b9b6e4cefbc63ae43c9ba56858') in 0.0032094 seconds
Refreshing native plugins compatible for Editor in 0.00 ms, found 0 plugins.
Preloading 0 native plugins for Editor in 0.00 ms.
Asset Pipeline Refresh (id=d77702adbf4e7674abae709645a907ab): Total: 0.008 seconds - Initiated by StopAssetImportingV2(NoUpdateAssetOptions)
ConsistencyChecker - guid: aaea5a43043e33644ad6a203858e23f4, dependenciesHash.value: 4959ef41442e846ab5bb32d971216e6d, artifactid: 04bbb4b9b6e4cefbc63ae43c9ba56858, producedFiles[0].extension: , producedFiles[0].contentHash: 0ab9e8c5e5390f76c183630612bbc88a
ConsistencyChecker - guid: aaea5a43043e33644ad6a203858e23f4, dependenciesHash.value: 4959ef41442e846ab5bb32d971216e6d, artifactid: 86f2c2be509966b8ecebcfe0f49d9241, producedFiles[0].extension: , producedFiles[0].contentHash: 37690ccc415a682ebecc9bc4be7d97aa
Importer(PrefabImporter) generated inconsistent result for asset(guid:aaea5a43043e33644ad6a203858e23f4) "Assets/AreaBattle/Resources/Recovered/GuideSpine/YD_0.prefab"
UnityEngine.Debug:ExtractStackTraceNoAlloc (byte*,int,string)
UnityEngine.StackTraceUtility:ExtractStackTrace ()
UnityEditor.AssetDatabase:ImportAsset (string,UnityEditor.ImportAssetOptions)
AreaBattle.EditorTools.RecoveredGuideSpineImporter:Import () (at Assets/AreaBattle/Editor/RecoveredGuideSpineImporter.cs:83)
AreaBattle.EditorTools.RecoveredHudImporter:ImportManifest (string,string,int,string) (at Assets/AreaBattle/Editor/RecoveredHudImporter.cs:61)
AreaBattle.EditorTools.RecoveredHudImporter:ImportOutgame () (at Assets/AreaBattle/Editor/RecoveredHudImporter.cs:52)
AreaBattle.EditorTools.RecoveredHudImporter:ImportOutgameBatch () (at Assets/AreaBattle/Editor/RecoveredHudImporter.cs:55)

[Assets/AreaBattle/Editor/RecoveredGuideSpineImporter.cs line 83]

Start importing Assets/AreaBattle/Resources/Recovered/GuideSpine/YD_0.prefab using Guid(aaea5a43043e33644ad6a203858e23f4) (PrefabImporter) -> (artifact id: '04bbb4b9b6e4cefbc63ae43c9ba56858') in 0.0011921 seconds
Refreshing native plugins compatible for Editor in 0.00 ms, found 0 plugins.
Preloading 0 native plugins for Editor in 0.00 ms.
Asset Pipeline Refresh (id=67c1eba574e2d8140a1125d563a4f449): Total: 0.006 seconds - Initiated by StopAssetImportingV2(NoUpdateAssetOptions)
ConsistencyChecker - guid: aaea5a43043e33644ad6a203858e23f4, dependenciesHash.value: 4959ef41442e846ab5bb32d971216e6d, artifactid: 04bbb4b9b6e4cefbc63ae43c9ba56858, producedFiles[0].extension: , producedFiles[0].contentHash: 0ab9e8c5e5390f76c183630612bbc88a
ConsistencyChecker - guid: aaea5a43043e33644ad6a203858e23f4, dependenciesHash.value: 4959ef41442e846ab5bb32d971216e6d, artifactid: 86f2c2be509966b8ecebcfe0f49d9241, producedFiles[0].extension: , producedFiles[0].contentHash: 37690ccc415a682ebecc9bc4be7d97aa
Importer(PrefabImporter) generated inconsistent result for asset(guid:aaea5a43043e33644ad6a203858e23f4) "Assets/AreaBattle/Resources/Recovered/GuideSpine/YD_0.prefab"
UnityEngine.Debug:ExtractStackTraceNoAlloc (byte*,int,string)
UnityEngine.StackTraceUtility:ExtractStackTrace ()
UnityEditor.AssetDatabase:ImportAsset (string,UnityEditor.ImportAssetOptions)
UnityEditor.AssetDatabase:ImportAsset (string)
UnityEditor.AssetImporter:SaveAndReimport ()
AreaBattle.EditorTools.RecoveredGuideSpineImporter:Import () (at Assets/AreaBattle/Editor/RecoveredGuideSpineImporter.cs:102)
AreaBattle.EditorTools.RecoveredHudImporter:ImportManifest (string,string,int,string) (at Assets/AreaBattle/Editor/RecoveredHudImporter.cs:61)
AreaBattle.EditorTools.RecoveredHudImporter:ImportOutgame () (at Assets/AreaBattle/Editor/RecoveredHudImporter.cs:52)
AreaBattle.EditorTools.RecoveredHudImporter:ImportOutgameBatch () (at Assets/AreaBattle/Editor/RecoveredHudImporter.cs:55)

[Assets/AreaBattle/Editor/RecoveredGuideSpineImporter.cs line 102]

Asset Pipeline Refresh (id=dee7f16fda5cd5c46a0893b2a799609e): Total: 0.003 seconds - Initiated by RefreshV2(NoUpdateAssetOptions)
Start importing Assets/AreaBattle/Resources/Recovered/Outgame/Sprites/CAB-68a3634b9a99c5a2a10a36b772e4e945_-2500702643996213034.png using Guid(6a27ed5ae9a4a394aa994741a97a4e5f) (TextureImporter) -> (artifact id: '2189d22f62cf9d9e1210d24a14ea174c') in 0.0025696 seconds
Refreshing native plugins compatible for Editor in 0.00 ms, found 0 plugins.
Preloading 0 native plugins for Editor in 0.00 ms.
Asset Pipeline Refresh (id=9f396e87838ab6c498c62d265b4e15d0): Total: 0.006 seconds - Initiated by StopAssetImportingV2(NoUpdateAssetOptions)
Start importing Assets/AreaBattle/Resources/Recovered/Outgame/Sprites/CAB-68a3634b9a99c5a2a10a36b772e4e945_-2500702643996213034.png using Guid(6a27ed5ae9a4a394aa994741a97a4e5f) (TextureImporter) -> (artifact id: '2189d22f62cf9d9e1210d24a14ea174c') in 0.0021705 seconds
Refreshing native plugins compatible for Editor in 0.00 ms, found 0 plugins.
Preloading 0 native plugins for Editor in 0.00 ms.
Asset Pipeline Refresh (id=fa9e95f3553af5742bdf1c574960f970): Total: 0.006 seconds - Initiated by StopAssetImportingV2(NoUpdateAssetOptions)
Start importing Assets/AreaBattle/Resources/Recovered/Outgame/Sprites/CAB-68a3634b9a99c5a2a10a36b772e4e945_3968329229193633682.png using Guid(6c3a72709d2843944a264f0fd135dbae) (TextureImporter) -> (artifact id: '81684200ec5fff71acbee6f7cad5014a') in 0.0019159 seconds
Refreshing native plugins compatible for Editor in 0.00 ms, found 0 plugins.
Preloading 0 native plugins for Editor in 0.00 ms.
Asset Pipeline Refresh (id=6e20d9b4c5317674a883bc1c53245e9a): Total: 0.005 seconds - Initiated by StopAssetImportingV2(NoUpdateAssetOptions)
Start importing Assets/AreaBattle/Resources/Recovered/Outgame/Sprites/CAB-68a3634b9a99c5a2a10a36b772e4e945_3968329229193633682.png using Guid(6c3a72709d2843944a264f0fd135dbae) (TextureImporter) -> (artifact id: '81684200ec5fff71acbee6f7cad5014a') in 0.0018337 seconds
Refreshing native plugins compatible for Editor in 0.00 ms, found 0 plugins.
Preloading 0 native plugins for Editor in 0.00 ms.
Asset Pipeline Refresh (id=9a365c6405371fd46a60faa1fac160ff): Total: 0.006 seconds - Initiated by StopAssetImportingV2(NoUpdateAssetOptions)
Start importing Assets/AreaBattle/Resources/Recovered/Outgame/Sprites/CAB-68a3634b9a99c5a2a10a36b772e4e945_-2067149362258942805.png using Guid(e711758b780e18448adec3fb35eaa505) (TextureImporter) -> (artifact id: '650b48ce78dcc2f298b427aea26b1d0a') in 0.0011041 seconds
Refreshing native plugins compatible for Editor in 0.00 ms, found 0 plugins.
Preloading 0 native plugins for Editor in 0.00 ms.
Asset Pipeline Refresh (id=3e4e401009c586f4181e4f0e097f179d): Total: 0.005 seconds - Initiated by StopAssetImportingV2(NoUpdateAssetOptions)
Start importing Assets/AreaBattle/Resources/Recovered/Outgame/Sprites/CAB-68a3634b9a99c5a2a10a36b772e4e945_-2067149362258942805.png using Guid(e711758b780e18448adec3fb35eaa505) (TextureImporter) -> (artifact id: '650b48ce78dcc2f298b427aea26b1d0a') in 0.0010691 seconds
Refreshing native plugins compatible for Editor in 0.00 ms, found 0 plugins.
Preloading 0 native plugins for Editor in 0.00 ms.
Asset Pipeline Refresh (id=7aa83d8d3ff4e5c43a4e8087f9d0859b): Total: 0.005 seconds - Initiated by StopAssetImportingV2(NoUpdateAssetOptions)
Start importing Assets/AreaBattle/Resources/Recovered/Outgame/Sprites/CAB-68a3634b9a99c5a2a10a36b772e4e945_3841003378664186752.png using Guid(dc24b4962dcfbd446a77de7c97348bd4) (TextureImporter) -> (artifact id: '48780201a4e59c3cb7a7a83d3278db6e') in 0.0021572 seconds
Refreshing native plugins compatible for Editor in 0.00 ms, found 0 plugins.
Preloading 0 native plugins for Editor in 0.00 ms.
Asset Pipeline Refresh (id=e005b67707aa5e44db1c462eae0b2fec): Total: 0.008 seconds - Initiated by StopAssetImportingV2(NoUpdateAssetOptions)
Start importing Assets/AreaBattle/Resources/Recovered/Outgame/Sprites/CAB-68a3634b9a99c5a2a10a36b772e4e945_3841003378664186752.png using Guid(dc24b4962dcfbd446a77de7c97348bd4) (TextureImporter) -> (artifact id: '48780201a4e59c3cb7a7a83d3278db6e') in 0.0020931 seconds
Refreshing native plugins compatible for Editor in 0.00 ms, found 0 plugins.
Preloading 0 native plugins for Editor in 0.00 ms.
Asset Pipeline Refresh (id=79b70972f4a33c84b9038adbedfcf6c5): Total: 0.006 seconds - Initiated by StopAssetImportingV2(NoUpdateAssetOptions)
Start importing Assets/AreaBattle/Resources/Recovered/Outgame/Sprites/CAB-68a3634b9a99c5a2a10a36b772e4e945_5809055256516255449.png using Guid(44cb0fb4dbee0a04182511b0daf4d7df) (TextureImporter) -> (artifact id: 'ef9a3e298c8ed5d740a3e5d1d79c8685') in 0.0022111 seconds
Refreshing native plugins compatible for Editor in 0.00 ms, found 0 plugins.
Preloading 0 native plugins for Editor in 0.00 ms.
Asset Pipeline Refresh (id=a82679790ae933a49855e5d37549da11): Total: 0.006 seconds - Initiated by StopAssetImportingV2(NoUpdateAssetOptions)
Start importing Assets/AreaBattle/Resources/Recovered/Outgame/Sprites/CAB-68a3634b9a99c5a2a10a36b772e4e945_5809055256516255449.png using Guid(44cb0fb4dbee0a04182511b0daf4d7df) (TextureImporter) -> (artifact id: 'ef9a3e298c8ed5d740a3e5d1d79c8685') in 0.0022137 seconds
Refreshing native plugins compatible for Editor in 0.00 ms, found 0 plugins.
Preloading 0 native plugins for Editor in 0.00 ms.
Asset Pipeline Refresh (id=14301ced93119f447aba1ef65c58a69e): Total: 0.006 seconds - Initiated by StopAssetImportingV2(NoUpdateAssetOptions)
Start importing Assets/AreaBattle/Resources/Recovered/Outgame/Sprites/CAB-68a3634b9a99c5a2a10a36b772e4e945_1741807505282529980.png using Guid(80e8de1547cbc8142ad18f24dc464f4b) (TextureImporter) -> (artifact id: '3b8420141f1d4f480e7ed48c26d2bc76') in 0.0019956 seconds
Refreshing native plugins compatible for Editor in 0.00 ms, found 0 plugins.
Preloading 0 native plugins for Editor in 0.00 ms.
Asset Pipeline Refresh (id=6e131799b1083a344b233405730e10fe): Total: 0.006 seconds - Initiated by StopAssetImportingV2(NoUpdateAssetOptions)
Start importing Assets/AreaBattle/Resources/Recovered/Outgame/Sprites/CAB-68a3634b9a99c5a2a10a36b772e4e945_1741807505282529980.png using Guid(80e8de1547cbc8142ad18f24dc464f4b) (TextureImporter) -> (artifact id: '3b8420141f1d4f480e7ed48c26d2bc76') in 0.0019469 seconds
Refreshing native plugins compatible for Editor in 0.00 ms, found 0 plugins.
Preloading 0 native plugins for Editor in 0.00 ms.
Asset Pipeline Refresh (id=41ce8053a17e34f4a8bf98aeca991b54): Total: 0.006 seconds - Initiated by StopAssetImportingV2(NoUpdateAssetOptions)
Start importing Assets/AreaBattle/Resources/Recovered/Outgame/Sprites/CAB-68a3634b9a99c5a2a10a36b772e4e945_-4555403145378848948.png using Guid(e6c9b1f4237d24142abfd997931cd6b8) (TextureImporter) -> (artifact id: 'fbcec8b3b80768427a29601589b07ade') in 0.0034364 seconds
Refreshing native plugins compatible for Editor in 0.00 ms, found 0 plugins.
Preloading 0 native plugins for Editor in 0.00 ms.
Asset Pipeline Refresh (id=2d10b7987bba40841809c317efc5e36e): Total: 0.007 seconds - Initiated by StopAssetImportingV2(NoUpdateAssetOptions)
Start importing Assets/AreaBattle/Resources/Recovered/Outgame/Sprites/CAB-68a3634b9a99c5a2a10a36b772e4e945_-4555403145378848948.png using Guid(e6c9b1f4237d24142abfd997931cd6b8) (TextureImporter) -> (artifact id: 'fbcec8b3b80768427a29601589b07ade') in 0.0032634 seconds
Refreshing native plugins compatible for Editor in 0.00 ms, found 0 plugins.
Preloading 0 native plugins for Editor in 0.00 ms.
Asset Pipeline Refresh (id=44ccbe5f959a85e4c87775a0ecddd032): Total: 0.007 seconds - Initiated by StopAssetImportingV2(NoUpdateAssetOptions)
Start importing Assets/AreaBattle/Resources/Recovered/Outgame/Sprites/CAB-68a3634b9a99c5a2a10a36b772e4e945_7575154139968864438.png using Guid(4bb6ee8e6191dcc41a9230f75182c429) (TextureImporter) -> (artifact id: '673761a90b1ad6b9e9ee18ccdc6ed0d4') in 0.0009274 seconds
Refreshing native plugins compatible for Editor in 0.00 ms, found 0 plugins.
Preloading 0 native plugins for Editor in 0.00 ms.
Asset Pipeline Refresh (id=31a211385a31d8041a493fda1c72f6ec): Total: 0.004 seconds - Initiated by StopAssetImportingV2(NoUpdateAssetOptions)
Start importing Assets/AreaBattle/Resources/Recovered/Outgame/Sprites/CAB-68a3634b9a99c5a2a10a36b772e4e945_7575154139968864438.png using Guid(4bb6ee8e6191dcc41a9230f75182c429) (TextureImporter) -> (artifact id: '673761a90b1ad6b9e9ee18ccdc6ed0d4') in 0.0009518 seconds
Refreshing native plugins compatible for Editor in 0.00 ms, found 0 plugins.
Preloading 0 native plugins for Editor in 0.00 ms.
Asset Pipeline Refresh (id=ea7c3eef31e05b049a5a7aaf3128204f): Total: 0.005 seconds - Initiated by StopAssetImportingV2(NoUpdateAssetOptions)
Start importing Assets/AreaBattle/Resources/Recovered/Outgame/Sprites/CAB-68a3634b9a99c5a2a10a36b772e4e945_-1876091071912420819.png using Guid(d9d0d3d08ef27474b9cb78829271b465) (TextureImporter) -> (artifact id: 'a1c0de72f8b4656abcda4b80cbffbfc3') in 0.0030965 seconds
Refreshing native plugins compatible for Editor in 0.00 ms, found 0 plugins.
Preloading 0 native plugins for Editor in 0.00 ms.
Asset Pipeline Refresh (id=0b9ca8200ce994e4eacefb16bbe7ef8a): Total: 0.007 seconds - Initiated by StopAssetImportingV2(NoUpdateAssetOptions)
Start importing Assets/AreaBattle/Resources/Recovered/Outgame/Sprites/CAB-68a3634b9a99c5a2a10a36b772e4e945_-1876091071912420819.png using Guid(d9d0d3d08ef27474b9cb78829271b465) (TextureImporter) -> (artifact id: 'a1c0de72f8b4656abcda4b80cbffbfc3') in 0.0031039 seconds
Refreshing native plugins compatible for Editor in 0.00 ms, found 0 plugins.
Preloading 0 native plugins for Editor in 0.00 ms.
Asset Pipeline Refresh (id=5d970cc45866df4448ae51fb77fd3e71): Total: 0.007 seconds - Initiated by StopAssetImportingV2(NoUpdateAssetOptions)
Start importing Assets/AreaBattle/Resources/Recovered/Outgame/Sprites/CAB-68a3634b9a99c5a2a10a36b772e4e945_-4054470188740975855.png using Guid(ad35257821fe897459fae513cb5fb990) (TextureImporter) -> (artifact id: '65144fe8e17e03c95ad30a666828e4f4') in 0.0035824 seconds
Refreshing native plugins compatible for Editor in 0.00 ms, found 0 plugins.
Preloading 0 native plugins for Editor in 0.00 ms.
Asset Pipeline Refresh (id=8ed7480c687cc7a43888512c474fafe3): Total: 0.007 seconds - Initiated by StopAssetImportingV2(NoUpdateAssetOptions)
Start importing Assets/AreaBattle/Resources/Recovered/Outgame/Sprites/CAB-68a3634b9a99c5a2a10a36b772e4e945_-4054470188740975855.png using Guid(ad35257821fe897459fae513cb5fb990) (TextureImporter) -> (artifact id: '65144fe8e17e03c95ad30a666828e4f4') in 0.0033575 seconds
Refreshing native plugins compatible for Editor in 0.00 ms, found 0 plugins.
Preloading 0 native plugins for Editor in 0.00 ms.
Asset Pipeline Refresh (id=519fcb74b514d1c4798246d449e5e8d5): Total: 0.007 seconds - Initiated by StopAssetImportingV2(NoUpdateAssetOptions)
Start importing Assets/AreaBattle/Resources/Recovered/Outgame/Sprites/CAB-68a3634b9a99c5a2a10a36b772e4e945_378598764773864009.png using Guid(ead37ab5e5ec39541854fb9b39502346) (TextureImporter) -> (artifact id: '3c60502b15fd797236624c6895e4ebcb') in 0.002114 seconds
Refreshing native plugins compatible for Editor in 0.00 ms, found 0 plugins.
Preloading 0 native plugins for Editor in 0.00 ms.
Asset Pipeline Refresh (id=1943d2ac5df6695489fda4e6c6a02b19): Total: 0.006 seconds - Initiated by StopAssetImportingV2(NoUpdateAssetOptions)
Start importing Assets/AreaBattle/Resources/Recovered/Outgame/Sprites/CAB-68a3634b9a99c5a2a10a36b772e4e945_378598764773864009.png using Guid(ead37ab5e5ec39541854fb9b39502346) (TextureImporter) -> (artifact id: '3c60502b15fd797236624c6895e4ebcb') in 0.0020202 seconds
Refreshing native plugins compatible for Editor in 0.00 ms, found 0 plugins.
Preloading 0 native plugins for Editor in 0.00 ms.
Asset Pipeline Refresh (id=0a5d32495841d3b40a2393620baf2d4b): Total: 0.006 seconds - Initiated by StopAssetImportingV2(NoUpdateAssetOptions)
Start importing Assets/AreaBattle/Resources/Recovered/Outgame/Sprites/CAB-68a3634b9a99c5a2a10a36b772e4e945_2593015141329605810.png using Guid(3afd4f14c83835e47a81485f9b712d48) (TextureImporter) -> (artifact id: 'c21e63d142c8912ba7d82eb329706712') in 0.0021276 seconds
Refreshing native plugins compatible for Editor in 0.00 ms, found 0 plugins.
Preloading 0 native plugins for Editor in 0.00 ms.
Asset Pipeline Refresh (id=8f7bb309dd03f2f4c9cc4e61df12417e): Total: 0.006 seconds - Initiated by StopAssetImportingV2(NoUpdateAssetOptions)
Start importing Assets/AreaBattle/Resources/Recovered/Outgame/Sprites/CAB-68a3634b9a99c5a2a10a36b772e4e945_2593015141329605810.png using Guid(3afd4f14c83835e47a81485f9b712d48) (TextureImporter) -> (artifact id: 'c21e63d142c8912ba7d82eb329706712') in 0.002389 seconds
Refreshing native plugins compatible for Editor in 0.00 ms, found 0 plugins.
Preloading 0 native plugins for Editor in 0.00 ms.
Asset Pipeline Refresh (id=89c4251ea1484a843b29b7ea25f55fd5): Total: 0.007 seconds - Initiated by StopAssetImportingV2(NoUpdateAssetOptions)
Start importing Assets/AreaBattle/Resources/Recovered/Outgame/Sprites/CAB-68a3634b9a99c5a2a10a36b772e4e945_3241266111665667693.png using Guid(4f72d5c178410144580b1239d2753799) (TextureImporter) -> (artifact id: '0be9d2c05a605b497143606aacca6c28') in 0.0009825 seconds
Refreshing native plugins compatible for Editor in 0.00 ms, found 0 plugins.
Preloading 0 native plugins for Editor in 0.00 ms.
Asset Pipeline Refresh (id=76f36fa1817e6fb4da94b2f36d8d5dcc): Total: 0.005 seconds - Initiated by StopAssetImportingV2(NoUpdateAssetOptions)
Start importing Assets/AreaBattle/Resources/Recovered/Outgame/Sprites/CAB-68a3634b9a99c5a2a10a36b772e4e945_3241266111665667693.png using Guid(4f72d5c178410144580b1239d2753799) (TextureImporter) -> (artifact id: '0be9d2c05a605b497143606aacca6c28') in 0.0008885 seconds
Refreshing native plugins compatible for Editor in 0.00 ms, found 0 plugins.
Preloading 0 native plugins for Editor in 0.00 ms.
Asset Pipeline Refresh (id=5641c63c8c7b0744f8ea30c7454ff4e4): Total: 0.005 seconds - Initiated by StopAssetImportingV2(NoUpdateAssetOptions)
Start importing Assets/AreaBattle/Resources/Recovered/Outgame/Sprites/CAB-68a3634b9a99c5a2a10a36b772e4e945_378101818839556220.png using Guid(8514b3d72fde63e4aa339f0972d6af87) (TextureImporter) -> (artifact id: 'ceefa7c3023e24d72d06cbf77a0614f2') in 0.0012226 seconds
Refreshing native plugins compatible for Editor in 0.00 ms, found 0 plugins.
Preloading 0 native plugins for Editor in 0.00 ms.
Asset Pipeline Refresh (id=eee21d11ee25a6248943fbc65e002bf0): Total: 0.005 seconds - Initiated by StopAssetImportingV2(NoUpdateAssetOptions)
Start importing Assets/AreaBattle/Resources/Recovered/Outgame/Sprites/CAB-68a3634b9a99c5a2a10a36b772e4e945_378101818839556220.png using Guid(8514b3d72fde63e4aa339f0972d6af87) (TextureImporter) -> (artifact id: 'ceefa7c3023e24d72d06cbf77a0614f2') in 0.0012472 seconds
Refreshing native plugins compatible for Editor in 0.00 ms, found 0 plugins.
Preloading 0 native plugins for Editor in 0.00 ms.
Asset Pipeline Refresh (id=5e40d106d669b5b47b742bf161565def): Total: 0.005 seconds - Initiated by StopAssetImportingV2(NoUpdateAssetOptions)
Start importing Assets/AreaBattle/Resources/Recovered/Outgame/Sprites/CAB-68a3634b9a99c5a2a10a36b772e4e945_5450819786949168930.png using Guid(89e6337e2026ceb4091fd71e73795da6) (TextureImporter) -> (artifact id: '68fa9ecb4f94442065b9c93619a037cc') in 0.0021267 seconds
Refreshing native plugins compatible for Editor in 0.00 ms, found 0 plugins.
Preloading 0 native plugins for Editor in 0.00 ms.
Asset Pipeline Refresh (id=e717c81b4440a174bb67a38ad2fc96a8): Total: 0.006 seconds - Initiated by StopAssetImportingV2(NoUpdateAssetOptions)
Start importing Assets/AreaBattle/Resources/Recovered/Outgame/Sprites/CAB-68a3634b9a99c5a2a10a36b772e4e945_5450819786949168930.png using Guid(89e6337e2026ceb4091fd71e73795da6) (TextureImporter) -> (artifact id: '68fa9ecb4f94442065b9c93619a037cc') in 0.0020761 seconds
Refreshing native plugins compatible for Editor in 0.00 ms, found 0 plugins.
Preloading 0 native plugins for Editor in 0.00 ms.
Asset Pipeline Refresh (id=387bf42277d963d40be67b00f153c127): Total: 0.006 seconds - Initiated by StopAssetImportingV2(NoUpdateAssetOptions)
Start importing Assets/AreaBattle/Resources/Recovered/Outgame/Sprites/CAB-68a3634b9a99c5a2a10a36b772e4e945_-7659324119193471886.png using Guid(fb97081e1698cef40884228bb20f98d2) (TextureImporter) -> (artifact id: '279f8a754026fa54a500a9aed04103b4') in 0.0021058 seconds
Refreshing native plugins compatible for Editor in 0.00 ms, found 0 plugins.
Preloading 0 native plugins for Editor in 0.00 ms.
Asset Pipeline Refresh (id=880bc79c619c0834b868d91c2220252a): Total: 0.006 seconds - Initiated by StopAssetImportingV2(NoUpdateAssetOptions)
Start importing Assets/AreaBattle/Resources/Recovered/Outgame/Sprites/CAB-68a3634b9a99c5a2a10a36b772e4e945_-7659324119193471886.png using Guid(fb97081e1698cef40884228bb20f98d2) (TextureImporter) -> (artifact id: '279f8a754026fa54a500a9aed04103b4') in 0.0020411 seconds
Refreshing native plugins compatible for Editor in 0.00 ms, found 0 plugins.
Preloading 0 native plugins for Editor in 0.00 ms.
Asset Pipeline Refresh (id=75c883ac7a3d39d46b2ce66eb5269233): Total: 0.006 seconds - Initiated by StopAssetImportingV2(NoUpdateAssetOptions)
Start importing Assets/AreaBattle/Resources/Recovered/Outgame/Sprites/CAB-68a3634b9a99c5a2a10a36b772e4e945_864233670361447348.png using Guid(97d27ff6db0fdf44098bf8f2aa476e4f) (TextureImporter) -> (artifact id: '3bb89afa82bce55e273c701bf4f57b0e') in 0.0020124 seconds
Refreshing native plugins compatible for Editor in 0.00 ms, found 0 plugins.
Preloading 0 native plugins for Editor in 0.00 ms.
Asset Pipeline Refresh (id=8793c05b7ee10d5498455cfdaeec174b): Total: 0.005 seconds - Initiated by StopAssetImportingV2(NoUpdateAssetOptions)
Start importing Assets/AreaBattle/Resources/Recovered/Outgame/Sprites/CAB-68a3634b9a99c5a2a10a36b772e4e945_864233670361447348.png using Guid(97d27ff6db0fdf44098bf8f2aa476e4f) (TextureImporter) -> (artifact id: '3bb89afa82bce55e273c701bf4f57b0e') in 0.00206 seconds
Refreshing native plugins compatible for Editor in 0.00 ms, found 0 plugins.
Preloading 0 native plugins for Editor in 0.00 ms.
Asset Pipeline Refresh (id=0ba1120b19913d946ac4843a88def2ec): Total: 0.006 seconds - Initiated by StopAssetImportingV2(NoUpdateAssetOptions)
Start importing Assets/AreaBattle/Resources/Recovered/Outgame/Sprites/CAB-68a3634b9a99c5a2a10a36b772e4e945_-215119349402305133.png using Guid(97b49e663d973bd42879800b094ee697) (TextureImporter) -> (artifact id: '37de2e76e4853fe67a028cdf5008adf6') in 0.0020718 seconds
Refreshing native plugins compatible for Editor in 0.00 ms, found 0 plugins.
Preloading 0 native plugins for Editor in 0.00 ms.
Asset Pipeline Refresh (id=b79674c3b0f91e8498f82aea5346ce11): Total: 0.006 seconds - Initiated by StopAssetImportingV2(NoUpdateAssetOptions)
Start importing Assets/AreaBattle/Resources/Recovered/Outgame/Sprites/CAB-68a3634b9a99c5a2a10a36b772e4e945_-215119349402305133.png using Guid(97b49e663d973bd42879800b094ee697) (TextureImporter) -> (artifact id: '37de2e76e4853fe67a028cdf5008adf6') in 0.0021489 seconds
Refreshing native plugins compatible for Editor in 0.00 ms, found 0 plugins.
Preloading 0 native plugins for Editor in 0.00 ms.
Asset Pipeline Refresh (id=ffd6e71c6f2b56e43b68aa1e4a060381): Total: 0.006 seconds - Initiated by StopAssetImportingV2(NoUpdateAssetOptions)
Start importing Assets/AreaBattle/Resources/Recovered/Outgame/Sprites/CAB-68a3634b9a99c5a2a10a36b772e4e945_3721505923199446787.png using Guid(ac7649d1dc5eeea4093595bd06c170e5) (TextureImporter) -> (artifact id: 'cc0f970cb1528e8fc4a0118ae988d6ab') in 0.0016532 seconds
Refreshing native plugins compatible for Editor in 0.00 ms, found 0 plugins.
Preloading 0 native plugins for Editor in 0.00 ms.
Asset Pipeline Refresh (id=9779c4257ddb294449619d4c047bb9b0): Total: 0.005 seconds - Initiated by StopAssetImportingV2(NoUpdateAssetOptions)
Start importing Assets/AreaBattle/Resources/Recovered/Outgame/Sprites/CAB-68a3634b9a99c5a2a10a36b772e4e945_3721505923199446787.png using Guid(ac7649d1dc5eeea4093595bd06c170e5) (TextureImporter) -> (artifact id: 'cc0f970cb1528e8fc4a0118ae988d6ab') in 0.001603 seconds
Refreshing native plugins compatible for Editor in 0.00 ms, found 0 plugins.
Preloading 0 native plugins for Editor in 0.00 ms.
Asset Pipeline Refresh (id=408f0bc3a72a572418590158b4a2452b): Total: 0.005 seconds - Initiated by StopAssetImportingV2(NoUpdateAssetOptions)
Start importing Assets/AreaBattle/Resources/Recovered/Outgame/Sprites/CAB-68a3634b9a99c5a2a10a36b772e4e945_6036933308872373937.png using Guid(06d5cba077ba66b469b36dedf10853fb) (TextureImporter) -> (artifact id: '90b19a593cb53ce08165d285b9de625a') in 0.0018172 seconds
Refreshing native plugins compatible for Editor in 0.00 ms, found 0 plugins.
Preloading 0 native plugins for Editor in 0.00 ms.
Asset Pipeline Refresh (id=dc421537620a29347a35ae323385e386): Total: 0.005 seconds - Initiated by StopAssetImportingV2(NoUpdateAssetOptions)
Start importing Assets/AreaBattle/Resources/Recovered/Outgame/Sprites/CAB-68a3634b9a99c5a2a10a36b772e4e945_6036933308872373937.png using Guid(06d5cba077ba66b469b36dedf10853fb) (TextureImporter) -> (artifact id: '90b19a593cb53ce08165d285b9de625a') in 0.0016388 seconds
Refreshing native plugins compatible for Editor in 0.00 ms, found 0 plugins.
Preloading 0 native plugins for Editor in 0.00 ms.
Asset Pipeline Refresh (id=59a804fdff42b10408bc1fae21dfea3d): Total: 0.005 seconds - Initiated by StopAssetImportingV2(NoUpdateAssetOptions)
Start importing Assets/AreaBattle/Resources/Recovered/Outgame/Sprites/CAB-68a3634b9a99c5a2a10a36b772e4e945_-8268854209399839647.png using Guid(1bbe877c8e971024ebec9cee7cae2a42) (TextureImporter) -> (artifact id: 'cbf46b7fa45020333f89d4b516a4f8cc') in 0.0017693 seconds
Refreshing native plugins compatible for Editor in 0.00 ms, found 0 plugins.
Preloading 0 native plugins for Editor in 0.00 ms.
Asset Pipeline Refresh (id=2d7897084f80a0d4b9f9c491404e7746): Total: 0.005 seconds - Initiated by StopAssetImportingV2(NoUpdateAssetOptions)
Start importing Assets/AreaBattle/Resources/Recovered/Outgame/Sprites/CAB-68a3634b9a99c5a2a10a36b772e4e945_-8268854209399839647.png using Guid(1bbe877c8e971024ebec9cee7cae2a42) (TextureImporter) -> (artifact id: 'cbf46b7fa45020333f89d4b516a4f8cc') in 0.001629 seconds
Refreshing native plugins compatible for Editor in 0.00 ms, found 0 plugins.
Preloading 0 native plugins for Editor in 0.00 ms.
Asset Pipeline Refresh (id=096180487e1ab874d953f76d9d8e598f): Total: 0.005 seconds - Initiated by StopAssetImportingV2(NoUpdateAssetOptions)
Start importing Assets/AreaBattle/Resources/Recovered/Outgame/Sprites/CAB-68a3634b9a99c5a2a10a36b772e4e945_-5159291304696048613.png using Guid(d28fb7dcf0d1fd2498849c94c0868b7d) (TextureImporter) -> (artifact id: 'bfbb77e0ed0a8bd9f7c1efed61b8ea1d') in 0.0012037 seconds
Refreshing native plugins compatible for Editor in 0.00 ms, found 0 plugins.
Preloading 0 native plugins for Editor in 0.00 ms.
Asset Pipeline Refresh (id=26e63bb9bbd388a49a1e0f027e66723a): Total: 0.005 seconds - Initiated by StopAssetImportingV2(NoUpdateAssetOptions)
Start importing Assets/AreaBattle/Resources/Recovered/Outgame/Sprites/CAB-68a3634b9a99c5a2a10a36b772e4e945_-5159291304696048613.png using Guid(d28fb7dcf0d1fd2498849c94c0868b7d) (TextureImporter) -> (artifact id: 'bfbb77e0ed0a8bd9f7c1efed61b8ea1d') in 0.0012156 seconds
Refreshing native plugins compatible for Editor in 0.00 ms, found 0 plugins.
Preloading 0 native plugins for Editor in 0.00 ms.
Asset Pipeline Refresh (id=4698099e84ce8e1409eaf0b098ba5c8f): Total: 0.005 seconds - Initiated by StopAssetImportingV2(NoUpdateAssetOptions)
Start importing Assets/AreaBattle/Resources/Recovered/Outgame/Sprites/CAB-68a3634b9a99c5a2a10a36b772e4e945_-4971279914608531168.png using Guid(70bba2e4fc9d3d54daff0bed39c99b8c) (TextureImporter) -> (artifact id: 'd416e0945a4c2fbdcaf1572517e149ac') in 0.0014736 seconds
Refreshing native plugins compatible for Editor in 0.00 ms, found 0 plugins.
Preloading 0 native plugins for Editor in 0.00 ms.
Asset Pipeline Refresh (id=6ff70a574e483a04591116d6a97d2a58): Total: 0.005 seconds - Initiated by StopAssetImportingV2(NoUpdateAssetOptions)
Start importing Assets/AreaBattle/Resources/Recovered/Outgame/Sprites/CAB-68a3634b9a99c5a2a10a36b772e4e945_-4971279914608531168.png using Guid(70bba2e4fc9d3d54daff0bed39c99b8c) (TextureImporter) -> (artifact id: 'd416e0945a4c2fbdcaf1572517e149ac') in 0.0013386 seconds
Refreshing native plugins compatible for Editor in 0.00 ms, found 0 plugins.
Preloading 0 native plugins for Editor in 0.00 ms.
Asset Pipeline Refresh (id=2067365574f1eda44b7c65c0c75187da): Total: 0.005 seconds - Initiated by StopAssetImportingV2(NoUpdateAssetOptions)
Start importing Assets/AreaBattle/Resources/Recovered/Outgame/Sprites/CAB-68a3634b9a99c5a2a10a36b772e4e945_7552541131183963408.png using Guid(69616ff5159a4844bac2633ad26efe8e) (TextureImporter) -> (artifact id: '2b455f2abc8bbd8ea7788502ac0216bc') in 0.0018681 seconds
Refreshing native plugins compatible for Editor in 0.00 ms, found 0 plugins.
Preloading 0 native plugins for Editor in 0.00 ms.
Asset Pipeline Refresh (id=adcc694d70dfa4d4191fab49b833818c): Total: 0.005 seconds - Initiated by StopAssetImportingV2(NoUpdateAssetOptions)
Start importing Assets/AreaBattle/Resources/Recovered/Outgame/Sprites/CAB-68a3634b9a99c5a2a10a36b772e4e945_7552541131183963408.png using Guid(69616ff5159a4844bac2633ad26efe8e) (TextureImporter) -> (artifact id: '2b455f2abc8bbd8ea7788502ac0216bc') in 0.0017069 seconds
Refreshing native plugins compatible for Editor in 0.00 ms, found 0 plugins.
Preloading 0 native plugins for Editor in 0.00 ms.
Asset Pipeline Refresh (id=7a9e9e7acc8f1a646a65f27505074b49): Total: 0.005 seconds - Initiated by StopAssetImportingV2(NoUpdateAssetOptions)
Start importing Assets/AreaBattle/Resources/Recovered/Outgame/Sprites/CAB-68a3634b9a99c5a2a10a36b772e4e945_3403665462750451336.png using Guid(0cd069db6a76c9f4084d16fd77adfa10) (TextureImporter) -> (artifact id: 'bc0912568ad400b05c16d22d6516990a') in 0.0019746 seconds
Refreshing native plugins compatible for Editor in 0.00 ms, found 0 plugins.
Preloading 0 native plugins for Editor in 0.00 ms.
Asset Pipeline Refresh (id=568b97da7af58e74dbaa07cc97d39999): Total: 0.006 seconds - Initiated by StopAssetImportingV2(NoUpdateAssetOptions)
Start importing Assets/AreaBattle/Resources/Recovered/Outgame/Sprites/CAB-68a3634b9a99c5a2a10a36b772e4e945_3403665462750451336.png using Guid(0cd069db6a76c9f4084d16fd77adfa10) (TextureImporter) -> (artifact id: 'bc0912568ad400b05c16d22d6516990a') in 0.0020303 seconds
Refreshing native plugins compatible for Editor in 0.00 ms, found 0 plugins.
Preloading 0 native plugins for Editor in 0.00 ms.
Asset Pipeline Refresh (id=e5eef7385de4c64498b94541abda92d2): Total: 0.006 seconds - Initiated by StopAssetImportingV2(NoUpdateAssetOptions)
Start importing Assets/AreaBattle/Resources/Recovered/Outgame/Sprites/CAB-68a3634b9a99c5a2a10a36b772e4e945_-3811664915477073136.png using Guid(684059d7e5797bd4384f8c039fcc9db1) (TextureImporter) -> (artifact id: '1df772ff81eb2f6fe3fe2199283ef99a') in 0.0018395 seconds
Refreshing native plugins compatible for Editor in 0.00 ms, found 0 plugins.
Preloading 0 native plugins for Editor in 0.00 ms.
Asset Pipeline Refresh (id=316356e18af601343978de5bcfcdc19c): Total: 0.005 seconds - Initiated by StopAssetImportingV2(NoUpdateAssetOptions)
Start importing Assets/AreaBattle/Resources/Recovered/Outgame/Sprites/CAB-68a3634b9a99c5a2a10a36b772e4e945_-3811664915477073136.png using Guid(684059d7e5797bd4384f8c039fcc9db1) (TextureImporter) -> (artifact id: '1df772ff81eb2f6fe3fe2199283ef99a') in 0.0017789 seconds
Refreshing native plugins compatible for Editor in 0.00 ms, found 0 plugins.
Preloading 0 native plugins for Editor in 0.00 ms.
Asset Pipeline Refresh (id=e9be4769bfe473b4baa7bf1558de3fcc): Total: 0.006 seconds - Initiated by StopAssetImportingV2(NoUpdateAssetOptions)
Start importing Assets/AreaBattle/Resources/Recovered/Outgame/Sprites/CAB-68a3634b9a99c5a2a10a36b772e4e945_-4322731864224811946.png using Guid(cb9dd6f722f76a940b8026af5a25eb73) (TextureImporter) -> (artifact id: '8959fe119e14d1c9bb9da7a928bb85ba') in 0.0018949 seconds
Refreshing native plugins compatible for Editor in 0.00 ms, found 0 plugins.
Preloading 0 native plugins for Editor in 0.00 ms.
Asset Pipeline Refresh (id=9d7bb41d66b34324f9334f45b8ebabef): Total: 0.005 seconds - Initiated by StopAssetImportingV2(NoUpdateAssetOptions)
Start importing Assets/AreaBattle/Resources/Recovered/Outgame/Sprites/CAB-68a3634b9a99c5a2a10a36b772e4e945_-4322731864224811946.png using Guid(cb9dd6f722f76a940b8026af5a25eb73) (TextureImporter) -> (artifact id: '8959fe119e14d1c9bb9da7a928bb85ba') in 0.0018883 seconds
Refreshing native plugins compatible for Editor in 0.00 ms, found 0 plugins.
Preloading 0 native plugins for Editor in 0.00 ms.
Asset Pipeline Refresh (id=cf2bbc0e551088644a0f5846d865e68e): Total: 0.006 seconds - Initiated by StopAssetImportingV2(NoUpdateAssetOptions)
Start importing Assets/AreaBattle/Resources/Recovered/Outgame/Sprites/CAB-68a3634b9a99c5a2a10a36b772e4e945_5717087075749903458.png using Guid(8301644ca23dc7a478bcfe5c7c47035c) (TextureImporter) -> (artifact id: 'ebd50aadc6dc63c01eedf928e78c7f38') in 0.0017966 seconds
Refreshing native plugins compatible for Editor in 0.00 ms, found 0 plugins.
Preloading 0 native plugins for Editor in 0.00 ms.
Asset Pipeline Refresh (id=e6cdf6e7c1b6e6b439cdcf3d88b71edf): Total: 0.005 seconds - Initiated by StopAssetImportingV2(NoUpdateAssetOptions)
Start importing Assets/AreaBattle/Resources/Recovered/Outgame/Sprites/CAB-68a3634b9a99c5a2a10a36b772e4e945_5717087075749903458.png using Guid(8301644ca23dc7a478bcfe5c7c47035c) (TextureImporter) -> (artifact id: 'ebd50aadc6dc63c01eedf928e78c7f38') in 0.0016138 seconds
Refreshing native plugins compatible for Editor in 0.00 ms, found 0 plugins.
Preloading 0 native plugins for Editor in 0.00 ms.
Asset Pipeline Refresh (id=e206834c2a6baff4b8874670757aa3c8): Total: 0.005 seconds - Initiated by StopAssetImportingV2(NoUpdateAssetOptions)
Start importing Assets/AreaBattle/Resources/Recovered/Outgame/Sprites/CAB-68a3634b9a99c5a2a10a36b772e4e945_-7128104167923467825.png using Guid(e674972eec5fc8542aa5ab22f989ae14) (TextureImporter) -> (artifact id: '3da96f8f860e0d2142662357bed0b97d') in 0.0013437 seconds
Refreshing native plugins compatible for Editor in 0.00 ms, found 0 plugins.
Preloading 0 native plugins for Editor in 0.00 ms.
Asset Pipeline Refresh (id=03474b057a78c954e91430c2012b6d5b): Total: 0.005 seconds - Initiated by StopAssetImportingV2(NoUpdateAssetOptions)
Start importing Assets/AreaBattle/Resources/Recovered/Outgame/Sprites/CAB-68a3634b9a99c5a2a10a36b772e4e945_-7128104167923467825.png using Guid(e674972eec5fc8542aa5ab22f989ae14) (TextureImporter) -> (artifact id: '3da96f8f860e0d2142662357bed0b97d') in 0.0013568 seconds
Refreshing native plugins compatible for Editor in 0.00 ms, found 0 plugins.
Preloading 0 native plugins for Editor in 0.00 ms.
Asset Pipeline Refresh (id=cd475d2756a7d3d4f95e6e8c82ccdf66): Total: 0.005 seconds - Initiated by StopAssetImportingV2(NoUpdateAssetOptions)
Start importing Assets/AreaBattle/Resources/Recovered/Outgame/Sprites/CAB-68a3634b9a99c5a2a10a36b772e4e945_3639792147345486873.png using Guid(ede5290172a1a134d84ecacb1f389696) (TextureImporter) -> (artifact id: '2bf1c049d115ddb3f1ce391831b260e0') in 0.0017431 seconds
Refreshing native plugins compatible for Editor in 0.00 ms, found 0 plugins.
Preloading 0 native plugins for Editor in 0.00 ms.
Asset Pipeline Refresh (id=fe52f9d1426084f4e95045902b49f8fa): Total: 0.005 seconds - Initiated by StopAssetImportingV2(NoUpdateAssetOptions)
Start importing Assets/AreaBattle/Resources/Recovered/Outgame/Sprites/CAB-68a3634b9a99c5a2a10a36b772e4e945_3639792147345486873.png using Guid(ede5290172a1a134d84ecacb1f389696) (TextureImporter) -> (artifact id: '2bf1c049d115ddb3f1ce391831b260e0') in 0.0040046 seconds
Refreshing native plugins compatible for Editor in 0.00 ms, found 0 plugins.
Preloading 0 native plugins for Editor in 0.00 ms.
Asset Pipeline Refresh (id=f75d36edfbe0c2b4a982efcc1484697c): Total: 0.008 seconds - Initiated by StopAssetImportingV2(NoUpdateAssetOptions)
Start importing Assets/AreaBattle/Resources/Recovered/Outgame/Sprites/CAB-68a3634b9a99c5a2a10a36b772e4e945_-947968453071298220.png using Guid(0af8d0be3a556694baf90190a57f38aa) (TextureImporter) -> (artifact id: '794d520ddacd83e1b250cca7c536f7c8') in 0.0016763 seconds
Refreshing native plugins compatible for Editor in 0.00 ms, found 0 plugins.
Preloading 0 native plugins for Editor in 0.00 ms.
Asset Pipeline Refresh (id=7e11a83d38df524418d0eb8df740150c): Total: 0.005 seconds - Initiated by StopAssetImportingV2(NoUpdateAssetOptions)
Start importing Assets/AreaBattle/Resources/Recovered/Outgame/Sprites/CAB-68a3634b9a99c5a2a10a36b772e4e945_-947968453071298220.png using Guid(0af8d0be3a556694baf90190a57f38aa) (TextureImporter) -> (artifact id: '794d520ddacd83e1b250cca7c536f7c8') in 0.0016371 seconds
Refreshing native plugins compatible for Editor in 0.00 ms, found 0 plugins.
Preloading 0 native plugins for Editor in 0.00 ms.
Asset Pipeline Refresh (id=3afe957d6c9bf0742aa2d90ac7658d96): Total: 0.005 seconds - Initiated by StopAssetImportingV2(NoUpdateAssetOptions)
Start importing Assets/AreaBattle/Resources/Recovered/Outgame/Sprites/CAB-68a3634b9a99c5a2a10a36b772e4e945_-7552916471266992501.png using Guid(806f8b3fae30edf4291c51f387fdd859) (TextureImporter) -> (artifact id: '23961feaf79d879c4a8cce78b330ffa4') in 0.0020216 seconds
Refreshing native plugins compatible for Editor in 0.00 ms, found 0 plugins.
Preloading 0 native plugins for Editor in 0.00 ms.
Asset Pipeline Refresh (id=5f992e179ecd2d34fa30ccb6a12b937f): Total: 0.006 seconds - Initiated by StopAssetImportingV2(NoUpdateAssetOptions)
Start importing Assets/AreaBattle/Resources/Recovered/Outgame/Sprites/CAB-68a3634b9a99c5a2a10a36b772e4e945_-7552916471266992501.png using Guid(806f8b3fae30edf4291c51f387fdd859) (TextureImporter) -> (artifact id: '23961feaf79d879c4a8cce78b330ffa4') in 0.0021349 seconds
Refreshing native plugins compatible for Editor in 0.00 ms, found 0 plugins.
Preloading 0 native plugins for Editor in 0.00 ms.
Asset Pipeline Refresh (id=8e47dd481107d2649b3b1d3e644205a1): Total: 0.006 seconds - Initiated by StopAssetImportingV2(NoUpdateAssetOptions)
Start importing Assets/AreaBattle/Resources/Recovered/Outgame/Sprites/CAB-68a3634b9a99c5a2a10a36b772e4e945_1039093117671376833.png using Guid(256a3155e9ddeb8438af8550e48d86b3) (TextureImporter) -> (artifact id: 'bbc273b5434c94d619325e44ff9f2a40') in 0.0043964 seconds
Refreshing native plugins compatible for Editor in 0.00 ms, found 0 plugins.
Preloading 0 native plugins for Editor in 0.00 ms.
Asset Pipeline Refresh (id=a445e292c85891e4597a603299abf93b): Total: 0.008 seconds - Initiated by StopAssetImportingV2(NoUpdateAssetOptions)
Start importing Assets/AreaBattle/Resources/Recovered/Outgame/Sprites/CAB-68a3634b9a99c5a2a10a36b772e4e945_1039093117671376833.png using Guid(256a3155e9ddeb8438af8550e48d86b3) (TextureImporter) -> (artifact id: 'bbc273b5434c94d619325e44ff9f2a40') in 0.0044012 seconds
Refreshing native plugins compatible for Editor in 0.00 ms, found 0 plugins.
Preloading 0 native plugins for Editor in 0.00 ms.
Asset Pipeline Refresh (id=e158378b358918b459ab90ad6bcd178c): Total: 0.008 seconds - Initiated by StopAssetImportingV2(NoUpdateAssetOptions)
Start importing Assets/AreaBattle/Resources/Recovered/Outgame/Sprites/CAB-68a3634b9a99c5a2a10a36b772e4e945_-1334273524089670153.png using Guid(79f4e96861b1cf64589f2e8f979616cb) (TextureImporter) -> (artifact id: '33e3e5c8777a370277c58689e3101b34') in 0.0011829 seconds
Refreshing native plugins compatible for Editor in 0.00 ms, found 0 plugins.
Preloading 0 native plugins for Editor in 0.00 ms.
Asset Pipeline Refresh (id=2c0993a5071e70d498fff872ece837d4): Total: 0.005 seconds - Initiated by StopAssetImportingV2(NoUpdateAssetOptions)
Start importing Assets/AreaBattle/Resources/Recovered/Outgame/Sprites/CAB-68a3634b9a99c5a2a10a36b772e4e945_-1334273524089670153.png using Guid(79f4e96861b1cf64589f2e8f979616cb) (TextureImporter) -> (artifact id: '33e3e5c8777a370277c58689e3101b34') in 0.0011446 seconds
Refreshing native plugins compatible for Editor in 0.00 ms, found 0 plugins.
Preloading 0 native plugins for Editor in 0.00 ms.
Asset Pipeline Refresh (id=f8907fb2228b02e4abeff26400bc68d8): Total: 0.005 seconds - Initiated by StopAssetImportingV2(NoUpdateAssetOptions)
Start importing Assets/AreaBattle/Resources/Recovered/Outgame/Sprites/CAB-68a3634b9a99c5a2a10a36b772e4e945_7415029052608284052.png using Guid(a3f30cf5b99a9be44bbb4c941cf8a3f3) (TextureImporter) -> (artifact id: '29c742dde7eeb6efbe334c4296e81b0c') in 0.0040399 seconds
Refreshing native plugins compatible for Editor in 0.00 ms, found 0 plugins.
Preloading 0 native plugins for Editor in 0.00 ms.
Asset Pipeline Refresh (id=1bac2c3097b36fe40ab72f60b459a5cb): Total: 0.008 seconds - Initiated by StopAssetImportingV2(NoUpdateAssetOptions)
Start importing Assets/AreaBattle/Resources/Recovered/Outgame/Sprites/CAB-68a3634b9a99c5a2a10a36b772e4e945_7415029052608284052.png using Guid(a3f30cf5b99a9be44bbb4c941cf8a3f3) (TextureImporter) -> (artifact id: '29c742dde7eeb6efbe334c4296e81b0c') in 0.0038615 seconds
Refreshing native plugins compatible for Editor in 0.00 ms, found 0 plugins.
Preloading 0 native plugins for Editor in 0.00 ms.
Asset Pipeline Refresh (id=a45910e380dc8e643a361cb7f68b8992): Total: 0.008 seconds - Initiated by StopAssetImportingV2(NoUpdateAssetOptions)
Start importing Assets/AreaBattle/Resources/Recovered/Outgame/Sprites/CAB-68a3634b9a99c5a2a10a36b772e4e945_-1327541794178865016.png using Guid(224a27c465b52ec4bad31111f83766ae) (TextureImporter) -> (artifact id: 'e124d5c9338e130483cc2913c2249b0e') in 0.0020501 seconds
Refreshing native plugins compatible for Editor in 0.00 ms, found 0 plugins.
Preloading 0 native plugins for Editor in 0.00 ms.
Asset Pipeline Refresh (id=eb1eda0c19f03e34299773d7ee6f022e): Total: 0.006 seconds - Initiated by StopAssetImportingV2(NoUpdateAssetOptions)
Start importing Assets/AreaBattle/Resources/Recovered/Outgame/Sprites/CAB-68a3634b9a99c5a2a10a36b772e4e945_-1327541794178865016.png using Guid(224a27c465b52ec4bad31111f83766ae) (TextureImporter) -> (artifact id: 'e124d5c9338e130483cc2913c2249b0e') in 0.0018964 seconds
Refreshing native plugins compatible for Editor in 0.00 ms, found 0 plugins.
Preloading 0 native plugins for Editor in 0.00 ms.
Asset Pipeline Refresh (id=c0ce22e6d141ae14591bdd4fc61bbaf3): Total: 0.006 seconds - Initiated by StopAssetImportingV2(NoUpdateAssetOptions)
Start importing Assets/AreaBattle/Resources/Recovered/Outgame/Sprites/CAB-68a3634b9a99c5a2a10a36b772e4e945_1398600922758705203.png using Guid(c72445120e0e93c41b5f2d2a19242b32) (TextureImporter) -> (artifact id: 'e7df1fb736ff5624e0b282c1d7f079b6') in 0.0010411 seconds
Refreshing native plugins compatible for Editor in 0.00 ms, found 0 plugins.
Preloading 0 native plugins for Editor in 0.00 ms.
Asset Pipeline Refresh (id=0fc2ff7574ff49043a6d557a6f11abc2): Total: 0.005 seconds - Initiated by StopAssetImportingV2(NoUpdateAssetOptions)
Start importing Assets/AreaBattle/Resources/Recovered/Outgame/Sprites/CAB-68a3634b9a99c5a2a10a36b772e4e945_1398600922758705203.png using Guid(c72445120e0e93c41b5f2d2a19242b32) (TextureImporter) -> (artifact id: 'e7df1fb736ff5624e0b282c1d7f079b6') in 0.0010354 seconds
Refreshing native plugins compatible for Editor in 0.00 ms, found 0 plugins.
Preloading 0 native plugins for Editor in 0.00 ms.
Asset Pipeline Refresh (id=5cc808816c314b6448bd0bd8bb58a072): Total: 0.005 seconds - Initiated by StopAssetImportingV2(NoUpdateAssetOptions)
Start importing Assets/AreaBattle/Resources/Recovered/Outgame/Sprites/CAB-68a3634b9a99c5a2a10a36b772e4e945_7216579244126509952.png using Guid(111f0872b8cec5b48847ee8b51130326) (TextureImporter) -> (artifact id: '0e24503e1fd02d19e348a0dfd3df63f3') in 0.0021734 seconds
Refreshing native plugins compatible for Editor in 0.00 ms, found 0 plugins.
Preloading 0 native plugins for Editor in 0.00 ms.
Asset Pipeline Refresh (id=af0af2f445759e4408d51ffaeafdcc82): Total: 0.006 seconds - Initiated by StopAssetImportingV2(NoUpdateAssetOptions)
Start importing Assets/AreaBattle/Resources/Recovered/Outgame/Sprites/CAB-68a3634b9a99c5a2a10a36b772e4e945_7216579244126509952.png using Guid(111f0872b8cec5b48847ee8b51130326) (TextureImporter) -> (artifact id: '0e24503e1fd02d19e348a0dfd3df63f3') in 0.0021986 seconds
Refreshing native plugins compatible for Editor in 0.00 ms, found 0 plugins.
Preloading 0 native plugins for Editor in 0.00 ms.
Asset Pipeline Refresh (id=97bcbf7a9359ff94fb9338d9cb636bd2): Total: 0.006 seconds - Initiated by StopAssetImportingV2(NoUpdateAssetOptions)
Start importing Assets/AreaBattle/Resources/Recovered/Outgame/Sprites/CAB-68a3634b9a99c5a2a10a36b772e4e945_-5022608720618937171.png using Guid(282b73abbff5d144a971254370eebe34) (TextureImporter) -> (artifact id: 'c299616bacf78cc3a56ffa8a57f6845f') in 0.0019716 seconds
Refreshing native plugins compatible for Editor in 0.00 ms, found 0 plugins.
Preloading 0 native plugins for Editor in 0.00 ms.
Asset Pipeline Refresh (id=f54377747ebb9f149b778f7027e9088a): Total: 0.006 seconds - Initiated by StopAssetImportingV2(NoUpdateAssetOptions)
Start importing Assets/AreaBattle/Resources/Recovered/Outgame/Sprites/CAB-68a3634b9a99c5a2a10a36b772e4e945_-5022608720618937171.png using Guid(282b73abbff5d144a971254370eebe34) (TextureImporter) -> (artifact id: 'c299616bacf78cc3a56ffa8a57f6845f') in 0.0018168 seconds
Refreshing native plugins compatible for Editor in 0.00 ms, found 0 plugins.
Preloading 0 native plugins for Editor in 0.00 ms.
Asset Pipeline Refresh (id=8a7e343a3ad61824088272e846ab0f85): Total: 0.006 seconds - Initiated by StopAssetImportingV2(NoUpdateAssetOptions)
Start importing Assets/AreaBattle/Resources/Recovered/Outgame/Sprites/CAB-f0f8d5b2fe4fc0f1a8885e70e42a8501_6431201894830666966.png using Guid(2887dc88ef1a7bb4a8f4747c6b430912) (TextureImporter) -> (artifact id: '80f1c4b4eaf222d8c2e53ecd0be2c139') in 0.0010078 seconds
Refreshing native plugins compatible for Editor in 0.00 ms, found 0 plugins.
Preloading 0 native plugins for Editor in 0.00 ms.
Asset Pipeline Refresh (id=713a56e45af4dfc4d9c5a8f83fd7fb10): Total: 0.004 seconds - Initiated by StopAssetImportingV2(NoUpdateAssetOptions)
Start importing Assets/AreaBattle/Resources/Recovered/Outgame/Sprites/CAB-f0f8d5b2fe4fc0f1a8885e70e42a8501_6431201894830666966.png using Guid(2887dc88ef1a7bb4a8f4747c6b430912) (TextureImporter) -> (artifact id: '80f1c4b4eaf222d8c2e53ecd0be2c139') in 0.0010889 seconds
Refreshing native plugins compatible for Editor in 0.00 ms, found 0 plugins.
Preloading 0 native plugins for Editor in 0.00 ms.
Asset Pipeline Refresh (id=eca4fb6d2916f2c4dbbcbfd863ca5b1d): Total: 0.005 seconds - Initiated by StopAssetImportingV2(NoUpdateAssetOptions)
Start importing Assets/AreaBattle/Resources/Recovered/Outgame/Sprites/CAB-f0f8d5b2fe4fc0f1a8885e70e42a8501_-3313097421019586755.png using Guid(09517a242840b3f419850b2c6009c9f4) (TextureImporter) -> (artifact id: '0cedd519850bcedfce4321ddb6ee6223') in 0.0022025 seconds
Refreshing native plugins compatible for Editor in 0.00 ms, found 0 plugins.
Preloading 0 native plugins for Editor in 0.00 ms.
Asset Pipeline Refresh (id=25120c4aa1f8d3f41913f2fbd84375c8): Total: 0.006 seconds - Initiated by StopAssetImportingV2(NoUpdateAssetOptions)
Start importing Assets/AreaBattle/Resources/Recovered/Outgame/Sprites/CAB-f0f8d5b2fe4fc0f1a8885e70e42a8501_-3313097421019586755.png using Guid(09517a242840b3f419850b2c6009c9f4) (TextureImporter) -> (artifact id: '0cedd519850bcedfce4321ddb6ee6223') in 0.0020886 seconds
Refreshing native plugins compatible for Editor in 0.00 ms, found 0 plugins.
Preloading 0 native plugins for Editor in 0.00 ms.
Asset Pipeline Refresh (id=e661600e208ae5844b68fc165d9157e2): Total: 0.006 seconds - Initiated by StopAssetImportingV2(NoUpdateAssetOptions)
Start importing Assets/AreaBattle/Resources/Recovered/Outgame/Sprites/CAB-68a3634b9a99c5a2a10a36b772e4e945_3366574577895424171.png using Guid(8daa88c336093f848993d837b97a9ef1) (TextureImporter) -> (artifact id: '1b486af720473120404ae2c55fbf57d6') in 0.0012813 seconds
Refreshing native plugins compatible for Editor in 0.00 ms, found 0 plugins.
Preloading 0 native plugins for Editor in 0.00 ms.
Asset Pipeline Refresh (id=a7623ffac48123b44adfb9ead5fc0c47): Total: 0.005 seconds - Initiated by StopAssetImportingV2(NoUpdateAssetOptions)
Start importing Assets/AreaBattle/Resources/Recovered/Outgame/Sprites/CAB-68a3634b9a99c5a2a10a36b772e4e945_3366574577895424171.png using Guid(8daa88c336093f848993d837b97a9ef1) (TextureImporter) -> (artifact id: '1b486af720473120404ae2c55fbf57d6') in 0.0011974 seconds
Refreshing native plugins compatible for Editor in 0.00 ms, found 0 plugins.
Preloading 0 native plugins for Editor in 0.00 ms.
Asset Pipeline Refresh (id=6ca96ec0901f76d4f956b5e6d8005757): Total: 0.005 seconds - Initiated by StopAssetImportingV2(NoUpdateAssetOptions)
Start importing Assets/AreaBattle/Resources/Recovered/Outgame/Sprites/CAB-f0f8d5b2fe4fc0f1a8885e70e42a8501_-2320101112833093935.png using Guid(5f5b043b1d9a8d54593b355ba3e20e44) (TextureImporter) -> (artifact id: '943a70464cace822decea25bb96a46dd') in 0.0010408 seconds
Refreshing native plugins compatible for Editor in 0.00 ms, found 0 plugins.
Preloading 0 native plugins for Editor in 0.00 ms.
Asset Pipeline Refresh (id=452dff12111cc3342987eca61bec0094): Total: 0.005 seconds - Initiated by StopAssetImportingV2(NoUpdateAssetOptions)
Start importing Assets/AreaBattle/Resources/Recovered/Outgame/Sprites/CAB-f0f8d5b2fe4fc0f1a8885e70e42a8501_-2320101112833093935.png using Guid(5f5b043b1d9a8d54593b355ba3e20e44) (TextureImporter) -> (artifact id: '943a70464cace822decea25bb96a46dd') in 0.0009858 seconds
Refreshing native plugins compatible for Editor in 0.00 ms, found 0 plugins.
Preloading 0 native plugins for Editor in 0.00 ms.
Asset Pipeline Refresh (id=d5c79572933c44d46aca1e4962a64821): Total: 0.005 seconds - Initiated by StopAssetImportingV2(NoUpdateAssetOptions)
Start importing Assets/AreaBattle/Resources/Recovered/Outgame/Sprites/CAB-f0f8d5b2fe4fc0f1a8885e70e42a8501_-2051852787592275987.png using Guid(aa7c09c218e056b4fa5b1378dc696ff6) (TextureImporter) -> (artifact id: 'c737be4a9a5c71eca87a66b4b1af1a65') in 0.0014637 seconds
Refreshing native plugins compatible for Editor in 0.00 ms, found 0 plugins.
Preloading 0 native plugins for Editor in 0.00 ms.
Asset Pipeline Refresh (id=5828b198bfff98d4099ac1e6caa089b3): Total: 0.005 seconds - Initiated by StopAssetImportingV2(NoUpdateAssetOptions)
Start importing Assets/AreaBattle/Resources/Recovered/Outgame/Sprites/CAB-f0f8d5b2fe4fc0f1a8885e70e42a8501_-2051852787592275987.png using Guid(aa7c09c218e056b4fa5b1378dc696ff6) (TextureImporter) -> (artifact id: 'c737be4a9a5c71eca87a66b4b1af1a65') in 0.0015122 seconds
Refreshing native plugins compatible for Editor in 0.00 ms, found 0 plugins.
Preloading 0 native plugins for Editor in 0.00 ms.
Asset Pipeline Refresh (id=33f9a4da40e6e944bb82699bef213af7): Total: 0.005 seconds - Initiated by StopAssetImportingV2(NoUpdateAssetOptions)
Start importing Assets/AreaBattle/Resources/Recovered/Outgame/Sprites/CAB-f0f8d5b2fe4fc0f1a8885e70e42a8501_-8815077990741698023.png using Guid(4d86a7a9301d17b42b9f44c60f7de944) (TextureImporter) -> (artifact id: '850c3601bf92d95ba856b29c95b3d8db') in 0.0011155 seconds
Refreshing native plugins compatible for Editor in 0.00 ms, found 0 plugins.
Preloading 0 native plugins for Editor in 0.00 ms.
Asset Pipeline Refresh (id=e22289599b31d704e9c4751ca849c7de): Total: 0.005 seconds - Initiated by StopAssetImportingV2(NoUpdateAssetOptions)
Start importing Assets/AreaBattle/Resources/Recovered/Outgame/Sprites/CAB-f0f8d5b2fe4fc0f1a8885e70e42a8501_-8815077990741698023.png using Guid(4d86a7a9301d17b42b9f44c60f7de944) (TextureImporter) -> (artifact id: '850c3601bf92d95ba856b29c95b3d8db') in 0.0010084 seconds
Refreshing native plugins compatible for Editor in 0.00 ms, found 0 plugins.
Preloading 0 native plugins for Editor in 0.00 ms.
Asset Pipeline Refresh (id=41ac2ead82ac7e24ca1f96d3b49c65bd): Total: 0.005 seconds - Initiated by StopAssetImportingV2(NoUpdateAssetOptions)
Start importing Assets/AreaBattle/Resources/Recovered/Outgame/Sprites/CAB-f0f8d5b2fe4fc0f1a8885e70e42a8501_7515635854229440057.png using Guid(1c40a75c1bb4253419447d019541ac98) (TextureImporter) -> (artifact id: 'f7452420550169fd5c3709fb6681dd5c') in 0.0012327 seconds
Refreshing native plugins compatible for Editor in 0.00 ms, found 0 plugins.
Preloading 0 native plugins for Editor in 0.00 ms.
Asset Pipeline Refresh (id=694282f9bd2b07c4b8749c4cc78d9518): Total: 0.005 seconds - Initiated by StopAssetImportingV2(NoUpdateAssetOptions)
Start importing Assets/AreaBattle/Resources/Recovered/Outgame/Sprites/CAB-f0f8d5b2fe4fc0f1a8885e70e42a8501_7515635854229440057.png using Guid(1c40a75c1bb4253419447d019541ac98) (TextureImporter) -> (artifact id: 'f7452420550169fd5c3709fb6681dd5c') in 0.0011502 seconds
Refreshing native plugins compatible for Editor in 0.00 ms, found 0 plugins.
Preloading 0 native plugins for Editor in 0.00 ms.
Asset Pipeline Refresh (id=36a3c4f7eec446b4682dea316abeb319): Total: 0.005 seconds - Initiated by StopAssetImportingV2(NoUpdateAssetOptions)
Start importing Assets/AreaBattle/Resources/Recovered/Outgame/Sprites/CAB-f0f8d5b2fe4fc0f1a8885e70e42a8501_41397532161224530.png using Guid(09db565243df1794f89edcf0990bec07) (TextureImporter) -> (artifact id: '23025a50d34f6ebc5842d480aa7fac77') in 0.0017296 seconds
Refreshing native plugins compatible for Editor in 0.00 ms, found 0 plugins.
Preloading 0 native plugins for Editor in 0.00 ms.
Asset Pipeline Refresh (id=c4abaa3c6c9b91847a3490c73c74e759): Total: 0.005 seconds - Initiated by StopAssetImportingV2(NoUpdateAssetOptions)
Start importing Assets/AreaBattle/Resources/Recovered/Outgame/Sprites/CAB-f0f8d5b2fe4fc0f1a8885e70e42a8501_41397532161224530.png using Guid(09db565243df1794f89edcf0990bec07) (TextureImporter) -> (artifact id: '23025a50d34f6ebc5842d480aa7fac77') in 0.0017288 seconds
Refreshing native plugins compatible for Editor in 0.00 ms, found 0 plugins.
Preloading 0 native plugins for Editor in 0.00 ms.
Asset Pipeline Refresh (id=43b89089cddaa4a4e8eee6e534013cdd): Total: 0.005 seconds - Initiated by StopAssetImportingV2(NoUpdateAssetOptions)
Start importing Assets/AreaBattle/Resources/Recovered/Outgame/Sprites/CAB-f0f8d5b2fe4fc0f1a8885e70e42a8501_-7284029749908888299.png using Guid(b755233a76c45c04bbee3f78c5c87908) (TextureImporter) -> (artifact id: 'e380177ff827cce3f90bfc7ffd15b446') in 0.0009534 seconds
Refreshing native plugins compatible for Editor in 0.00 ms, found 0 plugins.
Preloading 0 native plugins for Editor in 0.00 ms.
Asset Pipeline Refresh (id=54ede16a381493d458b2dc1c969b8638): Total: 0.005 seconds - Initiated by StopAssetImportingV2(NoUpdateAssetOptions)
Start importing Assets/AreaBattle/Resources/Recovered/Outgame/Sprites/CAB-f0f8d5b2fe4fc0f1a8885e70e42a8501_-7284029749908888299.png using Guid(b755233a76c45c04bbee3f78c5c87908) (TextureImporter) -> (artifact id: 'e380177ff827cce3f90bfc7ffd15b446') in 0.0009016 seconds
Refreshing native plugins compatible for Editor in 0.00 ms, found 0 plugins.
Preloading 0 native plugins for Editor in 0.00 ms.
Asset Pipeline Refresh (id=41ef164305ef81d4287dd1d9ebfbd24d): Total: 0.005 seconds - Initiated by StopAssetImportingV2(NoUpdateAssetOptions)
Start importing Assets/AreaBattle/Resources/Recovered/Outgame/Sprites/CAB-f0f8d5b2fe4fc0f1a8885e70e42a8501_351421032368338370.png using Guid(fb06aa36e60cfad449e6dd4d2bf8b9db) (TextureImporter) -> (artifact id: '4d35d4f58ce822194b3447f2fb1b08b7') in 0.0011741 seconds
Refreshing native plugins compatible for Editor in 0.00 ms, found 0 plugins.
Preloading 0 native plugins for Editor in 0.00 ms.
Asset Pipeline Refresh (id=6f9bf77a5c5fa64469f6cd8ef5b11c3d): Total: 0.005 seconds - Initiated by StopAssetImportingV2(NoUpdateAssetOptions)
Start importing Assets/AreaBattle/Resources/Recovered/Outgame/Sprites/CAB-f0f8d5b2fe4fc0f1a8885e70e42a8501_351421032368338370.png using Guid(fb06aa36e60cfad449e6dd4d2bf8b9db) (TextureImporter) -> (artifact id: '4d35d4f58ce822194b3447f2fb1b08b7') in 0.0011831 seconds
Refreshing native plugins compatible for Editor in 0.00 ms, found 0 plugins.
Preloading 0 native plugins for Editor in 0.00 ms.
Asset Pipeline Refresh (id=3206b8c6af95c2749a6f508ff3d186c7): Total: 0.005 seconds - Initiated by StopAssetImportingV2(NoUpdateAssetOptions)
Start importing Assets/AreaBattle/Resources/Recovered/Outgame/Sprites/CAB-f0f8d5b2fe4fc0f1a8885e70e42a8501_1737684388834227741.png using Guid(ac32f9f58b3fe95419bbb088f72d1f5e) (TextureImporter) -> (artifact id: '7f931ef2065918ce5e7cd4721c88e415') in 0.0009804 seconds
Refreshing native plugins compatible for Editor in 0.00 ms, found 0 plugins.
Preloading 0 native plugins for Editor in 0.00 ms.
Asset Pipeline Refresh (id=7b6cb19e286926f4f829e2d24e06047f): Total: 0.005 seconds - Initiated by StopAssetImportingV2(NoUpdateAssetOptions)
Start importing Assets/AreaBattle/Resources/Recovered/Outgame/Sprites/CAB-f0f8d5b2fe4fc0f1a8885e70e42a8501_1737684388834227741.png using Guid(ac32f9f58b3fe95419bbb088f72d1f5e) (TextureImporter) -> (artifact id: '7f931ef2065918ce5e7cd4721c88e415') in 0.000964 seconds
Refreshing native plugins compatible for Editor in 0.00 ms, found 0 plugins.
Preloading 0 native plugins for Editor in 0.00 ms.
Asset Pipeline Refresh (id=44339af03373ba94e87576597eb4828d): Total: 0.005 seconds - Initiated by StopAssetImportingV2(NoUpdateAssetOptions)
Start importing Assets/AreaBattle/Resources/Recovered/Outgame/Sprites/CAB-f0f8d5b2fe4fc0f1a8885e70e42a8501_-4190971815751803225.png using Guid(bcbb9cee7e6069d498617b1034ddc011) (TextureImporter) -> (artifact id: '5a2cbe8e215e37d54d2b89ae2b793ee3') in 0.0011184 seconds
Refreshing native plugins compatible for Editor in 0.00 ms, found 0 plugins.
Preloading 0 native plugins for Editor in 0.00 ms.
Asset Pipeline Refresh (id=6994da1a13df4b74196e075f1b07274c): Total: 0.005 seconds - Initiated by StopAssetImportingV2(NoUpdateAssetOptions)
Start importing Assets/AreaBattle/Resources/Recovered/Outgame/Sprites/CAB-f0f8d5b2fe4fc0f1a8885e70e42a8501_-4190971815751803225.png using Guid(bcbb9cee7e6069d498617b1034ddc011) (TextureImporter) -> (artifact id: '5a2cbe8e215e37d54d2b89ae2b793ee3') in 0.0010918 seconds
Refreshing native plugins compatible for Editor in 0.00 ms, found 0 plugins.
Preloading 0 native plugins for Editor in 0.00 ms.
Asset Pipeline Refresh (id=6a2901880d63f8a48a460e0ca01c4ca7): Total: 0.005 seconds - Initiated by StopAssetImportingV2(NoUpdateAssetOptions)
Start importing Assets/AreaBattle/Resources/Recovered/Outgame/Sprites/CAB-f0f8d5b2fe4fc0f1a8885e70e42a8501_-8147587995661762371.png using Guid(09ed32306fc5095459b33c9250be855b) (TextureImporter) -> (artifact id: '21b325ede2e59364ba9ba2416747b6b3') in 0.0012055 seconds
Refreshing native plugins compatible for Editor in 0.00 ms, found 0 plugins.
Preloading 0 native plugins for Editor in 0.00 ms.
Asset Pipeline Refresh (id=c2c8ec1d3d9f23148a68f48f5684d7da): Total: 0.005 seconds - Initiated by StopAssetImportingV2(NoUpdateAssetOptions)
Start importing Assets/AreaBattle/Resources/Recovered/Outgame/Sprites/CAB-f0f8d5b2fe4fc0f1a8885e70e42a8501_-8147587995661762371.png using Guid(09ed32306fc5095459b33c9250be855b) (TextureImporter) -> (artifact id: '21b325ede2e59364ba9ba2416747b6b3') in 0.0012185 seconds
Refreshing native plugins compatible for Editor in 0.00 ms, found 0 plugins.
Preloading 0 native plugins for Editor in 0.00 ms.
Asset Pipeline Refresh (id=8147995dbaae5a44f9dcbe663ba43bdc): Total: 0.005 seconds - Initiated by StopAssetImportingV2(NoUpdateAssetOptions)
Start importing Assets/AreaBattle/Resources/Recovered/Outgame/Sprites/CAB-f0f8d5b2fe4fc0f1a8885e70e42a8501_2576256628631102858.png using Guid(743ce93c2a184b845bf491e11d067f21) (TextureImporter) -> (artifact id: 'c03d65a15d71477bea912f3cdce21fd7') in 0.0009301 seconds
Refreshing native plugins compatible for Editor in 0.00 ms, found 0 plugins.
Preloading 0 native plugins for Editor in 0.00 ms.
Asset Pipeline Refresh (id=03c9af974bc7ee64bbd4f656b46bf930): Total: 0.004 seconds - Initiated by StopAssetImportingV2(NoUpdateAssetOptions)
Start importing Assets/AreaBattle/Resources/Recovered/Outgame/Sprites/CAB-f0f8d5b2fe4fc0f1a8885e70e42a8501_2576256628631102858.png using Guid(743ce93c2a184b845bf491e11d067f21) (TextureImporter) -> (artifact id: 'c03d65a15d71477bea912f3cdce21fd7') in 0.0008697 seconds
Refreshing native plugins compatible for Editor in 0.00 ms, found 0 plugins.
Preloading 0 native plugins for Editor in 0.00 ms.
Asset Pipeline Refresh (id=d541398dcb1cda1409be7cb70d90ad72): Total: 0.004 seconds - Initiated by StopAssetImportingV2(NoUpdateAssetOptions)
Start importing Assets/AreaBattle/Resources/Recovered/Outgame/Sprites/CAB-f0f8d5b2fe4fc0f1a8885e70e42a8501_-3623589188427250850.png using Guid(e6fff8bf9465390419354ec8724acb6f) (TextureImporter) -> (artifact id: '664fc1af58faa46076704994fb505a5e') in 0.0016348 seconds
Refreshing native plugins compatible for Editor in 0.00 ms, found 0 plugins.
Preloading 0 native plugins for Editor in 0.00 ms.
Asset Pipeline Refresh (id=79bc587a1a083764b925635fc385b973): Total: 0.006 seconds - Initiated by StopAssetImportingV2(NoUpdateAssetOptions)
Start importing Assets/AreaBattle/Resources/Recovered/Outgame/Sprites/CAB-f0f8d5b2fe4fc0f1a8885e70e42a8501_-3623589188427250850.png using Guid(e6fff8bf9465390419354ec8724acb6f) (TextureImporter) -> (artifact id: '664fc1af58faa46076704994fb505a5e') in 0.0014476 seconds
Refreshing native plugins compatible for Editor in 0.00 ms, found 0 plugins.
Preloading 0 native plugins for Editor in 0.00 ms.
Asset Pipeline Refresh (id=9ea9965e0a348fa43950beced47a2e33): Total: 0.007 seconds - Initiated by StopAssetImportingV2(NoUpdateAssetOptions)
Start importing Assets/AreaBattle/Resources/Recovered/Outgame/Sprites/CAB-f0f8d5b2fe4fc0f1a8885e70e42a8501_3696405675083398568.png using Guid(7264472b5577dc344a53a9b4c1a4579f) (TextureImporter) -> (artifact id: 'dbeb8a56a470bdf062c3cb4e8ec8b893') in 0.0009066 seconds
Refreshing native plugins compatible for Editor in 0.00 ms, found 0 plugins.
Preloading 0 native plugins for Editor in 0.00 ms.
Asset Pipeline Refresh (id=0f1f5188256e84e4e97f81b4cec0e0c2): Total: 0.004 seconds - Initiated by StopAssetImportingV2(NoUpdateAssetOptions)
Start importing Assets/AreaBattle/Resources/Recovered/Outgame/Sprites/CAB-f0f8d5b2fe4fc0f1a8885e70e42a8501_3696405675083398568.png using Guid(7264472b5577dc344a53a9b4c1a4579f) (TextureImporter) -> (artifact id: 'dbeb8a56a470bdf062c3cb4e8ec8b893') in 0.0008935 seconds
Refreshing native plugins compatible for Editor in 0.00 ms, found 0 plugins.
Preloading 0 native plugins for Editor in 0.00 ms.
Asset Pipeline Refresh (id=70f125376fcf40146b2d20531c8dac40): Total: 0.005 seconds - Initiated by StopAssetImportingV2(NoUpdateAssetOptions)
Start importing Assets/AreaBattle/Resources/Recovered/Outgame/Sprites/CAB-f0f8d5b2fe4fc0f1a8885e70e42a8501_-348770286549975147.png using Guid(c5ae69d1c802f084bb956650b82cae34) (TextureImporter) -> (artifact id: '0872ac9758e26419c380d6748b10cc0a') in 0.0012218 seconds
Refreshing native plugins compatible for Editor in 0.00 ms, found 0 plugins.
Preloading 0 native plugins for Editor in 0.00 ms.
Asset Pipeline Refresh (id=7bc7b6aef164e7547ab1fa11225319bd): Total: 0.005 seconds - Initiated by StopAssetImportingV2(NoUpdateAssetOptions)
Start importing Assets/AreaBattle/Resources/Recovered/Outgame/Sprites/CAB-f0f8d5b2fe4fc0f1a8885e70e42a8501_-348770286549975147.png using Guid(c5ae69d1c802f084bb956650b82cae34) (TextureImporter) -> (artifact id: '0872ac9758e26419c380d6748b10cc0a') in 0.0013131 seconds
Refreshing native plugins compatible for Editor in 0.00 ms, found 0 plugins.
Preloading 0 native plugins for Editor in 0.00 ms.
Asset Pipeline Refresh (id=1319fb59e4f32ab449b533dc45591d97): Total: 0.005 seconds - Initiated by StopAssetImportingV2(NoUpdateAssetOptions)
Start importing Assets/AreaBattle/Resources/Recovered/Outgame/Sprites/CAB-f0f8d5b2fe4fc0f1a8885e70e42a8501_9131483636121848817.png using Guid(d950789c3f11b1442a9a68f1fe5d1fa4) (TextureImporter) -> (artifact id: '9daf9ea3ff3bbe089316ace3d74c9767') in 0.0014703 seconds
Refreshing native plugins compatible for Editor in 0.00 ms, found 0 plugins.
Preloading 0 native plugins for Editor in 0.00 ms.
Asset Pipeline Refresh (id=ae94ef39037db61469315b15a8b59347): Total: 0.005 seconds - Initiated by StopAssetImportingV2(NoUpdateAssetOptions)
Start importing Assets/AreaBattle/Resources/Recovered/Outgame/Sprites/CAB-f0f8d5b2fe4fc0f1a8885e70e42a8501_9131483636121848817.png using Guid(d950789c3f11b1442a9a68f1fe5d1fa4) (TextureImporter) -> (artifact id: '9daf9ea3ff3bbe089316ace3d74c9767') in 0.0013594 seconds
Refreshing native plugins compatible for Editor in 0.00 ms, found 0 plugins.
Preloading 0 native plugins for Editor in 0.00 ms.
Asset Pipeline Refresh (id=9fe53035d7931a94f8f8f3cffe11294b): Total: 0.005 seconds - Initiated by StopAssetImportingV2(NoUpdateAssetOptions)
Start importing Assets/AreaBattle/Resources/Recovered/Outgame/Sprites/CAB-f0f8d5b2fe4fc0f1a8885e70e42a8501_-6464198968836237136.png using Guid(d09c314dca8e9794babeb402cb625756) (TextureImporter) -> (artifact id: '388c107e107a1ec5e20234bae61b50bb') in 0.0013639 seconds
Refreshing native plugins compatible for Editor in 0.00 ms, found 0 plugins.
Preloading 0 native plugins for Editor in 0.00 ms.
Asset Pipeline Refresh (id=f79e89ded125bf24eabda61c8d921852): Total: 0.005 seconds - Initiated by StopAssetImportingV2(NoUpdateAssetOptions)
Start importing Assets/AreaBattle/Resources/Recovered/Outgame/Sprites/CAB-f0f8d5b2fe4fc0f1a8885e70e42a8501_-6464198968836237136.png using Guid(d09c314dca8e9794babeb402cb625756) (TextureImporter) -> (artifact id: '388c107e107a1ec5e20234bae61b50bb') in 0.0012443 seconds
Refreshing native plugins compatible for Editor in 0.00 ms, found 0 plugins.
Preloading 0 native plugins for Editor in 0.00 ms.
Asset Pipeline Refresh (id=66f32c36c495c8b4ea8463636d469c8d): Total: 0.005 seconds - Initiated by StopAssetImportingV2(NoUpdateAssetOptions)
Start importing Assets/AreaBattle/Resources/Recovered/Outgame/Sprites/CAB-f0f8d5b2fe4fc0f1a8885e70e42a8501_-7516614781153137808.png using Guid(450e208b7ec9a614b9b0d308f4701950) (TextureImporter) -> (artifact id: '5cda7df01f9d9a4ff6831d197e60303d') in 0.0013567 seconds
Refreshing native plugins compatible for Editor in 0.00 ms, found 0 plugins.
Preloading 0 native plugins for Editor in 0.00 ms.
Asset Pipeline Refresh (id=0ecc3651b6344a542860f91db0baa042): Total: 0.005 seconds - Initiated by StopAssetImportingV2(NoUpdateAssetOptions)
Start importing Assets/AreaBattle/Resources/Recovered/Outgame/Sprites/CAB-f0f8d5b2fe4fc0f1a8885e70e42a8501_-7516614781153137808.png using Guid(450e208b7ec9a614b9b0d308f4701950) (TextureImporter) -> (artifact id: '5cda7df01f9d9a4ff6831d197e60303d') in 0.0013332 seconds
Refreshing native plugins compatible for Editor in 0.00 ms, found 0 plugins.
Preloading 0 native plugins for Editor in 0.00 ms.
Asset Pipeline Refresh (id=beb95c16fc9bff145b6017ca8302ceb9): Total: 0.005 seconds - Initiated by StopAssetImportingV2(NoUpdateAssetOptions)
Start importing Assets/AreaBattle/Resources/Recovered/Outgame/Sprites/CAB-f0f8d5b2fe4fc0f1a8885e70e42a8501_-8268854209399839647.png using Guid(6fe10e633edcd874a8315bab5d4434fd) (TextureImporter) -> (artifact id: '6eeb4e899c71c405a87245eaa68fa4e9') in 0.0017371 seconds
Refreshing native plugins compatible for Editor in 0.00 ms, found 0 plugins.
Preloading 0 native plugins for Editor in 0.00 ms.
Asset Pipeline Refresh (id=2d76efd65de7eeb49b9a47b821a40a49): Total: 0.006 seconds - Initiated by StopAssetImportingV2(NoUpdateAssetOptions)
Start importing Assets/AreaBattle/Resources/Recovered/Outgame/Sprites/CAB-f0f8d5b2fe4fc0f1a8885e70e42a8501_-8268854209399839647.png using Guid(6fe10e633edcd874a8315bab5d4434fd) (TextureImporter) -> (artifact id: '6eeb4e899c71c405a87245eaa68fa4e9') in 0.0016391 seconds
Refreshing native plugins compatible for Editor in 0.00 ms, found 0 plugins.
Preloading 0 native plugins for Editor in 0.00 ms.
Asset Pipeline Refresh (id=4da11ac93bca79747b59c3dec4be3e57): Total: 0.005 seconds - Initiated by StopAssetImportingV2(NoUpdateAssetOptions)
Start importing Assets/AreaBattle/Resources/Recovered/Outgame/Sprites/CAB-f0f8d5b2fe4fc0f1a8885e70e42a8501_-2067149362258942805.png using Guid(8dc5b74c458f36840bdb657b0f167fa0) (TextureImporter) -> (artifact id: 'd2821e5626656e32043b6cbb4ba79710') in 0.0011091 seconds
Refreshing native plugins compatible for Editor in 0.00 ms, found 0 plugins.
Preloading 0 native plugins for Editor in 0.00 ms.
Asset Pipeline Refresh (id=652f1c2501287504e9e4ebe6091dace9): Total: 0.005 seconds - Initiated by StopAssetImportingV2(NoUpdateAssetOptions)
Start importing Assets/AreaBattle/Resources/Recovered/Outgame/Sprites/CAB-f0f8d5b2fe4fc0f1a8885e70e42a8501_-2067149362258942805.png using Guid(8dc5b74c458f36840bdb657b0f167fa0) (TextureImporter) -> (artifact id: 'd2821e5626656e32043b6cbb4ba79710') in 0.0010313 seconds
Refreshing native plugins compatible for Editor in 0.00 ms, found 0 plugins.
Preloading 0 native plugins for Editor in 0.00 ms.
Asset Pipeline Refresh (id=0a53a542eb077a643b9d4ffa2d3699c7): Total: 0.005 seconds - Initiated by StopAssetImportingV2(NoUpdateAssetOptions)
Start importing Assets/AreaBattle/Resources/Recovered/Outgame/Sprites/CAB-f0f8d5b2fe4fc0f1a8885e70e42a8501_6952676736400467469.png using Guid(83dea97fe4b0b03438232fc6e7d94130) (TextureImporter) -> (artifact id: 'efc2580f40c722b7e6b77b1b553e0b51') in 0.0017336 seconds
Refreshing native plugins compatible for Editor in 0.00 ms, found 0 plugins.
Preloading 0 native plugins for Editor in 0.00 ms.
Asset Pipeline Refresh (id=45c00505d91715e409aa580a4cfe1ec6): Total: 0.005 seconds - Initiated by StopAssetImportingV2(NoUpdateAssetOptions)
Start importing Assets/AreaBattle/Resources/Recovered/Outgame/Sprites/CAB-f0f8d5b2fe4fc0f1a8885e70e42a8501_6952676736400467469.png using Guid(83dea97fe4b0b03438232fc6e7d94130) (TextureImporter) -> (artifact id: 'efc2580f40c722b7e6b77b1b553e0b51') in 0.0016495 seconds
Refreshing native plugins compatible for Editor in 0.00 ms, found 0 plugins.
Preloading 0 native plugins for Editor in 0.00 ms.
Asset Pipeline Refresh (id=a05c6a3b8c258c64aa8c29142ca58f01): Total: 0.005 seconds - Initiated by StopAssetImportingV2(NoUpdateAssetOptions)
Start importing Assets/AreaBattle/Resources/Recovered/Outgame/Sprites/CAB-f0f8d5b2fe4fc0f1a8885e70e42a8501_6229623910888829140.png using Guid(2490643b0e5018440813e01aed77cbdf) (TextureImporter) -> (artifact id: '8ae67139905415d6a7b997cd85f284b4') in 0.0012759 seconds
Refreshing native plugins compatible for Editor in 0.00 ms, found 0 plugins.
Preloading 0 native plugins for Editor in 0.00 ms.
Asset Pipeline Refresh (id=253a05b1b0f8ec34c8f6c78be6ded824): Total: 0.005 seconds - Initiated by StopAssetImportingV2(NoUpdateAssetOptions)
Start importing Assets/AreaBattle/Resources/Recovered/Outgame/Sprites/CAB-f0f8d5b2fe4fc0f1a8885e70e42a8501_6229623910888829140.png using Guid(2490643b0e5018440813e01aed77cbdf) (TextureImporter) -> (artifact id: '8ae67139905415d6a7b997cd85f284b4') in 0.0012087 seconds
Refreshing native plugins compatible for Editor in 0.00 ms, found 0 plugins.
Preloading 0 native plugins for Editor in 0.00 ms.
Asset Pipeline Refresh (id=419f232552c719d4685779c9d7840f11): Total: 0.005 seconds - Initiated by StopAssetImportingV2(NoUpdateAssetOptions)
Start importing Assets/AreaBattle/Resources/Recovered/Outgame/Sprites/CAB-f0f8d5b2fe4fc0f1a8885e70e42a8501_3372530375804971773.png using Guid(7d39a92eead093f409a4992dd088c0d9) (TextureImporter) -> (artifact id: 'd11764e5e3372b6c1a8f8e18aa266f67') in 0.0012117 seconds
Refreshing native plugins compatible for Editor in 0.00 ms, found 0 plugins.
Preloading 0 native plugins for Editor in 0.00 ms.
Asset Pipeline Refresh (id=85612aa4636d1fc4b907cb592b4cc352): Total: 0.005 seconds - Initiated by StopAssetImportingV2(NoUpdateAssetOptions)
Start importing Assets/AreaBattle/Resources/Recovered/Outgame/Sprites/CAB-f0f8d5b2fe4fc0f1a8885e70e42a8501_3372530375804971773.png using Guid(7d39a92eead093f409a4992dd088c0d9) (TextureImporter) -> (artifact id: 'd11764e5e3372b6c1a8f8e18aa266f67') in 0.0012296 seconds
Refreshing native plugins compatible for Editor in 0.00 ms, found 0 plugins.
Preloading 0 native plugins for Editor in 0.00 ms.
Asset Pipeline Refresh (id=6e4085f25c6db544e806f59c49d96fb0): Total: 0.005 seconds - Initiated by StopAssetImportingV2(NoUpdateAssetOptions)
Start importing Assets/AreaBattle/Resources/Recovered/Outgame/Sprites/CAB-f0f8d5b2fe4fc0f1a8885e70e42a8501_-1223995402157906996.png using Guid(086ff4e32b3c6594fb534e61ffa5dead) (TextureImporter) -> (artifact id: '62dfda21a307e96f5fb45894bb82fd13') in 0.0009464 seconds
Refreshing native plugins compatible for Editor in 0.00 ms, found 0 plugins.
Preloading 0 native plugins for Editor in 0.00 ms.
Asset Pipeline Refresh (id=76446e863d1acfd4288fbb26f6916f1a): Total: 0.004 seconds - Initiated by StopAssetImportingV2(NoUpdateAssetOptions)
Start importing Assets/AreaBattle/Resources/Recovered/Outgame/Sprites/CAB-f0f8d5b2fe4fc0f1a8885e70e42a8501_-1223995402157906996.png using Guid(086ff4e32b3c6594fb534e61ffa5dead) (TextureImporter) -> (artifact id: '62dfda21a307e96f5fb45894bb82fd13') in 0.000964 seconds
Refreshing native plugins compatible for Editor in 0.00 ms, found 0 plugins.
Preloading 0 native plugins for Editor in 0.00 ms.
Asset Pipeline Refresh (id=8836f1c7a11ea374e8c352b9499a6372): Total: 0.005 seconds - Initiated by StopAssetImportingV2(NoUpdateAssetOptions)
Start importing Assets/AreaBattle/Resources/Recovered/Outgame/Sprites/CAB-f0f8d5b2fe4fc0f1a8885e70e42a8501_124909757567743544.png using Guid(5079c846e78e9fe47b25cf02a783686d) (TextureImporter) -> (artifact id: '2204cd95293961ae882737383580dd08') in 0.0009638 seconds
Refreshing native plugins compatible for Editor in 0.00 ms, found 0 plugins.
Preloading 0 native plugins for Editor in 0.00 ms.
Asset Pipeline Refresh (id=bcfd92dff1ae7954098886cdc91df48d): Total: 0.005 seconds - Initiated by StopAssetImportingV2(NoUpdateAssetOptions)
Start importing Assets/AreaBattle/Resources/Recovered/Outgame/Sprites/CAB-f0f8d5b2fe4fc0f1a8885e70e42a8501_124909757567743544.png using Guid(5079c846e78e9fe47b25cf02a783686d) (TextureImporter) -> (artifact id: '2204cd95293961ae882737383580dd08') in 0.0008813 seconds
Refreshing native plugins compatible for Editor in 0.00 ms, found 0 plugins.
Preloading 0 native plugins for Editor in 0.00 ms.
Asset Pipeline Refresh (id=1c1f240248a61da4d8f4805480988181): Total: 0.005 seconds - Initiated by StopAssetImportingV2(NoUpdateAssetOptions)
Start importing Assets/AreaBattle/Resources/Recovered/Outgame/Sprites/CAB-f0f8d5b2fe4fc0f1a8885e70e42a8501_378101818839556220.png using Guid(fe49dccf8c5ef7044b2bbd304b4b7eeb) (TextureImporter) -> (artifact id: '91d66b063eb9594f9e2f6c4c5f36019c') in 0.0012232 seconds
Refreshing native plugins compatible for Editor in 0.00 ms, found 0 plugins.
Preloading 0 native plugins for Editor in 0.00 ms.
Asset Pipeline Refresh (id=05addb416f5d090419e65011c9bdc2d6): Total: 0.005 seconds - Initiated by StopAssetImportingV2(NoUpdateAssetOptions)
Start importing Assets/AreaBattle/Resources/Recovered/Outgame/Sprites/CAB-f0f8d5b2fe4fc0f1a8885e70e42a8501_378101818839556220.png using Guid(fe49dccf8c5ef7044b2bbd304b4b7eeb) (TextureImporter) -> (artifact id: '91d66b063eb9594f9e2f6c4c5f36019c') in 0.001242 seconds
Refreshing native plugins compatible for Editor in 0.00 ms, found 0 plugins.
Preloading 0 native plugins for Editor in 0.00 ms.
Asset Pipeline Refresh (id=cfe63012c74ba4a408a15255f5c614f4): Total: 0.005 seconds - Initiated by StopAssetImportingV2(NoUpdateAssetOptions)
Start importing Assets/AreaBattle/Resources/Recovered/Outgame/Sprites/CAB-f0f8d5b2fe4fc0f1a8885e70e42a8501_2781641492661961641.png using Guid(621f9d7227648f94a8afd5fb01f54855) (TextureImporter) -> (artifact id: '7f976e7f3749e0d40923321d9f466c8b') in 0.0013942 seconds
Refreshing native plugins compatible for Editor in 0.00 ms, found 0 plugins.
Preloading 0 native plugins for Editor in 0.00 ms.
Asset Pipeline Refresh (id=29000f87b888582409228c49ee44dbff): Total: 0.005 seconds - Initiated by StopAssetImportingV2(NoUpdateAssetOptions)
Start importing Assets/AreaBattle/Resources/Recovered/Outgame/Sprites/CAB-f0f8d5b2fe4fc0f1a8885e70e42a8501_2781641492661961641.png using Guid(621f9d7227648f94a8afd5fb01f54855) (TextureImporter) -> (artifact id: '7f976e7f3749e0d40923321d9f466c8b') in 0.0013169 seconds
Refreshing native plugins compatible for Editor in 0.00 ms, found 0 plugins.
Preloading 0 native plugins for Editor in 0.00 ms.
Asset Pipeline Refresh (id=0ffb39c095069534aadecfe706a4e6f1): Total: 0.005 seconds - Initiated by StopAssetImportingV2(NoUpdateAssetOptions)
Start importing Assets/AreaBattle/Resources/Recovered/Outgame/Sprites/CAB-792f0579f07cf3d654eb47fd5e973bca_-8268854209399839647.png using Guid(dc43bd5bf24f2b84c8a78cb7825c003e) (TextureImporter) -> (artifact id: '9691523e03d3fffdc401d54db5d40199') in 0.0016789 seconds
Refreshing native plugins compatible for Editor in 0.00 ms, found 0 plugins.
Preloading 0 native plugins for Editor in 0.00 ms.
Asset Pipeline Refresh (id=9b3e51c31a39d2d46a50bcfcf2f52ca8): Total: 0.005 seconds - Initiated by StopAssetImportingV2(NoUpdateAssetOptions)
Start importing Assets/AreaBattle/Resources/Recovered/Outgame/Sprites/CAB-792f0579f07cf3d654eb47fd5e973bca_-8268854209399839647.png using Guid(dc43bd5bf24f2b84c8a78cb7825c003e) (TextureImporter) -> (artifact id: '9691523e03d3fffdc401d54db5d40199') in 0.001689 seconds
Refreshing native plugins compatible for Editor in 0.00 ms, found 0 plugins.
Preloading 0 native plugins for Editor in 0.00 ms.
Asset Pipeline Refresh (id=467a0b9094e956d46b7324c464de7647): Total: 0.006 seconds - Initiated by StopAssetImportingV2(NoUpdateAssetOptions)
Start importing Assets/AreaBattle/Resources/Recovered/Outgame/Sprites/CAB-792f0579f07cf3d654eb47fd5e973bca_-8491785715132141081.png using Guid(ae613a41fb4c91644869e3de510086ee) (TextureImporter) -> (artifact id: '85422e516421278919a214d4f7d8d2d0') in 0.0011994 seconds
Refreshing native plugins compatible for Editor in 0.00 ms, found 0 plugins.
Preloading 0 native plugins for Editor in 0.00 ms.
Asset Pipeline Refresh (id=fe6f79491ba536245b52ba4bedf4fad4): Total: 0.005 seconds - Initiated by StopAssetImportingV2(NoUpdateAssetOptions)
Start importing Assets/AreaBattle/Resources/Recovered/Outgame/Sprites/CAB-792f0579f07cf3d654eb47fd5e973bca_-8491785715132141081.png using Guid(ae613a41fb4c91644869e3de510086ee) (TextureImporter) -> (artifact id: '85422e516421278919a214d4f7d8d2d0') in 0.0010542 seconds
Refreshing native plugins compatible for Editor in 0.00 ms, found 0 plugins.
Preloading 0 native plugins for Editor in 0.00 ms.
Asset Pipeline Refresh (id=0b69ee0e295fafd4d9c4d6e0b96124ba): Total: 0.005 seconds - Initiated by StopAssetImportingV2(NoUpdateAssetOptions)
Start importing Assets/AreaBattle/Resources/Recovered/Outgame/Sprites/CAB-792f0579f07cf3d654eb47fd5e973bca_6229623910888829140.png using Guid(51edf4e91a45dc745ba3f427d0770f9f) (TextureImporter) -> (artifact id: '3c5dd0883a5a12f2785bba0e1c1ba6a8') in 0.0012571 seconds
Refreshing native plugins compatible for Editor in 0.00 ms, found 0 plugins.
Preloading 0 native plugins for Editor in 0.00 ms.
Asset Pipeline Refresh (id=23871bf409527994885617b04bb33f15): Total: 0.005 seconds - Initiated by StopAssetImportingV2(NoUpdateAssetOptions)
Start importing Assets/AreaBattle/Resources/Recovered/Outgame/Sprites/CAB-792f0579f07cf3d654eb47fd5e973bca_6229623910888829140.png using Guid(51edf4e91a45dc745ba3f427d0770f9f) (TextureImporter) -> (artifact id: '3c5dd0883a5a12f2785bba0e1c1ba6a8') in 0.0011957 seconds
Refreshing native plugins compatible for Editor in 0.00 ms, found 0 plugins.
Preloading 0 native plugins for Editor in 0.00 ms.
Asset Pipeline Refresh (id=58542f141ba72944d8232975c4e7d459): Total: 0.005 seconds - Initiated by StopAssetImportingV2(NoUpdateAssetOptions)
Start importing Assets/AreaBattle/Resources/Recovered/Outgame/Sprites/CAB-792f0579f07cf3d654eb47fd5e973bca_3372530375804971773.png using Guid(04d422219df432e4a830b98b0a089a42) (TextureImporter) -> (artifact id: 'e5c3400a5e542297eea684ee3a6ae696') in 0.0011882 seconds
Refreshing native plugins compatible for Editor in 0.00 ms, found 0 plugins.
Preloading 0 native plugins for Editor in 0.00 ms.
Asset Pipeline Refresh (id=4c30776e585956646a50f46801ffe2f1): Total: 0.005 seconds - Initiated by StopAssetImportingV2(NoUpdateAssetOptions)
Start importing Assets/AreaBattle/Resources/Recovered/Outgame/Sprites/CAB-792f0579f07cf3d654eb47fd5e973bca_3372530375804971773.png using Guid(04d422219df432e4a830b98b0a089a42) (TextureImporter) -> (artifact id: 'e5c3400a5e542297eea684ee3a6ae696') in 0.00117 seconds
Refreshing native plugins compatible for Editor in 0.00 ms, found 0 plugins.
Preloading 0 native plugins for Editor in 0.00 ms.
Asset Pipeline Refresh (id=4d71071af76b3114483f56796c84dfb9): Total: 0.005 seconds - Initiated by StopAssetImportingV2(NoUpdateAssetOptions)
Start importing Assets/AreaBattle/Resources/Recovered/Outgame/Sprites/CAB-792f0579f07cf3d654eb47fd5e973bca_-1369224774640354895.png using Guid(f0db5e8ba0c95174b92d60ff70880795) (TextureImporter) -> (artifact id: 'e45725236f5c2e214798581500b1c2ed') in 0.0011156 seconds
Refreshing native plugins compatible for Editor in 0.00 ms, found 0 plugins.
Preloading 0 native plugins for Editor in 0.00 ms.
Asset Pipeline Refresh (id=cb3076a1ee0c6e84aa2f655821817e68): Total: 0.005 seconds - Initiated by StopAssetImportingV2(NoUpdateAssetOptions)
Start importing Assets/AreaBattle/Resources/Recovered/Outgame/Sprites/CAB-792f0579f07cf3d654eb47fd5e973bca_-1369224774640354895.png using Guid(f0db5e8ba0c95174b92d60ff70880795) (TextureImporter) -> (artifact id: 'e45725236f5c2e214798581500b1c2ed') in 0.0010771 seconds
Refreshing native plugins compatible for Editor in 0.00 ms, found 0 plugins.
Preloading 0 native plugins for Editor in 0.00 ms.
Asset Pipeline Refresh (id=ba502b73922b53845a8ff4b7f4ae6d81): Total: 0.005 seconds - Initiated by StopAssetImportingV2(NoUpdateAssetOptions)
Start importing Assets/AreaBattle/Resources/Recovered/Outgame/Sprites/CAB-792f0579f07cf3d654eb47fd5e973bca_8644708904588595427.png using Guid(c86c1ac5429e9a84db7159ed9d67e481) (TextureImporter) -> (artifact id: '5a579835c4247ff82a69128abfefb2ef') in 0.0014775 seconds
Refreshing native plugins compatible for Editor in 0.00 ms, found 0 plugins.
Preloading 0 native plugins for Editor in 0.00 ms.
Asset Pipeline Refresh (id=1ec8cedb02fa5e74bbc052a2ef859308): Total: 0.005 seconds - Initiated by StopAssetImportingV2(NoUpdateAssetOptions)
Start importing Assets/AreaBattle/Resources/Recovered/Outgame/Sprites/CAB-792f0579f07cf3d654eb47fd5e973bca_8644708904588595427.png using Guid(c86c1ac5429e9a84db7159ed9d67e481) (TextureImporter) -> (artifact id: '5a579835c4247ff82a69128abfefb2ef') in 0.0013646 seconds
Refreshing native plugins compatible for Editor in 0.00 ms, found 0 plugins.
Preloading 0 native plugins for Editor in 0.00 ms.
Asset Pipeline Refresh (id=335d25432a8806846a0928f6e7378050): Total: 0.005 seconds - Initiated by StopAssetImportingV2(NoUpdateAssetOptions)
Start importing Assets/AreaBattle/Resources/Recovered/Outgame/Sprites/CAB-792f0579f07cf3d654eb47fd5e973bca_-3270020870131735180.png using Guid(622c070116d43de45b16e5f21522eff2) (TextureImporter) -> (artifact id: '0509106635ccd3ea15192fc8fe39e8f8') in 0.0009578 seconds
Refreshing native plugins compatible for Editor in 0.00 ms, found 0 plugins.
Preloading 0 native plugins for Editor in 0.00 ms.
Asset Pipeline Refresh (id=de087365d57ecc44488ac1350a0bd3c6): Total: 0.004 seconds - Initiated by StopAssetImportingV2(NoUpdateAssetOptions)
Start importing Assets/AreaBattle/Resources/Recovered/Outgame/Sprites/CAB-792f0579f07cf3d654eb47fd5e973bca_-3270020870131735180.png using Guid(622c070116d43de45b16e5f21522eff2) (TextureImporter) -> (artifact id: '0509106635ccd3ea15192fc8fe39e8f8') in 0.0009174 seconds
Refreshing native plugins compatible for Editor in 0.00 ms, found 0 plugins.
Preloading 0 native plugins for Editor in 0.00 ms.
Asset Pipeline Refresh (id=b3165a6feb9c31b42a0cc9de3b4ee49a): Total: 0.005 seconds - Initiated by StopAssetImportingV2(NoUpdateAssetOptions)
Start importing Assets/AreaBattle/Resources/Recovered/Outgame/Sprites/CAB-792f0579f07cf3d654eb47fd5e973bca_3862123323063758616.png using Guid(2004a9fa7dd68f84ba5ce82d43432f3c) (TextureImporter) -> (artifact id: '173d47117e9aa45cb1db054881d31b0d') in 0.0017921 seconds
Refreshing native plugins compatible for Editor in 0.00 ms, found 0 plugins.
Preloading 0 native plugins for Editor in 0.00 ms.
Asset Pipeline Refresh (id=051c639e9a1adae4cb553c906817307b): Total: 0.005 seconds - Initiated by StopAssetImportingV2(NoUpdateAssetOptions)
Start importing Assets/AreaBattle/Resources/Recovered/Outgame/Sprites/CAB-792f0579f07cf3d654eb47fd5e973bca_3862123323063758616.png using Guid(2004a9fa7dd68f84ba5ce82d43432f3c) (TextureImporter) -> (artifact id: '173d47117e9aa45cb1db054881d31b0d') in 0.0017911 seconds
Refreshing native plugins compatible for Editor in 0.00 ms, found 0 plugins.
Preloading 0 native plugins for Editor in 0.00 ms.
Asset Pipeline Refresh (id=6caad5f24e2c1d44ab3e3e4d3df58f84): Total: 0.005 seconds - Initiated by StopAssetImportingV2(NoUpdateAssetOptions)
Start importing Assets/AreaBattle/Resources/Recovered/Outgame/Sprites/CAB-792f0579f07cf3d654eb47fd5e973bca_6869634117025106477.png using Guid(44ae15a1f593c7b4ab4410bcc050ac5e) (TextureImporter) -> (artifact id: '1fbb3c316f28d43f2037847dcfe22edc') in 0.0011389 seconds
Refreshing native plugins compatible for Editor in 0.00 ms, found 0 plugins.
Preloading 0 native plugins for Editor in 0.00 ms.
Asset Pipeline Refresh (id=06a69726638aee34f8f682b3c067bd9f): Total: 0.005 seconds - Initiated by StopAssetImportingV2(NoUpdateAssetOptions)
Start importing Assets/AreaBattle/Resources/Recovered/Outgame/Sprites/CAB-792f0579f07cf3d654eb47fd5e973bca_6869634117025106477.png using Guid(44ae15a1f593c7b4ab4410bcc050ac5e) (TextureImporter) -> (artifact id: '1fbb3c316f28d43f2037847dcfe22edc') in 0.0010786 seconds
Refreshing native plugins compatible for Editor in 0.00 ms, found 0 plugins.
Preloading 0 native plugins for Editor in 0.00 ms.
Asset Pipeline Refresh (id=ac081da8b3531c540b2065d99d318ad9): Total: 0.005 seconds - Initiated by StopAssetImportingV2(NoUpdateAssetOptions)
Start importing Assets/AreaBattle/Resources/Recovered/Outgame/Sprites/CAB-792f0579f07cf3d654eb47fd5e973bca_-2578327374364977313.png using Guid(751783c52c5a91d48a37cb4310895b35) (TextureImporter) -> (artifact id: 'e43e4f953d447dc2aeaeecc5fb898ddb') in 0.0009648 seconds
Refreshing native plugins compatible for Editor in 0.00 ms, found 0 plugins.
Preloading 0 native plugins for Editor in 0.00 ms.
Asset Pipeline Refresh (id=6d448fbd6aab69443845568f07238444): Total: 0.005 seconds - Initiated by StopAssetImportingV2(NoUpdateAssetOptions)
Start importing Assets/AreaBattle/Resources/Recovered/Outgame/Sprites/CAB-792f0579f07cf3d654eb47fd5e973bca_-2578327374364977313.png using Guid(751783c52c5a91d48a37cb4310895b35) (TextureImporter) -> (artifact id: 'e43e4f953d447dc2aeaeecc5fb898ddb') in 0.0009474 seconds
Refreshing native plugins compatible for Editor in 0.00 ms, found 0 plugins.
Preloading 0 native plugins for Editor in 0.00 ms.
Asset Pipeline Refresh (id=2236dfc1fc1e4b24d9c8e46047aae512): Total: 0.005 seconds - Initiated by StopAssetImportingV2(NoUpdateAssetOptions)
Start importing Assets/AreaBattle/Resources/Recovered/Outgame/Sprites/CAB-792f0579f07cf3d654eb47fd5e973bca_-2067149362258942805.png using Guid(d810b193819f8e643a27e856da5e93b8) (TextureImporter) -> (artifact id: 'f783d06f365e5f145f29696757a5c6c1') in 0.0010593 seconds
Refreshing native plugins compatible for Editor in 0.00 ms, found 0 plugins.
Preloading 0 native plugins for Editor in 0.00 ms.
Asset Pipeline Refresh (id=709d5906da26e5d42a079a866743cc9b): Total: 0.005 seconds - Initiated by StopAssetImportingV2(NoUpdateAssetOptions)
Start importing Assets/AreaBattle/Resources/Recovered/Outgame/Sprites/CAB-792f0579f07cf3d654eb47fd5e973bca_-2067149362258942805.png using Guid(d810b193819f8e643a27e856da5e93b8) (TextureImporter) -> (artifact id: 'f783d06f365e5f145f29696757a5c6c1') in 0.0010046 seconds
Refreshing native plugins compatible for Editor in 0.00 ms, found 0 plugins.
Preloading 0 native plugins for Editor in 0.00 ms.
Asset Pipeline Refresh (id=7ec9d2e4d6f089040b7d915c6be6617e): Total: 0.005 seconds - Initiated by StopAssetImportingV2(NoUpdateAssetOptions)
Start importing Assets/AreaBattle/Resources/Recovered/Outgame/Sprites/CAB-792f0579f07cf3d654eb47fd5e973bca_-4651854222152240779.png using Guid(ef3eb63138dc8ca498c9646875d2ddb9) (TextureImporter) -> (artifact id: '1824a9460aa67be330eeadbfe0246bc9') in 0.0018717 seconds
Refreshing native plugins compatible for Editor in 0.00 ms, found 0 plugins.
Preloading 0 native plugins for Editor in 0.00 ms.
Asset Pipeline Refresh (id=4938c745a5a02bc44979484bfc570c78): Total: 0.006 seconds - Initiated by StopAssetImportingV2(NoUpdateAssetOptions)
Start importing Assets/AreaBattle/Resources/Recovered/Outgame/Sprites/CAB-792f0579f07cf3d654eb47fd5e973bca_-4651854222152240779.png using Guid(ef3eb63138dc8ca498c9646875d2ddb9) (TextureImporter) -> (artifact id: '1824a9460aa67be330eeadbfe0246bc9') in 0.0017289 seconds
Refreshing native plugins compatible for Editor in 0.00 ms, found 0 plugins.
Preloading 0 native plugins for Editor in 0.00 ms.
Asset Pipeline Refresh (id=1cbfcc22a25402e418f7c2b4abd588ce): Total: 0.005 seconds - Initiated by StopAssetImportingV2(NoUpdateAssetOptions)
Start importing Assets/AreaBattle/Resources/Recovered/Outgame/Sprites/CAB-792f0579f07cf3d654eb47fd5e973bca_-1042852370368342660.png using Guid(63d15c7545c683645a347d99a5c59edf) (TextureImporter) -> (artifact id: '0da9e4843bc141119a78bf43cfa6cc57') in 0.0016318 seconds
Refreshing native plugins compatible for Editor in 0.00 ms, found 0 plugins.
Preloading 0 native plugins for Editor in 0.00 ms.
Asset Pipeline Refresh (id=8fee12d405e599247892e9ae8b4da1c4): Total: 0.005 seconds - Initiated by StopAssetImportingV2(NoUpdateAssetOptions)
Start importing Assets/AreaBattle/Resources/Recovered/Outgame/Sprites/CAB-792f0579f07cf3d654eb47fd5e973bca_-1042852370368342660.png using Guid(63d15c7545c683645a347d99a5c59edf) (TextureImporter) -> (artifact id: '0da9e4843bc141119a78bf43cfa6cc57') in 0.0015411 seconds
Refreshing native plugins compatible for Editor in 0.00 ms, found 0 plugins.
Preloading 0 native plugins for Editor in 0.00 ms.
Asset Pipeline Refresh (id=0998d99962f73bf4d98fffc5d70a26aa): Total: 0.005 seconds - Initiated by StopAssetImportingV2(NoUpdateAssetOptions)
Start importing Assets/AreaBattle/Resources/Recovered/Outgame/Sprites/CAB-792f0579f07cf3d654eb47fd5e973bca_-54688832347557179.png using Guid(59cb81fbc471f374f9ed81d5a59c5d0a) (TextureImporter) -> (artifact id: '0f7ab6a9da0116999a65babf7882bbbb') in 0.001624 seconds
Refreshing native plugins compatible for Editor in 0.00 ms, found 0 plugins.
Preloading 0 native plugins for Editor in 0.00 ms.
Asset Pipeline Refresh (id=44900124c49d47540b3c0d61f973b0f3): Total: 0.005 seconds - Initiated by StopAssetImportingV2(NoUpdateAssetOptions)
Start importing Assets/AreaBattle/Resources/Recovered/Outgame/Sprites/CAB-792f0579f07cf3d654eb47fd5e973bca_-54688832347557179.png using Guid(59cb81fbc471f374f9ed81d5a59c5d0a) (TextureImporter) -> (artifact id: '0f7ab6a9da0116999a65babf7882bbbb') in 0.0016211 seconds
Refreshing native plugins compatible for Editor in 0.00 ms, found 0 plugins.
Preloading 0 native plugins for Editor in 0.00 ms.
Asset Pipeline Refresh (id=2ec7b8202bec61c4595287ce45829d38): Total: 0.005 seconds - Initiated by StopAssetImportingV2(NoUpdateAssetOptions)
Start importing Assets/AreaBattle/Resources/Recovered/Outgame/Sprites/CAB-792f0579f07cf3d654eb47fd5e973bca_-8250335245719486828.png using Guid(0a95ee133b5073544b06b0a9f29b4512) (TextureImporter) -> (artifact id: 'ca41ba40c3f262c744928ee64923613d') in 0.0016864 seconds
Refreshing native plugins compatible for Editor in 0.00 ms, found 0 plugins.
Preloading 0 native plugins for Editor in 0.00 ms.
Asset Pipeline Refresh (id=732e9e4b7a9a06e46b10980251dc93a8): Total: 0.005 seconds - Initiated by StopAssetImportingV2(NoUpdateAssetOptions)
Start importing Assets/AreaBattle/Resources/Recovered/Outgame/Sprites/CAB-792f0579f07cf3d654eb47fd5e973bca_-8250335245719486828.png using Guid(0a95ee133b5073544b06b0a9f29b4512) (TextureImporter) -> (artifact id: 'ca41ba40c3f262c744928ee64923613d') in 0.0015869 seconds
Refreshing native plugins compatible for Editor in 0.00 ms, found 0 plugins.
Preloading 0 native plugins for Editor in 0.00 ms.
Asset Pipeline Refresh (id=34ff157c0f3a55140b1e99a36bea0873): Total: 0.005 seconds - Initiated by StopAssetImportingV2(NoUpdateAssetOptions)
Start importing Assets/AreaBattle/Resources/Recovered/Outgame/Sprites/CAB-792f0579f07cf3d654eb47fd5e973bca_-6932470282978226757.png using Guid(3600f4969d051324cb3c14ef20472f49) (TextureImporter) -> (artifact id: '0740ce2c92001e3c839f25cd1757fe1e') in 0.0010675 seconds
Refreshing native plugins compatible for Editor in 0.00 ms, found 0 plugins.
Preloading 0 native plugins for Editor in 0.00 ms.
Asset Pipeline Refresh (id=65fb8cb9e5506cf49b72257a34dee841): Total: 0.005 seconds - Initiated by StopAssetImportingV2(NoUpdateAssetOptions)
Start importing Assets/AreaBattle/Resources/Recovered/Outgame/Sprites/CAB-792f0579f07cf3d654eb47fd5e973bca_-6932470282978226757.png using Guid(3600f4969d051324cb3c14ef20472f49) (TextureImporter) -> (artifact id: '0740ce2c92001e3c839f25cd1757fe1e') in 0.0009753 seconds
Refreshing native plugins compatible for Editor in 0.00 ms, found 0 plugins.
Preloading 0 native plugins for Editor in 0.00 ms.
Asset Pipeline Refresh (id=c127bac3715eae246a52c44d6d56d0fb): Total: 0.005 seconds - Initiated by StopAssetImportingV2(NoUpdateAssetOptions)
Start importing Assets/AreaBattle/Resources/Recovered/Outgame/Sprites/CAB-792f0579f07cf3d654eb47fd5e973bca_-2320101112833093935.png using Guid(c477b2c074242d344be56bf4efe1cb62) (TextureImporter) -> (artifact id: '1e233f73d7361a6cda9d17c86521318a') in 0.000946 seconds
Refreshing native plugins compatible for Editor in 0.00 ms, found 0 plugins.
Preloading 0 native plugins for Editor in 0.00 ms.
Asset Pipeline Refresh (id=4de8e19cbf9c11c48880ba3a5097f984): Total: 0.004 seconds - Initiated by StopAssetImportingV2(NoUpdateAssetOptions)
Start importing Assets/AreaBattle/Resources/Recovered/Outgame/Sprites/CAB-792f0579f07cf3d654eb47fd5e973bca_-2320101112833093935.png using Guid(c477b2c074242d344be56bf4efe1cb62) (TextureImporter) -> (artifact id: '1e233f73d7361a6cda9d17c86521318a') in 0.0010068 seconds
Refreshing native plugins compatible for Editor in 0.00 ms, found 0 plugins.
Preloading 0 native plugins for Editor in 0.00 ms.
Asset Pipeline Refresh (id=f3e3c05364e3a4645b1cd74fa489dd6c): Total: 0.005 seconds - Initiated by StopAssetImportingV2(NoUpdateAssetOptions)
Start importing Assets/AreaBattle/Resources/Recovered/Outgame/Sprites/CAB-792f0579f07cf3d654eb47fd5e973bca_-2862215400734914101.png using Guid(e0e618144cbc52c4599af251c6bcc6ed) (TextureImporter) -> (artifact id: '11d551d984c00c6ff41dac2e2195d2aa') in 0.0013336 seconds
Refreshing native plugins compatible for Editor in 0.00 ms, found 0 plugins.
Preloading 0 native plugins for Editor in 0.00 ms.
Asset Pipeline Refresh (id=4a7810373c1ed9844b0502b671007360): Total: 0.005 seconds - Initiated by StopAssetImportingV2(NoUpdateAssetOptions)
Start importing Assets/AreaBattle/Resources/Recovered/Outgame/Sprites/CAB-792f0579f07cf3d654eb47fd5e973bca_-2862215400734914101.png using Guid(e0e618144cbc52c4599af251c6bcc6ed) (TextureImporter) -> (artifact id: '11d551d984c00c6ff41dac2e2195d2aa') in 0.0012377 seconds
Refreshing native plugins compatible for Editor in 0.00 ms, found 0 plugins.
Preloading 0 native plugins for Editor in 0.00 ms.
Asset Pipeline Refresh (id=bdc06649c279ea74ea2cd597db05f77e): Total: 0.005 seconds - Initiated by StopAssetImportingV2(NoUpdateAssetOptions)
Start importing Assets/AreaBattle/Resources/Recovered/Outgame/Sprites/CAB-792f0579f07cf3d654eb47fd5e973bca_1986910754986718624.png using Guid(0e933bd379e9fc146ac6f42657ab8c71) (TextureImporter) -> (artifact id: 'dcaccd8c5147198807afcf04f08809aa') in 0.0012201 seconds
Refreshing native plugins compatible for Editor in 0.00 ms, found 0 plugins.
Preloading 0 native plugins for Editor in 0.00 ms.
Asset Pipeline Refresh (id=bcaa4c9ceaefb4e43a2efd3ab7e80c11): Total: 0.005 seconds - Initiated by StopAssetImportingV2(NoUpdateAssetOptions)
Start importing Assets/AreaBattle/Resources/Recovered/Outgame/Sprites/CAB-792f0579f07cf3d654eb47fd5e973bca_1986910754986718624.png using Guid(0e933bd379e9fc146ac6f42657ab8c71) (TextureImporter) -> (artifact id: 'dcaccd8c5147198807afcf04f08809aa') in 0.0013997 seconds
Refreshing native plugins compatible for Editor in 0.00 ms, found 0 plugins.
Preloading 0 native plugins for Editor in 0.00 ms.
Asset Pipeline Refresh (id=d6612f6ff0227ac44939eafc28bbf207): Total: 0.005 seconds - Initiated by StopAssetImportingV2(NoUpdateAssetOptions)
Start importing Assets/AreaBattle/Resources/Recovered/Outgame/Sprites/CAB-792f0579f07cf3d654eb47fd5e973bca_263898519105650310.png using Guid(48578c0884bfd0e44afa6c7667ddb874) (TextureImporter) -> (artifact id: '3f71a7339a443000665e0aadfdb8b40f') in 0.0009864 seconds
Refreshing native plugins compatible for Editor in 0.00 ms, found 0 plugins.
Preloading 0 native plugins for Editor in 0.00 ms.
Asset Pipeline Refresh (id=07526a81db937c745bf0eda404be217e): Total: 0.004 seconds - Initiated by StopAssetImportingV2(NoUpdateAssetOptions)
Start importing Assets/AreaBattle/Resources/Recovered/Outgame/Sprites/CAB-792f0579f07cf3d654eb47fd5e973bca_263898519105650310.png using Guid(48578c0884bfd0e44afa6c7667ddb874) (TextureImporter) -> (artifact id: '3f71a7339a443000665e0aadfdb8b40f') in 0.0009998 seconds
Refreshing native plugins compatible for Editor in 0.00 ms, found 0 plugins.
Preloading 0 native plugins for Editor in 0.00 ms.
Asset Pipeline Refresh (id=cbe4fef3a33253e4490024e2c7ffd937): Total: 0.005 seconds - Initiated by StopAssetImportingV2(NoUpdateAssetOptions)
Start importing Assets/AreaBattle/Resources/Recovered/Outgame/Sprites/CAB-792f0579f07cf3d654eb47fd5e973bca_1139914524574156363.png using Guid(c9eaa4352f322024faa7a897362ee1df) (TextureImporter) -> (artifact id: '6ed24c2eee13460e66e9f140f4901722') in 0.0044849 seconds
Refreshing native plugins compatible for Editor in 0.00 ms, found 0 plugins.
Preloading 0 native plugins for Editor in 0.00 ms.
Asset Pipeline Refresh (id=6d761222f7700a942b8a666d5f7646fa): Total: 0.008 seconds - Initiated by StopAssetImportingV2(NoUpdateAssetOptions)
Start importing Assets/AreaBattle/Resources/Recovered/Outgame/Sprites/CAB-792f0579f07cf3d654eb47fd5e973bca_1139914524574156363.png using Guid(c9eaa4352f322024faa7a897362ee1df) (TextureImporter) -> (artifact id: '6ed24c2eee13460e66e9f140f4901722') in 0.0042054 seconds
Refreshing native plugins compatible for Editor in 0.00 ms, found 0 plugins.
Preloading 0 native plugins for Editor in 0.00 ms.
Asset Pipeline Refresh (id=bf782b682131e134b8117e8ce9126ecc): Total: 0.008 seconds - Initiated by StopAssetImportingV2(NoUpdateAssetOptions)
Start importing Assets/AreaBattle/Resources/Recovered/Outgame/Sprites/CAB-792f0579f07cf3d654eb47fd5e973bca_-618323339400821762.png using Guid(8e9e2f6ba7236e845b9ccb4f7ce5fa5d) (TextureImporter) -> (artifact id: '1c414749eab955d75d9c6839ba3351d9') in 0.0035174 seconds
Refreshing native plugins compatible for Editor in 0.00 ms, found 0 plugins.
Preloading 0 native plugins for Editor in 0.00 ms.
Asset Pipeline Refresh (id=c790445b9d92b56489b97362db99c035): Total: 0.007 seconds - Initiated by StopAssetImportingV2(NoUpdateAssetOptions)
Start importing Assets/AreaBattle/Resources/Recovered/Outgame/Sprites/CAB-792f0579f07cf3d654eb47fd5e973bca_-618323339400821762.png using Guid(8e9e2f6ba7236e845b9ccb4f7ce5fa5d) (TextureImporter) -> (artifact id: '1c414749eab955d75d9c6839ba3351d9') in 0.0034491 seconds
Refreshing native plugins compatible for Editor in 0.00 ms, found 0 plugins.
Preloading 0 native plugins for Editor in 0.00 ms.
Asset Pipeline Refresh (id=4627f2bf4c48d584d8d3006c7ed953dc): Total: 0.007 seconds - Initiated by StopAssetImportingV2(NoUpdateAssetOptions)
Start importing Assets/AreaBattle/Resources/Recovered/Outgame/Sprites/CAB-792f0579f07cf3d654eb47fd5e973bca_-5801682987526312979.png using Guid(833bedd98b0881245975845e0ac0f5b9) (TextureImporter) -> (artifact id: 'cc151df4392a714fa94b49ecf60edc9f') in 0.001753 seconds
Refreshing native plugins compatible for Editor in 0.00 ms, found 0 plugins.
Preloading 0 native plugins for Editor in 0.00 ms.
Asset Pipeline Refresh (id=e2442e0cdce9a954ca7d3e7dd9d3d6a4): Total: 0.005 seconds - Initiated by StopAssetImportingV2(NoUpdateAssetOptions)
Start importing Assets/AreaBattle/Resources/Recovered/Outgame/Sprites/CAB-792f0579f07cf3d654eb47fd5e973bca_-5801682987526312979.png using Guid(833bedd98b0881245975845e0ac0f5b9) (TextureImporter) -> (artifact id: 'cc151df4392a714fa94b49ecf60edc9f') in 0.0017248 seconds
Refreshing native plugins compatible for Editor in 0.00 ms, found 0 plugins.
Preloading 0 native plugins for Editor in 0.00 ms.
Asset Pipeline Refresh (id=8d4a425351e2dee44aabe4f9981ce94b): Total: 0.006 seconds - Initiated by StopAssetImportingV2(NoUpdateAssetOptions)
Start importing Assets/AreaBattle/Resources/Recovered/Outgame/Sprites/CAB-792f0579f07cf3d654eb47fd5e973bca_-4315546867442323447.png using Guid(61a6fd5d2c4693d469f9da25174b1f1d) (TextureImporter) -> (artifact id: '927e3d17e58fc8b21b464bf0ccdb7055') in 0.0012959 seconds
Refreshing native plugins compatible for Editor in 0.00 ms, found 0 plugins.
Preloading 0 native plugins for Editor in 0.00 ms.
Asset Pipeline Refresh (id=47a2821021af40442994e887e9de1549): Total: 0.005 seconds - Initiated by StopAssetImportingV2(NoUpdateAssetOptions)
Start importing Assets/AreaBattle/Resources/Recovered/Outgame/Sprites/CAB-792f0579f07cf3d654eb47fd5e973bca_-4315546867442323447.png using Guid(61a6fd5d2c4693d469f9da25174b1f1d) (TextureImporter) -> (artifact id: '927e3d17e58fc8b21b464bf0ccdb7055') in 0.0012575 seconds
Refreshing native plugins compatible for Editor in 0.00 ms, found 0 plugins.
Preloading 0 native plugins for Editor in 0.00 ms.
Asset Pipeline Refresh (id=b8170977fd8e12b48b32040feefe954f): Total: 0.005 seconds - Initiated by StopAssetImportingV2(NoUpdateAssetOptions)
Start importing Assets/AreaBattle/Resources/Recovered/Outgame/Sprites/CAB-792f0579f07cf3d654eb47fd5e973bca_8872663584802208025.png using Guid(7d6048675b58ab641b5442272995cbb3) (TextureImporter) -> (artifact id: '73137b602168075ec4a4a5630474036e') in 0.0024061 seconds
Refreshing native plugins compatible for Editor in 0.00 ms, found 0 plugins.
Preloading 0 native plugins for Editor in 0.00 ms.
Asset Pipeline Refresh (id=10d5d37abd2f42a4590a5726bf24f3c9): Total: 0.006 seconds - Initiated by StopAssetImportingV2(NoUpdateAssetOptions)
Start importing Assets/AreaBattle/Resources/Recovered/Outgame/Sprites/CAB-792f0579f07cf3d654eb47fd5e973bca_8872663584802208025.png using Guid(7d6048675b58ab641b5442272995cbb3) (TextureImporter) -> (artifact id: '73137b602168075ec4a4a5630474036e') in 0.0024614 seconds
Refreshing native plugins compatible for Editor in 0.00 ms, found 0 plugins.
Preloading 0 native plugins for Editor in 0.00 ms.
Asset Pipeline Refresh (id=c5ea96bb5c9178b4cb7655f967bec255): Total: 0.006 seconds - Initiated by StopAssetImportingV2(NoUpdateAssetOptions)
Start importing Assets/AreaBattle/Resources/Recovered/Outgame/Sprites/CAB-792f0579f07cf3d654eb47fd5e973bca_-5574788738057904681.png using Guid(50bec8c8d285d984e8aef1b8c4c32021) (TextureImporter) -> (artifact id: 'e4ec90b91c4f02a33f61b26a7413afde') in 0.0012373 seconds
Refreshing native plugins compatible for Editor in 0.00 ms, found 0 plugins.
Preloading 0 native plugins for Editor in 0.00 ms.
Asset Pipeline Refresh (id=64203950dcd637d40bf87b2178ead817): Total: 0.005 seconds - Initiated by StopAssetImportingV2(NoUpdateAssetOptions)
Start importing Assets/AreaBattle/Resources/Recovered/Outgame/Sprites/CAB-792f0579f07cf3d654eb47fd5e973bca_-5574788738057904681.png using Guid(50bec8c8d285d984e8aef1b8c4c32021) (TextureImporter) -> (artifact id: 'e4ec90b91c4f02a33f61b26a7413afde') in 0.0012022 seconds
Refreshing native plugins compatible for Editor in 0.00 ms, found 0 plugins.
Preloading 0 native plugins for Editor in 0.00 ms.
Asset Pipeline Refresh (id=2bc0f35cc75071e44962993f41962594): Total: 0.005 seconds - Initiated by StopAssetImportingV2(NoUpdateAssetOptions)
Start importing Assets/AreaBattle/Resources/Recovered/Outgame/Sprites/CAB-792f0579f07cf3d654eb47fd5e973bca_351421032368338370.png using Guid(51dbd6401fe58544a8279329eff18768) (TextureImporter) -> (artifact id: '885e2dd58c7a93bbe371d64019133404') in 0.0011901 seconds
Refreshing native plugins compatible for Editor in 0.00 ms, found 0 plugins.
Preloading 0 native plugins for Editor in 0.00 ms.
Asset Pipeline Refresh (id=140559dffab9f4e4988a4831ebe85321): Total: 0.005 seconds - Initiated by StopAssetImportingV2(NoUpdateAssetOptions)
Start importing Assets/AreaBattle/Resources/Recovered/Outgame/Sprites/CAB-792f0579f07cf3d654eb47fd5e973bca_351421032368338370.png using Guid(51dbd6401fe58544a8279329eff18768) (TextureImporter) -> (artifact id: '885e2dd58c7a93bbe371d64019133404') in 0.0011377 seconds
Refreshing native plugins compatible for Editor in 0.00 ms, found 0 plugins.
Preloading 0 native plugins for Editor in 0.00 ms.
Asset Pipeline Refresh (id=7f6852247a10f91459eeed85f5dc6326): Total: 0.005 seconds - Initiated by StopAssetImportingV2(NoUpdateAssetOptions)
Start importing Assets/AreaBattle/Resources/Recovered/Outgame/Sprites/CAB-792f0579f07cf3d654eb47fd5e973bca_8405129520969696233.png using Guid(9656cc62c9e84e64094f55746d4ab64b) (TextureImporter) -> (artifact id: 'f4d1c04a928bc5513fcf96be91a731f8') in 0.0034802 seconds
Refreshing native plugins compatible for Editor in 0.00 ms, found 0 plugins.
Preloading 0 native plugins for Editor in 0.00 ms.
Asset Pipeline Refresh (id=d7ee26cd7698ad640bbd30eb6bb1c8af): Total: 0.007 seconds - Initiated by StopAssetImportingV2(NoUpdateAssetOptions)
Start importing Assets/AreaBattle/Resources/Recovered/Outgame/Sprites/CAB-792f0579f07cf3d654eb47fd5e973bca_8405129520969696233.png using Guid(9656cc62c9e84e64094f55746d4ab64b) (TextureImporter) -> (artifact id: 'f4d1c04a928bc5513fcf96be91a731f8') in 0.0032506 seconds
Refreshing native plugins compatible for Editor in 0.00 ms, found 0 plugins.
Preloading 0 native plugins for Editor in 0.00 ms.
Asset Pipeline Refresh (id=cd4b12483c34e4743b002ad0408f22a7): Total: 0.007 seconds - Initiated by StopAssetImportingV2(NoUpdateAssetOptions)
Start importing Assets/AreaBattle/Resources/Recovered/Outgame/Sprites/CAB-792f0579f07cf3d654eb47fd5e973bca_8637971076579629007.png using Guid(535a2e06aa73733438a89c0d3adb911a) (TextureImporter) -> (artifact id: '03abf541bd854ceec4c20b3814ad6c6b') in 0.0024956 seconds
Refreshing native plugins compatible for Editor in 0.00 ms, found 0 plugins.
Preloading 0 native plugins for Editor in 0.00 ms.
Asset Pipeline Refresh (id=9cfd3048b63317d4e95daba7d01e3321): Total: 0.006 seconds - Initiated by StopAssetImportingV2(NoUpdateAssetOptions)
Start importing Assets/AreaBattle/Resources/Recovered/Outgame/Sprites/CAB-792f0579f07cf3d654eb47fd5e973bca_8637971076579629007.png using Guid(535a2e06aa73733438a89c0d3adb911a) (TextureImporter) -> (artifact id: '03abf541bd854ceec4c20b3814ad6c6b') in 0.0022881 seconds
Refreshing native plugins compatible for Editor in 0.00 ms, found 0 plugins.
Preloading 0 native plugins for Editor in 0.00 ms.
Asset Pipeline Refresh (id=d84b1d62fb963ac4fb7603eecf141e50): Total: 0.006 seconds - Initiated by StopAssetImportingV2(NoUpdateAssetOptions)
Start importing Assets/AreaBattle/Resources/Recovered/Outgame/Sprites/CAB-792f0579f07cf3d654eb47fd5e973bca_2913494975718609691.png using Guid(b522c33f60faf594393465f7898b23cd) (TextureImporter) -> (artifact id: '78192ae14ff93330309b4f5989a86df4') in 0.0014096 seconds
Refreshing native plugins compatible for Editor in 0.00 ms, found 0 plugins.
Preloading 0 native plugins for Editor in 0.00 ms.
Asset Pipeline Refresh (id=fe8f4b1964464984d9f65e12559f7df9): Total: 0.005 seconds - Initiated by StopAssetImportingV2(NoUpdateAssetOptions)
Start importing Assets/AreaBattle/Resources/Recovered/Outgame/Sprites/CAB-792f0579f07cf3d654eb47fd5e973bca_2913494975718609691.png using Guid(b522c33f60faf594393465f7898b23cd) (TextureImporter) -> (artifact id: '78192ae14ff93330309b4f5989a86df4') in 0.0014869 seconds
Refreshing native plugins compatible for Editor in 0.00 ms, found 0 plugins.
Preloading 0 native plugins for Editor in 0.00 ms.
Asset Pipeline Refresh (id=6356220e82c5b1a41a0c96d986cc4508): Total: 0.005 seconds - Initiated by StopAssetImportingV2(NoUpdateAssetOptions)
Start importing Assets/AreaBattle/Resources/Recovered/Outgame/Sprites/CAB-792f0579f07cf3d654eb47fd5e973bca_-115335406232709769.png using Guid(8223fe7fe53795345b66b35837975b0f) (TextureImporter) -> (artifact id: '7337e803f69493b6d7512922d91561a5') in 0.0014344 seconds
Refreshing native plugins compatible for Editor in 0.00 ms, found 0 plugins.
Preloading 0 native plugins for Editor in 0.00 ms.
Asset Pipeline Refresh (id=585ca9a534d2fb54093d8bb8bc3b310b): Total: 0.005 seconds - Initiated by StopAssetImportingV2(NoUpdateAssetOptions)
Start importing Assets/AreaBattle/Resources/Recovered/Outgame/Sprites/CAB-792f0579f07cf3d654eb47fd5e973bca_-115335406232709769.png using Guid(8223fe7fe53795345b66b35837975b0f) (TextureImporter) -> (artifact id: '7337e803f69493b6d7512922d91561a5') in 0.0013695 seconds
Refreshing native plugins compatible for Editor in 0.00 ms, found 0 plugins.
Preloading 0 native plugins for Editor in 0.00 ms.
Asset Pipeline Refresh (id=c807653ddf07dbb4a949e03b9830e901): Total: 0.005 seconds - Initiated by StopAssetImportingV2(NoUpdateAssetOptions)
Start importing Assets/AreaBattle/Resources/Recovered/Outgame/Sprites/CAB-792f0579f07cf3d654eb47fd5e973bca_8956882279378107137.png using Guid(4d95be4e959f1074a8286c02393b498f) (TextureImporter) -> (artifact id: 'f96c2be8f159e5e5db064b7fc0db27f4') in 0.0016675 seconds
Refreshing native plugins compatible for Editor in 0.00 ms, found 0 plugins.
Preloading 0 native plugins for Editor in 0.00 ms.
Asset Pipeline Refresh (id=dbb0a87fd95fa974e976d23b4993ad1a): Total: 0.006 seconds - Initiated by StopAssetImportingV2(NoUpdateAssetOptions)
Start importing Assets/AreaBattle/Resources/Recovered/Outgame/Sprites/CAB-792f0579f07cf3d654eb47fd5e973bca_8956882279378107137.png using Guid(4d95be4e959f1074a8286c02393b498f) (TextureImporter) -> (artifact id: 'f96c2be8f159e5e5db064b7fc0db27f4') in 0.0015679 seconds
Refreshing native plugins compatible for Editor in 0.00 ms, found 0 plugins.
Preloading 0 native plugins for Editor in 0.00 ms.
Asset Pipeline Refresh (id=127a4467b8632fa49bd9cdbd09ccad84): Total: 0.006 seconds - Initiated by StopAssetImportingV2(NoUpdateAssetOptions)
Start importing Assets/AreaBattle/Resources/Recovered/Outgame/Sprites/CAB-792f0579f07cf3d654eb47fd5e973bca_-624563809540653018.png using Guid(eb1754bcb6a94ec408bf75b515bfa526) (TextureImporter) -> (artifact id: 'e1e606cc6b9becc387f9cdafee51c804') in 0.001257 seconds
Refreshing native plugins compatible for Editor in 0.00 ms, found 0 plugins.
Preloading 0 native plugins for Editor in 0.00 ms.
Asset Pipeline Refresh (id=118b414200a28ca4cb461311c1cf68ef): Total: 0.005 seconds - Initiated by StopAssetImportingV2(NoUpdateAssetOptions)
Start importing Assets/AreaBattle/Resources/Recovered/Outgame/Sprites/CAB-792f0579f07cf3d654eb47fd5e973bca_-624563809540653018.png using Guid(eb1754bcb6a94ec408bf75b515bfa526) (TextureImporter) -> (artifact id: 'e1e606cc6b9becc387f9cdafee51c804') in 0.0011048 seconds
Refreshing native plugins compatible for Editor in 0.00 ms, found 0 plugins.
Preloading 0 native plugins for Editor in 0.00 ms.
Asset Pipeline Refresh (id=464bfbe5fe644bd4e858c3e603eec50a): Total: 0.005 seconds - Initiated by StopAssetImportingV2(NoUpdateAssetOptions)
Start importing Assets/AreaBattle/Resources/Recovered/Outgame/Sprites/CAB-09c3d068126ad94f1c11da2f7e3861d3_-8381883379871834688.png using Guid(640af13204a893f428a3a38486aedd44) (TextureImporter) -> (artifact id: '150f49d50998a354d2cade179641556e') in 0.0029076 seconds
Refreshing native plugins compatible for Editor in 0.00 ms, found 0 plugins.
Preloading 0 native plugins for Editor in 0.00 ms.
Asset Pipeline Refresh (id=387d8233371804d40b933a75342796f4): Total: 0.008 seconds - Initiated by StopAssetImportingV2(NoUpdateAssetOptions)
Start importing Assets/AreaBattle/Resources/Recovered/Outgame/Sprites/CAB-09c3d068126ad94f1c11da2f7e3861d3_-8381883379871834688.png using Guid(640af13204a893f428a3a38486aedd44) (TextureImporter) -> (artifact id: 'ba3f6db80f0f72842e40c9a3c40b6c13') in 0.0050614 seconds
Refreshing native plugins compatible for Editor in 0.00 ms, found 0 plugins.
Preloading 0 native plugins for Editor in 0.00 ms.
Asset Pipeline Refresh (id=374d71dae6d482445b29446caaf459da): Total: 0.012 seconds - Initiated by StopAssetImportingV2(NoUpdateAssetOptions)
Start importing Assets/AreaBattle/Resources/Recovered/Outgame/Sprites/CAB-09c3d068126ad94f1c11da2f7e3861d3_-6740511183765806172.png using Guid(630f334e33209ff4798c00af49972806) (TextureImporter) -> (artifact id: '2e93620a9d1369e3b93c464ecd3adb6a') in 0.0026365 seconds
Refreshing native plugins compatible for Editor in 0.00 ms, found 0 plugins.
Preloading 0 native plugins for Editor in 0.00 ms.
Asset Pipeline Refresh (id=d9189cc157b826446a38d3679713019c): Total: 0.010 seconds - Initiated by StopAssetImportingV2(NoUpdateAssetOptions)
Start importing Assets/AreaBattle/Resources/Recovered/Outgame/Sprites/CAB-09c3d068126ad94f1c11da2f7e3861d3_-6740511183765806172.png using Guid(630f334e33209ff4798c00af49972806) (TextureImporter) -> (artifact id: '2ef72040d4c74338efddeafc459575ce') in 0.0046103 seconds
Refreshing native plugins compatible for Editor in 0.00 ms, found 0 plugins.
Preloading 0 native plugins for Editor in 0.00 ms.
Asset Pipeline Refresh (id=08987d30a676839489fc10ad52ebccf6): Total: 0.011 seconds - Initiated by StopAssetImportingV2(NoUpdateAssetOptions)
Start importing Assets/AreaBattle/Resources/Recovered/Outgame/Sprites/CAB-09c3d068126ad94f1c11da2f7e3861d3_-5575312454062717094.png using Guid(3dd0a80f8f68dd54287b97b03cc7d6b4) (TextureImporter) -> (artifact id: 'a41866c144f6cc62af74d7ae930c8746') in 0.0026547 seconds
Refreshing native plugins compatible for Editor in 0.00 ms, found 0 plugins.
Preloading 0 native plugins for Editor in 0.00 ms.
Asset Pipeline Refresh (id=105422478cbdcef45bd2f110c77eb1b3): Total: 0.008 seconds - Initiated by StopAssetImportingV2(NoUpdateAssetOptions)
Start importing Assets/AreaBattle/Resources/Recovered/Outgame/Sprites/CAB-09c3d068126ad94f1c11da2f7e3861d3_-5575312454062717094.png using Guid(3dd0a80f8f68dd54287b97b03cc7d6b4) (TextureImporter) -> (artifact id: 'e437c003b4e76bd433a02f6e1e1da97b') in 0.0039621 seconds
Refreshing native plugins compatible for Editor in 0.00 ms, found 0 plugins.
Preloading 0 native plugins for Editor in 0.00 ms.
Asset Pipeline Refresh (id=1c5d223dd5226ad4a9459d5857215d2c): Total: 0.011 seconds - Initiated by StopAssetImportingV2(NoUpdateAssetOptions)
Start importing Assets/AreaBattle/Resources/Recovered/Outgame/Sprites/CAB-09c3d068126ad94f1c11da2f7e3861d3_-4364203530588305335.png using Guid(5169854e50de65f44b0b9a736920ef94) (TextureImporter) -> (artifact id: '4333e1aad9ef2157ad30ce5f38866d68') in 0.0026413 seconds
Refreshing native plugins compatible for Editor in 0.00 ms, found 0 plugins.
Preloading 0 native plugins for Editor in 0.00 ms.
Asset Pipeline Refresh (id=42ec1bc63f1ba9a45b17c71c82e7fed2): Total: 0.008 seconds - Initiated by StopAssetImportingV2(NoUpdateAssetOptions)
Start importing Assets/AreaBattle/Resources/Recovered/Outgame/Sprites/CAB-09c3d068126ad94f1c11da2f7e3861d3_-4364203530588305335.png using Guid(5169854e50de65f44b0b9a736920ef94) (TextureImporter) -> (artifact id: '345c1b5d2bd3698efd0f13aff7335dc8') in 0.0040012 seconds
Refreshing native plugins compatible for Editor in 0.00 ms, found 0 plugins.
Preloading 0 native plugins for Editor in 0.00 ms.
Asset Pipeline Refresh (id=b945a3d400d7fa24c92a0d668af12130): Total: 0.011 seconds - Initiated by StopAssetImportingV2(NoUpdateAssetOptions)
Start importing Assets/AreaBattle/Resources/Recovered/Outgame/Sprites/CAB-09c3d068126ad94f1c11da2f7e3861d3_3081396636254224817.png using Guid(e431f5c71b864f649a2cf2caf0082881) (TextureImporter) -> (artifact id: 'f2227db5f7b43810cf2a7f81827e878c') in 0.002735 seconds
Refreshing native plugins compatible for Editor in 0.00 ms, found 0 plugins.
Preloading 0 native plugins for Editor in 0.00 ms.
Asset Pipeline Refresh (id=1f60241a61c167547be70f1b76185405): Total: 0.008 seconds - Initiated by StopAssetImportingV2(NoUpdateAssetOptions)
Start importing Assets/AreaBattle/Resources/Recovered/Outgame/Sprites/CAB-09c3d068126ad94f1c11da2f7e3861d3_3081396636254224817.png using Guid(e431f5c71b864f649a2cf2caf0082881) (TextureImporter) -> (artifact id: 'b15274bc00ccddd833ed7f3440d79afc') in 0.003653 seconds
Refreshing native plugins compatible for Editor in 0.00 ms, found 0 plugins.
Preloading 0 native plugins for Editor in 0.00 ms.
Asset Pipeline Refresh (id=d59517234ae16794a93d2af4fbb4de99): Total: 0.010 seconds - Initiated by StopAssetImportingV2(NoUpdateAssetOptions)
Start importing Assets/AreaBattle/Resources/Recovered/Outgame/Sprites/CAB-09c3d068126ad94f1c11da2f7e3861d3_4995918822714590516.png using Guid(252ba9e872b8c864b8b7b4e09f9b406e) (TextureImporter) -> (artifact id: '21ccb33937661e168150a5ff8804bbe3') in 0.0026557 seconds
Refreshing native plugins compatible for Editor in 0.00 ms, found 0 plugins.
Preloading 0 native plugins for Editor in 0.00 ms.
Asset Pipeline Refresh (id=9fd8a81267063754e87b8282011ceacf): Total: 0.007 seconds - Initiated by StopAssetImportingV2(NoUpdateAssetOptions)
Start importing Assets/AreaBattle/Resources/Recovered/Outgame/Sprites/CAB-09c3d068126ad94f1c11da2f7e3861d3_4995918822714590516.png using Guid(252ba9e872b8c864b8b7b4e09f9b406e) (TextureImporter) -> (artifact id: '069f2b54d73237bced5a72d8058f65da') in 0.0050676 seconds
Refreshing native plugins compatible for Editor in 0.00 ms, found 0 plugins.
Preloading 0 native plugins for Editor in 0.00 ms.
Asset Pipeline Refresh (id=f705cb564682a4f48874e342cba451d8): Total: 0.012 seconds - Initiated by StopAssetImportingV2(NoUpdateAssetOptions)
Start importing Assets/AreaBattle/Resources/Recovered/Outgame/Fonts/CAB-a14f3eb3adf948afc8e578331928efaf_6544835752251692798.ttf using Guid(c7cb7519045e4f84592da6966a24a24e) (TrueTypeFontImporter) -> (artifact id: '8a65cf0614ceaf17041510aa701f85b8') in 0.0022612 seconds
Refreshing native plugins compatible for Editor in 0.00 ms, found 0 plugins.
Preloading 0 native plugins for Editor in 0.00 ms.
Asset Pipeline Refresh (id=100d96114157b73458ad3b0d658f1195): Total: 0.006 seconds - Initiated by StopAssetImportingV2(NoUpdateAssetOptions)
Start importing Assets/AreaBattle/Resources/Recovered/Outgame/Fonts/CAB-a14f3eb3adf948afc8e578331928efaf_-8154394059653640722.ttf using Guid(e1c19b28624cc964faa93ba4b41e5a65) (TrueTypeFontImporter) -> (artifact id: '3c4b8f7a6858d86ae278a1355ce0f097') in 0.0046883 seconds
Refreshing native plugins compatible for Editor in 0.00 ms, found 0 plugins.
Preloading 0 native plugins for Editor in 0.00 ms.
Asset Pipeline Refresh (id=70aa93f576f4f474098d1ffa52eec44a): Total: 0.008 seconds - Initiated by StopAssetImportingV2(NoUpdateAssetOptions)
Start importing Assets/AreaBattle/Resources/Recovered/Outgame/Fonts/CAB-a14f3eb3adf948afc8e578331928efaf_6544835752251692798.ttf using Guid(c7cb7519045e4f84592da6966a24a24e) (TrueTypeFontImporter) -> (artifact id: '8a65cf0614ceaf17041510aa701f85b8') in 0.0010761 seconds
Refreshing native plugins compatible for Editor in 0.00 ms, found 0 plugins.
Preloading 0 native plugins for Editor in 0.00 ms.
Asset Pipeline Refresh (id=0e36c272b3e49404cae0ec49cf89055b): Total: 0.005 seconds - Initiated by StopAssetImportingV2(NoUpdateAssetOptions)
Asset Pipeline Refresh (id=7c52251c613e57d4697659ddb870e140): Total: 0.005 seconds - Initiated by RefreshV2(NoUpdateAssetOptions)
Start importing Assets/AreaBattle/Resources/Recovered/Outgame/MenuTabUI.prefab using Guid(e86dc2c908f87ba4aa937fee134aabd3) (PrefabImporter) -> (artifact id: '1e6644665c4e747aa8990f06882fc25c') in 0.0063173 seconds
Refreshing native plugins compatible for Editor in 0.00 ms, found 0 plugins.
Preloading 0 native plugins for Editor in 0.00 ms.
Asset Pipeline Refresh (id=954988c749ac72d4aa151e8b6338a468): Total: 0.014 seconds - Initiated by StopAssetImportingV2(NoUpdateAssetOptions)
Start importing Assets/AreaBattle/Resources/Recovered/Outgame/MenuTabUI.prefab using Guid(e86dc2c908f87ba4aa937fee134aabd3) (PrefabImporter) -> (artifact id: '1e6644665c4e747aa8990f06882fc25c') in 0.0052429 seconds
Refreshing native plugins compatible for Editor in 0.00 ms, found 0 plugins.
Preloading 0 native plugins for Editor in 0.00 ms.
Asset Pipeline Refresh (id=a7bcc505431ad3e468510aad1c60d04e): Total: 0.012 seconds - Initiated by StopAssetImportingV2(NoUpdateAssetOptions)
Start importing Assets/AreaBattle/Resources/Recovered/Outgame/Proj_xqzdStartUI.prefab using Guid(53cc7c1daf55dc54da37289ff428fca0) (PrefabImporter) -> (artifact id: '55541249b2eaab97e3f097fdcda58f95') in 0.0071528 seconds
Refreshing native plugins compatible for Editor in 0.00 ms, found 0 plugins.
Preloading 0 native plugins for Editor in 0.00 ms.
Asset Pipeline Refresh (id=74969af8f9ebf7e469a0fc541c97e876): Total: 0.015 seconds - Initiated by StopAssetImportingV2(NoUpdateAssetOptions)
Start importing Assets/AreaBattle/Resources/Recovered/Outgame/Proj_xqzdStartUI.prefab using Guid(53cc7c1daf55dc54da37289ff428fca0) (PrefabImporter) -> (artifact id: '55541249b2eaab97e3f097fdcda58f95') in 0.0067273 seconds
Refreshing native plugins compatible for Editor in 0.00 ms, found 0 plugins.
Preloading 0 native plugins for Editor in 0.00 ms.
Asset Pipeline Refresh (id=f322421b8ebe8264caa5bb6397b9ea7f): Total: 0.014 seconds - Initiated by StopAssetImportingV2(NoUpdateAssetOptions)
Start importing Assets/AreaBattle/Resources/Recovered/Outgame/CommanderUI.prefab using Guid(364007ee9c153894c8c2d01ec8762279) (PrefabImporter) -> (artifact id: 'f604f627addc82f1d604eec83c2bd61b') in 0.0082163 seconds
Refreshing native plugins compatible for Editor in 0.00 ms, found 0 plugins.
Preloading 0 native plugins for Editor in 0.00 ms.
Asset Pipeline Refresh (id=0ab327c4e5c273c4c9ea30ac928015a5): Total: 0.017 seconds - Initiated by StopAssetImportingV2(NoUpdateAssetOptions)
Start importing Assets/AreaBattle/Resources/Recovered/Outgame/CommanderUI.prefab using Guid(364007ee9c153894c8c2d01ec8762279) (PrefabImporter) -> (artifact id: 'f604f627addc82f1d604eec83c2bd61b') in 0.0077968 seconds
Refreshing native plugins compatible for Editor in 0.00 ms, found 0 plugins.
Preloading 0 native plugins for Editor in 0.00 ms.
Asset Pipeline Refresh (id=0edfe65fbcdc19849add833b67b3d033): Total: 0.016 seconds - Initiated by StopAssetImportingV2(NoUpdateAssetOptions)
Start importing Assets/AreaBattle/Resources/Recovered/Outgame/ShopUI.prefab using Guid(3e26950b29729974ba5e9d7d5b5a54d5) (PrefabImporter) -> (artifact id: 'ac36d52cd81b0f802bbe445c43c92809') in 0.0112784 seconds
Refreshing native plugins compatible for Editor in 0.00 ms, found 0 plugins.
Preloading 0 native plugins for Editor in 0.00 ms.
Asset Pipeline Refresh (id=ecec1d21f91974f4bb4026aa4f3eff19): Total: 0.024 seconds - Initiated by StopAssetImportingV2(NoUpdateAssetOptions)
Start importing Assets/AreaBattle/Resources/Recovered/Outgame/ShopUI.prefab using Guid(3e26950b29729974ba5e9d7d5b5a54d5) (PrefabImporter) -> (artifact id: 'ac36d52cd81b0f802bbe445c43c92809') in 0.0113131 seconds
Refreshing native plugins compatible for Editor in 0.00 ms, found 0 plugins.
Preloading 0 native plugins for Editor in 0.00 ms.
Asset Pipeline Refresh (id=17dc4a1f11902fa4fad39481ced9ec55): Total: 0.021 seconds - Initiated by StopAssetImportingV2(NoUpdateAssetOptions)
Start importing Assets/AreaBattle/Resources/Recovered/Outgame/hud-import.json using Guid(06b86b9c3617b4d40a61034859f8eab3) (TextScriptImporter) -> (artifact id: 'debb69eae437d9d73f4482953d76a70e') in 0.0016692 seconds
Refreshing native plugins compatible for Editor in 0.00 ms, found 0 plugins.
Preloading 0 native plugins for Editor in 0.00 ms.
Asset Pipeline Refresh (id=625b3fb1c96e5c644b4f76a650510342): Total: 0.006 seconds - Initiated by StopAssetImportingV2(NoUpdateAssetOptions)
[Physics::Module] Cleanup current backned.
[Physics::Module] Id: 0xf2b8ea05
Input System module state changed to: ShutdownInProgress.
Input System polling thread exited.
Input System module state changed to: Shutdown.
[Licensing::IpcConnector] LicenseClient-jiachengwei-notifications channel disconnected successfully.
[Licensing::IpcConnector] LicenseClient-jiachengwei channel disconnected successfully.
AcceleratorClientConnectionCallback - disconnected - :0
Cleanup mono
Checking for leaked weakptr:
  Found no leaked weakptrs.
[Package Manager] Server process was shutdown
##utp:{"type":"MemoryLeaks","version":2,"phase":"Immediate","time":1790667374686,"processId":50168,"allocatedMemory":15445997,"memoryLabels":[{"Default":28597},{"Permanent":15356},{"NewDelete":70537},{"Thread":4230384},{"Manager":37786},{"VertexData":8},{"Geometry":816},{"VFX":-104},{"Texture":160},{"Shader":78795},{"Material":24},{"GfxDevice":55176},{"Animation":392},{"Audio":4040},{"Font":2882904},{"FreeType":11486},{"FontEngine":256},{"Physics":2081},{"Serialization":816},{"Input":14824},{"JobScheduler":33024},{"TextLib":160},{"Mono":32},{"ScriptingNativeRuntime":155060},{"BaseObject":1706704},{"Resource":1304},{"Renderer":2928},{"Transform":4646},{"File":1016},{"WebCam":616},{"Culling":32},{"Terrain":11394},{"Wind":24},{"STL":40},{"String":317422},{"DynamicArray":88951},{"HashMap":62276},{"Utility":2662798},{"Curl":48},{"PoolAlloc":1768},{"AI":104},{"TypeTree":5005},{"ScriptManager":512},{"RuntimeInitializeOnLoadManager":64},{"SpriteAtlas":112},{"GI":7888},{"Director":8240},{"CloudService":72576},{"WebRequest":845},{"VR":45969},{"SceneManager":496},{"Video":64},{"LazyScriptCache":32},{"Camera":17},{"Secure":1},{"SerializationCache":1576},{"APIUpdating":10320},{"Subsystems":336},{"VirtualTexturing":57888},{"StaticSafetyDebugInfo":278528},{"Analytics":384},{"Hierarchy":272},{"Gui":80},{"EditorUtility":26460},{"VersionControl":4},{"Undo":947},{"AssetDatabase":2401942},{"EditorGi":328},{"UnityConnect":24184},{"Upm":2036},{"DrivenProperties":72},{"LocalIPC":217},{"ProfilerEditor":9746},{"CoreBusinessMetrics":2879},{"Licensing":1232},{"AssetReference":32},{"IPCStream":32}]}
