[Licensing::Module] Trying to connect to existing licensing client channel...
Built from '6000.0/staging' branch; Version is '6000.0.68f1 (e1e9baaf294b) revision 14805434'; Using compiler version '193933523'; Build Type 'Release'
OS: 'Windows 10  (10.0.19045) 64bit Professional' Language: 'zh' Physical Memory: 65325 MB
BatchMode: 1, IsHumanControllingUs: 0, StartBugReporterOnCrash: 0, Is64bit: 1
[Licensing::IpcConnector] Channel LicenseClient-jiachengwei doesn't exist
System  architecture: x64
Process architecture: x64
Date: 2026-09-29T07:32:22Z
[Licensing::Module] Successfully launched the LicensingClient (PId: 50916)

COMMAND LINE ARGUMENTS:
C:\Program Files\Unity\Hub\Editor\6000.0.68f1\Editor\Unity.exe
-batchmode
-projectPath
E:/Projects/AreaBattle/UnityProject
-executeMethod
AreaBattle.EditorTools.RecoveredHudImporter.ImportOutgameBatch
-logFile
E:/Projects/AreaBattle/analysis/unity-outgame-scroll-import.log
Successfully changed project path to: E:/Projects/AreaBattle/UnityProject
E:/Projects/AreaBattle/UnityProject
[UnityMemory] Configuration Parameters - Can be set up in boot.config
    "memorysetup-bucket-allocator-granularity=16"
    "memorysetup-bucket-allocator-bucket-count=8"
    "memorysetup-bucket-allocator-block-size=33554432"
    "memorysetup-bucket-allocator-block-count=8"
    "memorysetup-main-allocator-block-size=16777216"
    "memorysetup-thread-allocator-block-size=16777216"
    "memorysetup-gfx-main-allocator-block-size=16777216"
    "memorysetup-gfx-thread-allocator-block-size=16777216"
    "memorysetup-cache-allocator-block-size=4194304"
    "memorysetup-typetree-allocator-block-size=2097152"
    "memorysetup-profiler-bucket-allocator-granularity=16"
    "memorysetup-profiler-bucket-allocator-bucket-count=8"
    "memorysetup-profiler-bucket-allocator-block-size=33554432"
    "memorysetup-profiler-bucket-allocator-block-count=8"
    "memorysetup-profiler-allocator-block-size=16777216"
    "memorysetup-profiler-editor-allocator-block-size=1048576"
    "memorysetup-temp-allocator-size-main=16777216"
    "memorysetup-job-temp-allocator-block-size=2097152"
    "memorysetup-job-temp-allocator-block-size-background=1048576"
    "memorysetup-job-temp-allocator-reduction-small-platforms=262144"
    "memorysetup-allocator-temp-initial-block-size-main=262144"
    "memorysetup-allocator-temp-initial-block-size-worker=262144"
    "memorysetup-temp-allocator-size-background-worker=32768"
    "memorysetup-temp-allocator-size-job-worker=262144"
    "memorysetup-temp-allocator-size-preload-manager=33554432"
    "memorysetup-temp-allocator-size-nav-mesh-worker=65536"
    "memorysetup-temp-allocator-size-audio-worker=65536"
    "memorysetup-temp-allocator-size-cloud-worker=32768"
    "memorysetup-temp-allocator-size-gi-baking-worker=262144"
    "memorysetup-temp-allocator-size-gi-baking-worker=262144"
    "memorysetup-temp-allocator-size-gi-baking-worker=262144"
    "memorysetup-temp-allocator-size-gi-baking-worker=262144"
    "memorysetup-temp-allocator-size-gi-baking-worker=262144"
    "memorysetup-temp-allocator-size-gfx=262144"
Player connection [32120]  Target information:

Player connection [32120]  * "[IP] 192.168.12.13 [Port] 55506 [Flags] 2 [Guid] 521565233 [EditorId] 521565233 [Version] 1048832 [Id] WindowsEditor(7,DESKTOP-H2NB5JD) [Debug] 1 [PackageName] WindowsEditor [ProjectName] Editor" 

Player connection [32120] Host joined multi-casting on [225.0.0.222:54997]...
Player connection [32120] Host joined alternative multi-casting on [225.0.0.222:34997]...
Input System module state changed to: Initialized.
[Physics::Module] Initialized fallback backend.
[Physics::Module] Id: 0xdecafbad
[Licensing::IpcConnector] Successfully connected to: "LicenseClient-jiachengwei" at "2026-09-29T07:32:22.7642546Z"
[Package Manager] Connected to IPC stream "Upm-44380" after 0.2 seconds.
Library Redirect Path: Library/
[Physics::Module] Selected backend.
[Physics::Module] Name: PhysX
[Physics::Module] Id: 0xf2b8ea05
[Physics::Module] SDK Version: 4.1.2
[Physics::Module] Integration Version: 1.0.0
[Physics::Module] Threading Mode: Multi-Threaded
Refreshing native plugins compatible for Editor in 0.00 ms, found 0 plugins.
Preloading 0 native plugins for Editor in 0.00 ms.
Initialize engine version: 6000.0.68f1 (e1e9baaf294b)
[Subsystems] Discovering subsystems at path C:/Program Files/Unity/Hub/Editor/6000.0.68f1/Editor/Data/Resources/UnitySubsystems
[Subsystems] Discovering subsystems at path E:/Projects/AreaBattle/UnityProject/Assets
GfxDevice: creating device client; kGfxThreadingModeNonThreaded
Direct3D:
    Version:  Direct3D 11.0 [level 11.1]
    Renderer: NVIDIA GeForce RTX 3070 (ID=0x2488)
    Vendor:   NVIDIA
    VRAM:     8018 MB
    Driver:   32.0.15.8180
Initialize mono
Mono path[0] = 'C:/Program Files/Unity/Hub/Editor/6000.0.68f1/Editor/Data/Managed'
Mono path[1] = 'C:/Program Files/Unity/Hub/Editor/6000.0.68f1/Editor/Data/MonoBleedingEdge/lib/mono/unityjit-win32'
Mono config path = 'C:/Program Files/Unity/Hub/Editor/6000.0.68f1/Editor/Data/MonoBleedingEdge/etc'
Using monoOptions --debugger-agent=transport=dt_socket,embedding=1,server=y,suspend=n,address=127.0.0.1:56380
Using cacheserver namespaces - metadata:defaultmetadata, artifacts:defaultartifacts
Using cacheserver namespaces - metadata:defaultmetadata, artifacts:defaultartifacts
ImportWorker Server TCP listen port: 0
AcceleratorClientConnectionCallback - disconnected - :0
Begin MonoManager ReloadAssembly
Registering precompiled unity dll's ...
Register platform support module: C:/Program Files/Unity/Hub/Editor/6000.0.68f1/Editor/Data/PlaybackEngines/WindowsStandaloneSupport/UnityEditor.WindowsStandalone.Extensions.dll
[Licensing::Module] Licensing is not yet initialized.
[Licensing::Client] Code 3 while verifying Licensing Client signature (process Id: 50916, path: "C:/Program Files/Unity/Hub/Editor/6000.0.68f1/Editor/Data/Resources/Licensing/Client/Unity.Licensing.Client.exe")
[Licensing::Module] LicensingClient has failed validation; ignoring
[Licensing::Client] Handshaking with LicensingClient:
  Version:                 1.17.4+4293ba1
  Session Id:              7d3d602703c341a5979e4a7d1f2819d3
  Correlation Id:          3b2b56e4e09ecaee7da24b5ea079453b
  External correlation Id: 5055795199194589458
  Machine Id:              9cQkwGhPtCyHx8hTJUSXA0S3txg=
[Licensing::Module] Successfully connected to LicensingClient on channel: "LicenseClient-jiachengwei" (connect: 0.25s, validation: 0.04s, handshake: 2.88s)
[Licensing::IpcConnector] Successfully connected to: "LicenseClient-jiachengwei-notifications" at "2026-09-29T07:32:25.6916965Z"
[Licensing::Module] Connected to LicensingClient (PId: 50916, launch time: 0.00, total connection time: 3.17s)
[Licensing::Module] Error: Access token is unavailable; failed to update
[Licensing::Client] Successfully resolved entitlement details
[Licensing::Module] License group:
  Id: 00-0000-0000-0000-0000-XXXX
  Product: Unity Pro
  Type: ULF
  Expiration: Unlimited
[Licensing::Client] Successfully updated license, isAsync: True, time: 0.01
[Licensing::Client] Successfully resolved entitlement details
[Licensing::Module] Licensing Background thread has ended after 3.19s
[Licensing::Module] Licensing is initialized (took 2.57s).
[Licensing::Client] Successfully resolved entitlement details
Register platform support module: C:/Program Files/Unity/Hub/Editor/6000.0.68f1/Editor/Data/PlaybackEngines/AndroidPlayer/UnityEditor.Android.Extensions.dll
Registered in 2.574288 seconds.
- Loaded All Assemblies, in  2.788 seconds
Native extension for Android target not found
Unauthorized device detected, Id: 7afd45a, please add debug authorization and reconnect.
UnityEngine.Debug:ExtractStackTraceNoAlloc (byte*,int,string)
UnityEngine.StackTraceUtility:ExtractStackTrace ()
UnityEngine.DebugLogHandler:Internal_Log (UnityEngine.LogType,UnityEngine.LogOption,string,UnityEngine.Object)
UnityEngine.DebugLogHandler:LogFormat (UnityEngine.LogType,UnityEngine.Object,string,object[])
UnityEngine.Logger:LogFormat (UnityEngine.LogType,string,object[])
UnityEngine.Debug:LogFormat (string,object[])
UnityEditor.Android.AndroidDeploymentTargetsExtension:GetKnownTargets (UnityEditor.DeploymentTargets.IDeploymentTargetsMainThreadContext,UnityEditor.ProgressHandler) (at /home/bokken/build/output/unity/unity/PlatformDependent/AndroidPlayer/Editor/Managed/DeploymentTargets/AndroidDeploymentTargetsExtension.cs:397)
UnityEditor.Android.TargetScanWorker:ScanSync () (at /home/bokken/build/output/unity/unity/PlatformDependent/AndroidPlayer/Editor/Managed/TargetScanWorker.cs:164)
UnityEditor.Android.TargetExtension:OnUsbDevicesChanged (UnityEditor.Hardware.UsbDevice[]) (at /home/bokken/build/output/unity/unity/PlatformDependent/AndroidPlayer/Editor/Managed/ExtensionModule.cs:106)
UnityEditor.Android.TargetExtension:OnLoad () (at /home/bokken/build/output/unity/unity/PlatformDependent/AndroidPlayer/Editor/Managed/ExtensionModule.cs:67)
UnityEditor.Modules.ModuleManager:InitializePlatformSupportModules ()

(Filename: /home/bokken/build/output/unity/unity/PlatformDependent/AndroidPlayer/Editor/Managed/DeploymentTargets/AndroidDeploymentTargetsExtension.cs Line: 397)

Android Extension - Scanning For ADB Devices 70 ms
Native extension for WindowsStandalone target not found
Mono: successfully reloaded assembly
- Finished resetting the current domain, in  0.260 seconds
Domain Reload Profiling: 3047ms
	BeginReloadAssembly (72ms)
		ExecutionOrderSort (0ms)
		DisableScriptedObjects (0ms)
		BackupInstance (0ms)
		ReleaseScriptingObjects (0ms)
		CreateAndSetChildDomain (0ms)
	RebuildCommonClasses (21ms)
	RebuildNativeTypeToScriptingClass (7ms)
	initialDomainReloadingComplete (2600ms)
	LoadAllAssembliesAndSetupDomain (87ms)
		LoadAssemblies (71ms)
		RebuildTransferFunctionScriptingTraits (0ms)
		AnalyzeDomain (85ms)
			TypeCache.Refresh (84ms)
				TypeCache.ScanAssembly (77ms)
			BuildScriptInfoCaches (0ms)
			ResolveRequiredComponents (0ms)
	FinalizeReload (260ms)
		ReleaseScriptCaches (0ms)
		RebuildScriptCaches (0ms)
		SetupLoadedEditorAssemblies (242ms)
			LogAssemblyErrors (0ms)
			InitializePlatformSupportModulesInManaged (116ms)
			SetLoadedEditorAssemblies (2ms)
			BeforeProcessingInitializeOnLoad (30ms)
			ProcessInitializeOnLoadAttributes (62ms)
			ProcessInitializeOnLoadMethodAttributes (31ms)
			AfterProcessingInitializeOnLoad (0ms)
			EditorAssembliesLoaded (0ms)
		ExecutionOrderSort2 (0ms)
		AwakeInstancesAfterBackupRestoration (0ms)
[Licensing::Client] Successfully resolved entitlement details
Application.AssetDatabase Initial Refresh Start
Package Manager log level set to [2]
[Package Manager] Restoring resolved packages state from cache
[Licensing::Client] Successfully resolved entitlement details
[Package Manager] Registered 36 packages:
  Built-in packages:
    com.unity.ugui@2.0.0 (location: E:\Projects\AreaBattle\UnityProject\Library\PackageCache\com.unity.ugui@cec3688a7c38)
    com.unity.multiplayer.center@1.0.0 (location: E:\Projects\AreaBattle\UnityProject\Library\PackageCache\com.unity.multiplayer.center@f3fb577b3546)
    com.unity.modules.accessibility@1.0.0 (location: E:\Projects\AreaBattle\UnityProject\Library\PackageCache\com.unity.modules.accessibility)
    com.unity.modules.ai@1.0.0 (location: E:\Projects\AreaBattle\UnityProject\Library\PackageCache\com.unity.modules.ai)
    com.unity.modules.androidjni@1.0.0 (location: E:\Projects\AreaBattle\UnityProject\Library\PackageCache\com.unity.modules.androidjni)
    com.unity.modules.animation@1.0.0 (location: E:\Projects\AreaBattle\UnityProject\Library\PackageCache\com.unity.modules.animation)
    com.unity.modules.assetbundle@1.0.0 (location: E:\Projects\AreaBattle\UnityProject\Library\PackageCache\com.unity.modules.assetbundle)
    com.unity.modules.audio@1.0.0 (location: E:\Projects\AreaBattle\UnityProject\Library\PackageCache\com.unity.modules.audio)
    com.unity.modules.cloth@1.0.0 (location: E:\Projects\AreaBattle\UnityProject\Library\PackageCache\com.unity.modules.cloth)
    com.unity.modules.director@1.0.0 (location: E:\Projects\AreaBattle\UnityProject\Library\PackageCache\com.unity.modules.director)
    com.unity.modules.imageconversion@1.0.0 (location: E:\Projects\AreaBattle\UnityProject\Library\PackageCache\com.unity.modules.imageconversion)
    com.unity.modules.imgui@1.0.0 (location: E:\Projects\AreaBattle\UnityProject\Library\PackageCache\com.unity.modules.imgui)
    com.unity.modules.jsonserialize@1.0.0 (location: E:\Projects\AreaBattle\UnityProject\Library\PackageCache\com.unity.modules.jsonserialize)
    com.unity.modules.particlesystem@1.0.0 (location: E:\Projects\AreaBattle\UnityProject\Library\PackageCache\com.unity.modules.particlesystem)
    com.unity.modules.physics@1.0.0 (location: E:\Projects\AreaBattle\UnityProject\Library\PackageCache\com.unity.modules.physics)
    com.unity.modules.physics2d@1.0.0 (location: E:\Projects\AreaBattle\UnityProject\Library\PackageCache\com.unity.modules.physics2d)
    com.unity.modules.screencapture@1.0.0 (location: E:\Projects\AreaBattle\UnityProject\Library\PackageCache\com.unity.modules.screencapture)
    com.unity.modules.terrain@1.0.0 (location: E:\Projects\AreaBattle\UnityProject\Library\PackageCache\com.unity.modules.terrain)
    com.unity.modules.terrainphysics@1.0.0 (location: E:\Projects\AreaBattle\UnityProject\Library\PackageCache\com.unity.modules.terrainphysics)
    com.unity.modules.tilemap@1.0.0 (location: E:\Projects\AreaBattle\UnityProject\Library\PackageCache\com.unity.modules.tilemap)
    com.unity.modules.ui@1.0.0 (location: E:\Projects\AreaBattle\UnityProject\Library\PackageCache\com.unity.modules.ui)
    com.unity.modules.uielements@1.0.0 (location: E:\Projects\AreaBattle\UnityProject\Library\PackageCache\com.unity.modules.uielements)
    com.unity.modules.umbra@1.0.0 (location: E:\Projects\AreaBattle\UnityProject\Library\PackageCache\com.unity.modules.umbra)
    com.unity.modules.unityanalytics@1.0.0 (location: E:\Projects\AreaBattle\UnityProject\Library\PackageCache\com.unity.modules.unityanalytics)
    com.unity.modules.unitywebrequest@1.0.0 (location: E:\Projects\AreaBattle\UnityProject\Library\PackageCache\com.unity.modules.unitywebrequest)
    com.unity.modules.unitywebrequestassetbundle@1.0.0 (location: E:\Projects\AreaBattle\UnityProject\Library\PackageCache\com.unity.modules.unitywebrequestassetbundle)
    com.unity.modules.unitywebrequestaudio@1.0.0 (location: E:\Projects\AreaBattle\UnityProject\Library\PackageCache\com.unity.modules.unitywebrequestaudio)
    com.unity.modules.unitywebrequesttexture@1.0.0 (location: E:\Projects\AreaBattle\UnityProject\Library\PackageCache\com.unity.modules.unitywebrequesttexture)
    com.unity.modules.unitywebrequestwww@1.0.0 (location: E:\Projects\AreaBattle\UnityProject\Library\PackageCache\com.unity.modules.unitywebrequestwww)
    com.unity.modules.vehicles@1.0.0 (location: E:\Projects\AreaBattle\UnityProject\Library\PackageCache\com.unity.modules.vehicles)
    com.unity.modules.video@1.0.0 (location: E:\Projects\AreaBattle\UnityProject\Library\PackageCache\com.unity.modules.video)
    com.unity.modules.vr@1.0.0 (location: E:\Projects\AreaBattle\UnityProject\Library\PackageCache\com.unity.modules.vr)
    com.unity.modules.wind@1.0.0 (location: E:\Projects\AreaBattle\UnityProject\Library\PackageCache\com.unity.modules.wind)
    com.unity.modules.xr@1.0.0 (location: E:\Projects\AreaBattle\UnityProject\Library\PackageCache\com.unity.modules.xr)
    com.unity.modules.subsystems@1.0.0 (location: E:\Projects\AreaBattle\UnityProject\Library\PackageCache\com.unity.modules.subsystems)
    com.unity.modules.hierarchycore@1.0.0 (location: E:\Projects\AreaBattle\UnityProject\Library\PackageCache\com.unity.modules.hierarchycore)
[Subsystems] No new subsystems found in resolved package list.
[Package Manager] Done registering packages in 0.01 seconds
[ScriptCompilation] Requested script compilation because: Assetdatabase observed changes in script compilation related files
Starting: C:\Program Files\Unity\Hub\Editor\6000.0.68f1\Editor\Data\bee_backend.exe --ipc --defer-dag-verification --dagfile="Library/Bee/1900b0aE.dag" --continue-on-failure --profile="Library/Bee/backend1.traceevents" ScriptAssemblies
WorkingDir: E:/Projects/AreaBattle/UnityProject
DisplayProgressbar: Compiling Scripts
ExitCode: 0 Duration: 0s171ms
[210/213    0s] Csc Library/Bee/artifacts/1900b0aE.dag/Assembly-CSharp-Editor.dll (+2 others)
[211/213    0s] CopyFiles Library/ScriptAssemblies/Assembly-CSharp-Editor.pdb
[212/213    0s] CopyFiles Library/ScriptAssemblies/Assembly-CSharp-Editor.dll
*** Tundra build success (0.16 seconds), 3 items updated, 213 evaluated
AssetDatabase: script compilation time: 0.442273s
Begin MonoManager ReloadAssembly
- Loaded All Assemblies, in  0.224 seconds
Refreshing native plugins compatible for Editor in 0.00 ms, found 0 plugins.
Native extension for Android target not found
Native extension for WindowsStandalone target not found
Mono: successfully reloaded assembly
- Finished resetting the current domain, in  0.215 seconds
Domain Reload Profiling: 438ms
	BeginReloadAssembly (160ms)
		ExecutionOrderSort (0ms)
		DisableScriptedObjects (65ms)
		BackupInstance (0ms)
		ReleaseScriptingObjects (0ms)
		CreateAndSetChildDomain (17ms)
	RebuildCommonClasses (21ms)
	RebuildNativeTypeToScriptingClass (7ms)
	initialDomainReloadingComplete (12ms)
	LoadAllAssembliesAndSetupDomain (23ms)
		LoadAssemblies (59ms)
		RebuildTransferFunctionScriptingTraits (0ms)
		AnalyzeDomain (19ms)
			TypeCache.Refresh (14ms)
				TypeCache.ScanAssembly (9ms)
			BuildScriptInfoCaches (3ms)
			ResolveRequiredComponents (1ms)
	FinalizeReload (215ms)
		ReleaseScriptCaches (0ms)
		RebuildScriptCaches (0ms)
		SetupLoadedEditorAssemblies (145ms)
			LogAssemblyErrors (0ms)
			InitializePlatformSupportModulesInManaged (14ms)
			SetLoadedEditorAssemblies (2ms)
			BeforeProcessingInitializeOnLoad (54ms)
			ProcessInitializeOnLoadAttributes (61ms)
			ProcessInitializeOnLoadMethodAttributes (12ms)
			AfterProcessingInitializeOnLoad (3ms)
			EditorAssembliesLoaded (0ms)
		ExecutionOrderSort2 (0ms)
		AwakeInstancesAfterBackupRestoration (5ms)
Refreshing native plugins compatible for Editor in 0.00 ms, found 0 plugins.
Preloading 0 native plugins for Editor in 0.00 ms.
Asset Pipeline Refresh (id=9ef068639ca91c0468681602c5133fa9): Total: 1.043 seconds - Initiated by InitialRefreshV2(ForceSynchronousImport)
	Summary:
		Imports: total=0 (actual=0, local cache=0, cache server=0)
		Asset DB Process Time: managed=0 ms, native=318 ms
		Asset DB Callback time: managed=43 ms, native=7 ms
		Scripting: domain reloads=1, domain reload time=224 ms, compile time=443 ms, other=5 ms
		Project Asset Count: scripts=308, non-scripts=1731
		Asset File Changes: new=0, changed=1, moved=0, deleted=0
		Scan Filter Count: 0
	InvokeCustomDependenciesCallbacks: 0.000ms
	InvokePackagesCallback: 6.542ms
	ApplyChangesToAssetFolders: 0.326ms
	Scan: 49.302ms
	OnSourceAssetsModified: 0.527ms
	CategorizeAssetsWithTransientArtifact: 1.366ms
	ProcessAssetsWithTransientArtifactChanges: 5.598ms
	CategorizeAssets: 7.558ms
	ImportOutOfDateAssets: 216.057ms (-227.680ms without children)
		CompileScripts: 443.333ms
		ReloadNativeAssets: 0.000ms
		UnloadImportedAssets: 0.061ms
		EnsureUptoDateAssetsAreRegisteredWithGuidPM: 0.131ms
		InitializingProgressBar: 0.000ms
		PostProcessAllAssetNotificationsAddChangedAssets: 0.000ms
		OnDemandSchedulerStart: 0.210ms
	PostProcessAllAssets: 44.157ms
	Hotreload: 0.461ms
	GatherAllCurrentPrimaryArtifactRevisions: 0.001ms
	UnloadStreamsBegin: 0.285ms
	PersistCurrentRevisions: 0.046ms
	UnloadStreamsEnd: 0.001ms
	GenerateScriptTypeHashes: 0.650ms
	Untracked: 710.705ms

Application.AssetDatabase Initial Refresh End
Scanning for USB devices : 5.590ms
Initializing Unity extensions:
Assertion failed on expression: 'SUCCEEDED(hr)'
Assertion failed on expression: 'SUCCEEDED(hr)'
Assertion failed on expression: 'ERROR_SUCCESS == status'
[MODES] ModeService[none].Initialize
[MODES] ModeService[none].LoadModes
[MODES] Loading mode Default (0) for mode-current-id-AreaBattle
Curl error 7: Failed to connect to config.uca.cloud.unity3d.com port 443 after 0 ms: Could not connect to server
Unloading 21 Unused Serialized files (Serialized files now loaded: 0)
Unloading 632 unused Assets / (2.3 MB). Loaded Objects now: 1161.
Memory consumption went from 102.1 MB to 99.7 MB.
Total: 3.315800 ms (FindLiveObjects: 0.051600 ms CreateObjectMapping: 0.013800 ms MarkObjects: 2.464400 ms  DeleteObjects: 0.785200 ms)

Asset Pipeline Refresh (id=788f167785a676f4a8022d5c4151d792): Total: 0.018 seconds - Initiated by RefreshV2(NoUpdateAssetOptions)
Start importing Assets/AreaBattle/Resources/Recovered/GuideSpine/Textures/CAB-71a96badbcffab7b7451a783f271bc4b_2026805924299331817/YD.png using Guid(04c8c611faa238c4daf9028c4f06ec0a) (TextureImporter) -> (artifact id: '7144806e1d470b86d59763a9afce1998') in 0.0479717 seconds
Refreshing native plugins compatible for Editor in 0.00 ms, found 0 plugins.
Preloading 0 native plugins for Editor in 0.00 ms.
Asset Pipeline Refresh (id=720285b63ff667c42b6de526d97e1951): Total: 0.061 seconds - Initiated by StopAssetImportingV2(NoUpdateAssetOptions)
Start importing Assets/AreaBattle/Resources/Recovered/GuideSpine/Textures/CAB-71a96badbcffab7b7451a783f271bc4b_2026805924299331817/YD.png using Guid(04c8c611faa238c4daf9028c4f06ec0a) (TextureImporter) -> (artifact id: '7144806e1d470b86d59763a9afce1998') in 0.0429168 seconds
Refreshing native plugins compatible for Editor in 0.00 ms, found 0 plugins.
Preloading 0 native plugins for Editor in 0.00 ms.
Asset Pipeline Refresh (id=6ac16335d41646b47817a28097292035): Total: 0.047 seconds - Initiated by StopAssetImportingV2(NoUpdateAssetOptions)
Start importing Assets/AreaBattle/Resources/Recovered/GuideSpine/Spine/CAB-71a96badbcffab7b7451a783f271bc4b_435856469966727484.txt using Guid(416b31bbe4f2653409abae32f1f49b09) (TextScriptImporter) -> (artifact id: '7ae6c84b3c7b665ea6338bb711bc4f75') in 0.0010126 seconds
Refreshing native plugins compatible for Editor in 0.00 ms, found 0 plugins.
Preloading 0 native plugins for Editor in 0.00 ms.
Asset Pipeline Refresh (id=9e15fa14914787c41a1a512f90883684): Total: 0.005 seconds - Initiated by StopAssetImportingV2(NoUpdateAssetOptions)
Start importing Assets/AreaBattle/Resources/Recovered/GuideSpine/Textures/CAB-71a96badbcffab7b7451a783f271bc4b_-7791903411662756124/YD_2.png using Guid(3479ad8d8553dbf4a9eaabee610f7fc5) (TextureImporter) -> (artifact id: '9d780a7f3b91ea85c38808d68d885949') in 0.0112765 seconds
Refreshing native plugins compatible for Editor in 0.00 ms, found 0 plugins.
Preloading 0 native plugins for Editor in 0.00 ms.
Asset Pipeline Refresh (id=df842307a8f4f4040ba562e2576c401b): Total: 0.015 seconds - Initiated by StopAssetImportingV2(NoUpdateAssetOptions)
Start importing Assets/AreaBattle/Resources/Recovered/GuideSpine/Textures/CAB-71a96badbcffab7b7451a783f271bc4b_-7791903411662756124/YD_2.png using Guid(3479ad8d8553dbf4a9eaabee610f7fc5) (TextureImporter) -> (artifact id: '9d780a7f3b91ea85c38808d68d885949') in 0.0113267 seconds
Refreshing native plugins compatible for Editor in 0.00 ms, found 0 plugins.
Preloading 0 native plugins for Editor in 0.00 ms.
Asset Pipeline Refresh (id=abf8f7165f17b1949bae44d82cdbcced): Total: 0.016 seconds - Initiated by StopAssetImportingV2(NoUpdateAssetOptions)
Start importing Assets/AreaBattle/Resources/Recovered/GuideSpine/Spine/CAB-71a96badbcffab7b7451a783f271bc4b_5200670246001647623.txt using Guid(fc943b415feb09c43866392db5d9568e) (TextScriptImporter) -> (artifact id: 'a5035b6a37cd47acd2ffa664f485e20a') in 0.0008426 seconds
Refreshing native plugins compatible for Editor in 0.00 ms, found 0 plugins.
Preloading 0 native plugins for Editor in 0.00 ms.
Asset Pipeline Refresh (id=ca0f161204bcad7408f8b81b19e52cf1): Total: 0.005 seconds - Initiated by StopAssetImportingV2(NoUpdateAssetOptions)
Start importing Assets/AreaBattle/Resources/Recovered/GuideSpine/Meshes/CAB-71a96badbcffab7b7451a783f271bc4b_-2780960743001050164.asset using Guid(7414d633902f4754aa651723b4868d95) (NativeFormatImporter) -> (artifact id: 'ac530c10a0b7277f043abd3ac8dacf60') in 0.000888 seconds
Refreshing native plugins compatible for Editor in 0.00 ms, found 0 plugins.
Preloading 0 native plugins for Editor in 0.00 ms.
Asset Pipeline Refresh (id=8b2c90d8ac5d4ed45b177fedae32a0a3): Total: 0.005 seconds - Initiated by StopAssetImportingV2(NoUpdateAssetOptions)
Start importing Assets/AreaBattle/Resources/Recovered/GuideSpine/Materials/CAB-71a96badbcffab7b7451a783f271bc4b_-7672899569522605211.mat using Guid(fc641687867d0e545a80a6a58102e6cf) (NativeFormatImporter)Main Object Name 'YD_YD' does not match filename 'CAB-71a96badbcffab7b7451a783f271bc4b_-7672899569522605211'
UnityEngine.Debug:ExtractStackTraceNoAlloc (byte*,int,string)
UnityEngine.StackTraceUtility:ExtractStackTrace ()
UnityEditor.AssetDatabase:ImportAsset (string,UnityEditor.ImportAssetOptions)
AreaBattle.EditorTools.RecoveredGuideSpineImporter:ImportNativeResource (AreaBattle.EditorTools.RecoveredGuideSpineImporter/Resource,string,System.Type) (at Assets/AreaBattle/Editor/RecoveredGuideSpineImporter.cs:128)
AreaBattle.EditorTools.RecoveredGuideSpineImporter:Import () (at Assets/AreaBattle/Editor/RecoveredGuideSpineImporter.cs:65)
AreaBattle.EditorTools.RecoveredHudImporter:ImportManifest (string,string,int,string) (at Assets/AreaBattle/Editor/RecoveredHudImporter.cs:61)
AreaBattle.EditorTools.RecoveredHudImporter:ImportOutgame () (at Assets/AreaBattle/Editor/RecoveredHudImporter.cs:52)
AreaBattle.EditorTools.RecoveredHudImporter:ImportOutgameBatch () (at Assets/AreaBattle/Editor/RecoveredHudImporter.cs:55)

[Assets/AreaBattle/Editor/RecoveredGuideSpineImporter.cs line 128]

 -> (artifact id: 'ddd6bafd0f776b6ccfe5a060788f9ae9') in 0.0012887 seconds
Refreshing native plugins compatible for Editor in 0.00 ms, found 0 plugins.
Preloading 0 native plugins for Editor in 0.00 ms.
Asset Pipeline Refresh (id=8eebf17f179f90040bcd5b816b7624d5): Total: 0.005 seconds - Initiated by StopAssetImportingV2(NoUpdateAssetOptions)
Start importing Assets/AreaBattle/Resources/Recovered/GuideSpine/Materials/CAB-71a96badbcffab7b7451a783f271bc4b_-7572599234430709561.mat using Guid(fed2e73817d751a47a923e0a757d2d05) (NativeFormatImporter)Main Object Name 'YD_YD_2' does not match filename 'CAB-71a96badbcffab7b7451a783f271bc4b_-7572599234430709561'
UnityEngine.Debug:ExtractStackTraceNoAlloc (byte*,int,string)
UnityEngine.StackTraceUtility:ExtractStackTrace ()
UnityEditor.AssetDatabase:ImportAsset (string,UnityEditor.ImportAssetOptions)
AreaBattle.EditorTools.RecoveredGuideSpineImporter:ImportNativeResource (AreaBattle.EditorTools.RecoveredGuideSpineImporter/Resource,string,System.Type) (at Assets/AreaBattle/Editor/RecoveredGuideSpineImporter.cs:128)
AreaBattle.EditorTools.RecoveredGuideSpineImporter:Import () (at Assets/AreaBattle/Editor/RecoveredGuideSpineImporter.cs:65)
AreaBattle.EditorTools.RecoveredHudImporter:ImportManifest (string,string,int,string) (at Assets/AreaBattle/Editor/RecoveredHudImporter.cs:61)
AreaBattle.EditorTools.RecoveredHudImporter:ImportOutgame () (at Assets/AreaBattle/Editor/RecoveredHudImporter.cs:52)
AreaBattle.EditorTools.RecoveredHudImporter:ImportOutgameBatch () (at Assets/AreaBattle/Editor/RecoveredHudImporter.cs:55)

[Assets/AreaBattle/Editor/RecoveredGuideSpineImporter.cs line 128]

 -> (artifact id: '39adc3b7e0fc6ff9640ed38cc0df2929') in 0.0010035 seconds
Refreshing native plugins compatible for Editor in 0.00 ms, found 0 plugins.
Preloading 0 native plugins for Editor in 0.00 ms.
Asset Pipeline Refresh (id=dd20f77321aded0459d5ac1b9da040a6): Total: 0.004 seconds - Initiated by StopAssetImportingV2(NoUpdateAssetOptions)
Launched and connected shader compiler UnityShaderCompiler.exe after 0.01 seconds
Start importing Assets/AreaBattle/Resources/Recovered/GuideSpine/Spine/CAB-71a96badbcffab7b7451a783f271bc4b_-1778157884270872766.asset using Guid(e5d72c94728ecf94b8781b24c65bead5) (NativeFormatImporter)Main Object Name 'YD_Atlas' does not match filename 'CAB-71a96badbcffab7b7451a783f271bc4b_-1778157884270872766'
UnityEngine.Debug:ExtractStackTraceNoAlloc (byte*,int,string)
UnityEngine.StackTraceUtility:ExtractStackTrace ()
UnityEditor.AssetDatabase:ImportAsset (string,UnityEditor.ImportAssetOptions)
AreaBattle.EditorTools.RecoveredGuideSpineImporter:ImportNativeResource (AreaBattle.EditorTools.RecoveredGuideSpineImporter/Resource,string,System.Type) (at Assets/AreaBattle/Editor/RecoveredGuideSpineImporter.cs:128)
AreaBattle.EditorTools.RecoveredGuideSpineImporter:Import () (at Assets/AreaBattle/Editor/RecoveredGuideSpineImporter.cs:77)
AreaBattle.EditorTools.RecoveredHudImporter:ImportManifest (string,string,int,string) (at Assets/AreaBattle/Editor/RecoveredHudImporter.cs:61)
AreaBattle.EditorTools.RecoveredHudImporter:ImportOutgame () (at Assets/AreaBattle/Editor/RecoveredHudImporter.cs:52)
AreaBattle.EditorTools.RecoveredHudImporter:ImportOutgameBatch () (at Assets/AreaBattle/Editor/RecoveredHudImporter.cs:55)

[Assets/AreaBattle/Editor/RecoveredGuideSpineImporter.cs line 128]

 -> (artifact id: '1c848d1e2bd5d1a9ce3b25dcd41adfa0') in 0.0013587 seconds
Refreshing native plugins compatible for Editor in 0.00 ms, found 0 plugins.
Preloading 0 native plugins for Editor in 0.00 ms.
Asset Pipeline Refresh (id=58ca0cd0c7cb2f549bfc473366995baf): Total: 0.006 seconds - Initiated by StopAssetImportingV2(NoUpdateAssetOptions)
Refreshing native plugins compatible for Editor in 0.00 ms, found 0 plugins.
Preloading 0 native plugins for Editor in 0.00 ms.
Asset Pipeline Refresh (id=70bb1e5a68ea9de45b07dfc7ed581f72): Total: 0.004 seconds - Initiated by StopAssetImportingV2(NoUpdateAssetOptions)
Start importing Assets/AreaBattle/Resources/Recovered/GuideSpine/Spine/CAB-71a96badbcffab7b7451a783f271bc4b_5262709187943515980.asset using Guid(e7401860532b0eb4d935e048f849e34f) (NativeFormatImporter)Main Object Name 'YD_SkeletonData' does not match filename 'CAB-71a96badbcffab7b7451a783f271bc4b_5262709187943515980'
UnityEngine.Debug:ExtractStackTraceNoAlloc (byte*,int,string)
UnityEngine.StackTraceUtility:ExtractStackTrace ()
UnityEditor.AssetDatabase:ImportAsset (string,UnityEditor.ImportAssetOptions)
AreaBattle.EditorTools.RecoveredGuideSpineImporter:ImportNativeResource (AreaBattle.EditorTools.RecoveredGuideSpineImporter/Resource,string,System.Type) (at Assets/AreaBattle/Editor/RecoveredGuideSpineImporter.cs:128)
AreaBattle.EditorTools.RecoveredGuideSpineImporter:Import () (at Assets/AreaBattle/Editor/RecoveredGuideSpineImporter.cs:77)
AreaBattle.EditorTools.RecoveredHudImporter:ImportManifest (string,string,int,string) (at Assets/AreaBattle/Editor/RecoveredHudImporter.cs:61)
AreaBattle.EditorTools.RecoveredHudImporter:ImportOutgame () (at Assets/AreaBattle/Editor/RecoveredHudImporter.cs:52)
AreaBattle.EditorTools.RecoveredHudImporter:ImportOutgameBatch () (at Assets/AreaBattle/Editor/RecoveredHudImporter.cs:55)

[Assets/AreaBattle/Editor/RecoveredGuideSpineImporter.cs line 128]

 -> (artifact id: '84e82761e1a71c03efc5053900db5e8d') in 0.0014893 seconds
Refreshing native plugins compatible for Editor in 0.00 ms, found 0 plugins.
Preloading 0 native plugins for Editor in 0.00 ms.
Asset Pipeline Refresh (id=f928fb7d28607fd45a7b570eb176d1dc): Total: 0.005 seconds - Initiated by StopAssetImportingV2(NoUpdateAssetOptions)
Refreshing native plugins compatible for Editor in 0.00 ms, found 0 plugins.
Preloading 0 native plugins for Editor in 0.00 ms.
Asset Pipeline Refresh (id=15a2ac9a7bc95314e9a20df8d194664a): Total: 0.004 seconds - Initiated by StopAssetImportingV2(NoUpdateAssetOptions)
Start importing Assets/AreaBattle/Resources/Recovered/GuideSpine/YD_0.prefab using Guid(aaea5a43043e33644ad6a203858e23f4) (PrefabImporter) -> (artifact id: '04bbb4b9b6e4cefbc63ae43c9ba56858') in 0.0034303 seconds
Refreshing native plugins compatible for Editor in 0.00 ms, found 0 plugins.
Preloading 0 native plugins for Editor in 0.00 ms.
Asset Pipeline Refresh (id=11d07c90cceb6c34ca0ff1e046a4a777): Total: 0.008 seconds - Initiated by StopAssetImportingV2(NoUpdateAssetOptions)
ConsistencyChecker - guid: aaea5a43043e33644ad6a203858e23f4, dependenciesHash.value: 4959ef41442e846ab5bb32d971216e6d, artifactid: 04bbb4b9b6e4cefbc63ae43c9ba56858, producedFiles[0].extension: , producedFiles[0].contentHash: 0ab9e8c5e5390f76c183630612bbc88a
ConsistencyChecker - guid: aaea5a43043e33644ad6a203858e23f4, dependenciesHash.value: 4959ef41442e846ab5bb32d971216e6d, artifactid: 86f2c2be509966b8ecebcfe0f49d9241, producedFiles[0].extension: , producedFiles[0].contentHash: 37690ccc415a682ebecc9bc4be7d97aa
Importer(PrefabImporter) generated inconsistent result for asset(guid:aaea5a43043e33644ad6a203858e23f4) "Assets/AreaBattle/Resources/Recovered/GuideSpine/YD_0.prefab"
UnityEngine.Debug:ExtractStackTraceNoAlloc (byte*,int,string)
UnityEngine.StackTraceUtility:ExtractStackTrace ()
UnityEditor.AssetDatabase:ImportAsset (string,UnityEditor.ImportAssetOptions)
AreaBattle.EditorTools.RecoveredGuideSpineImporter:Import () (at Assets/AreaBattle/Editor/RecoveredGuideSpineImporter.cs:83)
AreaBattle.EditorTools.RecoveredHudImporter:ImportManifest (string,string,int,string) (at Assets/AreaBattle/Editor/RecoveredHudImporter.cs:61)
AreaBattle.EditorTools.RecoveredHudImporter:ImportOutgame () (at Assets/AreaBattle/Editor/RecoveredHudImporter.cs:52)
AreaBattle.EditorTools.RecoveredHudImporter:ImportOutgameBatch () (at Assets/AreaBattle/Editor/RecoveredHudImporter.cs:55)

[Assets/AreaBattle/Editor/RecoveredGuideSpineImporter.cs line 83]

Start importing Assets/AreaBattle/Resources/Recovered/GuideSpine/YD_0.prefab using Guid(aaea5a43043e33644ad6a203858e23f4) (PrefabImporter) -> (artifact id: '04bbb4b9b6e4cefbc63ae43c9ba56858') in 0.0011604 seconds
Refreshing native plugins compatible for Editor in 0.00 ms, found 0 plugins.
Preloading 0 native plugins for Editor in 0.00 ms.
Asset Pipeline Refresh (id=c599c8591560bc84d8eb645d57c2eef2): Total: 0.006 seconds - Initiated by StopAssetImportingV2(NoUpdateAssetOptions)
ConsistencyChecker - guid: aaea5a43043e33644ad6a203858e23f4, dependenciesHash.value: 4959ef41442e846ab5bb32d971216e6d, artifactid: 04bbb4b9b6e4cefbc63ae43c9ba56858, producedFiles[0].extension: , producedFiles[0].contentHash: 0ab9e8c5e5390f76c183630612bbc88a
ConsistencyChecker - guid: aaea5a43043e33644ad6a203858e23f4, dependenciesHash.value: 4959ef41442e846ab5bb32d971216e6d, artifactid: 86f2c2be509966b8ecebcfe0f49d9241, producedFiles[0].extension: , producedFiles[0].contentHash: 37690ccc415a682ebecc9bc4be7d97aa
Importer(PrefabImporter) generated inconsistent result for asset(guid:aaea5a43043e33644ad6a203858e23f4) "Assets/AreaBattle/Resources/Recovered/GuideSpine/YD_0.prefab"
UnityEngine.Debug:ExtractStackTraceNoAlloc (byte*,int,string)
UnityEngine.StackTraceUtility:ExtractStackTrace ()
UnityEditor.AssetDatabase:ImportAsset (string,UnityEditor.ImportAssetOptions)
UnityEditor.AssetDatabase:ImportAsset (string)
UnityEditor.AssetImporter:SaveAndReimport ()
AreaBattle.EditorTools.RecoveredGuideSpineImporter:Import () (at Assets/AreaBattle/Editor/RecoveredGuideSpineImporter.cs:102)
AreaBattle.EditorTools.RecoveredHudImporter:ImportManifest (string,string,int,string) (at Assets/AreaBattle/Editor/RecoveredHudImporter.cs:61)
AreaBattle.EditorTools.RecoveredHudImporter:ImportOutgame () (at Assets/AreaBattle/Editor/RecoveredHudImporter.cs:52)
AreaBattle.EditorTools.RecoveredHudImporter:ImportOutgameBatch () (at Assets/AreaBattle/Editor/RecoveredHudImporter.cs:55)

[Assets/AreaBattle/Editor/RecoveredGuideSpineImporter.cs line 102]

Asset Pipeline Refresh (id=909c928a365565c4095bd66235567947): Total: 0.003 seconds - Initiated by RefreshV2(NoUpdateAssetOptions)
Start importing Assets/AreaBattle/Resources/Recovered/Outgame/Sprites/CAB-68a3634b9a99c5a2a10a36b772e4e945_-2500702643996213034.png using Guid(6a27ed5ae9a4a394aa994741a97a4e5f) (TextureImporter) -> (artifact id: '2189d22f62cf9d9e1210d24a14ea174c') in 0.0029336 seconds
Refreshing native plugins compatible for Editor in 0.00 ms, found 0 plugins.
Preloading 0 native plugins for Editor in 0.00 ms.
Asset Pipeline Refresh (id=d9d3c948e1c66804d9e0c4fd3cc63960): Total: 0.007 seconds - Initiated by StopAssetImportingV2(NoUpdateAssetOptions)
Start importing Assets/AreaBattle/Resources/Recovered/Outgame/Sprites/CAB-68a3634b9a99c5a2a10a36b772e4e945_-2500702643996213034.png using Guid(6a27ed5ae9a4a394aa994741a97a4e5f) (TextureImporter) -> (artifact id: '2189d22f62cf9d9e1210d24a14ea174c') in 0.002218 seconds
Refreshing native plugins compatible for Editor in 0.00 ms, found 0 plugins.
Preloading 0 native plugins for Editor in 0.00 ms.
Asset Pipeline Refresh (id=142ebebf03192134f9dc660d15a30402): Total: 0.006 seconds - Initiated by StopAssetImportingV2(NoUpdateAssetOptions)
Start importing Assets/AreaBattle/Resources/Recovered/Outgame/Sprites/CAB-68a3634b9a99c5a2a10a36b772e4e945_3968329229193633682.png using Guid(6c3a72709d2843944a264f0fd135dbae) (TextureImporter) -> (artifact id: '81684200ec5fff71acbee6f7cad5014a') in 0.0038703 seconds
Refreshing native plugins compatible for Editor in 0.00 ms, found 0 plugins.
Preloading 0 native plugins for Editor in 0.00 ms.
Asset Pipeline Refresh (id=d7600cf9e15ebc748b83c5c2bf3759d0): Total: 0.008 seconds - Initiated by StopAssetImportingV2(NoUpdateAssetOptions)
Start importing Assets/AreaBattle/Resources/Recovered/Outgame/Sprites/CAB-68a3634b9a99c5a2a10a36b772e4e945_3968329229193633682.png using Guid(6c3a72709d2843944a264f0fd135dbae) (TextureImporter) -> (artifact id: '81684200ec5fff71acbee6f7cad5014a') in 0.0018683 seconds
Refreshing native plugins compatible for Editor in 0.00 ms, found 0 plugins.
Preloading 0 native plugins for Editor in 0.00 ms.
Asset Pipeline Refresh (id=0943dbe7077a49a47b5fe0f64ece42c3): Total: 0.006 seconds - Initiated by StopAssetImportingV2(NoUpdateAssetOptions)
Start importing Assets/AreaBattle/Resources/Recovered/Outgame/Sprites/CAB-68a3634b9a99c5a2a10a36b772e4e945_-2067149362258942805.png using Guid(e711758b780e18448adec3fb35eaa505) (TextureImporter) -> (artifact id: '650b48ce78dcc2f298b427aea26b1d0a') in 0.001128 seconds
Refreshing native plugins compatible for Editor in 0.00 ms, found 0 plugins.
Preloading 0 native plugins for Editor in 0.00 ms.
Asset Pipeline Refresh (id=acf7bc30e067e8c46b271b592d822cd3): Total: 0.005 seconds - Initiated by StopAssetImportingV2(NoUpdateAssetOptions)
Start importing Assets/AreaBattle/Resources/Recovered/Outgame/Sprites/CAB-68a3634b9a99c5a2a10a36b772e4e945_-2067149362258942805.png using Guid(e711758b780e18448adec3fb35eaa505) (TextureImporter) -> (artifact id: '650b48ce78dcc2f298b427aea26b1d0a') in 0.0011338 seconds
Refreshing native plugins compatible for Editor in 0.00 ms, found 0 plugins.
Preloading 0 native plugins for Editor in 0.00 ms.
Asset Pipeline Refresh (id=be1131282b6b60e47b7623f64635673f): Total: 0.005 seconds - Initiated by StopAssetImportingV2(NoUpdateAssetOptions)
Start importing Assets/AreaBattle/Resources/Recovered/Outgame/Sprites/CAB-68a3634b9a99c5a2a10a36b772e4e945_3841003378664186752.png using Guid(dc24b4962dcfbd446a77de7c97348bd4) (TextureImporter) -> (artifact id: '48780201a4e59c3cb7a7a83d3278db6e') in 0.0022806 seconds
Refreshing native plugins compatible for Editor in 0.00 ms, found 0 plugins.
Preloading 0 native plugins for Editor in 0.00 ms.
Asset Pipeline Refresh (id=e1b5ba1ca41726e45af4018bfaf4c710): Total: 0.006 seconds - Initiated by StopAssetImportingV2(NoUpdateAssetOptions)
Start importing Assets/AreaBattle/Resources/Recovered/Outgame/Sprites/CAB-68a3634b9a99c5a2a10a36b772e4e945_3841003378664186752.png using Guid(dc24b4962dcfbd446a77de7c97348bd4) (TextureImporter) -> (artifact id: '48780201a4e59c3cb7a7a83d3278db6e') in 0.0022912 seconds
Refreshing native plugins compatible for Editor in 0.00 ms, found 0 plugins.
Preloading 0 native plugins for Editor in 0.00 ms.
Asset Pipeline Refresh (id=7ef433e90660a5748b1df23b9555797a): Total: 0.006 seconds - Initiated by StopAssetImportingV2(NoUpdateAssetOptions)
Start importing Assets/AreaBattle/Resources/Recovered/Outgame/Sprites/CAB-68a3634b9a99c5a2a10a36b772e4e945_5809055256516255449.png using Guid(44cb0fb4dbee0a04182511b0daf4d7df) (TextureImporter) -> (artifact id: 'ef9a3e298c8ed5d740a3e5d1d79c8685') in 0.0025666 seconds
Refreshing native plugins compatible for Editor in 0.00 ms, found 0 plugins.
Preloading 0 native plugins for Editor in 0.00 ms.
Asset Pipeline Refresh (id=9007358bc931bfa4faca7781d3c761c7): Total: 0.007 seconds - Initiated by StopAssetImportingV2(NoUpdateAssetOptions)
Start importing Assets/AreaBattle/Resources/Recovered/Outgame/Sprites/CAB-68a3634b9a99c5a2a10a36b772e4e945_5809055256516255449.png using Guid(44cb0fb4dbee0a04182511b0daf4d7df) (TextureImporter) -> (artifact id: 'ef9a3e298c8ed5d740a3e5d1d79c8685') in 0.0021511 seconds
Refreshing native plugins compatible for Editor in 0.00 ms, found 0 plugins.
Preloading 0 native plugins for Editor in 0.00 ms.
Asset Pipeline Refresh (id=5a1f6842b9509a14ea59e756305648bf): Total: 0.006 seconds - Initiated by StopAssetImportingV2(NoUpdateAssetOptions)
Start importing Assets/AreaBattle/Resources/Recovered/Outgame/Sprites/CAB-68a3634b9a99c5a2a10a36b772e4e945_1741807505282529980.png using Guid(80e8de1547cbc8142ad18f24dc464f4b) (TextureImporter) -> (artifact id: '3b8420141f1d4f480e7ed48c26d2bc76') in 0.0021186 seconds
Refreshing native plugins compatible for Editor in 0.00 ms, found 0 plugins.
Preloading 0 native plugins for Editor in 0.00 ms.
Asset Pipeline Refresh (id=979c363b416e3a24d9e304c877b6210d): Total: 0.006 seconds - Initiated by StopAssetImportingV2(NoUpdateAssetOptions)
Start importing Assets/AreaBattle/Resources/Recovered/Outgame/Sprites/CAB-68a3634b9a99c5a2a10a36b772e4e945_1741807505282529980.png using Guid(80e8de1547cbc8142ad18f24dc464f4b) (TextureImporter) -> (artifact id: '3b8420141f1d4f480e7ed48c26d2bc76') in 0.0020017 seconds
Refreshing native plugins compatible for Editor in 0.00 ms, found 0 plugins.
Preloading 0 native plugins for Editor in 0.00 ms.
Asset Pipeline Refresh (id=17a2353a77649404eae877d61089e8d0): Total: 0.006 seconds - Initiated by StopAssetImportingV2(NoUpdateAssetOptions)
Start importing Assets/AreaBattle/Resources/Recovered/Outgame/Sprites/CAB-68a3634b9a99c5a2a10a36b772e4e945_-4555403145378848948.png using Guid(e6c9b1f4237d24142abfd997931cd6b8) (TextureImporter) -> (artifact id: 'fbcec8b3b80768427a29601589b07ade') in 0.0034025 seconds
Refreshing native plugins compatible for Editor in 0.00 ms, found 0 plugins.
Preloading 0 native plugins for Editor in 0.00 ms.
Asset Pipeline Refresh (id=27f106e9d295542479de61e2e2adb69f): Total: 0.007 seconds - Initiated by StopAssetImportingV2(NoUpdateAssetOptions)
Start importing Assets/AreaBattle/Resources/Recovered/Outgame/Sprites/CAB-68a3634b9a99c5a2a10a36b772e4e945_-4555403145378848948.png using Guid(e6c9b1f4237d24142abfd997931cd6b8) (TextureImporter) -> (artifact id: 'fbcec8b3b80768427a29601589b07ade') in 0.0032491 seconds
Refreshing native plugins compatible for Editor in 0.00 ms, found 0 plugins.
Preloading 0 native plugins for Editor in 0.00 ms.
Asset Pipeline Refresh (id=aad0126957661b245b72a28f93e0a6dc): Total: 0.007 seconds - Initiated by StopAssetImportingV2(NoUpdateAssetOptions)
Start importing Assets/AreaBattle/Resources/Recovered/Outgame/Sprites/CAB-68a3634b9a99c5a2a10a36b772e4e945_7575154139968864438.png using Guid(4bb6ee8e6191dcc41a9230f75182c429) (TextureImporter) -> (artifact id: '673761a90b1ad6b9e9ee18ccdc6ed0d4') in 0.0010432 seconds
Refreshing native plugins compatible for Editor in 0.00 ms, found 0 plugins.
Preloading 0 native plugins for Editor in 0.00 ms.
Asset Pipeline Refresh (id=34a40f2986b4af14b9dcb5a6b46b7184): Total: 0.005 seconds - Initiated by StopAssetImportingV2(NoUpdateAssetOptions)
Start importing Assets/AreaBattle/Resources/Recovered/Outgame/Sprites/CAB-68a3634b9a99c5a2a10a36b772e4e945_7575154139968864438.png using Guid(4bb6ee8e6191dcc41a9230f75182c429) (TextureImporter) -> (artifact id: '673761a90b1ad6b9e9ee18ccdc6ed0d4') in 0.0008843 seconds
Refreshing native plugins compatible for Editor in 0.00 ms, found 0 plugins.
Preloading 0 native plugins for Editor in 0.00 ms.
Asset Pipeline Refresh (id=3972e4f2b4ae9e541a240875981df783): Total: 0.005 seconds - Initiated by StopAssetImportingV2(NoUpdateAssetOptions)
Start importing Assets/AreaBattle/Resources/Recovered/Outgame/Sprites/CAB-68a3634b9a99c5a2a10a36b772e4e945_-1876091071912420819.png using Guid(d9d0d3d08ef27474b9cb78829271b465) (TextureImporter) -> (artifact id: 'a1c0de72f8b4656abcda4b80cbffbfc3') in 0.0032161 seconds
Refreshing native plugins compatible for Editor in 0.00 ms, found 0 plugins.
Preloading 0 native plugins for Editor in 0.00 ms.
Asset Pipeline Refresh (id=632d1a8ba0d076148851730a5a40a9b2): Total: 0.007 seconds - Initiated by StopAssetImportingV2(NoUpdateAssetOptions)
Start importing Assets/AreaBattle/Resources/Recovered/Outgame/Sprites/CAB-68a3634b9a99c5a2a10a36b772e4e945_-1876091071912420819.png using Guid(d9d0d3d08ef27474b9cb78829271b465) (TextureImporter) -> (artifact id: 'a1c0de72f8b4656abcda4b80cbffbfc3') in 0.0031445 seconds
Refreshing native plugins compatible for Editor in 0.00 ms, found 0 plugins.
Preloading 0 native plugins for Editor in 0.00 ms.
Asset Pipeline Refresh (id=84a12d122c1ba7049bd1a451060a4602): Total: 0.007 seconds - Initiated by StopAssetImportingV2(NoUpdateAssetOptions)
Start importing Assets/AreaBattle/Resources/Recovered/Outgame/Sprites/CAB-68a3634b9a99c5a2a10a36b772e4e945_-4054470188740975855.png using Guid(ad35257821fe897459fae513cb5fb990) (TextureImporter) -> (artifact id: '65144fe8e17e03c95ad30a666828e4f4') in 0.0034644 seconds
Refreshing native plugins compatible for Editor in 0.00 ms, found 0 plugins.
Preloading 0 native plugins for Editor in 0.00 ms.
Asset Pipeline Refresh (id=6ada85f11a2913a43b942dfeafe62ea8): Total: 0.007 seconds - Initiated by StopAssetImportingV2(NoUpdateAssetOptions)
Start importing Assets/AreaBattle/Resources/Recovered/Outgame/Sprites/CAB-68a3634b9a99c5a2a10a36b772e4e945_-4054470188740975855.png using Guid(ad35257821fe897459fae513cb5fb990) (TextureImporter) -> (artifact id: '65144fe8e17e03c95ad30a666828e4f4') in 0.0034575 seconds
Refreshing native plugins compatible for Editor in 0.00 ms, found 0 plugins.
Preloading 0 native plugins for Editor in 0.00 ms.
Asset Pipeline Refresh (id=619ce4b765a937d47a4fc83cd90fc7f8): Total: 0.007 seconds - Initiated by StopAssetImportingV2(NoUpdateAssetOptions)
Start importing Assets/AreaBattle/Resources/Recovered/Outgame/Sprites/CAB-68a3634b9a99c5a2a10a36b772e4e945_378598764773864009.png using Guid(ead37ab5e5ec39541854fb9b39502346) (TextureImporter) -> (artifact id: '3c60502b15fd797236624c6895e4ebcb') in 0.0022405 seconds
Refreshing native plugins compatible for Editor in 0.00 ms, found 0 plugins.
Preloading 0 native plugins for Editor in 0.00 ms.
Asset Pipeline Refresh (id=ad355b1872b436b478b4455a366b504e): Total: 0.006 seconds - Initiated by StopAssetImportingV2(NoUpdateAssetOptions)
Start importing Assets/AreaBattle/Resources/Recovered/Outgame/Sprites/CAB-68a3634b9a99c5a2a10a36b772e4e945_378598764773864009.png using Guid(ead37ab5e5ec39541854fb9b39502346) (TextureImporter) -> (artifact id: '3c60502b15fd797236624c6895e4ebcb') in 0.0019801 seconds
Refreshing native plugins compatible for Editor in 0.00 ms, found 0 plugins.
Preloading 0 native plugins for Editor in 0.00 ms.
Asset Pipeline Refresh (id=73705cdb8a4f4ae4a98a9d35d40af87a): Total: 0.006 seconds - Initiated by StopAssetImportingV2(NoUpdateAssetOptions)
Start importing Assets/AreaBattle/Resources/Recovered/Outgame/Sprites/CAB-68a3634b9a99c5a2a10a36b772e4e945_2593015141329605810.png using Guid(3afd4f14c83835e47a81485f9b712d48) (TextureImporter) -> (artifact id: 'c21e63d142c8912ba7d82eb329706712') in 0.0020226 seconds
Refreshing native plugins compatible for Editor in 0.00 ms, found 0 plugins.
Preloading 0 native plugins for Editor in 0.00 ms.
Asset Pipeline Refresh (id=ececdbb6704429c4da9827c7a193785c): Total: 0.006 seconds - Initiated by StopAssetImportingV2(NoUpdateAssetOptions)
Start importing Assets/AreaBattle/Resources/Recovered/Outgame/Sprites/CAB-68a3634b9a99c5a2a10a36b772e4e945_2593015141329605810.png using Guid(3afd4f14c83835e47a81485f9b712d48) (TextureImporter) -> (artifact id: 'c21e63d142c8912ba7d82eb329706712') in 0.0019153 seconds
Refreshing native plugins compatible for Editor in 0.00 ms, found 0 plugins.
Preloading 0 native plugins for Editor in 0.00 ms.
Asset Pipeline Refresh (id=5ab06a477b56b204da20e20456294a4a): Total: 0.006 seconds - Initiated by StopAssetImportingV2(NoUpdateAssetOptions)
Start importing Assets/AreaBattle/Resources/Recovered/Outgame/Sprites/CAB-68a3634b9a99c5a2a10a36b772e4e945_3241266111665667693.png using Guid(4f72d5c178410144580b1239d2753799) (TextureImporter) -> (artifact id: '0be9d2c05a605b497143606aacca6c28') in 0.0010924 seconds
Refreshing native plugins compatible for Editor in 0.00 ms, found 0 plugins.
Preloading 0 native plugins for Editor in 0.00 ms.
Asset Pipeline Refresh (id=fd77355727178ee47873306e1f1af49d): Total: 0.005 seconds - Initiated by StopAssetImportingV2(NoUpdateAssetOptions)
Start importing Assets/AreaBattle/Resources/Recovered/Outgame/Sprites/CAB-68a3634b9a99c5a2a10a36b772e4e945_3241266111665667693.png using Guid(4f72d5c178410144580b1239d2753799) (TextureImporter) -> (artifact id: '0be9d2c05a605b497143606aacca6c28') in 0.0009098 seconds
Refreshing native plugins compatible for Editor in 0.00 ms, found 0 plugins.
Preloading 0 native plugins for Editor in 0.00 ms.
Asset Pipeline Refresh (id=6f07234348f45c448a87b5003e5b78f8): Total: 0.005 seconds - Initiated by StopAssetImportingV2(NoUpdateAssetOptions)
Start importing Assets/AreaBattle/Resources/Recovered/Outgame/Sprites/CAB-68a3634b9a99c5a2a10a36b772e4e945_378101818839556220.png using Guid(8514b3d72fde63e4aa339f0972d6af87) (TextureImporter) -> (artifact id: 'ceefa7c3023e24d72d06cbf77a0614f2') in 0.0012695 seconds
Refreshing native plugins compatible for Editor in 0.00 ms, found 0 plugins.
Preloading 0 native plugins for Editor in 0.00 ms.
Asset Pipeline Refresh (id=0bad40087fcab2044a79e550313881db): Total: 0.005 seconds - Initiated by StopAssetImportingV2(NoUpdateAssetOptions)
Start importing Assets/AreaBattle/Resources/Recovered/Outgame/Sprites/CAB-68a3634b9a99c5a2a10a36b772e4e945_378101818839556220.png using Guid(8514b3d72fde63e4aa339f0972d6af87) (TextureImporter) -> (artifact id: 'ceefa7c3023e24d72d06cbf77a0614f2') in 0.0011803 seconds
Refreshing native plugins compatible for Editor in 0.00 ms, found 0 plugins.
Preloading 0 native plugins for Editor in 0.00 ms.
Asset Pipeline Refresh (id=9d733e152ea052e4e8b585af32e5818e): Total: 0.005 seconds - Initiated by StopAssetImportingV2(NoUpdateAssetOptions)
Start importing Assets/AreaBattle/Resources/Recovered/Outgame/Sprites/CAB-68a3634b9a99c5a2a10a36b772e4e945_5450819786949168930.png using Guid(89e6337e2026ceb4091fd71e73795da6) (TextureImporter) -> (artifact id: '68fa9ecb4f94442065b9c93619a037cc') in 0.0022288 seconds
Refreshing native plugins compatible for Editor in 0.00 ms, found 0 plugins.
Preloading 0 native plugins for Editor in 0.00 ms.
Asset Pipeline Refresh (id=ac5046dfc5ed72d47a54469a4457af2f): Total: 0.006 seconds - Initiated by StopAssetImportingV2(NoUpdateAssetOptions)
Start importing Assets/AreaBattle/Resources/Recovered/Outgame/Sprites/CAB-68a3634b9a99c5a2a10a36b772e4e945_5450819786949168930.png using Guid(89e6337e2026ceb4091fd71e73795da6) (TextureImporter) -> (artifact id: '68fa9ecb4f94442065b9c93619a037cc') in 0.0019924 seconds
Refreshing native plugins compatible for Editor in 0.00 ms, found 0 plugins.
Preloading 0 native plugins for Editor in 0.00 ms.
Asset Pipeline Refresh (id=0fe4cd98aaa21744e8ff08e946930f1b): Total: 0.006 seconds - Initiated by StopAssetImportingV2(NoUpdateAssetOptions)
Start importing Assets/AreaBattle/Resources/Recovered/Outgame/Sprites/CAB-68a3634b9a99c5a2a10a36b772e4e945_-7659324119193471886.png using Guid(fb97081e1698cef40884228bb20f98d2) (TextureImporter) -> (artifact id: '279f8a754026fa54a500a9aed04103b4') in 0.0023422 seconds
Refreshing native plugins compatible for Editor in 0.00 ms, found 0 plugins.
Preloading 0 native plugins for Editor in 0.00 ms.
Asset Pipeline Refresh (id=eb1df7b11b7af5f46ab4b082d0ff3928): Total: 0.006 seconds - Initiated by StopAssetImportingV2(NoUpdateAssetOptions)
Start importing Assets/AreaBattle/Resources/Recovered/Outgame/Sprites/CAB-68a3634b9a99c5a2a10a36b772e4e945_-7659324119193471886.png using Guid(fb97081e1698cef40884228bb20f98d2) (TextureImporter) -> (artifact id: '279f8a754026fa54a500a9aed04103b4') in 0.0020223 seconds
Refreshing native plugins compatible for Editor in 0.00 ms, found 0 plugins.
Preloading 0 native plugins for Editor in 0.00 ms.
Asset Pipeline Refresh (id=327361873dd3a754c94434f6d8924812): Total: 0.006 seconds - Initiated by StopAssetImportingV2(NoUpdateAssetOptions)
Start importing Assets/AreaBattle/Resources/Recovered/Outgame/Sprites/CAB-68a3634b9a99c5a2a10a36b772e4e945_864233670361447348.png using Guid(97d27ff6db0fdf44098bf8f2aa476e4f) (TextureImporter) -> (artifact id: '3bb89afa82bce55e273c701bf4f57b0e') in 0.0021202 seconds
Refreshing native plugins compatible for Editor in 0.00 ms, found 0 plugins.
Preloading 0 native plugins for Editor in 0.00 ms.
Asset Pipeline Refresh (id=ed042815dc6635c4d9d6baed85e00b40): Total: 0.006 seconds - Initiated by StopAssetImportingV2(NoUpdateAssetOptions)
Start importing Assets/AreaBattle/Resources/Recovered/Outgame/Sprites/CAB-68a3634b9a99c5a2a10a36b772e4e945_864233670361447348.png using Guid(97d27ff6db0fdf44098bf8f2aa476e4f) (TextureImporter) -> (artifact id: '3bb89afa82bce55e273c701bf4f57b0e') in 0.0018786 seconds
Refreshing native plugins compatible for Editor in 0.00 ms, found 0 plugins.
Preloading 0 native plugins for Editor in 0.00 ms.
Asset Pipeline Refresh (id=f0f128d4e5b60ae4995447c6e7d0648a): Total: 0.006 seconds - Initiated by StopAssetImportingV2(NoUpdateAssetOptions)
Start importing Assets/AreaBattle/Resources/Recovered/Outgame/Sprites/CAB-68a3634b9a99c5a2a10a36b772e4e945_-215119349402305133.png using Guid(97b49e663d973bd42879800b094ee697) (TextureImporter) -> (artifact id: '37de2e76e4853fe67a028cdf5008adf6') in 0.0022212 seconds
Refreshing native plugins compatible for Editor in 0.00 ms, found 0 plugins.
Preloading 0 native plugins for Editor in 0.00 ms.
Asset Pipeline Refresh (id=df5a8756586fd90409632584d9923068): Total: 0.006 seconds - Initiated by StopAssetImportingV2(NoUpdateAssetOptions)
Start importing Assets/AreaBattle/Resources/Recovered/Outgame/Sprites/CAB-68a3634b9a99c5a2a10a36b772e4e945_-215119349402305133.png using Guid(97b49e663d973bd42879800b094ee697) (TextureImporter) -> (artifact id: '37de2e76e4853fe67a028cdf5008adf6') in 0.0020926 seconds
Refreshing native plugins compatible for Editor in 0.00 ms, found 0 plugins.
Preloading 0 native plugins for Editor in 0.00 ms.
Asset Pipeline Refresh (id=3fe3aeecae082444c979ae4c17581035): Total: 0.006 seconds - Initiated by StopAssetImportingV2(NoUpdateAssetOptions)
Start importing Assets/AreaBattle/Resources/Recovered/Outgame/Sprites/CAB-68a3634b9a99c5a2a10a36b772e4e945_3721505923199446787.png using Guid(ac7649d1dc5eeea4093595bd06c170e5) (TextureImporter) -> (artifact id: 'cc0f970cb1528e8fc4a0118ae988d6ab') in 0.0017258 seconds
Refreshing native plugins compatible for Editor in 0.00 ms, found 0 plugins.
Preloading 0 native plugins for Editor in 0.00 ms.
Asset Pipeline Refresh (id=4fb3f3b782e99db42b2523f4c5df70ac): Total: 0.005 seconds - Initiated by StopAssetImportingV2(NoUpdateAssetOptions)
Start importing Assets/AreaBattle/Resources/Recovered/Outgame/Sprites/CAB-68a3634b9a99c5a2a10a36b772e4e945_3721505923199446787.png using Guid(ac7649d1dc5eeea4093595bd06c170e5) (TextureImporter) -> (artifact id: 'cc0f970cb1528e8fc4a0118ae988d6ab') in 0.0016752 seconds
Refreshing native plugins compatible for Editor in 0.00 ms, found 0 plugins.
Preloading 0 native plugins for Editor in 0.00 ms.
Asset Pipeline Refresh (id=a2b6ff220ab64324dbf824b515ab9650): Total: 0.006 seconds - Initiated by StopAssetImportingV2(NoUpdateAssetOptions)
Start importing Assets/AreaBattle/Resources/Recovered/Outgame/Sprites/CAB-68a3634b9a99c5a2a10a36b772e4e945_6036933308872373937.png using Guid(06d5cba077ba66b469b36dedf10853fb) (TextureImporter) -> (artifact id: '90b19a593cb53ce08165d285b9de625a') in 0.0018297 seconds
Refreshing native plugins compatible for Editor in 0.00 ms, found 0 plugins.
Preloading 0 native plugins for Editor in 0.00 ms.
Asset Pipeline Refresh (id=99e71118f05fc4f47868ab8c07e47c74): Total: 0.005 seconds - Initiated by StopAssetImportingV2(NoUpdateAssetOptions)
Start importing Assets/AreaBattle/Resources/Recovered/Outgame/Sprites/CAB-68a3634b9a99c5a2a10a36b772e4e945_6036933308872373937.png using Guid(06d5cba077ba66b469b36dedf10853fb) (TextureImporter) -> (artifact id: '90b19a593cb53ce08165d285b9de625a') in 0.0017401 seconds
Refreshing native plugins compatible for Editor in 0.00 ms, found 0 plugins.
Preloading 0 native plugins for Editor in 0.00 ms.
Asset Pipeline Refresh (id=50a2e1212d3b620499b70901019fe20c): Total: 0.005 seconds - Initiated by StopAssetImportingV2(NoUpdateAssetOptions)
Start importing Assets/AreaBattle/Resources/Recovered/Outgame/Sprites/CAB-68a3634b9a99c5a2a10a36b772e4e945_-8268854209399839647.png using Guid(1bbe877c8e971024ebec9cee7cae2a42) (TextureImporter) -> (artifact id: 'cbf46b7fa45020333f89d4b516a4f8cc') in 0.0017326 seconds
Refreshing native plugins compatible for Editor in 0.00 ms, found 0 plugins.
Preloading 0 native plugins for Editor in 0.00 ms.
Asset Pipeline Refresh (id=3b8f581a939ee6545ba0a108dbe87546): Total: 0.005 seconds - Initiated by StopAssetImportingV2(NoUpdateAssetOptions)
Start importing Assets/AreaBattle/Resources/Recovered/Outgame/Sprites/CAB-68a3634b9a99c5a2a10a36b772e4e945_-8268854209399839647.png using Guid(1bbe877c8e971024ebec9cee7cae2a42) (TextureImporter) -> (artifact id: 'cbf46b7fa45020333f89d4b516a4f8cc') in 0.0016154 seconds
Refreshing native plugins compatible for Editor in 0.00 ms, found 0 plugins.
Preloading 0 native plugins for Editor in 0.00 ms.
Asset Pipeline Refresh (id=ebc2232d509d5d742bdfb617b26e7ee9): Total: 0.005 seconds - Initiated by StopAssetImportingV2(NoUpdateAssetOptions)
Start importing Assets/AreaBattle/Resources/Recovered/Outgame/Sprites/CAB-68a3634b9a99c5a2a10a36b772e4e945_-5159291304696048613.png using Guid(d28fb7dcf0d1fd2498849c94c0868b7d) (TextureImporter) -> (artifact id: 'bfbb77e0ed0a8bd9f7c1efed61b8ea1d') in 0.0013234 seconds
Refreshing native plugins compatible for Editor in 0.00 ms, found 0 plugins.
Preloading 0 native plugins for Editor in 0.00 ms.
Asset Pipeline Refresh (id=29a7f75f11fced740be1ced34d891e9c): Total: 0.005 seconds - Initiated by StopAssetImportingV2(NoUpdateAssetOptions)
Start importing Assets/AreaBattle/Resources/Recovered/Outgame/Sprites/CAB-68a3634b9a99c5a2a10a36b772e4e945_-5159291304696048613.png using Guid(d28fb7dcf0d1fd2498849c94c0868b7d) (TextureImporter) -> (artifact id: 'bfbb77e0ed0a8bd9f7c1efed61b8ea1d') in 0.0011556 seconds
Refreshing native plugins compatible for Editor in 0.00 ms, found 0 plugins.
Preloading 0 native plugins for Editor in 0.00 ms.
Asset Pipeline Refresh (id=30a1dcfb1e703d040ad416c3c52e3621): Total: 0.005 seconds - Initiated by StopAssetImportingV2(NoUpdateAssetOptions)
Start importing Assets/AreaBattle/Resources/Recovered/Outgame/Sprites/CAB-68a3634b9a99c5a2a10a36b772e4e945_-4971279914608531168.png using Guid(70bba2e4fc9d3d54daff0bed39c99b8c) (TextureImporter) -> (artifact id: 'd416e0945a4c2fbdcaf1572517e149ac') in 0.0014761 seconds
Refreshing native plugins compatible for Editor in 0.00 ms, found 0 plugins.
Preloading 0 native plugins for Editor in 0.00 ms.
Asset Pipeline Refresh (id=96eb4882a86974443896463bf50c07c6): Total: 0.005 seconds - Initiated by StopAssetImportingV2(NoUpdateAssetOptions)
Start importing Assets/AreaBattle/Resources/Recovered/Outgame/Sprites/CAB-68a3634b9a99c5a2a10a36b772e4e945_-4971279914608531168.png using Guid(70bba2e4fc9d3d54daff0bed39c99b8c) (TextureImporter) -> (artifact id: 'd416e0945a4c2fbdcaf1572517e149ac') in 0.0014704 seconds
Refreshing native plugins compatible for Editor in 0.00 ms, found 0 plugins.
Preloading 0 native plugins for Editor in 0.00 ms.
Asset Pipeline Refresh (id=2c8a9077a55decf4891c84eb695602e8): Total: 0.005 seconds - Initiated by StopAssetImportingV2(NoUpdateAssetOptions)
Start importing Assets/AreaBattle/Resources/Recovered/Outgame/Sprites/CAB-68a3634b9a99c5a2a10a36b772e4e945_7552541131183963408.png using Guid(69616ff5159a4844bac2633ad26efe8e) (TextureImporter) -> (artifact id: '2b455f2abc8bbd8ea7788502ac0216bc') in 0.0018112 seconds
Refreshing native plugins compatible for Editor in 0.00 ms, found 0 plugins.
Preloading 0 native plugins for Editor in 0.00 ms.
Asset Pipeline Refresh (id=a6cb334884540a943a0dd45ead587b9b): Total: 0.005 seconds - Initiated by StopAssetImportingV2(NoUpdateAssetOptions)
Start importing Assets/AreaBattle/Resources/Recovered/Outgame/Sprites/CAB-68a3634b9a99c5a2a10a36b772e4e945_7552541131183963408.png using Guid(69616ff5159a4844bac2633ad26efe8e) (TextureImporter) -> (artifact id: '2b455f2abc8bbd8ea7788502ac0216bc') in 0.0016825 seconds
Refreshing native plugins compatible for Editor in 0.00 ms, found 0 plugins.
Preloading 0 native plugins for Editor in 0.00 ms.
Asset Pipeline Refresh (id=eef4bd542ee314f4f936c77edaa385d2): Total: 0.005 seconds - Initiated by StopAssetImportingV2(NoUpdateAssetOptions)
Start importing Assets/AreaBattle/Resources/Recovered/Outgame/Sprites/CAB-68a3634b9a99c5a2a10a36b772e4e945_3403665462750451336.png using Guid(0cd069db6a76c9f4084d16fd77adfa10) (TextureImporter) -> (artifact id: 'bc0912568ad400b05c16d22d6516990a') in 0.0020301 seconds
Refreshing native plugins compatible for Editor in 0.00 ms, found 0 plugins.
Preloading 0 native plugins for Editor in 0.00 ms.
Asset Pipeline Refresh (id=69e34e3c59fc84249a896c9ffed94a43): Total: 0.006 seconds - Initiated by StopAssetImportingV2(NoUpdateAssetOptions)
Start importing Assets/AreaBattle/Resources/Recovered/Outgame/Sprites/CAB-68a3634b9a99c5a2a10a36b772e4e945_3403665462750451336.png using Guid(0cd069db6a76c9f4084d16fd77adfa10) (TextureImporter) -> (artifact id: 'bc0912568ad400b05c16d22d6516990a') in 0.0017726 seconds
Refreshing native plugins compatible for Editor in 0.00 ms, found 0 plugins.
Preloading 0 native plugins for Editor in 0.00 ms.
Asset Pipeline Refresh (id=4e8e039f231c46b429151f43ba5f1a8d): Total: 0.005 seconds - Initiated by StopAssetImportingV2(NoUpdateAssetOptions)
Start importing Assets/AreaBattle/Resources/Recovered/Outgame/Sprites/CAB-68a3634b9a99c5a2a10a36b772e4e945_-3811664915477073136.png using Guid(684059d7e5797bd4384f8c039fcc9db1) (TextureImporter) -> (artifact id: '1df772ff81eb2f6fe3fe2199283ef99a') in 0.0021193 seconds
Refreshing native plugins compatible for Editor in 0.00 ms, found 0 plugins.
Preloading 0 native plugins for Editor in 0.00 ms.
Asset Pipeline Refresh (id=ef7711b273c3531418c2adf0a8f842c7): Total: 0.006 seconds - Initiated by StopAssetImportingV2(NoUpdateAssetOptions)
Start importing Assets/AreaBattle/Resources/Recovered/Outgame/Sprites/CAB-68a3634b9a99c5a2a10a36b772e4e945_-3811664915477073136.png using Guid(684059d7e5797bd4384f8c039fcc9db1) (TextureImporter) -> (artifact id: '1df772ff81eb2f6fe3fe2199283ef99a') in 0.0019033 seconds
Refreshing native plugins compatible for Editor in 0.00 ms, found 0 plugins.
Preloading 0 native plugins for Editor in 0.00 ms.
Asset Pipeline Refresh (id=c127b716a12557d4f8007f3df179de09): Total: 0.006 seconds - Initiated by StopAssetImportingV2(NoUpdateAssetOptions)
Start importing Assets/AreaBattle/Resources/Recovered/Outgame/Sprites/CAB-68a3634b9a99c5a2a10a36b772e4e945_-4322731864224811946.png using Guid(cb9dd6f722f76a940b8026af5a25eb73) (TextureImporter) -> (artifact id: '8959fe119e14d1c9bb9da7a928bb85ba') in 0.0020184 seconds
Refreshing native plugins compatible for Editor in 0.00 ms, found 0 plugins.
Preloading 0 native plugins for Editor in 0.00 ms.
Asset Pipeline Refresh (id=71aaa1e790c43b54c98b3032c3c8024a): Total: 0.006 seconds - Initiated by StopAssetImportingV2(NoUpdateAssetOptions)
Start importing Assets/AreaBattle/Resources/Recovered/Outgame/Sprites/CAB-68a3634b9a99c5a2a10a36b772e4e945_-4322731864224811946.png using Guid(cb9dd6f722f76a940b8026af5a25eb73) (TextureImporter) -> (artifact id: '8959fe119e14d1c9bb9da7a928bb85ba') in 0.0018823 seconds
Refreshing native plugins compatible for Editor in 0.00 ms, found 0 plugins.
Preloading 0 native plugins for Editor in 0.00 ms.
Asset Pipeline Refresh (id=e216ac0b915b62f4a9b6427df439a702): Total: 0.006 seconds - Initiated by StopAssetImportingV2(NoUpdateAssetOptions)
Start importing Assets/AreaBattle/Resources/Recovered/Outgame/Sprites/CAB-68a3634b9a99c5a2a10a36b772e4e945_5717087075749903458.png using Guid(8301644ca23dc7a478bcfe5c7c47035c) (TextureImporter) -> (artifact id: 'ebd50aadc6dc63c01eedf928e78c7f38') in 0.0017231 seconds
Refreshing native plugins compatible for Editor in 0.00 ms, found 0 plugins.
Preloading 0 native plugins for Editor in 0.00 ms.
Asset Pipeline Refresh (id=af2ac3fd67933f149bc77258eccff874): Total: 0.005 seconds - Initiated by StopAssetImportingV2(NoUpdateAssetOptions)
Start importing Assets/AreaBattle/Resources/Recovered/Outgame/Sprites/CAB-68a3634b9a99c5a2a10a36b772e4e945_5717087075749903458.png using Guid(8301644ca23dc7a478bcfe5c7c47035c) (TextureImporter) -> (artifact id: 'ebd50aadc6dc63c01eedf928e78c7f38') in 0.0016073 seconds
Refreshing native plugins compatible for Editor in 0.00 ms, found 0 plugins.
Preloading 0 native plugins for Editor in 0.00 ms.
Asset Pipeline Refresh (id=78c8a067df41c6641bfe4fd8f747bb6c): Total: 0.005 seconds - Initiated by StopAssetImportingV2(NoUpdateAssetOptions)
Start importing Assets/AreaBattle/Resources/Recovered/Outgame/Sprites/CAB-68a3634b9a99c5a2a10a36b772e4e945_-7128104167923467825.png using Guid(e674972eec5fc8542aa5ab22f989ae14) (TextureImporter) -> (artifact id: '3da96f8f860e0d2142662357bed0b97d') in 0.0014177 seconds
Refreshing native plugins compatible for Editor in 0.00 ms, found 0 plugins.
Preloading 0 native plugins for Editor in 0.00 ms.
Asset Pipeline Refresh (id=6ea9c0431a8969d4c97f3e6b250f880d): Total: 0.005 seconds - Initiated by StopAssetImportingV2(NoUpdateAssetOptions)
Start importing Assets/AreaBattle/Resources/Recovered/Outgame/Sprites/CAB-68a3634b9a99c5a2a10a36b772e4e945_-7128104167923467825.png using Guid(e674972eec5fc8542aa5ab22f989ae14) (TextureImporter) -> (artifact id: '3da96f8f860e0d2142662357bed0b97d') in 0.0012647 seconds
Refreshing native plugins compatible for Editor in 0.00 ms, found 0 plugins.
Preloading 0 native plugins for Editor in 0.00 ms.
Asset Pipeline Refresh (id=dbeea9cf03b960d41946c0608c424c72): Total: 0.005 seconds - Initiated by StopAssetImportingV2(NoUpdateAssetOptions)
Start importing Assets/AreaBattle/Resources/Recovered/Outgame/Sprites/CAB-68a3634b9a99c5a2a10a36b772e4e945_3639792147345486873.png using Guid(ede5290172a1a134d84ecacb1f389696) (TextureImporter) -> (artifact id: '2bf1c049d115ddb3f1ce391831b260e0') in 0.0019269 seconds
Refreshing native plugins compatible for Editor in 0.00 ms, found 0 plugins.
Preloading 0 native plugins for Editor in 0.00 ms.
Asset Pipeline Refresh (id=e92f70e1eddffba47b3c34b161de7d7f): Total: 0.005 seconds - Initiated by StopAssetImportingV2(NoUpdateAssetOptions)
Start importing Assets/AreaBattle/Resources/Recovered/Outgame/Sprites/CAB-68a3634b9a99c5a2a10a36b772e4e945_3639792147345486873.png using Guid(ede5290172a1a134d84ecacb1f389696) (TextureImporter) -> (artifact id: '2bf1c049d115ddb3f1ce391831b260e0') in 0.0017561 seconds
Refreshing native plugins compatible for Editor in 0.00 ms, found 0 plugins.
Preloading 0 native plugins for Editor in 0.00 ms.
Asset Pipeline Refresh (id=5544d983fa5c37b4e85fab8cc9714a83): Total: 0.005 seconds - Initiated by StopAssetImportingV2(NoUpdateAssetOptions)
Start importing Assets/AreaBattle/Resources/Recovered/Outgame/Sprites/CAB-68a3634b9a99c5a2a10a36b772e4e945_-947968453071298220.png using Guid(0af8d0be3a556694baf90190a57f38aa) (TextureImporter) -> (artifact id: '794d520ddacd83e1b250cca7c536f7c8') in 0.0017698 seconds
Refreshing native plugins compatible for Editor in 0.00 ms, found 0 plugins.
Preloading 0 native plugins for Editor in 0.00 ms.
Asset Pipeline Refresh (id=2228cf3c299f58440a07cbe07230dad7): Total: 0.005 seconds - Initiated by StopAssetImportingV2(NoUpdateAssetOptions)
Start importing Assets/AreaBattle/Resources/Recovered/Outgame/Sprites/CAB-68a3634b9a99c5a2a10a36b772e4e945_-947968453071298220.png using Guid(0af8d0be3a556694baf90190a57f38aa) (TextureImporter) -> (artifact id: '794d520ddacd83e1b250cca7c536f7c8') in 0.0015952 seconds
Refreshing native plugins compatible for Editor in 0.00 ms, found 0 plugins.
Preloading 0 native plugins for Editor in 0.00 ms.
Asset Pipeline Refresh (id=6706c51ecdbd9254a868f2da22c902f8): Total: 0.005 seconds - Initiated by StopAssetImportingV2(NoUpdateAssetOptions)
Start importing Assets/AreaBattle/Resources/Recovered/Outgame/Sprites/CAB-68a3634b9a99c5a2a10a36b772e4e945_-7552916471266992501.png using Guid(806f8b3fae30edf4291c51f387fdd859) (TextureImporter) -> (artifact id: '23961feaf79d879c4a8cce78b330ffa4') in 0.0022043 seconds
Refreshing native plugins compatible for Editor in 0.00 ms, found 0 plugins.
Preloading 0 native plugins for Editor in 0.00 ms.
Asset Pipeline Refresh (id=8c104248c063a684ebc650306b63bc88): Total: 0.006 seconds - Initiated by StopAssetImportingV2(NoUpdateAssetOptions)
Start importing Assets/AreaBattle/Resources/Recovered/Outgame/Sprites/CAB-68a3634b9a99c5a2a10a36b772e4e945_-7552916471266992501.png using Guid(806f8b3fae30edf4291c51f387fdd859) (TextureImporter) -> (artifact id: '23961feaf79d879c4a8cce78b330ffa4') in 0.0020047 seconds
Refreshing native plugins compatible for Editor in 0.00 ms, found 0 plugins.
Preloading 0 native plugins for Editor in 0.00 ms.
Asset Pipeline Refresh (id=e98fc0fd7767c3744a226458fdef3774): Total: 0.006 seconds - Initiated by StopAssetImportingV2(NoUpdateAssetOptions)
Start importing Assets/AreaBattle/Resources/Recovered/Outgame/Sprites/CAB-68a3634b9a99c5a2a10a36b772e4e945_1039093117671376833.png using Guid(256a3155e9ddeb8438af8550e48d86b3) (TextureImporter) -> (artifact id: 'bbc273b5434c94d619325e44ff9f2a40') in 0.0043506 seconds
Refreshing native plugins compatible for Editor in 0.00 ms, found 0 plugins.
Preloading 0 native plugins for Editor in 0.00 ms.
Asset Pipeline Refresh (id=374003ccdda8d604096c44a9b88d8a9a): Total: 0.008 seconds - Initiated by StopAssetImportingV2(NoUpdateAssetOptions)
Start importing Assets/AreaBattle/Resources/Recovered/Outgame/Sprites/CAB-68a3634b9a99c5a2a10a36b772e4e945_1039093117671376833.png using Guid(256a3155e9ddeb8438af8550e48d86b3) (TextureImporter) -> (artifact id: 'bbc273b5434c94d619325e44ff9f2a40') in 0.0042195 seconds
Refreshing native plugins compatible for Editor in 0.00 ms, found 0 plugins.
Preloading 0 native plugins for Editor in 0.00 ms.
Asset Pipeline Refresh (id=af5c8d88bcfe5fd47b4c8b31ff5d3889): Total: 0.008 seconds - Initiated by StopAssetImportingV2(NoUpdateAssetOptions)
Start importing Assets/AreaBattle/Resources/Recovered/Outgame/Sprites/CAB-68a3634b9a99c5a2a10a36b772e4e945_-1334273524089670153.png using Guid(79f4e96861b1cf64589f2e8f979616cb) (TextureImporter) -> (artifact id: '33e3e5c8777a370277c58689e3101b34') in 0.0011157 seconds
Refreshing native plugins compatible for Editor in 0.00 ms, found 0 plugins.
Preloading 0 native plugins for Editor in 0.00 ms.
Asset Pipeline Refresh (id=1357bd258ec0523499aebb1cc0fb191e): Total: 0.005 seconds - Initiated by StopAssetImportingV2(NoUpdateAssetOptions)
Start importing Assets/AreaBattle/Resources/Recovered/Outgame/Sprites/CAB-68a3634b9a99c5a2a10a36b772e4e945_-1334273524089670153.png using Guid(79f4e96861b1cf64589f2e8f979616cb) (TextureImporter) -> (artifact id: '33e3e5c8777a370277c58689e3101b34') in 0.0009465 seconds
Refreshing native plugins compatible for Editor in 0.00 ms, found 0 plugins.
Preloading 0 native plugins for Editor in 0.00 ms.
Asset Pipeline Refresh (id=952c45bc649319c47ba1122c4b93ab2c): Total: 0.005 seconds - Initiated by StopAssetImportingV2(NoUpdateAssetOptions)
Start importing Assets/AreaBattle/Resources/Recovered/Outgame/Sprites/CAB-68a3634b9a99c5a2a10a36b772e4e945_7415029052608284052.png using Guid(a3f30cf5b99a9be44bbb4c941cf8a3f3) (TextureImporter) -> (artifact id: '29c742dde7eeb6efbe334c4296e81b0c') in 0.0039979 seconds
Refreshing native plugins compatible for Editor in 0.00 ms, found 0 plugins.
Preloading 0 native plugins for Editor in 0.00 ms.
Asset Pipeline Refresh (id=6992f367e35388441bd3ab0c8b68e30a): Total: 0.007 seconds - Initiated by StopAssetImportingV2(NoUpdateAssetOptions)
Start importing Assets/AreaBattle/Resources/Recovered/Outgame/Sprites/CAB-68a3634b9a99c5a2a10a36b772e4e945_7415029052608284052.png using Guid(a3f30cf5b99a9be44bbb4c941cf8a3f3) (TextureImporter) -> (artifact id: '29c742dde7eeb6efbe334c4296e81b0c') in 0.0038101 seconds
Refreshing native plugins compatible for Editor in 0.00 ms, found 0 plugins.
Preloading 0 native plugins for Editor in 0.00 ms.
Asset Pipeline Refresh (id=bdc524502f31dcc479c1c734adb39ac0): Total: 0.007 seconds - Initiated by StopAssetImportingV2(NoUpdateAssetOptions)
Start importing Assets/AreaBattle/Resources/Recovered/Outgame/Sprites/CAB-68a3634b9a99c5a2a10a36b772e4e945_-1327541794178865016.png using Guid(224a27c465b52ec4bad31111f83766ae) (TextureImporter) -> (artifact id: 'e124d5c9338e130483cc2913c2249b0e') in 0.0020493 seconds
Refreshing native plugins compatible for Editor in 0.00 ms, found 0 plugins.
Preloading 0 native plugins for Editor in 0.00 ms.
Asset Pipeline Refresh (id=3f1cc0a396a16834eb654502e9bafcec): Total: 0.006 seconds - Initiated by StopAssetImportingV2(NoUpdateAssetOptions)
Start importing Assets/AreaBattle/Resources/Recovered/Outgame/Sprites/CAB-68a3634b9a99c5a2a10a36b772e4e945_-1327541794178865016.png using Guid(224a27c465b52ec4bad31111f83766ae) (TextureImporter) -> (artifact id: 'e124d5c9338e130483cc2913c2249b0e') in 0.0018649 seconds
Refreshing native plugins compatible for Editor in 0.00 ms, found 0 plugins.
Preloading 0 native plugins for Editor in 0.00 ms.
Asset Pipeline Refresh (id=79ae031b444bcf948ac1f968e81b26b7): Total: 0.006 seconds - Initiated by StopAssetImportingV2(NoUpdateAssetOptions)
Start importing Assets/AreaBattle/Resources/Recovered/Outgame/Sprites/CAB-68a3634b9a99c5a2a10a36b772e4e945_1398600922758705203.png using Guid(c72445120e0e93c41b5f2d2a19242b32) (TextureImporter) -> (artifact id: 'e7df1fb736ff5624e0b282c1d7f079b6') in 0.0010566 seconds
Refreshing native plugins compatible for Editor in 0.00 ms, found 0 plugins.
Preloading 0 native plugins for Editor in 0.00 ms.
Asset Pipeline Refresh (id=718992d9b7a41fd408739e3d4db701ba): Total: 0.004 seconds - Initiated by StopAssetImportingV2(NoUpdateAssetOptions)
Start importing Assets/AreaBattle/Resources/Recovered/Outgame/Sprites/CAB-68a3634b9a99c5a2a10a36b772e4e945_1398600922758705203.png using Guid(c72445120e0e93c41b5f2d2a19242b32) (TextureImporter) -> (artifact id: 'e7df1fb736ff5624e0b282c1d7f079b6') in 0.0010079 seconds
Refreshing native plugins compatible for Editor in 0.00 ms, found 0 plugins.
Preloading 0 native plugins for Editor in 0.00 ms.
Asset Pipeline Refresh (id=01aa8f2f9dacae64d9873586aa9b565e): Total: 0.005 seconds - Initiated by StopAssetImportingV2(NoUpdateAssetOptions)
Start importing Assets/AreaBattle/Resources/Recovered/Outgame/Sprites/CAB-68a3634b9a99c5a2a10a36b772e4e945_7216579244126509952.png using Guid(111f0872b8cec5b48847ee8b51130326) (TextureImporter) -> (artifact id: '0e24503e1fd02d19e348a0dfd3df63f3') in 0.002147 seconds
Refreshing native plugins compatible for Editor in 0.00 ms, found 0 plugins.
Preloading 0 native plugins for Editor in 0.00 ms.
Asset Pipeline Refresh (id=ad1c6e596798a7245b3685a8e513bea0): Total: 0.006 seconds - Initiated by StopAssetImportingV2(NoUpdateAssetOptions)
Start importing Assets/AreaBattle/Resources/Recovered/Outgame/Sprites/CAB-68a3634b9a99c5a2a10a36b772e4e945_7216579244126509952.png using Guid(111f0872b8cec5b48847ee8b51130326) (TextureImporter) -> (artifact id: '0e24503e1fd02d19e348a0dfd3df63f3') in 0.002104 seconds
Refreshing native plugins compatible for Editor in 0.00 ms, found 0 plugins.
Preloading 0 native plugins for Editor in 0.00 ms.
Asset Pipeline Refresh (id=8720b837b8766514881a67be56cf5b51): Total: 0.006 seconds - Initiated by StopAssetImportingV2(NoUpdateAssetOptions)
Start importing Assets/AreaBattle/Resources/Recovered/Outgame/Sprites/CAB-68a3634b9a99c5a2a10a36b772e4e945_-5022608720618937171.png using Guid(282b73abbff5d144a971254370eebe34) (TextureImporter) -> (artifact id: 'c299616bacf78cc3a56ffa8a57f6845f') in 0.0021119 seconds
Refreshing native plugins compatible for Editor in 0.00 ms, found 0 plugins.
Preloading 0 native plugins for Editor in 0.00 ms.
Asset Pipeline Refresh (id=84ab2fb8981416a41baf8836cbcec64a): Total: 0.006 seconds - Initiated by StopAssetImportingV2(NoUpdateAssetOptions)
Start importing Assets/AreaBattle/Resources/Recovered/Outgame/Sprites/CAB-68a3634b9a99c5a2a10a36b772e4e945_-5022608720618937171.png using Guid(282b73abbff5d144a971254370eebe34) (TextureImporter) -> (artifact id: 'c299616bacf78cc3a56ffa8a57f6845f') in 0.001889 seconds
Refreshing native plugins compatible for Editor in 0.00 ms, found 0 plugins.
Preloading 0 native plugins for Editor in 0.00 ms.
Asset Pipeline Refresh (id=84e8228e8bcd3cc4a887c470c514ea65): Total: 0.006 seconds - Initiated by StopAssetImportingV2(NoUpdateAssetOptions)
Start importing Assets/AreaBattle/Resources/Recovered/Outgame/Sprites/CAB-f0f8d5b2fe4fc0f1a8885e70e42a8501_6431201894830666966.png using Guid(2887dc88ef1a7bb4a8f4747c6b430912) (TextureImporter) -> (artifact id: '80f1c4b4eaf222d8c2e53ecd0be2c139') in 0.0011593 seconds
Refreshing native plugins compatible for Editor in 0.00 ms, found 0 plugins.
Preloading 0 native plugins for Editor in 0.00 ms.
Asset Pipeline Refresh (id=9782428d2731eae4e8c69564112a211b): Total: 0.005 seconds - Initiated by StopAssetImportingV2(NoUpdateAssetOptions)
Start importing Assets/AreaBattle/Resources/Recovered/Outgame/Sprites/CAB-f0f8d5b2fe4fc0f1a8885e70e42a8501_6431201894830666966.png using Guid(2887dc88ef1a7bb4a8f4747c6b430912) (TextureImporter) -> (artifact id: '80f1c4b4eaf222d8c2e53ecd0be2c139') in 0.0010156 seconds
Refreshing native plugins compatible for Editor in 0.00 ms, found 0 plugins.
Preloading 0 native plugins for Editor in 0.00 ms.
Asset Pipeline Refresh (id=094b2f0ed72b1c9429378c6e4b38ced2): Total: 0.005 seconds - Initiated by StopAssetImportingV2(NoUpdateAssetOptions)
Start importing Assets/AreaBattle/Resources/Recovered/Outgame/Sprites/CAB-f0f8d5b2fe4fc0f1a8885e70e42a8501_-3313097421019586755.png using Guid(09517a242840b3f419850b2c6009c9f4) (TextureImporter) -> (artifact id: '0cedd519850bcedfce4321ddb6ee6223') in 0.0022193 seconds
Refreshing native plugins compatible for Editor in 0.00 ms, found 0 plugins.
Preloading 0 native plugins for Editor in 0.00 ms.
Asset Pipeline Refresh (id=b2c0ebaaf8ff01a449df2f57d4ffa962): Total: 0.006 seconds - Initiated by StopAssetImportingV2(NoUpdateAssetOptions)
Start importing Assets/AreaBattle/Resources/Recovered/Outgame/Sprites/CAB-f0f8d5b2fe4fc0f1a8885e70e42a8501_-3313097421019586755.png using Guid(09517a242840b3f419850b2c6009c9f4) (TextureImporter) -> (artifact id: '0cedd519850bcedfce4321ddb6ee6223') in 0.0022836 seconds
Refreshing native plugins compatible for Editor in 0.00 ms, found 0 plugins.
Preloading 0 native plugins for Editor in 0.00 ms.
Asset Pipeline Refresh (id=9c7ae7dbd84fc794bb1546b1a02240c5): Total: 0.006 seconds - Initiated by StopAssetImportingV2(NoUpdateAssetOptions)
Start importing Assets/AreaBattle/Resources/Recovered/Outgame/Sprites/CAB-68a3634b9a99c5a2a10a36b772e4e945_3366574577895424171.png using Guid(8daa88c336093f848993d837b97a9ef1) (TextureImporter) -> (artifact id: '1b486af720473120404ae2c55fbf57d6') in 0.0014341 seconds
Refreshing native plugins compatible for Editor in 0.00 ms, found 0 plugins.
Preloading 0 native plugins for Editor in 0.00 ms.
Asset Pipeline Refresh (id=b08825edb75cf5d45a018c4efb9f4f0a): Total: 0.005 seconds - Initiated by StopAssetImportingV2(NoUpdateAssetOptions)
Start importing Assets/AreaBattle/Resources/Recovered/Outgame/Sprites/CAB-68a3634b9a99c5a2a10a36b772e4e945_3366574577895424171.png using Guid(8daa88c336093f848993d837b97a9ef1) (TextureImporter) -> (artifact id: '1b486af720473120404ae2c55fbf57d6') in 0.0012156 seconds
Refreshing native plugins compatible for Editor in 0.00 ms, found 0 plugins.
Preloading 0 native plugins for Editor in 0.00 ms.
Asset Pipeline Refresh (id=5634acddac125444d9dcb21af2daa455): Total: 0.005 seconds - Initiated by StopAssetImportingV2(NoUpdateAssetOptions)
Start importing Assets/AreaBattle/Resources/Recovered/Outgame/Sprites/CAB-f0f8d5b2fe4fc0f1a8885e70e42a8501_-2320101112833093935.png using Guid(5f5b043b1d9a8d54593b355ba3e20e44) (TextureImporter) -> (artifact id: '943a70464cace822decea25bb96a46dd') in 0.0013392 seconds
Refreshing native plugins compatible for Editor in 0.00 ms, found 0 plugins.
Preloading 0 native plugins for Editor in 0.00 ms.
Asset Pipeline Refresh (id=50f490b7ed5de6d408559aa1151e812c): Total: 0.005 seconds - Initiated by StopAssetImportingV2(NoUpdateAssetOptions)
Start importing Assets/AreaBattle/Resources/Recovered/Outgame/Sprites/CAB-f0f8d5b2fe4fc0f1a8885e70e42a8501_-2320101112833093935.png using Guid(5f5b043b1d9a8d54593b355ba3e20e44) (TextureImporter) -> (artifact id: '943a70464cace822decea25bb96a46dd') in 0.0009872 seconds
Refreshing native plugins compatible for Editor in 0.00 ms, found 0 plugins.
Preloading 0 native plugins for Editor in 0.00 ms.
Asset Pipeline Refresh (id=bf13d82192ab7ed4a90f83310015b93a): Total: 0.005 seconds - Initiated by StopAssetImportingV2(NoUpdateAssetOptions)
Start importing Assets/AreaBattle/Resources/Recovered/Outgame/Sprites/CAB-f0f8d5b2fe4fc0f1a8885e70e42a8501_-2051852787592275987.png using Guid(aa7c09c218e056b4fa5b1378dc696ff6) (TextureImporter) -> (artifact id: 'c737be4a9a5c71eca87a66b4b1af1a65') in 0.0015572 seconds
Refreshing native plugins compatible for Editor in 0.00 ms, found 0 plugins.
Preloading 0 native plugins for Editor in 0.00 ms.
Asset Pipeline Refresh (id=036944de035fa1d439711e00b85cdd31): Total: 0.005 seconds - Initiated by StopAssetImportingV2(NoUpdateAssetOptions)
Start importing Assets/AreaBattle/Resources/Recovered/Outgame/Sprites/CAB-f0f8d5b2fe4fc0f1a8885e70e42a8501_-2051852787592275987.png using Guid(aa7c09c218e056b4fa5b1378dc696ff6) (TextureImporter) -> (artifact id: 'c737be4a9a5c71eca87a66b4b1af1a65') in 0.0013724 seconds
Refreshing native plugins compatible for Editor in 0.00 ms, found 0 plugins.
Preloading 0 native plugins for Editor in 0.00 ms.
Asset Pipeline Refresh (id=d6dad90cc6155f143be7947624aa7a3d): Total: 0.005 seconds - Initiated by StopAssetImportingV2(NoUpdateAssetOptions)
Start importing Assets/AreaBattle/Resources/Recovered/Outgame/Sprites/CAB-f0f8d5b2fe4fc0f1a8885e70e42a8501_-8815077990741698023.png using Guid(4d86a7a9301d17b42b9f44c60f7de944) (TextureImporter) -> (artifact id: '850c3601bf92d95ba856b29c95b3d8db') in 0.0011338 seconds
Refreshing native plugins compatible for Editor in 0.00 ms, found 0 plugins.
Preloading 0 native plugins for Editor in 0.00 ms.
Asset Pipeline Refresh (id=2a941784a5179a44b853974ff9e4066c): Total: 0.005 seconds - Initiated by StopAssetImportingV2(NoUpdateAssetOptions)
Start importing Assets/AreaBattle/Resources/Recovered/Outgame/Sprites/CAB-f0f8d5b2fe4fc0f1a8885e70e42a8501_-8815077990741698023.png using Guid(4d86a7a9301d17b42b9f44c60f7de944) (TextureImporter) -> (artifact id: '850c3601bf92d95ba856b29c95b3d8db') in 0.0011111 seconds
Refreshing native plugins compatible for Editor in 0.00 ms, found 0 plugins.
Preloading 0 native plugins for Editor in 0.00 ms.
Asset Pipeline Refresh (id=97b114107e82ed64dbed4f95c5562fa6): Total: 0.005 seconds - Initiated by StopAssetImportingV2(NoUpdateAssetOptions)
Start importing Assets/AreaBattle/Resources/Recovered/Outgame/Sprites/CAB-f0f8d5b2fe4fc0f1a8885e70e42a8501_7515635854229440057.png using Guid(1c40a75c1bb4253419447d019541ac98) (TextureImporter) -> (artifact id: 'f7452420550169fd5c3709fb6681dd5c') in 0.0014331 seconds
Refreshing native plugins compatible for Editor in 0.00 ms, found 0 plugins.
Preloading 0 native plugins for Editor in 0.00 ms.
Asset Pipeline Refresh (id=60f6519295bad4a468ff4b33225c6628): Total: 0.005 seconds - Initiated by StopAssetImportingV2(NoUpdateAssetOptions)
Start importing Assets/AreaBattle/Resources/Recovered/Outgame/Sprites/CAB-f0f8d5b2fe4fc0f1a8885e70e42a8501_7515635854229440057.png using Guid(1c40a75c1bb4253419447d019541ac98) (TextureImporter) -> (artifact id: 'f7452420550169fd5c3709fb6681dd5c') in 0.00136 seconds
Refreshing native plugins compatible for Editor in 0.00 ms, found 0 plugins.
Preloading 0 native plugins for Editor in 0.00 ms.
Asset Pipeline Refresh (id=60aea906383c5944b99f1f86b999dc4f): Total: 0.006 seconds - Initiated by StopAssetImportingV2(NoUpdateAssetOptions)
Start importing Assets/AreaBattle/Resources/Recovered/Outgame/Sprites/CAB-f0f8d5b2fe4fc0f1a8885e70e42a8501_41397532161224530.png using Guid(09db565243df1794f89edcf0990bec07) (TextureImporter) -> (artifact id: '23025a50d34f6ebc5842d480aa7fac77') in 0.0021259 seconds
Refreshing native plugins compatible for Editor in 0.00 ms, found 0 plugins.
Preloading 0 native plugins for Editor in 0.00 ms.
Asset Pipeline Refresh (id=67432eb75b538b84d8a9e9fcd0b2dabc): Total: 0.006 seconds - Initiated by StopAssetImportingV2(NoUpdateAssetOptions)
Start importing Assets/AreaBattle/Resources/Recovered/Outgame/Sprites/CAB-f0f8d5b2fe4fc0f1a8885e70e42a8501_41397532161224530.png using Guid(09db565243df1794f89edcf0990bec07) (TextureImporter) -> (artifact id: '23025a50d34f6ebc5842d480aa7fac77') in 0.0018026 seconds
Refreshing native plugins compatible for Editor in 0.00 ms, found 0 plugins.
Preloading 0 native plugins for Editor in 0.00 ms.
Asset Pipeline Refresh (id=69142a37e7b98c24aaddaae3fb57a97d): Total: 0.006 seconds - Initiated by StopAssetImportingV2(NoUpdateAssetOptions)
Start importing Assets/AreaBattle/Resources/Recovered/Outgame/Sprites/CAB-f0f8d5b2fe4fc0f1a8885e70e42a8501_-7284029749908888299.png using Guid(b755233a76c45c04bbee3f78c5c87908) (TextureImporter) -> (artifact id: 'e380177ff827cce3f90bfc7ffd15b446') in 0.0010055 seconds
Refreshing native plugins compatible for Editor in 0.00 ms, found 0 plugins.
Preloading 0 native plugins for Editor in 0.00 ms.
Asset Pipeline Refresh (id=57a3d76980fe73c4e8c37871ca181590): Total: 0.005 seconds - Initiated by StopAssetImportingV2(NoUpdateAssetOptions)
Start importing Assets/AreaBattle/Resources/Recovered/Outgame/Sprites/CAB-f0f8d5b2fe4fc0f1a8885e70e42a8501_-7284029749908888299.png using Guid(b755233a76c45c04bbee3f78c5c87908) (TextureImporter) -> (artifact id: 'e380177ff827cce3f90bfc7ffd15b446') in 0.000878 seconds
Refreshing native plugins compatible for Editor in 0.00 ms, found 0 plugins.
Preloading 0 native plugins for Editor in 0.00 ms.
Asset Pipeline Refresh (id=c1142ffb97650424486a44f7d3d174c9): Total: 0.005 seconds - Initiated by StopAssetImportingV2(NoUpdateAssetOptions)
Start importing Assets/AreaBattle/Resources/Recovered/Outgame/Sprites/CAB-f0f8d5b2fe4fc0f1a8885e70e42a8501_351421032368338370.png using Guid(fb06aa36e60cfad449e6dd4d2bf8b9db) (TextureImporter) -> (artifact id: '4d35d4f58ce822194b3447f2fb1b08b7') in 0.0012435 seconds
Refreshing native plugins compatible for Editor in 0.00 ms, found 0 plugins.
Preloading 0 native plugins for Editor in 0.00 ms.
Asset Pipeline Refresh (id=6fa8e9ea8a96b354eb5a30537dbc390f): Total: 0.005 seconds - Initiated by StopAssetImportingV2(NoUpdateAssetOptions)
Start importing Assets/AreaBattle/Resources/Recovered/Outgame/Sprites/CAB-f0f8d5b2fe4fc0f1a8885e70e42a8501_351421032368338370.png using Guid(fb06aa36e60cfad449e6dd4d2bf8b9db) (TextureImporter) -> (artifact id: '4d35d4f58ce822194b3447f2fb1b08b7') in 0.0010875 seconds
Refreshing native plugins compatible for Editor in 0.00 ms, found 0 plugins.
Preloading 0 native plugins for Editor in 0.00 ms.
Asset Pipeline Refresh (id=ec2878f205fec554f88b2a0a428250f3): Total: 0.005 seconds - Initiated by StopAssetImportingV2(NoUpdateAssetOptions)
Start importing Assets/AreaBattle/Resources/Recovered/Outgame/Sprites/CAB-f0f8d5b2fe4fc0f1a8885e70e42a8501_1737684388834227741.png using Guid(ac32f9f58b3fe95419bbb088f72d1f5e) (TextureImporter) -> (artifact id: '7f931ef2065918ce5e7cd4721c88e415') in 0.0010562 seconds
Refreshing native plugins compatible for Editor in 0.00 ms, found 0 plugins.
Preloading 0 native plugins for Editor in 0.00 ms.
Asset Pipeline Refresh (id=cd09e1141cb9c48489f23a1575af01c9): Total: 0.005 seconds - Initiated by StopAssetImportingV2(NoUpdateAssetOptions)
Start importing Assets/AreaBattle/Resources/Recovered/Outgame/Sprites/CAB-f0f8d5b2fe4fc0f1a8885e70e42a8501_1737684388834227741.png using Guid(ac32f9f58b3fe95419bbb088f72d1f5e) (TextureImporter) -> (artifact id: '7f931ef2065918ce5e7cd4721c88e415') in 0.0008866 seconds
Refreshing native plugins compatible for Editor in 0.00 ms, found 0 plugins.
Preloading 0 native plugins for Editor in 0.00 ms.
Asset Pipeline Refresh (id=2d5f43747e2619148a7dedf2015599ea): Total: 0.005 seconds - Initiated by StopAssetImportingV2(NoUpdateAssetOptions)
Start importing Assets/AreaBattle/Resources/Recovered/Outgame/Sprites/CAB-f0f8d5b2fe4fc0f1a8885e70e42a8501_-4190971815751803225.png using Guid(bcbb9cee7e6069d498617b1034ddc011) (TextureImporter) -> (artifact id: '5a2cbe8e215e37d54d2b89ae2b793ee3') in 0.0012263 seconds
Refreshing native plugins compatible for Editor in 0.00 ms, found 0 plugins.
Preloading 0 native plugins for Editor in 0.00 ms.
Asset Pipeline Refresh (id=262ac6b7e6485d747b48ce406ecd837c): Total: 0.005 seconds - Initiated by StopAssetImportingV2(NoUpdateAssetOptions)
Start importing Assets/AreaBattle/Resources/Recovered/Outgame/Sprites/CAB-f0f8d5b2fe4fc0f1a8885e70e42a8501_-4190971815751803225.png using Guid(bcbb9cee7e6069d498617b1034ddc011) (TextureImporter) -> (artifact id: '5a2cbe8e215e37d54d2b89ae2b793ee3') in 0.0010562 seconds
Refreshing native plugins compatible for Editor in 0.00 ms, found 0 plugins.
Preloading 0 native plugins for Editor in 0.00 ms.
Asset Pipeline Refresh (id=fb30a9951dd17074caabf7c2a72c7266): Total: 0.005 seconds - Initiated by StopAssetImportingV2(NoUpdateAssetOptions)
Start importing Assets/AreaBattle/Resources/Recovered/Outgame/Sprites/CAB-f0f8d5b2fe4fc0f1a8885e70e42a8501_-8147587995661762371.png using Guid(09ed32306fc5095459b33c9250be855b) (TextureImporter) -> (artifact id: '21b325ede2e59364ba9ba2416747b6b3') in 0.0013171 seconds
Refreshing native plugins compatible for Editor in 0.00 ms, found 0 plugins.
Preloading 0 native plugins for Editor in 0.00 ms.
Asset Pipeline Refresh (id=d50c5d39d9288564bbb5db1acb8c0ef0): Total: 0.005 seconds - Initiated by StopAssetImportingV2(NoUpdateAssetOptions)
Start importing Assets/AreaBattle/Resources/Recovered/Outgame/Sprites/CAB-f0f8d5b2fe4fc0f1a8885e70e42a8501_-8147587995661762371.png using Guid(09ed32306fc5095459b33c9250be855b) (TextureImporter) -> (artifact id: '21b325ede2e59364ba9ba2416747b6b3') in 0.0011895 seconds
Refreshing native plugins compatible for Editor in 0.00 ms, found 0 plugins.
Preloading 0 native plugins for Editor in 0.00 ms.
Asset Pipeline Refresh (id=2031b3a3959dfb147bc76935b5aeada3): Total: 0.005 seconds - Initiated by StopAssetImportingV2(NoUpdateAssetOptions)
Start importing Assets/AreaBattle/Resources/Recovered/Outgame/Sprites/CAB-f0f8d5b2fe4fc0f1a8885e70e42a8501_2576256628631102858.png using Guid(743ce93c2a184b845bf491e11d067f21) (TextureImporter) -> (artifact id: 'c03d65a15d71477bea912f3cdce21fd7') in 0.0010195 seconds
Refreshing native plugins compatible for Editor in 0.00 ms, found 0 plugins.
Preloading 0 native plugins for Editor in 0.00 ms.
Asset Pipeline Refresh (id=30c493c7ca42cbe458dd13bfb60a7d79): Total: 0.004 seconds - Initiated by StopAssetImportingV2(NoUpdateAssetOptions)
Start importing Assets/AreaBattle/Resources/Recovered/Outgame/Sprites/CAB-f0f8d5b2fe4fc0f1a8885e70e42a8501_2576256628631102858.png using Guid(743ce93c2a184b845bf491e11d067f21) (TextureImporter) -> (artifact id: 'c03d65a15d71477bea912f3cdce21fd7') in 0.0009102 seconds
Refreshing native plugins compatible for Editor in 0.00 ms, found 0 plugins.
Preloading 0 native plugins for Editor in 0.00 ms.
Asset Pipeline Refresh (id=26238da3106af554daf1600dc485a12c): Total: 0.004 seconds - Initiated by StopAssetImportingV2(NoUpdateAssetOptions)
Start importing Assets/AreaBattle/Resources/Recovered/Outgame/Sprites/CAB-f0f8d5b2fe4fc0f1a8885e70e42a8501_-3623589188427250850.png using Guid(e6fff8bf9465390419354ec8724acb6f) (TextureImporter) -> (artifact id: '664fc1af58faa46076704994fb505a5e') in 0.0013457 seconds
Refreshing native plugins compatible for Editor in 0.00 ms, found 0 plugins.
Preloading 0 native plugins for Editor in 0.00 ms.
Asset Pipeline Refresh (id=ba7f3d2411c100a458bd91c3123754a4): Total: 0.005 seconds - Initiated by StopAssetImportingV2(NoUpdateAssetOptions)
Start importing Assets/AreaBattle/Resources/Recovered/Outgame/Sprites/CAB-f0f8d5b2fe4fc0f1a8885e70e42a8501_-3623589188427250850.png using Guid(e6fff8bf9465390419354ec8724acb6f) (TextureImporter) -> (artifact id: '664fc1af58faa46076704994fb505a5e') in 0.001338 seconds
Refreshing native plugins compatible for Editor in 0.00 ms, found 0 plugins.
Preloading 0 native plugins for Editor in 0.00 ms.
Asset Pipeline Refresh (id=4098e4cecba12c44ca3b57427d350494): Total: 0.005 seconds - Initiated by StopAssetImportingV2(NoUpdateAssetOptions)
Start importing Assets/AreaBattle/Resources/Recovered/Outgame/Sprites/CAB-f0f8d5b2fe4fc0f1a8885e70e42a8501_3696405675083398568.png using Guid(7264472b5577dc344a53a9b4c1a4579f) (TextureImporter) -> (artifact id: 'dbeb8a56a470bdf062c3cb4e8ec8b893') in 0.0010179 seconds
Refreshing native plugins compatible for Editor in 0.00 ms, found 0 plugins.
Preloading 0 native plugins for Editor in 0.00 ms.
Asset Pipeline Refresh (id=c5252f25b2df26f4e90a8f5bb99919e9): Total: 0.005 seconds - Initiated by StopAssetImportingV2(NoUpdateAssetOptions)
Start importing Assets/AreaBattle/Resources/Recovered/Outgame/Sprites/CAB-f0f8d5b2fe4fc0f1a8885e70e42a8501_3696405675083398568.png using Guid(7264472b5577dc344a53a9b4c1a4579f) (TextureImporter) -> (artifact id: 'dbeb8a56a470bdf062c3cb4e8ec8b893') in 0.0008637 seconds
Refreshing native plugins compatible for Editor in 0.00 ms, found 0 plugins.
Preloading 0 native plugins for Editor in 0.00 ms.
Asset Pipeline Refresh (id=6c8d89ee622560742917b79e68c0a2c0): Total: 0.005 seconds - Initiated by StopAssetImportingV2(NoUpdateAssetOptions)
Start importing Assets/AreaBattle/Resources/Recovered/Outgame/Sprites/CAB-f0f8d5b2fe4fc0f1a8885e70e42a8501_-348770286549975147.png using Guid(c5ae69d1c802f084bb956650b82cae34) (TextureImporter) -> (artifact id: '0872ac9758e26419c380d6748b10cc0a') in 0.0014221 seconds
Refreshing native plugins compatible for Editor in 0.00 ms, found 0 plugins.
Preloading 0 native plugins for Editor in 0.00 ms.
Asset Pipeline Refresh (id=cbf971b7bc57ad24d8946c55aedab914): Total: 0.005 seconds - Initiated by StopAssetImportingV2(NoUpdateAssetOptions)
Start importing Assets/AreaBattle/Resources/Recovered/Outgame/Sprites/CAB-f0f8d5b2fe4fc0f1a8885e70e42a8501_-348770286549975147.png using Guid(c5ae69d1c802f084bb956650b82cae34) (TextureImporter) -> (artifact id: '0872ac9758e26419c380d6748b10cc0a') in 0.0012202 seconds
Refreshing native plugins compatible for Editor in 0.00 ms, found 0 plugins.
Preloading 0 native plugins for Editor in 0.00 ms.
Asset Pipeline Refresh (id=8c18f5a183d57ff408322d7ad470975b): Total: 0.005 seconds - Initiated by StopAssetImportingV2(NoUpdateAssetOptions)
Start importing Assets/AreaBattle/Resources/Recovered/Outgame/Sprites/CAB-f0f8d5b2fe4fc0f1a8885e70e42a8501_9131483636121848817.png using Guid(d950789c3f11b1442a9a68f1fe5d1fa4) (TextureImporter) -> (artifact id: '9daf9ea3ff3bbe089316ace3d74c9767') in 0.0013504 seconds
Refreshing native plugins compatible for Editor in 0.00 ms, found 0 plugins.
Preloading 0 native plugins for Editor in 0.00 ms.
Asset Pipeline Refresh (id=914e28ffbec5d0041b98addc09e95480): Total: 0.005 seconds - Initiated by StopAssetImportingV2(NoUpdateAssetOptions)
Start importing Assets/AreaBattle/Resources/Recovered/Outgame/Sprites/CAB-f0f8d5b2fe4fc0f1a8885e70e42a8501_9131483636121848817.png using Guid(d950789c3f11b1442a9a68f1fe5d1fa4) (TextureImporter) -> (artifact id: '9daf9ea3ff3bbe089316ace3d74c9767') in 0.0012363 seconds
Refreshing native plugins compatible for Editor in 0.00 ms, found 0 plugins.
Preloading 0 native plugins for Editor in 0.00 ms.
Asset Pipeline Refresh (id=a7a746645eccffe48ac7e1607245ff11): Total: 0.005 seconds - Initiated by StopAssetImportingV2(NoUpdateAssetOptions)
Start importing Assets/AreaBattle/Resources/Recovered/Outgame/Sprites/CAB-f0f8d5b2fe4fc0f1a8885e70e42a8501_-6464198968836237136.png using Guid(d09c314dca8e9794babeb402cb625756) (TextureImporter) -> (artifact id: '388c107e107a1ec5e20234bae61b50bb') in 0.0013218 seconds
Refreshing native plugins compatible for Editor in 0.00 ms, found 0 plugins.
Preloading 0 native plugins for Editor in 0.00 ms.
Asset Pipeline Refresh (id=13957d960a48f1242890230d1b483081): Total: 0.005 seconds - Initiated by StopAssetImportingV2(NoUpdateAssetOptions)
Start importing Assets/AreaBattle/Resources/Recovered/Outgame/Sprites/CAB-f0f8d5b2fe4fc0f1a8885e70e42a8501_-6464198968836237136.png using Guid(d09c314dca8e9794babeb402cb625756) (TextureImporter) -> (artifact id: '388c107e107a1ec5e20234bae61b50bb') in 0.0012872 seconds
Refreshing native plugins compatible for Editor in 0.00 ms, found 0 plugins.
Preloading 0 native plugins for Editor in 0.00 ms.
Asset Pipeline Refresh (id=688df8517d7fded458bac2bc087f7039): Total: 0.005 seconds - Initiated by StopAssetImportingV2(NoUpdateAssetOptions)
Start importing Assets/AreaBattle/Resources/Recovered/Outgame/Sprites/CAB-f0f8d5b2fe4fc0f1a8885e70e42a8501_-7516614781153137808.png using Guid(450e208b7ec9a614b9b0d308f4701950) (TextureImporter) -> (artifact id: '5cda7df01f9d9a4ff6831d197e60303d') in 0.0013893 seconds
Refreshing native plugins compatible for Editor in 0.00 ms, found 0 plugins.
Preloading 0 native plugins for Editor in 0.00 ms.
Asset Pipeline Refresh (id=1acfb10c72cc58a4fb877a7e2ae1ee70): Total: 0.005 seconds - Initiated by StopAssetImportingV2(NoUpdateAssetOptions)
Start importing Assets/AreaBattle/Resources/Recovered/Outgame/Sprites/CAB-f0f8d5b2fe4fc0f1a8885e70e42a8501_-7516614781153137808.png using Guid(450e208b7ec9a614b9b0d308f4701950) (TextureImporter) -> (artifact id: '5cda7df01f9d9a4ff6831d197e60303d') in 0.0012541 seconds
Refreshing native plugins compatible for Editor in 0.00 ms, found 0 plugins.
Preloading 0 native plugins for Editor in 0.00 ms.
Asset Pipeline Refresh (id=ced67e0e2770cd7458ceada04d885945): Total: 0.005 seconds - Initiated by StopAssetImportingV2(NoUpdateAssetOptions)
Start importing Assets/AreaBattle/Resources/Recovered/Outgame/Sprites/CAB-f0f8d5b2fe4fc0f1a8885e70e42a8501_-8268854209399839647.png using Guid(6fe10e633edcd874a8315bab5d4434fd) (TextureImporter) -> (artifact id: '6eeb4e899c71c405a87245eaa68fa4e9') in 0.0017233 seconds
Refreshing native plugins compatible for Editor in 0.00 ms, found 0 plugins.
Preloading 0 native plugins for Editor in 0.00 ms.
Asset Pipeline Refresh (id=b939ee2a4da5f334b88c6f6cf31ed135): Total: 0.005 seconds - Initiated by StopAssetImportingV2(NoUpdateAssetOptions)
Start importing Assets/AreaBattle/Resources/Recovered/Outgame/Sprites/CAB-f0f8d5b2fe4fc0f1a8885e70e42a8501_-8268854209399839647.png using Guid(6fe10e633edcd874a8315bab5d4434fd) (TextureImporter) -> (artifact id: '6eeb4e899c71c405a87245eaa68fa4e9') in 0.0016481 seconds
Refreshing native plugins compatible for Editor in 0.00 ms, found 0 plugins.
Preloading 0 native plugins for Editor in 0.00 ms.
Asset Pipeline Refresh (id=490601459ab50cf41bb7bf62bf360321): Total: 0.005 seconds - Initiated by StopAssetImportingV2(NoUpdateAssetOptions)
Start importing Assets/AreaBattle/Resources/Recovered/Outgame/Sprites/CAB-f0f8d5b2fe4fc0f1a8885e70e42a8501_-2067149362258942805.png using Guid(8dc5b74c458f36840bdb657b0f167fa0) (TextureImporter) -> (artifact id: 'd2821e5626656e32043b6cbb4ba79710') in 0.0011045 seconds
Refreshing native plugins compatible for Editor in 0.00 ms, found 0 plugins.
Preloading 0 native plugins for Editor in 0.00 ms.
Asset Pipeline Refresh (id=1d71332a46cd51a47b993ec23c9b9da1): Total: 0.005 seconds - Initiated by StopAssetImportingV2(NoUpdateAssetOptions)
Start importing Assets/AreaBattle/Resources/Recovered/Outgame/Sprites/CAB-f0f8d5b2fe4fc0f1a8885e70e42a8501_-2067149362258942805.png using Guid(8dc5b74c458f36840bdb657b0f167fa0) (TextureImporter) -> (artifact id: 'd2821e5626656e32043b6cbb4ba79710') in 0.001088 seconds
Refreshing native plugins compatible for Editor in 0.00 ms, found 0 plugins.
Preloading 0 native plugins for Editor in 0.00 ms.
Asset Pipeline Refresh (id=c263aa31e28661c46ad0f4aedbe74e4c): Total: 0.005 seconds - Initiated by StopAssetImportingV2(NoUpdateAssetOptions)
Start importing Assets/AreaBattle/Resources/Recovered/Outgame/Sprites/CAB-f0f8d5b2fe4fc0f1a8885e70e42a8501_6952676736400467469.png using Guid(83dea97fe4b0b03438232fc6e7d94130) (TextureImporter) -> (artifact id: 'efc2580f40c722b7e6b77b1b553e0b51') in 0.0017715 seconds
Refreshing native plugins compatible for Editor in 0.00 ms, found 0 plugins.
Preloading 0 native plugins for Editor in 0.00 ms.
Asset Pipeline Refresh (id=abae6c86fdb44bc4eb6355a25594e226): Total: 0.005 seconds - Initiated by StopAssetImportingV2(NoUpdateAssetOptions)
Start importing Assets/AreaBattle/Resources/Recovered/Outgame/Sprites/CAB-f0f8d5b2fe4fc0f1a8885e70e42a8501_6952676736400467469.png using Guid(83dea97fe4b0b03438232fc6e7d94130) (TextureImporter) -> (artifact id: 'efc2580f40c722b7e6b77b1b553e0b51') in 0.0016218 seconds
Refreshing native plugins compatible for Editor in 0.00 ms, found 0 plugins.
Preloading 0 native plugins for Editor in 0.00 ms.
Asset Pipeline Refresh (id=d370222c56f47b542ba5b32901cdc54c): Total: 0.005 seconds - Initiated by StopAssetImportingV2(NoUpdateAssetOptions)
Start importing Assets/AreaBattle/Resources/Recovered/Outgame/Sprites/CAB-f0f8d5b2fe4fc0f1a8885e70e42a8501_6229623910888829140.png using Guid(2490643b0e5018440813e01aed77cbdf) (TextureImporter) -> (artifact id: '8ae67139905415d6a7b997cd85f284b4') in 0.0013629 seconds
Refreshing native plugins compatible for Editor in 0.00 ms, found 0 plugins.
Preloading 0 native plugins for Editor in 0.00 ms.
Asset Pipeline Refresh (id=1d1aa74d73e7ba941a7de57eb13047d9): Total: 0.005 seconds - Initiated by StopAssetImportingV2(NoUpdateAssetOptions)
Start importing Assets/AreaBattle/Resources/Recovered/Outgame/Sprites/CAB-f0f8d5b2fe4fc0f1a8885e70e42a8501_6229623910888829140.png using Guid(2490643b0e5018440813e01aed77cbdf) (TextureImporter) -> (artifact id: '8ae67139905415d6a7b997cd85f284b4') in 0.0011787 seconds
Refreshing native plugins compatible for Editor in 0.00 ms, found 0 plugins.
Preloading 0 native plugins for Editor in 0.00 ms.
Asset Pipeline Refresh (id=19a3e00bf48a3014b86fa99ead2c4527): Total: 0.005 seconds - Initiated by StopAssetImportingV2(NoUpdateAssetOptions)
Start importing Assets/AreaBattle/Resources/Recovered/Outgame/Sprites/CAB-f0f8d5b2fe4fc0f1a8885e70e42a8501_3372530375804971773.png using Guid(7d39a92eead093f409a4992dd088c0d9) (TextureImporter) -> (artifact id: 'd11764e5e3372b6c1a8f8e18aa266f67') in 0.0012921 seconds
Refreshing native plugins compatible for Editor in 0.00 ms, found 0 plugins.
Preloading 0 native plugins for Editor in 0.00 ms.
Asset Pipeline Refresh (id=78fd03199b8be4a47b00b7d9567847c7): Total: 0.005 seconds - Initiated by StopAssetImportingV2(NoUpdateAssetOptions)
Start importing Assets/AreaBattle/Resources/Recovered/Outgame/Sprites/CAB-f0f8d5b2fe4fc0f1a8885e70e42a8501_3372530375804971773.png using Guid(7d39a92eead093f409a4992dd088c0d9) (TextureImporter) -> (artifact id: 'd11764e5e3372b6c1a8f8e18aa266f67') in 0.0011902 seconds
Refreshing native plugins compatible for Editor in 0.00 ms, found 0 plugins.
Preloading 0 native plugins for Editor in 0.00 ms.
Asset Pipeline Refresh (id=219cd0e0152ff2a4b9dd1a39ed619068): Total: 0.005 seconds - Initiated by StopAssetImportingV2(NoUpdateAssetOptions)
Start importing Assets/AreaBattle/Resources/Recovered/Outgame/Sprites/CAB-f0f8d5b2fe4fc0f1a8885e70e42a8501_-1223995402157906996.png using Guid(086ff4e32b3c6594fb534e61ffa5dead) (TextureImporter) -> (artifact id: '62dfda21a307e96f5fb45894bb82fd13') in 0.0010625 seconds
Refreshing native plugins compatible for Editor in 0.00 ms, found 0 plugins.
Preloading 0 native plugins for Editor in 0.00 ms.
Asset Pipeline Refresh (id=b7b6e74faaea7234184f2e7a2aa9d1c9): Total: 0.005 seconds - Initiated by StopAssetImportingV2(NoUpdateAssetOptions)
Start importing Assets/AreaBattle/Resources/Recovered/Outgame/Sprites/CAB-f0f8d5b2fe4fc0f1a8885e70e42a8501_-1223995402157906996.png using Guid(086ff4e32b3c6594fb534e61ffa5dead) (TextureImporter) -> (artifact id: '62dfda21a307e96f5fb45894bb82fd13') in 0.0009219 seconds
Refreshing native plugins compatible for Editor in 0.00 ms, found 0 plugins.
Preloading 0 native plugins for Editor in 0.00 ms.
Asset Pipeline Refresh (id=db903972e3a48744cb7448a89722062c): Total: 0.005 seconds - Initiated by StopAssetImportingV2(NoUpdateAssetOptions)
Start importing Assets/AreaBattle/Resources/Recovered/Outgame/Sprites/CAB-f0f8d5b2fe4fc0f1a8885e70e42a8501_124909757567743544.png using Guid(5079c846e78e9fe47b25cf02a783686d) (TextureImporter) -> (artifact id: '2204cd95293961ae882737383580dd08') in 0.0010067 seconds
Refreshing native plugins compatible for Editor in 0.00 ms, found 0 plugins.
Preloading 0 native plugins for Editor in 0.00 ms.
Asset Pipeline Refresh (id=83740da8f10a3414f8f5aa37c646d6e0): Total: 0.005 seconds - Initiated by StopAssetImportingV2(NoUpdateAssetOptions)
Start importing Assets/AreaBattle/Resources/Recovered/Outgame/Sprites/CAB-f0f8d5b2fe4fc0f1a8885e70e42a8501_124909757567743544.png using Guid(5079c846e78e9fe47b25cf02a783686d) (TextureImporter) -> (artifact id: '2204cd95293961ae882737383580dd08') in 0.0008591 seconds
Refreshing native plugins compatible for Editor in 0.00 ms, found 0 plugins.
Preloading 0 native plugins for Editor in 0.00 ms.
Asset Pipeline Refresh (id=9d358caf567e7c643b5e867af6cba094): Total: 0.004 seconds - Initiated by StopAssetImportingV2(NoUpdateAssetOptions)
Start importing Assets/AreaBattle/Resources/Recovered/Outgame/Sprites/CAB-f0f8d5b2fe4fc0f1a8885e70e42a8501_378101818839556220.png using Guid(fe49dccf8c5ef7044b2bbd304b4b7eeb) (TextureImporter) -> (artifact id: '91d66b063eb9594f9e2f6c4c5f36019c') in 0.00138 seconds
Refreshing native plugins compatible for Editor in 0.00 ms, found 0 plugins.
Preloading 0 native plugins for Editor in 0.00 ms.
Asset Pipeline Refresh (id=3b23d16ef0e81e0448ce2303e34b37c1): Total: 0.005 seconds - Initiated by StopAssetImportingV2(NoUpdateAssetOptions)
Start importing Assets/AreaBattle/Resources/Recovered/Outgame/Sprites/CAB-f0f8d5b2fe4fc0f1a8885e70e42a8501_378101818839556220.png using Guid(fe49dccf8c5ef7044b2bbd304b4b7eeb) (TextureImporter) -> (artifact id: '91d66b063eb9594f9e2f6c4c5f36019c') in 0.0011915 seconds
Refreshing native plugins compatible for Editor in 0.00 ms, found 0 plugins.
Preloading 0 native plugins for Editor in 0.00 ms.
Asset Pipeline Refresh (id=926a2c565509d3740b9b276285260d0f): Total: 0.005 seconds - Initiated by StopAssetImportingV2(NoUpdateAssetOptions)
Start importing Assets/AreaBattle/Resources/Recovered/Outgame/Sprites/CAB-f0f8d5b2fe4fc0f1a8885e70e42a8501_2781641492661961641.png using Guid(621f9d7227648f94a8afd5fb01f54855) (TextureImporter) -> (artifact id: '7f976e7f3749e0d40923321d9f466c8b') in 0.0014073 seconds
Refreshing native plugins compatible for Editor in 0.00 ms, found 0 plugins.
Preloading 0 native plugins for Editor in 0.00 ms.
Asset Pipeline Refresh (id=4f9b28b3eb1a6604faaa4c6dbb7cd6d6): Total: 0.005 seconds - Initiated by StopAssetImportingV2(NoUpdateAssetOptions)
Start importing Assets/AreaBattle/Resources/Recovered/Outgame/Sprites/CAB-f0f8d5b2fe4fc0f1a8885e70e42a8501_2781641492661961641.png using Guid(621f9d7227648f94a8afd5fb01f54855) (TextureImporter) -> (artifact id: '7f976e7f3749e0d40923321d9f466c8b') in 0.0013496 seconds
Refreshing native plugins compatible for Editor in 0.00 ms, found 0 plugins.
Preloading 0 native plugins for Editor in 0.00 ms.
Asset Pipeline Refresh (id=cf7916086a797bb4eb6c53ccfffc861f): Total: 0.005 seconds - Initiated by StopAssetImportingV2(NoUpdateAssetOptions)
Start importing Assets/AreaBattle/Resources/Recovered/Outgame/Sprites/CAB-792f0579f07cf3d654eb47fd5e973bca_-8268854209399839647.png using Guid(dc43bd5bf24f2b84c8a78cb7825c003e) (TextureImporter) -> (artifact id: '9691523e03d3fffdc401d54db5d40199') in 0.0019967 seconds
Refreshing native plugins compatible for Editor in 0.00 ms, found 0 plugins.
Preloading 0 native plugins for Editor in 0.00 ms.
Asset Pipeline Refresh (id=379399c22e5c426428fc400f25e9ed17): Total: 0.006 seconds - Initiated by StopAssetImportingV2(NoUpdateAssetOptions)
Start importing Assets/AreaBattle/Resources/Recovered/Outgame/Sprites/CAB-792f0579f07cf3d654eb47fd5e973bca_-8268854209399839647.png using Guid(dc43bd5bf24f2b84c8a78cb7825c003e) (TextureImporter) -> (artifact id: '9691523e03d3fffdc401d54db5d40199') in 0.0024224 seconds
Refreshing native plugins compatible for Editor in 0.00 ms, found 0 plugins.
Preloading 0 native plugins for Editor in 0.00 ms.
Asset Pipeline Refresh (id=1d4145b2cf5d7ab4f9fdd6a1b741ec19): Total: 0.007 seconds - Initiated by StopAssetImportingV2(NoUpdateAssetOptions)
Start importing Assets/AreaBattle/Resources/Recovered/Outgame/Sprites/CAB-792f0579f07cf3d654eb47fd5e973bca_-8491785715132141081.png using Guid(ae613a41fb4c91644869e3de510086ee) (TextureImporter) -> (artifact id: '85422e516421278919a214d4f7d8d2d0') in 0.0014567 seconds
Refreshing native plugins compatible for Editor in 0.00 ms, found 0 plugins.
Preloading 0 native plugins for Editor in 0.00 ms.
Asset Pipeline Refresh (id=48a44fb8be629b540a7a9d991a6abe06): Total: 0.006 seconds - Initiated by StopAssetImportingV2(NoUpdateAssetOptions)
Start importing Assets/AreaBattle/Resources/Recovered/Outgame/Sprites/CAB-792f0579f07cf3d654eb47fd5e973bca_-8491785715132141081.png using Guid(ae613a41fb4c91644869e3de510086ee) (TextureImporter) -> (artifact id: '85422e516421278919a214d4f7d8d2d0') in 0.0011326 seconds
Refreshing native plugins compatible for Editor in 0.00 ms, found 0 plugins.
Preloading 0 native plugins for Editor in 0.00 ms.
Asset Pipeline Refresh (id=7c8b7c18a0d4a4e48961cd5651fadf76): Total: 0.005 seconds - Initiated by StopAssetImportingV2(NoUpdateAssetOptions)
Start importing Assets/AreaBattle/Resources/Recovered/Outgame/Sprites/CAB-792f0579f07cf3d654eb47fd5e973bca_6229623910888829140.png using Guid(51edf4e91a45dc745ba3f427d0770f9f) (TextureImporter) -> (artifact id: '3c5dd0883a5a12f2785bba0e1c1ba6a8') in 0.0013117 seconds
Refreshing native plugins compatible for Editor in 0.00 ms, found 0 plugins.
Preloading 0 native plugins for Editor in 0.00 ms.
Asset Pipeline Refresh (id=49a9413140df71b478156a32d3dd8691): Total: 0.005 seconds - Initiated by StopAssetImportingV2(NoUpdateAssetOptions)
Start importing Assets/AreaBattle/Resources/Recovered/Outgame/Sprites/CAB-792f0579f07cf3d654eb47fd5e973bca_6229623910888829140.png using Guid(51edf4e91a45dc745ba3f427d0770f9f) (TextureImporter) -> (artifact id: '3c5dd0883a5a12f2785bba0e1c1ba6a8') in 0.0012945 seconds
Refreshing native plugins compatible for Editor in 0.00 ms, found 0 plugins.
Preloading 0 native plugins for Editor in 0.00 ms.
Asset Pipeline Refresh (id=37acc8d43bc71584786b2e7dae368fc0): Total: 0.005 seconds - Initiated by StopAssetImportingV2(NoUpdateAssetOptions)
Start importing Assets/AreaBattle/Resources/Recovered/Outgame/Sprites/CAB-792f0579f07cf3d654eb47fd5e973bca_3372530375804971773.png using Guid(04d422219df432e4a830b98b0a089a42) (TextureImporter) -> (artifact id: 'e5c3400a5e542297eea684ee3a6ae696') in 0.0013867 seconds
Refreshing native plugins compatible for Editor in 0.00 ms, found 0 plugins.
Preloading 0 native plugins for Editor in 0.00 ms.
Asset Pipeline Refresh (id=dd81340b510698347842cf1b48f7a495): Total: 0.005 seconds - Initiated by StopAssetImportingV2(NoUpdateAssetOptions)
Start importing Assets/AreaBattle/Resources/Recovered/Outgame/Sprites/CAB-792f0579f07cf3d654eb47fd5e973bca_3372530375804971773.png using Guid(04d422219df432e4a830b98b0a089a42) (TextureImporter) -> (artifact id: 'e5c3400a5e542297eea684ee3a6ae696') in 0.0011749 seconds
Refreshing native plugins compatible for Editor in 0.00 ms, found 0 plugins.
Preloading 0 native plugins for Editor in 0.00 ms.
Asset Pipeline Refresh (id=fc68729c58858c444927138c5f39e618): Total: 0.005 seconds - Initiated by StopAssetImportingV2(NoUpdateAssetOptions)
Start importing Assets/AreaBattle/Resources/Recovered/Outgame/Sprites/CAB-792f0579f07cf3d654eb47fd5e973bca_-1369224774640354895.png using Guid(f0db5e8ba0c95174b92d60ff70880795) (TextureImporter) -> (artifact id: 'e45725236f5c2e214798581500b1c2ed') in 0.0012425 seconds
Refreshing native plugins compatible for Editor in 0.00 ms, found 0 plugins.
Preloading 0 native plugins for Editor in 0.00 ms.
Asset Pipeline Refresh (id=648ab26e301171749bf4624d7857c2af): Total: 0.005 seconds - Initiated by StopAssetImportingV2(NoUpdateAssetOptions)
Start importing Assets/AreaBattle/Resources/Recovered/Outgame/Sprites/CAB-792f0579f07cf3d654eb47fd5e973bca_-1369224774640354895.png using Guid(f0db5e8ba0c95174b92d60ff70880795) (TextureImporter) -> (artifact id: 'e45725236f5c2e214798581500b1c2ed') in 0.0011474 seconds
Refreshing native plugins compatible for Editor in 0.00 ms, found 0 plugins.
Preloading 0 native plugins for Editor in 0.00 ms.
Asset Pipeline Refresh (id=e4943432f80e39946b7413e5b54817bc): Total: 0.005 seconds - Initiated by StopAssetImportingV2(NoUpdateAssetOptions)
Start importing Assets/AreaBattle/Resources/Recovered/Outgame/Sprites/CAB-792f0579f07cf3d654eb47fd5e973bca_8644708904588595427.png using Guid(c86c1ac5429e9a84db7159ed9d67e481) (TextureImporter) -> (artifact id: '5a579835c4247ff82a69128abfefb2ef') in 0.001515 seconds
Refreshing native plugins compatible for Editor in 0.00 ms, found 0 plugins.
Preloading 0 native plugins for Editor in 0.00 ms.
Asset Pipeline Refresh (id=849f936d53fdade479eebff3af8f41bc): Total: 0.005 seconds - Initiated by StopAssetImportingV2(NoUpdateAssetOptions)
Start importing Assets/AreaBattle/Resources/Recovered/Outgame/Sprites/CAB-792f0579f07cf3d654eb47fd5e973bca_8644708904588595427.png using Guid(c86c1ac5429e9a84db7159ed9d67e481) (TextureImporter) -> (artifact id: '5a579835c4247ff82a69128abfefb2ef') in 0.0013659 seconds
Refreshing native plugins compatible for Editor in 0.00 ms, found 0 plugins.
Preloading 0 native plugins for Editor in 0.00 ms.
Asset Pipeline Refresh (id=2340e29052b86124e83a00014bf5f78d): Total: 0.005 seconds - Initiated by StopAssetImportingV2(NoUpdateAssetOptions)
Start importing Assets/AreaBattle/Resources/Recovered/Outgame/Sprites/CAB-792f0579f07cf3d654eb47fd5e973bca_-3270020870131735180.png using Guid(622c070116d43de45b16e5f21522eff2) (TextureImporter) -> (artifact id: '0509106635ccd3ea15192fc8fe39e8f8') in 0.0009978 seconds
Refreshing native plugins compatible for Editor in 0.00 ms, found 0 plugins.
Preloading 0 native plugins for Editor in 0.00 ms.
Asset Pipeline Refresh (id=02aa96a757c7b8e43b59b6a737324164): Total: 0.004 seconds - Initiated by StopAssetImportingV2(NoUpdateAssetOptions)
Start importing Assets/AreaBattle/Resources/Recovered/Outgame/Sprites/CAB-792f0579f07cf3d654eb47fd5e973bca_-3270020870131735180.png using Guid(622c070116d43de45b16e5f21522eff2) (TextureImporter) -> (artifact id: '0509106635ccd3ea15192fc8fe39e8f8') in 0.0008718 seconds
Refreshing native plugins compatible for Editor in 0.00 ms, found 0 plugins.
Preloading 0 native plugins for Editor in 0.00 ms.
Asset Pipeline Refresh (id=f794eb24a20e6fa4fa1523f72740129d): Total: 0.005 seconds - Initiated by StopAssetImportingV2(NoUpdateAssetOptions)
Start importing Assets/AreaBattle/Resources/Recovered/Outgame/Sprites/CAB-792f0579f07cf3d654eb47fd5e973bca_3862123323063758616.png using Guid(2004a9fa7dd68f84ba5ce82d43432f3c) (TextureImporter) -> (artifact id: '173d47117e9aa45cb1db054881d31b0d') in 0.0018531 seconds
Refreshing native plugins compatible for Editor in 0.00 ms, found 0 plugins.
Preloading 0 native plugins for Editor in 0.00 ms.
Asset Pipeline Refresh (id=401833cf4c13e21499833474f138180c): Total: 0.005 seconds - Initiated by StopAssetImportingV2(NoUpdateAssetOptions)
Start importing Assets/AreaBattle/Resources/Recovered/Outgame/Sprites/CAB-792f0579f07cf3d654eb47fd5e973bca_3862123323063758616.png using Guid(2004a9fa7dd68f84ba5ce82d43432f3c) (TextureImporter) -> (artifact id: '173d47117e9aa45cb1db054881d31b0d') in 0.0017708 seconds
Refreshing native plugins compatible for Editor in 0.00 ms, found 0 plugins.
Preloading 0 native plugins for Editor in 0.00 ms.
Asset Pipeline Refresh (id=de45ed4e329e3a448b6ebffca462cbf5): Total: 0.005 seconds - Initiated by StopAssetImportingV2(NoUpdateAssetOptions)
Start importing Assets/AreaBattle/Resources/Recovered/Outgame/Sprites/CAB-792f0579f07cf3d654eb47fd5e973bca_6869634117025106477.png using Guid(44ae15a1f593c7b4ab4410bcc050ac5e) (TextureImporter) -> (artifact id: '1fbb3c316f28d43f2037847dcfe22edc') in 0.0010203 seconds
Refreshing native plugins compatible for Editor in 0.00 ms, found 0 plugins.
Preloading 0 native plugins for Editor in 0.00 ms.
Asset Pipeline Refresh (id=f732728bd435ebc4686134d5be76b0fa): Total: 0.005 seconds - Initiated by StopAssetImportingV2(NoUpdateAssetOptions)
Start importing Assets/AreaBattle/Resources/Recovered/Outgame/Sprites/CAB-792f0579f07cf3d654eb47fd5e973bca_6869634117025106477.png using Guid(44ae15a1f593c7b4ab4410bcc050ac5e) (TextureImporter) -> (artifact id: '1fbb3c316f28d43f2037847dcfe22edc') in 0.0009886 seconds
Refreshing native plugins compatible for Editor in 0.00 ms, found 0 plugins.
Preloading 0 native plugins for Editor in 0.00 ms.
Asset Pipeline Refresh (id=aeab74a4286490a4fabfaf939870d1c3): Total: 0.005 seconds - Initiated by StopAssetImportingV2(NoUpdateAssetOptions)
Start importing Assets/AreaBattle/Resources/Recovered/Outgame/Sprites/CAB-792f0579f07cf3d654eb47fd5e973bca_-2578327374364977313.png using Guid(751783c52c5a91d48a37cb4310895b35) (TextureImporter) -> (artifact id: 'e43e4f953d447dc2aeaeecc5fb898ddb') in 0.0009901 seconds
Refreshing native plugins compatible for Editor in 0.00 ms, found 0 plugins.
Preloading 0 native plugins for Editor in 0.00 ms.
Asset Pipeline Refresh (id=6327432c04dccb943b2ccc63cb21c8f6): Total: 0.004 seconds - Initiated by StopAssetImportingV2(NoUpdateAssetOptions)
Start importing Assets/AreaBattle/Resources/Recovered/Outgame/Sprites/CAB-792f0579f07cf3d654eb47fd5e973bca_-2578327374364977313.png using Guid(751783c52c5a91d48a37cb4310895b35) (TextureImporter) -> (artifact id: 'e43e4f953d447dc2aeaeecc5fb898ddb') in 0.00094 seconds
Refreshing native plugins compatible for Editor in 0.00 ms, found 0 plugins.
Preloading 0 native plugins for Editor in 0.00 ms.
Asset Pipeline Refresh (id=3e8ef528cbfcad740b5f423e28acadc0): Total: 0.005 seconds - Initiated by StopAssetImportingV2(NoUpdateAssetOptions)
Start importing Assets/AreaBattle/Resources/Recovered/Outgame/Sprites/CAB-792f0579f07cf3d654eb47fd5e973bca_-2067149362258942805.png using Guid(d810b193819f8e643a27e856da5e93b8) (TextureImporter) -> (artifact id: 'f783d06f365e5f145f29696757a5c6c1') in 0.001171 seconds
Refreshing native plugins compatible for Editor in 0.00 ms, found 0 plugins.
Preloading 0 native plugins for Editor in 0.00 ms.
Asset Pipeline Refresh (id=95536b75eedfc2b4db69dac2f872a93d): Total: 0.005 seconds - Initiated by StopAssetImportingV2(NoUpdateAssetOptions)
Start importing Assets/AreaBattle/Resources/Recovered/Outgame/Sprites/CAB-792f0579f07cf3d654eb47fd5e973bca_-2067149362258942805.png using Guid(d810b193819f8e643a27e856da5e93b8) (TextureImporter) -> (artifact id: 'f783d06f365e5f145f29696757a5c6c1') in 0.0010013 seconds
Refreshing native plugins compatible for Editor in 0.00 ms, found 0 plugins.
Preloading 0 native plugins for Editor in 0.00 ms.
Asset Pipeline Refresh (id=dc555096d66ee244ba9b28f1884c0370): Total: 0.005 seconds - Initiated by StopAssetImportingV2(NoUpdateAssetOptions)
Start importing Assets/AreaBattle/Resources/Recovered/Outgame/Sprites/CAB-792f0579f07cf3d654eb47fd5e973bca_-4651854222152240779.png using Guid(ef3eb63138dc8ca498c9646875d2ddb9) (TextureImporter) -> (artifact id: '1824a9460aa67be330eeadbfe0246bc9') in 0.0018022 seconds
Refreshing native plugins compatible for Editor in 0.00 ms, found 0 plugins.
Preloading 0 native plugins for Editor in 0.00 ms.
Asset Pipeline Refresh (id=350fc07f183ebda428885bebfdd625cf): Total: 0.005 seconds - Initiated by StopAssetImportingV2(NoUpdateAssetOptions)
Start importing Assets/AreaBattle/Resources/Recovered/Outgame/Sprites/CAB-792f0579f07cf3d654eb47fd5e973bca_-4651854222152240779.png using Guid(ef3eb63138dc8ca498c9646875d2ddb9) (TextureImporter) -> (artifact id: '1824a9460aa67be330eeadbfe0246bc9') in 0.0016829 seconds
Refreshing native plugins compatible for Editor in 0.00 ms, found 0 plugins.
Preloading 0 native plugins for Editor in 0.00 ms.
Asset Pipeline Refresh (id=48c85fe4a3f8d994e9543efcbbb7bf45): Total: 0.005 seconds - Initiated by StopAssetImportingV2(NoUpdateAssetOptions)
Start importing Assets/AreaBattle/Resources/Recovered/Outgame/Sprites/CAB-792f0579f07cf3d654eb47fd5e973bca_-1042852370368342660.png using Guid(63d15c7545c683645a347d99a5c59edf) (TextureImporter) -> (artifact id: '0da9e4843bc141119a78bf43cfa6cc57') in 0.0016423 seconds
Refreshing native plugins compatible for Editor in 0.00 ms, found 0 plugins.
Preloading 0 native plugins for Editor in 0.00 ms.
Asset Pipeline Refresh (id=7b75d333aa7c8714b991e0cef64d539c): Total: 0.005 seconds - Initiated by StopAssetImportingV2(NoUpdateAssetOptions)
Start importing Assets/AreaBattle/Resources/Recovered/Outgame/Sprites/CAB-792f0579f07cf3d654eb47fd5e973bca_-1042852370368342660.png using Guid(63d15c7545c683645a347d99a5c59edf) (TextureImporter) -> (artifact id: '0da9e4843bc141119a78bf43cfa6cc57') in 0.0015949 seconds
Refreshing native plugins compatible for Editor in 0.00 ms, found 0 plugins.
Preloading 0 native plugins for Editor in 0.00 ms.
Asset Pipeline Refresh (id=202d01eb1466f6f4585e48eaf4e50b2c): Total: 0.005 seconds - Initiated by StopAssetImportingV2(NoUpdateAssetOptions)
Start importing Assets/AreaBattle/Resources/Recovered/Outgame/Sprites/CAB-792f0579f07cf3d654eb47fd5e973bca_-54688832347557179.png using Guid(59cb81fbc471f374f9ed81d5a59c5d0a) (TextureImporter) -> (artifact id: '0f7ab6a9da0116999a65babf7882bbbb') in 0.0017379 seconds
Refreshing native plugins compatible for Editor in 0.00 ms, found 0 plugins.
Preloading 0 native plugins for Editor in 0.00 ms.
Asset Pipeline Refresh (id=d634210cda284c24c878692c3e643d63): Total: 0.005 seconds - Initiated by StopAssetImportingV2(NoUpdateAssetOptions)
Start importing Assets/AreaBattle/Resources/Recovered/Outgame/Sprites/CAB-792f0579f07cf3d654eb47fd5e973bca_-54688832347557179.png using Guid(59cb81fbc471f374f9ed81d5a59c5d0a) (TextureImporter) -> (artifact id: '0f7ab6a9da0116999a65babf7882bbbb') in 0.0015322 seconds
Refreshing native plugins compatible for Editor in 0.00 ms, found 0 plugins.
Preloading 0 native plugins for Editor in 0.00 ms.
Asset Pipeline Refresh (id=4ca711286d2d4374095429ec0769d377): Total: 0.005 seconds - Initiated by StopAssetImportingV2(NoUpdateAssetOptions)
Start importing Assets/AreaBattle/Resources/Recovered/Outgame/Sprites/CAB-792f0579f07cf3d654eb47fd5e973bca_-8250335245719486828.png using Guid(0a95ee133b5073544b06b0a9f29b4512) (TextureImporter) -> (artifact id: 'ca41ba40c3f262c744928ee64923613d') in 0.0018842 seconds
Refreshing native plugins compatible for Editor in 0.00 ms, found 0 plugins.
Preloading 0 native plugins for Editor in 0.00 ms.
Asset Pipeline Refresh (id=cbdbc75ffe185484581b7442258aefc2): Total: 0.006 seconds - Initiated by StopAssetImportingV2(NoUpdateAssetOptions)
Start importing Assets/AreaBattle/Resources/Recovered/Outgame/Sprites/CAB-792f0579f07cf3d654eb47fd5e973bca_-8250335245719486828.png using Guid(0a95ee133b5073544b06b0a9f29b4512) (TextureImporter) -> (artifact id: 'ca41ba40c3f262c744928ee64923613d') in 0.0017531 seconds
Refreshing native plugins compatible for Editor in 0.00 ms, found 0 plugins.
Preloading 0 native plugins for Editor in 0.00 ms.
Asset Pipeline Refresh (id=4e2a3a5d2983e5547aebaf1f41643d45): Total: 0.005 seconds - Initiated by StopAssetImportingV2(NoUpdateAssetOptions)
Start importing Assets/AreaBattle/Resources/Recovered/Outgame/Sprites/CAB-792f0579f07cf3d654eb47fd5e973bca_-6932470282978226757.png using Guid(3600f4969d051324cb3c14ef20472f49) (TextureImporter) -> (artifact id: '0740ce2c92001e3c839f25cd1757fe1e') in 0.0011059 seconds
Refreshing native plugins compatible for Editor in 0.00 ms, found 0 plugins.
Preloading 0 native plugins for Editor in 0.00 ms.
Asset Pipeline Refresh (id=a60cb570df64d7145b64dafb0905cba6): Total: 0.005 seconds - Initiated by StopAssetImportingV2(NoUpdateAssetOptions)
Start importing Assets/AreaBattle/Resources/Recovered/Outgame/Sprites/CAB-792f0579f07cf3d654eb47fd5e973bca_-6932470282978226757.png using Guid(3600f4969d051324cb3c14ef20472f49) (TextureImporter) -> (artifact id: '0740ce2c92001e3c839f25cd1757fe1e') in 0.0010084 seconds
Refreshing native plugins compatible for Editor in 0.00 ms, found 0 plugins.
Preloading 0 native plugins for Editor in 0.00 ms.
Asset Pipeline Refresh (id=11181216208edcd4ea33350b53723619): Total: 0.005 seconds - Initiated by StopAssetImportingV2(NoUpdateAssetOptions)
Start importing Assets/AreaBattle/Resources/Recovered/Outgame/Sprites/CAB-792f0579f07cf3d654eb47fd5e973bca_-2320101112833093935.png using Guid(c477b2c074242d344be56bf4efe1cb62) (TextureImporter) -> (artifact id: '1e233f73d7361a6cda9d17c86521318a') in 0.0011079 seconds
Refreshing native plugins compatible for Editor in 0.00 ms, found 0 plugins.
Preloading 0 native plugins for Editor in 0.00 ms.
Asset Pipeline Refresh (id=6a7516bbde06156479476b230d6bfb74): Total: 0.005 seconds - Initiated by StopAssetImportingV2(NoUpdateAssetOptions)
Start importing Assets/AreaBattle/Resources/Recovered/Outgame/Sprites/CAB-792f0579f07cf3d654eb47fd5e973bca_-2320101112833093935.png using Guid(c477b2c074242d344be56bf4efe1cb62) (TextureImporter) -> (artifact id: '1e233f73d7361a6cda9d17c86521318a') in 0.0009345 seconds
Refreshing native plugins compatible for Editor in 0.00 ms, found 0 plugins.
Preloading 0 native plugins for Editor in 0.00 ms.
Asset Pipeline Refresh (id=a6adb779ad1471047b5542ce82a48c2e): Total: 0.004 seconds - Initiated by StopAssetImportingV2(NoUpdateAssetOptions)
Start importing Assets/AreaBattle/Resources/Recovered/Outgame/Sprites/CAB-792f0579f07cf3d654eb47fd5e973bca_-2862215400734914101.png using Guid(e0e618144cbc52c4599af251c6bcc6ed) (TextureImporter) -> (artifact id: '11d551d984c00c6ff41dac2e2195d2aa') in 0.0013689 seconds
Refreshing native plugins compatible for Editor in 0.00 ms, found 0 plugins.
Preloading 0 native plugins for Editor in 0.00 ms.
Asset Pipeline Refresh (id=b74d36bc1603f1e408a541049cfa9004): Total: 0.005 seconds - Initiated by StopAssetImportingV2(NoUpdateAssetOptions)
Start importing Assets/AreaBattle/Resources/Recovered/Outgame/Sprites/CAB-792f0579f07cf3d654eb47fd5e973bca_-2862215400734914101.png using Guid(e0e618144cbc52c4599af251c6bcc6ed) (TextureImporter) -> (artifact id: '11d551d984c00c6ff41dac2e2195d2aa') in 0.0012706 seconds
Refreshing native plugins compatible for Editor in 0.00 ms, found 0 plugins.
Preloading 0 native plugins for Editor in 0.00 ms.
Asset Pipeline Refresh (id=3cb0516dd12691e41965e54e8333723e): Total: 0.005 seconds - Initiated by StopAssetImportingV2(NoUpdateAssetOptions)
Start importing Assets/AreaBattle/Resources/Recovered/Outgame/Sprites/CAB-792f0579f07cf3d654eb47fd5e973bca_1986910754986718624.png using Guid(0e933bd379e9fc146ac6f42657ab8c71) (TextureImporter) -> (artifact id: 'dcaccd8c5147198807afcf04f08809aa') in 0.0012531 seconds
Refreshing native plugins compatible for Editor in 0.00 ms, found 0 plugins.
Preloading 0 native plugins for Editor in 0.00 ms.
Asset Pipeline Refresh (id=5cb825b47b4574944b0e17fff3355f4d): Total: 0.005 seconds - Initiated by StopAssetImportingV2(NoUpdateAssetOptions)
Start importing Assets/AreaBattle/Resources/Recovered/Outgame/Sprites/CAB-792f0579f07cf3d654eb47fd5e973bca_1986910754986718624.png using Guid(0e933bd379e9fc146ac6f42657ab8c71) (TextureImporter) -> (artifact id: 'dcaccd8c5147198807afcf04f08809aa') in 0.0011439 seconds
Refreshing native plugins compatible for Editor in 0.00 ms, found 0 plugins.
Preloading 0 native plugins for Editor in 0.00 ms.
Asset Pipeline Refresh (id=0245312772c8a024a87fa6cf6a548271): Total: 0.005 seconds - Initiated by StopAssetImportingV2(NoUpdateAssetOptions)
Start importing Assets/AreaBattle/Resources/Recovered/Outgame/Sprites/CAB-792f0579f07cf3d654eb47fd5e973bca_263898519105650310.png using Guid(48578c0884bfd0e44afa6c7667ddb874) (TextureImporter) -> (artifact id: '3f71a7339a443000665e0aadfdb8b40f') in 0.0010433 seconds
Refreshing native plugins compatible for Editor in 0.00 ms, found 0 plugins.
Preloading 0 native plugins for Editor in 0.00 ms.
Asset Pipeline Refresh (id=48274a132409e1d459407e9b54237193): Total: 0.004 seconds - Initiated by StopAssetImportingV2(NoUpdateAssetOptions)
Start importing Assets/AreaBattle/Resources/Recovered/Outgame/Sprites/CAB-792f0579f07cf3d654eb47fd5e973bca_263898519105650310.png using Guid(48578c0884bfd0e44afa6c7667ddb874) (TextureImporter) -> (artifact id: '3f71a7339a443000665e0aadfdb8b40f') in 0.0009518 seconds
Refreshing native plugins compatible for Editor in 0.00 ms, found 0 plugins.
Preloading 0 native plugins for Editor in 0.00 ms.
Asset Pipeline Refresh (id=79346340a29d7204fba0523faadc3176): Total: 0.005 seconds - Initiated by StopAssetImportingV2(NoUpdateAssetOptions)
Start importing Assets/AreaBattle/Resources/Recovered/Outgame/Sprites/CAB-792f0579f07cf3d654eb47fd5e973bca_1139914524574156363.png using Guid(c9eaa4352f322024faa7a897362ee1df) (TextureImporter) -> (artifact id: '6ed24c2eee13460e66e9f140f4901722') in 0.0046403 seconds
Refreshing native plugins compatible for Editor in 0.00 ms, found 0 plugins.
Preloading 0 native plugins for Editor in 0.00 ms.
Asset Pipeline Refresh (id=e60b484d5753f764aa85296d201ad20c): Total: 0.008 seconds - Initiated by StopAssetImportingV2(NoUpdateAssetOptions)
Start importing Assets/AreaBattle/Resources/Recovered/Outgame/Sprites/CAB-792f0579f07cf3d654eb47fd5e973bca_1139914524574156363.png using Guid(c9eaa4352f322024faa7a897362ee1df) (TextureImporter) -> (artifact id: '6ed24c2eee13460e66e9f140f4901722') in 0.004329 seconds
Refreshing native plugins compatible for Editor in 0.00 ms, found 0 plugins.
Preloading 0 native plugins for Editor in 0.00 ms.
Asset Pipeline Refresh (id=fcef7b9facb396240810ed7167542c22): Total: 0.008 seconds - Initiated by StopAssetImportingV2(NoUpdateAssetOptions)
Start importing Assets/AreaBattle/Resources/Recovered/Outgame/Sprites/CAB-792f0579f07cf3d654eb47fd5e973bca_-618323339400821762.png using Guid(8e9e2f6ba7236e845b9ccb4f7ce5fa5d) (TextureImporter) -> (artifact id: '1c414749eab955d75d9c6839ba3351d9') in 0.0035907 seconds
Refreshing native plugins compatible for Editor in 0.00 ms, found 0 plugins.
Preloading 0 native plugins for Editor in 0.00 ms.
Asset Pipeline Refresh (id=3404e19fc2b2fdc4c9d7ee2036cd8a2f): Total: 0.007 seconds - Initiated by StopAssetImportingV2(NoUpdateAssetOptions)
Start importing Assets/AreaBattle/Resources/Recovered/Outgame/Sprites/CAB-792f0579f07cf3d654eb47fd5e973bca_-618323339400821762.png using Guid(8e9e2f6ba7236e845b9ccb4f7ce5fa5d) (TextureImporter) -> (artifact id: '1c414749eab955d75d9c6839ba3351d9') in 0.0035789 seconds
Refreshing native plugins compatible for Editor in 0.00 ms, found 0 plugins.
Preloading 0 native plugins for Editor in 0.00 ms.
Asset Pipeline Refresh (id=366f6b186958c6f43bf7bbf55398c153): Total: 0.008 seconds - Initiated by StopAssetImportingV2(NoUpdateAssetOptions)
Start importing Assets/AreaBattle/Resources/Recovered/Outgame/Sprites/CAB-792f0579f07cf3d654eb47fd5e973bca_-5801682987526312979.png using Guid(833bedd98b0881245975845e0ac0f5b9) (TextureImporter) -> (artifact id: 'cc151df4392a714fa94b49ecf60edc9f') in 0.0018797 seconds
Refreshing native plugins compatible for Editor in 0.00 ms, found 0 plugins.
Preloading 0 native plugins for Editor in 0.00 ms.
Asset Pipeline Refresh (id=3f15a0305fc5b4945b07b307a92a7611): Total: 0.006 seconds - Initiated by StopAssetImportingV2(NoUpdateAssetOptions)
Start importing Assets/AreaBattle/Resources/Recovered/Outgame/Sprites/CAB-792f0579f07cf3d654eb47fd5e973bca_-5801682987526312979.png using Guid(833bedd98b0881245975845e0ac0f5b9) (TextureImporter) -> (artifact id: 'cc151df4392a714fa94b49ecf60edc9f') in 0.0016561 seconds
Refreshing native plugins compatible for Editor in 0.00 ms, found 0 plugins.
Preloading 0 native plugins for Editor in 0.00 ms.
Asset Pipeline Refresh (id=05bd725b202ce4047811aefa844e1090): Total: 0.005 seconds - Initiated by StopAssetImportingV2(NoUpdateAssetOptions)
Start importing Assets/AreaBattle/Resources/Recovered/Outgame/Sprites/CAB-792f0579f07cf3d654eb47fd5e973bca_-4315546867442323447.png using Guid(61a6fd5d2c4693d469f9da25174b1f1d) (TextureImporter) -> (artifact id: '927e3d17e58fc8b21b464bf0ccdb7055') in 0.0015461 seconds
Refreshing native plugins compatible for Editor in 0.00 ms, found 0 plugins.
Preloading 0 native plugins for Editor in 0.00 ms.
Asset Pipeline Refresh (id=2e9aed5852154dd4aa5205cbf2a09731): Total: 0.005 seconds - Initiated by StopAssetImportingV2(NoUpdateAssetOptions)
Start importing Assets/AreaBattle/Resources/Recovered/Outgame/Sprites/CAB-792f0579f07cf3d654eb47fd5e973bca_-4315546867442323447.png using Guid(61a6fd5d2c4693d469f9da25174b1f1d) (TextureImporter) -> (artifact id: '927e3d17e58fc8b21b464bf0ccdb7055') in 0.0020422 seconds
Refreshing native plugins compatible for Editor in 0.00 ms, found 0 plugins.
Preloading 0 native plugins for Editor in 0.00 ms.
Asset Pipeline Refresh (id=a09bb33c5acb772448566d980914fca2): Total: 0.007 seconds - Initiated by StopAssetImportingV2(NoUpdateAssetOptions)
Start importing Assets/AreaBattle/Resources/Recovered/Outgame/Sprites/CAB-792f0579f07cf3d654eb47fd5e973bca_8872663584802208025.png using Guid(7d6048675b58ab641b5442272995cbb3) (TextureImporter) -> (artifact id: '73137b602168075ec4a4a5630474036e') in 0.0026763 seconds
Refreshing native plugins compatible for Editor in 0.00 ms, found 0 plugins.
Preloading 0 native plugins for Editor in 0.00 ms.
Asset Pipeline Refresh (id=29272b9f90a7f90419f9a9c7b842b338): Total: 0.007 seconds - Initiated by StopAssetImportingV2(NoUpdateAssetOptions)
Start importing Assets/AreaBattle/Resources/Recovered/Outgame/Sprites/CAB-792f0579f07cf3d654eb47fd5e973bca_8872663584802208025.png using Guid(7d6048675b58ab641b5442272995cbb3) (TextureImporter) -> (artifact id: '73137b602168075ec4a4a5630474036e') in 0.0023063 seconds
Refreshing native plugins compatible for Editor in 0.00 ms, found 0 plugins.
Preloading 0 native plugins for Editor in 0.00 ms.
Asset Pipeline Refresh (id=3cfd3cac4df91c342a3fb4de664e2d49): Total: 0.006 seconds - Initiated by StopAssetImportingV2(NoUpdateAssetOptions)
Start importing Assets/AreaBattle/Resources/Recovered/Outgame/Sprites/CAB-792f0579f07cf3d654eb47fd5e973bca_-5574788738057904681.png using Guid(50bec8c8d285d984e8aef1b8c4c32021) (TextureImporter) -> (artifact id: 'e4ec90b91c4f02a33f61b26a7413afde') in 0.0013399 seconds
Refreshing native plugins compatible for Editor in 0.00 ms, found 0 plugins.
Preloading 0 native plugins for Editor in 0.00 ms.
Asset Pipeline Refresh (id=d857577220af6924f9ac369f90a5615c): Total: 0.005 seconds - Initiated by StopAssetImportingV2(NoUpdateAssetOptions)
Start importing Assets/AreaBattle/Resources/Recovered/Outgame/Sprites/CAB-792f0579f07cf3d654eb47fd5e973bca_-5574788738057904681.png using Guid(50bec8c8d285d984e8aef1b8c4c32021) (TextureImporter) -> (artifact id: 'e4ec90b91c4f02a33f61b26a7413afde') in 0.0011616 seconds
Refreshing native plugins compatible for Editor in 0.00 ms, found 0 plugins.
Preloading 0 native plugins for Editor in 0.00 ms.
Asset Pipeline Refresh (id=790df69580ded7e498d5a173c3714840): Total: 0.005 seconds - Initiated by StopAssetImportingV2(NoUpdateAssetOptions)
Start importing Assets/AreaBattle/Resources/Recovered/Outgame/Sprites/CAB-792f0579f07cf3d654eb47fd5e973bca_351421032368338370.png using Guid(51dbd6401fe58544a8279329eff18768) (TextureImporter) -> (artifact id: '885e2dd58c7a93bbe371d64019133404') in 0.0012207 seconds
Refreshing native plugins compatible for Editor in 0.00 ms, found 0 plugins.
Preloading 0 native plugins for Editor in 0.00 ms.
Asset Pipeline Refresh (id=a7bf8f47bbe33744caf42a533b270014): Total: 0.005 seconds - Initiated by StopAssetImportingV2(NoUpdateAssetOptions)
Start importing Assets/AreaBattle/Resources/Recovered/Outgame/Sprites/CAB-792f0579f07cf3d654eb47fd5e973bca_351421032368338370.png using Guid(51dbd6401fe58544a8279329eff18768) (TextureImporter) -> (artifact id: '885e2dd58c7a93bbe371d64019133404') in 0.0011811 seconds
Refreshing native plugins compatible for Editor in 0.00 ms, found 0 plugins.
Preloading 0 native plugins for Editor in 0.00 ms.
Asset Pipeline Refresh (id=2ea5b676273272845884054802f95c2f): Total: 0.005 seconds - Initiated by StopAssetImportingV2(NoUpdateAssetOptions)
Start importing Assets/AreaBattle/Resources/Recovered/Outgame/Sprites/CAB-792f0579f07cf3d654eb47fd5e973bca_8405129520969696233.png using Guid(9656cc62c9e84e64094f55746d4ab64b) (TextureImporter) -> (artifact id: 'f4d1c04a928bc5513fcf96be91a731f8') in 0.003503 seconds
Refreshing native plugins compatible for Editor in 0.00 ms, found 0 plugins.
Preloading 0 native plugins for Editor in 0.00 ms.
Asset Pipeline Refresh (id=56d1a3bc5cb51934e8a6f67adccf3366): Total: 0.007 seconds - Initiated by StopAssetImportingV2(NoUpdateAssetOptions)
Start importing Assets/AreaBattle/Resources/Recovered/Outgame/Sprites/CAB-792f0579f07cf3d654eb47fd5e973bca_8405129520969696233.png using Guid(9656cc62c9e84e64094f55746d4ab64b) (TextureImporter) -> (artifact id: 'f4d1c04a928bc5513fcf96be91a731f8') in 0.0031943 seconds
Refreshing native plugins compatible for Editor in 0.00 ms, found 0 plugins.
Preloading 0 native plugins for Editor in 0.00 ms.
Asset Pipeline Refresh (id=41d1f8e6e7f53b54fa9bd7395ea3af7d): Total: 0.007 seconds - Initiated by StopAssetImportingV2(NoUpdateAssetOptions)
Start importing Assets/AreaBattle/Resources/Recovered/Outgame/Sprites/CAB-792f0579f07cf3d654eb47fd5e973bca_8637971076579629007.png using Guid(535a2e06aa73733438a89c0d3adb911a) (TextureImporter) -> (artifact id: '03abf541bd854ceec4c20b3814ad6c6b') in 0.0024692 seconds
Refreshing native plugins compatible for Editor in 0.00 ms, found 0 plugins.
Preloading 0 native plugins for Editor in 0.00 ms.
Asset Pipeline Refresh (id=2b6d1e376f0e7124e82ab5d9df5a9dac): Total: 0.006 seconds - Initiated by StopAssetImportingV2(NoUpdateAssetOptions)
Start importing Assets/AreaBattle/Resources/Recovered/Outgame/Sprites/CAB-792f0579f07cf3d654eb47fd5e973bca_8637971076579629007.png using Guid(535a2e06aa73733438a89c0d3adb911a) (TextureImporter) -> (artifact id: '03abf541bd854ceec4c20b3814ad6c6b') in 0.0023643 seconds
Refreshing native plugins compatible for Editor in 0.00 ms, found 0 plugins.
Preloading 0 native plugins for Editor in 0.00 ms.
Asset Pipeline Refresh (id=5ecd9d41738c9cd4093eb1ef439298a4): Total: 0.006 seconds - Initiated by StopAssetImportingV2(NoUpdateAssetOptions)
Start importing Assets/AreaBattle/Resources/Recovered/Outgame/Sprites/CAB-792f0579f07cf3d654eb47fd5e973bca_2913494975718609691.png using Guid(b522c33f60faf594393465f7898b23cd) (TextureImporter) -> (artifact id: '78192ae14ff93330309b4f5989a86df4') in 0.0015428 seconds
Refreshing native plugins compatible for Editor in 0.00 ms, found 0 plugins.
Preloading 0 native plugins for Editor in 0.00 ms.
Asset Pipeline Refresh (id=673f7e3e8b5ec044e858c36557d3ae32): Total: 0.005 seconds - Initiated by StopAssetImportingV2(NoUpdateAssetOptions)
Start importing Assets/AreaBattle/Resources/Recovered/Outgame/Sprites/CAB-792f0579f07cf3d654eb47fd5e973bca_2913494975718609691.png using Guid(b522c33f60faf594393465f7898b23cd) (TextureImporter) -> (artifact id: '78192ae14ff93330309b4f5989a86df4') in 0.0013187 seconds
Refreshing native plugins compatible for Editor in 0.00 ms, found 0 plugins.
Preloading 0 native plugins for Editor in 0.00 ms.
Asset Pipeline Refresh (id=f06ba7a0002cd3243b8161b5f18013c1): Total: 0.005 seconds - Initiated by StopAssetImportingV2(NoUpdateAssetOptions)
Start importing Assets/AreaBattle/Resources/Recovered/Outgame/Sprites/CAB-792f0579f07cf3d654eb47fd5e973bca_-115335406232709769.png using Guid(8223fe7fe53795345b66b35837975b0f) (TextureImporter) -> (artifact id: '7337e803f69493b6d7512922d91561a5') in 0.0015352 seconds
Refreshing native plugins compatible for Editor in 0.00 ms, found 0 plugins.
Preloading 0 native plugins for Editor in 0.00 ms.
Asset Pipeline Refresh (id=6b46eb8cc4e14114f9581efe3c65a154): Total: 0.005 seconds - Initiated by StopAssetImportingV2(NoUpdateAssetOptions)
Start importing Assets/AreaBattle/Resources/Recovered/Outgame/Sprites/CAB-792f0579f07cf3d654eb47fd5e973bca_-115335406232709769.png using Guid(8223fe7fe53795345b66b35837975b0f) (TextureImporter) -> (artifact id: '7337e803f69493b6d7512922d91561a5') in 0.0013678 seconds
Refreshing native plugins compatible for Editor in 0.00 ms, found 0 plugins.
Preloading 0 native plugins for Editor in 0.00 ms.
Asset Pipeline Refresh (id=ebb36584f7bcc3545949c7c50bbfcd31): Total: 0.005 seconds - Initiated by StopAssetImportingV2(NoUpdateAssetOptions)
Start importing Assets/AreaBattle/Resources/Recovered/Outgame/Sprites/CAB-792f0579f07cf3d654eb47fd5e973bca_8956882279378107137.png using Guid(4d95be4e959f1074a8286c02393b498f) (TextureImporter) -> (artifact id: 'f96c2be8f159e5e5db064b7fc0db27f4') in 0.0016076 seconds
Refreshing native plugins compatible for Editor in 0.00 ms, found 0 plugins.
Preloading 0 native plugins for Editor in 0.00 ms.
Asset Pipeline Refresh (id=7a8d32c7276a6b14f9e5a7800fcf7171): Total: 0.005 seconds - Initiated by StopAssetImportingV2(NoUpdateAssetOptions)
Start importing Assets/AreaBattle/Resources/Recovered/Outgame/Sprites/CAB-792f0579f07cf3d654eb47fd5e973bca_8956882279378107137.png using Guid(4d95be4e959f1074a8286c02393b498f) (TextureImporter) -> (artifact id: 'f96c2be8f159e5e5db064b7fc0db27f4') in 0.0014778 seconds
Refreshing native plugins compatible for Editor in 0.00 ms, found 0 plugins.
Preloading 0 native plugins for Editor in 0.00 ms.
Asset Pipeline Refresh (id=2775fca9640ed474d86aaddac8d49780): Total: 0.005 seconds - Initiated by StopAssetImportingV2(NoUpdateAssetOptions)
Start importing Assets/AreaBattle/Resources/Recovered/Outgame/Sprites/CAB-792f0579f07cf3d654eb47fd5e973bca_-624563809540653018.png using Guid(eb1754bcb6a94ec408bf75b515bfa526) (TextureImporter) -> (artifact id: 'e1e606cc6b9becc387f9cdafee51c804') in 0.0012021 seconds
Refreshing native plugins compatible for Editor in 0.00 ms, found 0 plugins.
Preloading 0 native plugins for Editor in 0.00 ms.
Asset Pipeline Refresh (id=76cf68acbc3780040a42a870a47edf30): Total: 0.005 seconds - Initiated by StopAssetImportingV2(NoUpdateAssetOptions)
Start importing Assets/AreaBattle/Resources/Recovered/Outgame/Sprites/CAB-792f0579f07cf3d654eb47fd5e973bca_-624563809540653018.png using Guid(eb1754bcb6a94ec408bf75b515bfa526) (TextureImporter) -> (artifact id: 'e1e606cc6b9becc387f9cdafee51c804') in 0.0010947 seconds
Refreshing native plugins compatible for Editor in 0.00 ms, found 0 plugins.
Preloading 0 native plugins for Editor in 0.00 ms.
Asset Pipeline Refresh (id=baff8182a717792459bf6154216a227d): Total: 0.005 seconds - Initiated by StopAssetImportingV2(NoUpdateAssetOptions)
Start importing Assets/AreaBattle/Resources/Recovered/Outgame/Fonts/CAB-a14f3eb3adf948afc8e578331928efaf_6544835752251692798.ttf using Guid(c7cb7519045e4f84592da6966a24a24e) (TrueTypeFontImporter) -> (artifact id: '8a65cf0614ceaf17041510aa701f85b8') in 0.0023097 seconds
Refreshing native plugins compatible for Editor in 0.00 ms, found 0 plugins.
Preloading 0 native plugins for Editor in 0.00 ms.
Asset Pipeline Refresh (id=fab76e649db30974eb5726d123555634): Total: 0.006 seconds - Initiated by StopAssetImportingV2(NoUpdateAssetOptions)
Start importing Assets/AreaBattle/Resources/Recovered/Outgame/Fonts/CAB-a14f3eb3adf948afc8e578331928efaf_-8154394059653640722.ttf using Guid(e1c19b28624cc964faa93ba4b41e5a65) (TrueTypeFontImporter) -> (artifact id: '3c4b8f7a6858d86ae278a1355ce0f097') in 0.0043794 seconds
Refreshing native plugins compatible for Editor in 0.00 ms, found 0 plugins.
Preloading 0 native plugins for Editor in 0.00 ms.
Asset Pipeline Refresh (id=4b512207e2e0b9945bd8438f18ba9e15): Total: 0.008 seconds - Initiated by StopAssetImportingV2(NoUpdateAssetOptions)
Start importing Assets/AreaBattle/Resources/Recovered/Outgame/Fonts/CAB-a14f3eb3adf948afc8e578331928efaf_6544835752251692798.ttf using Guid(c7cb7519045e4f84592da6966a24a24e) (TrueTypeFontImporter) -> (artifact id: '8a65cf0614ceaf17041510aa701f85b8') in 0.001222 seconds
Refreshing native plugins compatible for Editor in 0.00 ms, found 0 plugins.
Preloading 0 native plugins for Editor in 0.00 ms.
Asset Pipeline Refresh (id=9e1c908da8ccd1e43a1ac70cb0deb32c): Total: 0.005 seconds - Initiated by StopAssetImportingV2(NoUpdateAssetOptions)
Asset Pipeline Refresh (id=8e679bdf9a7912047ae1f3babce0a0db): Total: 0.012 seconds - Initiated by RefreshV2(NoUpdateAssetOptions)
Start importing Assets/AreaBattle/Resources/Recovered/Outgame/MenuTabUI.prefab using Guid(e86dc2c908f87ba4aa937fee134aabd3) (PrefabImporter) -> (artifact id: '99a27448e4373b6eee85cacf38822b3c') in 0.0064544 seconds
Refreshing native plugins compatible for Editor in 0.00 ms, found 0 plugins.
Preloading 0 native plugins for Editor in 0.00 ms.
Asset Pipeline Refresh (id=ae696518099b07d49a991ec8c5ca5863): Total: 0.014 seconds - Initiated by StopAssetImportingV2(NoUpdateAssetOptions)
Start importing Assets/AreaBattle/Resources/Recovered/Outgame/MenuTabUI.prefab using Guid(e86dc2c908f87ba4aa937fee134aabd3) (PrefabImporter) -> (artifact id: '99a27448e4373b6eee85cacf38822b3c') in 0.0050668 seconds
Refreshing native plugins compatible for Editor in 0.00 ms, found 0 plugins.
Preloading 0 native plugins for Editor in 0.00 ms.
Asset Pipeline Refresh (id=b12ced6f1d1f055479e663f6b93c27cd): Total: 0.012 seconds - Initiated by StopAssetImportingV2(NoUpdateAssetOptions)
Start importing Assets/AreaBattle/Resources/Recovered/Outgame/Proj_xqzdStartUI.prefab using Guid(53cc7c1daf55dc54da37289ff428fca0) (PrefabImporter) -> (artifact id: '86895a081bad8aec4887bf15a025b075') in 0.0070951 seconds
Refreshing native plugins compatible for Editor in 0.00 ms, found 0 plugins.
Preloading 0 native plugins for Editor in 0.00 ms.
Asset Pipeline Refresh (id=0a2dfd90bf278ee4cabb9e379e8fc2dd): Total: 0.015 seconds - Initiated by StopAssetImportingV2(NoUpdateAssetOptions)
Start importing Assets/AreaBattle/Resources/Recovered/Outgame/Proj_xqzdStartUI.prefab using Guid(53cc7c1daf55dc54da37289ff428fca0) (PrefabImporter) -> (artifact id: '86895a081bad8aec4887bf15a025b075') in 0.006965 seconds
Refreshing native plugins compatible for Editor in 0.00 ms, found 0 plugins.
Preloading 0 native plugins for Editor in 0.00 ms.
Asset Pipeline Refresh (id=e398795464732074596ebb501ba4ca0a): Total: 0.014 seconds - Initiated by StopAssetImportingV2(NoUpdateAssetOptions)
Start importing Assets/AreaBattle/Resources/Recovered/Outgame/CommanderUI.prefab using Guid(364007ee9c153894c8c2d01ec8762279) (PrefabImporter) -> (artifact id: '2af90e617a7a79af7b6b37e9f882ccfa') in 0.0083194 seconds
Refreshing native plugins compatible for Editor in 0.00 ms, found 0 plugins.
Preloading 0 native plugins for Editor in 0.00 ms.
Asset Pipeline Refresh (id=cda60c334f15989498867db453441b22): Total: 0.017 seconds - Initiated by StopAssetImportingV2(NoUpdateAssetOptions)
Start importing Assets/AreaBattle/Resources/Recovered/Outgame/CommanderUI.prefab using Guid(364007ee9c153894c8c2d01ec8762279) (PrefabImporter) -> (artifact id: '2af90e617a7a79af7b6b37e9f882ccfa') in 0.0096509 seconds
Refreshing native plugins compatible for Editor in 0.00 ms, found 0 plugins.
Preloading 0 native plugins for Editor in 0.00 ms.
Asset Pipeline Refresh (id=e96f6991a8dad964c9fb6878bda2000b): Total: 0.018 seconds - Initiated by StopAssetImportingV2(NoUpdateAssetOptions)
Start importing Assets/AreaBattle/Resources/Recovered/Outgame/ShopUI.prefab using Guid(3e26950b29729974ba5e9d7d5b5a54d5) (PrefabImporter) -> (artifact id: '3594d2fdd16ea7190109504aaa2367c7') in 0.0126389 seconds
Refreshing native plugins compatible for Editor in 0.00 ms, found 0 plugins.
Preloading 0 native plugins for Editor in 0.00 ms.
Asset Pipeline Refresh (id=d6dc0df14f7685a429cfbb7e0525a50a): Total: 0.023 seconds - Initiated by StopAssetImportingV2(NoUpdateAssetOptions)
Start importing Assets/AreaBattle/Resources/Recovered/Outgame/ShopUI.prefab using Guid(3e26950b29729974ba5e9d7d5b5a54d5) (PrefabImporter) -> (artifact id: '3594d2fdd16ea7190109504aaa2367c7') in 0.0111408 seconds
Refreshing native plugins compatible for Editor in 0.00 ms, found 0 plugins.
Preloading 0 native plugins for Editor in 0.00 ms.
Asset Pipeline Refresh (id=0430142a4908d88449b5b5b91e438422): Total: 0.021 seconds - Initiated by StopAssetImportingV2(NoUpdateAssetOptions)
Start importing Assets/AreaBattle/Resources/Recovered/Outgame/hud-import.json using Guid(06b86b9c3617b4d40a61034859f8eab3) (TextScriptImporter) -> (artifact id: 'b0ebfb715a3a4086b5a644f92514ced5') in 0.0017528 seconds
Refreshing native plugins compatible for Editor in 0.00 ms, found 0 plugins.
Preloading 0 native plugins for Editor in 0.00 ms.
Asset Pipeline Refresh (id=3d6a0866d98866f4cbe1e378ec89398f): Total: 0.006 seconds - Initiated by StopAssetImportingV2(NoUpdateAssetOptions)
[Physics::Module] Cleanup current backned.
[Physics::Module] Id: 0xf2b8ea05
Input System module state changed to: ShutdownInProgress.
Input System polling thread exited.
Input System module state changed to: Shutdown.
[Licensing::IpcConnector] LicenseClient-jiachengwei-notifications channel disconnected successfully.
[Licensing::IpcConnector] LicenseClient-jiachengwei channel disconnected successfully.
AcceleratorClientConnectionCallback - disconnected - :0
Cleanup mono
Checking for leaked weakptr:
  Found no leaked weakptrs.
[Package Manager] Server process was shutdown
##utp:{"type":"MemoryLeaks","version":2,"phase":"Immediate","time":1790667149715,"processId":44380,"allocatedMemory":15427750,"memoryLabels":[{"Default":28597},{"Permanent":15356},{"NewDelete":70537},{"Thread":4230344},{"Manager":37786},{"VertexData":8},{"Geometry":816},{"VFX":-104},{"Texture":160},{"Shader":78795},{"Material":24},{"GfxDevice":55176},{"Animation":392},{"Audio":4040},{"Font":2882904},{"FreeType":11486},{"FontEngine":256},{"Physics":2081},{"Serialization":816},{"Input":14824},{"JobScheduler":33024},{"TextLib":160},{"Mono":32},{"ScriptingNativeRuntime":155060},{"BaseObject":1704208},{"Resource":1304},{"Renderer":2928},{"Transform":4646},{"File":1016},{"WebCam":616},{"Culling":32},{"Terrain":11394},{"Wind":24},{"STL":40},{"String":305008},{"DynamicArray":88899},{"HashMap":62276},{"Utility":2662798},{"Curl":48},{"PoolAlloc":1768},{"AI":104},{"TypeTree":5005},{"ScriptManager":512},{"RuntimeInitializeOnLoadManager":64},{"SpriteAtlas":112},{"GI":7888},{"Director":8240},{"CloudService":69408},{"WebRequest":808},{"VR":45969},{"SceneManager":496},{"Video":64},{"LazyScriptCache":32},{"Camera":17},{"Secure":1},{"SerializationCache":1576},{"APIUpdating":10320},{"Subsystems":336},{"VirtualTexturing":57888},{"StaticSafetyDebugInfo":278528},{"Analytics":384},{"Hierarchy":272},{"Gui":80},{"EditorUtility":26460},{"VersionControl":4},{"Undo":947},{"AssetDatabase":2401902},{"EditorGi":328},{"UnityConnect":24184},{"Upm":2036},{"DrivenProperties":72},{"LocalIPC":217},{"ProfilerEditor":9746},{"CoreBusinessMetrics":2879},{"Licensing":1232},{"AssetReference":32},{"IPCStream":32}]}
