Unity Editor version:    6000.3.7f1 (696ec25a53d1)
Branch:                  6000.3/staging
Build type:              Release
Batch mode:              YES
macOS version:           Version 26.3.1 (a) (Build 25D771280a)
Darwin version:          25.3.0
Architecture:            arm64
Running under Rosetta:   NO
Available memory:        32768 MB
Date:                    2026-10-04T14:01:57Z
[Licensing::Module] Trying to connect to existing licensing client channel...
[Licensing::IpcConnector] Successfully connected to: "LicenseClient-mt" at "2026-10-04T14:01:57.544146Z"
Launching external process: /Applications/Unity6000.3.7f1/Unity-6000.3.7f1/Unity.app/Contents/Resources/PackageManager/Server/UnityPackageManager

COMMAND LINE ARGUMENTS:
/Applications/Unity6000.3.7f1/Unity-6000.3.7f1/Unity.app/Contents/MacOS/Unity
-batchmode
-quit
-projectPath
/private/tmp/areabattle-validation-20261003/UnityProject
-executeMethod
AreaBattle.EditorTools.BattleBuild.ValidateMechanicsOnly
-logFile
/private/tmp/areabattle-validation-20261003/analysis/web-request-integrated.log
Successfully changed project path to: /private/tmp/areabattle-validation-20261003/UnityProject
/private/tmp/areabattle-validation-20261003/UnityProject
[UnityMemory] Configuration Parameters - Can be set up in boot.config
    "memorysetup-allocator-temp-initial-block-size-main=262144"
    "memorysetup-allocator-temp-initial-block-size-worker=262144"
    "memorysetup-temp-allocator-size-background-worker=32768"
    "memorysetup-temp-allocator-size-job-worker=262144"
    "memorysetup-temp-allocator-size-preload-manager=33554432"
    "memorysetup-temp-allocator-size-nav-mesh-worker=65536"
    "memorysetup-temp-allocator-size-audio-worker=65536"
    "memorysetup-temp-allocator-size-cloud-worker=32768"
    "memorysetup-bucket-allocator-granularity=16"
    "memorysetup-bucket-allocator-bucket-count=8"
    "memorysetup-bucket-allocator-block-size=33554432"
    "memorysetup-bucket-allocator-block-count=8"
    "memorysetup-main-allocator-block-size=16777216"
    "memorysetup-thread-allocator-block-size=16777216"
    "memorysetup-gfx-main-allocator-block-size=16777216"
    "memorysetup-gfx-thread-allocator-block-size=16777216"
    "memorysetup-cache-allocator-block-size=4194304"
    "memorysetup-typetree-allocator-block-size=2097152"
    "memorysetup-profiler-bucket-allocator-granularity=16"
    "memorysetup-profiler-bucket-allocator-bucket-count=8"
    "memorysetup-profiler-bucket-allocator-block-size=33554432"
    "memorysetup-profiler-bucket-allocator-block-count=8"
    "memorysetup-profiler-allocator-block-size=16777216"
    "memorysetup-profiler-editor-allocator-block-size=1048576"
    "memorysetup-temp-allocator-size-main=16777216"
    "memorysetup-job-temp-allocator-block-size=2097152"
    "memorysetup-job-temp-allocator-block-size-background=1048576"
    "memorysetup-job-temp-allocator-reduction-small-platforms=262144"
    "memorysetup-temp-allocator-size-gi-baking-worker=262144"
    "memorysetup-temp-allocator-size-gi-baking-worker=262144"
    "memorysetup-temp-allocator-size-gi-baking-worker=262144"
    "memorysetup-temp-allocator-size-gi-baking-worker=262144"
    "memorysetup-temp-allocator-size-gi-baking-worker=262144"
    "memorysetup-temp-allocator-size-gfx=262144"
Player connection [8506192128]  Target information:

Player connection [8506192128]  * "[IP] 192.168.0.136 [Port] 55504 [Flags] 2 [Guid] 3121740432 [EditorId] 3121740432 [Version] 1048832 [Id] OSXEditor(0,mtdeMacBook-Pro.local) [Debug] 1 [PackageName] OSXEditor [ProjectName] Editor" 

Player connection [8506192128]  * "[IP] 172.16.224.198 [Port] 55504 [Flags] 2 [Guid] 3121740432 [EditorId] 3121740432 [Version] 1048832 [Id] OSXEditor(0,mtdeMacBook-Pro.local) [Debug] 1 [PackageName] OSXEditor [ProjectName] Editor" 

Player connection [8506192128] Host joined multi-casting on [225.0.0.222:54997]...
Player connection [8506192128] Host joined alternative multi-casting on [225.0.0.222:34997]...
Input System module state changed to: Initialized.
[Physics::Module] Initialized fallback backend.
[Physics::Module] Id: 0xdecafbad
[Package Manager] Connected to IPC stream "Upm-26472" after 0.1 seconds.
[Licensing::Module] Licensing is not yet initialized.
[Licensing::Client] Code 0 while verifying Licensing Client signature (process Id: 75619, path: "/Applications/Unity6000.3.7f1/Unity-6000.3.7f1/Unity.app/Contents/Helpers/UnityLicensingClient.app/Contents/MacOS/Unity.Licensing.Client")
[Licensing::Module] LicensingClient has failed validation; ignoring
[Licensing::Client] Handshaking with LicensingClient:
  Version:                 1.17.4+4293ba1
  Session Id:              b719715519fe49d39d8001aa220a9331
  Correlation Id:          5590b3a76bba764bac1a831184dbb7b5
  External correlation Id: 7987212636706636826
  Machine Id:              TkagbQsjfXQmspsXe7+0nD9Nk6Q=
[Licensing::Module] Successfully connected to LicensingClient on channel: "LicenseClient-mt" (connect: 0.00s, validation: 0.00s, handshake: 0.31s)
[Licensing::IpcConnector] Successfully connected to: "LicenseClient-mt-notifications" at "2026-10-04T14:01:57.858416Z"
[Licensing::Module] Error: Access token is unavailable; failed to update
[Licensing::Client] Successfully resolved entitlement details
[Licensing::Module] License group:
  Id: 00-0000-0000-0000-0000-XXXX
  Product: Unity Pro
  Type: ULF
  Expiration: Unlimited
[Licensing::Client] Successfully updated license, isAsync: True, time: 0.00
[Licensing::Client] Successfully resolved entitlement details
[Licensing::Module] Licensing Background thread has ended after 0.32s
[Licensing::Module] Licensing is initialized (took 0.08s).
[Licensing::Client] Successfully resolved entitlement details
Library Redirect Path: Library/
[Physics::Module] Selected backend.
[Physics::Module] Name: PhysX
[Physics::Module] Id: 0xf2b8ea05
[Physics::Module] SDK Version: 4.1.2
[Physics::Module] Integration Version: 1.0.0
[Physics::Module] Threading Mode: Multi-Threaded
Refreshing native plugins compatible for Editor in 0.00 ms, found 0 plugins.
Preloading 0 native plugins for Editor in 0.00 ms.
Initialize engine version: 6000.3.7f1 (696ec25a53d1)
[Subsystems] Discovering subsystems at path /Applications/Unity6000.3.7f1/Unity-6000.3.7f1/Unity.app/Contents/Resources/UnitySubsystems
[Subsystems] Discovering subsystems at path /private/tmp/areabattle-validation-20261003/UnityProject/Assets
GfxDevice: creating device client; kGfxThreadingModeNonThreaded
 preferred device: Apple M2 Pro (high power)
Metal devices available: 1
0: Apple M2 Pro (high power)
Using device Apple M2 Pro (high power)
Initializing Metal device caps: Apple M2 Pro
Mac GPU Family: 2
Apple GPU Family: 8
MSL Version: 3.0
Has Float MSAA: 1
Has Float Filtering: 1
ReadWrite Texture Tier: 2
Initialize mono
Mono path[0] = '/Applications/Unity6000.3.7f1/Unity-6000.3.7f1/Unity.app/Contents/Resources/Scripting/Managed'
Mono path[1] = '/Applications/Unity6000.3.7f1/Unity-6000.3.7f1/Unity.app/Contents/Resources/Scripting/MonoBleedingEdge/lib/mono/unityjit-macos'
Mono config path = '/Applications/Unity6000.3.7f1/Unity-6000.3.7f1/Unity.app/Contents/Resources/Scripting/MonoBleedingEdge/etc'
Using monoOptions --debugger-agent=transport=dt_socket,embedding=1,server=y,suspend=n,address=127.0.0.1:56472
Using cacheserver namespaces - metadata:defaultmetadata, artifacts:defaultartifacts
Using cacheserver namespaces - metadata:defaultmetadata, artifacts:defaultartifacts
ImportWorker Server TCP listen port: 0
AcceleratorClientConnectionCallback - disconnected - :0
Begin MonoManager ReloadAssembly
Registering precompiled unity dll's ...
Register platform support module: /Applications/Unity6000.3.7f1/Unity-6000.3.7f1/Unity.app/Contents/PlaybackEngines/MacStandaloneSupport/UnityEditor.OSXStandalone.Extensions.dll
[Licensing::Client] Successfully resolved entitlement details
Register platform support module: /Applications/Unity6000.3.7f1/Unity-6000.3.7f1/PlaybackEngines/AndroidPlayer/UnityEditor.Android.Extensions.dll
[Licensing::Client] Successfully resolved entitlement details
Register platform support module: /Applications/Unity6000.3.7f1/Unity-6000.3.7f1/PlaybackEngines/iOSSupport/UnityEditor.iOS.Extensions.dll
Registered in 0.008444 seconds.
- Loaded All Assemblies, in  0.281 seconds
[usbmuxd] Start listen thread
[usbmuxd] Listen thread started
[usbmuxd] Send listen message
Native extension for iOS target not found
Native extension for Android target not found
Native extension for OSXStandalone target not found
ScheduleIndexationOnStartup MainProcess:False IndexOnStartup:False
Mono: successfully reloaded assembly
- Finished resetting the current domain, in  0.307 seconds
Domain Reload Profiling: 588ms
	BeginReloadAssembly (92ms)
		ExecutionOrderSort (0ms)
		DisableScriptedObjects (0ms)
		BackupInstance (0ms)
		ReleaseScriptingObjects (0ms)
		CreateAndSetChildDomain (18ms)
	RebuildCommonClasses (24ms)
	RebuildNativeTypeToScriptingClass (10ms)
	initialDomainReloadingComplete (34ms)
	LoadAllAssembliesAndSetupDomain (121ms)
		LoadAssemblies (75ms)
		RebuildTransferFunctionScriptingTraits (0ms)
		AnalyzeDomain (119ms)
			TypeCache.Refresh (117ms)
				TypeCache.ScanAssembly (107ms)
			BuildScriptInfoCaches (0ms)
			ResolveRequiredComponents (0ms)
	FinalizeReload (307ms)
		ReleaseScriptCaches (0ms)
		RebuildScriptCaches (0ms)
		SetupLoadedEditorAssemblies (279ms)
			LogAssemblyErrors (0ms)
			InitializePlatformSupportModulesInManaged (74ms)
			SetLoadedEditorAssemblies (3ms)
			BeforeProcessingInitializeOnLoad (62ms)
			ProcessInitializeOnLoadAttributes (93ms)
			ProcessInitializeOnLoadMethodAttributes (47ms)
			AfterProcessingInitializeOnLoad (0ms)
			EditorAssembliesLoaded (0ms)
		ExecutionOrderSort2 (0ms)
		AwakeInstancesAfterBackupRestoration (0ms)
[Licensing::Client] Successfully resolved entitlement details
Application.AssetDatabase Initial Refresh Start
Package Manager log level set to [2]
[Package Manager] Restoring resolved packages state from cache
[Licensing::Client] Successfully resolved entitlement details
[Package Manager] Registered 38 packages:
  Built-in packages:
    com.unity.multiplayer.center@1.0.1 (location: /private/tmp/areabattle-validation-20261003/UnityProject/Library/PackageCache/com.unity.multiplayer.center@f01f4ba8d00a)
    com.unity.ugui@2.0.0 (location: /private/tmp/areabattle-validation-20261003/UnityProject/Library/PackageCache/com.unity.ugui@11343a6274f3)
    com.unity.modules.accessibility@1.0.0 (location: /private/tmp/areabattle-validation-20261003/UnityProject/Library/PackageCache/com.unity.modules.accessibility)
    com.unity.modules.adaptiveperformance@1.0.0 (location: /private/tmp/areabattle-validation-20261003/UnityProject/Library/PackageCache/com.unity.modules.adaptiveperformance)
    com.unity.modules.ai@1.0.0 (location: /private/tmp/areabattle-validation-20261003/UnityProject/Library/PackageCache/com.unity.modules.ai)
    com.unity.modules.androidjni@1.0.0 (location: /private/tmp/areabattle-validation-20261003/UnityProject/Library/PackageCache/com.unity.modules.androidjni)
    com.unity.modules.animation@1.0.0 (location: /private/tmp/areabattle-validation-20261003/UnityProject/Library/PackageCache/com.unity.modules.animation)
    com.unity.modules.assetbundle@1.0.0 (location: /private/tmp/areabattle-validation-20261003/UnityProject/Library/PackageCache/com.unity.modules.assetbundle)
    com.unity.modules.audio@1.0.0 (location: /private/tmp/areabattle-validation-20261003/UnityProject/Library/PackageCache/com.unity.modules.audio)
    com.unity.modules.cloth@1.0.0 (location: /private/tmp/areabattle-validation-20261003/UnityProject/Library/PackageCache/com.unity.modules.cloth)
    com.unity.modules.director@1.0.0 (location: /private/tmp/areabattle-validation-20261003/UnityProject/Library/PackageCache/com.unity.modules.director)
    com.unity.modules.imageconversion@1.0.0 (location: /private/tmp/areabattle-validation-20261003/UnityProject/Library/PackageCache/com.unity.modules.imageconversion)
    com.unity.modules.imgui@1.0.0 (location: /private/tmp/areabattle-validation-20261003/UnityProject/Library/PackageCache/com.unity.modules.imgui)
    com.unity.modules.jsonserialize@1.0.0 (location: /private/tmp/areabattle-validation-20261003/UnityProject/Library/PackageCache/com.unity.modules.jsonserialize)
    com.unity.modules.particlesystem@1.0.0 (location: /private/tmp/areabattle-validation-20261003/UnityProject/Library/PackageCache/com.unity.modules.particlesystem)
    com.unity.modules.physics@1.0.0 (location: /private/tmp/areabattle-validation-20261003/UnityProject/Library/PackageCache/com.unity.modules.physics)
    com.unity.modules.physics2d@1.0.0 (location: /private/tmp/areabattle-validation-20261003/UnityProject/Library/PackageCache/com.unity.modules.physics2d)
    com.unity.modules.screencapture@1.0.0 (location: /private/tmp/areabattle-validation-20261003/UnityProject/Library/PackageCache/com.unity.modules.screencapture)
    com.unity.modules.terrain@1.0.0 (location: /private/tmp/areabattle-validation-20261003/UnityProject/Library/PackageCache/com.unity.modules.terrain)
    com.unity.modules.terrainphysics@1.0.0 (location: /private/tmp/areabattle-validation-20261003/UnityProject/Library/PackageCache/com.unity.modules.terrainphysics)
    com.unity.modules.tilemap@1.0.0 (location: /private/tmp/areabattle-validation-20261003/UnityProject/Library/PackageCache/com.unity.modules.tilemap)
    com.unity.modules.ui@1.0.0 (location: /private/tmp/areabattle-validation-20261003/UnityProject/Library/PackageCache/com.unity.modules.ui)
    com.unity.modules.uielements@1.0.0 (location: /private/tmp/areabattle-validation-20261003/UnityProject/Library/PackageCache/com.unity.modules.uielements)
    com.unity.modules.umbra@1.0.0 (location: /private/tmp/areabattle-validation-20261003/UnityProject/Library/PackageCache/com.unity.modules.umbra)
    com.unity.modules.unityanalytics@1.0.0 (location: /private/tmp/areabattle-validation-20261003/UnityProject/Library/PackageCache/com.unity.modules.unityanalytics)
    com.unity.modules.unitywebrequest@1.0.0 (location: /private/tmp/areabattle-validation-20261003/UnityProject/Library/PackageCache/com.unity.modules.unitywebrequest)
    com.unity.modules.unitywebrequestassetbundle@1.0.0 (location: /private/tmp/areabattle-validation-20261003/UnityProject/Library/PackageCache/com.unity.modules.unitywebrequestassetbundle)
    com.unity.modules.unitywebrequestaudio@1.0.0 (location: /private/tmp/areabattle-validation-20261003/UnityProject/Library/PackageCache/com.unity.modules.unitywebrequestaudio)
    com.unity.modules.unitywebrequesttexture@1.0.0 (location: /private/tmp/areabattle-validation-20261003/UnityProject/Library/PackageCache/com.unity.modules.unitywebrequesttexture)
    com.unity.modules.unitywebrequestwww@1.0.0 (location: /private/tmp/areabattle-validation-20261003/UnityProject/Library/PackageCache/com.unity.modules.unitywebrequestwww)
    com.unity.modules.vectorgraphics@1.0.0 (location: /private/tmp/areabattle-validation-20261003/UnityProject/Library/PackageCache/com.unity.modules.vectorgraphics)
    com.unity.modules.vehicles@1.0.0 (location: /private/tmp/areabattle-validation-20261003/UnityProject/Library/PackageCache/com.unity.modules.vehicles)
    com.unity.modules.video@1.0.0 (location: /private/tmp/areabattle-validation-20261003/UnityProject/Library/PackageCache/com.unity.modules.video)
    com.unity.modules.vr@1.0.0 (location: /private/tmp/areabattle-validation-20261003/UnityProject/Library/PackageCache/com.unity.modules.vr)
    com.unity.modules.wind@1.0.0 (location: /private/tmp/areabattle-validation-20261003/UnityProject/Library/PackageCache/com.unity.modules.wind)
    com.unity.modules.xr@1.0.0 (location: /private/tmp/areabattle-validation-20261003/UnityProject/Library/PackageCache/com.unity.modules.xr)
    com.unity.modules.subsystems@1.0.0 (location: /private/tmp/areabattle-validation-20261003/UnityProject/Library/PackageCache/com.unity.modules.subsystems)
    com.unity.modules.hierarchycore@1.0.0 (location: /private/tmp/areabattle-validation-20261003/UnityProject/Library/PackageCache/com.unity.modules.hierarchycore)
[Subsystems] No new subsystems found in resolved package list.
[Package Manager] Done registering packages in 0.01 seconds
[ScriptCompilation] Requested script compilation because: Assetdatabase observed changes in script compilation related files
[40m[32minfo[39m[22m[49m: Microsoft.Hosting.Lifetime[14]
      Now listening on: http://unix:/tmp/ilpp.sock-b4295128722492fe3148b2072c065e13
[40m[32minfo[39m[22m[49m: Microsoft.Hosting.Lifetime[0]
      Application started. Press Ctrl+C to shut down.
[40m[32minfo[39m[22m[49m: Microsoft.Hosting.Lifetime[0]
      Hosting environment: Production
[40m[32minfo[39m[22m[49m: Microsoft.Hosting.Lifetime[0]
      Content root path: /private/tmp/areabattle-validation-20261003/UnityProject/
[40m[32minfo[39m[22m[49m: Microsoft.AspNetCore.Hosting.Diagnostics[1]
      Request starting HTTP/2 POST http://ilpp/UnityILPP.PostProcessing/Ping application/grpc -
[40m[32minfo[39m[22m[49m: Microsoft.AspNetCore.Routing.EndpointMiddleware[0]
      Executing endpoint 'gRPC - /UnityILPP.PostProcessing/Ping'
[40m[32minfo[39m[22m[49m: Microsoft.AspNetCore.Routing.EndpointMiddleware[1]
      Executed endpoint 'gRPC - /UnityILPP.PostProcessing/Ping'
[40m[32minfo[39m[22m[49m: Microsoft.AspNetCore.Hosting.Diagnostics[2]
      Request finished HTTP/2 POST http://ilpp/UnityILPP.PostProcessing/Ping application/grpc - - 200 - application/grpc 26.0271ms
Starting: /Applications/Unity6000.3.7f1/Unity-6000.3.7f1/Unity.app/Contents/Resources/BuildPipeline/bee_backend --ipc --defer-dag-verification --dagfile="Library/Bee/200b0aE.dag" --continue-on-failure --profile="Library/Bee/backend1.traceevents" ScriptAssemblies
WorkingDir: /private/tmp/areabattle-validation-20261003/UnityProject
DisplayProgressbar: Compiling Scripts
ExitCode: 4 Duration: 2s40ms
Rebuilding DAG because FileSignature timestamp changed: Library/Bee/200b0aE-inputdata.json
*** Tundra requires additional run (2.02 seconds), 1 items updated, 237 evaluated
Starting: /Applications/Unity6000.3.7f1/Unity-6000.3.7f1/Unity.app/Contents/Resources/Scripting/netcorerun/netcorerun "/Applications/Unity6000.3.7f1/Unity-6000.3.7f1/Unity.app/Contents/Resources/BuildPipeline/ScriptCompilationBuildProgram.exe" "Library/Bee/200b0aE.dag.json" "Library/Bee/200b0aE-inputdata.json" "Library/Bee/buildprogram0.traceevents"
WorkingDir: /private/tmp/areabattle-validation-20261003/UnityProject
ExitCode: 0 Duration: 0s387ms
Starting: /Applications/Unity6000.3.7f1/Unity-6000.3.7f1/Unity.app/Contents/Resources/BuildPipeline/bee_backend --ipc --defer-dag-verification --dagfile="Library/Bee/200b0aE.dag" --continue-on-failure --dagfilejson="Library/Bee/200b0aE.dag.json" --profile="Library/Bee/backend2.traceevents" ScriptAssemblies
WorkingDir: /private/tmp/areabattle-validation-20261003/UnityProject
ExitCode: 0 Duration: 2s904ms
Finished compiling graph: 247 nodes, 2320 flattened edges (2184 ToBuild, 22 ToUse), maximum node priority 123
[190/244    0s] WriteText Library/Bee/artifacts/200b0aE.dag/Assembly-CSharp.rsp
[191/244    0s] WriteText Library/Bee/artifacts/200b0aE.dag/Assembly-CSharp-Editor.rsp
[238/244    1s] Csc Library/Bee/artifacts/200b0aE.dag/Assembly-CSharp.dll (+2 others)
Assets/AreaBattle/Scripts/OutgameFlyRuntime.cs(10,59): warning CS0108: 'OutgameFlyRuntime.animation' hides inherited member 'Component.animation'. Use the new keyword if hiding was intended.
Assets/AreaBattle/ThirdParty/LitJson/JsonWriter.cs(387,21): warning CS3021: 'JsonWriter.Write(ulong)' does not need a CLSCompliant attribute because the assembly does not have a CLSCompliant attribute
Assets/AreaBattle/ThirdParty/Spine41/spine-unity/Components/SkeletonUtility/SkeletonUtility.cs(126,5): warning CS0618: 'Rigidbody2D.isKinematic' is obsolete: 'isKinematic has been deprecated. Please use bodyType.'
Assets/AreaBattle/ThirdParty/Spine41/spine-unity/Components/Following/BoundingBoxFollower.cs(167,7): warning CS0618: 'Collider2D.usedByComposite' is obsolete: 'usedByComposite has been deprecated. Please use compositeOperation.'
Assets/AreaBattle/ThirdParty/Spine41/spine-unity/Components/Following/BoundingBoxFollowerGraphic.cs(168,7): warning CS0618: 'Collider2D.usedByComposite' is obsolete: 'usedByComposite has been deprecated. Please use compositeOperation.'
Assets/AreaBattle/ThirdParty/Spine41/spine-unity/Components/EditorSkeletonPlayer.cs(57,51): warning CS0618: 'Object.FindObjectsOfType<T>()' is obsolete: 'Object.FindObjectsOfType has been deprecated. Use Object.FindObjectsByType instead which lets you decide whether you need the results sorted or not.  FindObjectsOfType sorts the results by InstanceID but if you do not need this using FindObjectSortMode.None is considerably faster.'
Assets/AreaBattle/Scripts/OutgameInputManager.cs(44,37): warning CS0414: The field 'OutgameInputManager.TouchDebug' is assigned but its value is never used
Assets/AreaBattle/Scripts/OutgameLegacyPrefabResource.cs(9,46): warning CS0414: The field 'OutgameLegacyPrefabResource.sprite' is assigned but its value is never used
Assets/AreaBattle/Scripts/OutgameLegacyPrefabResource.cs(9,28): warning CS0414: The field 'OutgameLegacyPrefabResource.mainObject' is assigned but its value is never used
Assets/AreaBattle/Scripts/OutgameTaskModels.cs(54,41): warning CS0414: The field 'OutgameTaskGroupData.m_ArriveVideoTimes' is assigned but its value is never used
Assets/AreaBattle/Scripts/OutgameInputManager.cs(45,62): warning CS0414: The field 'OutgameInputManager.MulTouchBegin' is assigned but its value is never used
Assets/AreaBattle/Scripts/OutgameTaskModels.cs(75,36): warning CS0414: The field 'OutgameTaskItemData.m_ArriveVideoTimes' is assigned but its value is never used
Assets/AreaBattle/Scripts/OutgameTaskModels.cs(23,44): warning CS0414: The field 'OutgameChildTaskData.m_ArriveVideoTimes' is assigned but its value is never used
Assets/AreaBattle/Scripts/OutgameActivityBusinessConfig.cs(9,13): warning CS0414: The field 'OutgameActivityConditionPriority.reserved' is assigned but its value is never used
[239/244    0s] CopyFiles Library/ScriptAssemblies/Assembly-CSharp.pdb
[240/244    0s] CopyFiles Library/ScriptAssemblies/Assembly-CSharp.dll
[241/244    1s] Csc Library/Bee/artifacts/200b0aE.dag/Assembly-CSharp-Editor.dll (+2 others)
Assets/AreaBattle/Editor/OutgameAudioNodeValidation.cs(18,34): warning CS0108: 'OutgameAudioNodeValidation.Fixture.GetType' hides inherited member 'object.GetType()'. Use the new keyword if hiding was intended.
Assets/AreaBattle/Editor/OutgameUpdateManagerPlayModeValidation.cs(14,117): warning CS0414: The field 'OutgameUpdateManagerPlayModeValidation.driveActions' is assigned but its value is never used
[242/244    0s] CopyFiles Library/ScriptAssemblies/Assembly-CSharp-Editor.pdb
[243/244    0s] CopyFiles Library/ScriptAssemblies/Assembly-CSharp-Editor.dll
*** Tundra build success (2.89 seconds), 8 items updated, 244 evaluated
Assets/AreaBattle/Scripts/OutgameFlyRuntime.cs(10,59): warning CS0108: 'OutgameFlyRuntime.animation' hides inherited member 'Component.animation'. Use the new keyword if hiding was intended.
Assets/AreaBattle/ThirdParty/LitJson/JsonWriter.cs(387,21): warning CS3021: 'JsonWriter.Write(ulong)' does not need a CLSCompliant attribute because the assembly does not have a CLSCompliant attribute
Assets/AreaBattle/ThirdParty/Spine41/spine-unity/Components/SkeletonUtility/SkeletonUtility.cs(126,5): warning CS0618: 'Rigidbody2D.isKinematic' is obsolete: 'isKinematic has been deprecated. Please use bodyType.'
Assets/AreaBattle/ThirdParty/Spine41/spine-unity/Components/Following/BoundingBoxFollower.cs(167,7): warning CS0618: 'Collider2D.usedByComposite' is obsolete: 'usedByComposite has been deprecated. Please use compositeOperation.'
Assets/AreaBattle/ThirdParty/Spine41/spine-unity/Components/Following/BoundingBoxFollowerGraphic.cs(168,7): warning CS0618: 'Collider2D.usedByComposite' is obsolete: 'usedByComposite has been deprecated. Please use compositeOperation.'
Assets/AreaBattle/ThirdParty/Spine41/spine-unity/Components/EditorSkeletonPlayer.cs(57,51): warning CS0618: 'Object.FindObjectsOfType<T>()' is obsolete: 'Object.FindObjectsOfType has been deprecated. Use Object.FindObjectsByType instead which lets you decide whether you need the results sorted or not.  FindObjectsOfType sorts the results by InstanceID but if you do not need this using FindObjectSortMode.None is considerably faster.'
Assets/AreaBattle/Scripts/OutgameInputManager.cs(44,37): warning CS0414: The field 'OutgameInputManager.TouchDebug' is assigned but its value is never used
Assets/AreaBattle/Scripts/OutgameLegacyPrefabResource.cs(9,46): warning CS0414: The field 'OutgameLegacyPrefabResource.sprite' is assigned but its value is never used
Assets/AreaBattle/Scripts/OutgameLegacyPrefabResource.cs(9,28): warning CS0414: The field 'OutgameLegacyPrefabResource.mainObject' is assigned but its value is never used
Assets/AreaBattle/Scripts/OutgameTaskModels.cs(54,41): warning CS0414: The field 'OutgameTaskGroupData.m_ArriveVideoTimes' is assigned but its value is never used
Assets/AreaBattle/Scripts/OutgameInputManager.cs(45,62): warning CS0414: The field 'OutgameInputManager.MulTouchBegin' is assigned but its value is never used
Assets/AreaBattle/Scripts/OutgameTaskModels.cs(75,36): warning CS0414: The field 'OutgameTaskItemData.m_ArriveVideoTimes' is assigned but its value is never used
Assets/AreaBattle/Scripts/OutgameTaskModels.cs(23,44): warning CS0414: The field 'OutgameChildTaskData.m_ArriveVideoTimes' is assigned but its value is never used
Assets/AreaBattle/Scripts/OutgameActivityBusinessConfig.cs(9,13): warning CS0414: The field 'OutgameActivityConditionPriority.reserved' is assigned but its value is never used
Assets/AreaBattle/Editor/OutgameAudioNodeValidation.cs(18,34): warning CS0108: 'OutgameAudioNodeValidation.Fixture.GetType' hides inherited member 'object.GetType()'. Use the new keyword if hiding was intended.
Assets/AreaBattle/Editor/OutgameUpdateManagerPlayModeValidation.cs(14,117): warning CS0414: The field 'OutgameUpdateManagerPlayModeValidation.driveActions' is assigned but its value is never used
le/ThirdParty/Spine41/spine-unity/Components/SkeletonUtility/SkeletonUtility.cs(126,5): warning CS0618: 'Rigidbody2D.isKinematic' is obsolete: 'isKinematic has been deprecated. Please use bodyType.'
Assets/AreaBattle/ThirdParty/Spine41/spine-unity/Components/Following/BoundingBoxFollower.cs(167,7): warning CS0618: 'Collider2D.usedByComposite' is obsolete: 'usedByComposite has been deprecated. Please use compositeOperation.'
Assets/AreaBattle/ThirdParty/Spine41/spine-unity/Components/Following/BoundingBoxFollowerGraphic.cs(168,7): warning CS0618: 'Collider2D.usedByComposite' is obsolete: 'usedByComposite has been deprecated. Please use compositeOperation.'
Assets/AreaBattle/ThirdParty/Spine41/spine-unity/Components/EditorSkeletonPlayer.cs(57,51): warning CS0618: 'Object.FindObjectsOfType<T>()' is obsolete: 'Object.FindObjectsOfType has been deprecated. Use Object.FindObjectsByType instead which lets you decide whether you need the results sorted or not.  FindObjectsOfType sorts the results by InstanceID but if you do not need this using FindObjectSortMode.None is considerably faster.'
Assets/AreaBattle/Scripts/OutgameInputManager.cs(44,37): warning CS0414: The field 'OutgameInputManager.TouchDebug' is assigned but its value is never used
Assets/AreaBattle/Scripts/OutgameLegacyPrefabResource.cs(9,46): warning CS0414: The field 'OutgameLegacyPrefabResource.sprite' is assigned but its value is never used
Assets/AreaBattle/Scripts/OutgameLegacyPrefabResource.cs(9,28): warning CS0414: The field 'OutgameLegacyPrefabResource.mainObject' is assigned but its value is never used
Assets/AreaBattle/Scripts/OutgameTaskModels.cs(54,41): warning CS0414: The field 'OutgameTaskGroupData.m_ArriveVideoTimes' is assigned but its value is never used
Assets/AreaBattle/Scripts/OutgameInputManager.cs(45,62): warning CS0414: The field 'OutgameInputManager.MulTouchBegin' is assigned but its value is never used
Assets/AreaBattle/Scripts/OutgameTaskModels.cs(75,36): warning CS0414: The field 'OutgameTaskItemData.m_ArriveVideoTimes' is assigned but its value is never used
Assets/AreaBattle/Scripts/OutgameTaskModels.cs(23,44): warning CS0414: The field 'OutgameChildTaskData.m_ArriveVideoTimes' is assigned but its value is never used
Assets/AreaBattle/Scripts/OutgameActivityBusinessConfig.cs(9,13): warning CS0414: The field 'OutgameActivityConditionPriority.reserved' is assigned but its value is never used
AssetDatabase: script compilation time: 5.732352s
Begin MonoManager ReloadAssembly
- Loaded All Assemblies, in  0.335 seconds
Refreshing native plugins compatible for Editor in 0.00 ms, found 0 plugins.
Native extension for iOS target not found
Native extension for Android target not found
Native extension for OSXStandalone target not found
ScheduleIndexationOnStartup MainProcess:True IndexOnStartup:True
Mono: successfully reloaded assembly
- Finished resetting the current domain, in  0.308 seconds
Domain Reload Profiling: 643ms
	BeginReloadAssembly (238ms)
		ExecutionOrderSort (0ms)
		DisableScriptedObjects (4ms)
		BackupInstance (0ms)
		ReleaseScriptingObjects (0ms)
		CreateAndSetChildDomain (145ms)
	RebuildCommonClasses (25ms)
	RebuildNativeTypeToScriptingClass (10ms)
	initialDomainReloadingComplete (11ms)
	LoadAllAssembliesAndSetupDomain (51ms)
		LoadAssemblies (73ms)
		RebuildTransferFunctionScriptingTraits (0ms)
		AnalyzeDomain (41ms)
			TypeCache.Refresh (32ms)
				TypeCache.ScanAssembly (26ms)
			BuildScriptInfoCaches (5ms)
			ResolveRequiredComponents (2ms)
	FinalizeReload (308ms)
		ReleaseScriptCaches (0ms)
		RebuildScriptCaches (0ms)
		SetupLoadedEditorAssemblies (213ms)
			LogAssemblyErrors (0ms)
			InitializePlatformSupportModulesInManaged (27ms)
			SetLoadedEditorAssemblies (2ms)
			BeforeProcessingInitializeOnLoad (86ms)
			ProcessInitializeOnLoadAttributes (72ms)
			ProcessInitializeOnLoadMethodAttributes (24ms)
			AfterProcessingInitializeOnLoad (1ms)
			EditorAssembliesLoaded (0ms)
		ExecutionOrderSort2 (0ms)
		AwakeInstancesAfterBackupRestoration (3ms)
Refreshing native plugins compatible for Editor in 0.00 ms, found 0 plugins.
Preloading 0 native plugins for Editor in 0.00 ms.
Asset Pipeline Refresh (id=2ed9d35a8bf6b4480a02ea45dd08f936): Total: 6.657 seconds - Initiated by InitialRefreshV2(ForceSynchronousImport)
	Summary:
		Imports: total=0 (actual=0, local cache=0, cache server=0)
		Asset DB Process Time: managed=0 ms, native=510 ms
		Asset DB Callback time: managed=54 ms, native=18 ms
		Scripting: domain reloads=1, domain reload time=335 ms, compile time=5733 ms, other=4 ms
		Project Asset Count: scripts=394, non-scripts=2361
		Asset File Changes: new=2, changed=6, moved=0, deleted=0
		Scan Filter Count: 1
	InvokeCustomDependenciesCallbacks: 0.000ms
	InvokePackagesCallback: 17.735ms
	ApplyChangesToAssetFolders: 0.144ms
	Scan: 137.441ms
	OnSourceAssetsModified: 0.497ms
	CategorizeAssetsWithTransientArtifact: 2.721ms
	ProcessAssetsWithTransientArtifactChanges: 8.932ms
	CategorizeAssets: 14.444ms
	ImportOutOfDateAssets: 309.858ms (-5424.363ms without children)
		CompileScripts: 5733.403ms
		ReloadNativeAssets: 0.000ms
		UnloadImportedAssets: 0.244ms
		EnsureUptoDateAssetsAreRegisteredWithGuidPM: 0.285ms
		InitializingProgressBar: 0.000ms
		PostProcessAllAssetNotificationsAddChangedAssets: 0.000ms
		OnDemandSchedulerStart: 0.288ms
	PostProcessAllAssets: 54.596ms
	Hotreload: 1.582ms
	GatherAllCurrentPrimaryArtifactRevisions: 0.000ms
	UnloadStreamsBegin: 0.555ms
	PersistCurrentRevisions: 0.070ms
	UnloadStreamsEnd: 0.000ms
	GenerateScriptTypeHashes: 0.827ms
	Untracked: 6108.557ms

Application.AssetDatabase Initial Refresh End
Launching external process: /Applications/Unity6000.3.7f1/Unity-6000.3.7f1/Unity.app/Contents/Helpers/UnityShaderCompiler
Launched and connected shader compiler UnityShaderCompiler after 0.03 seconds
Scanning for USB devices : 0.057ms
Initializing Unity extensions:
[MODES] ModeService[none].Initialize
[MODES] ModeService[none].LoadModes
[MODES] Loading mode Default (0) for mode-current-id-AreaBattle
2026-10-04 22:02:05.552 Unity[26472:53195749] NSEventModifierFlagFunction specified to -setKeyEquivalentModifierMask: for item <NSMenuItem: 0xb64d69360 SDF, ke='Command-F12'>, but is only supported for system-provided menu items; will not be used
Unloading 57 Unused Serialized files (Serialized files now loaded: 0)
Unloading 1246 unused Assets / (5.3 MB). Loaded Objects now: 1803.
Memory consumption went from 137.1 MB to 131.8 MB.
Total: 6.581541 ms (FindLiveObjects: 0.104208 ms CreateObjectMapping: 0.046667 ms MarkObjects: 4.512500 ms  DeleteObjects: 1.917875 ms)

2026-10-04 22:02:05.585 Unity[26472:53195749] NSEventModifierFlagFunction specified to -setKeyEquivalentModifierMask: for item <NSMenuItem: 0xb64d68a00 SDF, ke='Command-F12'>, but is only supported for system-provided menu items; will not be used
Asset Pipeline Refresh (id=a5618b9f4f6734596ab8ce6679490324): Total: 0.068 seconds - Initiated by RefreshV2(NoUpdateAssetOptions)
Start importing ProjectSettings/TimeManager.asset using Guid(00000000000000007000000000000000) (LibraryAssetImporter) -> (artifact id: 'fcd35394ed3ce11a9b90be582fe50514') in 0.003103583 seconds
Refreshing native plugins compatible for Editor in 0.00 ms, found 0 plugins.
Preloading 0 native plugins for Editor in 0.00 ms.
Asset Pipeline Refresh (id=cd0fa6d5bd3de4e9c91f91560e22941c): Total: 0.014 seconds - Initiated by StopAssetImportingV2(NoUpdateAssetOptions)
2026-10-04 22:02:06.356 Unity[26472:53195749] NSEventModifierFlagFunction specified to -setKeyEquivalentModifierMask: for item <NSMenuItem: 0xb64d69a40 SDF, ke='Command-F12'>, but is only supported for system-provided menu items; will not be used

***Player size statistics***
Total compressed size 1.5 KB. Total uncompressed size 4.1 KB.
Unloading 0 Unused Serialized files (Serialized files now loaded: 0)
Unloading 1003 unused Assets / (48.0 MB). Loaded Objects now: 1831.
Memory consumption went from 174.9 MB to 126.9 MB.
Total: 6.567834 ms (FindLiveObjects: 0.078167 ms CreateObjectMapping: 0.035000 ms MarkObjects: 4.589167 ms  DeleteObjects: 1.865084 ms)


-------------------------------------------------------------------------------
Bundle Name: account-rewards-config-bundles
Compressed Size:1.5 kb
Uncompressed usage by category (Percentages based on user generated assets only):
Textures               0.0 kb	 0.0% 
Meshes                 0.0 kb	 0.0% 
Animations             0.0 kb	 0.0% 
Sounds                 0.0 kb	 0.0% 
Shaders                0.0 kb	 0.0% 
Other Assets           0.2 kb	 4.4% 
Levels                 0.0 kb	 0.0% 
File headers           3.9 kb	 95.6% 
Total User Assets      4.1 kb	 100.0% 
Complete build size    4.1 kb
Used Assets and files from the Resources folder, sorted by uncompressed size:
 0.1 kb	 2.5% AssetBundle Object
 0.1 kb	 2.0% Built-in AssetBundleManifest: AssetBundleManifest
-------------------------------------------------------------------------------
2026-10-04 22:02:06.504 Unity[26472:53195749] NSEventModifierFlagFunction specified to -setKeyEquivalentModifierMask: for item <NSMenuItem: 0xb64d69b80 SDF, ke='Command-F12'>, but is only supported for system-provided menu items; will not be used

***Player size statistics***
Total compressed size 1.5 KB. Total uncompressed size 4.1 KB.
Unloading 82 Unused Serialized files (Serialized files now loaded: 0)
Unloading 497 unused Assets / (32.9 KB). Loaded Objects now: 3620.
Memory consumption went from 138.9 MB to 138.9 MB.
Total: 5.111041 ms (FindLiveObjects: 0.124959 ms CreateObjectMapping: 0.038958 ms MarkObjects: 4.781375 ms  DeleteObjects: 0.165416 ms)


-------------------------------------------------------------------------------
Bundle Name: top-info-effects-native-bundle
Compressed Size:1.5 kb
Uncompressed usage by category (Percentages based on user generated assets only):
Textures               0.0 kb	 0.0% 
Meshes                 0.0 kb	 0.0% 
Animations             0.0 kb	 0.0% 
Sounds                 0.0 kb	 0.0% 
Shaders                0.0 kb	 0.0% 
Other Assets           0.2 kb	 4.4% 
Levels                 0.0 kb	 0.0% 
File headers           3.9 kb	 95.6% 
Total User Assets      4.1 kb	 100.0% 
Complete build size    4.1 kb
Used Assets and files from the Resources folder, sorted by uncompressed size:
 0.1 kb	 2.5% AssetBundle Object
 0.1 kb	 2.0% Built-in AssetBundleManifest: AssetBundleManifest
-------------------------------------------------------------------------------
2026-10-04 22:02:06.547 Unity[26472:53195749] NSEventModifierFlagFunction specified to -setKeyEquivalentModifierMask: for item <NSMenuItem: 0xb64d5f340 SDF, ke='Command-F12'>, but is only supported for system-provided menu items; will not be used

***Player size statistics***
Total compressed size 1.5 KB. Total uncompressed size 4.1 KB.
Unloading 6 Unused Serialized files (Serialized files now loaded: 0)
Unloading 572 unused Assets / (1.0 MB). Loaded Objects now: 1831.
Memory consumption went from 145.3 MB to 144.4 MB.
Total: 5.295709 ms (FindLiveObjects: 0.062000 ms CreateObjectMapping: 0.027000 ms MarkObjects: 4.775750 ms  DeleteObjects: 0.430542 ms)


-------------------------------------------------------------------------------
Bundle Name: account-rewards-config-bundles
Compressed Size:1.5 kb
Uncompressed usage by category (Percentages based on user generated assets only):
Textures               0.0 kb	 0.0% 
Meshes                 0.0 kb	 0.0% 
Animations             0.0 kb	 0.0% 
Sounds                 0.0 kb	 0.0% 
Shaders                0.0 kb	 0.0% 
Other Assets           0.2 kb	 4.4% 
Levels                 0.0 kb	 0.0% 
File headers           3.9 kb	 95.6% 
Total User Assets      4.1 kb	 100.0% 
Complete build size    4.1 kb
Used Assets and files from the Resources folder, sorted by uncompressed size:
 0.1 kb	 2.5% AssetBundle Object
 0.1 kb	 2.0% Built-in AssetBundleManifest: AssetBundleManifest
-------------------------------------------------------------------------------
2026-10-04 22:02:06.610 Unity[26472:53195749] NSEventModifierFlagFunction specified to -setKeyEquivalentModifierMask: for item <NSMenuItem: 0xb64e63660 SDF, ke='Command-F12'>, but is only supported for system-provided menu items; will not be used

***Player size statistics***
Total compressed size 1.5 KB. Total uncompressed size 4.1 KB.
Unloading 82 Unused Serialized files (Serialized files now loaded: 0)
Unloading 497 unused Assets / (31.1 KB). Loaded Objects now: 3620.
Memory consumption went from 155.5 MB to 155.5 MB.
Total: 5.246792 ms (FindLiveObjects: 0.136375 ms CreateObjectMapping: 0.038833 ms MarkObjects: 4.834458 ms  DeleteObjects: 0.236583 ms)


-------------------------------------------------------------------------------
Bundle Name: top-info-effects-native-bundle
Compressed Size:1.5 kb
Uncompressed usage by category (Percentages based on user generated assets only):
Textures               0.0 kb	 0.0% 
Meshes                 0.0 kb	 0.0% 
Animations             0.0 kb	 0.0% 
Sounds                 0.0 kb	 0.0% 
Shaders                0.0 kb	 0.0% 
Other Assets           0.2 kb	 4.4% 
Levels                 0.0 kb	 0.0% 
File headers           3.9 kb	 95.6% 
Total User Assets      4.1 kb	 100.0% 
Complete build size    4.1 kb
Used Assets and files from the Resources folder, sorted by uncompressed size:
 0.1 kb	 2.5% AssetBundle Object
 0.1 kb	 2.0% Built-in AssetBundleManifest: AssetBundleManifest
-------------------------------------------------------------------------------
2026-10-04 22:02:06.631 Unity[26472:53195749] NSEventModifierFlagFunction specified to -setKeyEquivalentModifierMask: for item <NSMenuItem: 0xb6300eda0 SDF, ke='Command-F12'>, but is only supported for system-provided menu items; will not be used

***Player size statistics***
Total compressed size 1.5 KB. Total uncompressed size 4.1 KB.
Unloading 6 Unused Serialized files (Serialized files now loaded: 0)
Unloading 572 unused Assets / (0.9 MB). Loaded Objects now: 1831.
Memory consumption went from 145.2 MB to 144.3 MB.
Total: 5.382209 ms (FindLiveObjects: 0.068583 ms CreateObjectMapping: 0.026833 ms MarkObjects: 4.828209 ms  DeleteObjects: 0.458417 ms)


-------------------------------------------------------------------------------
Bundle Name: account-rewards-config-bundles
Compressed Size:1.5 kb
Uncompressed usage by category (Percentages based on user generated assets only):
Textures               0.0 kb	 0.0% 
Meshes                 0.0 kb	 0.0% 
Animations             0.0 kb	 0.0% 
Sounds                 0.0 kb	 0.0% 
Shaders                0.0 kb	 0.0% 
Other Assets           0.2 kb	 4.4% 
Levels                 0.0 kb	 0.0% 
File headers           3.9 kb	 95.6% 
Total User Assets      4.1 kb	 100.0% 
Complete build size    4.1 kb
Used Assets and files from the Resources folder, sorted by uncompressed size:
 0.1 kb	 2.5% AssetBundle Object
 0.1 kb	 2.0% Built-in AssetBundleManifest: AssetBundleManifest
-------------------------------------------------------------------------------
2026-10-04 22:02:06.693 Unity[26472:53195749] NSEventModifierFlagFunction specified to -setKeyEquivalentModifierMask: for item <NSMenuItem: 0xb6300ee40 SDF, ke='Command-F12'>, but is only supported for system-provided menu items; will not be used

***Player size statistics***
Total compressed size 1.5 KB. Total uncompressed size 4.1 KB.
Unloading 82 Unused Serialized files (Serialized files now loaded: 0)
Unloading 497 unused Assets / (31.9 KB). Loaded Objects now: 3620.
Memory consumption went from 155.2 MB to 155.1 MB.
Total: 5.022167 ms (FindLiveObjects: 0.112334 ms CreateObjectMapping: 0.036209 ms MarkObjects: 4.679083 ms  DeleteObjects: 0.194125 ms)


-------------------------------------------------------------------------------
Bundle Name: top-info-effects-native-bundle
Compressed Size:1.5 kb
Uncompressed usage by category (Percentages based on user generated assets only):
Textures               0.0 kb	 0.0% 
Meshes                 0.0 kb	 0.0% 
Animations             0.0 kb	 0.0% 
Sounds                 0.0 kb	 0.0% 
Shaders                0.0 kb	 0.0% 
Other Assets           0.2 kb	 4.4% 
Levels                 0.0 kb	 0.0% 
File headers           3.9 kb	 95.6% 
Total User Assets      4.1 kb	 100.0% 
Complete build size    4.1 kb
Used Assets and files from the Resources folder, sorted by uncompressed size:
 0.1 kb	 2.5% AssetBundle Object
 0.1 kb	 2.0% Built-in AssetBundleManifest: AssetBundleManifest
-------------------------------------------------------------------------------
2026-10-04 22:02:06.723 Unity[26472:53195749] NSEventModifierFlagFunction specified to -setKeyEquivalentModifierMask: for item <NSMenuItem: 0xb6300e440 SDF, ke='Command-F12'>, but is only supported for system-provided menu items; will not be used

***Player size statistics***
Total compressed size 1.5 KB. Total uncompressed size 4.1 KB.
Unloading 8 Unused Serialized files (Serialized files now loaded: 0)
Unloading 574 unused Assets / (1.1 MB). Loaded Objects now: 1831.
Memory consumption went from 145.3 MB to 144.2 MB.
Total: 4.932000 ms (FindLiveObjects: 0.065709 ms CreateObjectMapping: 0.026833 ms MarkObjects: 4.410292 ms  DeleteObjects: 0.428750 ms)


-------------------------------------------------------------------------------
Bundle Name: account-rewards-config-bundles
Compressed Size:1.5 kb
Uncompressed usage by category (Percentages based on user generated assets only):
Textures               0.0 kb	 0.0% 
Meshes                 0.0 kb	 0.0% 
Animations             0.0 kb	 0.0% 
Sounds                 0.0 kb	 0.0% 
Shaders                0.0 kb	 0.0% 
Other Assets           0.2 kb	 4.4% 
Levels                 0.0 kb	 0.0% 
File headers           3.9 kb	 95.6% 
Total User Assets      4.1 kb	 100.0% 
Complete build size    4.1 kb
Used Assets and files from the Resources folder, sorted by uncompressed size:
 0.1 kb	 2.5% AssetBundle Object
 0.1 kb	 2.0% Built-in AssetBundleManifest: AssetBundleManifest
-------------------------------------------------------------------------------
2026-10-04 22:02:06.781 Unity[26472:53195749] NSEventModifierFlagFunction specified to -setKeyEquivalentModifierMask: for item <NSMenuItem: 0xb6300c6e0 SDF, ke='Command-F12'>, but is only supported for system-provided menu items; will not be used

***Player size statistics***
Total compressed size 1.5 KB. Total uncompressed size 4.1 KB.
Unloading 82 Unused Serialized files (Serialized files now loaded: 0)
Unloading 497 unused Assets / (27.5 KB). Loaded Objects now: 3620.
Memory consumption went from 155.4 MB to 155.4 MB.
Total: 7.036167 ms (FindLiveObjects: 0.147625 ms CreateObjectMapping: 0.070375 ms MarkObjects: 6.600625 ms  DeleteObjects: 0.217250 ms)


-------------------------------------------------------------------------------
Bundle Name: top-info-effects-native-bundle
Compressed Size:1.5 kb
Uncompressed usage by category (Percentages based on user generated assets only):
Textures               0.0 kb	 0.0% 
Meshes                 0.0 kb	 0.0% 
Animations             0.0 kb	 0.0% 
Sounds                 0.0 kb	 0.0% 
Shaders                0.0 kb	 0.0% 
Other Assets           0.2 kb	 4.4% 
Levels                 0.0 kb	 0.0% 
File headers           3.9 kb	 95.6% 
Total User Assets      4.1 kb	 100.0% 
Complete build size    4.1 kb
Used Assets and files from the Resources folder, sorted by uncompressed size:
 0.1 kb	 2.5% AssetBundle Object
 0.1 kb	 2.0% Built-in AssetBundleManifest: AssetBundleManifest
-------------------------------------------------------------------------------
2026-10-04 22:02:06.810 Unity[26472:53195749] NSEventModifierFlagFunction specified to -setKeyEquivalentModifierMask: for item <NSMenuItem: 0xb6300f5c0 SDF, ke='Command-F12'>, but is only supported for system-provided menu items; will not be used

***Player size statistics***
Total compressed size 1.5 KB. Total uncompressed size 4.1 KB.
Unloading 8 Unused Serialized files (Serialized files now loaded: 0)
Unloading 574 unused Assets / (1.1 MB). Loaded Objects now: 1831.
Memory consumption went from 145.2 MB to 144.1 MB.
Total: 5.304083 ms (FindLiveObjects: 0.064209 ms CreateObjectMapping: 0.028667 ms MarkObjects: 4.786792 ms  DeleteObjects: 0.423791 ms)


-------------------------------------------------------------------------------
Bundle Name: account-rewards-config-bundles
Compressed Size:1.5 kb
Uncompressed usage by category (Percentages based on user generated assets only):
Textures               0.0 kb	 0.0% 
Meshes                 0.0 kb	 0.0% 
Animations             0.0 kb	 0.0% 
Sounds                 0.0 kb	 0.0% 
Shaders                0.0 kb	 0.0% 
Other Assets           0.2 kb	 4.4% 
Levels                 0.0 kb	 0.0% 
File headers           3.9 kb	 95.6% 
Total User Assets      4.1 kb	 100.0% 
Complete build size    4.1 kb
Used Assets and files from the Resources folder, sorted by uncompressed size:
 0.1 kb	 2.5% AssetBundle Object
 0.1 kb	 2.0% Built-in AssetBundleManifest: AssetBundleManifest
-------------------------------------------------------------------------------
2026-10-04 22:02:06.874 Unity[26472:53195749] NSEventModifierFlagFunction specified to -setKeyEquivalentModifierMask: for item <NSMenuItem: 0xb64d68b40 SDF, ke='Command-F12'>, but is only supported for system-provided menu items; will not be used

***Player size statistics***
Total compressed size 1.5 KB. Total uncompressed size 4.1 KB.
Unloading 82 Unused Serialized files (Serialized files now loaded: 0)
Unloading 497 unused Assets / (31.1 KB). Loaded Objects now: 3620.
Memory consumption went from 155.1 MB to 155.0 MB.
Total: 5.549292 ms (FindLiveObjects: 0.108958 ms CreateObjectMapping: 0.036584 ms MarkObjects: 5.241792 ms  DeleteObjects: 0.161708 ms)


-------------------------------------------------------------------------------
Bundle Name: top-info-effects-native-bundle
Compressed Size:1.5 kb
Uncompressed usage by category (Percentages based on user generated assets only):
Textures               0.0 kb	 0.0% 
Meshes                 0.0 kb	 0.0% 
Animations             0.0 kb	 0.0% 
Sounds                 0.0 kb	 0.0% 
Shaders                0.0 kb	 0.0% 
Other Assets           0.2 kb	 4.4% 
Levels                 0.0 kb	 0.0% 
File headers           3.9 kb	 95.6% 
Total User Assets      4.1 kb	 100.0% 
Complete build size    4.1 kb
Used Assets and files from the Resources folder, sorted by uncompressed size:
 0.1 kb	 2.5% AssetBundle Object
 0.1 kb	 2.0% Built-in AssetBundleManifest: AssetBundleManifest
-------------------------------------------------------------------------------
2026-10-04 22:02:06.895 Unity[26472:53195749] NSEventModifierFlagFunction specified to -setKeyEquivalentModifierMask: for item <NSMenuItem: 0xb64d6a440 SDF, ke='Command-F12'>, but is only supported for system-provided menu items; will not be used

***Player size statistics***
Total compressed size 1.5 KB. Total uncompressed size 4.1 KB.
Unloading 8 Unused Serialized files (Serialized files now loaded: 0)
Unloading 574 unused Assets / (0.9 MB). Loaded Objects now: 1831.
Memory consumption went from 145.0 MB to 144.1 MB.
Total: 5.058625 ms (FindLiveObjects: 0.061833 ms CreateObjectMapping: 0.025625 ms MarkObjects: 4.483958 ms  DeleteObjects: 0.486791 ms)


-------------------------------------------------------------------------------
Bundle Name: account-rewards-config-bundles
Compressed Size:1.5 kb
Uncompressed usage by category (Percentages based on user generated assets only):
Textures               0.0 kb	 0.0% 
Meshes                 0.0 kb	 0.0% 
Animations             0.0 kb	 0.0% 
Sounds                 0.0 kb	 0.0% 
Shaders                0.0 kb	 0.0% 
Other Assets           0.2 kb	 4.4% 
Levels                 0.0 kb	 0.0% 
File headers           3.9 kb	 95.6% 
Total User Assets      4.1 kb	 100.0% 
Complete build size    4.1 kb
Used Assets and files from the Resources folder, sorted by uncompressed size:
 0.1 kb	 2.5% AssetBundle Object
 0.1 kb	 2.0% Built-in AssetBundleManifest: AssetBundleManifest
-------------------------------------------------------------------------------
2026-10-04 22:02:06.959 Unity[26472:53195749] NSEventModifierFlagFunction specified to -setKeyEquivalentModifierMask: for item <NSMenuItem: 0xb63038a00 SDF, ke='Command-F12'>, but is only supported for system-provided menu items; will not be used

***Player size statistics***
Total compressed size 1.5 KB. Total uncompressed size 4.1 KB.
Unloading 82 Unused Serialized files (Serialized files now loaded: 0)
Unloading 497 unused Assets / (33.3 KB). Loaded Objects now: 3620.
Memory consumption went from 155.1 MB to 155.1 MB.
Total: 5.075042 ms (FindLiveObjects: 0.129541 ms CreateObjectMapping: 0.036334 ms MarkObjects: 4.743917 ms  DeleteObjects: 0.165000 ms)


-------------------------------------------------------------------------------
Bundle Name: top-info-effects-native-bundle
Compressed Size:1.5 kb
Uncompressed usage by category (Percentages based on user generated assets only):
Textures               0.0 kb	 0.0% 
Meshes                 0.0 kb	 0.0% 
Animations             0.0 kb	 0.0% 
Sounds                 0.0 kb	 0.0% 
Shaders                0.0 kb	 0.0% 
Other Assets           0.2 kb	 4.4% 
Levels                 0.0 kb	 0.0% 
File headers           3.9 kb	 95.6% 
Total User Assets      4.1 kb	 100.0% 
Complete build size    4.1 kb
Used Assets and files from the Resources folder, sorted by uncompressed size:
 0.1 kb	 2.5% AssetBundle Object
 0.1 kb	 2.0% Built-in AssetBundleManifest: AssetBundleManifest
-------------------------------------------------------------------------------
2026-10-04 22:02:06.979 Unity[26472:53195749] NSEventModifierFlagFunction specified to -setKeyEquivalentModifierMask: for item <NSMenuItem: 0xb64e60000 SDF, ke='Command-F12'>, but is only supported for system-provided menu items; will not be used

***Player size statistics***
Total compressed size 1.5 KB. Total uncompressed size 4.1 KB.
Unloading 8 Unused Serialized files (Serialized files now loaded: 0)
Unloading 574 unused Assets / (1.0 MB). Loaded Objects now: 1831.
Memory consumption went from 144.8 MB to 143.8 MB.
Total: 5.441959 ms (FindLiveObjects: 0.060667 ms CreateObjectMapping: 0.028166 ms MarkObjects: 4.834417 ms  DeleteObjects: 0.518375 ms)


-------------------------------------------------------------------------------
Bundle Name: account-rewards-config-bundles
Compressed Size:1.5 kb
Uncompressed usage by category (Percentages based on user generated assets only):
Textures               0.0 kb	 0.0% 
Meshes                 0.0 kb	 0.0% 
Animations             0.0 kb	 0.0% 
Sounds                 0.0 kb	 0.0% 
Shaders                0.0 kb	 0.0% 
Other Assets           0.2 kb	 4.4% 
Levels                 0.0 kb	 0.0% 
File headers           3.9 kb	 95.6% 
Total User Assets      4.1 kb	 100.0% 
Complete build size    4.1 kb
Used Assets and files from the Resources folder, sorted by uncompressed size:
 0.1 kb	 2.5% AssetBundle Object
 0.1 kb	 2.0% Built-in AssetBundleManifest: AssetBundleManifest
-------------------------------------------------------------------------------
2026-10-04 22:02:07.043 Unity[26472:53195749] NSEventModifierFlagFunction specified to -setKeyEquivalentModifierMask: for item <NSMenuItem: 0xb64d68c80 SDF, ke='Command-F12'>, but is only supported for system-provided menu items; will not be used

***Player size statistics***
Total compressed size 1.5 KB. Total uncompressed size 4.1 KB.
Unloading 82 Unused Serialized files (Serialized files now loaded: 0)
Unloading 497 unused Assets / (32.9 KB). Loaded Objects now: 3620.
Memory consumption went from 154.7 MB to 154.7 MB.
Total: 5.419459 ms (FindLiveObjects: 0.117000 ms CreateObjectMapping: 0.036125 ms MarkObjects: 5.075875 ms  DeleteObjects: 0.190125 ms)


-------------------------------------------------------------------------------
Bundle Name: top-info-effects-native-bundle
Compressed Size:1.5 kb
Uncompressed usage by category (Percentages based on user generated assets only):
Textures               0.0 kb	 0.0% 
Meshes                 0.0 kb	 0.0% 
Animations             0.0 kb	 0.0% 
Sounds                 0.0 kb	 0.0% 
Shaders                0.0 kb	 0.0% 
Other Assets           0.2 kb	 4.4% 
Levels                 0.0 kb	 0.0% 
File headers           3.9 kb	 95.6% 
Total User Assets      4.1 kb	 100.0% 
Complete build size    4.1 kb
Used Assets and files from the Resources folder, sorted by uncompressed size:
 0.1 kb	 2.5% AssetBundle Object
 0.1 kb	 2.0% Built-in AssetBundleManifest: AssetBundleManifest
-------------------------------------------------------------------------------
2026-10-04 22:02:07.063 Unity[26472:53195749] NSEventModifierFlagFunction specified to -setKeyEquivalentModifierMask: for item <NSMenuItem: 0xb6300c1e0 SDF, ke='Command-F12'>, but is only supported for system-provided menu items; will not be used

***Player size statistics***
Total compressed size 1.5 KB. Total uncompressed size 4.1 KB.
Unloading 8 Unused Serialized files (Serialized files now loaded: 0)
Unloading 574 unused Assets / (0.9 MB). Loaded Objects now: 1831.
Memory consumption went from 144.7 MB to 143.7 MB.
Total: 5.371042 ms (FindLiveObjects: 0.057000 ms CreateObjectMapping: 0.025792 ms MarkObjects: 4.815125 ms  DeleteObjects: 0.472958 ms)


-------------------------------------------------------------------------------
Bundle Name: account-rewards-config-bundles
Compressed Size:1.5 kb
Uncompressed usage by category (Percentages based on user generated assets only):
Textures               0.0 kb	 0.0% 
Meshes                 0.0 kb	 0.0% 
Animations             0.0 kb	 0.0% 
Sounds                 0.0 kb	 0.0% 
Shaders                0.0 kb	 0.0% 
Other Assets           0.2 kb	 4.4% 
Levels                 0.0 kb	 0.0% 
File headers           3.9 kb	 95.6% 
Total User Assets      4.1 kb	 100.0% 
Complete build size    4.1 kb
Used Assets and files from the Resources folder, sorted by uncompressed size:
 0.1 kb	 2.5% AssetBundle Object
 0.1 kb	 2.0% Built-in AssetBundleManifest: AssetBundleManifest
-------------------------------------------------------------------------------
2026-10-04 22:02:07.127 Unity[26472:53195749] NSEventModifierFlagFunction specified to -setKeyEquivalentModifierMask: for item <NSMenuItem: 0xb64d68000 SDF, ke='Command-F12'>, but is only supported for system-provided menu items; will not be used

***Player size statistics***
Total compressed size 1.5 KB. Total uncompressed size 4.1 KB.
Unloading 82 Unused Serialized files (Serialized files now loaded: 0)
Unloading 497 unused Assets / (33.2 KB). Loaded Objects now: 3620.
Memory consumption went from 154.9 MB to 154.9 MB.
Total: 5.686167 ms (FindLiveObjects: 0.138791 ms CreateObjectMapping: 0.037500 ms MarkObjects: 5.314333 ms  DeleteObjects: 0.195125 ms)


-------------------------------------------------------------------------------
Bundle Name: top-info-effects-native-bundle
Compressed Size:1.5 kb
Uncompressed usage by category (Percentages based on user generated assets only):
Textures               0.0 kb	 0.0% 
Meshes                 0.0 kb	 0.0% 
Animations             0.0 kb	 0.0% 
Sounds                 0.0 kb	 0.0% 
Shaders                0.0 kb	 0.0% 
Other Assets           0.2 kb	 4.4% 
Levels                 0.0 kb	 0.0% 
File headers           3.9 kb	 95.6% 
Total User Assets      4.1 kb	 100.0% 
Complete build size    4.1 kb
Used Assets and files from the Resources folder, sorted by uncompressed size:
 0.1 kb	 2.5% AssetBundle Object
 0.1 kb	 2.0% Built-in AssetBundleManifest: AssetBundleManifest
-------------------------------------------------------------------------------
2026-10-04 22:02:07.149 Unity[26472:53195749] NSEventModifierFlagFunction specified to -setKeyEquivalentModifierMask: for item <NSMenuItem: 0xb634808c0 SDF, ke='Command-F12'>, but is only supported for system-provided menu items; will not be used

***Player size statistics***
Total compressed size 1.5 KB. Total uncompressed size 4.1 KB.
Unloading 8 Unused Serialized files (Serialized files now loaded: 0)
Unloading 574 unused Assets / (1.0 MB). Loaded Objects now: 1831.
Memory consumption went from 144.6 MB to 143.6 MB.
Total: 5.685791 ms (FindLiveObjects: 0.085125 ms CreateObjectMapping: 0.029458 ms MarkObjects: 5.111459 ms  DeleteObjects: 0.459584 ms)


-------------------------------------------------------------------------------
Bundle Name: account-rewards-config-bundles
Compressed Size:1.5 kb
Uncompressed usage by category (Percentages based on user generated assets only):
Textures               0.0 kb	 0.0% 
Meshes                 0.0 kb	 0.0% 
Animations             0.0 kb	 0.0% 
Sounds                 0.0 kb	 0.0% 
Shaders                0.0 kb	 0.0% 
Other Assets           0.2 kb	 4.4% 
Levels                 0.0 kb	 0.0% 
File headers           3.9 kb	 95.6% 
Total User Assets      4.1 kb	 100.0% 
Complete build size    4.1 kb
Used Assets and files from the Resources folder, sorted by uncompressed size:
 0.1 kb	 2.5% AssetBundle Object
 0.1 kb	 2.0% Built-in AssetBundleManifest: AssetBundleManifest
-------------------------------------------------------------------------------
2026-10-04 22:02:07.210 Unity[26472:53195749] NSEventModifierFlagFunction specified to -setKeyEquivalentModifierMask: for item <NSMenuItem: 0xb63246d00 SDF, ke='Command-F12'>, but is only supported for system-provided menu items; will not be used

***Player size statistics***
Total compressed size 1.5 KB. Total uncompressed size 4.1 KB.
Unloading 82 Unused Serialized files (Serialized files now loaded: 0)
Unloading 497 unused Assets / (31.1 KB). Loaded Objects now: 3620.
Memory consumption went from 154.5 MB to 154.5 MB.
Total: 5.934666 ms (FindLiveObjects: 0.112709 ms CreateObjectMapping: 0.037000 ms MarkObjects: 5.574208 ms  DeleteObjects: 0.210541 ms)


-------------------------------------------------------------------------------
Bundle Name: top-info-effects-native-bundle
Compressed Size:1.5 kb
Uncompressed usage by category (Percentages based on user generated assets only):
Textures               0.0 kb	 0.0% 
Meshes                 0.0 kb	 0.0% 
Animations             0.0 kb	 0.0% 
Sounds                 0.0 kb	 0.0% 
Shaders                0.0 kb	 0.0% 
Other Assets           0.2 kb	 4.4% 
Levels                 0.0 kb	 0.0% 
File headers           3.9 kb	 95.6% 
Total User Assets      4.1 kb	 100.0% 
Complete build size    4.1 kb
Used Assets and files from the Resources folder, sorted by uncompressed size:
 0.1 kb	 2.5% AssetBundle Object
 0.1 kb	 2.0% Built-in AssetBundleManifest: AssetBundleManifest
-------------------------------------------------------------------------------
2026-10-04 22:02:07.233 Unity[26472:53195749] NSEventModifierFlagFunction specified to -setKeyEquivalentModifierMask: for item <NSMenuItem: 0xb63247020 SDF, ke='Command-F12'>, but is only supported for system-provided menu items; will not be used

***Player size statistics***
Total compressed size 1.5 KB. Total uncompressed size 4.1 KB.
Unloading 8 Unused Serialized files (Serialized files now loaded: 0)
Unloading 574 unused Assets / (1.1 MB). Loaded Objects now: 1831.
Memory consumption went from 144.5 MB to 143.4 MB.
Total: 5.655875 ms (FindLiveObjects: 0.074667 ms CreateObjectMapping: 0.031042 ms MarkObjects: 5.111750 ms  DeleteObjects: 0.438083 ms)


-------------------------------------------------------------------------------
Bundle Name: account-rewards-config-bundles
Compressed Size:1.5 kb
Uncompressed usage by category (Percentages based on user generated assets only):
Textures               0.0 kb	 0.0% 
Meshes                 0.0 kb	 0.0% 
Animations             0.0 kb	 0.0% 
Sounds                 0.0 kb	 0.0% 
Shaders                0.0 kb	 0.0% 
Other Assets           0.2 kb	 4.4% 
Levels                 0.0 kb	 0.0% 
File headers           3.9 kb	 95.6% 
Total User Assets      4.1 kb	 100.0% 
Complete build size    4.1 kb
Used Assets and files from the Resources folder, sorted by uncompressed size:
 0.1 kb	 2.5% AssetBundle Object
 0.1 kb	 2.0% Built-in AssetBundleManifest: AssetBundleManifest
-------------------------------------------------------------------------------
2026-10-04 22:02:07.290 Unity[26472:53195749] NSEventModifierFlagFunction specified to -setKeyEquivalentModifierMask: for item <NSMenuItem: 0xb63245540 SDF, ke='Command-F12'>, but is only supported for system-provided menu items; will not be used

***Player size statistics***
Total compressed size 1.5 KB. Total uncompressed size 4.1 KB.
Unloading 82 Unused Serialized files (Serialized files now loaded: 0)
Unloading 497 unused Assets / (33.3 KB). Loaded Objects now: 3620.
Memory consumption went from 154.6 MB to 154.5 MB.
Total: 5.151875 ms (FindLiveObjects: 0.132625 ms CreateObjectMapping: 0.043375 ms MarkObjects: 4.828708 ms  DeleteObjects: 0.146792 ms)


-------------------------------------------------------------------------------
Bundle Name: top-info-effects-native-bundle
Compressed Size:1.5 kb
Uncompressed usage by category (Percentages based on user generated assets only):
Textures               0.0 kb	 0.0% 
Meshes                 0.0 kb	 0.0% 
Animations             0.0 kb	 0.0% 
Sounds                 0.0 kb	 0.0% 
Shaders                0.0 kb	 0.0% 
Other Assets           0.2 kb	 4.4% 
Levels                 0.0 kb	 0.0% 
File headers           3.9 kb	 95.6% 
Total User Assets      4.1 kb	 100.0% 
Complete build size    4.1 kb
Used Assets and files from the Resources folder, sorted by uncompressed size:
 0.1 kb	 2.5% AssetBundle Object
 0.1 kb	 2.0% Built-in AssetBundleManifest: AssetBundleManifest
-------------------------------------------------------------------------------
2026-10-04 22:02:07.315 Unity[26472:53195749] NSEventModifierFlagFunction specified to -setKeyEquivalentModifierMask: for item <NSMenuItem: 0xb63247b60 SDF, ke='Command-F12'>, but is only supported for system-provided menu items; will not be used

***Player size statistics***
Total compressed size 1.5 KB. Total uncompressed size 4.1 KB.
Unloading 8 Unused Serialized files (Serialized files now loaded: 0)
Unloading 574 unused Assets / (1.2 MB). Loaded Objects now: 1831.
Memory consumption went from 144.3 MB to 143.1 MB.
Total: 5.538375 ms (FindLiveObjects: 0.056583 ms CreateObjectMapping: 0.028042 ms MarkObjects: 4.958916 ms  DeleteObjects: 0.494583 ms)


-------------------------------------------------------------------------------
Bundle Name: account-rewards-config-bundles
Compressed Size:1.5 kb
Uncompressed usage by category (Percentages based on user generated assets only):
Textures               0.0 kb	 0.0% 
Meshes                 0.0 kb	 0.0% 
Animations             0.0 kb	 0.0% 
Sounds                 0.0 kb	 0.0% 
Shaders                0.0 kb	 0.0% 
Other Assets           0.2 kb	 4.4% 
Levels                 0.0 kb	 0.0% 
File headers           3.9 kb	 95.6% 
Total User Assets      4.1 kb	 100.0% 
Complete build size    4.1 kb
Used Assets and files from the Resources folder, sorted by uncompressed size:
 0.1 kb	 2.5% AssetBundle Object
 0.1 kb	 2.0% Built-in AssetBundleManifest: AssetBundleManifest
-------------------------------------------------------------------------------
2026-10-04 22:02:07.377 Unity[26472:53195749] NSEventModifierFlagFunction specified to -setKeyEquivalentModifierMask: for item <NSMenuItem: 0xb632464e0 SDF, ke='Command-F12'>, but is only supported for system-provided menu items; will not be used

***Player size statistics***
Total compressed size 1.5 KB. Total uncompressed size 4.1 KB.
Unloading 82 Unused Serialized files (Serialized files now loaded: 0)
Unloading 497 unused Assets / (31.8 KB). Loaded Objects now: 3620.
Memory consumption went from 154.2 MB to 154.2 MB.
Total: 5.740959 ms (FindLiveObjects: 0.112375 ms CreateObjectMapping: 0.039792 ms MarkObjects: 5.341500 ms  DeleteObjects: 0.246917 ms)


-------------------------------------------------------------------------------
Bundle Name: top-info-effects-native-bundle
Compressed Size:1.5 kb
Uncompressed usage by category (Percentages based on user generated assets only):
Textures               0.0 kb	 0.0% 
Meshes                 0.0 kb	 0.0% 
Animations             0.0 kb	 0.0% 
Sounds                 0.0 kb	 0.0% 
Shaders                0.0 kb	 0.0% 
Other Assets           0.2 kb	 4.4% 
Levels                 0.0 kb	 0.0% 
File headers           3.9 kb	 95.6% 
Total User Assets      4.1 kb	 100.0% 
Complete build size    4.1 kb
Used Assets and files from the Resources folder, sorted by uncompressed size:
 0.1 kb	 2.5% AssetBundle Object
 0.1 kb	 2.0% Built-in AssetBundleManifest: AssetBundleManifest
-------------------------------------------------------------------------------
2026-10-04 22:02:07.397 Unity[26472:53195749] NSEventModifierFlagFunction specified to -setKeyEquivalentModifierMask: for item <NSMenuItem: 0xb634806e0 SDF, ke='Command-F12'>, but is only supported for system-provided menu items; will not be used

***Player size statistics***
Total compressed size 1.5 KB. Total uncompressed size 4.1 KB.
Unloading 8 Unused Serialized files (Serialized files now loaded: 0)
Unloading 574 unused Assets / (1.0 MB). Loaded Objects now: 1831.
Memory consumption went from 144.1 MB to 143.1 MB.
Total: 5.512625 ms (FindLiveObjects: 0.053500 ms CreateObjectMapping: 0.026833 ms MarkObjects: 5.051167 ms  DeleteObjects: 0.380917 ms)


-------------------------------------------------------------------------------
Bundle Name: account-rewards-config-bundles
Compressed Size:1.5 kb
Uncompressed usage by category (Percentages based on user generated assets only):
Textures               0.0 kb	 0.0% 
Meshes                 0.0 kb	 0.0% 
Animations             0.0 kb	 0.0% 
Sounds                 0.0 kb	 0.0% 
Shaders                0.0 kb	 0.0% 
Other Assets           0.2 kb	 4.4% 
Levels                 0.0 kb	 0.0% 
File headers           3.9 kb	 95.6% 
Total User Assets      4.1 kb	 100.0% 
Complete build size    4.1 kb
Used Assets and files from the Resources folder, sorted by uncompressed size:
 0.1 kb	 2.5% AssetBundle Object
 0.1 kb	 2.0% Built-in AssetBundleManifest: AssetBundleManifest
-------------------------------------------------------------------------------
2026-10-04 22:02:07.457 Unity[26472:53195749] NSEventModifierFlagFunction specified to -setKeyEquivalentModifierMask: for item <NSMenuItem: 0xb63245720 SDF, ke='Command-F12'>, but is only supported for system-provided menu items; will not be used

***Player size statistics***
Total compressed size 1.5 KB. Total uncompressed size 4.1 KB.
Unloading 82 Unused Serialized files (Serialized files now loaded: 0)
Unloading 497 unused Assets / (33.9 KB). Loaded Objects now: 3620.
Memory consumption went from 154.2 MB to 154.2 MB.
Total: 5.041709 ms (FindLiveObjects: 0.135125 ms CreateObjectMapping: 0.038333 ms MarkObjects: 4.702667 ms  DeleteObjects: 0.165334 ms)


-------------------------------------------------------------------------------
Bundle Name: top-info-effects-native-bundle
Compressed Size:1.5 kb
Uncompressed usage by category (Percentages based on user generated assets only):
Textures               0.0 kb	 0.0% 
Meshes                 0.0 kb	 0.0% 
Animations             0.0 kb	 0.0% 
Sounds                 0.0 kb	 0.0% 
Shaders                0.0 kb	 0.0% 
Other Assets           0.2 kb	 4.4% 
Levels                 0.0 kb	 0.0% 
File headers           3.9 kb	 95.6% 
Total User Assets      4.1 kb	 100.0% 
Complete build size    4.1 kb
Used Assets and files from the Resources folder, sorted by uncompressed size:
 0.1 kb	 2.5% AssetBundle Object
 0.1 kb	 2.0% Built-in AssetBundleManifest: AssetBundleManifest
-------------------------------------------------------------------------------
2026-10-04 22:02:07.482 Unity[26472:53195749] NSEventModifierFlagFunction specified to -setKeyEquivalentModifierMask: for item <NSMenuItem: 0xb634a1ae0 SDF, ke='Command-F12'>, but is only supported for system-provided menu items; will not be used

***Player size statistics***
Total compressed size 1.5 KB. Total uncompressed size 4.1 KB.
Unloading 8 Unused Serialized files (Serialized files now loaded: 0)
Unloading 574 unused Assets / (1.0 MB). Loaded Objects now: 1831.
Memory consumption went from 144.0 MB to 143.0 MB.
Total: 5.477291 ms (FindLiveObjects: 0.068333 ms CreateObjectMapping: 0.028750 ms MarkObjects: 4.920625 ms  DeleteObjects: 0.459375 ms)


-------------------------------------------------------------------------------
Bundle Name: account-rewards-config-bundles
Compressed Size:1.5 kb
Uncompressed usage by category (Percentages based on user generated assets only):
Textures               0.0 kb	 0.0% 
Meshes                 0.0 kb	 0.0% 
Animations             0.0 kb	 0.0% 
Sounds                 0.0 kb	 0.0% 
Shaders                0.0 kb	 0.0% 
Other Assets           0.2 kb	 4.4% 
Levels                 0.0 kb	 0.0% 
File headers           3.9 kb	 95.6% 
Total User Assets      4.1 kb	 100.0% 
Complete build size    4.1 kb
Used Assets and files from the Resources folder, sorted by uncompressed size:
 0.1 kb	 2.5% AssetBundle Object
 0.1 kb	 2.0% Built-in AssetBundleManifest: AssetBundleManifest
-------------------------------------------------------------------------------
2026-10-04 22:02:07.541 Unity[26472:53195749] NSEventModifierFlagFunction specified to -setKeyEquivalentModifierMask: for item <NSMenuItem: 0xb630ad860 SDF, ke='Command-F12'>, but is only supported for system-provided menu items; will not be used

***Player size statistics***
Total compressed size 1.5 KB. Total uncompressed size 4.1 KB.
Unloading 82 Unused Serialized files (Serialized files now loaded: 0)
Unloading 497 unused Assets / (31.7 KB). Loaded Objects now: 3620.
Memory consumption went from 153.9 MB to 153.9 MB.
Total: 5.081584 ms (FindLiveObjects: 0.113500 ms CreateObjectMapping: 0.036625 ms MarkObjects: 4.764250 ms  DeleteObjects: 0.166917 ms)


-------------------------------------------------------------------------------
Bundle Name: top-info-effects-native-bundle
Compressed Size:1.5 kb
Uncompressed usage by category (Percentages based on user generated assets only):
Textures               0.0 kb	 0.0% 
Meshes                 0.0 kb	 0.0% 
Animations             0.0 kb	 0.0% 
Sounds                 0.0 kb	 0.0% 
Shaders                0.0 kb	 0.0% 
Other Assets           0.2 kb	 4.4% 
Levels                 0.0 kb	 0.0% 
File headers           3.9 kb	 95.6% 
Total User Assets      4.1 kb	 100.0% 
Complete build size    4.1 kb
Used Assets and files from the Resources folder, sorted by uncompressed size:
 0.1 kb	 2.5% AssetBundle Object
 0.1 kb	 2.0% Built-in AssetBundleManifest: AssetBundleManifest
-------------------------------------------------------------------------------
2026-10-04 22:02:07.565 Unity[26472:53195749] NSEventModifierFlagFunction specified to -setKeyEquivalentModifierMask: for item <NSMenuItem: 0xb63179040 SDF, ke='Command-F12'>, but is only supported for system-provided menu items; will not be used

***Player size statistics***
Total compressed size 1.5 KB. Total uncompressed size 4.1 KB.
Unloading 8 Unused Serialized files (Serialized files now loaded: 0)
Unloading 574 unused Assets / (1.0 MB). Loaded Objects now: 1831.
Memory consumption went from 143.8 MB to 142.8 MB.
Total: 5.446958 ms (FindLiveObjects: 0.060625 ms CreateObjectMapping: 0.025250 ms MarkObjects: 4.781417 ms  DeleteObjects: 0.579208 ms)


-------------------------------------------------------------------------------
Bundle Name: account-rewards-config-bundles
Compressed Size:1.5 kb
Uncompressed usage by category (Percentages based on user generated assets only):
Textures               0.0 kb	 0.0% 
Meshes                 0.0 kb	 0.0% 
Animations             0.0 kb	 0.0% 
Sounds                 0.0 kb	 0.0% 
Shaders                0.0 kb	 0.0% 
Other Assets           0.2 kb	 4.4% 
Levels                 0.0 kb	 0.0% 
File headers           3.9 kb	 95.6% 
Total User Assets      4.1 kb	 100.0% 
Complete build size    4.1 kb
Used Assets and files from the Resources folder, sorted by uncompressed size:
 0.1 kb	 2.5% AssetBundle Object
 0.1 kb	 2.0% Built-in AssetBundleManifest: AssetBundleManifest
-------------------------------------------------------------------------------
2026-10-04 22:02:07.623 Unity[26472:53195749] NSEventModifierFlagFunction specified to -setKeyEquivalentModifierMask: for item <NSMenuItem: 0xb630af700 SDF, ke='Command-F12'>, but is only supported for system-provided menu items; will not be used

***Player size statistics***
Total compressed size 1.5 KB. Total uncompressed size 4.1 KB.
Unloading 82 Unused Serialized files (Serialized files now loaded: 0)
Unloading 497 unused Assets / (33.0 KB). Loaded Objects now: 3620.
Memory consumption went from 153.9 MB to 153.9 MB.
Total: 5.229875 ms (FindLiveObjects: 0.149166 ms CreateObjectMapping: 0.039000 ms MarkObjects: 4.882542 ms  DeleteObjects: 0.158916 ms)


-------------------------------------------------------------------------------
Bundle Name: top-info-effects-native-bundle
Compressed Size:1.5 kb
Uncompressed usage by category (Percentages based on user generated assets only):
Textures               0.0 kb	 0.0% 
Meshes                 0.0 kb	 0.0% 
Animations             0.0 kb	 0.0% 
Sounds                 0.0 kb	 0.0% 
Shaders                0.0 kb	 0.0% 
Other Assets           0.2 kb	 4.4% 
Levels                 0.0 kb	 0.0% 
File headers           3.9 kb	 95.6% 
Total User Assets      4.1 kb	 100.0% 
Complete build size    4.1 kb
Used Assets and files from the Resources folder, sorted by uncompressed size:
 0.1 kb	 2.5% AssetBundle Object
 0.1 kb	 2.0% Built-in AssetBundleManifest: AssetBundleManifest
-------------------------------------------------------------------------------
2026-10-04 22:02:07.648 Unity[26472:53195749] NSEventModifierFlagFunction specified to -setKeyEquivalentModifierMask: for item <NSMenuItem: 0xb6336a3a0 SDF, ke='Command-F12'>, but is only supported for system-provided menu items; will not be used

***Player size statistics***
Total compressed size 1.5 KB. Total uncompressed size 4.1 KB.
Unloading 8 Unused Serialized files (Serialized files now loaded: 0)
Unloading 574 unused Assets / (1.0 MB). Loaded Objects now: 1831.
Memory consumption went from 143.7 MB to 142.7 MB.
Total: 5.867125 ms (FindLiveObjects: 0.077459 ms CreateObjectMapping: 0.028500 ms MarkObjects: 5.278125 ms  DeleteObjects: 0.482833 ms)


-------------------------------------------------------------------------------
Bundle Name: account-rewards-config-bundles
Compressed Size:1.5 kb
Uncompressed usage by category (Percentages based on user generated assets only):
Textures               0.0 kb	 0.0% 
Meshes                 0.0 kb	 0.0% 
Animations             0.0 kb	 0.0% 
Sounds                 0.0 kb	 0.0% 
Shaders                0.0 kb	 0.0% 
Other Assets           0.2 kb	 4.4% 
Levels                 0.0 kb	 0.0% 
File headers           3.9 kb	 95.6% 
Total User Assets      4.1 kb	 100.0% 
Complete build size    4.1 kb
Used Assets and files from the Resources folder, sorted by uncompressed size:
 0.1 kb	 2.5% AssetBundle Object
 0.1 kb	 2.0% Built-in AssetBundleManifest: AssetBundleManifest
-------------------------------------------------------------------------------
2026-10-04 22:02:07.707 Unity[26472:53195749] NSEventModifierFlagFunction specified to -setKeyEquivalentModifierMask: for item <NSMenuItem: 0xb633a0640 SDF, ke='Command-F12'>, but is only supported for system-provided menu items; will not be used

***Player size statistics***
Total compressed size 1.5 KB. Total uncompressed size 4.1 KB.
Unloading 82 Unused Serialized files (Serialized files now loaded: 0)
Unloading 497 unused Assets / (32.6 KB). Loaded Objects now: 3620.
Memory consumption went from 153.6 MB to 153.6 MB.
Total: 5.223208 ms (FindLiveObjects: 0.110292 ms CreateObjectMapping: 0.037666 ms MarkObjects: 4.921375 ms  DeleteObjects: 0.153500 ms)


-------------------------------------------------------------------------------
Bundle Name: top-info-effects-native-bundle
Compressed Size:1.5 kb
Uncompressed usage by category (Percentages based on user generated assets only):
Textures               0.0 kb	 0.0% 
Meshes                 0.0 kb	 0.0% 
Animations             0.0 kb	 0.0% 
Sounds                 0.0 kb	 0.0% 
Shaders                0.0 kb	 0.0% 
Other Assets           0.2 kb	 4.4% 
Levels                 0.0 kb	 0.0% 
File headers           3.9 kb	 95.6% 
Total User Assets      4.1 kb	 100.0% 
Complete build size    4.1 kb
Used Assets and files from the Resources folder, sorted by uncompressed size:
 0.1 kb	 2.5% AssetBundle Object
 0.1 kb	 2.0% Built-in AssetBundleManifest: AssetBundleManifest
-------------------------------------------------------------------------------
2026-10-04 22:02:07.732 Unity[26472:53195749] NSEventModifierFlagFunction specified to -setKeyEquivalentModifierMask: for item <NSMenuItem: 0xb62c1abc0 SDF, ke='Command-F12'>, but is only supported for system-provided menu items; will not be used

***Player size statistics***
Total compressed size 1.5 KB. Total uncompressed size 4.1 KB.
Unloading 8 Unused Serialized files (Serialized files now loaded: 0)
Unloading 574 unused Assets / (1.0 MB). Loaded Objects now: 1831.
Memory consumption went from 143.5 MB to 142.5 MB.
Total: 5.629542 ms (FindLiveObjects: 0.063250 ms CreateObjectMapping: 0.027666 ms MarkObjects: 5.119042 ms  DeleteObjects: 0.419292 ms)


-------------------------------------------------------------------------------
Bundle Name: account-rewards-config-bundles
Compressed Size:1.5 kb
Uncompressed usage by category (Percentages based on user generated assets only):
Textures               0.0 kb	 0.0% 
Meshes                 0.0 kb	 0.0% 
Animations             0.0 kb	 0.0% 
Sounds                 0.0 kb	 0.0% 
Shaders                0.0 kb	 0.0% 
Other Assets           0.2 kb	 4.4% 
Levels                 0.0 kb	 0.0% 
File headers           3.9 kb	 95.6% 
Total User Assets      4.1 kb	 100.0% 
Complete build size    4.1 kb
Used Assets and files from the Resources folder, sorted by uncompressed size:
 0.1 kb	 2.5% AssetBundle Object
 0.1 kb	 2.0% Built-in AssetBundleManifest: AssetBundleManifest
-------------------------------------------------------------------------------
2026-10-04 22:02:07.790 Unity[26472:53195749] NSEventModifierFlagFunction specified to -setKeyEquivalentModifierMask: for item <NSMenuItem: 0xb62c1b160 SDF, ke='Command-F12'>, but is only supported for system-provided menu items; will not be used

***Player size statistics***
Total compressed size 1.5 KB. Total uncompressed size 4.1 KB.
Unloading 82 Unused Serialized files (Serialized files now loaded: 0)
Unloading 497 unused Assets / (34.0 KB). Loaded Objects now: 3620.
Memory consumption went from 153.9 MB to 153.8 MB.
Total: 5.960834 ms (FindLiveObjects: 0.148000 ms CreateObjectMapping: 0.039375 ms MarkObjects: 5.560625 ms  DeleteObjects: 0.212292 ms)


-------------------------------------------------------------------------------
Bundle Name: top-info-effects-native-bundle
Compressed Size:1.5 kb
Uncompressed usage by category (Percentages based on user generated assets only):
Textures               0.0 kb	 0.0% 
Meshes                 0.0 kb	 0.0% 
Animations             0.0 kb	 0.0% 
Sounds                 0.0 kb	 0.0% 
Shaders                0.0 kb	 0.0% 
Other Assets           0.2 kb	 4.4% 
Levels                 0.0 kb	 0.0% 
File headers           3.9 kb	 95.6% 
Total User Assets      4.1 kb	 100.0% 
Complete build size    4.1 kb
Used Assets and files from the Resources folder, sorted by uncompressed size:
 0.1 kb	 2.5% AssetBundle Object
 0.1 kb	 2.0% Built-in AssetBundleManifest: AssetBundleManifest
-------------------------------------------------------------------------------
2026-10-04 22:02:07.816 Unity[26472:53195749] NSEventModifierFlagFunction specified to -setKeyEquivalentModifierMask: for item <NSMenuItem: 0xb62c1b3e0 SDF, ke='Command-F12'>, but is only supported for system-provided menu items; will not be used

***Player size statistics***
Total compressed size 1.5 KB. Total uncompressed size 4.1 KB.
Unloading 8 Unused Serialized files (Serialized files now loaded: 0)
Unloading 574 unused Assets / (1.1 MB). Loaded Objects now: 1831.
Memory consumption went from 143.6 MB to 142.5 MB.
Total: 5.536583 ms (FindLiveObjects: 0.072167 ms CreateObjectMapping: 0.028750 ms MarkObjects: 4.946500 ms  DeleteObjects: 0.488917 ms)


-------------------------------------------------------------------------------
Bundle Name: account-rewards-config-bundles
Compressed Size:1.5 kb
Uncompressed usage by category (Percentages based on user generated assets only):
Textures               0.0 kb	 0.0% 
Meshes                 0.0 kb	 0.0% 
Animations             0.0 kb	 0.0% 
Sounds                 0.0 kb	 0.0% 
Shaders                0.0 kb	 0.0% 
Other Assets           0.2 kb	 4.4% 
Levels                 0.0 kb	 0.0% 
File headers           3.9 kb	 95.6% 
Total User Assets      4.1 kb	 100.0% 
Complete build size    4.1 kb
Used Assets and files from the Resources folder, sorted by uncompressed size:
 0.1 kb	 2.5% AssetBundle Object
 0.1 kb	 2.0% Built-in AssetBundleManifest: AssetBundleManifest
-------------------------------------------------------------------------------
2026-10-04 22:02:07.874 Unity[26472:53195749] NSEventModifierFlagFunction specified to -setKeyEquivalentModifierMask: for item <NSMenuItem: 0xb62c1be80 SDF, ke='Command-F12'>, but is only supported for system-provided menu items; will not be used

***Player size statistics***
Total compressed size 1.5 KB. Total uncompressed size 4.1 KB.
Unloading 82 Unused Serialized files (Serialized files now loaded: 0)
Unloading 497 unused Assets / (33.3 KB). Loaded Objects now: 3620.
Memory consumption went from 153.5 MB to 153.5 MB.
Total: 5.385667 ms (FindLiveObjects: 0.106209 ms CreateObjectMapping: 0.039084 ms MarkObjects: 5.090041 ms  DeleteObjects: 0.149959 ms)


-------------------------------------------------------------------------------
Bundle Name: top-info-effects-native-bundle
Compressed Size:1.5 kb
Uncompressed usage by category (Percentages based on user generated assets only):
Textures               0.0 kb	 0.0% 
Meshes                 0.0 kb	 0.0% 
Animations             0.0 kb	 0.0% 
Sounds                 0.0 kb	 0.0% 
Shaders                0.0 kb	 0.0% 
Other Assets           0.2 kb	 4.4% 
Levels                 0.0 kb	 0.0% 
File headers           3.9 kb	 95.6% 
Total User Assets      4.1 kb	 100.0% 
Complete build size    4.1 kb
Used Assets and files from the Resources folder, sorted by uncompressed size:
 0.1 kb	 2.5% AssetBundle Object
 0.1 kb	 2.0% Built-in AssetBundleManifest: AssetBundleManifest
-------------------------------------------------------------------------------
2026-10-04 22:02:07.898 Unity[26472:53195749] NSEventModifierFlagFunction specified to -setKeyEquivalentModifierMask: for item <NSMenuItem: 0xb62cc3020 SDF, ke='Command-F12'>, but is only supported for system-provided menu items; will not be used

***Player size statistics***
Total compressed size 1.5 KB. Total uncompressed size 4.1 KB.
Unloading 8 Unused Serialized files (Serialized files now loaded: 0)
Unloading 574 unused Assets / (1.0 MB). Loaded Objects now: 1831.
Memory consumption went from 143.6 MB to 142.6 MB.
Total: 5.230000 ms (FindLiveObjects: 0.072583 ms CreateObjectMapping: 0.029250 ms MarkObjects: 4.720667 ms  DeleteObjects: 0.407333 ms)


-------------------------------------------------------------------------------
Bundle Name: account-rewards-config-bundles
Compressed Size:1.5 kb
Uncompressed usage by category (Percentages based on user generated assets only):
Textures               0.0 kb	 0.0% 
Meshes                 0.0 kb	 0.0% 
Animations             0.0 kb	 0.0% 
Sounds                 0.0 kb	 0.0% 
Shaders                0.0 kb	 0.0% 
Other Assets           0.2 kb	 4.4% 
Levels                 0.0 kb	 0.0% 
File headers           3.9 kb	 95.6% 
Total User Assets      4.1 kb	 100.0% 
Complete build size    4.1 kb
Used Assets and files from the Resources folder, sorted by uncompressed size:
 0.1 kb	 2.5% AssetBundle Object
 0.1 kb	 2.0% Built-in AssetBundleManifest: AssetBundleManifest
-------------------------------------------------------------------------------
2026-10-04 22:02:07.957 Unity[26472:53195749] NSEventModifierFlagFunction specified to -setKeyEquivalentModifierMask: for item <NSMenuItem: 0xb62cc2b20 SDF, ke='Command-F12'>, but is only supported for system-provided menu items; will not be used

***Player size statistics***
Total compressed size 1.5 KB. Total uncompressed size 4.1 KB.
Unloading 82 Unused Serialized files (Serialized files now loaded: 0)
Unloading 497 unused Assets / (34.0 KB). Loaded Objects now: 3620.
Memory consumption went from 153.7 MB to 153.6 MB.
Total: 5.685000 ms (FindLiveObjects: 0.130167 ms CreateObjectMapping: 0.039875 ms MarkObjects: 5.356041 ms  DeleteObjects: 0.158541 ms)


-------------------------------------------------------------------------------
Bundle Name: top-info-effects-native-bundle
Compressed Size:1.5 kb
Uncompressed usage by category (Percentages based on user generated assets only):
Textures               0.0 kb	 0.0% 
Meshes                 0.0 kb	 0.0% 
Animations             0.0 kb	 0.0% 
Sounds                 0.0 kb	 0.0% 
Shaders                0.0 kb	 0.0% 
Other Assets           0.2 kb	 4.4% 
Levels                 0.0 kb	 0.0% 
File headers           3.9 kb	 95.6% 
Total User Assets      4.1 kb	 100.0% 
Complete build size    4.1 kb
Used Assets and files from the Resources folder, sorted by uncompressed size:
 0.1 kb	 2.5% AssetBundle Object
 0.1 kb	 2.0% Built-in AssetBundleManifest: AssetBundleManifest
-------------------------------------------------------------------------------
2026-10-04 22:02:08.001 Unity[26472:53195749] NSEventModifierFlagFunction specified to -setKeyEquivalentModifierMask: for item <NSMenuItem: 0xb62cc2080 SDF, ke='Command-F12'>, but is only supported for system-provided menu items; will not be used

***Player size statistics***
Total compressed size 1.5 KB. Total uncompressed size 4.1 KB.
Unloading 8 Unused Serialized files (Serialized files now loaded: 0)
Unloading 574 unused Assets / (1.0 MB). Loaded Objects now: 1831.
Memory consumption went from 143.6 MB to 142.6 MB.
Total: 5.765584 ms (FindLiveObjects: 0.077084 ms CreateObjectMapping: 0.030041 ms MarkObjects: 5.183417 ms  DeleteObjects: 0.474667 ms)


-------------------------------------------------------------------------------
Bundle Name: account-rewards-config-bundles
Compressed Size:1.5 kb
Uncompressed usage by category (Percentages based on user generated assets only):
Textures               0.0 kb	 0.0% 
Meshes                 0.0 kb	 0.0% 
Animations             0.0 kb	 0.0% 
Sounds                 0.0 kb	 0.0% 
Shaders                0.0 kb	 0.0% 
Other Assets           0.2 kb	 4.4% 
Levels                 0.0 kb	 0.0% 
File headers           3.9 kb	 95.6% 
Total User Assets      4.1 kb	 100.0% 
Complete build size    4.1 kb
Used Assets and files from the Resources folder, sorted by uncompressed size:
 0.1 kb	 2.5% AssetBundle Object
 0.1 kb	 2.0% Built-in AssetBundleManifest: AssetBundleManifest
-------------------------------------------------------------------------------
2026-10-04 22:02:08.061 Unity[26472:53195749] NSEventModifierFlagFunction specified to -setKeyEquivalentModifierMask: for item <NSMenuItem: 0xb62cc2f80 SDF, ke='Command-F12'>, but is only supported for system-provided menu items; will not be used

***Player size statistics***
Total compressed size 1.5 KB. Total uncompressed size 4.1 KB.
Unloading 82 Unused Serialized files (Serialized files now loaded: 0)
Unloading 497 unused Assets / (32.8 KB). Loaded Objects now: 3620.
Memory consumption went from 153.5 MB to 153.5 MB.
Total: 5.880792 ms (FindLiveObjects: 0.105833 ms CreateObjectMapping: 0.036000 ms MarkObjects: 5.520625 ms  DeleteObjects: 0.218208 ms)


-------------------------------------------------------------------------------
Bundle Name: top-info-effects-native-bundle
Compressed Size:1.5 kb
Uncompressed usage by category (Percentages based on user generated assets only):
Textures               0.0 kb	 0.0% 
Meshes                 0.0 kb	 0.0% 
Animations             0.0 kb	 0.0% 
Sounds                 0.0 kb	 0.0% 
Shaders                0.0 kb	 0.0% 
Other Assets           0.2 kb	 4.4% 
Levels                 0.0 kb	 0.0% 
File headers           3.9 kb	 95.6% 
Total User Assets      4.1 kb	 100.0% 
Complete build size    4.1 kb
Used Assets and files from the Resources folder, sorted by uncompressed size:
 0.1 kb	 2.5% AssetBundle Object
 0.1 kb	 2.0% Built-in AssetBundleManifest: AssetBundleManifest
-------------------------------------------------------------------------------
2026-10-04 22:02:08.110 Unity[26472:53195749] NSEventModifierFlagFunction specified to -setKeyEquivalentModifierMask: for item <NSMenuItem: 0xb62c186e0 SDF, ke='Command-F12'>, but is only supported for system-provided menu items; will not be used

***Player size statistics***
Total compressed size 1.5 KB. Total uncompressed size 4.1 KB.
Unloading 13 Unused Serialized files (Serialized files now loaded: 0)
Unloading 579 unused Assets / (1.4 MB). Loaded Objects now: 1831.
Memory consumption went from 144.7 MB to 143.3 MB.
Total: 5.259416 ms (FindLiveObjects: 0.059291 ms CreateObjectMapping: 0.027000 ms MarkObjects: 4.638250 ms  DeleteObjects: 0.534500 ms)


-------------------------------------------------------------------------------
Bundle Name: account-rewards-config-bundles
Compressed Size:1.5 kb
Uncompressed usage by category (Percentages based on user generated assets only):
Textures               0.0 kb	 0.0% 
Meshes                 0.0 kb	 0.0% 
Animations             0.0 kb	 0.0% 
Sounds                 0.0 kb	 0.0% 
Shaders                0.0 kb	 0.0% 
Other Assets           0.2 kb	 4.4% 
Levels                 0.0 kb	 0.0% 
File headers           3.9 kb	 95.6% 
Total User Assets      4.1 kb	 100.0% 
Complete build size    4.1 kb
Used Assets and files from the Resources folder, sorted by uncompressed size:
 0.1 kb	 2.5% AssetBundle Object
 0.1 kb	 2.0% Built-in AssetBundleManifest: AssetBundleManifest
-------------------------------------------------------------------------------
2026-10-04 22:02:08.171 Unity[26472:53195749] NSEventModifierFlagFunction specified to -setKeyEquivalentModifierMask: for item <NSMenuItem: 0xb62cc38e0 SDF, ke='Command-F12'>, but is only supported for system-provided menu items; will not be used

***Player size statistics***
Total compressed size 1.5 KB. Total uncompressed size 4.1 KB.
Unloading 82 Unused Serialized files (Serialized files now loaded: 0)
Unloading 497 unused Assets / (33.3 KB). Loaded Objects now: 3620.
Memory consumption went from 153.9 MB to 153.9 MB.
Total: 5.934208 ms (FindLiveObjects: 0.147583 ms CreateObjectMapping: 0.037708 ms MarkObjects: 5.579167 ms  DeleteObjects: 0.169375 ms)


-------------------------------------------------------------------------------
Bundle Name: top-info-effects-native-bundle
Compressed Size:1.5 kb
Uncompressed usage by category (Percentages based on user generated assets only):
Textures               0.0 kb	 0.0% 
Meshes                 0.0 kb	 0.0% 
Animations             0.0 kb	 0.0% 
Sounds                 0.0 kb	 0.0% 
Shaders                0.0 kb	 0.0% 
Other Assets           0.2 kb	 4.4% 
Levels                 0.0 kb	 0.0% 
File headers           3.9 kb	 95.6% 
Total User Assets      4.1 kb	 100.0% 
Complete build size    4.1 kb
Used Assets and files from the Resources folder, sorted by uncompressed size:
 0.1 kb	 2.5% AssetBundle Object
 0.1 kb	 2.0% Built-in AssetBundleManifest: AssetBundleManifest
-------------------------------------------------------------------------------
2026-10-04 22:02:08.210 Unity[26472:53195749] NSEventModifierFlagFunction specified to -setKeyEquivalentModifierMask: for item <NSMenuItem: 0xb62cc1fe0 SDF, ke='Command-F12'>, but is only supported for system-provided menu items; will not be used

***Player size statistics***
Total compressed size 1.5 KB. Total uncompressed size 4.1 KB.
Unloading 15 Unused Serialized files (Serialized files now loaded: 0)
Unloading 581 unused Assets / (1.3 MB). Loaded Objects now: 1831.
Memory consumption went from 145.1 MB to 143.7 MB.
Total: 5.344584 ms (FindLiveObjects: 0.062625 ms CreateObjectMapping: 0.027125 ms MarkObjects: 4.761125 ms  DeleteObjects: 0.493458 ms)


-------------------------------------------------------------------------------
Bundle Name: account-rewards-config-bundles
Compressed Size:1.5 kb
Uncompressed usage by category (Percentages based on user generated assets only):
Textures               0.0 kb	 0.0% 
Meshes                 0.0 kb	 0.0% 
Animations             0.0 kb	 0.0% 
Sounds                 0.0 kb	 0.0% 
Shaders                0.0 kb	 0.0% 
Other Assets           0.2 kb	 4.4% 
Levels                 0.0 kb	 0.0% 
File headers           3.9 kb	 95.6% 
Total User Assets      4.1 kb	 100.0% 
Complete build size    4.1 kb
Used Assets and files from the Resources folder, sorted by uncompressed size:
 0.1 kb	 2.5% AssetBundle Object
 0.1 kb	 2.0% Built-in AssetBundleManifest: AssetBundleManifest
-------------------------------------------------------------------------------
2026-10-04 22:02:08.272 Unity[26472:53195749] NSEventModifierFlagFunction specified to -setKeyEquivalentModifierMask: for item <NSMenuItem: 0xb62c19900 SDF, ke='Command-F12'>, but is only supported for system-provided menu items; will not be used

***Player size statistics***
Total compressed size 1.5 KB. Total uncompressed size 4.1 KB.
Unloading 82 Unused Serialized files (Serialized files now loaded: 0)
Unloading 497 unused Assets / (30.6 KB). Loaded Objects now: 3620.
Memory consumption went from 153.8 MB to 153.8 MB.
Total: 5.461000 ms (FindLiveObjects: 0.133292 ms CreateObjectMapping: 0.040791 ms MarkObjects: 5.123709 ms  DeleteObjects: 0.162958 ms)


-------------------------------------------------------------------------------
Bundle Name: top-info-effects-native-bundle
Compressed Size:1.5 kb
Uncompressed usage by category (Percentages based on user generated assets only):
Textures               0.0 kb	 0.0% 
Meshes                 0.0 kb	 0.0% 
Animations             0.0 kb	 0.0% 
Sounds                 0.0 kb	 0.0% 
Shaders                0.0 kb	 0.0% 
Other Assets           0.2 kb	 4.4% 
Levels                 0.0 kb	 0.0% 
File headers           3.9 kb	 95.6% 
Total User Assets      4.1 kb	 100.0% 
Complete build size    4.1 kb
Used Assets and files from the Resources folder, sorted by uncompressed size:
 0.1 kb	 2.5% AssetBundle Object
 0.1 kb	 2.0% Built-in AssetBundleManifest: AssetBundleManifest
-------------------------------------------------------------------------------
2026-10-04 22:02:08.298 Unity[26472:53195749] NSEventModifierFlagFunction specified to -setKeyEquivalentModifierMask: for item <NSMenuItem: 0xb62d2eda0 SDF, ke='Command-F12'>, but is only supported for system-provided menu items; will not be used

***Player size statistics***
Total compressed size 1.5 KB. Total uncompressed size 4.1 KB.
Unloading 13 Unused Serialized files (Serialized files now loaded: 0)
Unloading 579 unused Assets / (1.5 MB). Loaded Objects now: 1831.
Memory consumption went from 144.9 MB to 143.4 MB.
Total: 5.575292 ms (FindLiveObjects: 0.061333 ms CreateObjectMapping: 0.027042 ms MarkObjects: 5.035292 ms  DeleteObjects: 0.451417 ms)


-------------------------------------------------------------------------------
Bundle Name: account-rewards-config-bundles
Compressed Size:1.5 kb
Uncompressed usage by category (Percentages based on user generated assets only):
Textures               0.0 kb	 0.0% 
Meshes                 0.0 kb	 0.0% 
Animations             0.0 kb	 0.0% 
Sounds                 0.0 kb	 0.0% 
Shaders                0.0 kb	 0.0% 
Other Assets           0.2 kb	 4.4% 
Levels                 0.0 kb	 0.0% 
File headers           3.9 kb	 95.6% 
Total User Assets      4.1 kb	 100.0% 
Complete build size    4.1 kb
Used Assets and files from the Resources folder, sorted by uncompressed size:
 0.1 kb	 2.5% AssetBundle Object
 0.1 kb	 2.0% Built-in AssetBundleManifest: AssetBundleManifest
-------------------------------------------------------------------------------
2026-10-04 22:02:08.360 Unity[26472:53195749] NSEventModifierFlagFunction specified to -setKeyEquivalentModifierMask: for item <NSMenuItem: 0xb635b6b20 SDF, ke='Command-F12'>, but is only supported for system-provided menu items; will not be used

***Player size statistics***
Total compressed size 1.5 KB. Total uncompressed size 4.1 KB.
Unloading 82 Unused Serialized files (Serialized files now loaded: 0)
Unloading 497 unused Assets / (31.7 KB). Loaded Objects now: 3620.
Memory consumption went from 153.8 MB to 153.8 MB.
Total: 5.624208 ms (FindLiveObjects: 0.113167 ms CreateObjectMapping: 0.042083 ms MarkObjects: 5.278917 ms  DeleteObjects: 0.189583 ms)


-------------------------------------------------------------------------------
Bundle Name: top-info-effects-native-bundle
Compressed Size:1.5 kb
Uncompressed usage by category (Percentages based on user generated assets only):
Textures               0.0 kb	 0.0% 
Meshes                 0.0 kb	 0.0% 
Animations             0.0 kb	 0.0% 
Sounds                 0.0 kb	 0.0% 
Shaders                0.0 kb	 0.0% 
Other Assets           0.2 kb	 4.4% 
Levels                 0.0 kb	 0.0% 
File headers           3.9 kb	 95.6% 
Total User Assets      4.1 kb	 100.0% 
Complete build size    4.1 kb
Used Assets and files from the Resources folder, sorted by uncompressed size:
 0.1 kb	 2.5% AssetBundle Object
 0.1 kb	 2.0% Built-in AssetBundleManifest: AssetBundleManifest
-------------------------------------------------------------------------------
2026-10-04 22:02:08.438 Unity[26472:53195749] NSEventModifierFlagFunction specified to -setKeyEquivalentModifierMask: for item <NSMenuItem: 0xb635b5ea0 SDF, ke='Command-F12'>, but is only supported for system-provided menu items; will not be used

***Player size statistics***
Total compressed size 1.5 KB. Total uncompressed size 4.1 KB.
Unloading 13 Unused Serialized files (Serialized files now loaded: 0)
Unloading 579 unused Assets / (1.4 MB). Loaded Objects now: 1831.
Memory consumption went from 145.9 MB to 144.5 MB.
Total: 5.491833 ms (FindLiveObjects: 0.065417 ms CreateObjectMapping: 0.027750 ms MarkObjects: 4.818333 ms  DeleteObjects: 0.579917 ms)


-------------------------------------------------------------------------------
Bundle Name: account-rewards-config-bundles
Compressed Size:1.5 kb
Uncompressed usage by category (Percentages based on user generated assets only):
Textures               0.0 kb	 0.0% 
Meshes                 0.0 kb	 0.0% 
Animations             0.0 kb	 0.0% 
Sounds                 0.0 kb	 0.0% 
Shaders                0.0 kb	 0.0% 
Other Assets           0.2 kb	 4.4% 
Levels                 0.0 kb	 0.0% 
File headers           3.9 kb	 95.6% 
Total User Assets      4.1 kb	 100.0% 
Complete build size    4.1 kb
Used Assets and files from the Resources folder, sorted by uncompressed size:
 0.1 kb	 2.5% AssetBundle Object
 0.1 kb	 2.0% Built-in AssetBundleManifest: AssetBundleManifest
-------------------------------------------------------------------------------
2026-10-04 22:02:08.500 Unity[26472:53195749] NSEventModifierFlagFunction specified to -setKeyEquivalentModifierMask: for item <NSMenuItem: 0xb635b6440 SDF, ke='Command-F12'>, but is only supported for system-provided menu items; will not be used

***Player size statistics***
Total compressed size 1.5 KB. Total uncompressed size 4.1 KB.
Unloading 82 Unused Serialized files (Serialized files now loaded: 0)
Unloading 497 unused Assets / (32.5 KB). Loaded Objects now: 3620.
Memory consumption went from 154.6 MB to 154.6 MB.
Total: 5.631375 ms (FindLiveObjects: 0.146750 ms CreateObjectMapping: 0.048833 ms MarkObjects: 5.256208 ms  DeleteObjects: 0.179416 ms)


-------------------------------------------------------------------------------
Bundle Name: top-info-effects-native-bundle
Compressed Size:1.5 kb
Uncompressed usage by category (Percentages based on user generated assets only):
Textures               0.0 kb	 0.0% 
Meshes                 0.0 kb	 0.0% 
Animations             0.0 kb	 0.0% 
Sounds                 0.0 kb	 0.0% 
Shaders                0.0 kb	 0.0% 
Other Assets           0.2 kb	 4.4% 
Levels                 0.0 kb	 0.0% 
File headers           3.9 kb	 95.6% 
Total User Assets      4.1 kb	 100.0% 
Complete build size    4.1 kb
Used Assets and files from the Resources folder, sorted by uncompressed size:
 0.1 kb	 2.5% AssetBundle Object
 0.1 kb	 2.0% Built-in AssetBundleManifest: AssetBundleManifest
-------------------------------------------------------------------------------
2026-10-04 22:02:08.527 Unity[26472:53195749] NSEventModifierFlagFunction specified to -setKeyEquivalentModifierMask: for item <NSMenuItem: 0xb635b5040 SDF, ke='Command-F12'>, but is only supported for system-provided menu items; will not be used

***Player size statistics***
Total compressed size 1.5 KB. Total uncompressed size 4.1 KB.
Unloading 11 Unused Serialized files (Serialized files now loaded: 0)
Unloading 577 unused Assets / (1.1 MB). Loaded Objects now: 1831.
Memory consumption went from 145.5 MB to 144.4 MB.
Total: 5.527000 ms (FindLiveObjects: 0.060083 ms CreateObjectMapping: 0.027500 ms MarkObjects: 5.022250 ms  DeleteObjects: 0.416750 ms)


-------------------------------------------------------------------------------
Bundle Name: account-rewards-config-bundles
Compressed Size:1.5 kb
Uncompressed usage by category (Percentages based on user generated assets only):
Textures               0.0 kb	 0.0% 
Meshes                 0.0 kb	 0.0% 
Animations             0.0 kb	 0.0% 
Sounds                 0.0 kb	 0.0% 
Shaders                0.0 kb	 0.0% 
Other Assets           0.2 kb	 4.4% 
Levels                 0.0 kb	 0.0% 
File headers           3.9 kb	 95.6% 
Total User Assets      4.1 kb	 100.0% 
Complete build size    4.1 kb
Used Assets and files from the Resources folder, sorted by uncompressed size:
 0.1 kb	 2.5% AssetBundle Object
 0.1 kb	 2.0% Built-in AssetBundleManifest: AssetBundleManifest
-------------------------------------------------------------------------------
2026-10-04 22:02:08.593 Unity[26472:53195749] NSEventModifierFlagFunction specified to -setKeyEquivalentModifierMask: for item <NSMenuItem: 0xb63683020 SDF, ke='Command-F12'>, but is only supported for system-provided menu items; will not be used

***Player size statistics***
Total compressed size 1.5 KB. Total uncompressed size 4.1 KB.
Unloading 82 Unused Serialized files (Serialized files now loaded: 0)
Unloading 497 unused Assets / (33.6 KB). Loaded Objects now: 3620.
Memory consumption went from 154.7 MB to 154.6 MB.
Total: 5.412083 ms (FindLiveObjects: 0.131916 ms CreateObjectMapping: 0.040875 ms MarkObjects: 4.975625 ms  DeleteObjects: 0.262958 ms)


-------------------------------------------------------------------------------
Bundle Name: top-info-effects-native-bundle
Compressed Size:1.5 kb
Uncompressed usage by category (Percentages based on user generated assets only):
Textures               0.0 kb	 0.0% 
Meshes                 0.0 kb	 0.0% 
Animations             0.0 kb	 0.0% 
Sounds                 0.0 kb	 0.0% 
Shaders                0.0 kb	 0.0% 
Other Assets           0.2 kb	 4.4% 
Levels                 0.0 kb	 0.0% 
File headers           3.9 kb	 95.6% 
Total User Assets      4.1 kb	 100.0% 
Complete build size    4.1 kb
Used Assets and files from the Resources folder, sorted by uncompressed size:
 0.1 kb	 2.5% AssetBundle Object
 0.1 kb	 2.0% Built-in AssetBundleManifest: AssetBundleManifest
-------------------------------------------------------------------------------
2026-10-04 22:02:08.614 Unity[26472:53195749] NSEventModifierFlagFunction specified to -setKeyEquivalentModifierMask: for item <NSMenuItem: 0xb63682c60 SDF, ke='Command-F12'>, but is only supported for system-provided menu items; will not be used

***Player size statistics***
Total compressed size 1.5 KB. Total uncompressed size 4.1 KB.
Unloading 6 Unused Serialized files (Serialized files now loaded: 0)
Unloading 572 unused Assets / (1.0 MB). Loaded Objects now: 1831.
Memory consumption went from 144.4 MB to 143.4 MB.
Total: 5.781000 ms (FindLiveObjects: 0.068417 ms CreateObjectMapping: 0.029833 ms MarkObjects: 5.290959 ms  DeleteObjects: 0.391583 ms)


-------------------------------------------------------------------------------
Bundle Name: account-rewards-config-bundles
Compressed Size:1.5 kb
Uncompressed usage by category (Percentages based on user generated assets only):
Textures               0.0 kb	 0.0% 
Meshes                 0.0 kb	 0.0% 
Animations             0.0 kb	 0.0% 
Sounds                 0.0 kb	 0.0% 
Shaders                0.0 kb	 0.0% 
Other Assets           0.2 kb	 4.4% 
Levels                 0.0 kb	 0.0% 
File headers           3.9 kb	 95.6% 
Total User Assets      4.1 kb	 100.0% 
Complete build size    4.1 kb
Used Assets and files from the Resources folder, sorted by uncompressed size:
 0.1 kb	 2.5% AssetBundle Object
 0.1 kb	 2.0% Built-in AssetBundleManifest: AssetBundleManifest
-------------------------------------------------------------------------------
2026-10-04 22:02:08.677 Unity[26472:53195749] NSEventModifierFlagFunction specified to -setKeyEquivalentModifierMask: for item <NSMenuItem: 0xb63682940 SDF, ke='Command-F12'>, but is only supported for system-provided menu items; will not be used

***Player size statistics***
Total compressed size 1.5 KB. Total uncompressed size 4.1 KB.
Unloading 82 Unused Serialized files (Serialized files now loaded: 0)
Unloading 497 unused Assets / (30.6 KB). Loaded Objects now: 3620.
Memory consumption went from 154.3 MB to 154.3 MB.
Total: 5.688625 ms (FindLiveObjects: 0.125584 ms CreateObjectMapping: 0.037166 ms MarkObjects: 5.345167 ms  DeleteObjects: 0.180375 ms)


-------------------------------------------------------------------------------
Bundle Name: top-info-effects-native-bundle
Compressed Size:1.5 kb
Uncompressed usage by category (Percentages based on user generated assets only):
Textures               0.0 kb	 0.0% 
Meshes                 0.0 kb	 0.0% 
Animations             0.0 kb	 0.0% 
Sounds                 0.0 kb	 0.0% 
Shaders                0.0 kb	 0.0% 
Other Assets           0.2 kb	 4.4% 
Levels                 0.0 kb	 0.0% 
File headers           3.9 kb	 95.6% 
Total User Assets      4.1 kb	 100.0% 
Complete build size    4.1 kb
Used Assets and files from the Resources folder, sorted by uncompressed size:
 0.1 kb	 2.5% AssetBundle Object
 0.1 kb	 2.0% Built-in AssetBundleManifest: AssetBundleManifest
-------------------------------------------------------------------------------
2026-10-04 22:02:08.701 Unity[26472:53195749] NSEventModifierFlagFunction specified to -setKeyEquivalentModifierMask: for item <NSMenuItem: 0xb636812c0 SDF, ke='Command-F12'>, but is only supported for system-provided menu items; will not be used

***Player size statistics***
Total compressed size 1.5 KB. Total uncompressed size 4.1 KB.
Unloading 11 Unused Serialized files (Serialized files now loaded: 0)
Unloading 577 unused Assets / (1.3 MB). Loaded Objects now: 1831.
Memory consumption went from 145.2 MB to 143.9 MB.
Total: 6.208417 ms (FindLiveObjects: 0.081042 ms CreateObjectMapping: 0.030083 ms MarkObjects: 5.607083 ms  DeleteObjects: 0.489834 ms)


-------------------------------------------------------------------------------
Bundle Name: account-rewards-config-bundles
Compressed Size:1.5 kb
Uncompressed usage by category (Percentages based on user generated assets only):
Textures               0.0 kb	 0.0% 
Meshes                 0.0 kb	 0.0% 
Animations             0.0 kb	 0.0% 
Sounds                 0.0 kb	 0.0% 
Shaders                0.0 kb	 0.0% 
Other Assets           0.2 kb	 4.4% 
Levels                 0.0 kb	 0.0% 
File headers           3.9 kb	 95.6% 
Total User Assets      4.1 kb	 100.0% 
Complete build size    4.1 kb
Used Assets and files from the Resources folder, sorted by uncompressed size:
 0.1 kb	 2.5% AssetBundle Object
 0.1 kb	 2.0% Built-in AssetBundleManifest: AssetBundleManifest
-------------------------------------------------------------------------------
2026-10-04 22:02:08.763 Unity[26472:53195749] NSEventModifierFlagFunction specified to -setKeyEquivalentModifierMask: for item <NSMenuItem: 0xb636805a0 SDF, ke='Command-F12'>, but is only supported for system-provided menu items; will not be used

***Player size statistics***
Total compressed size 1.5 KB. Total uncompressed size 4.1 KB.
Unloading 82 Unused Serialized files (Serialized files now loaded: 0)
Unloading 497 unused Assets / (32.4 KB). Loaded Objects now: 3620.
Memory consumption went from 154.4 MB to 154.3 MB.
Total: 5.927625 ms (FindLiveObjects: 0.133084 ms CreateObjectMapping: 0.037291 ms MarkObjects: 5.572833 ms  DeleteObjects: 0.184000 ms)


-------------------------------------------------------------------------------
Bundle Name: top-info-effects-native-bundle
Compressed Size:1.5 kb
Uncompressed usage by category (Percentages based on user generated assets only):
Textures               0.0 kb	 0.0% 
Meshes                 0.0 kb	 0.0% 
Animations             0.0 kb	 0.0% 
Sounds                 0.0 kb	 0.0% 
Shaders                0.0 kb	 0.0% 
Other Assets           0.2 kb	 4.4% 
Levels                 0.0 kb	 0.0% 
File headers           3.9 kb	 95.6% 
Total User Assets      4.1 kb	 100.0% 
Complete build size    4.1 kb
Used Assets and files from the Resources folder, sorted by uncompressed size:
 0.1 kb	 2.5% AssetBundle Object
 0.1 kb	 2.0% Built-in AssetBundleManifest: AssetBundleManifest
-------------------------------------------------------------------------------
2026-10-04 22:02:08.791 Unity[26472:53195749] NSEventModifierFlagFunction specified to -setKeyEquivalentModifierMask: for item <NSMenuItem: 0xb63682120 SDF, ke='Command-F12'>, but is only supported for system-provided menu items; will not be used

***Player size statistics***
Total compressed size 1.5 KB. Total uncompressed size 4.1 KB.
Unloading 11 Unused Serialized files (Serialized files now loaded: 0)
Unloading 577 unused Assets / (1.3 MB). Loaded Objects now: 1831.
Memory consumption went from 145.1 MB to 143.8 MB.
Total: 5.472083 ms (FindLiveObjects: 0.061125 ms CreateObjectMapping: 0.026125 ms MarkObjects: 4.958500 ms  DeleteObjects: 0.426000 ms)


-------------------------------------------------------------------------------
Bundle Name: account-rewards-config-bundles
Compressed Size:1.5 kb
Uncompressed usage by category (Percentages based on user generated assets only):
Textures               0.0 kb	 0.0% 
Meshes                 0.0 kb	 0.0% 
Animations             0.0 kb	 0.0% 
Sounds                 0.0 kb	 0.0% 
Shaders                0.0 kb	 0.0% 
Other Assets           0.2 kb	 4.4% 
Levels                 0.0 kb	 0.0% 
File headers           3.9 kb	 95.6% 
Total User Assets      4.1 kb	 100.0% 
Complete build size    4.1 kb
Used Assets and files from the Resources folder, sorted by uncompressed size:
 0.1 kb	 2.5% AssetBundle Object
 0.1 kb	 2.0% Built-in AssetBundleManifest: AssetBundleManifest
-------------------------------------------------------------------------------
2026-10-04 22:02:08.854 Unity[26472:53195749] NSEventModifierFlagFunction specified to -setKeyEquivalentModifierMask: for item <NSMenuItem: 0xb63680d20 SDF, ke='Command-F12'>, but is only supported for system-provided menu items; will not be used

***Player size statistics***
Total compressed size 1.5 KB. Total uncompressed size 4.1 KB.
Unloading 82 Unused Serialized files (Serialized files now loaded: 0)
Unloading 497 unused Assets / (32.9 KB). Loaded Objects now: 3620.
Memory consumption went from 154.1 MB to 154.0 MB.
Total: 5.680333 ms (FindLiveObjects: 0.132875 ms CreateObjectMapping: 0.037833 ms MarkObjects: 5.345459 ms  DeleteObjects: 0.163833 ms)


-------------------------------------------------------------------------------
Bundle Name: top-info-effects-native-bundle
Compressed Size:1.5 kb
Uncompressed usage by category (Percentages based on user generated assets only):
Textures               0.0 kb	 0.0% 
Meshes                 0.0 kb	 0.0% 
Animations             0.0 kb	 0.0% 
Sounds                 0.0 kb	 0.0% 
Shaders                0.0 kb	 0.0% 
Other Assets           0.2 kb	 4.4% 
Levels                 0.0 kb	 0.0% 
File headers           3.9 kb	 95.6% 
Total User Assets      4.1 kb	 100.0% 
Complete build size    4.1 kb
Used Assets and files from the Resources folder, sorted by uncompressed size:
 0.1 kb	 2.5% AssetBundle Object
 0.1 kb	 2.0% Built-in AssetBundleManifest: AssetBundleManifest
-------------------------------------------------------------------------------
2026-10-04 22:02:08.879 Unity[26472:53195749] NSEventModifierFlagFunction specified to -setKeyEquivalentModifierMask: for item <NSMenuItem: 0xb62c4d9a0 SDF, ke='Command-F12'>, but is only supported for system-provided menu items; will not be used

***Player size statistics***
Total compressed size 1.5 KB. Total uncompressed size 4.1 KB.
Unloading 11 Unused Serialized files (Serialized files now loaded: 0)
Unloading 577 unused Assets / (1.2 MB). Loaded Objects now: 1831.
Memory consumption went from 144.9 MB to 143.7 MB.
Total: 5.846500 ms (FindLiveObjects: 0.066667 ms CreateObjectMapping: 0.027959 ms MarkObjects: 5.363541 ms  DeleteObjects: 0.387917 ms)


-------------------------------------------------------------------------------
Bundle Name: account-rewards-config-bundles
Compressed Size:1.5 kb
Uncompressed usage by category (Percentages based on user generated assets only):
Textures               0.0 kb	 0.0% 
Meshes                 0.0 kb	 0.0% 
Animations             0.0 kb	 0.0% 
Sounds                 0.0 kb	 0.0% 
Shaders                0.0 kb	 0.0% 
Other Assets           0.2 kb	 4.4% 
Levels                 0.0 kb	 0.0% 
File headers           3.9 kb	 95.6% 
Total User Assets      4.1 kb	 100.0% 
Complete build size    4.1 kb
Used Assets and files from the Resources folder, sorted by uncompressed size:
 0.1 kb	 2.5% AssetBundle Object
 0.1 kb	 2.0% Built-in AssetBundleManifest: AssetBundleManifest
-------------------------------------------------------------------------------
2026-10-04 22:02:08.942 Unity[26472:53195749] NSEventModifierFlagFunction specified to -setKeyEquivalentModifierMask: for item <NSMenuItem: 0xb637481e0 SDF, ke='Command-F12'>, but is only supported for system-provided menu items; will not be used

***Player size statistics***
Total compressed size 1.5 KB. Total uncompressed size 4.1 KB.
Unloading 82 Unused Serialized files (Serialized files now loaded: 0)
Unloading 497 unused Assets / (33.5 KB). Loaded Objects now: 3620.
Memory consumption went from 154.1 MB to 154.1 MB.
Total: 5.626375 ms (FindLiveObjects: 0.139375 ms CreateObjectMapping: 0.037917 ms MarkObjects: 5.256042 ms  DeleteObjects: 0.192792 ms)


-------------------------------------------------------------------------------
Bundle Name: top-info-effects-native-bundle
Compressed Size:1.5 kb
Uncompressed usage by category (Percentages based on user generated assets only):
Textures               0.0 kb	 0.0% 
Meshes                 0.0 kb	 0.0% 
Animations             0.0 kb	 0.0% 
Sounds                 0.0 kb	 0.0% 
Shaders                0.0 kb	 0.0% 
Other Assets           0.2 kb	 4.4% 
Levels                 0.0 kb	 0.0% 
File headers           3.9 kb	 95.6% 
Total User Assets      4.1 kb	 100.0% 
Complete build size    4.1 kb
Used Assets and files from the Resources folder, sorted by uncompressed size:
 0.1 kb	 2.5% AssetBundle Object
 0.1 kb	 2.0% Built-in AssetBundleManifest: AssetBundleManifest
-------------------------------------------------------------------------------
2026-10-04 22:02:08.964 Unity[26472:53195749] NSEventModifierFlagFunction specified to -setKeyEquivalentModifierMask: for item <NSMenuItem: 0xb637e2a80 SDF, ke='Command-F12'>, but is only supported for system-provided menu items; will not be used

***Player size statistics***
Total compressed size 1.5 KB. Total uncompressed size 4.1 KB.
Unloading 11 Unused Serialized files (Serialized files now loaded: 0)
Unloading 577 unused Assets / (1.2 MB). Loaded Objects now: 1831.
Memory consumption went from 144.8 MB to 143.5 MB.
Total: 6.221833 ms (FindLiveObjects: 0.082625 ms CreateObjectMapping: 0.026666 ms MarkObjects: 5.742500 ms  DeleteObjects: 0.369917 ms)


-------------------------------------------------------------------------------
Bundle Name: account-rewards-config-bundles
Compressed Size:1.5 kb
Uncompressed usage by category (Percentages based on user generated assets only):
Textures               0.0 kb	 0.0% 
Meshes                 0.0 kb	 0.0% 
Animations             0.0 kb	 0.0% 
Sounds                 0.0 kb	 0.0% 
Shaders                0.0 kb	 0.0% 
Other Assets           0.2 kb	 4.4% 
Levels                 0.0 kb	 0.0% 
File headers           3.9 kb	 95.6% 
Total User Assets      4.1 kb	 100.0% 
Complete build size    4.1 kb
Used Assets and files from the Resources folder, sorted by uncompressed size:
 0.1 kb	 2.5% AssetBundle Object
 0.1 kb	 2.0% Built-in AssetBundleManifest: AssetBundleManifest
-------------------------------------------------------------------------------
2026-10-04 22:02:09.026 Unity[26472:53195749] NSEventModifierFlagFunction specified to -setKeyEquivalentModifierMask: for item <NSMenuItem: 0xb637e32a0 SDF, ke='Command-F12'>, but is only supported for system-provided menu items; will not be used

***Player size statistics***
Total compressed size 1.5 KB. Total uncompressed size 4.1 KB.
Unloading 82 Unused Serialized files (Serialized files now loaded: 0)
Unloading 497 unused Assets / (32.1 KB). Loaded Objects now: 3620.
Memory consumption went from 153.7 MB to 153.7 MB.
Total: 5.756416 ms (FindLiveObjects: 0.105375 ms CreateObjectMapping: 0.036708 ms MarkObjects: 5.417209 ms  DeleteObjects: 0.196792 ms)


-------------------------------------------------------------------------------
Bundle Name: top-info-effects-native-bundle
Compressed Size:1.5 kb
Uncompressed usage by category (Percentages based on user generated assets only):
Textures               0.0 kb	 0.0% 
Meshes                 0.0 kb	 0.0% 
Animations             0.0 kb	 0.0% 
Sounds                 0.0 kb	 0.0% 
Shaders                0.0 kb	 0.0% 
Other Assets           0.2 kb	 4.4% 
Levels                 0.0 kb	 0.0% 
File headers           3.9 kb	 95.6% 
Total User Assets      4.1 kb	 100.0% 
Complete build size    4.1 kb
Used Assets and files from the Resources folder, sorted by uncompressed size:
 0.1 kb	 2.5% AssetBundle Object
 0.1 kb	 2.0% Built-in AssetBundleManifest: AssetBundleManifest
-------------------------------------------------------------------------------
2026-10-04 22:02:09.052 Unity[26472:53195749] NSEventModifierFlagFunction specified to -setKeyEquivalentModifierMask: for item <NSMenuItem: 0xb637e1c20 SDF, ke='Command-F12'>, but is only supported for system-provided menu items; will not be used

***Player size statistics***
Total compressed size 1.5 KB. Total uncompressed size 4.1 KB.
Unloading 11 Unused Serialized files (Serialized files now loaded: 0)
Unloading 577 unused Assets / (1.3 MB). Loaded Objects now: 1831.
Memory consumption went from 144.6 MB to 143.3 MB.
Total: 5.727125 ms (FindLiveObjects: 0.067167 ms CreateObjectMapping: 0.027750 ms MarkObjects: 5.215375 ms  DeleteObjects: 0.416667 ms)


-------------------------------------------------------------------------------
Bundle Name: account-rewards-config-bundles
Compressed Size:1.5 kb
Uncompressed usage by category (Percentages based on user generated assets only):
Textures               0.0 kb	 0.0% 
Meshes                 0.0 kb	 0.0% 
Animations             0.0 kb	 0.0% 
Sounds                 0.0 kb	 0.0% 
Shaders                0.0 kb	 0.0% 
Other Assets           0.2 kb	 4.4% 
Levels                 0.0 kb	 0.0% 
File headers           3.9 kb	 95.6% 
Total User Assets      4.1 kb	 100.0% 
Complete build size    4.1 kb
Used Assets and files from the Resources folder, sorted by uncompressed size:
 0.1 kb	 2.5% AssetBundle Object
 0.1 kb	 2.0% Built-in AssetBundleManifest: AssetBundleManifest
-------------------------------------------------------------------------------
2026-10-04 22:02:09.115 Unity[26472:53195749] NSEventModifierFlagFunction specified to -setKeyEquivalentModifierMask: for item <NSMenuItem: 0xb637e0d20 SDF, ke='Command-F12'>, but is only supported for system-provided menu items; will not be used

***Player size statistics***
Total compressed size 1.5 KB. Total uncompressed size 4.1 KB.
Unloading 82 Unused Serialized files (Serialized files now loaded: 0)
Unloading 497 unused Assets / (33.2 KB). Loaded Objects now: 3620.
Memory consumption went from 154.3 MB to 154.2 MB.
Total: 5.911792 ms (FindLiveObjects: 0.143792 ms CreateObjectMapping: 0.037791 ms MarkObjects: 5.555834 ms  DeleteObjects: 0.174000 ms)


-------------------------------------------------------------------------------
Bundle Name: top-info-effects-native-bundle
Compressed Size:1.5 kb
Uncompressed usage by category (Percentages based on user generated assets only):
Textures               0.0 kb	 0.0% 
Meshes                 0.0 kb	 0.0% 
Animations             0.0 kb	 0.0% 
Sounds                 0.0 kb	 0.0% 
Shaders                0.0 kb	 0.0% 
Other Assets           0.2 kb	 4.4% 
Levels                 0.0 kb	 0.0% 
File headers           3.9 kb	 95.6% 
Total User Assets      4.1 kb	 100.0% 
Complete build size    4.1 kb
Used Assets and files from the Resources folder, sorted by uncompressed size:
 0.1 kb	 2.5% AssetBundle Object
 0.1 kb	 2.0% Built-in AssetBundleManifest: AssetBundleManifest
-------------------------------------------------------------------------------
2026-10-04 22:02:09.140 Unity[26472:53195749] NSEventModifierFlagFunction specified to -setKeyEquivalentModifierMask: for item <NSMenuItem: 0xb62dfef80 SDF, ke='Command-F12'>, but is only supported for system-provided menu items; will not be used

***Player size statistics***
Total compressed size 1.5 KB. Total uncompressed size 4.1 KB.
Unloading 11 Unused Serialized files (Serialized files now loaded: 0)
Unloading 577 unused Assets / (1.3 MB). Loaded Objects now: 1831.
Memory consumption went from 144.9 MB to 143.6 MB.
Total: 5.730833 ms (FindLiveObjects: 0.071708 ms CreateObjectMapping: 0.028750 ms MarkObjects: 5.174875 ms  DeleteObjects: 0.455291 ms)


-------------------------------------------------------------------------------
Bundle Name: account-rewards-config-bundles
Compressed Size:1.5 kb
Uncompressed usage by category (Percentages based on user generated assets only):
Textures               0.0 kb	 0.0% 
Meshes                 0.0 kb	 0.0% 
Animations             0.0 kb	 0.0% 
Sounds                 0.0 kb	 0.0% 
Shaders                0.0 kb	 0.0% 
Other Assets           0.2 kb	 4.4% 
Levels                 0.0 kb	 0.0% 
File headers           3.9 kb	 95.6% 
Total User Assets      4.1 kb	 100.0% 
Complete build size    4.1 kb
Used Assets and files from the Resources folder, sorted by uncompressed size:
 0.1 kb	 2.5% AssetBundle Object
 0.1 kb	 2.0% Built-in AssetBundleManifest: AssetBundleManifest
-------------------------------------------------------------------------------
2026-10-04 22:02:09.203 Unity[26472:53195749] NSEventModifierFlagFunction specified to -setKeyEquivalentModifierMask: for item <NSMenuItem: 0xb62dfebc0 SDF, ke='Command-F12'>, but is only supported for system-provided menu items; will not be used

***Player size statistics***
Total compressed size 1.5 KB. Total uncompressed size 4.1 KB.
Unloading 82 Unused Serialized files (Serialized files now loaded: 0)
Unloading 497 unused Assets / (32.4 KB). Loaded Objects now: 3620.
Memory consumption went from 153.9 MB to 153.9 MB.
Total: 5.999708 ms (FindLiveObjects: 0.141709 ms CreateObjectMapping: 0.039541 ms MarkObjects: 5.654292 ms  DeleteObjects: 0.163708 ms)


-------------------------------------------------------------------------------
Bundle Name: top-info-effects-native-bundle
Compressed Size:1.5 kb
Uncompressed usage by category (Percentages based on user generated assets only):
Textures               0.0 kb	 0.0% 
Meshes                 0.0 kb	 0.0% 
Animations             0.0 kb	 0.0% 
Sounds                 0.0 kb	 0.0% 
Shaders                0.0 kb	 0.0% 
Other Assets           0.2 kb	 4.4% 
Levels                 0.0 kb	 0.0% 
File headers           3.9 kb	 95.6% 
Total User Assets      4.1 kb	 100.0% 
Complete build size    4.1 kb
Used Assets and files from the Resources folder, sorted by uncompressed size:
 0.1 kb	 2.5% AssetBundle Object
 0.1 kb	 2.0% Built-in AssetBundleManifest: AssetBundleManifest
-------------------------------------------------------------------------------
2026-10-04 22:02:09.226 Unity[26472:53195749] NSEventModifierFlagFunction specified to -setKeyEquivalentModifierMask: for item <NSMenuItem: 0xb637e0c80 SDF, ke='Command-F12'>, but is only supported for system-provided menu items; will not be used

***Player size statistics***
Total compressed size 1.5 KB. Total uncompressed size 4.1 KB.
Unloading 11 Unused Serialized files (Serialized files now loaded: 0)
Unloading 577 unused Assets / (1.7 MB). Loaded Objects now: 1831.
Memory consumption went from 144.8 MB to 143.1 MB.
Total: 5.528125 ms (FindLiveObjects: 0.076209 ms CreateObjectMapping: 0.034625 ms MarkObjects: 4.883917 ms  DeleteObjects: 0.533084 ms)


-------------------------------------------------------------------------------
Bundle Name: account-rewards-config-bundles
Compressed Size:1.5 kb
Uncompressed usage by category (Percentages based on user generated assets only):
Textures               0.0 kb	 0.0% 
Meshes                 0.0 kb	 0.0% 
Animations             0.0 kb	 0.0% 
Sounds                 0.0 kb	 0.0% 
Shaders                0.0 kb	 0.0% 
Other Assets           0.2 kb	 4.4% 
Levels                 0.0 kb	 0.0% 
File headers           3.9 kb	 95.6% 
Total User Assets      4.1 kb	 100.0% 
Complete build size    4.1 kb
Used Assets and files from the Resources folder, sorted by uncompressed size:
 0.1 kb	 2.5% AssetBundle Object
 0.1 kb	 2.0% Built-in AssetBundleManifest: AssetBundleManifest
-------------------------------------------------------------------------------
2026-10-04 22:02:09.289 Unity[26472:53195749] NSEventModifierFlagFunction specified to -setKeyEquivalentModifierMask: for item <NSMenuItem: 0xb62dfef80 SDF, ke='Command-F12'>, but is only supported for system-provided menu items; will not be used

***Player size statistics***
Total compressed size 1.5 KB. Total uncompressed size 4.1 KB.
Unloading 82 Unused Serialized files (Serialized files now loaded: 0)
Unloading 497 unused Assets / (33.3 KB). Loaded Objects now: 3620.
Memory consumption went from 154.0 MB to 153.9 MB.
Total: 6.131458 ms (FindLiveObjects: 0.119458 ms CreateObjectMapping: 0.038583 ms MarkObjects: 5.788125 ms  DeleteObjects: 0.185000 ms)


-------------------------------------------------------------------------------
Bundle Name: top-info-effects-native-bundle
Compressed Size:1.5 kb
Uncompressed usage by category (Percentages based on user generated assets only):
Textures               0.0 kb	 0.0% 
Meshes                 0.0 kb	 0.0% 
Animations             0.0 kb	 0.0% 
Sounds                 0.0 kb	 0.0% 
Shaders                0.0 kb	 0.0% 
Other Assets           0.2 kb	 4.4% 
Levels                 0.0 kb	 0.0% 
File headers           3.9 kb	 95.6% 
Total User Assets      4.1 kb	 100.0% 
Complete build size    4.1 kb
Used Assets and files from the Resources folder, sorted by uncompressed size:
 0.1 kb	 2.5% AssetBundle Object
 0.1 kb	 2.0% Built-in AssetBundleManifest: AssetBundleManifest
-------------------------------------------------------------------------------
2026-10-04 22:02:09.316 Unity[26472:53195749] NSEventModifierFlagFunction specified to -setKeyEquivalentModifierMask: for item <NSMenuItem: 0xb6371ebc0 SDF, ke='Command-F12'>, but is only supported for system-provided menu items; will not be used

***Player size statistics***
Total compressed size 1.5 KB. Total uncompressed size 4.1 KB.
Unloading 11 Unused Serialized files (Serialized files now loaded: 0)
Unloading 577 unused Assets / (1.4 MB). Loaded Objects now: 1831.
Memory consumption went from 144.6 MB to 143.2 MB.
Total: 6.144500 ms (FindLiveObjects: 0.065792 ms CreateObjectMapping: 0.027625 ms MarkObjects: 5.500750 ms  DeleteObjects: 0.550000 ms)


-------------------------------------------------------------------------------
Bundle Name: account-rewards-config-bundles
Compressed Size:1.5 kb
Uncompressed usage by category (Percentages based on user generated assets only):
Textures               0.0 kb	 0.0% 
Meshes                 0.0 kb	 0.0% 
Animations             0.0 kb	 0.0% 
Sounds                 0.0 kb	 0.0% 
Shaders                0.0 kb	 0.0% 
Other Assets           0.2 kb	 4.4% 
Levels                 0.0 kb	 0.0% 
File headers           3.9 kb	 95.6% 
Total User Assets      4.1 kb	 100.0% 
Complete build size    4.1 kb
Used Assets and files from the Resources folder, sorted by uncompressed size:
 0.1 kb	 2.5% AssetBundle Object
 0.1 kb	 2.0% Built-in AssetBundleManifest: AssetBundleManifest
-------------------------------------------------------------------------------
2026-10-04 22:02:09.380 Unity[26472:53195749] NSEventModifierFlagFunction specified to -setKeyEquivalentModifierMask: for item <NSMenuItem: 0xb62dfd400 SDF, ke='Command-F12'>, but is only supported for system-provided menu items; will not be used

***Player size statistics***
Total compressed size 1.5 KB. Total uncompressed size 4.1 KB.
Unloading 82 Unused Serialized files (Serialized files now loaded: 0)
Unloading 497 unused Assets / (32.3 KB). Loaded Objects now: 3620.
Memory consumption went from 153.6 MB to 153.6 MB.
Total: 5.946250 ms (FindLiveObjects: 0.123791 ms CreateObjectMapping: 0.037292 ms MarkObjects: 5.616209 ms  DeleteObjects: 0.168500 ms)


-------------------------------------------------------------------------------
Bundle Name: top-info-effects-native-bundle
Compressed Size:1.5 kb
Uncompressed usage by category (Percentages based on user generated assets only):
Textures               0.0 kb	 0.0% 
Meshes                 0.0 kb	 0.0% 
Animations             0.0 kb	 0.0% 
Sounds                 0.0 kb	 0.0% 
Shaders                0.0 kb	 0.0% 
Other Assets           0.2 kb	 4.4% 
Levels                 0.0 kb	 0.0% 
File headers           3.9 kb	 95.6% 
Total User Assets      4.1 kb	 100.0% 
Complete build size    4.1 kb
Used Assets and files from the Resources folder, sorted by uncompressed size:
 0.1 kb	 2.5% AssetBundle Object
 0.1 kb	 2.0% Built-in AssetBundleManifest: AssetBundleManifest
-------------------------------------------------------------------------------
2026-10-04 22:02:09.406 Unity[26472:53195749] NSEventModifierFlagFunction specified to -setKeyEquivalentModifierMask: for item <NSMenuItem: 0xb62dff700 SDF, ke='Command-F12'>, but is only supported for system-provided menu items; will not be used

***Player size statistics***
Total compressed size 1.5 KB. Total uncompressed size 4.1 KB.
Unloading 11 Unused Serialized files (Serialized files now loaded: 0)
Unloading 577 unused Assets / (1.2 MB). Loaded Objects now: 1831.
Memory consumption went from 144.5 MB to 143.2 MB.
Total: 5.326625 ms (FindLiveObjects: 0.070833 ms CreateObjectMapping: 0.026875 ms MarkObjects: 4.864084 ms  DeleteObjects: 0.364625 ms)


-------------------------------------------------------------------------------
Bundle Name: account-rewards-config-bundles
Compressed Size:1.5 kb
Uncompressed usage by category (Percentages based on user generated assets only):
Textures               0.0 kb	 0.0% 
Meshes                 0.0 kb	 0.0% 
Animations             0.0 kb	 0.0% 
Sounds                 0.0 kb	 0.0% 
Shaders                0.0 kb	 0.0% 
Other Assets           0.2 kb	 4.4% 
Levels                 0.0 kb	 0.0% 
File headers           3.9 kb	 95.6% 
Total User Assets      4.1 kb	 100.0% 
Complete build size    4.1 kb
Used Assets and files from the Resources folder, sorted by uncompressed size:
 0.1 kb	 2.5% AssetBundle Object
 0.1 kb	 2.0% Built-in AssetBundleManifest: AssetBundleManifest
-------------------------------------------------------------------------------
2026-10-04 22:02:09.468 Unity[26472:53195749] NSEventModifierFlagFunction specified to -setKeyEquivalentModifierMask: for item <NSMenuItem: 0xb636e0d20 SDF, ke='Command-F12'>, but is only supported for system-provided menu items; will not be used

***Player size statistics***
Total compressed size 1.5 KB. Total uncompressed size 4.1 KB.
Unloading 82 Unused Serialized files (Serialized files now loaded: 0)
Unloading 497 unused Assets / (33.8 KB). Loaded Objects now: 3620.
Memory consumption went from 153.6 MB to 153.6 MB.
Total: 6.056625 ms (FindLiveObjects: 0.141167 ms CreateObjectMapping: 0.037167 ms MarkObjects: 5.667042 ms  DeleteObjects: 0.210917 ms)


-------------------------------------------------------------------------------
Bundle Name: top-info-effects-native-bundle
Compressed Size:1.5 kb
Uncompressed usage by category (Percentages based on user generated assets only):
Textures               0.0 kb	 0.0% 
Meshes                 0.0 kb	 0.0% 
Animations             0.0 kb	 0.0% 
Sounds                 0.0 kb	 0.0% 
Shaders                0.0 kb	 0.0% 
Other Assets           0.2 kb	 4.4% 
Levels                 0.0 kb	 0.0% 
File headers           3.9 kb	 95.6% 
Total User Assets      4.1 kb	 100.0% 
Complete build size    4.1 kb
Used Assets and files from the Resources folder, sorted by uncompressed size:
 0.1 kb	 2.5% AssetBundle Object
 0.1 kb	 2.0% Built-in AssetBundleManifest: AssetBundleManifest
-------------------------------------------------------------------------------
2026-10-04 22:02:09.491 Unity[26472:53195749] NSEventModifierFlagFunction specified to -setKeyEquivalentModifierMask: for item <NSMenuItem: 0xb628e6940 SDF, ke='Command-F12'>, but is only supported for system-provided menu items; will not be used

***Player size statistics***
Total compressed size 1.5 KB. Total uncompressed size 4.1 KB.
Unloading 11 Unused Serialized files (Serialized files now loaded: 0)
Unloading 577 unused Assets / (1.3 MB). Loaded Objects now: 1831.
Memory consumption went from 144.3 MB to 143.0 MB.
Total: 5.774084 ms (FindLiveObjects: 0.063458 ms CreateObjectMapping: 0.029542 ms MarkObjects: 5.163750 ms  DeleteObjects: 0.517125 ms)


-------------------------------------------------------------------------------
Bundle Name: account-rewards-config-bundles
Compressed Size:1.5 kb
Uncompressed usage by category (Percentages based on user generated assets only):
Textures               0.0 kb	 0.0% 
Meshes                 0.0 kb	 0.0% 
Animations             0.0 kb	 0.0% 
Sounds                 0.0 kb	 0.0% 
Shaders                0.0 kb	 0.0% 
Other Assets           0.2 kb	 4.4% 
Levels                 0.0 kb	 0.0% 
File headers           3.9 kb	 95.6% 
Total User Assets      4.1 kb	 100.0% 
Complete build size    4.1 kb
Used Assets and files from the Resources folder, sorted by uncompressed size:
 0.1 kb	 2.5% AssetBundle Object
 0.1 kb	 2.0% Built-in AssetBundleManifest: AssetBundleManifest
-------------------------------------------------------------------------------
2026-10-04 22:02:09.552 Unity[26472:53195749] NSEventModifierFlagFunction specified to -setKeyEquivalentModifierMask: for item <NSMenuItem: 0xb629b2a80 SDF, ke='Command-F12'>, but is only supported for system-provided menu items; will not be used

***Player size statistics***
Total compressed size 1.5 KB. Total uncompressed size 4.1 KB.
Unloading 82 Unused Serialized files (Serialized files now loaded: 0)
Unloading 497 unused Assets / (32.1 KB). Loaded Objects now: 3620.
Memory consumption went from 153.3 MB to 153.2 MB.
Total: 5.775125 ms (FindLiveObjects: 0.120416 ms CreateObjectMapping: 0.037417 ms MarkObjects: 5.447250 ms  DeleteObjects: 0.169541 ms)


-------------------------------------------------------------------------------
Bundle Name: top-info-effects-native-bundle
Compressed Size:1.5 kb
Uncompressed usage by category (Percentages based on user generated assets only):
Textures               0.0 kb	 0.0% 
Meshes                 0.0 kb	 0.0% 
Animations             0.0 kb	 0.0% 
Sounds                 0.0 kb	 0.0% 
Shaders                0.0 kb	 0.0% 
Other Assets           0.2 kb	 4.4% 
Levels                 0.0 kb	 0.0% 
File headers           3.9 kb	 95.6% 
Total User Assets      4.1 kb	 100.0% 
Complete build size    4.1 kb
Used Assets and files from the Resources folder, sorted by uncompressed size:
 0.1 kb	 2.5% AssetBundle Object
 0.1 kb	 2.0% Built-in AssetBundleManifest: AssetBundleManifest
-------------------------------------------------------------------------------
2026-10-04 22:02:09.578 Unity[26472:53195749] NSEventModifierFlagFunction specified to -setKeyEquivalentModifierMask: for item <NSMenuItem: 0xb629b3340 SDF, ke='Command-F12'>, but is only supported for system-provided menu items; will not be used

***Player size statistics***
Total compressed size 1.5 KB. Total uncompressed size 4.1 KB.
Unloading 11 Unused Serialized files (Serialized files now loaded: 0)
Unloading 577 unused Assets / (1.1 MB). Loaded Objects now: 1831.
Memory consumption went from 144.1 MB to 143.0 MB.
Total: 6.140542 ms (FindLiveObjects: 0.061541 ms CreateObjectMapping: 0.026583 ms MarkObjects: 5.371584 ms  DeleteObjects: 0.680708 ms)


-------------------------------------------------------------------------------
Bundle Name: account-rewards-config-bundles
Compressed Size:1.5 kb
Uncompressed usage by category (Percentages based on user generated assets only):
Textures               0.0 kb	 0.0% 
Meshes                 0.0 kb	 0.0% 
Animations             0.0 kb	 0.0% 
Sounds                 0.0 kb	 0.0% 
Shaders                0.0 kb	 0.0% 
Other Assets           0.2 kb	 4.4% 
Levels                 0.0 kb	 0.0% 
File headers           3.9 kb	 95.6% 
Total User Assets      4.1 kb	 100.0% 
Complete build size    4.1 kb
Used Assets and files from the Resources folder, sorted by uncompressed size:
 0.1 kb	 2.5% AssetBundle Object
 0.1 kb	 2.0% Built-in AssetBundleManifest: AssetBundleManifest
-------------------------------------------------------------------------------
2026-10-04 22:02:09.642 Unity[26472:53195749] NSEventModifierFlagFunction specified to -setKeyEquivalentModifierMask: for item <NSMenuItem: 0xb629b17c0 SDF, ke='Command-F12'>, but is only supported for system-provided menu items; will not be used

***Player size statistics***
Total compressed size 1.5 KB. Total uncompressed size 4.1 KB.
Unloading 82 Unused Serialized files (Serialized files now loaded: 0)
Unloading 497 unused Assets / (31.0 KB). Loaded Objects now: 3620.
Memory consumption went from 153.3 MB to 153.3 MB.
Total: 5.806541 ms (FindLiveObjects: 0.130958 ms CreateObjectMapping: 0.038500 ms MarkObjects: 5.464417 ms  DeleteObjects: 0.172458 ms)


-------------------------------------------------------------------------------
Bundle Name: top-info-effects-native-bundle
Compressed Size:1.5 kb
Uncompressed usage by category (Percentages based on user generated assets only):
Textures               0.0 kb	 0.0% 
Meshes                 0.0 kb	 0.0% 
Animations             0.0 kb	 0.0% 
Sounds                 0.0 kb	 0.0% 
Shaders                0.0 kb	 0.0% 
Other Assets           0.2 kb	 4.4% 
Levels                 0.0 kb	 0.0% 
File headers           3.9 kb	 95.6% 
Total User Assets      4.1 kb	 100.0% 
Complete build size    4.1 kb
Used Assets and files from the Resources folder, sorted by uncompressed size:
 0.1 kb	 2.5% AssetBundle Object
 0.1 kb	 2.0% Built-in AssetBundleManifest: AssetBundleManifest
-------------------------------------------------------------------------------
2026-10-04 22:02:09.667 Unity[26472:53195749] NSEventModifierFlagFunction specified to -setKeyEquivalentModifierMask: for item <NSMenuItem: 0xb636e2da0 SDF, ke='Command-F12'>, but is only supported for system-provided menu items; will not be used

***Player size statistics***
Total compressed size 1.5 KB. Total uncompressed size 4.1 KB.
Unloading 11 Unused Serialized files (Serialized files now loaded: 0)
Unloading 577 unused Assets / (1.4 MB). Loaded Objects now: 1831.
Memory consumption went from 144.0 MB to 142.6 MB.
Total: 6.372416 ms (FindLiveObjects: 0.076750 ms CreateObjectMapping: 0.027917 ms MarkObjects: 5.693459 ms  DeleteObjects: 0.574041 ms)


-------------------------------------------------------------------------------
Bundle Name: account-rewards-config-bundles
Compressed Size:1.5 kb
Uncompressed usage by category (Percentages based on user generated assets only):
Textures               0.0 kb	 0.0% 
Meshes                 0.0 kb	 0.0% 
Animations             0.0 kb	 0.0% 
Sounds                 0.0 kb	 0.0% 
Shaders                0.0 kb	 0.0% 
Other Assets           0.2 kb	 4.4% 
Levels                 0.0 kb	 0.0% 
File headers           3.9 kb	 95.6% 
Total User Assets      4.1 kb	 100.0% 
Complete build size    4.1 kb
Used Assets and files from the Resources folder, sorted by uncompressed size:
 0.1 kb	 2.5% AssetBundle Object
 0.1 kb	 2.0% Built-in AssetBundleManifest: AssetBundleManifest
-------------------------------------------------------------------------------
2026-10-04 22:02:09.731 Unity[26472:53195749] NSEventModifierFlagFunction specified to -setKeyEquivalentModifierMask: for item <NSMenuItem: 0xb62a56ee0 SDF, ke='Command-F12'>, but is only supported for system-provided menu items; will not be used

***Player size statistics***
Total compressed size 1.5 KB. Total uncompressed size 4.1 KB.
Unloading 82 Unused Serialized files (Serialized files now loaded: 0)
Unloading 497 unused Assets / (32.9 KB). Loaded Objects now: 3620.
Memory consumption went from 152.9 MB to 152.9 MB.
Total: 6.200958 ms (FindLiveObjects: 0.171000 ms CreateObjectMapping: 0.058958 ms MarkObjects: 5.793208 ms  DeleteObjects: 0.177250 ms)


-------------------------------------------------------------------------------
Bundle Name: top-info-effects-native-bundle
Compressed Size:1.5 kb
Uncompressed usage by category (Percentages based on user generated assets only):
Textures               0.0 kb	 0.0% 
Meshes                 0.0 kb	 0.0% 
Animations             0.0 kb	 0.0% 
Sounds                 0.0 kb	 0.0% 
Shaders                0.0 kb	 0.0% 
Other Assets           0.2 kb	 4.4% 
Levels                 0.0 kb	 0.0% 
File headers           3.9 kb	 95.6% 
Total User Assets      4.1 kb	 100.0% 
Complete build size    4.1 kb
Used Assets and files from the Resources folder, sorted by uncompressed size:
 0.1 kb	 2.5% AssetBundle Object
 0.1 kb	 2.0% Built-in AssetBundleManifest: AssetBundleManifest
-------------------------------------------------------------------------------
2026-10-04 22:02:09.754 Unity[26472:53195749] NSEventModifierFlagFunction specified to -setKeyEquivalentModifierMask: for item <NSMenuItem: 0xb62a56da0 SDF, ke='Command-F12'>, but is only supported for system-provided menu items; will not be used

***Player size statistics***
Total compressed size 1.5 KB. Total uncompressed size 4.1 KB.
Unloading 11 Unused Serialized files (Serialized files now loaded: 0)
Unloading 577 unused Assets / (1.7 MB). Loaded Objects now: 1831.
Memory consumption went from 143.8 MB to 142.1 MB.
Total: 6.081750 ms (FindLiveObjects: 0.069250 ms CreateObjectMapping: 0.028083 ms MarkObjects: 5.445417 ms  DeleteObjects: 0.538750 ms)


-------------------------------------------------------------------------------
Bundle Name: account-rewards-config-bundles
Compressed Size:1.5 kb
Uncompressed usage by category (Percentages based on user generated assets only):
Textures               0.0 kb	 0.0% 
Meshes                 0.0 kb	 0.0% 
Animations             0.0 kb	 0.0% 
Sounds                 0.0 kb	 0.0% 
Shaders                0.0 kb	 0.0% 
Other Assets           0.2 kb	 4.4% 
Levels                 0.0 kb	 0.0% 
File headers           3.9 kb	 95.6% 
Total User Assets      4.1 kb	 100.0% 
Complete build size    4.1 kb
Used Assets and files from the Resources folder, sorted by uncompressed size:
 0.1 kb	 2.5% AssetBundle Object
 0.1 kb	 2.0% Built-in AssetBundleManifest: AssetBundleManifest
-------------------------------------------------------------------------------
2026-10-04 22:02:09.817 Unity[26472:53195749] NSEventModifierFlagFunction specified to -setKeyEquivalentModifierMask: for item <NSMenuItem: 0xb62981540 SDF, ke='Command-F12'>, but is only supported for system-provided menu items; will not be used

***Player size statistics***
Total compressed size 1.5 KB. Total uncompressed size 4.1 KB.
Unloading 82 Unused Serialized files (Serialized files now loaded: 0)
Unloading 497 unused Assets / (32.8 KB). Loaded Objects now: 3620.
Memory consumption went from 153.0 MB to 152.9 MB.
Total: 5.733791 ms (FindLiveObjects: 0.155084 ms CreateObjectMapping: 0.045333 ms MarkObjects: 5.352208 ms  DeleteObjects: 0.181000 ms)


-------------------------------------------------------------------------------
Bundle Name: top-info-effects-native-bundle
Compressed Size:1.5 kb
Uncompressed usage by category (Percentages based on user generated assets only):
Textures               0.0 kb	 0.0% 
Meshes                 0.0 kb	 0.0% 
Animations             0.0 kb	 0.0% 
Sounds                 0.0 kb	 0.0% 
Shaders                0.0 kb	 0.0% 
Other Assets           0.2 kb	 4.4% 
Levels                 0.0 kb	 0.0% 
File headers           3.9 kb	 95.6% 
Total User Assets      4.1 kb	 100.0% 
Complete build size    4.1 kb
Used Assets and files from the Resources folder, sorted by uncompressed size:
 0.1 kb	 2.5% AssetBundle Object
 0.1 kb	 2.0% Built-in AssetBundleManifest: AssetBundleManifest
-------------------------------------------------------------------------------
2026-10-04 22:02:09.841 Unity[26472:53195749] NSEventModifierFlagFunction specified to -setKeyEquivalentModifierMask: for item <NSMenuItem: 0xb629b0e60 SDF, ke='Command-F12'>, but is only supported for system-provided menu items; will not be used

***Player size statistics***
Total compressed size 1.5 KB. Total uncompressed size 4.1 KB.
Unloading 11 Unused Serialized files (Serialized files now loaded: 0)
Unloading 577 unused Assets / (1.3 MB). Loaded Objects now: 1831.
Memory consumption went from 143.6 MB to 142.4 MB.
Total: 5.492834 ms (FindLiveObjects: 0.068542 ms CreateObjectMapping: 0.027250 ms MarkObjects: 5.036667 ms  DeleteObjects: 0.359958 ms)


-------------------------------------------------------------------------------
Bundle Name: account-rewards-config-bundles
Compressed Size:1.5 kb
Uncompressed usage by category (Percentages based on user generated assets only):
Textures               0.0 kb	 0.0% 
Meshes                 0.0 kb	 0.0% 
Animations             0.0 kb	 0.0% 
Sounds                 0.0 kb	 0.0% 
Shaders                0.0 kb	 0.0% 
Other Assets           0.2 kb	 4.4% 
Levels                 0.0 kb	 0.0% 
File headers           3.9 kb	 95.6% 
Total User Assets      4.1 kb	 100.0% 
Complete build size    4.1 kb
Used Assets and files from the Resources folder, sorted by uncompressed size:
 0.1 kb	 2.5% AssetBundle Object
 0.1 kb	 2.0% Built-in AssetBundleManifest: AssetBundleManifest
-------------------------------------------------------------------------------
2026-10-04 22:02:09.906 Unity[26472:53195749] NSEventModifierFlagFunction specified to -setKeyEquivalentModifierMask: for item <NSMenuItem: 0xb62980e60 SDF, ke='Command-F12'>, but is only supported for system-provided menu items; will not be used

***Player size statistics***
Total compressed size 1.5 KB. Total uncompressed size 4.1 KB.
Unloading 82 Unused Serialized files (Serialized files now loaded: 0)
Unloading 497 unused Assets / (32.7 KB). Loaded Objects now: 3620.
Memory consumption went from 152.6 MB to 152.6 MB.
Total: 5.923416 ms (FindLiveObjects: 0.115000 ms CreateObjectMapping: 0.043292 ms MarkObjects: 5.598166 ms  DeleteObjects: 0.166625 ms)


-------------------------------------------------------------------------------
Bundle Name: top-info-effects-native-bundle
Compressed Size:1.5 kb
Uncompressed usage by category (Percentages based on user generated assets only):
Textures               0.0 kb	 0.0% 
Meshes                 0.0 kb	 0.0% 
Animations             0.0 kb	 0.0% 
Sounds                 0.0 kb	 0.0% 
Shaders                0.0 kb	 0.0% 
Other Assets           0.2 kb	 4.4% 
Levels                 0.0 kb	 0.0% 
File headers           3.9 kb	 95.6% 
Total User Assets      4.1 kb	 100.0% 
Complete build size    4.1 kb
Used Assets and files from the Resources folder, sorted by uncompressed size:
 0.1 kb	 2.5% AssetBundle Object
 0.1 kb	 2.0% Built-in AssetBundleManifest: AssetBundleManifest
-------------------------------------------------------------------------------
2026-10-04 22:02:09.928 Unity[26472:53195749] NSEventModifierFlagFunction specified to -setKeyEquivalentModifierMask: for item <NSMenuItem: 0xb62a57c00 SDF, ke='Command-F12'>, but is only supported for system-provided menu items; will not be used

***Player size statistics***
Total compressed size 1.5 KB. Total uncompressed size 4.1 KB.
Unloading 11 Unused Serialized files (Serialized files now loaded: 0)
Unloading 577 unused Assets / (1.1 MB). Loaded Objects now: 1831.
Memory consumption went from 143.5 MB to 142.3 MB.
Total: 5.946375 ms (FindLiveObjects: 0.059000 ms CreateObjectMapping: 0.026416 ms MarkObjects: 5.251209 ms  DeleteObjects: 0.609417 ms)


-------------------------------------------------------------------------------
Bundle Name: account-rewards-config-bundles
Compressed Size:1.5 kb
Uncompressed usage by category (Percentages based on user generated assets only):
Textures               0.0 kb	 0.0% 
Meshes                 0.0 kb	 0.0% 
Animations             0.0 kb	 0.0% 
Sounds                 0.0 kb	 0.0% 
Shaders                0.0 kb	 0.0% 
Other Assets           0.2 kb	 4.4% 
Levels                 0.0 kb	 0.0% 
File headers           3.9 kb	 95.6% 
Total User Assets      4.1 kb	 100.0% 
Complete build size    4.1 kb
Used Assets and files from the Resources folder, sorted by uncompressed size:
 0.1 kb	 2.5% AssetBundle Object
 0.1 kb	 2.0% Built-in AssetBundleManifest: AssetBundleManifest
-------------------------------------------------------------------------------
2026-10-04 22:02:09.995 Unity[26472:53195749] NSEventModifierFlagFunction specified to -setKeyEquivalentModifierMask: for item <NSMenuItem: 0xb629817c0 SDF, ke='Command-F12'>, but is only supported for system-provided menu items; will not be used

***Player size statistics***
Total compressed size 1.5 KB. Total uncompressed size 4.1 KB.
Unloading 82 Unused Serialized files (Serialized files now loaded: 0)
Unloading 497 unused Assets / (31.5 KB). Loaded Objects now: 3620.
Memory consumption went from 152.7 MB to 152.6 MB.
Total: 6.086334 ms (FindLiveObjects: 0.128375 ms CreateObjectMapping: 0.036291 ms MarkObjects: 5.691833 ms  DeleteObjects: 0.229292 ms)


-------------------------------------------------------------------------------
Bundle Name: top-info-effects-native-bundle
Compressed Size:1.5 kb
Uncompressed usage by category (Percentages based on user generated assets only):
Textures               0.0 kb	 0.0% 
Meshes                 0.0 kb	 0.0% 
Animations             0.0 kb	 0.0% 
Sounds                 0.0 kb	 0.0% 
Shaders                0.0 kb	 0.0% 
Other Assets           0.2 kb	 4.4% 
Levels                 0.0 kb	 0.0% 
File headers           3.9 kb	 95.6% 
Total User Assets      4.1 kb	 100.0% 
Complete build size    4.1 kb
Used Assets and files from the Resources folder, sorted by uncompressed size:
 0.1 kb	 2.5% AssetBundle Object
 0.1 kb	 2.0% Built-in AssetBundleManifest: AssetBundleManifest
-------------------------------------------------------------------------------
2026-10-04 22:02:10.021 Unity[26472:53195749] NSEventModifierFlagFunction specified to -setKeyEquivalentModifierMask: for item <NSMenuItem: 0xb62917340 SDF, ke='Command-F12'>, but is only supported for system-provided menu items; will not be used

***Player size statistics***
Total compressed size 1.5 KB. Total uncompressed size 4.1 KB.
Unloading 11 Unused Serialized files (Serialized files now loaded: 0)
Unloading 577 unused Assets / (1.4 MB). Loaded Objects now: 1831.
Memory consumption went from 143.3 MB to 141.9 MB.
Total: 5.867584 ms (FindLiveObjects: 0.079750 ms CreateObjectMapping: 0.029583 ms MarkObjects: 5.268542 ms  DeleteObjects: 0.489334 ms)


-------------------------------------------------------------------------------
Bundle Name: account-rewards-config-bundles
Compressed Size:1.5 kb
Uncompressed usage by category (Percentages based on user generated assets only):
Textures               0.0 kb	 0.0% 
Meshes                 0.0 kb	 0.0% 
Animations             0.0 kb	 0.0% 
Sounds                 0.0 kb	 0.0% 
Shaders                0.0 kb	 0.0% 
Other Assets           0.2 kb	 4.4% 
Levels                 0.0 kb	 0.0% 
File headers           3.9 kb	 95.6% 
Total User Assets      4.1 kb	 100.0% 
Complete build size    4.1 kb
Used Assets and files from the Resources folder, sorted by uncompressed size:
 0.1 kb	 2.5% AssetBundle Object
 0.1 kb	 2.0% Built-in AssetBundleManifest: AssetBundleManifest
-------------------------------------------------------------------------------
2026-10-04 22:02:10.085 Unity[26472:53195749] NSEventModifierFlagFunction specified to -setKeyEquivalentModifierMask: for item <NSMenuItem: 0xb62b241e0 SDF, ke='Command-F12'>, but is only supported for system-provided menu items; will not be used

***Player size statistics***
Total compressed size 1.5 KB. Total uncompressed size 4.1 KB.
Unloading 82 Unused Serialized files (Serialized files now loaded: 0)
Unloading 497 unused Assets / (32.3 KB). Loaded Objects now: 3620.
Memory consumption went from 152.3 MB to 152.3 MB.
Total: 6.013375 ms (FindLiveObjects: 0.117458 ms CreateObjectMapping: 0.038125 ms MarkObjects: 5.688084 ms  DeleteObjects: 0.169417 ms)


-------------------------------------------------------------------------------
Bundle Name: top-info-effects-native-bundle
Compressed Size:1.5 kb
Uncompressed usage by category (Percentages based on user generated assets only):
Textures               0.0 kb	 0.0% 
Meshes                 0.0 kb	 0.0% 
Animations             0.0 kb	 0.0% 
Sounds                 0.0 kb	 0.0% 
Shaders                0.0 kb	 0.0% 
Other Assets           0.2 kb	 4.4% 
Levels                 0.0 kb	 0.0% 
File headers           3.9 kb	 95.6% 
Total User Assets      4.1 kb	 100.0% 
Complete build size    4.1 kb
Used Assets and files from the Resources folder, sorted by uncompressed size:
 0.1 kb	 2.5% AssetBundle Object
 0.1 kb	 2.0% Built-in AssetBundleManifest: AssetBundleManifest
-------------------------------------------------------------------------------
2026-10-04 22:02:10.138 Unity[26472:53195749] NSEventModifierFlagFunction specified to -setKeyEquivalentModifierMask: for item <NSMenuItem: 0xb62981220 SDF, ke='Command-F12'>, but is only supported for system-provided menu items; will not be used

***Player size statistics***
Total compressed size 1.5 KB. Total uncompressed size 4.1 KB.
Unloading 13 Unused Serialized files (Serialized files now loaded: 0)
Unloading 584 unused Assets / (1.4 MB). Loaded Objects now: 1831.
Memory consumption went from 143.7 MB to 142.3 MB.
Total: 6.210417 ms (FindLiveObjects: 0.075750 ms CreateObjectMapping: 0.031875 ms MarkObjects: 5.584041 ms  DeleteObjects: 0.518292 ms)


-------------------------------------------------------------------------------
Bundle Name: account-rewards-config-bundles
Compressed Size:1.5 kb
Uncompressed usage by category (Percentages based on user generated assets only):
Textures               0.0 kb	 0.0% 
Meshes                 0.0 kb	 0.0% 
Animations             0.0 kb	 0.0% 
Sounds                 0.0 kb	 0.0% 
Shaders                0.0 kb	 0.0% 
Other Assets           0.2 kb	 4.4% 
Levels                 0.0 kb	 0.0% 
File headers           3.9 kb	 95.6% 
Total User Assets      4.1 kb	 100.0% 
Complete build size    4.1 kb
Used Assets and files from the Resources folder, sorted by uncompressed size:
 0.1 kb	 2.5% AssetBundle Object
 0.1 kb	 2.0% Built-in AssetBundleManifest: AssetBundleManifest
-------------------------------------------------------------------------------
2026-10-04 22:02:10.212 Unity[26472:53195749] NSEventModifierFlagFunction specified to -setKeyEquivalentModifierMask: for item <NSMenuItem: 0xb62983660 SDF, ke='Command-F12'>, but is only supported for system-provided menu items; will not be used

***Player size statistics***
Total compressed size 1.5 KB. Total uncompressed size 4.1 KB.
Unloading 86 Unused Serialized files (Serialized files now loaded: 0)
Unloading 938 unused Assets / (1.6 MB). Loaded Objects now: 1819.
Memory consumption went from 152.5 MB to 150.9 MB.
Total: 6.327083 ms (FindLiveObjects: 0.079083 ms CreateObjectMapping: 0.036083 ms MarkObjects: 5.647833 ms  DeleteObjects: 0.563792 ms)


-------------------------------------------------------------------------------
Bundle Name: task-box-effect-native-bundle
Compressed Size:1.5 kb
Uncompressed usage by category (Percentages based on user generated assets only):
Textures               0.0 kb	 0.0% 
Meshes                 0.0 kb	 0.0% 
Animations             0.0 kb	 0.0% 
Sounds                 0.0 kb	 0.0% 
Shaders                0.0 kb	 0.0% 
Other Assets           0.2 kb	 4.4% 
Levels                 0.0 kb	 0.0% 
File headers           3.9 kb	 95.6% 
Total User Assets      4.1 kb	 100.0% 
Complete build size    4.1 kb
Used Assets and files from the Resources folder, sorted by uncompressed size:
 0.1 kb	 2.5% AssetBundle Object
 0.1 kb	 2.0% Built-in AssetBundleManifest: AssetBundleManifest
-------------------------------------------------------------------------------
2026-10-04 22:02:10.231 Unity[26472:53195749] NSEventModifierFlagFunction specified to -setKeyEquivalentModifierMask: for item <NSMenuItem: 0xb629e6580 SDF, ke='Command-F12'>, but is only supported for system-provided menu items; will not be used

***Player size statistics***
Total compressed size 1.5 KB. Total uncompressed size 4.1 KB.
Unloading 0 Unused Serialized files (Serialized files now loaded: 0)
Unloading 4 unused Assets / (0 B). Loaded Objects now: 1831.
Memory consumption went from 140.3 MB to 140.3 MB.
Total: 5.629875 ms (FindLiveObjects: 0.052750 ms CreateObjectMapping: 0.018750 ms MarkObjects: 5.549542 ms  DeleteObjects: 0.008459 ms)


-------------------------------------------------------------------------------
Bundle Name: account-rewards-config-bundles
Compressed Size:1.5 kb
Uncompressed usage by category (Percentages based on user generated assets only):
Textures               0.0 kb	 0.0% 
Meshes                 0.0 kb	 0.0% 
Animations             0.0 kb	 0.0% 
Sounds                 0.0 kb	 0.0% 
Shaders                0.0 kb	 0.0% 
Other Assets           0.2 kb	 4.4% 
Levels                 0.0 kb	 0.0% 
File headers           3.9 kb	 95.6% 
Total User Assets      4.1 kb	 100.0% 
Complete build size    4.1 kb
Used Assets and files from the Resources folder, sorted by uncompressed size:
 0.1 kb	 2.5% AssetBundle Object
 0.1 kb	 2.0% Built-in AssetBundleManifest: AssetBundleManifest
-------------------------------------------------------------------------------
2026-10-04 22:02:10.297 Unity[26472:53195749] NSEventModifierFlagFunction specified to -setKeyEquivalentModifierMask: for item <NSMenuItem: 0xb62b8f8e0 SDF, ke='Command-F12'>, but is only supported for system-provided menu items; will not be used

***Player size statistics***
Total compressed size 1.5 KB. Total uncompressed size 4.1 KB.
Unloading 82 Unused Serialized files (Serialized files now loaded: 0)
Unloading 497 unused Assets / (32.5 KB). Loaded Objects now: 3477.
Memory consumption went from 152.4 MB to 152.3 MB.
Total: 6.145083 ms (FindLiveObjects: 0.109083 ms CreateObjectMapping: 0.036042 ms MarkObjects: 5.814750 ms  DeleteObjects: 0.184666 ms)


-------------------------------------------------------------------------------
Bundle Name: task-box-effect-native-bundle
Compressed Size:1.5 kb
Uncompressed usage by category (Percentages based on user generated assets only):
Textures               0.0 kb	 0.0% 
Meshes                 0.0 kb	 0.0% 
Animations             0.0 kb	 0.0% 
Sounds                 0.0 kb	 0.0% 
Shaders                0.0 kb	 0.0% 
Other Assets           0.2 kb	 4.4% 
Levels                 0.0 kb	 0.0% 
File headers           3.9 kb	 95.6% 
Total User Assets      4.1 kb	 100.0% 
Complete build size    4.1 kb
Used Assets and files from the Resources folder, sorted by uncompressed size:
 0.1 kb	 2.5% AssetBundle Object
 0.1 kb	 2.0% Built-in AssetBundleManifest: AssetBundleManifest
-------------------------------------------------------------------------------
2026-10-04 22:02:10.315 Unity[26472:53195749] NSEventModifierFlagFunction specified to -setKeyEquivalentModifierMask: for item <NSMenuItem: 0xb6243ae40 SDF, ke='Command-F12'>, but is only supported for system-provided menu items; will not be used

***Player size statistics***
Total compressed size 1.5 KB. Total uncompressed size 4.1 KB.
Unloading 0 Unused Serialized files (Serialized files now loaded: 0)
Unloading 431 unused Assets / (1.0 MB). Loaded Objects now: 1831.
Memory consumption went from 142.0 MB to 141.1 MB.
Total: 6.340209 ms (FindLiveObjects: 0.068750 ms CreateObjectMapping: 0.026458 ms MarkObjects: 5.909083 ms  DeleteObjects: 0.335209 ms)


-------------------------------------------------------------------------------
Bundle Name: account-rewards-config-bundles
Compressed Size:1.5 kb
Uncompressed usage by category (Percentages based on user generated assets only):
Textures               0.0 kb	 0.0% 
Meshes                 0.0 kb	 0.0% 
Animations             0.0 kb	 0.0% 
Sounds                 0.0 kb	 0.0% 
Shaders                0.0 kb	 0.0% 
Other Assets           0.2 kb	 4.4% 
Levels                 0.0 kb	 0.0% 
File headers           3.9 kb	 95.6% 
Total User Assets      4.1 kb	 100.0% 
Complete build size    4.1 kb
Used Assets and files from the Resources folder, sorted by uncompressed size:
 0.1 kb	 2.5% AssetBundle Object
 0.1 kb	 2.0% Built-in AssetBundleManifest: AssetBundleManifest
-------------------------------------------------------------------------------
2026-10-04 22:02:10.381 Unity[26472:53195749] NSEventModifierFlagFunction specified to -setKeyEquivalentModifierMask: for item <NSMenuItem: 0xb6243ae40 SDF, ke='Command-F12'>, but is only supported for system-provided menu items; will not be used

***Player size statistics***
Total compressed size 1.5 KB. Total uncompressed size 4.1 KB.
Unloading 82 Unused Serialized files (Serialized files now loaded: 0)
Unloading 497 unused Assets / (33.3 KB). Loaded Objects now: 3477.
Memory consumption went from 152.2 MB to 152.2 MB.
Total: 5.943833 ms (FindLiveObjects: 0.133417 ms CreateObjectMapping: 0.038250 ms MarkObjects: 5.579166 ms  DeleteObjects: 0.192583 ms)


-------------------------------------------------------------------------------
Bundle Name: task-box-effect-native-bundle
Compressed Size:1.5 kb
Uncompressed usage by category (Percentages based on user generated assets only):
Textures               0.0 kb	 0.0% 
Meshes                 0.0 kb	 0.0% 
Animations             0.0 kb	 0.0% 
Sounds                 0.0 kb	 0.0% 
Shaders                0.0 kb	 0.0% 
Other Assets           0.2 kb	 4.4% 
Levels                 0.0 kb	 0.0% 
File headers           3.9 kb	 95.6% 
Total User Assets      4.1 kb	 100.0% 
Complete build size    4.1 kb
Used Assets and files from the Resources folder, sorted by uncompressed size:
 0.1 kb	 2.5% AssetBundle Object
 0.1 kb	 2.0% Built-in AssetBundleManifest: AssetBundleManifest
-------------------------------------------------------------------------------
2026-10-04 22:02:10.417 Unity[26472:53195749] NSEventModifierFlagFunction specified to -setKeyEquivalentModifierMask: for item <NSMenuItem: 0xb6243aee0 SDF, ke='Command-F12'>, but is only supported for system-provided menu items; will not be used

***Player size statistics***
Total compressed size 1.5 KB. Total uncompressed size 4.1 KB.
Unloading 4 Unused Serialized files (Serialized files now loaded: 0)
Unloading 435 unused Assets / (1.1 MB). Loaded Objects now: 1831.
Memory consumption went from 142.7 MB to 141.6 MB.
Total: 5.555417 ms (FindLiveObjects: 0.070958 ms CreateObjectMapping: 0.030459 ms MarkObjects: 4.976375 ms  DeleteObjects: 0.477333 ms)


-------------------------------------------------------------------------------
Bundle Name: account-rewards-config-bundles
Compressed Size:1.5 kb
Uncompressed usage by category (Percentages based on user generated assets only):
Textures               0.0 kb	 0.0% 
Meshes                 0.0 kb	 0.0% 
Animations             0.0 kb	 0.0% 
Sounds                 0.0 kb	 0.0% 
Shaders                0.0 kb	 0.0% 
Other Assets           0.2 kb	 4.4% 
Levels                 0.0 kb	 0.0% 
File headers           3.9 kb	 95.6% 
Total User Assets      4.1 kb	 100.0% 
Complete build size    4.1 kb
Used Assets and files from the Resources folder, sorted by uncompressed size:
 0.1 kb	 2.5% AssetBundle Object
 0.1 kb	 2.0% Built-in AssetBundleManifest: AssetBundleManifest
-------------------------------------------------------------------------------
2026-10-04 22:02:10.479 Unity[26472:53195749] NSEventModifierFlagFunction specified to -setKeyEquivalentModifierMask: for item <NSMenuItem: 0xb62439a40 SDF, ke='Command-F12'>, but is only supported for system-provided menu items; will not be used

***Player size statistics***
Total compressed size 1.5 KB. Total uncompressed size 4.1 KB.
Unloading 82 Unused Serialized files (Serialized files now loaded: 0)
Unloading 497 unused Assets / (32.9 KB). Loaded Objects now: 3477.
Memory consumption went from 152.2 MB to 152.2 MB.
Total: 6.242500 ms (FindLiveObjects: 0.113250 ms CreateObjectMapping: 0.036750 ms MarkObjects: 5.893875 ms  DeleteObjects: 0.198250 ms)


-------------------------------------------------------------------------------
Bundle Name: task-box-effect-native-bundle
Compressed Size:1.5 kb
Uncompressed usage by category (Percentages based on user generated assets only):
Textures               0.0 kb	 0.0% 
Meshes                 0.0 kb	 0.0% 
Animations             0.0 kb	 0.0% 
Sounds                 0.0 kb	 0.0% 
Shaders                0.0 kb	 0.0% 
Other Assets           0.2 kb	 4.4% 
Levels                 0.0 kb	 0.0% 
File headers           3.9 kb	 95.6% 
Total User Assets      4.1 kb	 100.0% 
Complete build size    4.1 kb
Used Assets and files from the Resources folder, sorted by uncompressed size:
 0.1 kb	 2.5% AssetBundle Object
 0.1 kb	 2.0% Built-in AssetBundleManifest: AssetBundleManifest
-------------------------------------------------------------------------------
2026-10-04 22:02:10.517 Unity[26472:53195749] NSEventModifierFlagFunction specified to -setKeyEquivalentModifierMask: for item <NSMenuItem: 0xb6243af80 SDF, ke='Command-F12'>, but is only supported for system-provided menu items; will not be used

***Player size statistics***
Total compressed size 1.5 KB. Total uncompressed size 4.1 KB.
Unloading 5 Unused Serialized files (Serialized files now loaded: 0)
Unloading 436 unused Assets / (1.2 MB). Loaded Objects now: 1831.
Memory consumption went from 142.8 MB to 141.6 MB.
Total: 6.354791 ms (FindLiveObjects: 0.101084 ms CreateObjectMapping: 0.032583 ms MarkObjects: 5.750833 ms  DeleteObjects: 0.470041 ms)


-------------------------------------------------------------------------------
Bundle Name: account-rewards-config-bundles
Compressed Size:1.5 kb
Uncompressed usage by category (Percentages based on user generated assets only):
Textures               0.0 kb	 0.0% 
Meshes                 0.0 kb	 0.0% 
Animations             0.0 kb	 0.0% 
Sounds                 0.0 kb	 0.0% 
Shaders                0.0 kb	 0.0% 
Other Assets           0.2 kb	 4.4% 
Levels                 0.0 kb	 0.0% 
File headers           3.9 kb	 95.6% 
Total User Assets      4.1 kb	 100.0% 
Complete build size    4.1 kb
Used Assets and files from the Resources folder, sorted by uncompressed size:
 0.1 kb	 2.5% AssetBundle Object
 0.1 kb	 2.0% Built-in AssetBundleManifest: AssetBundleManifest
-------------------------------------------------------------------------------
2026-10-04 22:02:10.584 Unity[26472:53195749] NSEventModifierFlagFunction specified to -setKeyEquivalentModifierMask: for item <NSMenuItem: 0xb62439360 SDF, ke='Command-F12'>, but is only supported for system-provided menu items; will not be used

***Player size statistics***
Total compressed size 1.5 KB. Total uncompressed size 4.1 KB.
Unloading 82 Unused Serialized files (Serialized files now loaded: 0)
Unloading 497 unused Assets / (33.2 KB). Loaded Objects now: 3477.
Memory consumption went from 152.1 MB to 152.1 MB.
Total: 6.017750 ms (FindLiveObjects: 0.108958 ms CreateObjectMapping: 0.036083 ms MarkObjects: 5.688375 ms  DeleteObjects: 0.183959 ms)


-------------------------------------------------------------------------------
Bundle Name: task-box-effect-native-bundle
Compressed Size:1.5 kb
Uncompressed usage by category (Percentages based on user generated assets only):
Textures               0.0 kb	 0.0% 
Meshes                 0.0 kb	 0.0% 
Animations             0.0 kb	 0.0% 
Sounds                 0.0 kb	 0.0% 
Shaders                0.0 kb	 0.0% 
Other Assets           0.2 kb	 4.4% 
Levels                 0.0 kb	 0.0% 
File headers           3.9 kb	 95.6% 
Total User Assets      4.1 kb	 100.0% 
Complete build size    4.1 kb
Used Assets and files from the Resources folder, sorted by uncompressed size:
 0.1 kb	 2.5% AssetBundle Object
 0.1 kb	 2.0% Built-in AssetBundleManifest: AssetBundleManifest
-------------------------------------------------------------------------------
2026-10-04 22:02:10.626 Unity[26472:53195749] NSEventModifierFlagFunction specified to -setKeyEquivalentModifierMask: for item <NSMenuItem: 0xb6240b7a0 SDF, ke='Command-F12'>, but is only supported for system-provided menu items; will not be used

***Player size statistics***
Total compressed size 1.5 KB. Total uncompressed size 4.1 KB.
Unloading 5 Unused Serialized files (Serialized files now loaded: 0)
Unloading 436 unused Assets / (1.1 MB). Loaded Objects now: 1831.
Memory consumption went from 142.6 MB to 141.5 MB.
Total: 5.865500 ms (FindLiveObjects: 0.061208 ms CreateObjectMapping: 0.024334 ms MarkObjects: 5.268708 ms  DeleteObjects: 0.510875 ms)


-------------------------------------------------------------------------------
Bundle Name: account-rewards-config-bundles
Compressed Size:1.5 kb
Uncompressed usage by category (Percentages based on user generated assets only):
Textures               0.0 kb	 0.0% 
Meshes                 0.0 kb	 0.0% 
Animations             0.0 kb	 0.0% 
Sounds                 0.0 kb	 0.0% 
Shaders                0.0 kb	 0.0% 
Other Assets           0.2 kb	 4.4% 
Levels                 0.0 kb	 0.0% 
File headers           3.9 kb	 95.6% 
Total User Assets      4.1 kb	 100.0% 
Complete build size    4.1 kb
Used Assets and files from the Resources folder, sorted by uncompressed size:
 0.1 kb	 2.5% AssetBundle Object
 0.1 kb	 2.0% Built-in AssetBundleManifest: AssetBundleManifest
-------------------------------------------------------------------------------
2026-10-04 22:02:10.691 Unity[26472:53195749] NSEventModifierFlagFunction specified to -setKeyEquivalentModifierMask: for item <NSMenuItem: 0xb624e9860 SDF, ke='Command-F12'>, but is only supported for system-provided menu items; will not be used

***Player size statistics***
Total compressed size 1.5 KB. Total uncompressed size 4.1 KB.
Unloading 82 Unused Serialized files (Serialized files now loaded: 0)
Unloading 497 unused Assets / (30.8 KB). Loaded Objects now: 3477.
Memory consumption went from 151.9 MB to 151.9 MB.
Total: 5.583875 ms (FindLiveObjects: 0.108708 ms CreateObjectMapping: 0.037459 ms MarkObjects: 5.293541 ms  DeleteObjects: 0.143917 ms)


-------------------------------------------------------------------------------
Bundle Name: task-box-effect-native-bundle
Compressed Size:1.5 kb
Uncompressed usage by category (Percentages based on user generated assets only):
Textures               0.0 kb	 0.0% 
Meshes                 0.0 kb	 0.0% 
Animations             0.0 kb	 0.0% 
Sounds                 0.0 kb	 0.0% 
Shaders                0.0 kb	 0.0% 
Other Assets           0.2 kb	 4.4% 
Levels                 0.0 kb	 0.0% 
File headers           3.9 kb	 95.6% 
Total User Assets      4.1 kb	 100.0% 
Complete build size    4.1 kb
Used Assets and files from the Resources folder, sorted by uncompressed size:
 0.1 kb	 2.5% AssetBundle Object
 0.1 kb	 2.0% Built-in AssetBundleManifest: AssetBundleManifest
-------------------------------------------------------------------------------
2026-10-04 22:02:10.717 Unity[26472:53195749] NSEventModifierFlagFunction specified to -setKeyEquivalentModifierMask: for item <NSMenuItem: 0xb624a92c0 SDF, ke='Command-F12'>, but is only supported for system-provided menu items; will not be used

***Player size statistics***
Total compressed size 1.5 KB. Total uncompressed size 4.1 KB.
Unloading 4 Unused Serialized files (Serialized files now loaded: 0)
Unloading 435 unused Assets / (1.1 MB). Loaded Objects now: 1831.
Memory consumption went from 142.2 MB to 141.2 MB.
Total: 6.174917 ms (FindLiveObjects: 0.082708 ms CreateObjectMapping: 0.033000 ms MarkObjects: 5.651291 ms  DeleteObjects: 0.407625 ms)


-------------------------------------------------------------------------------
Bundle Name: account-rewards-config-bundles
Compressed Size:1.5 kb
Uncompressed usage by category (Percentages based on user generated assets only):
Textures               0.0 kb	 0.0% 
Meshes                 0.0 kb	 0.0% 
Animations             0.0 kb	 0.0% 
Sounds                 0.0 kb	 0.0% 
Shaders                0.0 kb	 0.0% 
Other Assets           0.2 kb	 4.4% 
Levels                 0.0 kb	 0.0% 
File headers           3.9 kb	 95.6% 
Total User Assets      4.1 kb	 100.0% 
Complete build size    4.1 kb
Used Assets and files from the Resources folder, sorted by uncompressed size:
 0.1 kb	 2.5% AssetBundle Object
 0.1 kb	 2.0% Built-in AssetBundleManifest: AssetBundleManifest
-------------------------------------------------------------------------------
2026-10-04 22:02:10.785 Unity[26472:53195749] NSEventModifierFlagFunction specified to -setKeyEquivalentModifierMask: for item <NSMenuItem: 0xb62ab7660 SDF, ke='Command-F12'>, but is only supported for system-provided menu items; will not be used

***Player size statistics***
Total compressed size 1.5 KB. Total uncompressed size 4.1 KB.
Unloading 82 Unused Serialized files (Serialized files now loaded: 0)
Unloading 497 unused Assets / (33.0 KB). Loaded Objects now: 3477.
Memory consumption went from 151.8 MB to 151.7 MB.
Total: 6.086167 ms (FindLiveObjects: 0.105583 ms CreateObjectMapping: 0.038208 ms MarkObjects: 5.769000 ms  DeleteObjects: 0.172958 ms)


-------------------------------------------------------------------------------
Bundle Name: task-box-effect-native-bundle
Compressed Size:1.5 kb
Uncompressed usage by category (Percentages based on user generated assets only):
Textures               0.0 kb	 0.0% 
Meshes                 0.0 kb	 0.0% 
Animations             0.0 kb	 0.0% 
Sounds                 0.0 kb	 0.0% 
Shaders                0.0 kb	 0.0% 
Other Assets           0.2 kb	 4.4% 
Levels                 0.0 kb	 0.0% 
File headers           3.9 kb	 95.6% 
Total User Assets      4.1 kb	 100.0% 
Complete build size    4.1 kb
Used Assets and files from the Resources folder, sorted by uncompressed size:
 0.1 kb	 2.5% AssetBundle Object
 0.1 kb	 2.0% Built-in AssetBundleManifest: AssetBundleManifest
-------------------------------------------------------------------------------
2026-10-04 22:02:10.823 Unity[26472:53195749] NSEventModifierFlagFunction specified to -setKeyEquivalentModifierMask: for item <NSMenuItem: 0xb624abb60 SDF, ke='Command-F12'>, but is only supported for system-provided menu items; will not be used

***Player size statistics***
Total compressed size 1.5 KB. Total uncompressed size 4.1 KB.
Unloading 4 Unused Serialized files (Serialized files now loaded: 0)
Unloading 435 unused Assets / (1.1 MB). Loaded Objects now: 1831.
Memory consumption went from 142.2 MB to 141.1 MB.
Total: 5.839000 ms (FindLiveObjects: 0.060625 ms CreateObjectMapping: 0.025250 ms MarkObjects: 5.370458 ms  DeleteObjects: 0.382291 ms)


-------------------------------------------------------------------------------
Bundle Name: account-rewards-config-bundles
Compressed Size:1.5 kb
Uncompressed usage by category (Percentages based on user generated assets only):
Textures               0.0 kb	 0.0% 
Meshes                 0.0 kb	 0.0% 
Animations             0.0 kb	 0.0% 
Sounds                 0.0 kb	 0.0% 
Shaders                0.0 kb	 0.0% 
Other Assets           0.2 kb	 4.4% 
Levels                 0.0 kb	 0.0% 
File headers           3.9 kb	 95.6% 
Total User Assets      4.1 kb	 100.0% 
Complete build size    4.1 kb
Used Assets and files from the Resources folder, sorted by uncompressed size:
 0.1 kb	 2.5% AssetBundle Object
 0.1 kb	 2.0% Built-in AssetBundleManifest: AssetBundleManifest
-------------------------------------------------------------------------------
Assertion failed on expression: 'ShouldRunBehaviour()'
UnityEngine.Debug:ExtractStackTraceNoAlloc (byte*,int,string)
UnityEngine.StackTraceUtility:ExtractStackTrace () (at /Users/bokken/build/output/unity/unity/Runtime/Export/Scripting/StackTrace.cs:35)
UnityEngine.Component:SendMessage (string,object,UnityEngine.SendMessageOptions)
UnityEngine.Component:SendMessage (string) (at /Users/bokken/build/output/unity/unity/Runtime/Export/Scripting/Component.bindings.cs:248)
AreaBattle.EditorTools.OutgameRedDotValidation/<>c:<Run>b__3_5 () (at Assets/AreaBattle/Editor/OutgameRedDotValidation.cs:69)
AreaBattle.EditorTools.OutgameRedDotValidation/<>c__DisplayClass3_0:<Run>b__0 (string,System.Action) (at Assets/AreaBattle/Editor/OutgameRedDotValidation.cs:34)
AreaBattle.EditorTools.OutgameRedDotValidation:Run () (at Assets/AreaBattle/Editor/OutgameRedDotValidation.cs:68)
System.Reflection.RuntimeMethodInfo:Invoke (object,System.Reflection.BindingFlags,System.Reflection.Binder,object[],System.Globalization.CultureInfo)
System.Reflection.MethodBase:Invoke (object,object[])
AreaBattle.EditorTools.BattleBuild:ValidateIntegrated () (at Assets/AreaBattle/Editor/BattleBuild.cs:32)
AreaBattle.EditorTools.BattleBuild:ValidateMechanicsOnly () (at Assets/AreaBattle/Editor/BattleBuild.cs:18)

[Assets/AreaBattle/Editor/OutgameRedDotValidation.cs line 69]

Assertion failed on expression: 'ShouldRunBehaviour()'
UnityEngine.Debug:ExtractStackTraceNoAlloc (byte*,int,string)
UnityEngine.StackTraceUtility:ExtractStackTrace () (at /Users/bokken/build/output/unity/unity/Runtime/Export/Scripting/StackTrace.cs:35)
UnityEngine.Component:SendMessage (string,object,UnityEngine.SendMessageOptions)
UnityEngine.Component:SendMessage (string) (at /Users/bokken/build/output/unity/unity/Runtime/Export/Scripting/Component.bindings.cs:248)
AreaBattle.EditorTools.OutgameRedDotValidation/<>c:<Run>b__3_5 () (at Assets/AreaBattle/Editor/OutgameRedDotValidation.cs:70)
AreaBattle.EditorTools.OutgameRedDotValidation/<>c__DisplayClass3_0:<Run>b__0 (string,System.Action) (at Assets/AreaBattle/Editor/OutgameRedDotValidation.cs:34)
AreaBattle.EditorTools.OutgameRedDotValidation:Run () (at Assets/AreaBattle/Editor/OutgameRedDotValidation.cs:68)
System.Reflection.RuntimeMethodInfo:Invoke (object,System.Reflection.BindingFlags,System.Reflection.Binder,object[],System.Globalization.CultureInfo)
System.Reflection.MethodBase:Invoke (object,object[])
AreaBattle.EditorTools.BattleBuild:ValidateIntegrated () (at Assets/AreaBattle/Editor/BattleBuild.cs:32)
AreaBattle.EditorTools.BattleBuild:ValidateMechanicsOnly () (at Assets/AreaBattle/Editor/BattleBuild.cs:18)

[Assets/AreaBattle/Editor/OutgameRedDotValidation.cs line 70]

Assertion failed on expression: 'ShouldRunBehaviour()'
UnityEngine.Debug:ExtractStackTraceNoAlloc (byte*,int,string)
UnityEngine.StackTraceUtility:ExtractStackTrace () (at /Users/bokken/build/output/unity/unity/Runtime/Export/Scripting/StackTrace.cs:35)
UnityEngine.Component:SendMessage (string,object,UnityEngine.SendMessageOptions)
UnityEngine.Component:SendMessage (string) (at /Users/bokken/build/output/unity/unity/Runtime/Export/Scripting/Component.bindings.cs:248)
AreaBattle.EditorTools.OutgameRedDotValidation/<>c:<Run>b__3_5 () (at Assets/AreaBattle/Editor/OutgameRedDotValidation.cs:70)
AreaBattle.EditorTools.OutgameRedDotValidation/<>c__DisplayClass3_0:<Run>b__0 (string,System.Action) (at Assets/AreaBattle/Editor/OutgameRedDotValidation.cs:34)
AreaBattle.EditorTools.OutgameRedDotValidation:Run () (at Assets/AreaBattle/Editor/OutgameRedDotValidation.cs:68)
System.Reflection.RuntimeMethodInfo:Invoke (object,System.Reflection.BindingFlags,System.Reflection.Binder,object[],System.Globalization.CultureInfo)
System.Reflection.MethodBase:Invoke (object,object[])
AreaBattle.EditorTools.BattleBuild:ValidateIntegrated () (at Assets/AreaBattle/Editor/BattleBuild.cs:32)
AreaBattle.EditorTools.BattleBuild:ValidateMechanicsOnly () (at Assets/AreaBattle/Editor/BattleBuild.cs:18)

[Assets/AreaBattle/Editor/OutgameRedDotValidation.cs line 70]

Assertion failed on expression: 'ShouldRunBehaviour()'
UnityEngine.Debug:ExtractStackTraceNoAlloc (byte*,int,string)
UnityEngine.StackTraceUtility:ExtractStackTrace () (at /Users/bokken/build/output/unity/unity/Runtime/Export/Scripting/StackTrace.cs:35)
UnityEngine.Component:SendMessage (string,object,UnityEngine.SendMessageOptions)
UnityEngine.Component:SendMessage (string) (at /Users/bokken/build/output/unity/unity/Runtime/Export/Scripting/Component.bindings.cs:248)
AreaBattle.EditorTools.OutgameRedDotValidation/<>c:<Run>b__3_8 () (at Assets/AreaBattle/Editor/OutgameRedDotValidation.cs:91)
AreaBattle.EditorTools.OutgameRedDotValidation/<>c__DisplayClass3_0:<Run>b__0 (string,System.Action) (at Assets/AreaBattle/Editor/OutgameRedDotValidation.cs:34)
AreaBattle.EditorTools.OutgameRedDotValidation:Run () (at Assets/AreaBattle/Editor/OutgameRedDotValidation.cs:85)
System.Reflection.RuntimeMethodInfo:Invoke (object,System.Reflection.BindingFlags,System.Reflection.Binder,object[],System.Globalization.CultureInfo)
System.Reflection.MethodBase:Invoke (object,object[])
AreaBattle.EditorTools.BattleBuild:ValidateIntegrated () (at Assets/AreaBattle/Editor/BattleBuild.cs:32)
AreaBattle.EditorTools.BattleBuild:ValidateMechanicsOnly () (at Assets/AreaBattle/Editor/BattleBuild.cs:18)

[Assets/AreaBattle/Editor/OutgameRedDotValidation.cs line 91]

Assertion failed on expression: 'ShouldRunBehaviour()'
UnityEngine.Debug:ExtractStackTraceNoAlloc (byte*,int,string)
UnityEngine.StackTraceUtility:ExtractStackTrace () (at /Users/bokken/build/output/unity/unity/Runtime/Export/Scripting/StackTrace.cs:35)
UnityEngine.Component:SendMessage (string,object,UnityEngine.SendMessageOptions)
UnityEngine.Component:SendMessage (string) (at /Users/bokken/build/output/unity/unity/Runtime/Export/Scripting/Component.bindings.cs:248)
AreaBattle.EditorTools.OutgameGuideBookPageValidation/Fixture:<.ctor>b__19_13 (object[]) (at Assets/AreaBattle/Editor/OutgameGuideBookPageValidation.cs:62)
AreaBattle.OutgameMessageDispatcher:SendMessage (string,object[]) (at Assets/AreaBattle/Scripts/OutgameMessageDispatcher.cs:24)
AreaBattle.OutgameUiPage:SetVisible (bool) (at Assets/AreaBattle/Scripts/OutgameUiPage.cs:19)
AreaBattle.OutgameUiObjectInitialization:Init (UnityEngine.GameObject) (at Assets/AreaBattle/Scripts/OutgameUiObjectInitialization.cs:28)
AreaBattle.OutgameUiOpenHost:InitGameObject (UnityEngine.GameObject) (at Assets/AreaBattle/Scripts/OutgameUiOpenHost.cs:24)
AreaBattle.OutgameUiOpenLifecycle:Loaded (UnityEngine.GameObject,object,bool) (at Assets/AreaBattle/Scripts/OutgameUiOpenLifecycle.cs:28)
AreaBattle.OutgameUiOpenLifecycle:LoadedModern (UnityEngine.GameObject) (at Assets/AreaBattle/Scripts/OutgameUiOpenLifecycle.cs:21)
AreaBattle.OutgameUiLoadRequest:<Open>b__9_0 (UnityEngine.GameObject,AreaBattle.OutgameAssetHandle) (at Assets/AreaBattle/Scripts/OutgameUiLoadRequest.cs:22)
AreaBattle.OutgameUiModernLoader/<>c__DisplayClass5_1:<LoadModern>b__1 () (at Assets/AreaBattle/Scripts/OutgameUiModernLoader.cs:23)
AreaBattle.OutgameUiModernLoader/<WaitTwoFrames>d__7:MoveNext () (at Assets/AreaBattle/Scripts/OutgameUiModernLoader.cs:27)
AreaBattle.EditorTools.OutgameGuideBookPageValidation/Fixture:CompleteLoad () (at Assets/AreaBattle/Editor/OutgameGuideBookPageValidation.cs:66)
AreaBattle.EditorTools.OutgameGuideBookPageValidation/<>c:<Run>b__2_1 () (at Assets/AreaBattle/Editor/OutgameGuideBookPageValidation.cs:78)
AreaBattle.EditorTools.OutgameGuideBookPageValidation/<>c__DisplayClass2_0:<Run>b__0 (string,System.Action) (at Assets/AreaBattle/Editor/OutgameGuideBookPageValidation.cs:73)
AreaBattle.EditorTools.OutgameGuideBookPageValidation:Run () (at Assets/AreaBattle/Editor/OutgameGuideBookPageValidation.cs:74)
System.Reflection.RuntimeMethodInfo:Invoke (object,System.Reflection.BindingFlags,System.Reflection.Binder,object[],System.Globalization.CultureInfo)
System.Reflection.MethodBase:Invoke (object,object[])
AreaBattle.EditorTools.BattleBuild:ValidateIntegrated () (at Assets/AreaBattle/Editor/BattleBuild.cs:32)
AreaBattle.EditorTools.BattleBuild:ValidateMechanicsOnly () (at Assets/AreaBattle/Editor/BattleBuild.cs:18)

[Assets/AreaBattle/Scripts/OutgameUiModernLoader.cs line 23]

Assertion failed on expression: 'ShouldRunBehaviour()'
UnityEngine.Debug:ExtractStackTraceNoAlloc (byte*,int,string)
UnityEngine.StackTraceUtility:ExtractStackTrace () (at /Users/bokken/build/output/unity/unity/Runtime/Export/Scripting/StackTrace.cs:35)
UnityEngine.Component:SendMessage (string,object,UnityEngine.SendMessageOptions)
UnityEngine.Component:SendMessage (string) (at /Users/bokken/build/output/unity/unity/Runtime/Export/Scripting/Component.bindings.cs:248)
AreaBattle.EditorTools.OutgameGuideBookPageValidation/Fixture:<.ctor>b__19_13 (object[]) (at Assets/AreaBattle/Editor/OutgameGuideBookPageValidation.cs:62)
AreaBattle.OutgameMessageDispatcher:SendMessage (string,object[]) (at Assets/AreaBattle/Scripts/OutgameMessageDispatcher.cs:24)
AreaBattle.OutgameUiPage:SetVisible (bool) (at Assets/AreaBattle/Scripts/OutgameUiPage.cs:19)
AreaBattle.OutgameUiObjectInitialization:Init (UnityEngine.GameObject) (at Assets/AreaBattle/Scripts/OutgameUiObjectInitialization.cs:28)
AreaBattle.OutgameUiOpenHost:InitGameObject (UnityEngine.GameObject) (at Assets/AreaBattle/Scripts/OutgameUiOpenHost.cs:24)
AreaBattle.OutgameUiOpenLifecycle:Loaded (UnityEngine.GameObject,object,bool) (at Assets/AreaBattle/Scripts/OutgameUiOpenLifecycle.cs:28)
AreaBattle.OutgameUiOpenLifecycle:LoadedModern (UnityEngine.GameObject) (at Assets/AreaBattle/Scripts/OutgameUiOpenLifecycle.cs:21)
AreaBattle.OutgameUiLoadRequest:<Open>b__9_0 (UnityEngine.GameObject,AreaBattle.OutgameAssetHandle) (at Assets/AreaBattle/Scripts/OutgameUiLoadRequest.cs:22)
AreaBattle.OutgameUiModernLoader/<>c__DisplayClass5_1:<LoadModern>b__1 () (at Assets/AreaBattle/Scripts/OutgameUiModernLoader.cs:23)
AreaBattle.OutgameUiModernLoader/<WaitTwoFrames>d__7:MoveNext () (at Assets/AreaBattle/Scripts/OutgameUiModernLoader.cs:27)
AreaBattle.EditorTools.OutgameGuideBookPageValidation/Fixture:CompleteLoad () (at Assets/AreaBattle/Editor/OutgameGuideBookPageValidation.cs:66)
AreaBattle.EditorTools.OutgameGuideBookPageValidation/<>c:<Run>b__2_1 () (at Assets/AreaBattle/Editor/OutgameGuideBookPageValidation.cs:78)
AreaBattle.EditorTools.OutgameGuideBookPageValidation/<>c__DisplayClass2_0:<Run>b__0 (string,System.Action) (at Assets/AreaBattle/Editor/OutgameGuideBookPageValidation.cs:73)
AreaBattle.EditorTools.OutgameGuideBookPageValidation:Run () (at Assets/AreaBattle/Editor/OutgameGuideBookPageValidation.cs:74)
System.Reflection.RuntimeMethodInfo:Invoke (object,System.Reflection.BindingFlags,System.Reflection.Binder,object[],System.Globalization.CultureInfo)
System.Reflection.MethodBase:Invoke (object,object[])
AreaBattle.EditorTools.BattleBuild:ValidateIntegrated () (at Assets/AreaBattle/Editor/BattleBuild.cs:32)
AreaBattle.EditorTools.BattleBuild:ValidateMechanicsOnly () (at Assets/AreaBattle/Editor/BattleBuild.cs:18)

[Assets/AreaBattle/Scripts/OutgameUiModernLoader.cs line 23]

Assertion failed on expression: 'ShouldRunBehaviour()'
UnityEngine.Debug:ExtractStackTraceNoAlloc (byte*,int,string)
UnityEngine.StackTraceUtility:ExtractStackTrace () (at /Users/bokken/build/output/unity/unity/Runtime/Export/Scripting/StackTrace.cs:35)
UnityEngine.Component:SendMessage (string,object,UnityEngine.SendMessageOptions)
UnityEngine.Component:SendMessage (string) (at /Users/bokken/build/output/unity/unity/Runtime/Export/Scripting/Component.bindings.cs:248)
AreaBattle.EditorTools.OutgameGuideBookPageValidation/Fixture:<.ctor>b__19_13 (object[]) (at Assets/AreaBattle/Editor/OutgameGuideBookPageValidation.cs:62)
AreaBattle.OutgameMessageDispatcher:SendMessage (string,object[]) (at Assets/AreaBattle/Scripts/OutgameMessageDispatcher.cs:24)
AreaBattle.OutgameUiPage:SetVisible (bool) (at Assets/AreaBattle/Scripts/OutgameUiPage.cs:19)
AreaBattle.OutgameUiObjectInitialization:Init (UnityEngine.GameObject) (at Assets/AreaBattle/Scripts/OutgameUiObjectInitialization.cs:28)
AreaBattle.OutgameUiOpenHost:InitGameObject (UnityEngine.GameObject) (at Assets/AreaBattle/Scripts/OutgameUiOpenHost.cs:24)
AreaBattle.OutgameUiOpenLifecycle:Loaded (UnityEngine.GameObject,object,bool) (at Assets/AreaBattle/Scripts/OutgameUiOpenLifecycle.cs:28)
AreaBattle.OutgameUiOpenLifecycle:LoadedModern (UnityEngine.GameObject) (at Assets/AreaBattle/Scripts/OutgameUiOpenLifecycle.cs:21)
AreaBattle.OutgameUiLoadRequest:<Open>b__9_0 (UnityEngine.GameObject,AreaBattle.OutgameAssetHandle) (at Assets/AreaBattle/Scripts/OutgameUiLoadRequest.cs:22)
AreaBattle.OutgameUiModernLoader/<>c__DisplayClass5_1:<LoadModern>b__1 () (at Assets/AreaBattle/Scripts/OutgameUiModernLoader.cs:23)
AreaBattle.OutgameUiModernLoader/<WaitTwoFrames>d__7:MoveNext () (at Assets/AreaBattle/Scripts/OutgameUiModernLoader.cs:27)
AreaBattle.EditorTools.OutgameGuideBookPageValidation/Fixture:CompleteLoad () (at Assets/AreaBattle/Editor/OutgameGuideBookPageValidation.cs:66)
AreaBattle.EditorTools.OutgameGuideBookPageValidation/<>c:<Run>b__2_1 () (at Assets/AreaBattle/Editor/OutgameGuideBookPageValidation.cs:78)
AreaBattle.EditorTools.OutgameGuideBookPageValidation/<>c__DisplayClass2_0:<Run>b__0 (string,System.Action) (at Assets/AreaBattle/Editor/OutgameGuideBookPageValidation.cs:73)
AreaBattle.EditorTools.OutgameGuideBookPageValidation:Run () (at Assets/AreaBattle/Editor/OutgameGuideBookPageValidation.cs:74)
System.Reflection.RuntimeMethodInfo:Invoke (object,System.Reflection.BindingFlags,System.Reflection.Binder,object[],System.Globalization.CultureInfo)
System.Reflection.MethodBase:Invoke (object,object[])
AreaBattle.EditorTools.BattleBuild:ValidateIntegrated () (at Assets/AreaBattle/Editor/BattleBuild.cs:32)
AreaBattle.EditorTools.BattleBuild:ValidateMechanicsOnly () (at Assets/AreaBattle/Editor/BattleBuild.cs:18)

[Assets/AreaBattle/Scripts/OutgameUiModernLoader.cs line 23]

Assertion failed on expression: 'ShouldRunBehaviour()'
UnityEngine.Debug:ExtractStackTraceNoAlloc (byte*,int,string)
UnityEngine.StackTraceUtility:ExtractStackTrace () (at /Users/bokken/build/output/unity/unity/Runtime/Export/Scripting/StackTrace.cs:35)
UnityEngine.Component:SendMessage (string,object,UnityEngine.SendMessageOptions)
UnityEngine.Component:SendMessage (string) (at /Users/bokken/build/output/unity/unity/Runtime/Export/Scripting/Component.bindings.cs:248)
AreaBattle.EditorTools.OutgameGuideBookPageValidation/Fixture:<.ctor>b__19_13 (object[]) (at Assets/AreaBattle/Editor/OutgameGuideBookPageValidation.cs:62)
AreaBattle.OutgameMessageDispatcher:SendMessage (string,object[]) (at Assets/AreaBattle/Scripts/OutgameMessageDispatcher.cs:24)
AreaBattle.OutgameUiPage:SetVisible (bool) (at Assets/AreaBattle/Scripts/OutgameUiPage.cs:19)
AreaBattle.OutgameUiObjectInitialization:Init (UnityEngine.GameObject) (at Assets/AreaBattle/Scripts/OutgameUiObjectInitialization.cs:28)
AreaBattle.OutgameUiOpenHost:InitGameObject (UnityEngine.GameObject) (at Assets/AreaBattle/Scripts/OutgameUiOpenHost.cs:24)
AreaBattle.OutgameUiOpenLifecycle:Loaded (UnityEngine.GameObject,object,bool) (at Assets/AreaBattle/Scripts/OutgameUiOpenLifecycle.cs:28)
AreaBattle.OutgameUiOpenLifecycle:LoadedModern (UnityEngine.GameObject) (at Assets/AreaBattle/Scripts/OutgameUiOpenLifecycle.cs:21)
AreaBattle.OutgameUiLoadRequest:<Open>b__9_0 (UnityEngine.GameObject,AreaBattle.OutgameAssetHandle) (at Assets/AreaBattle/Scripts/OutgameUiLoadRequest.cs:22)
AreaBattle.OutgameUiModernLoader/<>c__DisplayClass5_1:<LoadModern>b__1 () (at Assets/AreaBattle/Scripts/OutgameUiModernLoader.cs:23)
AreaBattle.OutgameUiModernLoader/<WaitTwoFrames>d__7:MoveNext () (at Assets/AreaBattle/Scripts/OutgameUiModernLoader.cs:27)
AreaBattle.EditorTools.OutgameGuideBookPageValidation/Fixture:CompleteLoad () (at Assets/AreaBattle/Editor/OutgameGuideBookPageValidation.cs:66)
AreaBattle.EditorTools.OutgameGuideBookPageValidation/<>c:<Run>b__2_2 () (at Assets/AreaBattle/Editor/OutgameGuideBookPageValidation.cs:87)
AreaBattle.EditorTools.OutgameGuideBookPageValidation/<>c__DisplayClass2_0:<Run>b__0 (string,System.Action) (at Assets/AreaBattle/Editor/OutgameGuideBookPageValidation.cs:73)
AreaBattle.EditorTools.OutgameGuideBookPageValidation:Run () (at Assets/AreaBattle/Editor/OutgameGuideBookPageValidation.cs:85)
System.Reflection.RuntimeMethodInfo:Invoke (object,System.Reflection.BindingFlags,System.Reflection.Binder,object[],System.Globalization.CultureInfo)
System.Reflection.MethodBase:Invoke (object,object[])
AreaBattle.EditorTools.BattleBuild:ValidateIntegrated () (at Assets/AreaBattle/Editor/BattleBuild.cs:32)
AreaBattle.EditorTools.BattleBuild:ValidateMechanicsOnly () (at Assets/AreaBattle/Editor/BattleBuild.cs:18)

[Assets/AreaBattle/Scripts/OutgameUiModernLoader.cs line 23]

Assertion failed on expression: 'ShouldRunBehaviour()'
UnityEngine.Debug:ExtractStackTraceNoAlloc (byte*,int,string)
UnityEngine.StackTraceUtility:ExtractStackTrace () (at /Users/bokken/build/output/unity/unity/Runtime/Export/Scripting/StackTrace.cs:35)
UnityEngine.Component:SendMessage (string,object,UnityEngine.SendMessageOptions)
UnityEngine.Component:SendMessage (string) (at /Users/bokken/build/output/unity/unity/Runtime/Export/Scripting/Component.bindings.cs:248)
AreaBattle.EditorTools.OutgameGuideBookPageValidation/Fixture:<.ctor>b__19_13 (object[]) (at Assets/AreaBattle/Editor/OutgameGuideBookPageValidation.cs:62)
AreaBattle.OutgameMessageDispatcher:SendMessage (string,object[]) (at Assets/AreaBattle/Scripts/OutgameMessageDispatcher.cs:24)
AreaBattle.OutgameUiPage:SetVisible (bool) (at Assets/AreaBattle/Scripts/OutgameUiPage.cs:19)
AreaBattle.OutgameUiObjectInitialization:Init (UnityEngine.GameObject) (at Assets/AreaBattle/Scripts/OutgameUiObjectInitialization.cs:28)
AreaBattle.OutgameUiOpenHost:InitGameObject (UnityEngine.GameObject) (at Assets/AreaBattle/Scripts/OutgameUiOpenHost.cs:24)
AreaBattle.OutgameUiOpenLifecycle:Loaded (UnityEngine.GameObject,object,bool) (at Assets/AreaBattle/Scripts/OutgameUiOpenLifecycle.cs:28)
AreaBattle.OutgameUiOpenLifecycle:LoadedModern (UnityEngine.GameObject) (at Assets/AreaBattle/Scripts/OutgameUiOpenLifecycle.cs:21)
AreaBattle.OutgameUiLoadRequest:<Open>b__9_0 (UnityEngine.GameObject,AreaBattle.OutgameAssetHandle) (at Assets/AreaBattle/Scripts/OutgameUiLoadRequest.cs:22)
AreaBattle.OutgameUiModernLoader/<>c__DisplayClass5_1:<LoadModern>b__1 () (at Assets/AreaBattle/Scripts/OutgameUiModernLoader.cs:23)
AreaBattle.OutgameUiModernLoader/<WaitTwoFrames>d__7:MoveNext () (at Assets/AreaBattle/Scripts/OutgameUiModernLoader.cs:27)
AreaBattle.EditorTools.OutgameGuideBookPageValidation/Fixture:CompleteLoad () (at Assets/AreaBattle/Editor/OutgameGuideBookPageValidation.cs:66)
AreaBattle.EditorTools.OutgameGuideBookPageValidation/<>c:<Run>b__2_2 () (at Assets/AreaBattle/Editor/OutgameGuideBookPageValidation.cs:87)
AreaBattle.EditorTools.OutgameGuideBookPageValidation/<>c__DisplayClass2_0:<Run>b__0 (string,System.Action) (at Assets/AreaBattle/Editor/OutgameGuideBookPageValidation.cs:73)
AreaBattle.EditorTools.OutgameGuideBookPageValidation:Run () (at Assets/AreaBattle/Editor/OutgameGuideBookPageValidation.cs:85)
System.Reflection.RuntimeMethodInfo:Invoke (object,System.Reflection.BindingFlags,System.Reflection.Binder,object[],System.Globalization.CultureInfo)
System.Reflection.MethodBase:Invoke (object,object[])
AreaBattle.EditorTools.BattleBuild:ValidateIntegrated () (at Assets/AreaBattle/Editor/BattleBuild.cs:32)
AreaBattle.EditorTools.BattleBuild:ValidateMechanicsOnly () (at Assets/AreaBattle/Editor/BattleBuild.cs:18)

[Assets/AreaBattle/Scripts/OutgameUiModernLoader.cs line 23]

Assertion failed on expression: 'ShouldRunBehaviour()'
UnityEngine.Debug:ExtractStackTraceNoAlloc (byte*,int,string)
UnityEngine.StackTraceUtility:ExtractStackTrace () (at /Users/bokken/build/output/unity/unity/Runtime/Export/Scripting/StackTrace.cs:35)
UnityEngine.Component:SendMessage (string,object,UnityEngine.SendMessageOptions)
UnityEngine.Component:SendMessage (string) (at /Users/bokken/build/output/unity/unity/Runtime/Export/Scripting/Component.bindings.cs:248)
AreaBattle.EditorTools.OutgameGuideBookPageValidation/Fixture:<.ctor>b__19_13 (object[]) (at Assets/AreaBattle/Editor/OutgameGuideBookPageValidation.cs:62)
AreaBattle.OutgameMessageDispatcher:SendMessage (string,object[]) (at Assets/AreaBattle/Scripts/OutgameMessageDispatcher.cs:24)
AreaBattle.OutgameUiPage:SetVisible (bool) (at Assets/AreaBattle/Scripts/OutgameUiPage.cs:19)
AreaBattle.OutgameUiObjectInitialization:Init (UnityEngine.GameObject) (at Assets/AreaBattle/Scripts/OutgameUiObjectInitialization.cs:28)
AreaBattle.OutgameUiOpenHost:InitGameObject (UnityEngine.GameObject) (at Assets/AreaBattle/Scripts/OutgameUiOpenHost.cs:24)
AreaBattle.OutgameUiOpenLifecycle:Loaded (UnityEngine.GameObject,object,bool) (at Assets/AreaBattle/Scripts/OutgameUiOpenLifecycle.cs:28)
AreaBattle.OutgameUiOpenLifecycle:LoadedModern (UnityEngine.GameObject) (at Assets/AreaBattle/Scripts/OutgameUiOpenLifecycle.cs:21)
AreaBattle.OutgameUiLoadRequest:<Open>b__9_0 (UnityEngine.GameObject,AreaBattle.OutgameAssetHandle) (at Assets/AreaBattle/Scripts/OutgameUiLoadRequest.cs:22)
AreaBattle.OutgameUiModernLoader/<>c__DisplayClass5_1:<LoadModern>b__1 () (at Assets/AreaBattle/Scripts/OutgameUiModernLoader.cs:23)
AreaBattle.OutgameUiModernLoader/<WaitTwoFrames>d__7:MoveNext () (at Assets/AreaBattle/Scripts/OutgameUiModernLoader.cs:27)
AreaBattle.EditorTools.OutgameGuideBookPageValidation/Fixture:CompleteLoad () (at Assets/AreaBattle/Editor/OutgameGuideBookPageValidation.cs:66)
AreaBattle.EditorTools.OutgameGuideBookPageValidation/<>c:<Run>b__2_2 () (at Assets/AreaBattle/Editor/OutgameGuideBookPageValidation.cs:87)
AreaBattle.EditorTools.OutgameGuideBookPageValidation/<>c__DisplayClass2_0:<Run>b__0 (string,System.Action) (at Assets/AreaBattle/Editor/OutgameGuideBookPageValidation.cs:73)
AreaBattle.EditorTools.OutgameGuideBookPageValidation:Run () (at Assets/AreaBattle/Editor/OutgameGuideBookPageValidation.cs:85)
System.Reflection.RuntimeMethodInfo:Invoke (object,System.Reflection.BindingFlags,System.Reflection.Binder,object[],System.Globalization.CultureInfo)
System.Reflection.MethodBase:Invoke (object,object[])
AreaBattle.EditorTools.BattleBuild:ValidateIntegrated () (at Assets/AreaBattle/Editor/BattleBuild.cs:32)
AreaBattle.EditorTools.BattleBuild:ValidateMechanicsOnly () (at Assets/AreaBattle/Editor/BattleBuild.cs:18)

[Assets/AreaBattle/Scripts/OutgameUiModernLoader.cs line 23]

Assertion failed on expression: 'ShouldRunBehaviour()'
UnityEngine.Debug:ExtractStackTraceNoAlloc (byte*,int,string)
UnityEngine.StackTraceUtility:ExtractStackTrace () (at /Users/bokken/build/output/unity/unity/Runtime/Export/Scripting/StackTrace.cs:35)
UnityEngine.Component:SendMessage (string,object,UnityEngine.SendMessageOptions)
UnityEngine.Component:SendMessage (string) (at /Users/bokken/build/output/unity/unity/Runtime/Export/Scripting/Component.bindings.cs:248)
AreaBattle.EditorTools.OutgameGuideBookPageValidation/Fixture:<.ctor>b__19_13 (object[]) (at Assets/AreaBattle/Editor/OutgameGuideBookPageValidation.cs:62)
AreaBattle.OutgameMessageDispatcher:SendMessage (string,object[]) (at Assets/AreaBattle/Scripts/OutgameMessageDispatcher.cs:24)
AreaBattle.OutgameUiPage:SetVisible (bool) (at Assets/AreaBattle/Scripts/OutgameUiPage.cs:19)
AreaBattle.OutgameUiObjectInitialization:Init (UnityEngine.GameObject) (at Assets/AreaBattle/Scripts/OutgameUiObjectInitialization.cs:28)
AreaBattle.OutgameUiOpenHost:InitGameObject (UnityEngine.GameObject) (at Assets/AreaBattle/Scripts/OutgameUiOpenHost.cs:24)
AreaBattle.OutgameUiOpenLifecycle:Loaded (UnityEngine.GameObject,object,bool) (at Assets/AreaBattle/Scripts/OutgameUiOpenLifecycle.cs:28)
AreaBattle.OutgameUiOpenLifecycle:LoadedModern (UnityEngine.GameObject) (at Assets/AreaBattle/Scripts/OutgameUiOpenLifecycle.cs:21)
AreaBattle.OutgameUiLoadRequest:<Open>b__9_0 (UnityEngine.GameObject,AreaBattle.OutgameAssetHandle) (at Assets/AreaBattle/Scripts/OutgameUiLoadRequest.cs:22)
AreaBattle.OutgameUiModernLoader/<>c__DisplayClass5_1:<LoadModern>b__1 () (at Assets/AreaBattle/Scripts/OutgameUiModernLoader.cs:23)
AreaBattle.OutgameUiModernLoader/<WaitTwoFrames>d__7:MoveNext () (at Assets/AreaBattle/Scripts/OutgameUiModernLoader.cs:27)
AreaBattle.EditorTools.OutgameGuideBookPageValidation/Fixture:CompleteLoad () (at Assets/AreaBattle/Editor/OutgameGuideBookPageValidation.cs:66)
AreaBattle.EditorTools.OutgameGuideBookPageValidation/<>c:<Run>b__2_3 () (at Assets/AreaBattle/Editor/OutgameGuideBookPageValidation.cs:96)
AreaBattle.EditorTools.OutgameGuideBookPageValidation/<>c__DisplayClass2_0:<Run>b__0 (string,System.Action) (at Assets/AreaBattle/Editor/OutgameGuideBookPageValidation.cs:73)
AreaBattle.EditorTools.OutgameGuideBookPageValidation:Run () (at Assets/AreaBattle/Editor/OutgameGuideBookPageValidation.cs:94)
System.Reflection.RuntimeMethodInfo:Invoke (object,System.Reflection.BindingFlags,System.Reflection.Binder,object[],System.Globalization.CultureInfo)
System.Reflection.MethodBase:Invoke (object,object[])
AreaBattle.EditorTools.BattleBuild:ValidateIntegrated () (at Assets/AreaBattle/Editor/BattleBuild.cs:32)
AreaBattle.EditorTools.BattleBuild:ValidateMechanicsOnly () (at Assets/AreaBattle/Editor/BattleBuild.cs:18)

[Assets/AreaBattle/Scripts/OutgameUiModernLoader.cs line 23]

Assertion failed on expression: 'ShouldRunBehaviour()'
UnityEngine.Debug:ExtractStackTraceNoAlloc (byte*,int,string)
UnityEngine.StackTraceUtility:ExtractStackTrace () (at /Users/bokken/build/output/unity/unity/Runtime/Export/Scripting/StackTrace.cs:35)
UnityEngine.Component:SendMessage (string,object,UnityEngine.SendMessageOptions)
UnityEngine.Component:SendMessage (string) (at /Users/bokken/build/output/unity/unity/Runtime/Export/Scripting/Component.bindings.cs:248)
AreaBattle.EditorTools.OutgameGuideBookPageValidation/Fixture:<.ctor>b__19_13 (object[]) (at Assets/AreaBattle/Editor/OutgameGuideBookPageValidation.cs:62)
AreaBattle.OutgameMessageDispatcher:SendMessage (string,object[]) (at Assets/AreaBattle/Scripts/OutgameMessageDispatcher.cs:24)
AreaBattle.OutgameUiPage:SetVisible (bool) (at Assets/AreaBattle/Scripts/OutgameUiPage.cs:19)
AreaBattle.OutgameUiObjectInitialization:Init (UnityEngine.GameObject) (at Assets/AreaBattle/Scripts/OutgameUiObjectInitialization.cs:28)
AreaBattle.OutgameUiOpenHost:InitGameObject (UnityEngine.GameObject) (at Assets/AreaBattle/Scripts/OutgameUiOpenHost.cs:24)
AreaBattle.OutgameUiOpenLifecycle:Loaded (UnityEngine.GameObject,object,bool) (at Assets/AreaBattle/Scripts/OutgameUiOpenLifecycle.cs:28)
AreaBattle.OutgameUiOpenLifecycle:LoadedModern (UnityEngine.GameObject) (at Assets/AreaBattle/Scripts/OutgameUiOpenLifecycle.cs:21)
AreaBattle.OutgameUiLoadRequest:<Open>b__9_0 (UnityEngine.GameObject,AreaBattle.OutgameAssetHandle) (at Assets/AreaBattle/Scripts/OutgameUiLoadRequest.cs:22)
AreaBattle.OutgameUiModernLoader/<>c__DisplayClass5_1:<LoadModern>b__1 () (at Assets/AreaBattle/Scripts/OutgameUiModernLoader.cs:23)
AreaBattle.OutgameUiModernLoader/<WaitTwoFrames>d__7:MoveNext () (at Assets/AreaBattle/Scripts/OutgameUiModernLoader.cs:27)
AreaBattle.EditorTools.OutgameGuideBookPageValidation/Fixture:CompleteLoad () (at Assets/AreaBattle/Editor/OutgameGuideBookPageValidation.cs:66)
AreaBattle.EditorTools.OutgameGuideBookPageValidation/<>c:<Run>b__2_3 () (at Assets/AreaBattle/Editor/OutgameGuideBookPageValidation.cs:96)
AreaBattle.EditorTools.OutgameGuideBookPageValidation/<>c__DisplayClass2_0:<Run>b__0 (string,System.Action) (at Assets/AreaBattle/Editor/OutgameGuideBookPageValidation.cs:73)
AreaBattle.EditorTools.OutgameGuideBookPageValidation:Run () (at Assets/AreaBattle/Editor/OutgameGuideBookPageValidation.cs:94)
System.Reflection.RuntimeMethodInfo:Invoke (object,System.Reflection.BindingFlags,System.Reflection.Binder,object[],System.Globalization.CultureInfo)
System.Reflection.MethodBase:Invoke (object,object[])
AreaBattle.EditorTools.BattleBuild:ValidateIntegrated () (at Assets/AreaBattle/Editor/BattleBuild.cs:32)
AreaBattle.EditorTools.BattleBuild:ValidateMechanicsOnly () (at Assets/AreaBattle/Editor/BattleBuild.cs:18)

[Assets/AreaBattle/Scripts/OutgameUiModernLoader.cs line 23]

Assertion failed on expression: 'ShouldRunBehaviour()'
UnityEngine.Debug:ExtractStackTraceNoAlloc (byte*,int,string)
UnityEngine.StackTraceUtility:ExtractStackTrace () (at /Users/bokken/build/output/unity/unity/Runtime/Export/Scripting/StackTrace.cs:35)
UnityEngine.Component:SendMessage (string,object,UnityEngine.SendMessageOptions)
UnityEngine.Component:SendMessage (string) (at /Users/bokken/build/output/unity/unity/Runtime/Export/Scripting/Component.bindings.cs:248)
AreaBattle.EditorTools.OutgameGuideBookPageValidation/Fixture:<.ctor>b__19_13 (object[]) (at Assets/AreaBattle/Editor/OutgameGuideBookPageValidation.cs:62)
AreaBattle.OutgameMessageDispatcher:SendMessage (string,object[]) (at Assets/AreaBattle/Scripts/OutgameMessageDispatcher.cs:24)
AreaBattle.OutgameUiPage:SetVisible (bool) (at Assets/AreaBattle/Scripts/OutgameUiPage.cs:19)
AreaBattle.OutgameUiObjectInitialization:Init (UnityEngine.GameObject) (at Assets/AreaBattle/Scripts/OutgameUiObjectInitialization.cs:28)
AreaBattle.OutgameUiOpenHost:InitGameObject (UnityEngine.GameObject) (at Assets/AreaBattle/Scripts/OutgameUiOpenHost.cs:24)
AreaBattle.OutgameUiOpenLifecycle:Loaded (UnityEngine.GameObject,object,bool) (at Assets/AreaBattle/Scripts/OutgameUiOpenLifecycle.cs:28)
AreaBattle.OutgameUiOpenLifecycle:LoadedModern (UnityEngine.GameObject) (at Assets/AreaBattle/Scripts/OutgameUiOpenLifecycle.cs:21)
AreaBattle.OutgameUiLoadRequest:<Open>b__9_0 (UnityEngine.GameObject,AreaBattle.OutgameAssetHandle) (at Assets/AreaBattle/Scripts/OutgameUiLoadRequest.cs:22)
AreaBattle.OutgameUiModernLoader/<>c__DisplayClass5_1:<LoadModern>b__1 () (at Assets/AreaBattle/Scripts/OutgameUiModernLoader.cs:23)
AreaBattle.OutgameUiModernLoader/<WaitTwoFrames>d__7:MoveNext () (at Assets/AreaBattle/Scripts/OutgameUiModernLoader.cs:27)
AreaBattle.EditorTools.OutgameGuideBookPageValidation/Fixture:CompleteLoad () (at Assets/AreaBattle/Editor/OutgameGuideBookPageValidation.cs:66)
AreaBattle.EditorTools.OutgameGuideBookPageValidation/<>c:<Run>b__2_3 () (at Assets/AreaBattle/Editor/OutgameGuideBookPageValidation.cs:96)
AreaBattle.EditorTools.OutgameGuideBookPageValidation/<>c__DisplayClass2_0:<Run>b__0 (string,System.Action) (at Assets/AreaBattle/Editor/OutgameGuideBookPageValidation.cs:73)
AreaBattle.EditorTools.OutgameGuideBookPageValidation:Run () (at Assets/AreaBattle/Editor/OutgameGuideBookPageValidation.cs:94)
System.Reflection.RuntimeMethodInfo:Invoke (object,System.Reflection.BindingFlags,System.Reflection.Binder,object[],System.Globalization.CultureInfo)
System.Reflection.MethodBase:Invoke (object,object[])
AreaBattle.EditorTools.BattleBuild:ValidateIntegrated () (at Assets/AreaBattle/Editor/BattleBuild.cs:32)
AreaBattle.EditorTools.BattleBuild:ValidateMechanicsOnly () (at Assets/AreaBattle/Editor/BattleBuild.cs:18)

[Assets/AreaBattle/Scripts/OutgameUiModernLoader.cs line 23]

Destroy may not be called from edit mode! Use DestroyImmediate instead.
Destroying an object in edit mode destroys it permanently.
UnityEngine.Debug:ExtractStackTraceNoAlloc (byte*,int,string)
UnityEngine.StackTraceUtility:ExtractStackTrace () (at /Users/bokken/build/output/unity/unity/Runtime/Export/Scripting/StackTrace.cs:35)
UnityEngine.Object:Destroy (UnityEngine.Object,single)
UnityEngine.Object:Destroy (UnityEngine.Object) (at /Users/bokken/build/output/unity/unity/Runtime/Export/Scripting/UnityEngineObject.bindings.cs:672)
AreaBattle.OutgameUiLifetime/<>c:<.ctor>b__26_0 (UnityEngine.GameObject) (at Assets/AreaBattle/Scripts/OutgameUiLifetime.cs:16)
AreaBattle.OutgameUiLifetime:DestroyObject (UnityEngine.GameObject) (at Assets/AreaBattle/Scripts/OutgameUiLifetime.cs:23)
AreaBattle.OutgameTipBookItem:Dispose () (at Assets/AreaBattle/Scripts/OutgameTipBookItem.cs:62)
AreaBattle.OutgameGuideBookBrowseBinding:DisposeItemsAndTabs () (at Assets/AreaBattle/Scripts/OutgameGuideBookBrowseBinding.cs:61)
AreaBattle.OutgameGuideBookPage/<>c__DisplayClass61_0:<.ctor>b__1 () (at Assets/AreaBattle/Scripts/OutgameGuideBookPage.cs:69)
AreaBattle.OutgameGuideBookPage/PageLifetime:Dispose () (at Assets/AreaBattle/Scripts/OutgameGuideBookPage.cs:32)
AreaBattle.OutgameUiLifetime:CloseUINow () (at Assets/AreaBattle/Scripts/OutgameUiLifetime.cs:20)
AreaBattle.OutgameGuideBookPage:CloseUINow () (at Assets/AreaBattle/Scripts/OutgameGuideBookPage.cs:105)
AreaBattle.EditorTools.OutgameGuideBookPageValidation/<>c:<Run>b__2_3 () (at Assets/AreaBattle/Editor/OutgameGuideBookPageValidation.cs:97)
AreaBattle.EditorTools.OutgameGuideBookPageValidation/<>c__DisplayClass2_0:<Run>b__0 (string,System.Action) (at Assets/AreaBattle/Editor/OutgameGuideBookPageValidation.cs:73)
AreaBattle.EditorTools.OutgameGuideBookPageValidation:Run () (at Assets/AreaBattle/Editor/OutgameGuideBookPageValidation.cs:94)
System.Reflection.RuntimeMethodInfo:Invoke (object,System.Reflection.BindingFlags,System.Reflection.Binder,object[],System.Globalization.CultureInfo)
System.Reflection.MethodBase:Invoke (object,object[])
AreaBattle.EditorTools.BattleBuild:ValidateIntegrated () (at Assets/AreaBattle/Editor/BattleBuild.cs:32)
AreaBattle.EditorTools.BattleBuild:ValidateMechanicsOnly () (at Assets/AreaBattle/Editor/BattleBuild.cs:18)

[Assets/AreaBattle/Scripts/OutgameTipBookItem.cs line 62]

Destroy may not be called from edit mode! Use DestroyImmediate instead.
Destroying an object in edit mode destroys it permanently.
UnityEngine.Debug:ExtractStackTraceNoAlloc (byte*,int,string)
UnityEngine.StackTraceUtility:ExtractStackTrace () (at /Users/bokken/build/output/unity/unity/Runtime/Export/Scripting/StackTrace.cs:35)
UnityEngine.Object:Destroy (UnityEngine.Object,single)
UnityEngine.Object:Destroy (UnityEngine.Object) (at /Users/bokken/build/output/unity/unity/Runtime/Export/Scripting/UnityEngineObject.bindings.cs:672)
AreaBattle.OutgameUiLifetime/<>c:<.ctor>b__26_0 (UnityEngine.GameObject) (at Assets/AreaBattle/Scripts/OutgameUiLifetime.cs:16)
AreaBattle.OutgameUiLifetime:DestroyObject (UnityEngine.GameObject) (at Assets/AreaBattle/Scripts/OutgameUiLifetime.cs:23)
AreaBattle.OutgameTipBookItem:Dispose () (at Assets/AreaBattle/Scripts/OutgameTipBookItem.cs:62)
AreaBattle.OutgameGuideBookBrowseBinding:DisposeItemsAndTabs () (at Assets/AreaBattle/Scripts/OutgameGuideBookBrowseBinding.cs:61)
AreaBattle.OutgameGuideBookPage/<>c__DisplayClass61_0:<.ctor>b__1 () (at Assets/AreaBattle/Scripts/OutgameGuideBookPage.cs:69)
AreaBattle.OutgameGuideBookPage/PageLifetime:Dispose () (at Assets/AreaBattle/Scripts/OutgameGuideBookPage.cs:32)
AreaBattle.OutgameUiLifetime:CloseUINow () (at Assets/AreaBattle/Scripts/OutgameUiLifetime.cs:20)
AreaBattle.OutgameGuideBookPage:CloseUINow () (at Assets/AreaBattle/Scripts/OutgameGuideBookPage.cs:105)
AreaBattle.EditorTools.OutgameGuideBookPageValidation/<>c:<Run>b__2_3 () (at Assets/AreaBattle/Editor/OutgameGuideBookPageValidation.cs:97)
AreaBattle.EditorTools.OutgameGuideBookPageValidation/<>c__DisplayClass2_0:<Run>b__0 (string,System.Action) (at Assets/AreaBattle/Editor/OutgameGuideBookPageValidation.cs:73)
AreaBattle.EditorTools.OutgameGuideBookPageValidation:Run () (at Assets/AreaBattle/Editor/OutgameGuideBookPageValidation.cs:94)
System.Reflection.RuntimeMethodInfo:Invoke (object,System.Reflection.BindingFlags,System.Reflection.Binder,object[],System.Globalization.CultureInfo)
System.Reflection.MethodBase:Invoke (object,object[])
AreaBattle.EditorTools.BattleBuild:ValidateIntegrated () (at Assets/AreaBattle/Editor/BattleBuild.cs:32)
AreaBattle.EditorTools.BattleBuild:ValidateMechanicsOnly () (at Assets/AreaBattle/Editor/BattleBuild.cs:18)

[Assets/AreaBattle/Scripts/OutgameTipBookItem.cs line 62]

Destroy may not be called from edit mode! Use DestroyImmediate instead.
Destroying an object in edit mode destroys it permanently.
UnityEngine.Debug:ExtractStackTraceNoAlloc (byte*,int,string)
UnityEngine.StackTraceUtility:ExtractStackTrace () (at /Users/bokken/build/output/unity/unity/Runtime/Export/Scripting/StackTrace.cs:35)
UnityEngine.Object:Destroy (UnityEngine.Object,single)
UnityEngine.Object:Destroy (UnityEngine.Object) (at /Users/bokken/build/output/unity/unity/Runtime/Export/Scripting/UnityEngineObject.bindings.cs:672)
AreaBattle.OutgameUiLifetime/<>c:<.ctor>b__26_0 (UnityEngine.GameObject) (at Assets/AreaBattle/Scripts/OutgameUiLifetime.cs:16)
AreaBattle.OutgameUiLifetime:DestroyObject (UnityEngine.GameObject) (at Assets/AreaBattle/Scripts/OutgameUiLifetime.cs:23)
AreaBattle.OutgameTipBookItem:Dispose () (at Assets/AreaBattle/Scripts/OutgameTipBookItem.cs:62)
AreaBattle.OutgameGuideBookBrowseBinding:DisposeItemsAndTabs () (at Assets/AreaBattle/Scripts/OutgameGuideBookBrowseBinding.cs:61)
AreaBattle.OutgameGuideBookPage/<>c__DisplayClass61_0:<.ctor>b__1 () (at Assets/AreaBattle/Scripts/OutgameGuideBookPage.cs:69)
AreaBattle.OutgameGuideBookPage/PageLifetime:Dispose () (at Assets/AreaBattle/Scripts/OutgameGuideBookPage.cs:32)
AreaBattle.OutgameUiLifetime:CloseUINow () (at Assets/AreaBattle/Scripts/OutgameUiLifetime.cs:20)
AreaBattle.OutgameGuideBookPage:CloseUINow () (at Assets/AreaBattle/Scripts/OutgameGuideBookPage.cs:105)
AreaBattle.EditorTools.OutgameGuideBookPageValidation/<>c:<Run>b__2_3 () (at Assets/AreaBattle/Editor/OutgameGuideBookPageValidation.cs:97)
AreaBattle.EditorTools.OutgameGuideBookPageValidation/<>c__DisplayClass2_0:<Run>b__0 (string,System.Action) (at Assets/AreaBattle/Editor/OutgameGuideBookPageValidation.cs:73)
AreaBattle.EditorTools.OutgameGuideBookPageValidation:Run () (at Assets/AreaBattle/Editor/OutgameGuideBookPageValidation.cs:94)
System.Reflection.RuntimeMethodInfo:Invoke (object,System.Reflection.BindingFlags,System.Reflection.Binder,object[],System.Globalization.CultureInfo)
System.Reflection.MethodBase:Invoke (object,object[])
AreaBattle.EditorTools.BattleBuild:ValidateIntegrated () (at Assets/AreaBattle/Editor/BattleBuild.cs:32)
AreaBattle.EditorTools.BattleBuild:ValidateMechanicsOnly () (at Assets/AreaBattle/Editor/BattleBuild.cs:18)

[Assets/AreaBattle/Scripts/OutgameTipBookItem.cs line 62]

Destroy may not be called from edit mode! Use DestroyImmediate instead.
Destroying an object in edit mode destroys it permanently.
UnityEngine.Debug:ExtractStackTraceNoAlloc (byte*,int,string)
UnityEngine.StackTraceUtility:ExtractStackTrace () (at /Users/bokken/build/output/unity/unity/Runtime/Export/Scripting/StackTrace.cs:35)
UnityEngine.Object:Destroy (UnityEngine.Object,single)
UnityEngine.Object:Destroy (UnityEngine.Object) (at /Users/bokken/build/output/unity/unity/Runtime/Export/Scripting/UnityEngineObject.bindings.cs:672)
AreaBattle.OutgameUiLifetime/<>c:<.ctor>b__26_0 (UnityEngine.GameObject) (at Assets/AreaBattle/Scripts/OutgameUiLifetime.cs:16)
AreaBattle.OutgameUiLifetime:DestroyObject (UnityEngine.GameObject) (at Assets/AreaBattle/Scripts/OutgameUiLifetime.cs:23)
AreaBattle.OutgameTipBookItem:Dispose () (at Assets/AreaBattle/Scripts/OutgameTipBookItem.cs:62)
AreaBattle.OutgameGuideBookBrowseBinding:DisposeItemsAndTabs () (at Assets/AreaBattle/Scripts/OutgameGuideBookBrowseBinding.cs:61)
AreaBattle.OutgameGuideBookPage/<>c__DisplayClass61_0:<.ctor>b__1 () (at Assets/AreaBattle/Scripts/OutgameGuideBookPage.cs:69)
AreaBattle.OutgameGuideBookPage/PageLifetime:Dispose () (at Assets/AreaBattle/Scripts/OutgameGuideBookPage.cs:32)
AreaBattle.OutgameUiLifetime:CloseUINow () (at Assets/AreaBattle/Scripts/OutgameUiLifetime.cs:20)
AreaBattle.OutgameGuideBookPage:CloseUINow () (at Assets/AreaBattle/Scripts/OutgameGuideBookPage.cs:105)
AreaBattle.EditorTools.OutgameGuideBookPageValidation/<>c:<Run>b__2_3 () (at Assets/AreaBattle/Editor/OutgameGuideBookPageValidation.cs:97)
AreaBattle.EditorTools.OutgameGuideBookPageValidation/<>c__DisplayClass2_0:<Run>b__0 (string,System.Action) (at Assets/AreaBattle/Editor/OutgameGuideBookPageValidation.cs:73)
AreaBattle.EditorTools.OutgameGuideBookPageValidation:Run () (at Assets/AreaBattle/Editor/OutgameGuideBookPageValidation.cs:94)
System.Reflection.RuntimeMethodInfo:Invoke (object,System.Reflection.BindingFlags,System.Reflection.Binder,object[],System.Globalization.CultureInfo)
System.Reflection.MethodBase:Invoke (object,object[])
AreaBattle.EditorTools.BattleBuild:ValidateIntegrated () (at Assets/AreaBattle/Editor/BattleBuild.cs:32)
AreaBattle.EditorTools.BattleBuild:ValidateMechanicsOnly () (at Assets/AreaBattle/Editor/BattleBuild.cs:18)

[Assets/AreaBattle/Scripts/OutgameTipBookItem.cs line 62]

Destroy may not be called from edit mode! Use DestroyImmediate instead.
Destroying an object in edit mode destroys it permanently.
UnityEngine.Debug:ExtractStackTraceNoAlloc (byte*,int,string)
UnityEngine.StackTraceUtility:ExtractStackTrace () (at /Users/bokken/build/output/unity/unity/Runtime/Export/Scripting/StackTrace.cs:35)
UnityEngine.Object:Destroy (UnityEngine.Object,single)
UnityEngine.Object:Destroy (UnityEngine.Object) (at /Users/bokken/build/output/unity/unity/Runtime/Export/Scripting/UnityEngineObject.bindings.cs:672)
AreaBattle.OutgameUiLifetime/<>c:<.ctor>b__26_0 (UnityEngine.GameObject) (at Assets/AreaBattle/Scripts/OutgameUiLifetime.cs:16)
AreaBattle.OutgameUiLifetime:DestroyObject (UnityEngine.GameObject) (at Assets/AreaBattle/Scripts/OutgameUiLifetime.cs:23)
AreaBattle.OutgameTipBookItem:Dispose () (at Assets/AreaBattle/Scripts/OutgameTipBookItem.cs:62)
AreaBattle.OutgameGuideBookBrowseBinding:DisposeItemsAndTabs () (at Assets/AreaBattle/Scripts/OutgameGuideBookBrowseBinding.cs:61)
AreaBattle.OutgameGuideBookPage/<>c__DisplayClass61_0:<.ctor>b__1 () (at Assets/AreaBattle/Scripts/OutgameGuideBookPage.cs:69)
AreaBattle.OutgameGuideBookPage/PageLifetime:Dispose () (at Assets/AreaBattle/Scripts/OutgameGuideBookPage.cs:32)
AreaBattle.OutgameUiLifetime:CloseUINow () (at Assets/AreaBattle/Scripts/OutgameUiLifetime.cs:20)
AreaBattle.OutgameGuideBookPage:CloseUINow () (at Assets/AreaBattle/Scripts/OutgameGuideBookPage.cs:105)
AreaBattle.EditorTools.OutgameGuideBookPageValidation/<>c:<Run>b__2_3 () (at Assets/AreaBattle/Editor/OutgameGuideBookPageValidation.cs:97)
AreaBattle.EditorTools.OutgameGuideBookPageValidation/<>c__DisplayClass2_0:<Run>b__0 (string,System.Action) (at Assets/AreaBattle/Editor/OutgameGuideBookPageValidation.cs:73)
AreaBattle.EditorTools.OutgameGuideBookPageValidation:Run () (at Assets/AreaBattle/Editor/OutgameGuideBookPageValidation.cs:94)
System.Reflection.RuntimeMethodInfo:Invoke (object,System.Reflection.BindingFlags,System.Reflection.Binder,object[],System.Globalization.CultureInfo)
System.Reflection.MethodBase:Invoke (object,object[])
AreaBattle.EditorTools.BattleBuild:ValidateIntegrated () (at Assets/AreaBattle/Editor/BattleBuild.cs:32)
AreaBattle.EditorTools.BattleBuild:ValidateMechanicsOnly () (at Assets/AreaBattle/Editor/BattleBuild.cs:18)

[Assets/AreaBattle/Scripts/OutgameTipBookItem.cs line 62]

Destroy may not be called from edit mode! Use DestroyImmediate instead.
Destroying an object in edit mode destroys it permanently.
UnityEngine.Debug:ExtractStackTraceNoAlloc (byte*,int,string)
UnityEngine.StackTraceUtility:ExtractStackTrace () (at /Users/bokken/build/output/unity/unity/Runtime/Export/Scripting/StackTrace.cs:35)
UnityEngine.Object:Destroy (UnityEngine.Object,single)
UnityEngine.Object:Destroy (UnityEngine.Object) (at /Users/bokken/build/output/unity/unity/Runtime/Export/Scripting/UnityEngineObject.bindings.cs:672)
AreaBattle.OutgameUiLifetime/<>c:<.ctor>b__26_0 (UnityEngine.GameObject) (at Assets/AreaBattle/Scripts/OutgameUiLifetime.cs:16)
AreaBattle.OutgameUiLifetime:DestroyObject (UnityEngine.GameObject) (at Assets/AreaBattle/Scripts/OutgameUiLifetime.cs:23)
AreaBattle.OutgameTipBookItem:Dispose () (at Assets/AreaBattle/Scripts/OutgameTipBookItem.cs:62)
AreaBattle.OutgameGuideBookBrowseBinding:DisposeItemsAndTabs () (at Assets/AreaBattle/Scripts/OutgameGuideBookBrowseBinding.cs:61)
AreaBattle.OutgameGuideBookPage/<>c__DisplayClass61_0:<.ctor>b__1 () (at Assets/AreaBattle/Scripts/OutgameGuideBookPage.cs:69)
AreaBattle.OutgameGuideBookPage/PageLifetime:Dispose () (at Assets/AreaBattle/Scripts/OutgameGuideBookPage.cs:32)
AreaBattle.OutgameUiLifetime:CloseUINow () (at Assets/AreaBattle/Scripts/OutgameUiLifetime.cs:20)
AreaBattle.OutgameGuideBookPage:CloseUINow () (at Assets/AreaBattle/Scripts/OutgameGuideBookPage.cs:105)
AreaBattle.EditorTools.OutgameGuideBookPageValidation/<>c:<Run>b__2_3 () (at Assets/AreaBattle/Editor/OutgameGuideBookPageValidation.cs:97)
AreaBattle.EditorTools.OutgameGuideBookPageValidation/<>c__DisplayClass2_0:<Run>b__0 (string,System.Action) (at Assets/AreaBattle/Editor/OutgameGuideBookPageValidation.cs:73)
AreaBattle.EditorTools.OutgameGuideBookPageValidation:Run () (at Assets/AreaBattle/Editor/OutgameGuideBookPageValidation.cs:94)
System.Reflection.RuntimeMethodInfo:Invoke (object,System.Reflection.BindingFlags,System.Reflection.Binder,object[],System.Globalization.CultureInfo)
System.Reflection.MethodBase:Invoke (object,object[])
AreaBattle.EditorTools.BattleBuild:ValidateIntegrated () (at Assets/AreaBattle/Editor/BattleBuild.cs:32)
AreaBattle.EditorTools.BattleBuild:ValidateMechanicsOnly () (at Assets/AreaBattle/Editor/BattleBuild.cs:18)

[Assets/AreaBattle/Scripts/OutgameTipBookItem.cs line 62]

Destroy may not be called from edit mode! Use DestroyImmediate instead.
Destroying an object in edit mode destroys it permanently.
UnityEngine.Debug:ExtractStackTraceNoAlloc (byte*,int,string)
UnityEngine.StackTraceUtility:ExtractStackTrace () (at /Users/bokken/build/output/unity/unity/Runtime/Export/Scripting/StackTrace.cs:35)
UnityEngine.Object:Destroy (UnityEngine.Object,single)
UnityEngine.Object:Destroy (UnityEngine.Object) (at /Users/bokken/build/output/unity/unity/Runtime/Export/Scripting/UnityEngineObject.bindings.cs:672)
AreaBattle.OutgameUiLifetime/<>c:<.ctor>b__26_0 (UnityEngine.GameObject) (at Assets/AreaBattle/Scripts/OutgameUiLifetime.cs:16)
AreaBattle.OutgameUiLifetime:DestroyObject (UnityEngine.GameObject) (at Assets/AreaBattle/Scripts/OutgameUiLifetime.cs:23)
AreaBattle.OutgameTipBookItem:Dispose () (at Assets/AreaBattle/Scripts/OutgameTipBookItem.cs:62)
AreaBattle.OutgameGuideBookBrowseBinding:DisposeItemsAndTabs () (at Assets/AreaBattle/Scripts/OutgameGuideBookBrowseBinding.cs:61)
AreaBattle.OutgameGuideBookPage/<>c__DisplayClass61_0:<.ctor>b__1 () (at Assets/AreaBattle/Scripts/OutgameGuideBookPage.cs:69)
AreaBattle.OutgameGuideBookPage/PageLifetime:Dispose () (at Assets/AreaBattle/Scripts/OutgameGuideBookPage.cs:32)
AreaBattle.OutgameUiLifetime:CloseUINow () (at Assets/AreaBattle/Scripts/OutgameUiLifetime.cs:20)
AreaBattle.OutgameGuideBookPage:CloseUINow () (at Assets/AreaBattle/Scripts/OutgameGuideBookPage.cs:105)
AreaBattle.EditorTools.OutgameGuideBookPageValidation/<>c:<Run>b__2_3 () (at Assets/AreaBattle/Editor/OutgameGuideBookPageValidation.cs:97)
AreaBattle.EditorTools.OutgameGuideBookPageValidation/<>c__DisplayClass2_0:<Run>b__0 (string,System.Action) (at Assets/AreaBattle/Editor/OutgameGuideBookPageValidation.cs:73)
AreaBattle.EditorTools.OutgameGuideBookPageValidation:Run () (at Assets/AreaBattle/Editor/OutgameGuideBookPageValidation.cs:94)
System.Reflection.RuntimeMethodInfo:Invoke (object,System.Reflection.BindingFlags,System.Reflection.Binder,object[],System.Globalization.CultureInfo)
System.Reflection.MethodBase:Invoke (object,object[])
AreaBattle.EditorTools.BattleBuild:ValidateIntegrated () (at Assets/AreaBattle/Editor/BattleBuild.cs:32)
AreaBattle.EditorTools.BattleBuild:ValidateMechanicsOnly () (at Assets/AreaBattle/Editor/BattleBuild.cs:18)

[Assets/AreaBattle/Scripts/OutgameTipBookItem.cs line 62]

Destroy may not be called from edit mode! Use DestroyImmediate instead.
Destroying an object in edit mode destroys it permanently.
UnityEngine.Debug:ExtractStackTraceNoAlloc (byte*,int,string)
UnityEngine.StackTraceUtility:ExtractStackTrace () (at /Users/bokken/build/output/unity/unity/Runtime/Export/Scripting/StackTrace.cs:35)
UnityEngine.Object:Destroy (UnityEngine.Object,single)
UnityEngine.Object:Destroy (UnityEngine.Object) (at /Users/bokken/build/output/unity/unity/Runtime/Export/Scripting/UnityEngineObject.bindings.cs:672)
AreaBattle.OutgameUiLifetime/<>c:<.ctor>b__26_0 (UnityEngine.GameObject) (at Assets/AreaBattle/Scripts/OutgameUiLifetime.cs:16)
AreaBattle.OutgameUiLifetime:DestroyObject (UnityEngine.GameObject) (at Assets/AreaBattle/Scripts/OutgameUiLifetime.cs:23)
AreaBattle.OutgameTipBookItem:Dispose () (at Assets/AreaBattle/Scripts/OutgameTipBookItem.cs:62)
AreaBattle.OutgameGuideBookBrowseBinding:DisposeItemsAndTabs () (at Assets/AreaBattle/Scripts/OutgameGuideBookBrowseBinding.cs:61)
AreaBattle.OutgameGuideBookPage/<>c__DisplayClass61_0:<.ctor>b__1 () (at Assets/AreaBattle/Scripts/OutgameGuideBookPage.cs:69)
AreaBattle.OutgameGuideBookPage/PageLifetime:Dispose () (at Assets/AreaBattle/Scripts/OutgameGuideBookPage.cs:32)
AreaBattle.OutgameUiLifetime:CloseUINow () (at Assets/AreaBattle/Scripts/OutgameUiLifetime.cs:20)
AreaBattle.OutgameGuideBookPage:CloseUINow () (at Assets/AreaBattle/Scripts/OutgameGuideBookPage.cs:105)
AreaBattle.EditorTools.OutgameGuideBookPageValidation/<>c:<Run>b__2_3 () (at Assets/AreaBattle/Editor/OutgameGuideBookPageValidation.cs:97)
AreaBattle.EditorTools.OutgameGuideBookPageValidation/<>c__DisplayClass2_0:<Run>b__0 (string,System.Action) (at Assets/AreaBattle/Editor/OutgameGuideBookPageValidation.cs:73)
AreaBattle.EditorTools.OutgameGuideBookPageValidation:Run () (at Assets/AreaBattle/Editor/OutgameGuideBookPageValidation.cs:94)
System.Reflection.RuntimeMethodInfo:Invoke (object,System.Reflection.BindingFlags,System.Reflection.Binder,object[],System.Globalization.CultureInfo)
System.Reflection.MethodBase:Invoke (object,object[])
AreaBattle.EditorTools.BattleBuild:ValidateIntegrated () (at Assets/AreaBattle/Editor/BattleBuild.cs:32)
AreaBattle.EditorTools.BattleBuild:ValidateMechanicsOnly () (at Assets/AreaBattle/Editor/BattleBuild.cs:18)

[Assets/AreaBattle/Scripts/OutgameTipBookItem.cs line 62]

Destroy may not be called from edit mode! Use DestroyImmediate instead.
Destroying an object in edit mode destroys it permanently.
UnityEngine.Debug:ExtractStackTraceNoAlloc (byte*,int,string)
UnityEngine.StackTraceUtility:ExtractStackTrace () (at /Users/bokken/build/output/unity/unity/Runtime/Export/Scripting/StackTrace.cs:35)
UnityEngine.Object:Destroy (UnityEngine.Object,single)
UnityEngine.Object:Destroy (UnityEngine.Object) (at /Users/bokken/build/output/unity/unity/Runtime/Export/Scripting/UnityEngineObject.bindings.cs:672)
AreaBattle.OutgameUiLifetime/<>c:<.ctor>b__26_0 (UnityEngine.GameObject) (at Assets/AreaBattle/Scripts/OutgameUiLifetime.cs:16)
AreaBattle.OutgameUiLifetime:DestroyObject (UnityEngine.GameObject) (at Assets/AreaBattle/Scripts/OutgameUiLifetime.cs:23)
AreaBattle.OutgameTipBookItem:Dispose () (at Assets/AreaBattle/Scripts/OutgameTipBookItem.cs:62)
AreaBattle.OutgameGuideBookBrowseBinding:DisposeItemsAndTabs () (at Assets/AreaBattle/Scripts/OutgameGuideBookBrowseBinding.cs:61)
AreaBattle.OutgameGuideBookPage/<>c__DisplayClass61_0:<.ctor>b__1 () (at Assets/AreaBattle/Scripts/OutgameGuideBookPage.cs:69)
AreaBattle.OutgameGuideBookPage/PageLifetime:Dispose () (at Assets/AreaBattle/Scripts/OutgameGuideBookPage.cs:32)
AreaBattle.OutgameUiLifetime:CloseUINow () (at Assets/AreaBattle/Scripts/OutgameUiLifetime.cs:20)
AreaBattle.OutgameGuideBookPage:CloseUINow () (at Assets/AreaBattle/Scripts/OutgameGuideBookPage.cs:105)
AreaBattle.EditorTools.OutgameGuideBookPageValidation/<>c:<Run>b__2_3 () (at Assets/AreaBattle/Editor/OutgameGuideBookPageValidation.cs:97)
AreaBattle.EditorTools.OutgameGuideBookPageValidation/<>c__DisplayClass2_0:<Run>b__0 (string,System.Action) (at Assets/AreaBattle/Editor/OutgameGuideBookPageValidation.cs:73)
AreaBattle.EditorTools.OutgameGuideBookPageValidation:Run () (at Assets/AreaBattle/Editor/OutgameGuideBookPageValidation.cs:94)
System.Reflection.RuntimeMethodInfo:Invoke (object,System.Reflection.BindingFlags,System.Reflection.Binder,object[],System.Globalization.CultureInfo)
System.Reflection.MethodBase:Invoke (object,object[])
AreaBattle.EditorTools.BattleBuild:ValidateIntegrated () (at Assets/AreaBattle/Editor/BattleBuild.cs:32)
AreaBattle.EditorTools.BattleBuild:ValidateMechanicsOnly () (at Assets/AreaBattle/Editor/BattleBuild.cs:18)

[Assets/AreaBattle/Scripts/OutgameTipBookItem.cs line 62]

Destroy may not be called from edit mode! Use DestroyImmediate instead.
Destroying an object in edit mode destroys it permanently.
UnityEngine.Debug:ExtractStackTraceNoAlloc (byte*,int,string)
UnityEngine.StackTraceUtility:ExtractStackTrace () (at /Users/bokken/build/output/unity/unity/Runtime/Export/Scripting/StackTrace.cs:35)
UnityEngine.Object:Destroy (UnityEngine.Object,single)
UnityEngine.Object:Destroy (UnityEngine.Object) (at /Users/bokken/build/output/unity/unity/Runtime/Export/Scripting/UnityEngineObject.bindings.cs:672)
AreaBattle.OutgameUiLifetime/<>c:<.ctor>b__26_0 (UnityEngine.GameObject) (at Assets/AreaBattle/Scripts/OutgameUiLifetime.cs:16)
AreaBattle.OutgameUiLifetime:DestroyObject (UnityEngine.GameObject) (at Assets/AreaBattle/Scripts/OutgameUiLifetime.cs:23)
AreaBattle.OutgameTipBookItem:Dispose () (at Assets/AreaBattle/Scripts/OutgameTipBookItem.cs:62)
AreaBattle.OutgameGuideBookBrowseBinding:DisposeItemsAndTabs () (at Assets/AreaBattle/Scripts/OutgameGuideBookBrowseBinding.cs:61)
AreaBattle.OutgameGuideBookPage/<>c__DisplayClass61_0:<.ctor>b__1 () (at Assets/AreaBattle/Scripts/OutgameGuideBookPage.cs:69)
AreaBattle.OutgameGuideBookPage/PageLifetime:Dispose () (at Assets/AreaBattle/Scripts/OutgameGuideBookPage.cs:32)
AreaBattle.OutgameUiLifetime:CloseUINow () (at Assets/AreaBattle/Scripts/OutgameUiLifetime.cs:20)
AreaBattle.OutgameGuideBookPage:CloseUINow () (at Assets/AreaBattle/Scripts/OutgameGuideBookPage.cs:105)
AreaBattle.EditorTools.OutgameGuideBookPageValidation/<>c:<Run>b__2_3 () (at Assets/AreaBattle/Editor/OutgameGuideBookPageValidation.cs:97)
AreaBattle.EditorTools.OutgameGuideBookPageValidation/<>c__DisplayClass2_0:<Run>b__0 (string,System.Action) (at Assets/AreaBattle/Editor/OutgameGuideBookPageValidation.cs:73)
AreaBattle.EditorTools.OutgameGuideBookPageValidation:Run () (at Assets/AreaBattle/Editor/OutgameGuideBookPageValidation.cs:94)
System.Reflection.RuntimeMethodInfo:Invoke (object,System.Reflection.BindingFlags,System.Reflection.Binder,object[],System.Globalization.CultureInfo)
System.Reflection.MethodBase:Invoke (object,object[])
AreaBattle.EditorTools.BattleBuild:ValidateIntegrated () (at Assets/AreaBattle/Editor/BattleBuild.cs:32)
AreaBattle.EditorTools.BattleBuild:ValidateMechanicsOnly () (at Assets/AreaBattle/Editor/BattleBuild.cs:18)

[Assets/AreaBattle/Scripts/OutgameTipBookItem.cs line 62]

Locate Index Error 999
UnityEngine.Debug:ExtractStackTraceNoAlloc (byte*,int,string)
UnityEngine.StackTraceUtility:ExtractStackTrace () (at /Users/bokken/build/output/unity/unity/Runtime/Export/Scripting/StackTrace.cs:35)
UnityEngine.DebugLogHandler:Internal_Log (UnityEngine.LogType,UnityEngine.LogOption,string,UnityEngine.Object)
UnityEngine.DebugLogHandler:LogFormat (UnityEngine.LogType,UnityEngine.Object,string,object[])
UnityEngine.Logger:Log (UnityEngine.LogType,object)
UnityEngine.Debug:LogWarning (object)
AreaBattle.OutgameDynamicList:CenteredWithIndex (int,single) (at Assets/AreaBattle/Scripts/OutgameDynamicList.cs:248)
AreaBattle.EditorTools.OutgameDynamicCenterValidation/<>c:<Run>b__2_1 () (at Assets/AreaBattle/Editor/OutgameDynamicCenterValidation.cs:22)
AreaBattle.EditorTools.OutgameDynamicCenterValidation/<>c__DisplayClass2_0:<Run>b__0 (string,System.Action) (at Assets/AreaBattle/Editor/OutgameDynamicCenterValidation.cs:15)
AreaBattle.EditorTools.OutgameDynamicCenterValidation:Run () (at Assets/AreaBattle/Editor/OutgameDynamicCenterValidation.cs:16)
System.Reflection.RuntimeMethodInfo:Invoke (object,System.Reflection.BindingFlags,System.Reflection.Binder,object[],System.Globalization.CultureInfo)
System.Reflection.MethodBase:Invoke (object,object[])
AreaBattle.EditorTools.BattleBuild:ValidateIntegrated () (at Assets/AreaBattle/Editor/BattleBuild.cs:32)
AreaBattle.EditorTools.BattleBuild:ValidateMechanicsOnly () (at Assets/AreaBattle/Editor/BattleBuild.cs:18)

(Filename: Assets/AreaBattle/Scripts/OutgameDynamicList.cs Line: 248)

Locate Index Error -99
UnityEngine.Debug:ExtractStackTraceNoAlloc (byte*,int,string)
UnityEngine.StackTraceUtility:ExtractStackTrace () (at /Users/bokken/build/output/unity/unity/Runtime/Export/Scripting/StackTrace.cs:35)
UnityEngine.DebugLogHandler:Internal_Log (UnityEngine.LogType,UnityEngine.LogOption,string,UnityEngine.Object)
UnityEngine.DebugLogHandler:LogFormat (UnityEngine.LogType,UnityEngine.Object,string,object[])
UnityEngine.Logger:Log (UnityEngine.LogType,object)
UnityEngine.Debug:LogWarning (object)
AreaBattle.OutgameDynamicList:CenteredWithIndex (int,single) (at Assets/AreaBattle/Scripts/OutgameDynamicList.cs:248)
AreaBattle.EditorTools.OutgameDynamicCenterValidation/<>c:<Run>b__2_1 () (at Assets/AreaBattle/Editor/OutgameDynamicCenterValidation.cs:23)
AreaBattle.EditorTools.OutgameDynamicCenterValidation/<>c__DisplayClass2_0:<Run>b__0 (string,System.Action) (at Assets/AreaBattle/Editor/OutgameDynamicCenterValidation.cs:15)
AreaBattle.EditorTools.OutgameDynamicCenterValidation:Run () (at Assets/AreaBattle/Editor/OutgameDynamicCenterValidation.cs:16)
System.Reflection.RuntimeMethodInfo:Invoke (object,System.Reflection.BindingFlags,System.Reflection.Binder,object[],System.Globalization.CultureInfo)
System.Reflection.MethodBase:Invoke (object,object[])
AreaBattle.EditorTools.BattleBuild:ValidateIntegrated () (at Assets/AreaBattle/Editor/BattleBuild.cs:32)
AreaBattle.EditorTools.BattleBuild:ValidateMechanicsOnly () (at Assets/AreaBattle/Editor/BattleBuild.cs:18)

(Filename: Assets/AreaBattle/Scripts/OutgameDynamicList.cs Line: 248)

Locate Index Error -1
UnityEngine.Debug:ExtractStackTraceNoAlloc (byte*,int,string)
UnityEngine.StackTraceUtility:ExtractStackTrace () (at /Users/bokken/build/output/unity/unity/Runtime/Export/Scripting/StackTrace.cs:35)
UnityEngine.DebugLogHandler:Internal_Log (UnityEngine.LogType,UnityEngine.LogOption,string,UnityEngine.Object)
UnityEngine.DebugLogHandler:LogFormat (UnityEngine.LogType,UnityEngine.Object,string,object[])
UnityEngine.Logger:Log (UnityEngine.LogType,object)
UnityEngine.Debug:LogWarning (object)
AreaBattle.OutgameDynamicList:CenteredWithIndex (int,single) (at Assets/AreaBattle/Scripts/OutgameDynamicList.cs:248)
AreaBattle.OutgameDynamicList:Centered2Bottom (single) (at Assets/AreaBattle/Scripts/OutgameDynamicList.cs:243)
AreaBattle.EditorTools.OutgameDynamicCenterValidation/<>c:<Run>b__2_1 () (at Assets/AreaBattle/Editor/OutgameDynamicCenterValidation.cs:24)
AreaBattle.EditorTools.OutgameDynamicCenterValidation/<>c__DisplayClass2_0:<Run>b__0 (string,System.Action) (at Assets/AreaBattle/Editor/OutgameDynamicCenterValidation.cs:15)
AreaBattle.EditorTools.OutgameDynamicCenterValidation:Run () (at Assets/AreaBattle/Editor/OutgameDynamicCenterValidation.cs:16)
System.Reflection.RuntimeMethodInfo:Invoke (object,System.Reflection.BindingFlags,System.Reflection.Binder,object[],System.Globalization.CultureInfo)
System.Reflection.MethodBase:Invoke (object,object[])
AreaBattle.EditorTools.BattleBuild:ValidateIntegrated () (at Assets/AreaBattle/Editor/BattleBuild.cs:32)
AreaBattle.EditorTools.BattleBuild:ValidateMechanicsOnly () (at Assets/AreaBattle/Editor/BattleBuild.cs:18)

(Filename: Assets/AreaBattle/Scripts/OutgameDynamicList.cs Line: 248)

Assertion failed on expression: 'ShouldRunBehaviour()'
UnityEngine.Debug:ExtractStackTraceNoAlloc (byte*,int,string)
UnityEngine.StackTraceUtility:ExtractStackTrace () (at /Users/bokken/build/output/unity/unity/Runtime/Export/Scripting/StackTrace.cs:35)
UnityEngine.Component:SendMessage (string,object,UnityEngine.SendMessageOptions)
UnityEngine.Component:SendMessage (string) (at /Users/bokken/build/output/unity/unity/Runtime/Export/Scripting/Component.bindings.cs:248)
AreaBattle.EditorTools.OutgameGuideBookBrowseValidation/Fixture:.ctor (bool) (at Assets/AreaBattle/Editor/OutgameGuideBookBrowseValidation.cs:29)
AreaBattle.EditorTools.OutgameGuideBookBrowseValidation/<>c:<Run>b__4_1 () (at Assets/AreaBattle/Editor/OutgameGuideBookBrowseValidation.cs:50)
AreaBattle.EditorTools.OutgameGuideBookBrowseValidation/<>c__DisplayClass4_0:<Run>b__0 (string,System.Action) (at Assets/AreaBattle/Editor/OutgameGuideBookBrowseValidation.cs:48)
AreaBattle.EditorTools.OutgameGuideBookBrowseValidation:Run () (at Assets/AreaBattle/Editor/OutgameGuideBookBrowseValidation.cs:49)
System.Reflection.RuntimeMethodInfo:Invoke (object,System.Reflection.BindingFlags,System.Reflection.Binder,object[],System.Globalization.CultureInfo)
System.Reflection.MethodBase:Invoke (object,object[])
AreaBattle.EditorTools.BattleBuild:ValidateIntegrated () (at Assets/AreaBattle/Editor/BattleBuild.cs:32)
AreaBattle.EditorTools.BattleBuild:ValidateMechanicsOnly () (at Assets/AreaBattle/Editor/BattleBuild.cs:18)

[Assets/AreaBattle/Editor/OutgameGuideBookBrowseValidation.cs line 29]

Assertion failed on expression: 'ShouldRunBehaviour()'
UnityEngine.Debug:ExtractStackTraceNoAlloc (byte*,int,string)
UnityEngine.StackTraceUtility:ExtractStackTrace () (at /Users/bokken/build/output/unity/unity/Runtime/Export/Scripting/StackTrace.cs:35)
UnityEngine.Component:SendMessage (string,object,UnityEngine.SendMessageOptions)
UnityEngine.Component:SendMessage (string) (at /Users/bokken/build/output/unity/unity/Runtime/Export/Scripting/Component.bindings.cs:248)
AreaBattle.EditorTools.OutgameGuideBookBrowseValidation/Fixture:.ctor (bool) (at Assets/AreaBattle/Editor/OutgameGuideBookBrowseValidation.cs:29)
AreaBattle.EditorTools.OutgameGuideBookBrowseValidation/<>c:<Run>b__4_1 () (at Assets/AreaBattle/Editor/OutgameGuideBookBrowseValidation.cs:50)
AreaBattle.EditorTools.OutgameGuideBookBrowseValidation/<>c__DisplayClass4_0:<Run>b__0 (string,System.Action) (at Assets/AreaBattle/Editor/OutgameGuideBookBrowseValidation.cs:48)
AreaBattle.EditorTools.OutgameGuideBookBrowseValidation:Run () (at Assets/AreaBattle/Editor/OutgameGuideBookBrowseValidation.cs:49)
System.Reflection.RuntimeMethodInfo:Invoke (object,System.Reflection.BindingFlags,System.Reflection.Binder,object[],System.Globalization.CultureInfo)
System.Reflection.MethodBase:Invoke (object,object[])
AreaBattle.EditorTools.BattleBuild:ValidateIntegrated () (at Assets/AreaBattle/Editor/BattleBuild.cs:32)
AreaBattle.EditorTools.BattleBuild:ValidateMechanicsOnly () (at Assets/AreaBattle/Editor/BattleBuild.cs:18)

[Assets/AreaBattle/Editor/OutgameGuideBookBrowseValidation.cs line 29]

Assertion failed on expression: 'ShouldRunBehaviour()'
UnityEngine.Debug:ExtractStackTraceNoAlloc (byte*,int,string)
UnityEngine.StackTraceUtility:ExtractStackTrace () (at /Users/bokken/build/output/unity/unity/Runtime/Export/Scripting/StackTrace.cs:35)
UnityEngine.Component:SendMessage (string,object,UnityEngine.SendMessageOptions)
UnityEngine.Component:SendMessage (string) (at /Users/bokken/build/output/unity/unity/Runtime/Export/Scripting/Component.bindings.cs:248)
AreaBattle.EditorTools.OutgameGuideBookBrowseValidation/Fixture:.ctor (bool) (at Assets/AreaBattle/Editor/OutgameGuideBookBrowseValidation.cs:29)
AreaBattle.EditorTools.OutgameGuideBookBrowseValidation/<>c:<Run>b__4_1 () (at Assets/AreaBattle/Editor/OutgameGuideBookBrowseValidation.cs:50)
AreaBattle.EditorTools.OutgameGuideBookBrowseValidation/<>c__DisplayClass4_0:<Run>b__0 (string,System.Action) (at Assets/AreaBattle/Editor/OutgameGuideBookBrowseValidation.cs:48)
AreaBattle.EditorTools.OutgameGuideBookBrowseValidation:Run () (at Assets/AreaBattle/Editor/OutgameGuideBookBrowseValidation.cs:49)
System.Reflection.RuntimeMethodInfo:Invoke (object,System.Reflection.BindingFlags,System.Reflection.Binder,object[],System.Globalization.CultureInfo)
System.Reflection.MethodBase:Invoke (object,object[])
AreaBattle.EditorTools.BattleBuild:ValidateIntegrated () (at Assets/AreaBattle/Editor/BattleBuild.cs:32)
AreaBattle.EditorTools.BattleBuild:ValidateMechanicsOnly () (at Assets/AreaBattle/Editor/BattleBuild.cs:18)

[Assets/AreaBattle/Editor/OutgameGuideBookBrowseValidation.cs line 29]

Assertion failed on expression: 'ShouldRunBehaviour()'
UnityEngine.Debug:ExtractStackTraceNoAlloc (byte*,int,string)
UnityEngine.StackTraceUtility:ExtractStackTrace () (at /Users/bokken/build/output/unity/unity/Runtime/Export/Scripting/StackTrace.cs:35)
UnityEngine.Component:SendMessage (string,object,UnityEngine.SendMessageOptions)
UnityEngine.Component:SendMessage (string) (at /Users/bokken/build/output/unity/unity/Runtime/Export/Scripting/Component.bindings.cs:248)
AreaBattle.EditorTools.OutgameGuideBookBrowseValidation/Fixture:.ctor (bool) (at Assets/AreaBattle/Editor/OutgameGuideBookBrowseValidation.cs:29)
AreaBattle.EditorTools.OutgameGuideBookBrowseValidation/<>c:<Run>b__4_2 () (at Assets/AreaBattle/Editor/OutgameGuideBookBrowseValidation.cs:61)
AreaBattle.EditorTools.OutgameGuideBookBrowseValidation/<>c__DisplayClass4_0:<Run>b__0 (string,System.Action) (at Assets/AreaBattle/Editor/OutgameGuideBookBrowseValidation.cs:48)
AreaBattle.EditorTools.OutgameGuideBookBrowseValidation:Run () (at Assets/AreaBattle/Editor/OutgameGuideBookBrowseValidation.cs:60)
System.Reflection.RuntimeMethodInfo:Invoke (object,System.Reflection.BindingFlags,System.Reflection.Binder,object[],System.Globalization.CultureInfo)
System.Reflection.MethodBase:Invoke (object,object[])
AreaBattle.EditorTools.BattleBuild:ValidateIntegrated () (at Assets/AreaBattle/Editor/BattleBuild.cs:32)
AreaBattle.EditorTools.BattleBuild:ValidateMechanicsOnly () (at Assets/AreaBattle/Editor/BattleBuild.cs:18)

[Assets/AreaBattle/Editor/OutgameGuideBookBrowseValidation.cs line 29]

Assertion failed on expression: 'ShouldRunBehaviour()'
UnityEngine.Debug:ExtractStackTraceNoAlloc (byte*,int,string)
UnityEngine.StackTraceUtility:ExtractStackTrace () (at /Users/bokken/build/output/unity/unity/Runtime/Export/Scripting/StackTrace.cs:35)
UnityEngine.Component:SendMessage (string,object,UnityEngine.SendMessageOptions)
UnityEngine.Component:SendMessage (string) (at /Users/bokken/build/output/unity/unity/Runtime/Export/Scripting/Component.bindings.cs:248)
AreaBattle.EditorTools.OutgameGuideBookBrowseValidation/Fixture:.ctor (bool) (at Assets/AreaBattle/Editor/OutgameGuideBookBrowseValidation.cs:29)
AreaBattle.EditorTools.OutgameGuideBookBrowseValidation/<>c:<Run>b__4_2 () (at Assets/AreaBattle/Editor/OutgameGuideBookBrowseValidation.cs:61)
AreaBattle.EditorTools.OutgameGuideBookBrowseValidation/<>c__DisplayClass4_0:<Run>b__0 (string,System.Action) (at Assets/AreaBattle/Editor/OutgameGuideBookBrowseValidation.cs:48)
AreaBattle.EditorTools.OutgameGuideBookBrowseValidation:Run () (at Assets/AreaBattle/Editor/OutgameGuideBookBrowseValidation.cs:60)
System.Reflection.RuntimeMethodInfo:Invoke (object,System.Reflection.BindingFlags,System.Reflection.Binder,object[],System.Globalization.CultureInfo)
System.Reflection.MethodBase:Invoke (object,object[])
AreaBattle.EditorTools.BattleBuild:ValidateIntegrated () (at Assets/AreaBattle/Editor/BattleBuild.cs:32)
AreaBattle.EditorTools.BattleBuild:ValidateMechanicsOnly () (at Assets/AreaBattle/Editor/BattleBuild.cs:18)

[Assets/AreaBattle/Editor/OutgameGuideBookBrowseValidation.cs line 29]

Assertion failed on expression: 'ShouldRunBehaviour()'
UnityEngine.Debug:ExtractStackTraceNoAlloc (byte*,int,string)
UnityEngine.StackTraceUtility:ExtractStackTrace () (at /Users/bokken/build/output/unity/unity/Runtime/Export/Scripting/StackTrace.cs:35)
UnityEngine.Component:SendMessage (string,object,UnityEngine.SendMessageOptions)
UnityEngine.Component:SendMessage (string) (at /Users/bokken/build/output/unity/unity/Runtime/Export/Scripting/Component.bindings.cs:248)
AreaBattle.EditorTools.OutgameGuideBookBrowseValidation/Fixture:.ctor (bool) (at Assets/AreaBattle/Editor/OutgameGuideBookBrowseValidation.cs:29)
AreaBattle.EditorTools.OutgameGuideBookBrowseValidation/<>c:<Run>b__4_2 () (at Assets/AreaBattle/Editor/OutgameGuideBookBrowseValidation.cs:61)
AreaBattle.EditorTools.OutgameGuideBookBrowseValidation/<>c__DisplayClass4_0:<Run>b__0 (string,System.Action) (at Assets/AreaBattle/Editor/OutgameGuideBookBrowseValidation.cs:48)
AreaBattle.EditorTools.OutgameGuideBookBrowseValidation:Run () (at Assets/AreaBattle/Editor/OutgameGuideBookBrowseValidation.cs:60)
System.Reflection.RuntimeMethodInfo:Invoke (object,System.Reflection.BindingFlags,System.Reflection.Binder,object[],System.Globalization.CultureInfo)
System.Reflection.MethodBase:Invoke (object,object[])
AreaBattle.EditorTools.BattleBuild:ValidateIntegrated () (at Assets/AreaBattle/Editor/BattleBuild.cs:32)
AreaBattle.EditorTools.BattleBuild:ValidateMechanicsOnly () (at Assets/AreaBattle/Editor/BattleBuild.cs:18)

[Assets/AreaBattle/Editor/OutgameGuideBookBrowseValidation.cs line 29]

Assertion failed on expression: 'ShouldRunBehaviour()'
UnityEngine.Debug:ExtractStackTraceNoAlloc (byte*,int,string)
UnityEngine.StackTraceUtility:ExtractStackTrace () (at /Users/bokken/build/output/unity/unity/Runtime/Export/Scripting/StackTrace.cs:35)
UnityEngine.Component:SendMessage (string,object,UnityEngine.SendMessageOptions)
UnityEngine.Component:SendMessage (string) (at /Users/bokken/build/output/unity/unity/Runtime/Export/Scripting/Component.bindings.cs:248)
AreaBattle.EditorTools.OutgameGuideBookBrowseValidation/Fixture:.ctor (bool) (at Assets/AreaBattle/Editor/OutgameGuideBookBrowseValidation.cs:29)
AreaBattle.EditorTools.OutgameGuideBookBrowseValidation/<>c:<Run>b__4_3 () (at Assets/AreaBattle/Editor/OutgameGuideBookBrowseValidation.cs:72)
AreaBattle.EditorTools.OutgameGuideBookBrowseValidation/<>c__DisplayClass4_0:<Run>b__0 (string,System.Action) (at Assets/AreaBattle/Editor/OutgameGuideBookBrowseValidation.cs:48)
AreaBattle.EditorTools.OutgameGuideBookBrowseValidation:Run () (at Assets/AreaBattle/Editor/OutgameGuideBookBrowseValidation.cs:71)
System.Reflection.RuntimeMethodInfo:Invoke (object,System.Reflection.BindingFlags,System.Reflection.Binder,object[],System.Globalization.CultureInfo)
System.Reflection.MethodBase:Invoke (object,object[])
AreaBattle.EditorTools.BattleBuild:ValidateIntegrated () (at Assets/AreaBattle/Editor/BattleBuild.cs:32)
AreaBattle.EditorTools.BattleBuild:ValidateMechanicsOnly () (at Assets/AreaBattle/Editor/BattleBuild.cs:18)

[Assets/AreaBattle/Editor/OutgameGuideBookBrowseValidation.cs line 29]

Assertion failed on expression: 'ShouldRunBehaviour()'
UnityEngine.Debug:ExtractStackTraceNoAlloc (byte*,int,string)
UnityEngine.StackTraceUtility:ExtractStackTrace () (at /Users/bokken/build/output/unity/unity/Runtime/Export/Scripting/StackTrace.cs:35)
UnityEngine.Component:SendMessage (string,object,UnityEngine.SendMessageOptions)
UnityEngine.Component:SendMessage (string) (at /Users/bokken/build/output/unity/unity/Runtime/Export/Scripting/Component.bindings.cs:248)
AreaBattle.EditorTools.OutgameGuideBookBrowseValidation/Fixture:.ctor (bool) (at Assets/AreaBattle/Editor/OutgameGuideBookBrowseValidation.cs:29)
AreaBattle.EditorTools.OutgameGuideBookBrowseValidation/<>c:<Run>b__4_3 () (at Assets/AreaBattle/Editor/OutgameGuideBookBrowseValidation.cs:72)
AreaBattle.EditorTools.OutgameGuideBookBrowseValidation/<>c__DisplayClass4_0:<Run>b__0 (string,System.Action) (at Assets/AreaBattle/Editor/OutgameGuideBookBrowseValidation.cs:48)
AreaBattle.EditorTools.OutgameGuideBookBrowseValidation:Run () (at Assets/AreaBattle/Editor/OutgameGuideBookBrowseValidation.cs:71)
System.Reflection.RuntimeMethodInfo:Invoke (object,System.Reflection.BindingFlags,System.Reflection.Binder,object[],System.Globalization.CultureInfo)
System.Reflection.MethodBase:Invoke (object,object[])
AreaBattle.EditorTools.BattleBuild:ValidateIntegrated () (at Assets/AreaBattle/Editor/BattleBuild.cs:32)
AreaBattle.EditorTools.BattleBuild:ValidateMechanicsOnly () (at Assets/AreaBattle/Editor/BattleBuild.cs:18)

[Assets/AreaBattle/Editor/OutgameGuideBookBrowseValidation.cs line 29]

Assertion failed on expression: 'ShouldRunBehaviour()'
UnityEngine.Debug:ExtractStackTraceNoAlloc (byte*,int,string)
UnityEngine.StackTraceUtility:ExtractStackTrace () (at /Users/bokken/build/output/unity/unity/Runtime/Export/Scripting/StackTrace.cs:35)
UnityEngine.Component:SendMessage (string,object,UnityEngine.SendMessageOptions)
UnityEngine.Component:SendMessage (string) (at /Users/bokken/build/output/unity/unity/Runtime/Export/Scripting/Component.bindings.cs:248)
AreaBattle.EditorTools.OutgameGuideBookBrowseValidation/Fixture:.ctor (bool) (at Assets/AreaBattle/Editor/OutgameGuideBookBrowseValidation.cs:29)
AreaBattle.EditorTools.OutgameGuideBookBrowseValidation/<>c:<Run>b__4_3 () (at Assets/AreaBattle/Editor/OutgameGuideBookBrowseValidation.cs:72)
AreaBattle.EditorTools.OutgameGuideBookBrowseValidation/<>c__DisplayClass4_0:<Run>b__0 (string,System.Action) (at Assets/AreaBattle/Editor/OutgameGuideBookBrowseValidation.cs:48)
AreaBattle.EditorTools.OutgameGuideBookBrowseValidation:Run () (at Assets/AreaBattle/Editor/OutgameGuideBookBrowseValidation.cs:71)
System.Reflection.RuntimeMethodInfo:Invoke (object,System.Reflection.BindingFlags,System.Reflection.Binder,object[],System.Globalization.CultureInfo)
System.Reflection.MethodBase:Invoke (object,object[])
AreaBattle.EditorTools.BattleBuild:ValidateIntegrated () (at Assets/AreaBattle/Editor/BattleBuild.cs:32)
AreaBattle.EditorTools.BattleBuild:ValidateMechanicsOnly () (at Assets/AreaBattle/Editor/BattleBuild.cs:18)

[Assets/AreaBattle/Editor/OutgameGuideBookBrowseValidation.cs line 29]

Assertion failed on expression: 'ShouldRunBehaviour()'
UnityEngine.Debug:ExtractStackTraceNoAlloc (byte*,int,string)
UnityEngine.StackTraceUtility:ExtractStackTrace () (at /Users/bokken/build/output/unity/unity/Runtime/Export/Scripting/StackTrace.cs:35)
UnityEngine.Component:SendMessage (string,object,UnityEngine.SendMessageOptions)
UnityEngine.Component:SendMessage (string) (at /Users/bokken/build/output/unity/unity/Runtime/Export/Scripting/Component.bindings.cs:248)
AreaBattle.EditorTools.OutgameGuideBookBrowseValidation/Fixture:.ctor (bool) (at Assets/AreaBattle/Editor/OutgameGuideBookBrowseValidation.cs:29)
AreaBattle.EditorTools.OutgameGuideBookBrowseValidation/<>c:<Run>b__4_4 () (at Assets/AreaBattle/Editor/OutgameGuideBookBrowseValidation.cs:83)
AreaBattle.EditorTools.OutgameGuideBookBrowseValidation/<>c__DisplayClass4_0:<Run>b__0 (string,System.Action) (at Assets/AreaBattle/Editor/OutgameGuideBookBrowseValidation.cs:48)
AreaBattle.EditorTools.OutgameGuideBookBrowseValidation:Run () (at Assets/AreaBattle/Editor/OutgameGuideBookBrowseValidation.cs:82)
System.Reflection.RuntimeMethodInfo:Invoke (object,System.Reflection.BindingFlags,System.Reflection.Binder,object[],System.Globalization.CultureInfo)
System.Reflection.MethodBase:Invoke (object,object[])
AreaBattle.EditorTools.BattleBuild:ValidateIntegrated () (at Assets/AreaBattle/Editor/BattleBuild.cs:32)
AreaBattle.EditorTools.BattleBuild:ValidateMechanicsOnly () (at Assets/AreaBattle/Editor/BattleBuild.cs:18)

[Assets/AreaBattle/Editor/OutgameGuideBookBrowseValidation.cs line 29]

Assertion failed on expression: 'ShouldRunBehaviour()'
UnityEngine.Debug:ExtractStackTraceNoAlloc (byte*,int,string)
UnityEngine.StackTraceUtility:ExtractStackTrace () (at /Users/bokken/build/output/unity/unity/Runtime/Export/Scripting/StackTrace.cs:35)
UnityEngine.Component:SendMessage (string,object,UnityEngine.SendMessageOptions)
UnityEngine.Component:SendMessage (string) (at /Users/bokken/build/output/unity/unity/Runtime/Export/Scripting/Component.bindings.cs:248)
AreaBattle.EditorTools.OutgameGuideBookBrowseValidation/Fixture:.ctor (bool) (at Assets/AreaBattle/Editor/OutgameGuideBookBrowseValidation.cs:29)
AreaBattle.EditorTools.OutgameGuideBookBrowseValidation/<>c:<Run>b__4_4 () (at Assets/AreaBattle/Editor/OutgameGuideBookBrowseValidation.cs:83)
AreaBattle.EditorTools.OutgameGuideBookBrowseValidation/<>c__DisplayClass4_0:<Run>b__0 (string,System.Action) (at Assets/AreaBattle/Editor/OutgameGuideBookBrowseValidation.cs:48)
AreaBattle.EditorTools.OutgameGuideBookBrowseValidation:Run () (at Assets/AreaBattle/Editor/OutgameGuideBookBrowseValidation.cs:82)
System.Reflection.RuntimeMethodInfo:Invoke (object,System.Reflection.BindingFlags,System.Reflection.Binder,object[],System.Globalization.CultureInfo)
System.Reflection.MethodBase:Invoke (object,object[])
AreaBattle.EditorTools.BattleBuild:ValidateIntegrated () (at Assets/AreaBattle/Editor/BattleBuild.cs:32)
AreaBattle.EditorTools.BattleBuild:ValidateMechanicsOnly () (at Assets/AreaBattle/Editor/BattleBuild.cs:18)

[Assets/AreaBattle/Editor/OutgameGuideBookBrowseValidation.cs line 29]

Assertion failed on expression: 'ShouldRunBehaviour()'
UnityEngine.Debug:ExtractStackTraceNoAlloc (byte*,int,string)
UnityEngine.StackTraceUtility:ExtractStackTrace () (at /Users/bokken/build/output/unity/unity/Runtime/Export/Scripting/StackTrace.cs:35)
UnityEngine.Component:SendMessage (string,object,UnityEngine.SendMessageOptions)
UnityEngine.Component:SendMessage (string) (at /Users/bokken/build/output/unity/unity/Runtime/Export/Scripting/Component.bindings.cs:248)
AreaBattle.EditorTools.OutgameGuideBookBrowseValidation/Fixture:.ctor (bool) (at Assets/AreaBattle/Editor/OutgameGuideBookBrowseValidation.cs:29)
AreaBattle.EditorTools.OutgameGuideBookBrowseValidation/<>c:<Run>b__4_4 () (at Assets/AreaBattle/Editor/OutgameGuideBookBrowseValidation.cs:83)
AreaBattle.EditorTools.OutgameGuideBookBrowseValidation/<>c__DisplayClass4_0:<Run>b__0 (string,System.Action) (at Assets/AreaBattle/Editor/OutgameGuideBookBrowseValidation.cs:48)
AreaBattle.EditorTools.OutgameGuideBookBrowseValidation:Run () (at Assets/AreaBattle/Editor/OutgameGuideBookBrowseValidation.cs:82)
System.Reflection.RuntimeMethodInfo:Invoke (object,System.Reflection.BindingFlags,System.Reflection.Binder,object[],System.Globalization.CultureInfo)
System.Reflection.MethodBase:Invoke (object,object[])
AreaBattle.EditorTools.BattleBuild:ValidateIntegrated () (at Assets/AreaBattle/Editor/BattleBuild.cs:32)
AreaBattle.EditorTools.BattleBuild:ValidateMechanicsOnly () (at Assets/AreaBattle/Editor/BattleBuild.cs:18)

[Assets/AreaBattle/Editor/OutgameGuideBookBrowseValidation.cs line 29]

Assertion failed on expression: 'ShouldRunBehaviour()'
UnityEngine.Debug:ExtractStackTraceNoAlloc (byte*,int,string)
UnityEngine.StackTraceUtility:ExtractStackTrace () (at /Users/bokken/build/output/unity/unity/Runtime/Export/Scripting/StackTrace.cs:35)
UnityEngine.Component:SendMessage (string,object,UnityEngine.SendMessageOptions)
UnityEngine.Component:SendMessage (string) (at /Users/bokken/build/output/unity/unity/Runtime/Export/Scripting/Component.bindings.cs:248)
AreaBattle.EditorTools.OutgameGuideBookBrowseValidation/Fixture:.ctor (bool) (at Assets/AreaBattle/Editor/OutgameGuideBookBrowseValidation.cs:29)
AreaBattle.EditorTools.OutgameGuideBookBrowseValidation/<>c:<Run>b__4_5 () (at Assets/AreaBattle/Editor/OutgameGuideBookBrowseValidation.cs:95)
AreaBattle.EditorTools.OutgameGuideBookBrowseValidation/<>c__DisplayClass4_0:<Run>b__0 (string,System.Action) (at Assets/AreaBattle/Editor/OutgameGuideBookBrowseValidation.cs:48)
AreaBattle.EditorTools.OutgameGuideBookBrowseValidation:Run () (at Assets/AreaBattle/Editor/OutgameGuideBookBrowseValidation.cs:94)
System.Reflection.RuntimeMethodInfo:Invoke (object,System.Reflection.BindingFlags,System.Reflection.Binder,object[],System.Globalization.CultureInfo)
System.Reflection.MethodBase:Invoke (object,object[])
AreaBattle.EditorTools.BattleBuild:ValidateIntegrated () (at Assets/AreaBattle/Editor/BattleBuild.cs:32)
AreaBattle.EditorTools.BattleBuild:ValidateMechanicsOnly () (at Assets/AreaBattle/Editor/BattleBuild.cs:18)

[Assets/AreaBattle/Editor/OutgameGuideBookBrowseValidation.cs line 29]

Assertion failed on expression: 'ShouldRunBehaviour()'
UnityEngine.Debug:ExtractStackTraceNoAlloc (byte*,int,string)
UnityEngine.StackTraceUtility:ExtractStackTrace () (at /Users/bokken/build/output/unity/unity/Runtime/Export/Scripting/StackTrace.cs:35)
UnityEngine.Component:SendMessage (string,object,UnityEngine.SendMessageOptions)
UnityEngine.Component:SendMessage (string) (at /Users/bokken/build/output/unity/unity/Runtime/Export/Scripting/Component.bindings.cs:248)
AreaBattle.EditorTools.OutgameGuideBookBrowseValidation/Fixture:.ctor (bool) (at Assets/AreaBattle/Editor/OutgameGuideBookBrowseValidation.cs:29)
AreaBattle.EditorTools.OutgameGuideBookBrowseValidation/<>c:<Run>b__4_5 () (at Assets/AreaBattle/Editor/OutgameGuideBookBrowseValidation.cs:95)
AreaBattle.EditorTools.OutgameGuideBookBrowseValidation/<>c__DisplayClass4_0:<Run>b__0 (string,System.Action) (at Assets/AreaBattle/Editor/OutgameGuideBookBrowseValidation.cs:48)
AreaBattle.EditorTools.OutgameGuideBookBrowseValidation:Run () (at Assets/AreaBattle/Editor/OutgameGuideBookBrowseValidation.cs:94)
System.Reflection.RuntimeMethodInfo:Invoke (object,System.Reflection.BindingFlags,System.Reflection.Binder,object[],System.Globalization.CultureInfo)
System.Reflection.MethodBase:Invoke (object,object[])
AreaBattle.EditorTools.BattleBuild:ValidateIntegrated () (at Assets/AreaBattle/Editor/BattleBuild.cs:32)
AreaBattle.EditorTools.BattleBuild:ValidateMechanicsOnly () (at Assets/AreaBattle/Editor/BattleBuild.cs:18)

[Assets/AreaBattle/Editor/OutgameGuideBookBrowseValidation.cs line 29]

Assertion failed on expression: 'ShouldRunBehaviour()'
UnityEngine.Debug:ExtractStackTraceNoAlloc (byte*,int,string)
UnityEngine.StackTraceUtility:ExtractStackTrace () (at /Users/bokken/build/output/unity/unity/Runtime/Export/Scripting/StackTrace.cs:35)
UnityEngine.Component:SendMessage (string,object,UnityEngine.SendMessageOptions)
UnityEngine.Component:SendMessage (string) (at /Users/bokken/build/output/unity/unity/Runtime/Export/Scripting/Component.bindings.cs:248)
AreaBattle.EditorTools.OutgameGuideBookBrowseValidation/Fixture:.ctor (bool) (at Assets/AreaBattle/Editor/OutgameGuideBookBrowseValidation.cs:29)
AreaBattle.EditorTools.OutgameGuideBookBrowseValidation/<>c:<Run>b__4_5 () (at Assets/AreaBattle/Editor/OutgameGuideBookBrowseValidation.cs:95)
AreaBattle.EditorTools.OutgameGuideBookBrowseValidation/<>c__DisplayClass4_0:<Run>b__0 (string,System.Action) (at Assets/AreaBattle/Editor/OutgameGuideBookBrowseValidation.cs:48)
AreaBattle.EditorTools.OutgameGuideBookBrowseValidation:Run () (at Assets/AreaBattle/Editor/OutgameGuideBookBrowseValidation.cs:94)
System.Reflection.RuntimeMethodInfo:Invoke (object,System.Reflection.BindingFlags,System.Reflection.Binder,object[],System.Globalization.CultureInfo)
System.Reflection.MethodBase:Invoke (object,object[])
AreaBattle.EditorTools.BattleBuild:ValidateIntegrated () (at Assets/AreaBattle/Editor/BattleBuild.cs:32)
AreaBattle.EditorTools.BattleBuild:ValidateMechanicsOnly () (at Assets/AreaBattle/Editor/BattleBuild.cs:18)

[Assets/AreaBattle/Editor/OutgameGuideBookBrowseValidation.cs line 29]

Assertion failed on expression: 'ShouldRunBehaviour()'
UnityEngine.Debug:ExtractStackTraceNoAlloc (byte*,int,string)
UnityEngine.StackTraceUtility:ExtractStackTrace () (at /Users/bokken/build/output/unity/unity/Runtime/Export/Scripting/StackTrace.cs:35)
UnityEngine.Component:SendMessage (string,object,UnityEngine.SendMessageOptions)
UnityEngine.Component:SendMessage (string) (at /Users/bokken/build/output/unity/unity/Runtime/Export/Scripting/Component.bindings.cs:248)
AreaBattle.EditorTools.OutgameGuideBookBrowseValidation/<>c:<Run>b__4_5 () (at Assets/AreaBattle/Editor/OutgameGuideBookBrowseValidation.cs:96)
AreaBattle.EditorTools.OutgameGuideBookBrowseValidation/<>c__DisplayClass4_0:<Run>b__0 (string,System.Action) (at Assets/AreaBattle/Editor/OutgameGuideBookBrowseValidation.cs:48)
AreaBattle.EditorTools.OutgameGuideBookBrowseValidation:Run () (at Assets/AreaBattle/Editor/OutgameGuideBookBrowseValidation.cs:94)
System.Reflection.RuntimeMethodInfo:Invoke (object,System.Reflection.BindingFlags,System.Reflection.Binder,object[],System.Globalization.CultureInfo)
System.Reflection.MethodBase:Invoke (object,object[])
AreaBattle.EditorTools.BattleBuild:ValidateIntegrated () (at Assets/AreaBattle/Editor/BattleBuild.cs:32)
AreaBattle.EditorTools.BattleBuild:ValidateMechanicsOnly () (at Assets/AreaBattle/Editor/BattleBuild.cs:18)

[Assets/AreaBattle/Editor/OutgameGuideBookBrowseValidation.cs line 96]

Assertion failed on expression: 'ShouldRunBehaviour()'
UnityEngine.Debug:ExtractStackTraceNoAlloc (byte*,int,string)
UnityEngine.StackTraceUtility:ExtractStackTrace () (at /Users/bokken/build/output/unity/unity/Runtime/Export/Scripting/StackTrace.cs:35)
UnityEngine.Component:SendMessage (string,object,UnityEngine.SendMessageOptions)
UnityEngine.Component:SendMessage (string) (at /Users/bokken/build/output/unity/unity/Runtime/Export/Scripting/Component.bindings.cs:248)
AreaBattle.EditorTools.OutgameGuideBookBrowseValidation/Fixture:.ctor (bool) (at Assets/AreaBattle/Editor/OutgameGuideBookBrowseValidation.cs:29)
AreaBattle.EditorTools.OutgameGuideBookBrowseValidation/<>c:<Run>b__4_6 () (at Assets/AreaBattle/Editor/OutgameGuideBookBrowseValidation.cs:106)
AreaBattle.EditorTools.OutgameGuideBookBrowseValidation/<>c__DisplayClass4_0:<Run>b__0 (string,System.Action) (at Assets/AreaBattle/Editor/OutgameGuideBookBrowseValidation.cs:48)
AreaBattle.EditorTools.OutgameGuideBookBrowseValidation:Run () (at Assets/AreaBattle/Editor/OutgameGuideBookBrowseValidation.cs:105)
System.Reflection.RuntimeMethodInfo:Invoke (object,System.Reflection.BindingFlags,System.Reflection.Binder,object[],System.Globalization.CultureInfo)
System.Reflection.MethodBase:Invoke (object,object[])
AreaBattle.EditorTools.BattleBuild:ValidateIntegrated () (at Assets/AreaBattle/Editor/BattleBuild.cs:32)
AreaBattle.EditorTools.BattleBuild:ValidateMechanicsOnly () (at Assets/AreaBattle/Editor/BattleBuild.cs:18)

[Assets/AreaBattle/Editor/OutgameGuideBookBrowseValidation.cs line 29]

Assertion failed on expression: 'ShouldRunBehaviour()'
UnityEngine.Debug:ExtractStackTraceNoAlloc (byte*,int,string)
UnityEngine.StackTraceUtility:ExtractStackTrace () (at /Users/bokken/build/output/unity/unity/Runtime/Export/Scripting/StackTrace.cs:35)
UnityEngine.Component:SendMessage (string,object,UnityEngine.SendMessageOptions)
UnityEngine.Component:SendMessage (string) (at /Users/bokken/build/output/unity/unity/Runtime/Export/Scripting/Component.bindings.cs:248)
AreaBattle.EditorTools.OutgameGuideBookBrowseValidation/Fixture:.ctor (bool) (at Assets/AreaBattle/Editor/OutgameGuideBookBrowseValidation.cs:29)
AreaBattle.EditorTools.OutgameGuideBookBrowseValidation/<>c:<Run>b__4_6 () (at Assets/AreaBattle/Editor/OutgameGuideBookBrowseValidation.cs:106)
AreaBattle.EditorTools.OutgameGuideBookBrowseValidation/<>c__DisplayClass4_0:<Run>b__0 (string,System.Action) (at Assets/AreaBattle/Editor/OutgameGuideBookBrowseValidation.cs:48)
AreaBattle.EditorTools.OutgameGuideBookBrowseValidation:Run () (at Assets/AreaBattle/Editor/OutgameGuideBookBrowseValidation.cs:105)
System.Reflection.RuntimeMethodInfo:Invoke (object,System.Reflection.BindingFlags,System.Reflection.Binder,object[],System.Globalization.CultureInfo)
System.Reflection.MethodBase:Invoke (object,object[])
AreaBattle.EditorTools.BattleBuild:ValidateIntegrated () (at Assets/AreaBattle/Editor/BattleBuild.cs:32)
AreaBattle.EditorTools.BattleBuild:ValidateMechanicsOnly () (at Assets/AreaBattle/Editor/BattleBuild.cs:18)

[Assets/AreaBattle/Editor/OutgameGuideBookBrowseValidation.cs line 29]

Assertion failed on expression: 'ShouldRunBehaviour()'
UnityEngine.Debug:ExtractStackTraceNoAlloc (byte*,int,string)
UnityEngine.StackTraceUtility:ExtractStackTrace () (at /Users/bokken/build/output/unity/unity/Runtime/Export/Scripting/StackTrace.cs:35)
UnityEngine.Component:SendMessage (string,object,UnityEngine.SendMessageOptions)
UnityEngine.Component:SendMessage (string) (at /Users/bokken/build/output/unity/unity/Runtime/Export/Scripting/Component.bindings.cs:248)
AreaBattle.EditorTools.OutgameGuideBookBrowseValidation/Fixture:.ctor (bool) (at Assets/AreaBattle/Editor/OutgameGuideBookBrowseValidation.cs:29)
AreaBattle.EditorTools.OutgameGuideBookBrowseValidation/<>c:<Run>b__4_6 () (at Assets/AreaBattle/Editor/OutgameGuideBookBrowseValidation.cs:106)
AreaBattle.EditorTools.OutgameGuideBookBrowseValidation/<>c__DisplayClass4_0:<Run>b__0 (string,System.Action) (at Assets/AreaBattle/Editor/OutgameGuideBookBrowseValidation.cs:48)
AreaBattle.EditorTools.OutgameGuideBookBrowseValidation:Run () (at Assets/AreaBattle/Editor/OutgameGuideBookBrowseValidation.cs:105)
System.Reflection.RuntimeMethodInfo:Invoke (object,System.Reflection.BindingFlags,System.Reflection.Binder,object[],System.Globalization.CultureInfo)
System.Reflection.MethodBase:Invoke (object,object[])
AreaBattle.EditorTools.BattleBuild:ValidateIntegrated () (at Assets/AreaBattle/Editor/BattleBuild.cs:32)
AreaBattle.EditorTools.BattleBuild:ValidateMechanicsOnly () (at Assets/AreaBattle/Editor/BattleBuild.cs:18)

[Assets/AreaBattle/Editor/OutgameGuideBookBrowseValidation.cs line 29]

add touch begin handle:
UnityEngine.Debug:ExtractStackTraceNoAlloc (byte*,int,string)
UnityEngine.StackTraceUtility:ExtractStackTrace () (at /Users/bokken/build/output/unity/unity/Runtime/Export/Scripting/StackTrace.cs:35)
UnityEngine.DebugLogHandler:Internal_Log (UnityEngine.LogType,UnityEngine.LogOption,string,UnityEngine.Object)
UnityEngine.DebugLogHandler:LogFormat (UnityEngine.LogType,UnityEngine.Object,string,object[])
UnityEngine.Logger:Log (UnityEngine.LogType,object)
UnityEngine.Debug:Log (object)
AreaBattle.OutgameInputManager/<>c:<.ctor>b__104_0 (object[]) (at Assets/AreaBattle/Scripts/OutgameInputManager.cs:40)
AreaBattle.OutgameInputManager:add_TouchBegin (System.Action`2<single, single>) (at Assets/AreaBattle/Scripts/OutgameInputManager.cs:42)
AreaBattle.EditorTools.OutgameInputManagerValidation/Fixture:.ctor () (at Assets/AreaBattle/Editor/OutgameInputManagerValidation.cs:22)
AreaBattle.EditorTools.OutgameInputManagerValidation/<>c:<Run>b__6_1 () (at Assets/AreaBattle/Editor/OutgameInputManagerValidation.cs:31)
AreaBattle.EditorTools.OutgameInputManagerValidation/<>c__DisplayClass6_0:<Run>b__0 (string,System.Action) (at Assets/AreaBattle/Editor/OutgameInputManagerValidation.cs:30)
AreaBattle.EditorTools.OutgameInputManagerValidation:Run () (at Assets/AreaBattle/Editor/OutgameInputManagerValidation.cs:31)
System.Reflection.RuntimeMethodInfo:Invoke (object,System.Reflection.BindingFlags,System.Reflection.Binder,object[],System.Globalization.CultureInfo)
System.Reflection.MethodBase:Invoke (object,object[])
AreaBattle.EditorTools.BattleBuild:ValidateIntegrated () (at Assets/AreaBattle/Editor/BattleBuild.cs:32)
AreaBattle.EditorTools.BattleBuild:ValidateMechanicsOnly () (at Assets/AreaBattle/Editor/BattleBuild.cs:18)

(Filename: Assets/AreaBattle/Scripts/OutgameInputManager.cs Line: 40)

add touch begin handle:
UnityEngine.Debug:ExtractStackTraceNoAlloc (byte*,int,string)
UnityEngine.StackTraceUtility:ExtractStackTrace () (at /Users/bokken/build/output/unity/unity/Runtime/Export/Scripting/StackTrace.cs:35)
UnityEngine.DebugLogHandler:Internal_Log (UnityEngine.LogType,UnityEngine.LogOption,string,UnityEngine.Object)
UnityEngine.DebugLogHandler:LogFormat (UnityEngine.LogType,UnityEngine.Object,string,object[])
UnityEngine.Logger:Log (UnityEngine.LogType,object)
UnityEngine.Debug:Log (object)
AreaBattle.OutgameInputManager/<>c:<.ctor>b__104_0 (object[]) (at Assets/AreaBattle/Scripts/OutgameInputManager.cs:40)
AreaBattle.OutgameInputManager:add_TouchBegin (System.Action`2<single, single>) (at Assets/AreaBattle/Scripts/OutgameInputManager.cs:42)
AreaBattle.EditorTools.OutgameInputManagerValidation/Fixture:.ctor () (at Assets/AreaBattle/Editor/OutgameInputManagerValidation.cs:22)
AreaBattle.EditorTools.OutgameInputManagerValidation/<>c:<Run>b__6_1 () (at Assets/AreaBattle/Editor/OutgameInputManagerValidation.cs:31)
AreaBattle.EditorTools.OutgameInputManagerValidation/<>c__DisplayClass6_0:<Run>b__0 (string,System.Action) (at Assets/AreaBattle/Editor/OutgameInputManagerValidation.cs:30)
AreaBattle.EditorTools.OutgameInputManagerValidation:Run () (at Assets/AreaBattle/Editor/OutgameInputManagerValidation.cs:31)
System.Reflection.RuntimeMethodInfo:Invoke (object,System.Reflection.BindingFlags,System.Reflection.Binder,object[],System.Globalization.CultureInfo)
System.Reflection.MethodBase:Invoke (object,object[])
AreaBattle.EditorTools.BattleBuild:ValidateIntegrated () (at Assets/AreaBattle/Editor/BattleBuild.cs:32)
AreaBattle.EditorTools.BattleBuild:ValidateMechanicsOnly () (at Assets/AreaBattle/Editor/BattleBuild.cs:18)

(Filename: Assets/AreaBattle/Scripts/OutgameInputManager.cs Line: 40)

add touch begin handle:
UnityEngine.Debug:ExtractStackTraceNoAlloc (byte*,int,string)
UnityEngine.StackTraceUtility:ExtractStackTrace () (at /Users/bokken/build/output/unity/unity/Runtime/Export/Scripting/StackTrace.cs:35)
UnityEngine.DebugLogHandler:Internal_Log (UnityEngine.LogType,UnityEngine.LogOption,string,UnityEngine.Object)
UnityEngine.DebugLogHandler:LogFormat (UnityEngine.LogType,UnityEngine.Object,string,object[])
UnityEngine.Logger:Log (UnityEngine.LogType,object)
UnityEngine.Debug:Log (object)
AreaBattle.OutgameInputManager/<>c:<.ctor>b__104_0 (object[]) (at Assets/AreaBattle/Scripts/OutgameInputManager.cs:40)
AreaBattle.OutgameInputManager:add_TouchBegin (System.Action`2<single, single>) (at Assets/AreaBattle/Scripts/OutgameInputManager.cs:42)
AreaBattle.EditorTools.OutgameInputManagerValidation/Fixture:.ctor () (at Assets/AreaBattle/Editor/OutgameInputManagerValidation.cs:22)
AreaBattle.EditorTools.OutgameInputManagerValidation/<>c:<Run>b__6_1 () (at Assets/AreaBattle/Editor/OutgameInputManagerValidation.cs:31)
AreaBattle.EditorTools.OutgameInputManagerValidation/<>c__DisplayClass6_0:<Run>b__0 (string,System.Action) (at Assets/AreaBattle/Editor/OutgameInputManagerValidation.cs:30)
AreaBattle.EditorTools.OutgameInputManagerValidation:Run () (at Assets/AreaBattle/Editor/OutgameInputManagerValidation.cs:31)
System.Reflection.RuntimeMethodInfo:Invoke (object,System.Reflection.BindingFlags,System.Reflection.Binder,object[],System.Globalization.CultureInfo)
System.Reflection.MethodBase:Invoke (object,object[])
AreaBattle.EditorTools.BattleBuild:ValidateIntegrated () (at Assets/AreaBattle/Editor/BattleBuild.cs:32)
AreaBattle.EditorTools.BattleBuild:ValidateMechanicsOnly () (at Assets/AreaBattle/Editor/BattleBuild.cs:18)

(Filename: Assets/AreaBattle/Scripts/OutgameInputManager.cs Line: 40)

add touch begin handle:
UnityEngine.Debug:ExtractStackTraceNoAlloc (byte*,int,string)
UnityEngine.StackTraceUtility:ExtractStackTrace () (at /Users/bokken/build/output/unity/unity/Runtime/Export/Scripting/StackTrace.cs:35)
UnityEngine.DebugLogHandler:Internal_Log (UnityEngine.LogType,UnityEngine.LogOption,string,UnityEngine.Object)
UnityEngine.DebugLogHandler:LogFormat (UnityEngine.LogType,UnityEngine.Object,string,object[])
UnityEngine.Logger:Log (UnityEngine.LogType,object)
UnityEngine.Debug:Log (object)
AreaBattle.OutgameInputManager/<>c:<.ctor>b__104_0 (object[]) (at Assets/AreaBattle/Scripts/OutgameInputManager.cs:40)
AreaBattle.OutgameInputManager:add_TouchBegin (System.Action`2<single, single>) (at Assets/AreaBattle/Scripts/OutgameInputManager.cs:42)
AreaBattle.EditorTools.OutgameInputManagerValidation/Fixture:.ctor () (at Assets/AreaBattle/Editor/OutgameInputManagerValidation.cs:22)
AreaBattle.EditorTools.OutgameInputManagerValidation/<>c:<Run>b__6_1 () (at Assets/AreaBattle/Editor/OutgameInputManagerValidation.cs:31)
AreaBattle.EditorTools.OutgameInputManagerValidation/<>c__DisplayClass6_0:<Run>b__0 (string,System.Action) (at Assets/AreaBattle/Editor/OutgameInputManagerValidation.cs:30)
AreaBattle.EditorTools.OutgameInputManagerValidation:Run () (at Assets/AreaBattle/Editor/OutgameInputManagerValidation.cs:31)
System.Reflection.RuntimeMethodInfo:Invoke (object,System.Reflection.BindingFlags,System.Reflection.Binder,object[],System.Globalization.CultureInfo)
System.Reflection.MethodBase:Invoke (object,object[])
AreaBattle.EditorTools.BattleBuild:ValidateIntegrated () (at Assets/AreaBattle/Editor/BattleBuild.cs:32)
AreaBattle.EditorTools.BattleBuild:ValidateMechanicsOnly () (at Assets/AreaBattle/Editor/BattleBuild.cs:18)

(Filename: Assets/AreaBattle/Scripts/OutgameInputManager.cs Line: 40)

add touch begin handle:
UnityEngine.Debug:ExtractStackTraceNoAlloc (byte*,int,string)
UnityEngine.StackTraceUtility:ExtractStackTrace () (at /Users/bokken/build/output/unity/unity/Runtime/Export/Scripting/StackTrace.cs:35)
UnityEngine.DebugLogHandler:Internal_Log (UnityEngine.LogType,UnityEngine.LogOption,string,UnityEngine.Object)
UnityEngine.DebugLogHandler:LogFormat (UnityEngine.LogType,UnityEngine.Object,string,object[])
UnityEngine.Logger:Log (UnityEngine.LogType,object)
UnityEngine.Debug:Log (object)
AreaBattle.OutgameInputManager/<>c:<.ctor>b__104_0 (object[]) (at Assets/AreaBattle/Scripts/OutgameInputManager.cs:40)
AreaBattle.OutgameInputManager:add_TouchBegin (System.Action`2<single, single>) (at Assets/AreaBattle/Scripts/OutgameInputManager.cs:42)
AreaBattle.EditorTools.OutgameInputManagerValidation/Fixture:.ctor () (at Assets/AreaBattle/Editor/OutgameInputManagerValidation.cs:22)
AreaBattle.EditorTools.OutgameInputManagerValidation/<>c:<Run>b__6_2 () (at Assets/AreaBattle/Editor/OutgameInputManagerValidation.cs:32)
AreaBattle.EditorTools.OutgameInputManagerValidation/<>c__DisplayClass6_0:<Run>b__0 (string,System.Action) (at Assets/AreaBattle/Editor/OutgameInputManagerValidation.cs:30)
AreaBattle.EditorTools.OutgameInputManagerValidation:Run () (at Assets/AreaBattle/Editor/OutgameInputManagerValidation.cs:32)
System.Reflection.RuntimeMethodInfo:Invoke (object,System.Reflection.BindingFlags,System.Reflection.Binder,object[],System.Globalization.CultureInfo)
System.Reflection.MethodBase:Invoke (object,object[])
AreaBattle.EditorTools.BattleBuild:ValidateIntegrated () (at Assets/AreaBattle/Editor/BattleBuild.cs:32)
AreaBattle.EditorTools.BattleBuild:ValidateMechanicsOnly () (at Assets/AreaBattle/Editor/BattleBuild.cs:18)

(Filename: Assets/AreaBattle/Scripts/OutgameInputManager.cs Line: 40)

add touch begin handle:
UnityEngine.Debug:ExtractStackTraceNoAlloc (byte*,int,string)
UnityEngine.StackTraceUtility:ExtractStackTrace () (at /Users/bokken/build/output/unity/unity/Runtime/Export/Scripting/StackTrace.cs:35)
UnityEngine.DebugLogHandler:Internal_Log (UnityEngine.LogType,UnityEngine.LogOption,string,UnityEngine.Object)
UnityEngine.DebugLogHandler:LogFormat (UnityEngine.LogType,UnityEngine.Object,string,object[])
UnityEngine.Logger:Log (UnityEngine.LogType,object)
UnityEngine.Debug:Log (object)
AreaBattle.OutgameInputManager/<>c:<.ctor>b__104_0 (object[]) (at Assets/AreaBattle/Scripts/OutgameInputManager.cs:40)
AreaBattle.OutgameInputManager:add_TouchBegin (System.Action`2<single, single>) (at Assets/AreaBattle/Scripts/OutgameInputManager.cs:42)
AreaBattle.EditorTools.OutgameInputManagerValidation/Fixture:.ctor () (at Assets/AreaBattle/Editor/OutgameInputManagerValidation.cs:22)
AreaBattle.EditorTools.OutgameInputManagerValidation/<>c:<Run>b__6_3 () (at Assets/AreaBattle/Editor/OutgameInputManagerValidation.cs:33)
AreaBattle.EditorTools.OutgameInputManagerValidation/<>c__DisplayClass6_0:<Run>b__0 (string,System.Action) (at Assets/AreaBattle/Editor/OutgameInputManagerValidation.cs:30)
AreaBattle.EditorTools.OutgameInputManagerValidation:Run () (at Assets/AreaBattle/Editor/OutgameInputManagerValidation.cs:33)
System.Reflection.RuntimeMethodInfo:Invoke (object,System.Reflection.BindingFlags,System.Reflection.Binder,object[],System.Globalization.CultureInfo)
System.Reflection.MethodBase:Invoke (object,object[])
AreaBattle.EditorTools.BattleBuild:ValidateIntegrated () (at Assets/AreaBattle/Editor/BattleBuild.cs:32)
AreaBattle.EditorTools.BattleBuild:ValidateMechanicsOnly () (at Assets/AreaBattle/Editor/BattleBuild.cs:18)

(Filename: Assets/AreaBattle/Scripts/OutgameInputManager.cs Line: 40)

add touch begin handle:
UnityEngine.Debug:ExtractStackTraceNoAlloc (byte*,int,string)
UnityEngine.StackTraceUtility:ExtractStackTrace () (at /Users/bokken/build/output/unity/unity/Runtime/Export/Scripting/StackTrace.cs:35)
UnityEngine.DebugLogHandler:Internal_Log (UnityEngine.LogType,UnityEngine.LogOption,string,UnityEngine.Object)
UnityEngine.DebugLogHandler:LogFormat (UnityEngine.LogType,UnityEngine.Object,string,object[])
UnityEngine.Logger:Log (UnityEngine.LogType,object)
UnityEngine.Debug:Log (object)
AreaBattle.OutgameInputManager/<>c:<.ctor>b__104_0 (object[]) (at Assets/AreaBattle/Scripts/OutgameInputManager.cs:40)
AreaBattle.OutgameInputManager:add_TouchBegin (System.Action`2<single, single>) (at Assets/AreaBattle/Scripts/OutgameInputManager.cs:42)
AreaBattle.EditorTools.OutgameInputManagerValidation/Fixture:.ctor () (at Assets/AreaBattle/Editor/OutgameInputManagerValidation.cs:22)
AreaBattle.EditorTools.OutgameInputManagerValidation/<>c:<Run>b__6_4 () (at Assets/AreaBattle/Editor/OutgameInputManagerValidation.cs:34)
AreaBattle.EditorTools.OutgameInputManagerValidation/<>c__DisplayClass6_0:<Run>b__0 (string,System.Action) (at Assets/AreaBattle/Editor/OutgameInputManagerValidation.cs:30)
AreaBattle.EditorTools.OutgameInputManagerValidation:Run () (at Assets/AreaBattle/Editor/OutgameInputManagerValidation.cs:34)
System.Reflection.RuntimeMethodInfo:Invoke (object,System.Reflection.BindingFlags,System.Reflection.Binder,object[],System.Globalization.CultureInfo)
System.Reflection.MethodBase:Invoke (object,object[])
AreaBattle.EditorTools.BattleBuild:ValidateIntegrated () (at Assets/AreaBattle/Editor/BattleBuild.cs:32)
AreaBattle.EditorTools.BattleBuild:ValidateMechanicsOnly () (at Assets/AreaBattle/Editor/BattleBuild.cs:18)

(Filename: Assets/AreaBattle/Scripts/OutgameInputManager.cs Line: 40)

add touch begin handle:
UnityEngine.Debug:ExtractStackTraceNoAlloc (byte*,int,string)
UnityEngine.StackTraceUtility:ExtractStackTrace () (at /Users/bokken/build/output/unity/unity/Runtime/Export/Scripting/StackTrace.cs:35)
UnityEngine.DebugLogHandler:Internal_Log (UnityEngine.LogType,UnityEngine.LogOption,string,UnityEngine.Object)
UnityEngine.DebugLogHandler:LogFormat (UnityEngine.LogType,UnityEngine.Object,string,object[])
UnityEngine.Logger:Log (UnityEngine.LogType,object)
UnityEngine.Debug:Log (object)
AreaBattle.OutgameInputManager/<>c:<.ctor>b__104_0 (object[]) (at Assets/AreaBattle/Scripts/OutgameInputManager.cs:40)
AreaBattle.OutgameInputManager:add_TouchBegin (System.Action`2<single, single>) (at Assets/AreaBattle/Scripts/OutgameInputManager.cs:42)
AreaBattle.EditorTools.OutgameInputManagerValidation/Fixture:.ctor () (at Assets/AreaBattle/Editor/OutgameInputManagerValidation.cs:22)
AreaBattle.EditorTools.OutgameInputManagerValidation/<>c:<Run>b__6_5 () (at Assets/AreaBattle/Editor/OutgameInputManagerValidation.cs:35)
AreaBattle.EditorTools.OutgameInputManagerValidation/<>c__DisplayClass6_0:<Run>b__0 (string,System.Action) (at Assets/AreaBattle/Editor/OutgameInputManagerValidation.cs:30)
AreaBattle.EditorTools.OutgameInputManagerValidation:Run () (at Assets/AreaBattle/Editor/OutgameInputManagerValidation.cs:35)
System.Reflection.RuntimeMethodInfo:Invoke (object,System.Reflection.BindingFlags,System.Reflection.Binder,object[],System.Globalization.CultureInfo)
System.Reflection.MethodBase:Invoke (object,object[])
AreaBattle.EditorTools.BattleBuild:ValidateIntegrated () (at Assets/AreaBattle/Editor/BattleBuild.cs:32)
AreaBattle.EditorTools.BattleBuild:ValidateMechanicsOnly () (at Assets/AreaBattle/Editor/BattleBuild.cs:18)

(Filename: Assets/AreaBattle/Scripts/OutgameInputManager.cs Line: 40)

add touch begin handle:
UnityEngine.Debug:ExtractStackTraceNoAlloc (byte*,int,string)
UnityEngine.StackTraceUtility:ExtractStackTrace () (at /Users/bokken/build/output/unity/unity/Runtime/Export/Scripting/StackTrace.cs:35)
UnityEngine.DebugLogHandler:Internal_Log (UnityEngine.LogType,UnityEngine.LogOption,string,UnityEngine.Object)
UnityEngine.DebugLogHandler:LogFormat (UnityEngine.LogType,UnityEngine.Object,string,object[])
UnityEngine.Logger:Log (UnityEngine.LogType,object)
UnityEngine.Debug:Log (object)
AreaBattle.OutgameInputManager/<>c:<.ctor>b__104_0 (object[]) (at Assets/AreaBattle/Scripts/OutgameInputManager.cs:40)
AreaBattle.OutgameInputManager:add_TouchBegin (System.Action`2<single, single>) (at Assets/AreaBattle/Scripts/OutgameInputManager.cs:42)
AreaBattle.EditorTools.OutgameInputManagerValidation/Fixture:.ctor () (at Assets/AreaBattle/Editor/OutgameInputManagerValidation.cs:22)
AreaBattle.EditorTools.OutgameInputManagerValidation/<>c:<Run>b__6_6 () (at Assets/AreaBattle/Editor/OutgameInputManagerValidation.cs:36)
AreaBattle.EditorTools.OutgameInputManagerValidation/<>c__DisplayClass6_0:<Run>b__0 (string,System.Action) (at Assets/AreaBattle/Editor/OutgameInputManagerValidation.cs:30)
AreaBattle.EditorTools.OutgameInputManagerValidation:Run () (at Assets/AreaBattle/Editor/OutgameInputManagerValidation.cs:36)
System.Reflection.RuntimeMethodInfo:Invoke (object,System.Reflection.BindingFlags,System.Reflection.Binder,object[],System.Globalization.CultureInfo)
System.Reflection.MethodBase:Invoke (object,object[])
AreaBattle.EditorTools.BattleBuild:ValidateIntegrated () (at Assets/AreaBattle/Editor/BattleBuild.cs:32)
AreaBattle.EditorTools.BattleBuild:ValidateMechanicsOnly () (at Assets/AreaBattle/Editor/BattleBuild.cs:18)

(Filename: Assets/AreaBattle/Scripts/OutgameInputManager.cs Line: 40)

add touch begin handle:
UnityEngine.Debug:ExtractStackTraceNoAlloc (byte*,int,string)
UnityEngine.StackTraceUtility:ExtractStackTrace () (at /Users/bokken/build/output/unity/unity/Runtime/Export/Scripting/StackTrace.cs:35)
UnityEngine.DebugLogHandler:Internal_Log (UnityEngine.LogType,UnityEngine.LogOption,string,UnityEngine.Object)
UnityEngine.DebugLogHandler:LogFormat (UnityEngine.LogType,UnityEngine.Object,string,object[])
UnityEngine.Logger:Log (UnityEngine.LogType,object)
UnityEngine.Debug:Log (object)
AreaBattle.OutgameInputManager/<>c:<.ctor>b__104_0 (object[]) (at Assets/AreaBattle/Scripts/OutgameInputManager.cs:40)
AreaBattle.OutgameInputManager:add_TouchBegin (System.Action`2<single, single>) (at Assets/AreaBattle/Scripts/OutgameInputManager.cs:42)
AreaBattle.EditorTools.OutgameInputManagerValidation/Fixture:.ctor () (at Assets/AreaBattle/Editor/OutgameInputManagerValidation.cs:22)
AreaBattle.EditorTools.OutgameInputManagerValidation/<>c:<Run>b__6_7 () (at Assets/AreaBattle/Editor/OutgameInputManagerValidation.cs:37)
AreaBattle.EditorTools.OutgameInputManagerValidation/<>c__DisplayClass6_0:<Run>b__0 (string,System.Action) (at Assets/AreaBattle/Editor/OutgameInputManagerValidation.cs:30)
AreaBattle.EditorTools.OutgameInputManagerValidation:Run () (at Assets/AreaBattle/Editor/OutgameInputManagerValidation.cs:37)
System.Reflection.RuntimeMethodInfo:Invoke (object,System.Reflection.BindingFlags,System.Reflection.Binder,object[],System.Globalization.CultureInfo)
System.Reflection.MethodBase:Invoke (object,object[])
AreaBattle.EditorTools.BattleBuild:ValidateIntegrated () (at Assets/AreaBattle/Editor/BattleBuild.cs:32)
AreaBattle.EditorTools.BattleBuild:ValidateMechanicsOnly () (at Assets/AreaBattle/Editor/BattleBuild.cs:18)

(Filename: Assets/AreaBattle/Scripts/OutgameInputManager.cs Line: 40)

add touch begin handle:
UnityEngine.Debug:ExtractStackTraceNoAlloc (byte*,int,string)
UnityEngine.StackTraceUtility:ExtractStackTrace () (at /Users/bokken/build/output/unity/unity/Runtime/Export/Scripting/StackTrace.cs:35)
UnityEngine.DebugLogHandler:Internal_Log (UnityEngine.LogType,UnityEngine.LogOption,string,UnityEngine.Object)
UnityEngine.DebugLogHandler:LogFormat (UnityEngine.LogType,UnityEngine.Object,string,object[])
UnityEngine.Logger:Log (UnityEngine.LogType,object)
UnityEngine.Debug:Log (object)
AreaBattle.OutgameInputManager/<>c:<.ctor>b__104_0 (object[]) (at Assets/AreaBattle/Scripts/OutgameInputManager.cs:40)
AreaBattle.OutgameInputManager:add_TouchBegin (System.Action`2<single, single>) (at Assets/AreaBattle/Scripts/OutgameInputManager.cs:42)
AreaBattle.EditorTools.OutgameInputManagerValidation/Fixture:.ctor () (at Assets/AreaBattle/Editor/OutgameInputManagerValidation.cs:22)
AreaBattle.EditorTools.OutgameInputManagerValidation/<>c:<Run>b__6_8 () (at Assets/AreaBattle/Editor/OutgameInputManagerValidation.cs:38)
AreaBattle.EditorTools.OutgameInputManagerValidation/<>c__DisplayClass6_0:<Run>b__0 (string,System.Action) (at Assets/AreaBattle/Editor/OutgameInputManagerValidation.cs:30)
AreaBattle.EditorTools.OutgameInputManagerValidation:Run () (at Assets/AreaBattle/Editor/OutgameInputManagerValidation.cs:38)
System.Reflection.RuntimeMethodInfo:Invoke (object,System.Reflection.BindingFlags,System.Reflection.Binder,object[],System.Globalization.CultureInfo)
System.Reflection.MethodBase:Invoke (object,object[])
AreaBattle.EditorTools.BattleBuild:ValidateIntegrated () (at Assets/AreaBattle/Editor/BattleBuild.cs:32)
AreaBattle.EditorTools.BattleBuild:ValidateMechanicsOnly () (at Assets/AreaBattle/Editor/BattleBuild.cs:18)

(Filename: Assets/AreaBattle/Scripts/OutgameInputManager.cs Line: 40)

add touch begin handle:
UnityEngine.Debug:ExtractStackTraceNoAlloc (byte*,int,string)
UnityEngine.StackTraceUtility:ExtractStackTrace () (at /Users/bokken/build/output/unity/unity/Runtime/Export/Scripting/StackTrace.cs:35)
UnityEngine.DebugLogHandler:Internal_Log (UnityEngine.LogType,UnityEngine.LogOption,string,UnityEngine.Object)
UnityEngine.DebugLogHandler:LogFormat (UnityEngine.LogType,UnityEngine.Object,string,object[])
UnityEngine.Logger:Log (UnityEngine.LogType,object)
UnityEngine.Debug:Log (object)
AreaBattle.OutgameInputManager/<>c:<.ctor>b__104_0 (object[]) (at Assets/AreaBattle/Scripts/OutgameInputManager.cs:40)
AreaBattle.OutgameInputManager:add_TouchBegin (System.Action`2<single, single>) (at Assets/AreaBattle/Scripts/OutgameInputManager.cs:42)
AreaBattle.EditorTools.OutgameInputManagerValidation/Fixture:.ctor () (at Assets/AreaBattle/Editor/OutgameInputManagerValidation.cs:22)
AreaBattle.EditorTools.OutgameInputManagerValidation/<>c:<Run>b__6_9 () (at Assets/AreaBattle/Editor/OutgameInputManagerValidation.cs:39)
AreaBattle.EditorTools.OutgameInputManagerValidation/<>c__DisplayClass6_0:<Run>b__0 (string,System.Action) (at Assets/AreaBattle/Editor/OutgameInputManagerValidation.cs:30)
AreaBattle.EditorTools.OutgameInputManagerValidation:Run () (at Assets/AreaBattle/Editor/OutgameInputManagerValidation.cs:39)
System.Reflection.RuntimeMethodInfo:Invoke (object,System.Reflection.BindingFlags,System.Reflection.Binder,object[],System.Globalization.CultureInfo)
System.Reflection.MethodBase:Invoke (object,object[])
AreaBattle.EditorTools.BattleBuild:ValidateIntegrated () (at Assets/AreaBattle/Editor/BattleBuild.cs:32)
AreaBattle.EditorTools.BattleBuild:ValidateMechanicsOnly () (at Assets/AreaBattle/Editor/BattleBuild.cs:18)

(Filename: Assets/AreaBattle/Scripts/OutgameInputManager.cs Line: 40)

add touch begin handle:
UnityEngine.Debug:ExtractStackTraceNoAlloc (byte*,int,string)
UnityEngine.StackTraceUtility:ExtractStackTrace () (at /Users/bokken/build/output/unity/unity/Runtime/Export/Scripting/StackTrace.cs:35)
UnityEngine.DebugLogHandler:Internal_Log (UnityEngine.LogType,UnityEngine.LogOption,string,UnityEngine.Object)
UnityEngine.DebugLogHandler:LogFormat (UnityEngine.LogType,UnityEngine.Object,string,object[])
UnityEngine.Logger:Log (UnityEngine.LogType,object)
UnityEngine.Debug:Log (object)
AreaBattle.OutgameInputManager/<>c:<.ctor>b__104_0 (object[]) (at Assets/AreaBattle/Scripts/OutgameInputManager.cs:40)
AreaBattle.OutgameInputManager:add_TouchBegin (System.Action`2<single, single>) (at Assets/AreaBattle/Scripts/OutgameInputManager.cs:42)
AreaBattle.EditorTools.OutgameInputManagerValidation/Fixture:.ctor () (at Assets/AreaBattle/Editor/OutgameInputManagerValidation.cs:22)
AreaBattle.EditorTools.OutgameInputManagerValidation/<>c:<Run>b__6_10 () (at Assets/AreaBattle/Editor/OutgameInputManagerValidation.cs:40)
AreaBattle.EditorTools.OutgameInputManagerValidation/<>c__DisplayClass6_0:<Run>b__0 (string,System.Action) (at Assets/AreaBattle/Editor/OutgameInputManagerValidation.cs:30)
AreaBattle.EditorTools.OutgameInputManagerValidation:Run () (at Assets/AreaBattle/Editor/OutgameInputManagerValidation.cs:40)
System.Reflection.RuntimeMethodInfo:Invoke (object,System.Reflection.BindingFlags,System.Reflection.Binder,object[],System.Globalization.CultureInfo)
System.Reflection.MethodBase:Invoke (object,object[])
AreaBattle.EditorTools.BattleBuild:ValidateIntegrated () (at Assets/AreaBattle/Editor/BattleBuild.cs:32)
AreaBattle.EditorTools.BattleBuild:ValidateMechanicsOnly () (at Assets/AreaBattle/Editor/BattleBuild.cs:18)

(Filename: Assets/AreaBattle/Scripts/OutgameInputManager.cs Line: 40)

add touch begin handle:
UnityEngine.Debug:ExtractStackTraceNoAlloc (byte*,int,string)
UnityEngine.StackTraceUtility:ExtractStackTrace () (at /Users/bokken/build/output/unity/unity/Runtime/Export/Scripting/StackTrace.cs:35)
UnityEngine.DebugLogHandler:Internal_Log (UnityEngine.LogType,UnityEngine.LogOption,string,UnityEngine.Object)
UnityEngine.DebugLogHandler:LogFormat (UnityEngine.LogType,UnityEngine.Object,string,object[])
UnityEngine.Logger:Log (UnityEngine.LogType,object)
UnityEngine.Debug:Log (object)
AreaBattle.OutgameInputManager/<>c:<.ctor>b__104_0 (object[]) (at Assets/AreaBattle/Scripts/OutgameInputManager.cs:40)
AreaBattle.OutgameInputManager:add_TouchBegin (System.Action`2<single, single>) (at Assets/AreaBattle/Scripts/OutgameInputManager.cs:42)
AreaBattle.EditorTools.OutgameInputManagerValidation/Fixture:.ctor () (at Assets/AreaBattle/Editor/OutgameInputManagerValidation.cs:22)
AreaBattle.EditorTools.OutgameInputManagerValidation/<>c:<Run>b__6_11 () (at Assets/AreaBattle/Editor/OutgameInputManagerValidation.cs:41)
AreaBattle.EditorTools.OutgameInputManagerValidation/<>c__DisplayClass6_0:<Run>b__0 (string,System.Action) (at Assets/AreaBattle/Editor/OutgameInputManagerValidation.cs:30)
AreaBattle.EditorTools.OutgameInputManagerValidation:Run () (at Assets/AreaBattle/Editor/OutgameInputManagerValidation.cs:41)
System.Reflection.RuntimeMethodInfo:Invoke (object,System.Reflection.BindingFlags,System.Reflection.Binder,object[],System.Globalization.CultureInfo)
System.Reflection.MethodBase:Invoke (object,object[])
AreaBattle.EditorTools.BattleBuild:ValidateIntegrated () (at Assets/AreaBattle/Editor/BattleBuild.cs:32)
AreaBattle.EditorTools.BattleBuild:ValidateMechanicsOnly () (at Assets/AreaBattle/Editor/BattleBuild.cs:18)

(Filename: Assets/AreaBattle/Scripts/OutgameInputManager.cs Line: 40)

add touch begin handle:
UnityEngine.Debug:ExtractStackTraceNoAlloc (byte*,int,string)
UnityEngine.StackTraceUtility:ExtractStackTrace () (at /Users/bokken/build/output/unity/unity/Runtime/Export/Scripting/StackTrace.cs:35)
UnityEngine.DebugLogHandler:Internal_Log (UnityEngine.LogType,UnityEngine.LogOption,string,UnityEngine.Object)
UnityEngine.DebugLogHandler:LogFormat (UnityEngine.LogType,UnityEngine.Object,string,object[])
UnityEngine.Logger:Log (UnityEngine.LogType,object)
UnityEngine.Debug:Log (object)
AreaBattle.OutgameInputManager/<>c:<.ctor>b__104_0 (object[]) (at Assets/AreaBattle/Scripts/OutgameInputManager.cs:40)
AreaBattle.OutgameInputManager:add_TouchBegin (System.Action`2<single, single>) (at Assets/AreaBattle/Scripts/OutgameInputManager.cs:42)
AreaBattle.EditorTools.OutgameInputManagerValidation/Fixture:.ctor () (at Assets/AreaBattle/Editor/OutgameInputManagerValidation.cs:22)
AreaBattle.EditorTools.OutgameInputManagerValidation/<>c:<Run>b__6_12 () (at Assets/AreaBattle/Editor/OutgameInputManagerValidation.cs:42)
AreaBattle.EditorTools.OutgameInputManagerValidation/<>c__DisplayClass6_0:<Run>b__0 (string,System.Action) (at Assets/AreaBattle/Editor/OutgameInputManagerValidation.cs:30)
AreaBattle.EditorTools.OutgameInputManagerValidation:Run () (at Assets/AreaBattle/Editor/OutgameInputManagerValidation.cs:42)
System.Reflection.RuntimeMethodInfo:Invoke (object,System.Reflection.BindingFlags,System.Reflection.Binder,object[],System.Globalization.CultureInfo)
System.Reflection.MethodBase:Invoke (object,object[])
AreaBattle.EditorTools.BattleBuild:ValidateIntegrated () (at Assets/AreaBattle/Editor/BattleBuild.cs:32)
AreaBattle.EditorTools.BattleBuild:ValidateMechanicsOnly () (at Assets/AreaBattle/Editor/BattleBuild.cs:18)

(Filename: Assets/AreaBattle/Scripts/OutgameInputManager.cs Line: 40)

add touch begin handle:
UnityEngine.Debug:ExtractStackTraceNoAlloc (byte*,int,string)
UnityEngine.StackTraceUtility:ExtractStackTrace () (at /Users/bokken/build/output/unity/unity/Runtime/Export/Scripting/StackTrace.cs:35)
UnityEngine.DebugLogHandler:Internal_Log (UnityEngine.LogType,UnityEngine.LogOption,string,UnityEngine.Object)
UnityEngine.DebugLogHandler:LogFormat (UnityEngine.LogType,UnityEngine.Object,string,object[])
UnityEngine.Logger:Log (UnityEngine.LogType,object)
UnityEngine.Debug:Log (object)
AreaBattle.OutgameInputManager/<>c:<.ctor>b__104_0 (object[]) (at Assets/AreaBattle/Scripts/OutgameInputManager.cs:40)
AreaBattle.OutgameInputManager:add_TouchBegin (System.Action`2<single, single>) (at Assets/AreaBattle/Scripts/OutgameInputManager.cs:42)
AreaBattle.EditorTools.OutgameInputManagerValidation/Fixture:.ctor () (at Assets/AreaBattle/Editor/OutgameInputManagerValidation.cs:22)
AreaBattle.EditorTools.OutgameInputManagerValidation/<>c:<Run>b__6_13 () (at Assets/AreaBattle/Editor/OutgameInputManagerValidation.cs:43)
AreaBattle.EditorTools.OutgameInputManagerValidation/<>c__DisplayClass6_0:<Run>b__0 (string,System.Action) (at Assets/AreaBattle/Editor/OutgameInputManagerValidation.cs:30)
AreaBattle.EditorTools.OutgameInputManagerValidation:Run () (at Assets/AreaBattle/Editor/OutgameInputManagerValidation.cs:43)
System.Reflection.RuntimeMethodInfo:Invoke (object,System.Reflection.BindingFlags,System.Reflection.Binder,object[],System.Globalization.CultureInfo)
System.Reflection.MethodBase:Invoke (object,object[])
AreaBattle.EditorTools.BattleBuild:ValidateIntegrated () (at Assets/AreaBattle/Editor/BattleBuild.cs:32)
AreaBattle.EditorTools.BattleBuild:ValidateMechanicsOnly () (at Assets/AreaBattle/Editor/BattleBuild.cs:18)

(Filename: Assets/AreaBattle/Scripts/OutgameInputManager.cs Line: 40)

add touch begin handle:
UnityEngine.Debug:ExtractStackTraceNoAlloc (byte*,int,string)
UnityEngine.StackTraceUtility:ExtractStackTrace () (at /Users/bokken/build/output/unity/unity/Runtime/Export/Scripting/StackTrace.cs:35)
UnityEngine.DebugLogHandler:Internal_Log (UnityEngine.LogType,UnityEngine.LogOption,string,UnityEngine.Object)
UnityEngine.DebugLogHandler:LogFormat (UnityEngine.LogType,UnityEngine.Object,string,object[])
UnityEngine.Logger:Log (UnityEngine.LogType,object)
UnityEngine.Debug:Log (object)
AreaBattle.OutgameInputManager/<>c:<.ctor>b__104_0 (object[]) (at Assets/AreaBattle/Scripts/OutgameInputManager.cs:40)
AreaBattle.OutgameInputManager:add_TouchBegin (System.Action`2<single, single>) (at Assets/AreaBattle/Scripts/OutgameInputManager.cs:42)
AreaBattle.EditorTools.OutgameInputManagerValidation/Fixture:.ctor () (at Assets/AreaBattle/Editor/OutgameInputManagerValidation.cs:22)
AreaBattle.EditorTools.OutgameInputManagerValidation/<>c:<Run>b__6_14 () (at Assets/AreaBattle/Editor/OutgameInputManagerValidation.cs:44)
AreaBattle.EditorTools.OutgameInputManagerValidation/<>c__DisplayClass6_0:<Run>b__0 (string,System.Action) (at Assets/AreaBattle/Editor/OutgameInputManagerValidation.cs:30)
AreaBattle.EditorTools.OutgameInputManagerValidation:Run () (at Assets/AreaBattle/Editor/OutgameInputManagerValidation.cs:44)
System.Reflection.RuntimeMethodInfo:Invoke (object,System.Reflection.BindingFlags,System.Reflection.Binder,object[],System.Globalization.CultureInfo)
System.Reflection.MethodBase:Invoke (object,object[])
AreaBattle.EditorTools.BattleBuild:ValidateIntegrated () (at Assets/AreaBattle/Editor/BattleBuild.cs:32)
AreaBattle.EditorTools.BattleBuild:ValidateMechanicsOnly () (at Assets/AreaBattle/Editor/BattleBuild.cs:18)

(Filename: Assets/AreaBattle/Scripts/OutgameInputManager.cs Line: 40)

add touch begin handle:
UnityEngine.Debug:ExtractStackTraceNoAlloc (byte*,int,string)
UnityEngine.StackTraceUtility:ExtractStackTrace () (at /Users/bokken/build/output/unity/unity/Runtime/Export/Scripting/StackTrace.cs:35)
UnityEngine.DebugLogHandler:Internal_Log (UnityEngine.LogType,UnityEngine.LogOption,string,UnityEngine.Object)
UnityEngine.DebugLogHandler:LogFormat (UnityEngine.LogType,UnityEngine.Object,string,object[])
UnityEngine.Logger:Log (UnityEngine.LogType,object)
UnityEngine.Debug:Log (object)
AreaBattle.OutgameInputManager/<>c:<.ctor>b__104_0 (object[]) (at Assets/AreaBattle/Scripts/OutgameInputManager.cs:40)
AreaBattle.OutgameInputManager:add_TouchBegin (System.Action`2<single, single>) (at Assets/AreaBattle/Scripts/OutgameInputManager.cs:42)
AreaBattle.EditorTools.OutgameInputManagerValidation/Fixture:.ctor () (at Assets/AreaBattle/Editor/OutgameInputManagerValidation.cs:22)
AreaBattle.EditorTools.OutgameInputManagerValidation/<>c:<Run>b__6_15 () (at Assets/AreaBattle/Editor/OutgameInputManagerValidation.cs:45)
AreaBattle.EditorTools.OutgameInputManagerValidation/<>c__DisplayClass6_0:<Run>b__0 (string,System.Action) (at Assets/AreaBattle/Editor/OutgameInputManagerValidation.cs:30)
AreaBattle.EditorTools.OutgameInputManagerValidation:Run () (at Assets/AreaBattle/Editor/OutgameInputManagerValidation.cs:45)
System.Reflection.RuntimeMethodInfo:Invoke (object,System.Reflection.BindingFlags,System.Reflection.Binder,object[],System.Globalization.CultureInfo)
System.Reflection.MethodBase:Invoke (object,object[])
AreaBattle.EditorTools.BattleBuild:ValidateIntegrated () (at Assets/AreaBattle/Editor/BattleBuild.cs:32)
AreaBattle.EditorTools.BattleBuild:ValidateMechanicsOnly () (at Assets/AreaBattle/Editor/BattleBuild.cs:18)

(Filename: Assets/AreaBattle/Scripts/OutgameInputManager.cs Line: 40)

add touch begin handle:
UnityEngine.Debug:ExtractStackTraceNoAlloc (byte*,int,string)
UnityEngine.StackTraceUtility:ExtractStackTrace () (at /Users/bokken/build/output/unity/unity/Runtime/Export/Scripting/StackTrace.cs:35)
UnityEngine.DebugLogHandler:Internal_Log (UnityEngine.LogType,UnityEngine.LogOption,string,UnityEngine.Object)
UnityEngine.DebugLogHandler:LogFormat (UnityEngine.LogType,UnityEngine.Object,string,object[])
UnityEngine.Logger:Log (UnityEngine.LogType,object)
UnityEngine.Debug:Log (object)
AreaBattle.OutgameInputManager/<>c:<.ctor>b__104_0 (object[]) (at Assets/AreaBattle/Scripts/OutgameInputManager.cs:40)
AreaBattle.OutgameInputManager:add_TouchBegin (System.Action`2<single, single>) (at Assets/AreaBattle/Scripts/OutgameInputManager.cs:42)
AreaBattle.EditorTools.OutgameInputManagerValidation/Fixture:.ctor () (at Assets/AreaBattle/Editor/OutgameInputManagerValidation.cs:22)
AreaBattle.EditorTools.OutgameInputManagerValidation/<>c:<Run>b__6_16 () (at Assets/AreaBattle/Editor/OutgameInputManagerValidation.cs:46)
AreaBattle.EditorTools.OutgameInputManagerValidation/<>c__DisplayClass6_0:<Run>b__0 (string,System.Action) (at Assets/AreaBattle/Editor/OutgameInputManagerValidation.cs:30)
AreaBattle.EditorTools.OutgameInputManagerValidation:Run () (at Assets/AreaBattle/Editor/OutgameInputManagerValidation.cs:46)
System.Reflection.RuntimeMethodInfo:Invoke (object,System.Reflection.BindingFlags,System.Reflection.Binder,object[],System.Globalization.CultureInfo)
System.Reflection.MethodBase:Invoke (object,object[])
AreaBattle.EditorTools.BattleBuild:ValidateIntegrated () (at Assets/AreaBattle/Editor/BattleBuild.cs:32)
AreaBattle.EditorTools.BattleBuild:ValidateMechanicsOnly () (at Assets/AreaBattle/Editor/BattleBuild.cs:18)

(Filename: Assets/AreaBattle/Scripts/OutgameInputManager.cs Line: 40)

add touch begin handle:
UnityEngine.Debug:ExtractStackTraceNoAlloc (byte*,int,string)
UnityEngine.StackTraceUtility:ExtractStackTrace () (at /Users/bokken/build/output/unity/unity/Runtime/Export/Scripting/StackTrace.cs:35)
UnityEngine.DebugLogHandler:Internal_Log (UnityEngine.LogType,UnityEngine.LogOption,string,UnityEngine.Object)
UnityEngine.DebugLogHandler:LogFormat (UnityEngine.LogType,UnityEngine.Object,string,object[])
UnityEngine.Logger:Log (UnityEngine.LogType,object)
UnityEngine.Debug:Log (object)
AreaBattle.OutgameInputManager/<>c:<.ctor>b__104_0 (object[]) (at Assets/AreaBattle/Scripts/OutgameInputManager.cs:40)
AreaBattle.OutgameInputManager:add_TouchBegin (System.Action`2<single, single>) (at Assets/AreaBattle/Scripts/OutgameInputManager.cs:42)
AreaBattle.EditorTools.OutgameInputManagerValidation/Fixture:.ctor () (at Assets/AreaBattle/Editor/OutgameInputManagerValidation.cs:22)
AreaBattle.EditorTools.OutgameInputManagerValidation/<>c:<Run>b__6_17 () (at Assets/AreaBattle/Editor/OutgameInputManagerValidation.cs:47)
AreaBattle.EditorTools.OutgameInputManagerValidation/<>c__DisplayClass6_0:<Run>b__0 (string,System.Action) (at Assets/AreaBattle/Editor/OutgameInputManagerValidation.cs:30)
AreaBattle.EditorTools.OutgameInputManagerValidation:Run () (at Assets/AreaBattle/Editor/OutgameInputManagerValidation.cs:47)
System.Reflection.RuntimeMethodInfo:Invoke (object,System.Reflection.BindingFlags,System.Reflection.Binder,object[],System.Globalization.CultureInfo)
System.Reflection.MethodBase:Invoke (object,object[])
AreaBattle.EditorTools.BattleBuild:ValidateIntegrated () (at Assets/AreaBattle/Editor/BattleBuild.cs:32)
AreaBattle.EditorTools.BattleBuild:ValidateMechanicsOnly () (at Assets/AreaBattle/Editor/BattleBuild.cs:18)

(Filename: Assets/AreaBattle/Scripts/OutgameInputManager.cs Line: 40)

add touch begin handle:
UnityEngine.Debug:ExtractStackTraceNoAlloc (byte*,int,string)
UnityEngine.StackTraceUtility:ExtractStackTrace () (at /Users/bokken/build/output/unity/unity/Runtime/Export/Scripting/StackTrace.cs:35)
UnityEngine.DebugLogHandler:Internal_Log (UnityEngine.LogType,UnityEngine.LogOption,string,UnityEngine.Object)
UnityEngine.DebugLogHandler:LogFormat (UnityEngine.LogType,UnityEngine.Object,string,object[])
UnityEngine.Logger:Log (UnityEngine.LogType,object)
UnityEngine.Debug:Log (object)
AreaBattle.OutgameInputManager/<>c:<.ctor>b__104_0 (object[]) (at Assets/AreaBattle/Scripts/OutgameInputManager.cs:40)
AreaBattle.OutgameInputManager:add_TouchBegin (System.Action`2<single, single>) (at Assets/AreaBattle/Scripts/OutgameInputManager.cs:42)
AreaBattle.EditorTools.OutgameInputManagerValidation/Fixture:.ctor () (at Assets/AreaBattle/Editor/OutgameInputManagerValidation.cs:22)
AreaBattle.EditorTools.OutgameInputManagerValidation/<>c:<Run>b__6_18 () (at Assets/AreaBattle/Editor/OutgameInputManagerValidation.cs:48)
AreaBattle.EditorTools.OutgameInputManagerValidation/<>c__DisplayClass6_0:<Run>b__0 (string,System.Action) (at Assets/AreaBattle/Editor/OutgameInputManagerValidation.cs:30)
AreaBattle.EditorTools.OutgameInputManagerValidation:Run () (at Assets/AreaBattle/Editor/OutgameInputManagerValidation.cs:48)
System.Reflection.RuntimeMethodInfo:Invoke (object,System.Reflection.BindingFlags,System.Reflection.Binder,object[],System.Globalization.CultureInfo)
System.Reflection.MethodBase:Invoke (object,object[])
AreaBattle.EditorTools.BattleBuild:ValidateIntegrated () (at Assets/AreaBattle/Editor/BattleBuild.cs:32)
AreaBattle.EditorTools.BattleBuild:ValidateMechanicsOnly () (at Assets/AreaBattle/Editor/BattleBuild.cs:18)

(Filename: Assets/AreaBattle/Scripts/OutgameInputManager.cs Line: 40)

add touch begin handle:
UnityEngine.Debug:ExtractStackTraceNoAlloc (byte*,int,string)
UnityEngine.StackTraceUtility:ExtractStackTrace () (at /Users/bokken/build/output/unity/unity/Runtime/Export/Scripting/StackTrace.cs:35)
UnityEngine.DebugLogHandler:Internal_Log (UnityEngine.LogType,UnityEngine.LogOption,string,UnityEngine.Object)
UnityEngine.DebugLogHandler:LogFormat (UnityEngine.LogType,UnityEngine.Object,string,object[])
UnityEngine.Logger:Log (UnityEngine.LogType,object)
UnityEngine.Debug:Log (object)
AreaBattle.OutgameInputManager/<>c:<.ctor>b__104_0 (object[]) (at Assets/AreaBattle/Scripts/OutgameInputManager.cs:40)
AreaBattle.OutgameInputManager:add_TouchBegin (System.Action`2<single, single>) (at Assets/AreaBattle/Scripts/OutgameInputManager.cs:42)
AreaBattle.EditorTools.OutgameInputManagerValidation/Fixture:.ctor () (at Assets/AreaBattle/Editor/OutgameInputManagerValidation.cs:22)
AreaBattle.EditorTools.OutgameInputManagerValidation/<>c:<Run>b__6_19 () (at Assets/AreaBattle/Editor/OutgameInputManagerValidation.cs:49)
AreaBattle.EditorTools.OutgameInputManagerValidation/<>c__DisplayClass6_0:<Run>b__0 (string,System.Action) (at Assets/AreaBattle/Editor/OutgameInputManagerValidation.cs:30)
AreaBattle.EditorTools.OutgameInputManagerValidation:Run () (at Assets/AreaBattle/Editor/OutgameInputManagerValidation.cs:49)
System.Reflection.RuntimeMethodInfo:Invoke (object,System.Reflection.BindingFlags,System.Reflection.Binder,object[],System.Globalization.CultureInfo)
System.Reflection.MethodBase:Invoke (object,object[])
AreaBattle.EditorTools.BattleBuild:ValidateIntegrated () (at Assets/AreaBattle/Editor/BattleBuild.cs:32)
AreaBattle.EditorTools.BattleBuild:ValidateMechanicsOnly () (at Assets/AreaBattle/Editor/BattleBuild.cs:18)

(Filename: Assets/AreaBattle/Scripts/OutgameInputManager.cs Line: 40)

target[page (UnityEngine.GameObject)]找到了CanvasGroup，优先使用CanvasGroup控制UI渐隐
UnityEngine.Debug:ExtractStackTraceNoAlloc (byte*,int,string)
UnityEngine.StackTraceUtility:ExtractStackTrace () (at /Users/bokken/build/output/unity/unity/Runtime/Export/Scripting/StackTrace.cs:35)
UnityEngine.DebugLogHandler:Internal_Log (UnityEngine.LogType,UnityEngine.LogOption,string,UnityEngine.Object)
UnityEngine.DebugLogHandler:LogFormat (UnityEngine.LogType,UnityEngine.Object,string,object[])
UnityEngine.Logger:Log (UnityEngine.LogType,object)
UnityEngine.Debug:Log (object)
AreaBattle.OutgameUiAnimation/<ObjectAnim>d__10:MoveNext () (at Assets/AreaBattle/Scripts/OutgameUiAnimation.cs:41)
AreaBattle.EditorTools.OutgameLoginSyncValidation/<>c:<Run>b__53_84 () (at Assets/AreaBattle/Editor/OutgameLoginSyncValidation.cs:1479)
AreaBattle.EditorTools.OutgameLoginSyncValidation/<>c__DisplayClass53_0:<Run>b__0 (string,System.Action) (at Assets/AreaBattle/Editor/OutgameLoginSyncValidation.cs:527)
AreaBattle.EditorTools.OutgameLoginSyncValidation:Run () (at Assets/AreaBattle/Editor/OutgameLoginSyncValidation.cs:1471)
System.Reflection.RuntimeMethodInfo:Invoke (object,System.Reflection.BindingFlags,System.Reflection.Binder,object[],System.Globalization.CultureInfo)
System.Reflection.MethodBase:Invoke (object,object[])
AreaBattle.EditorTools.BattleBuild:ValidateIntegrated () (at Assets/AreaBattle/Editor/BattleBuild.cs:32)
AreaBattle.EditorTools.BattleBuild:ValidateMechanicsOnly () (at Assets/AreaBattle/Editor/BattleBuild.cs:18)

(Filename: Assets/AreaBattle/Scripts/OutgameUiAnimation.cs Line: 41)

Curl error 35: Cert verify failed. Certificate could not be verified (either omitted or unsupported). UnityTls error code: 7
Instantiating material due to calling renderer.material during edit mode. This will leak materials into the scene. You most likely want to use renderer.sharedMaterial instead.
UnityEngine.Debug:ExtractStackTraceNoAlloc (byte*,int,string)
UnityEngine.StackTraceUtility:ExtractStackTrace () (at /Users/bokken/build/output/unity/unity/Runtime/Export/Scripting/StackTrace.cs:35)
UnityEngine.Renderer:GetMaterial ()
UnityEngine.Renderer:get_material () (at /Users/bokken/build/output/unity/unity/Runtime/Export/Graphics/GraphicsRenderers.bindings.cs:180)
AreaBattle.RecoveredWayLineVisual:Initialize () (at Assets/AreaBattle/Scripts/RecoveredWayLineVisual.cs:33)
AreaBattle.RecoveredWayLineVisual:SetLine (UnityEngine.Vector3,UnityEngine.Vector3,UnityEngine.Color,UnityEngine.Color,bool,bool,single) (at Assets/AreaBattle/Scripts/RecoveredWayLineVisual.cs:56)
AreaBattle.RecoveredWayLineVisual:Synchronize (AreaBattle.LineState,AreaBattle.TowerState,AreaBattle.TowerState,UnityEngine.Color,UnityEngine.Color,single) (at Assets/AreaBattle/Scripts/RecoveredWayLineVisual.cs:46)
AreaBattle.RecoveredWayLineVisual:Synchronize (AreaBattle.LineState,AreaBattle.TowerState,AreaBattle.TowerState,single) (at Assets/AreaBattle/Scripts/RecoveredWayLineVisual.cs:21)
AreaBattle.BattleView:RefreshPresentation () (at Assets/AreaBattle/Scripts/BattleView.cs:566)
AreaBattle.BattleView:AdvanceFrame (single,single) (at Assets/AreaBattle/Scripts/BattleView.cs:374)
AreaBattle.EditorTools.OriginalVideoValidation/<>c:<Run>b__6_7 () (at Assets/AreaBattle/Editor/OriginalVideoValidation.cs:116)
AreaBattle.EditorTools.OriginalVideoValidation/<>c__DisplayClass6_0:<Run>b__0 (string,System.Action) (at Assets/AreaBattle/Editor/OriginalVideoValidation.cs:35)
AreaBattle.EditorTools.OriginalVideoValidation:Run () (at Assets/AreaBattle/Editor/OriginalVideoValidation.cs:107)
System.Reflection.RuntimeMethodInfo:Invoke (object,System.Reflection.BindingFlags,System.Reflection.Binder,object[],System.Globalization.CultureInfo)
System.Reflection.MethodBase:Invoke (object,object[])
AreaBattle.EditorTools.BattleBuild:ValidateIntegrated () (at Assets/AreaBattle/Editor/BattleBuild.cs:32)
AreaBattle.EditorTools.BattleBuild:ValidateMechanicsOnly () (at Assets/AreaBattle/Editor/BattleBuild.cs:18)

[Assets/AreaBattle/Scripts/RecoveredWayLineVisual.cs line 21]

Instantiating material due to calling renderer.material during edit mode. This will leak materials into the scene. You most likely want to use renderer.sharedMaterial instead.
UnityEngine.Debug:ExtractStackTraceNoAlloc (byte*,int,string)
UnityEngine.StackTraceUtility:ExtractStackTrace () (at /Users/bokken/build/output/unity/unity/Runtime/Export/Scripting/StackTrace.cs:35)
UnityEngine.Renderer:GetMaterial ()
UnityEngine.Renderer:get_material () (at /Users/bokken/build/output/unity/unity/Runtime/Export/Graphics/GraphicsRenderers.bindings.cs:180)
AreaBattle.RecoveredWayLineVisual:Initialize () (at Assets/AreaBattle/Scripts/RecoveredWayLineVisual.cs:33)
AreaBattle.RecoveredWayLineVisual:SetLine (UnityEngine.Vector3,UnityEngine.Vector3,UnityEngine.Color,UnityEngine.Color,bool,bool,single) (at Assets/AreaBattle/Scripts/RecoveredWayLineVisual.cs:56)
AreaBattle.RecoveredWayLineVisual:Synchronize (AreaBattle.LineState,AreaBattle.TowerState,AreaBattle.TowerState,UnityEngine.Color,UnityEngine.Color,single) (at Assets/AreaBattle/Scripts/RecoveredWayLineVisual.cs:46)
AreaBattle.RecoveredWayLineVisual:Synchronize (AreaBattle.LineState,AreaBattle.TowerState,AreaBattle.TowerState,single) (at Assets/AreaBattle/Scripts/RecoveredWayLineVisual.cs:21)
AreaBattle.BattleView:RefreshPresentation () (at Assets/AreaBattle/Scripts/BattleView.cs:566)
AreaBattle.BattleView:AdvanceFrame (single,single) (at Assets/AreaBattle/Scripts/BattleView.cs:374)
AreaBattle.EditorTools.OriginalVideoValidation/<>c:<Run>b__6_7 () (at Assets/AreaBattle/Editor/OriginalVideoValidation.cs:116)
AreaBattle.EditorTools.OriginalVideoValidation/<>c__DisplayClass6_0:<Run>b__0 (string,System.Action) (at Assets/AreaBattle/Editor/OriginalVideoValidation.cs:35)
AreaBattle.EditorTools.OriginalVideoValidation:Run () (at Assets/AreaBattle/Editor/OriginalVideoValidation.cs:107)
System.Reflection.RuntimeMethodInfo:Invoke (object,System.Reflection.BindingFlags,System.Reflection.Binder,object[],System.Globalization.CultureInfo)
System.Reflection.MethodBase:Invoke (object,object[])
AreaBattle.EditorTools.BattleBuild:ValidateIntegrated () (at Assets/AreaBattle/Editor/BattleBuild.cs:32)
AreaBattle.EditorTools.BattleBuild:ValidateMechanicsOnly () (at Assets/AreaBattle/Editor/BattleBuild.cs:18)

[Assets/AreaBattle/Scripts/RecoveredWayLineVisual.cs line 21]

Instantiating material due to calling renderer.material during edit mode. This will leak materials into the scene. You most likely want to use renderer.sharedMaterial instead.
UnityEngine.Debug:ExtractStackTraceNoAlloc (byte*,int,string)
UnityEngine.StackTraceUtility:ExtractStackTrace () (at /Users/bokken/build/output/unity/unity/Runtime/Export/Scripting/StackTrace.cs:35)
UnityEngine.Renderer:GetMaterial ()
UnityEngine.Renderer:get_material () (at /Users/bokken/build/output/unity/unity/Runtime/Export/Graphics/GraphicsRenderers.bindings.cs:180)
AreaBattle.RecoveredWayLineVisual:Initialize () (at Assets/AreaBattle/Scripts/RecoveredWayLineVisual.cs:33)
AreaBattle.RecoveredWayLineVisual:SetLine (UnityEngine.Vector3,UnityEngine.Vector3,UnityEngine.Color,UnityEngine.Color,bool,bool,single) (at Assets/AreaBattle/Scripts/RecoveredWayLineVisual.cs:56)
AreaBattle.RecoveredWayLineVisual:Synchronize (AreaBattle.LineState,AreaBattle.TowerState,AreaBattle.TowerState,UnityEngine.Color,UnityEngine.Color,single) (at Assets/AreaBattle/Scripts/RecoveredWayLineVisual.cs:46)
AreaBattle.RecoveredWayLineVisual:Synchronize (AreaBattle.LineState,AreaBattle.TowerState,AreaBattle.TowerState,single) (at Assets/AreaBattle/Scripts/RecoveredWayLineVisual.cs:21)
AreaBattle.BattleView:RefreshPresentation () (at Assets/AreaBattle/Scripts/BattleView.cs:566)
AreaBattle.BattleView:AdvanceFrame (single,single) (at Assets/AreaBattle/Scripts/BattleView.cs:374)
AreaBattle.EditorTools.OriginalVideoValidation/<>c:<Run>b__6_7 () (at Assets/AreaBattle/Editor/OriginalVideoValidation.cs:116)
AreaBattle.EditorTools.OriginalVideoValidation/<>c__DisplayClass6_0:<Run>b__0 (string,System.Action) (at Assets/AreaBattle/Editor/OriginalVideoValidation.cs:35)
AreaBattle.EditorTools.OriginalVideoValidation:Run () (at Assets/AreaBattle/Editor/OriginalVideoValidation.cs:107)
System.Reflection.RuntimeMethodInfo:Invoke (object,System.Reflection.BindingFlags,System.Reflection.Binder,object[],System.Globalization.CultureInfo)
System.Reflection.MethodBase:Invoke (object,object[])
AreaBattle.EditorTools.BattleBuild:ValidateIntegrated () (at Assets/AreaBattle/Editor/BattleBuild.cs:32)
AreaBattle.EditorTools.BattleBuild:ValidateMechanicsOnly () (at Assets/AreaBattle/Editor/BattleBuild.cs:18)

[Assets/AreaBattle/Scripts/RecoveredWayLineVisual.cs line 21]

Instantiating material due to calling renderer.material during edit mode. This will leak materials into the scene. You most likely want to use renderer.sharedMaterial instead.
UnityEngine.Debug:ExtractStackTraceNoAlloc (byte*,int,string)
UnityEngine.StackTraceUtility:ExtractStackTrace () (at /Users/bokken/build/output/unity/unity/Runtime/Export/Scripting/StackTrace.cs:35)
UnityEngine.Renderer:GetMaterial ()
UnityEngine.Renderer:get_material () (at /Users/bokken/build/output/unity/unity/Runtime/Export/Graphics/GraphicsRenderers.bindings.cs:180)
AreaBattle.RecoveredWayLineVisual:Initialize () (at Assets/AreaBattle/Scripts/RecoveredWayLineVisual.cs:33)
AreaBattle.RecoveredWayLineVisual:SetLine (UnityEngine.Vector3,UnityEngine.Vector3,UnityEngine.Color,UnityEngine.Color,bool,bool,single) (at Assets/AreaBattle/Scripts/RecoveredWayLineVisual.cs:56)
AreaBattle.RecoveredWayLineVisual:Synchronize (AreaBattle.LineState,AreaBattle.TowerState,AreaBattle.TowerState,UnityEngine.Color,UnityEngine.Color,single) (at Assets/AreaBattle/Scripts/RecoveredWayLineVisual.cs:46)
AreaBattle.RecoveredWayLineVisual:Synchronize (AreaBattle.LineState,AreaBattle.TowerState,AreaBattle.TowerState,single) (at Assets/AreaBattle/Scripts/RecoveredWayLineVisual.cs:21)
AreaBattle.BattleView:RefreshPresentation () (at Assets/AreaBattle/Scripts/BattleView.cs:566)
AreaBattle.BattleView:AdvanceFrame (single,single) (at Assets/AreaBattle/Scripts/BattleView.cs:374)
AreaBattle.EditorTools.OriginalVideoValidation/<>c:<Run>b__6_7 () (at Assets/AreaBattle/Editor/OriginalVideoValidation.cs:116)
AreaBattle.EditorTools.OriginalVideoValidation/<>c__DisplayClass6_0:<Run>b__0 (string,System.Action) (at Assets/AreaBattle/Editor/OriginalVideoValidation.cs:35)
AreaBattle.EditorTools.OriginalVideoValidation:Run () (at Assets/AreaBattle/Editor/OriginalVideoValidation.cs:107)
System.Reflection.RuntimeMethodInfo:Invoke (object,System.Reflection.BindingFlags,System.Reflection.Binder,object[],System.Globalization.CultureInfo)
System.Reflection.MethodBase:Invoke (object,object[])
AreaBattle.EditorTools.BattleBuild:ValidateIntegrated () (at Assets/AreaBattle/Editor/BattleBuild.cs:32)
AreaBattle.EditorTools.BattleBuild:ValidateMechanicsOnly () (at Assets/AreaBattle/Editor/BattleBuild.cs:18)

[Assets/AreaBattle/Scripts/RecoveredWayLineVisual.cs line 21]

AREABATTLE_GUIDE_VALIDATION_PASS 17
UnityEngine.Debug:ExtractStackTraceNoAlloc (byte*,int,string)
UnityEngine.StackTraceUtility:ExtractStackTrace () (at /Users/bokken/build/output/unity/unity/Runtime/Export/Scripting/StackTrace.cs:35)
UnityEngine.DebugLogHandler:Internal_Log (UnityEngine.LogType,UnityEngine.LogOption,string,UnityEngine.Object)
UnityEngine.DebugLogHandler:LogFormat (UnityEngine.LogType,UnityEngine.Object,string,object[])
UnityEngine.Logger:Log (UnityEngine.LogType,object)
UnityEngine.Debug:Log (object)
AreaBattle.EditorTools.GuideValidation:Run () (at Assets/AreaBattle/Editor/GuideValidation.cs:253)
System.Reflection.RuntimeMethodInfo:Invoke (object,System.Reflection.BindingFlags,System.Reflection.Binder,object[],System.Globalization.CultureInfo)
System.Reflection.MethodBase:Invoke (object,object[])
AreaBattle.EditorTools.BattleBuild:ValidateIntegrated () (at Assets/AreaBattle/Editor/BattleBuild.cs:32)
AreaBattle.EditorTools.BattleBuild:ValidateMechanicsOnly () (at Assets/AreaBattle/Editor/BattleBuild.cs:18)

(Filename: Assets/AreaBattle/Editor/GuideValidation.cs Line: 253)

Instantiating material due to calling renderer.material during edit mode. This will leak materials into the scene. You most likely want to use renderer.sharedMaterial instead.
UnityEngine.Debug:ExtractStackTraceNoAlloc (byte*,int,string)
UnityEngine.StackTraceUtility:ExtractStackTrace () (at /Users/bokken/build/output/unity/unity/Runtime/Export/Scripting/StackTrace.cs:35)
UnityEngine.Renderer:GetMaterial ()
UnityEngine.Renderer:get_material () (at /Users/bokken/build/output/unity/unity/Runtime/Export/Graphics/GraphicsRenderers.bindings.cs:180)
AreaBattle.RecoveredWayLineVisual:Initialize () (at Assets/AreaBattle/Scripts/RecoveredWayLineVisual.cs:33)
AreaBattle.RecoveredWayLineVisual:SetLine (UnityEngine.Vector3,UnityEngine.Vector3,UnityEngine.Color,UnityEngine.Color,bool,bool,single) (at Assets/AreaBattle/Scripts/RecoveredWayLineVisual.cs:56)
AreaBattle.RecoveredWayLineVisual:Synchronize (AreaBattle.LineState,AreaBattle.TowerState,AreaBattle.TowerState,UnityEngine.Color,UnityEngine.Color,single) (at Assets/AreaBattle/Scripts/RecoveredWayLineVisual.cs:46)
AreaBattle.RecoveredWayLineVisual:Synchronize (AreaBattle.LineState,AreaBattle.TowerState,AreaBattle.TowerState,single) (at Assets/AreaBattle/Scripts/RecoveredWayLineVisual.cs:21)
AreaBattle.BattleView:RefreshPresentation () (at Assets/AreaBattle/Scripts/BattleView.cs:566)
AreaBattle.BattleView:AdvanceFrame (single,single) (at Assets/AreaBattle/Scripts/BattleView.cs:374)
AreaBattle.EditorTools.SkillInputValidation/<>c__DisplayClass1_3:<Run>b__19 () (at Assets/AreaBattle/Editor/SkillInputValidation.cs:177)
AreaBattle.EditorTools.SkillInputValidation/<>c__DisplayClass1_0:<Run>b__0 (string,System.Action) (at Assets/AreaBattle/Editor/SkillInputValidation.cs:18)
AreaBattle.EditorTools.SkillInputValidation:Run () (at Assets/AreaBattle/Editor/SkillInputValidation.cs:152)
System.Reflection.RuntimeMethodInfo:Invoke (object,System.Reflection.BindingFlags,System.Reflection.Binder,object[],System.Globalization.CultureInfo)
System.Reflection.MethodBase:Invoke (object,object[])
AreaBattle.EditorTools.BattleBuild:ValidateIntegrated () (at Assets/AreaBattle/Editor/BattleBuild.cs:32)
AreaBattle.EditorTools.BattleBuild:ValidateMechanicsOnly () (at Assets/AreaBattle/Editor/BattleBuild.cs:18)

[Assets/AreaBattle/Scripts/RecoveredWayLineVisual.cs line 21]

Instantiating material due to calling renderer.material during edit mode. This will leak materials into the scene. You most likely want to use renderer.sharedMaterial instead.
UnityEngine.Debug:ExtractStackTraceNoAlloc (byte*,int,string)
UnityEngine.StackTraceUtility:ExtractStackTrace () (at /Users/bokken/build/output/unity/unity/Runtime/Export/Scripting/StackTrace.cs:35)
UnityEngine.Renderer:GetMaterial ()
UnityEngine.Renderer:get_material () (at /Users/bokken/build/output/unity/unity/Runtime/Export/Graphics/GraphicsRenderers.bindings.cs:180)
AreaBattle.RecoveredWayLineVisual:Initialize () (at Assets/AreaBattle/Scripts/RecoveredWayLineVisual.cs:33)
AreaBattle.RecoveredWayLineVisual:SetLine (UnityEngine.Vector3,UnityEngine.Vector3,UnityEngine.Color,UnityEngine.Color,bool,bool,single) (at Assets/AreaBattle/Scripts/RecoveredWayLineVisual.cs:56)
AreaBattle.RecoveredWayLineVisual:Synchronize (AreaBattle.LineState,AreaBattle.TowerState,AreaBattle.TowerState,UnityEngine.Color,UnityEngine.Color,single) (at Assets/AreaBattle/Scripts/RecoveredWayLineVisual.cs:46)
AreaBattle.RecoveredWayLineVisual:Synchronize (AreaBattle.LineState,AreaBattle.TowerState,AreaBattle.TowerState,single) (at Assets/AreaBattle/Scripts/RecoveredWayLineVisual.cs:21)
AreaBattle.BattleView:RefreshPresentation () (at Assets/AreaBattle/Scripts/BattleView.cs:566)
AreaBattle.BattleView:AdvanceFrame (single,single) (at Assets/AreaBattle/Scripts/BattleView.cs:374)
AreaBattle.EditorTools.SkillInputValidation/<>c__DisplayClass1_3:<Run>b__19 () (at Assets/AreaBattle/Editor/SkillInputValidation.cs:177)
AreaBattle.EditorTools.SkillInputValidation/<>c__DisplayClass1_0:<Run>b__0 (string,System.Action) (at Assets/AreaBattle/Editor/SkillInputValidation.cs:18)
AreaBattle.EditorTools.SkillInputValidation:Run () (at Assets/AreaBattle/Editor/SkillInputValidation.cs:152)
System.Reflection.RuntimeMethodInfo:Invoke (object,System.Reflection.BindingFlags,System.Reflection.Binder,object[],System.Globalization.CultureInfo)
System.Reflection.MethodBase:Invoke (object,object[])
AreaBattle.EditorTools.BattleBuild:ValidateIntegrated () (at Assets/AreaBattle/Editor/BattleBuild.cs:32)
AreaBattle.EditorTools.BattleBuild:ValidateMechanicsOnly () (at Assets/AreaBattle/Editor/BattleBuild.cs:18)

[Assets/AreaBattle/Scripts/RecoveredWayLineVisual.cs line 21]

Instantiating material due to calling renderer.material during edit mode. This will leak materials into the scene. You most likely want to use renderer.sharedMaterial instead.
UnityEngine.Debug:ExtractStackTraceNoAlloc (byte*,int,string)
UnityEngine.StackTraceUtility:ExtractStackTrace () (at /Users/bokken/build/output/unity/unity/Runtime/Export/Scripting/StackTrace.cs:35)
UnityEngine.Renderer:GetMaterial ()
UnityEngine.Renderer:get_material () (at /Users/bokken/build/output/unity/unity/Runtime/Export/Graphics/GraphicsRenderers.bindings.cs:180)
AreaBattle.RecoveredWayLineVisual:Initialize () (at Assets/AreaBattle/Scripts/RecoveredWayLineVisual.cs:33)
AreaBattle.RecoveredWayLineVisual:SetLine (UnityEngine.Vector3,UnityEngine.Vector3,UnityEngine.Color,UnityEngine.Color,bool,bool,single) (at Assets/AreaBattle/Scripts/RecoveredWayLineVisual.cs:56)
AreaBattle.RecoveredWayLineVisual:Synchronize (AreaBattle.LineState,AreaBattle.TowerState,AreaBattle.TowerState,UnityEngine.Color,UnityEngine.Color,single) (at Assets/AreaBattle/Scripts/RecoveredWayLineVisual.cs:46)
AreaBattle.RecoveredWayLineVisual:Synchronize (AreaBattle.LineState,AreaBattle.TowerState,AreaBattle.TowerState,single) (at Assets/AreaBattle/Scripts/RecoveredWayLineVisual.cs:21)
AreaBattle.BattleView:RefreshPresentation () (at Assets/AreaBattle/Scripts/BattleView.cs:566)
AreaBattle.BattleView:AdvanceFrame (single,single) (at Assets/AreaBattle/Scripts/BattleView.cs:374)
AreaBattle.EditorTools.SkillInputValidation/<>c__DisplayClass1_3:<Run>b__19 () (at Assets/AreaBattle/Editor/SkillInputValidation.cs:177)
AreaBattle.EditorTools.SkillInputValidation/<>c__DisplayClass1_0:<Run>b__0 (string,System.Action) (at Assets/AreaBattle/Editor/SkillInputValidation.cs:18)
AreaBattle.EditorTools.SkillInputValidation:Run () (at Assets/AreaBattle/Editor/SkillInputValidation.cs:152)
System.Reflection.RuntimeMethodInfo:Invoke (object,System.Reflection.BindingFlags,System.Reflection.Binder,object[],System.Globalization.CultureInfo)
System.Reflection.MethodBase:Invoke (object,object[])
AreaBattle.EditorTools.BattleBuild:ValidateIntegrated () (at Assets/AreaBattle/Editor/BattleBuild.cs:32)
AreaBattle.EditorTools.BattleBuild:ValidateMechanicsOnly () (at Assets/AreaBattle/Editor/BattleBuild.cs:18)

[Assets/AreaBattle/Scripts/RecoveredWayLineVisual.cs line 21]

Instantiating material due to calling renderer.material during edit mode. This will leak materials into the scene. You most likely want to use renderer.sharedMaterial instead.
UnityEngine.Debug:ExtractStackTraceNoAlloc (byte*,int,string)
UnityEngine.StackTraceUtility:ExtractStackTrace () (at /Users/bokken/build/output/unity/unity/Runtime/Export/Scripting/StackTrace.cs:35)
UnityEngine.Renderer:GetMaterial ()
UnityEngine.Renderer:get_material () (at /Users/bokken/build/output/unity/unity/Runtime/Export/Graphics/GraphicsRenderers.bindings.cs:180)
AreaBattle.RecoveredWayLineVisual:Initialize () (at Assets/AreaBattle/Scripts/RecoveredWayLineVisual.cs:33)
AreaBattle.RecoveredWayLineVisual:SetLine (UnityEngine.Vector3,UnityEngine.Vector3,UnityEngine.Color,UnityEngine.Color,bool,bool,single) (at Assets/AreaBattle/Scripts/RecoveredWayLineVisual.cs:56)
AreaBattle.RecoveredWayLineVisual:Synchronize (AreaBattle.LineState,AreaBattle.TowerState,AreaBattle.TowerState,UnityEngine.Color,UnityEngine.Color,single) (at Assets/AreaBattle/Scripts/RecoveredWayLineVisual.cs:46)
AreaBattle.RecoveredWayLineVisual:Synchronize (AreaBattle.LineState,AreaBattle.TowerState,AreaBattle.TowerState,single) (at Assets/AreaBattle/Scripts/RecoveredWayLineVisual.cs:21)
AreaBattle.BattleView:RefreshPresentation () (at Assets/AreaBattle/Scripts/BattleView.cs:566)
AreaBattle.BattleView:AdvanceFrame (single,single) (at Assets/AreaBattle/Scripts/BattleView.cs:374)
AreaBattle.EditorTools.SkillInputValidation/<>c__DisplayClass1_3:<Run>b__19 () (at Assets/AreaBattle/Editor/SkillInputValidation.cs:177)
AreaBattle.EditorTools.SkillInputValidation/<>c__DisplayClass1_0:<Run>b__0 (string,System.Action) (at Assets/AreaBattle/Editor/SkillInputValidation.cs:18)
AreaBattle.EditorTools.SkillInputValidation:Run () (at Assets/AreaBattle/Editor/SkillInputValidation.cs:152)
System.Reflection.RuntimeMethodInfo:Invoke (object,System.Reflection.BindingFlags,System.Reflection.Binder,object[],System.Globalization.CultureInfo)
System.Reflection.MethodBase:Invoke (object,object[])
AreaBattle.EditorTools.BattleBuild:ValidateIntegrated () (at Assets/AreaBattle/Editor/BattleBuild.cs:32)
AreaBattle.EditorTools.BattleBuild:ValidateMechanicsOnly () (at Assets/AreaBattle/Editor/BattleBuild.cs:18)

[Assets/AreaBattle/Scripts/RecoveredWayLineVisual.cs line 21]

Instantiating material due to calling renderer.material during edit mode. This will leak materials into the scene. You most likely want to use renderer.sharedMaterial instead.
UnityEngine.Debug:ExtractStackTraceNoAlloc (byte*,int,string)
UnityEngine.StackTraceUtility:ExtractStackTrace () (at /Users/bokken/build/output/unity/unity/Runtime/Export/Scripting/StackTrace.cs:35)
UnityEngine.Renderer:GetMaterial ()
UnityEngine.Renderer:get_material () (at /Users/bokken/build/output/unity/unity/Runtime/Export/Graphics/GraphicsRenderers.bindings.cs:180)
AreaBattle.RecoveredWayLineVisual:Initialize () (at Assets/AreaBattle/Scripts/RecoveredWayLineVisual.cs:33)
AreaBattle.RecoveredWayLineVisual:SetLine (UnityEngine.Vector3,UnityEngine.Vector3,UnityEngine.Color,UnityEngine.Color,bool,bool,single) (at Assets/AreaBattle/Scripts/RecoveredWayLineVisual.cs:56)
AreaBattle.RecoveredWayLineVisual:Synchronize (AreaBattle.LineState,AreaBattle.TowerState,AreaBattle.TowerState,UnityEngine.Color,UnityEngine.Color,single) (at Assets/AreaBattle/Scripts/RecoveredWayLineVisual.cs:46)
AreaBattle.RecoveredWayLineVisual:Synchronize (AreaBattle.LineState,AreaBattle.TowerState,AreaBattle.TowerState,single) (at Assets/AreaBattle/Scripts/RecoveredWayLineVisual.cs:21)
AreaBattle.BattleView:RefreshPresentation () (at Assets/AreaBattle/Scripts/BattleView.cs:566)
AreaBattle.BattleView:AdvanceFrame (single,single) (at Assets/AreaBattle/Scripts/BattleView.cs:374)
AreaBattle.EditorTools.SkillInputValidation/<>c__DisplayClass1_3:<Run>b__19 () (at Assets/AreaBattle/Editor/SkillInputValidation.cs:177)
AreaBattle.EditorTools.SkillInputValidation/<>c__DisplayClass1_0:<Run>b__0 (string,System.Action) (at Assets/AreaBattle/Editor/SkillInputValidation.cs:18)
AreaBattle.EditorTools.SkillInputValidation:Run () (at Assets/AreaBattle/Editor/SkillInputValidation.cs:152)
System.Reflection.RuntimeMethodInfo:Invoke (object,System.Reflection.BindingFlags,System.Reflection.Binder,object[],System.Globalization.CultureInfo)
System.Reflection.MethodBase:Invoke (object,object[])
AreaBattle.EditorTools.BattleBuild:ValidateIntegrated () (at Assets/AreaBattle/Editor/BattleBuild.cs:32)
AreaBattle.EditorTools.BattleBuild:ValidateMechanicsOnly () (at Assets/AreaBattle/Editor/BattleBuild.cs:18)

[Assets/AreaBattle/Scripts/RecoveredWayLineVisual.cs line 21]

Instantiating material due to calling renderer.material during edit mode. This will leak materials into the scene. You most likely want to use renderer.sharedMaterial instead.
UnityEngine.Debug:ExtractStackTraceNoAlloc (byte*,int,string)
UnityEngine.StackTraceUtility:ExtractStackTrace () (at /Users/bokken/build/output/unity/unity/Runtime/Export/Scripting/StackTrace.cs:35)
UnityEngine.Renderer:GetMaterial ()
UnityEngine.Renderer:get_material () (at /Users/bokken/build/output/unity/unity/Runtime/Export/Graphics/GraphicsRenderers.bindings.cs:180)
AreaBattle.RecoveredWayLineVisual:Initialize () (at Assets/AreaBattle/Scripts/RecoveredWayLineVisual.cs:33)
AreaBattle.RecoveredWayLineVisual:SetLine (UnityEngine.Vector3,UnityEngine.Vector3,UnityEngine.Color,UnityEngine.Color,bool,bool,single) (at Assets/AreaBattle/Scripts/RecoveredWayLineVisual.cs:56)
AreaBattle.RecoveredWayLineVisual:Synchronize (AreaBattle.LineState,AreaBattle.TowerState,AreaBattle.TowerState,UnityEngine.Color,UnityEngine.Color,single) (at Assets/AreaBattle/Scripts/RecoveredWayLineVisual.cs:46)
AreaBattle.RecoveredWayLineVisual:Synchronize (AreaBattle.LineState,AreaBattle.TowerState,AreaBattle.TowerState,single) (at Assets/AreaBattle/Scripts/RecoveredWayLineVisual.cs:21)
AreaBattle.BattleView:RefreshPresentation () (at Assets/AreaBattle/Scripts/BattleView.cs:566)
AreaBattle.BattleView:AdvanceFrame (single,single) (at Assets/AreaBattle/Scripts/BattleView.cs:374)
AreaBattle.EditorTools.SkillInputValidation/<>c__DisplayClass1_3:<Run>b__19 () (at Assets/AreaBattle/Editor/SkillInputValidation.cs:177)
AreaBattle.EditorTools.SkillInputValidation/<>c__DisplayClass1_0:<Run>b__0 (string,System.Action) (at Assets/AreaBattle/Editor/SkillInputValidation.cs:18)
AreaBattle.EditorTools.SkillInputValidation:Run () (at Assets/AreaBattle/Editor/SkillInputValidation.cs:152)
System.Reflection.RuntimeMethodInfo:Invoke (object,System.Reflection.BindingFlags,System.Reflection.Binder,object[],System.Globalization.CultureInfo)
System.Reflection.MethodBase:Invoke (object,object[])
AreaBattle.EditorTools.BattleBuild:ValidateIntegrated () (at Assets/AreaBattle/Editor/BattleBuild.cs:32)
AreaBattle.EditorTools.BattleBuild:ValidateMechanicsOnly () (at Assets/AreaBattle/Editor/BattleBuild.cs:18)

[Assets/AreaBattle/Scripts/RecoveredWayLineVisual.cs line 21]

Instantiating material due to calling renderer.material during edit mode. This will leak materials into the scene. You most likely want to use renderer.sharedMaterial instead.
UnityEngine.Debug:ExtractStackTraceNoAlloc (byte*,int,string)
UnityEngine.StackTraceUtility:ExtractStackTrace () (at /Users/bokken/build/output/unity/unity/Runtime/Export/Scripting/StackTrace.cs:35)
UnityEngine.Renderer:GetMaterial ()
UnityEngine.Renderer:get_material () (at /Users/bokken/build/output/unity/unity/Runtime/Export/Graphics/GraphicsRenderers.bindings.cs:180)
AreaBattle.RecoveredWayLineVisual:Initialize () (at Assets/AreaBattle/Scripts/RecoveredWayLineVisual.cs:33)
AreaBattle.RecoveredWayLineVisual:SetLine (UnityEngine.Vector3,UnityEngine.Vector3,UnityEngine.Color,UnityEngine.Color,bool,bool,single) (at Assets/AreaBattle/Scripts/RecoveredWayLineVisual.cs:56)
AreaBattle.RecoveredWayLineVisual:Synchronize (AreaBattle.LineState,AreaBattle.TowerState,AreaBattle.TowerState,UnityEngine.Color,UnityEngine.Color,single) (at Assets/AreaBattle/Scripts/RecoveredWayLineVisual.cs:46)
AreaBattle.RecoveredWayLineVisual:Synchronize (AreaBattle.LineState,AreaBattle.TowerState,AreaBattle.TowerState,single) (at Assets/AreaBattle/Scripts/RecoveredWayLineVisual.cs:21)
AreaBattle.BattleView:RefreshPresentation () (at Assets/AreaBattle/Scripts/BattleView.cs:566)
AreaBattle.BattleView:AdvanceFrame (single,single) (at Assets/AreaBattle/Scripts/BattleView.cs:374)
AreaBattle.EditorTools.SkillInputValidation/<>c__DisplayClass1_3:<Run>b__19 () (at Assets/AreaBattle/Editor/SkillInputValidation.cs:177)
AreaBattle.EditorTools.SkillInputValidation/<>c__DisplayClass1_0:<Run>b__0 (string,System.Action) (at Assets/AreaBattle/Editor/SkillInputValidation.cs:18)
AreaBattle.EditorTools.SkillInputValidation:Run () (at Assets/AreaBattle/Editor/SkillInputValidation.cs:152)
System.Reflection.RuntimeMethodInfo:Invoke (object,System.Reflection.BindingFlags,System.Reflection.Binder,object[],System.Globalization.CultureInfo)
System.Reflection.MethodBase:Invoke (object,object[])
AreaBattle.EditorTools.BattleBuild:ValidateIntegrated () (at Assets/AreaBattle/Editor/BattleBuild.cs:32)
AreaBattle.EditorTools.BattleBuild:ValidateMechanicsOnly () (at Assets/AreaBattle/Editor/BattleBuild.cs:18)

[Assets/AreaBattle/Scripts/RecoveredWayLineVisual.cs line 21]

Instantiating material due to calling renderer.material during edit mode. This will leak materials into the scene. You most likely want to use renderer.sharedMaterial instead.
UnityEngine.Debug:ExtractStackTraceNoAlloc (byte*,int,string)
UnityEngine.StackTraceUtility:ExtractStackTrace () (at /Users/bokken/build/output/unity/unity/Runtime/Export/Scripting/StackTrace.cs:35)
UnityEngine.Renderer:GetMaterial ()
UnityEngine.Renderer:get_material () (at /Users/bokken/build/output/unity/unity/Runtime/Export/Graphics/GraphicsRenderers.bindings.cs:180)
AreaBattle.RecoveredWayLineVisual:Initialize () (at Assets/AreaBattle/Scripts/RecoveredWayLineVisual.cs:33)
AreaBattle.RecoveredWayLineVisual:SetLine (UnityEngine.Vector3,UnityEngine.Vector3,UnityEngine.Color,UnityEngine.Color,bool,bool,single) (at Assets/AreaBattle/Scripts/RecoveredWayLineVisual.cs:56)
AreaBattle.RecoveredWayLineVisual:Synchronize (AreaBattle.LineState,AreaBattle.TowerState,AreaBattle.TowerState,UnityEngine.Color,UnityEngine.Color,single) (at Assets/AreaBattle/Scripts/RecoveredWayLineVisual.cs:46)
AreaBattle.RecoveredWayLineVisual:Synchronize (AreaBattle.LineState,AreaBattle.TowerState,AreaBattle.TowerState,single) (at Assets/AreaBattle/Scripts/RecoveredWayLineVisual.cs:21)
AreaBattle.BattleView:RefreshPresentation () (at Assets/AreaBattle/Scripts/BattleView.cs:566)
AreaBattle.BattleView:AdvanceFrame (single,single) (at Assets/AreaBattle/Scripts/BattleView.cs:374)
AreaBattle.EditorTools.SkillInputValidation/<>c__DisplayClass1_3:<Run>b__19 () (at Assets/AreaBattle/Editor/SkillInputValidation.cs:177)
AreaBattle.EditorTools.SkillInputValidation/<>c__DisplayClass1_0:<Run>b__0 (string,System.Action) (at Assets/AreaBattle/Editor/SkillInputValidation.cs:18)
AreaBattle.EditorTools.SkillInputValidation:Run () (at Assets/AreaBattle/Editor/SkillInputValidation.cs:152)
System.Reflection.RuntimeMethodInfo:Invoke (object,System.Reflection.BindingFlags,System.Reflection.Binder,object[],System.Globalization.CultureInfo)
System.Reflection.MethodBase:Invoke (object,object[])
AreaBattle.EditorTools.BattleBuild:ValidateIntegrated () (at Assets/AreaBattle/Editor/BattleBuild.cs:32)
AreaBattle.EditorTools.BattleBuild:ValidateMechanicsOnly () (at Assets/AreaBattle/Editor/BattleBuild.cs:18)

[Assets/AreaBattle/Scripts/RecoveredWayLineVisual.cs line 21]

Instantiating material due to calling renderer.material during edit mode. This will leak materials into the scene. You most likely want to use renderer.sharedMaterial instead.
UnityEngine.Debug:ExtractStackTraceNoAlloc (byte*,int,string)
UnityEngine.StackTraceUtility:ExtractStackTrace () (at /Users/bokken/build/output/unity/unity/Runtime/Export/Scripting/StackTrace.cs:35)
UnityEngine.Renderer:GetMaterial ()
UnityEngine.Renderer:get_material () (at /Users/bokken/build/output/unity/unity/Runtime/Export/Graphics/GraphicsRenderers.bindings.cs:180)
AreaBattle.RecoveredWayLineVisual:Initialize () (at Assets/AreaBattle/Scripts/RecoveredWayLineVisual.cs:33)
AreaBattle.RecoveredWayLineVisual:SetLine (UnityEngine.Vector3,UnityEngine.Vector3,UnityEngine.Color,UnityEngine.Color,bool,bool,single) (at Assets/AreaBattle/Scripts/RecoveredWayLineVisual.cs:56)
AreaBattle.RecoveredWayLineVisual:Synchronize (AreaBattle.LineState,AreaBattle.TowerState,AreaBattle.TowerState,UnityEngine.Color,UnityEngine.Color,single) (at Assets/AreaBattle/Scripts/RecoveredWayLineVisual.cs:46)
AreaBattle.RecoveredWayLineVisual:Synchronize (AreaBattle.LineState,AreaBattle.TowerState,AreaBattle.TowerState,single) (at Assets/AreaBattle/Scripts/RecoveredWayLineVisual.cs:21)
AreaBattle.BattleView:RefreshPresentation () (at Assets/AreaBattle/Scripts/BattleView.cs:566)
AreaBattle.BattleView:AdvanceFrame (single,single) (at Assets/AreaBattle/Scripts/BattleView.cs:374)
AreaBattle.EditorTools.SkillInputValidation/<>c__DisplayClass1_3:<Run>b__19 () (at Assets/AreaBattle/Editor/SkillInputValidation.cs:177)
AreaBattle.EditorTools.SkillInputValidation/<>c__DisplayClass1_0:<Run>b__0 (string,System.Action) (at Assets/AreaBattle/Editor/SkillInputValidation.cs:18)
AreaBattle.EditorTools.SkillInputValidation:Run () (at Assets/AreaBattle/Editor/SkillInputValidation.cs:152)
System.Reflection.RuntimeMethodInfo:Invoke (object,System.Reflection.BindingFlags,System.Reflection.Binder,object[],System.Globalization.CultureInfo)
System.Reflection.MethodBase:Invoke (object,object[])
AreaBattle.EditorTools.BattleBuild:ValidateIntegrated () (at Assets/AreaBattle/Editor/BattleBuild.cs:32)
AreaBattle.EditorTools.BattleBuild:ValidateMechanicsOnly () (at Assets/AreaBattle/Editor/BattleBuild.cs:18)

[Assets/AreaBattle/Scripts/RecoveredWayLineVisual.cs line 21]

Instantiating material due to calling renderer.material during edit mode. This will leak materials into the scene. You most likely want to use renderer.sharedMaterial instead.
UnityEngine.Debug:ExtractStackTraceNoAlloc (byte*,int,string)
UnityEngine.StackTraceUtility:ExtractStackTrace () (at /Users/bokken/build/output/unity/unity/Runtime/Export/Scripting/StackTrace.cs:35)
UnityEngine.Renderer:GetMaterial ()
UnityEngine.Renderer:get_material () (at /Users/bokken/build/output/unity/unity/Runtime/Export/Graphics/GraphicsRenderers.bindings.cs:180)
AreaBattle.RecoveredWayLineVisual:Initialize () (at Assets/AreaBattle/Scripts/RecoveredWayLineVisual.cs:33)
AreaBattle.RecoveredWayLineVisual:SetLine (UnityEngine.Vector3,UnityEngine.Vector3,UnityEngine.Color,UnityEngine.Color,bool,bool,single) (at Assets/AreaBattle/Scripts/RecoveredWayLineVisual.cs:56)
AreaBattle.RecoveredWayLineVisual:Synchronize (AreaBattle.LineState,AreaBattle.TowerState,AreaBattle.TowerState,UnityEngine.Color,UnityEngine.Color,single) (at Assets/AreaBattle/Scripts/RecoveredWayLineVisual.cs:46)
AreaBattle.RecoveredWayLineVisual:Synchronize (AreaBattle.LineState,AreaBattle.TowerState,AreaBattle.TowerState,single) (at Assets/AreaBattle/Scripts/RecoveredWayLineVisual.cs:21)
AreaBattle.BattleView:RefreshPresentation () (at Assets/AreaBattle/Scripts/BattleView.cs:566)
AreaBattle.BattleView:AdvanceFrame (single,single) (at Assets/AreaBattle/Scripts/BattleView.cs:374)
AreaBattle.EditorTools.SkillInputValidation/<>c__DisplayClass1_3:<Run>b__19 () (at Assets/AreaBattle/Editor/SkillInputValidation.cs:177)
AreaBattle.EditorTools.SkillInputValidation/<>c__DisplayClass1_0:<Run>b__0 (string,System.Action) (at Assets/AreaBattle/Editor/SkillInputValidation.cs:18)
AreaBattle.EditorTools.SkillInputValidation:Run () (at Assets/AreaBattle/Editor/SkillInputValidation.cs:152)
System.Reflection.RuntimeMethodInfo:Invoke (object,System.Reflection.BindingFlags,System.Reflection.Binder,object[],System.Globalization.CultureInfo)
System.Reflection.MethodBase:Invoke (object,object[])
AreaBattle.EditorTools.BattleBuild:ValidateIntegrated () (at Assets/AreaBattle/Editor/BattleBuild.cs:32)
AreaBattle.EditorTools.BattleBuild:ValidateMechanicsOnly () (at Assets/AreaBattle/Editor/BattleBuild.cs:18)

[Assets/AreaBattle/Scripts/RecoveredWayLineVisual.cs line 21]

Instantiating material due to calling renderer.material during edit mode. This will leak materials into the scene. You most likely want to use renderer.sharedMaterial instead.
UnityEngine.Debug:ExtractStackTraceNoAlloc (byte*,int,string)
UnityEngine.StackTraceUtility:ExtractStackTrace () (at /Users/bokken/build/output/unity/unity/Runtime/Export/Scripting/StackTrace.cs:35)
UnityEngine.Renderer:GetMaterial ()
UnityEngine.Renderer:get_material () (at /Users/bokken/build/output/unity/unity/Runtime/Export/Graphics/GraphicsRenderers.bindings.cs:180)
AreaBattle.RecoveredWayLineVisual:Initialize () (at Assets/AreaBattle/Scripts/RecoveredWayLineVisual.cs:33)
AreaBattle.RecoveredWayLineVisual:SetLine (UnityEngine.Vector3,UnityEngine.Vector3,UnityEngine.Color,UnityEngine.Color,bool,bool,single) (at Assets/AreaBattle/Scripts/RecoveredWayLineVisual.cs:56)
AreaBattle.RecoveredWayLineVisual:Synchronize (AreaBattle.LineState,AreaBattle.TowerState,AreaBattle.TowerState,UnityEngine.Color,UnityEngine.Color,single) (at Assets/AreaBattle/Scripts/RecoveredWayLineVisual.cs:46)
AreaBattle.RecoveredWayLineVisual:Synchronize (AreaBattle.LineState,AreaBattle.TowerState,AreaBattle.TowerState,single) (at Assets/AreaBattle/Scripts/RecoveredWayLineVisual.cs:21)
AreaBattle.BattleView:RefreshPresentation () (at Assets/AreaBattle/Scripts/BattleView.cs:566)
AreaBattle.BattleView:AdvanceFrame (single,single) (at Assets/AreaBattle/Scripts/BattleView.cs:374)
AreaBattle.EditorTools.SkillInputValidation/<>c__DisplayClass1_3:<Run>b__19 () (at Assets/AreaBattle/Editor/SkillInputValidation.cs:177)
AreaBattle.EditorTools.SkillInputValidation/<>c__DisplayClass1_0:<Run>b__0 (string,System.Action) (at Assets/AreaBattle/Editor/SkillInputValidation.cs:18)
AreaBattle.EditorTools.SkillInputValidation:Run () (at Assets/AreaBattle/Editor/SkillInputValidation.cs:152)
System.Reflection.RuntimeMethodInfo:Invoke (object,System.Reflection.BindingFlags,System.Reflection.Binder,object[],System.Globalization.CultureInfo)
System.Reflection.MethodBase:Invoke (object,object[])
AreaBattle.EditorTools.BattleBuild:ValidateIntegrated () (at Assets/AreaBattle/Editor/BattleBuild.cs:32)
AreaBattle.EditorTools.BattleBuild:ValidateMechanicsOnly () (at Assets/AreaBattle/Editor/BattleBuild.cs:18)

[Assets/AreaBattle/Scripts/RecoveredWayLineVisual.cs line 21]

Instantiating material due to calling renderer.material during edit mode. This will leak materials into the scene. You most likely want to use renderer.sharedMaterial instead.
UnityEngine.Debug:ExtractStackTraceNoAlloc (byte*,int,string)
UnityEngine.StackTraceUtility:ExtractStackTrace () (at /Users/bokken/build/output/unity/unity/Runtime/Export/Scripting/StackTrace.cs:35)
UnityEngine.Renderer:GetMaterial ()
UnityEngine.Renderer:get_material () (at /Users/bokken/build/output/unity/unity/Runtime/Export/Graphics/GraphicsRenderers.bindings.cs:180)
AreaBattle.RecoveredWayLineVisual:Initialize () (at Assets/AreaBattle/Scripts/RecoveredWayLineVisual.cs:33)
AreaBattle.RecoveredWayLineVisual:SetLine (UnityEngine.Vector3,UnityEngine.Vector3,UnityEngine.Color,UnityEngine.Color,bool,bool,single) (at Assets/AreaBattle/Scripts/RecoveredWayLineVisual.cs:56)
AreaBattle.RecoveredWayLineVisual:Synchronize (AreaBattle.LineState,AreaBattle.TowerState,AreaBattle.TowerState,UnityEngine.Color,UnityEngine.Color,single) (at Assets/AreaBattle/Scripts/RecoveredWayLineVisual.cs:46)
AreaBattle.RecoveredWayLineVisual:Synchronize (AreaBattle.LineState,AreaBattle.TowerState,AreaBattle.TowerState,single) (at Assets/AreaBattle/Scripts/RecoveredWayLineVisual.cs:21)
AreaBattle.BattleView:RefreshPresentation () (at Assets/AreaBattle/Scripts/BattleView.cs:566)
AreaBattle.BattleView:AdvanceFrame (single,single) (at Assets/AreaBattle/Scripts/BattleView.cs:374)
AreaBattle.EditorTools.SkillInputValidation/<>c__DisplayClass1_3:<Run>b__19 () (at Assets/AreaBattle/Editor/SkillInputValidation.cs:177)
AreaBattle.EditorTools.SkillInputValidation/<>c__DisplayClass1_0:<Run>b__0 (string,System.Action) (at Assets/AreaBattle/Editor/SkillInputValidation.cs:18)
AreaBattle.EditorTools.SkillInputValidation:Run () (at Assets/AreaBattle/Editor/SkillInputValidation.cs:152)
System.Reflection.RuntimeMethodInfo:Invoke (object,System.Reflection.BindingFlags,System.Reflection.Binder,object[],System.Globalization.CultureInfo)
System.Reflection.MethodBase:Invoke (object,object[])
AreaBattle.EditorTools.BattleBuild:ValidateIntegrated () (at Assets/AreaBattle/Editor/BattleBuild.cs:32)
AreaBattle.EditorTools.BattleBuild:ValidateMechanicsOnly () (at Assets/AreaBattle/Editor/BattleBuild.cs:18)

[Assets/AreaBattle/Scripts/RecoveredWayLineVisual.cs line 21]

Instantiating material due to calling renderer.material during edit mode. This will leak materials into the scene. You most likely want to use renderer.sharedMaterial instead.
UnityEngine.Debug:ExtractStackTraceNoAlloc (byte*,int,string)
UnityEngine.StackTraceUtility:ExtractStackTrace () (at /Users/bokken/build/output/unity/unity/Runtime/Export/Scripting/StackTrace.cs:35)
UnityEngine.Renderer:GetMaterial ()
UnityEngine.Renderer:get_material () (at /Users/bokken/build/output/unity/unity/Runtime/Export/Graphics/GraphicsRenderers.bindings.cs:180)
AreaBattle.RecoveredWayLineVisual:Initialize () (at Assets/AreaBattle/Scripts/RecoveredWayLineVisual.cs:33)
AreaBattle.RecoveredWayLineVisual:SetLine (UnityEngine.Vector3,UnityEngine.Vector3,UnityEngine.Color,UnityEngine.Color,bool,bool,single) (at Assets/AreaBattle/Scripts/RecoveredWayLineVisual.cs:56)
AreaBattle.RecoveredWayLineVisual:Synchronize (AreaBattle.LineState,AreaBattle.TowerState,AreaBattle.TowerState,UnityEngine.Color,UnityEngine.Color,single) (at Assets/AreaBattle/Scripts/RecoveredWayLineVisual.cs:46)
AreaBattle.RecoveredWayLineVisual:Synchronize (AreaBattle.LineState,AreaBattle.TowerState,AreaBattle.TowerState,single) (at Assets/AreaBattle/Scripts/RecoveredWayLineVisual.cs:21)
AreaBattle.BattleView:RefreshPresentation () (at Assets/AreaBattle/Scripts/BattleView.cs:566)
AreaBattle.BattleView:AdvanceFrame (single,single) (at Assets/AreaBattle/Scripts/BattleView.cs:374)
AreaBattle.EditorTools.SkillInputValidation/<>c__DisplayClass1_3:<Run>b__19 () (at Assets/AreaBattle/Editor/SkillInputValidation.cs:177)
AreaBattle.EditorTools.SkillInputValidation/<>c__DisplayClass1_0:<Run>b__0 (string,System.Action) (at Assets/AreaBattle/Editor/SkillInputValidation.cs:18)
AreaBattle.EditorTools.SkillInputValidation:Run () (at Assets/AreaBattle/Editor/SkillInputValidation.cs:152)
System.Reflection.RuntimeMethodInfo:Invoke (object,System.Reflection.BindingFlags,System.Reflection.Binder,object[],System.Globalization.CultureInfo)
System.Reflection.MethodBase:Invoke (object,object[])
AreaBattle.EditorTools.BattleBuild:ValidateIntegrated () (at Assets/AreaBattle/Editor/BattleBuild.cs:32)
AreaBattle.EditorTools.BattleBuild:ValidateMechanicsOnly () (at Assets/AreaBattle/Editor/BattleBuild.cs:18)

[Assets/AreaBattle/Scripts/RecoveredWayLineVisual.cs line 21]

Instantiating material due to calling renderer.material during edit mode. This will leak materials into the scene. You most likely want to use renderer.sharedMaterial instead.
UnityEngine.Debug:ExtractStackTraceNoAlloc (byte*,int,string)
UnityEngine.StackTraceUtility:ExtractStackTrace () (at /Users/bokken/build/output/unity/unity/Runtime/Export/Scripting/StackTrace.cs:35)
UnityEngine.Renderer:GetMaterial ()
UnityEngine.Renderer:get_material () (at /Users/bokken/build/output/unity/unity/Runtime/Export/Graphics/GraphicsRenderers.bindings.cs:180)
AreaBattle.RecoveredWayLineVisual:Initialize () (at Assets/AreaBattle/Scripts/RecoveredWayLineVisual.cs:33)
AreaBattle.RecoveredWayLineVisual:SetLine (UnityEngine.Vector3,UnityEngine.Vector3,UnityEngine.Color,UnityEngine.Color,bool,bool,single) (at Assets/AreaBattle/Scripts/RecoveredWayLineVisual.cs:56)
AreaBattle.RecoveredWayLineVisual:Synchronize (AreaBattle.LineState,AreaBattle.TowerState,AreaBattle.TowerState,UnityEngine.Color,UnityEngine.Color,single) (at Assets/AreaBattle/Scripts/RecoveredWayLineVisual.cs:46)
AreaBattle.RecoveredWayLineVisual:Synchronize (AreaBattle.LineState,AreaBattle.TowerState,AreaBattle.TowerState,single) (at Assets/AreaBattle/Scripts/RecoveredWayLineVisual.cs:21)
AreaBattle.BattleView:RefreshPresentation () (at Assets/AreaBattle/Scripts/BattleView.cs:566)
AreaBattle.BattleView:AdvanceFrame (single,single) (at Assets/AreaBattle/Scripts/BattleView.cs:374)
AreaBattle.EditorTools.SkillInputValidation/<>c__DisplayClass1_3:<Run>b__19 () (at Assets/AreaBattle/Editor/SkillInputValidation.cs:177)
AreaBattle.EditorTools.SkillInputValidation/<>c__DisplayClass1_0:<Run>b__0 (string,System.Action) (at Assets/AreaBattle/Editor/SkillInputValidation.cs:18)
AreaBattle.EditorTools.SkillInputValidation:Run () (at Assets/AreaBattle/Editor/SkillInputValidation.cs:152)
System.Reflection.RuntimeMethodInfo:Invoke (object,System.Reflection.BindingFlags,System.Reflection.Binder,object[],System.Globalization.CultureInfo)
System.Reflection.MethodBase:Invoke (object,object[])
AreaBattle.EditorTools.BattleBuild:ValidateIntegrated () (at Assets/AreaBattle/Editor/BattleBuild.cs:32)
AreaBattle.EditorTools.BattleBuild:ValidateMechanicsOnly () (at Assets/AreaBattle/Editor/BattleBuild.cs:18)

[Assets/AreaBattle/Scripts/RecoveredWayLineVisual.cs line 21]

Instantiating material due to calling renderer.material during edit mode. This will leak materials into the scene. You most likely want to use renderer.sharedMaterial instead.
UnityEngine.Debug:ExtractStackTraceNoAlloc (byte*,int,string)
UnityEngine.StackTraceUtility:ExtractStackTrace () (at /Users/bokken/build/output/unity/unity/Runtime/Export/Scripting/StackTrace.cs:35)
UnityEngine.Renderer:GetMaterial ()
UnityEngine.Renderer:get_material () (at /Users/bokken/build/output/unity/unity/Runtime/Export/Graphics/GraphicsRenderers.bindings.cs:180)
AreaBattle.RecoveredWayLineVisual:Initialize () (at Assets/AreaBattle/Scripts/RecoveredWayLineVisual.cs:33)
AreaBattle.RecoveredWayLineVisual:SetLine (UnityEngine.Vector3,UnityEngine.Vector3,UnityEngine.Color,UnityEngine.Color,bool,bool,single) (at Assets/AreaBattle/Scripts/RecoveredWayLineVisual.cs:56)
AreaBattle.RecoveredWayLineVisual:Synchronize (AreaBattle.LineState,AreaBattle.TowerState,AreaBattle.TowerState,UnityEngine.Color,UnityEngine.Color,single) (at Assets/AreaBattle/Scripts/RecoveredWayLineVisual.cs:46)
AreaBattle.RecoveredWayLineVisual:Synchronize (AreaBattle.LineState,AreaBattle.TowerState,AreaBattle.TowerState,single) (at Assets/AreaBattle/Scripts/RecoveredWayLineVisual.cs:21)
AreaBattle.BattleView:RefreshPresentation () (at Assets/AreaBattle/Scripts/BattleView.cs:566)
AreaBattle.BattleView:AdvanceFrame (single,single) (at Assets/AreaBattle/Scripts/BattleView.cs:374)
AreaBattle.EditorTools.SkillInputValidation/<>c__DisplayClass1_3:<Run>b__19 () (at Assets/AreaBattle/Editor/SkillInputValidation.cs:177)
AreaBattle.EditorTools.SkillInputValidation/<>c__DisplayClass1_0:<Run>b__0 (string,System.Action) (at Assets/AreaBattle/Editor/SkillInputValidation.cs:18)
AreaBattle.EditorTools.SkillInputValidation:Run () (at Assets/AreaBattle/Editor/SkillInputValidation.cs:152)
System.Reflection.RuntimeMethodInfo:Invoke (object,System.Reflection.BindingFlags,System.Reflection.Binder,object[],System.Globalization.CultureInfo)
System.Reflection.MethodBase:Invoke (object,object[])
AreaBattle.EditorTools.BattleBuild:ValidateIntegrated () (at Assets/AreaBattle/Editor/BattleBuild.cs:32)
AreaBattle.EditorTools.BattleBuild:ValidateMechanicsOnly () (at Assets/AreaBattle/Editor/BattleBuild.cs:18)

[Assets/AreaBattle/Scripts/RecoveredWayLineVisual.cs line 21]

Instantiating material due to calling renderer.material during edit mode. This will leak materials into the scene. You most likely want to use renderer.sharedMaterial instead.
UnityEngine.Debug:ExtractStackTraceNoAlloc (byte*,int,string)
UnityEngine.StackTraceUtility:ExtractStackTrace () (at /Users/bokken/build/output/unity/unity/Runtime/Export/Scripting/StackTrace.cs:35)
UnityEngine.Renderer:GetMaterial ()
UnityEngine.Renderer:get_material () (at /Users/bokken/build/output/unity/unity/Runtime/Export/Graphics/GraphicsRenderers.bindings.cs:180)
AreaBattle.RecoveredWayLineVisual:Initialize () (at Assets/AreaBattle/Scripts/RecoveredWayLineVisual.cs:33)
AreaBattle.RecoveredWayLineVisual:SetLine (UnityEngine.Vector3,UnityEngine.Vector3,UnityEngine.Color,UnityEngine.Color,bool,bool,single) (at Assets/AreaBattle/Scripts/RecoveredWayLineVisual.cs:56)
AreaBattle.RecoveredWayLineVisual:Synchronize (AreaBattle.LineState,AreaBattle.TowerState,AreaBattle.TowerState,UnityEngine.Color,UnityEngine.Color,single) (at Assets/AreaBattle/Scripts/RecoveredWayLineVisual.cs:46)
AreaBattle.RecoveredWayLineVisual:Synchronize (AreaBattle.LineState,AreaBattle.TowerState,AreaBattle.TowerState,single) (at Assets/AreaBattle/Scripts/RecoveredWayLineVisual.cs:21)
AreaBattle.BattleView:RefreshPresentation () (at Assets/AreaBattle/Scripts/BattleView.cs:566)
AreaBattle.BattleView:AdvanceFrame (single,single) (at Assets/AreaBattle/Scripts/BattleView.cs:374)
AreaBattle.EditorTools.SkillInputValidation/<>c__DisplayClass1_3:<Run>b__19 () (at Assets/AreaBattle/Editor/SkillInputValidation.cs:177)
AreaBattle.EditorTools.SkillInputValidation/<>c__DisplayClass1_0:<Run>b__0 (string,System.Action) (at Assets/AreaBattle/Editor/SkillInputValidation.cs:18)
AreaBattle.EditorTools.SkillInputValidation:Run () (at Assets/AreaBattle/Editor/SkillInputValidation.cs:152)
System.Reflection.RuntimeMethodInfo:Invoke (object,System.Reflection.BindingFlags,System.Reflection.Binder,object[],System.Globalization.CultureInfo)
System.Reflection.MethodBase:Invoke (object,object[])
AreaBattle.EditorTools.BattleBuild:ValidateIntegrated () (at Assets/AreaBattle/Editor/BattleBuild.cs:32)
AreaBattle.EditorTools.BattleBuild:ValidateMechanicsOnly () (at Assets/AreaBattle/Editor/BattleBuild.cs:18)

[Assets/AreaBattle/Scripts/RecoveredWayLineVisual.cs line 21]

Instantiating material due to calling renderer.material during edit mode. This will leak materials into the scene. You most likely want to use renderer.sharedMaterial instead.
UnityEngine.Debug:ExtractStackTraceNoAlloc (byte*,int,string)
UnityEngine.StackTraceUtility:ExtractStackTrace () (at /Users/bokken/build/output/unity/unity/Runtime/Export/Scripting/StackTrace.cs:35)
UnityEngine.Renderer:GetMaterial ()
UnityEngine.Renderer:get_material () (at /Users/bokken/build/output/unity/unity/Runtime/Export/Graphics/GraphicsRenderers.bindings.cs:180)
AreaBattle.RecoveredWayLineVisual:Initialize () (at Assets/AreaBattle/Scripts/RecoveredWayLineVisual.cs:33)
AreaBattle.RecoveredWayLineVisual:SetLine (UnityEngine.Vector3,UnityEngine.Vector3,UnityEngine.Color,UnityEngine.Color,bool,bool,single) (at Assets/AreaBattle/Scripts/RecoveredWayLineVisual.cs:56)
AreaBattle.RecoveredWayLineVisual:Synchronize (AreaBattle.LineState,AreaBattle.TowerState,AreaBattle.TowerState,UnityEngine.Color,UnityEngine.Color,single) (at Assets/AreaBattle/Scripts/RecoveredWayLineVisual.cs:46)
AreaBattle.RecoveredWayLineVisual:Synchronize (AreaBattle.LineState,AreaBattle.TowerState,AreaBattle.TowerState,single) (at Assets/AreaBattle/Scripts/RecoveredWayLineVisual.cs:21)
AreaBattle.BattleView:RefreshPresentation () (at Assets/AreaBattle/Scripts/BattleView.cs:566)
AreaBattle.BattleView:AdvanceFrame (single,single) (at Assets/AreaBattle/Scripts/BattleView.cs:374)
AreaBattle.EditorTools.SkillInputValidation/<>c__DisplayClass1_3:<Run>b__19 () (at Assets/AreaBattle/Editor/SkillInputValidation.cs:177)
AreaBattle.EditorTools.SkillInputValidation/<>c__DisplayClass1_0:<Run>b__0 (string,System.Action) (at Assets/AreaBattle/Editor/SkillInputValidation.cs:18)
AreaBattle.EditorTools.SkillInputValidation:Run () (at Assets/AreaBattle/Editor/SkillInputValidation.cs:152)
System.Reflection.RuntimeMethodInfo:Invoke (object,System.Reflection.BindingFlags,System.Reflection.Binder,object[],System.Globalization.CultureInfo)
System.Reflection.MethodBase:Invoke (object,object[])
AreaBattle.EditorTools.BattleBuild:ValidateIntegrated () (at Assets/AreaBattle/Editor/BattleBuild.cs:32)
AreaBattle.EditorTools.BattleBuild:ValidateMechanicsOnly () (at Assets/AreaBattle/Editor/BattleBuild.cs:18)

[Assets/AreaBattle/Scripts/RecoveredWayLineVisual.cs line 21]

Instantiating material due to calling renderer.material during edit mode. This will leak materials into the scene. You most likely want to use renderer.sharedMaterial instead.
UnityEngine.Debug:ExtractStackTraceNoAlloc (byte*,int,string)
UnityEngine.StackTraceUtility:ExtractStackTrace () (at /Users/bokken/build/output/unity/unity/Runtime/Export/Scripting/StackTrace.cs:35)
UnityEngine.Renderer:GetMaterial ()
UnityEngine.Renderer:get_material () (at /Users/bokken/build/output/unity/unity/Runtime/Export/Graphics/GraphicsRenderers.bindings.cs:180)
AreaBattle.RecoveredWayLineVisual:Initialize () (at Assets/AreaBattle/Scripts/RecoveredWayLineVisual.cs:33)
AreaBattle.RecoveredWayLineVisual:SetLine (UnityEngine.Vector3,UnityEngine.Vector3,UnityEngine.Color,UnityEngine.Color,bool,bool,single) (at Assets/AreaBattle/Scripts/RecoveredWayLineVisual.cs:56)
AreaBattle.RecoveredWayLineVisual:Synchronize (AreaBattle.LineState,AreaBattle.TowerState,AreaBattle.TowerState,UnityEngine.Color,UnityEngine.Color,single) (at Assets/AreaBattle/Scripts/RecoveredWayLineVisual.cs:46)
AreaBattle.RecoveredWayLineVisual:Synchronize (AreaBattle.LineState,AreaBattle.TowerState,AreaBattle.TowerState,single) (at Assets/AreaBattle/Scripts/RecoveredWayLineVisual.cs:21)
AreaBattle.BattleView:RefreshPresentation () (at Assets/AreaBattle/Scripts/BattleView.cs:566)
AreaBattle.BattleView:AdvanceFrame (single,single) (at Assets/AreaBattle/Scripts/BattleView.cs:374)
AreaBattle.EditorTools.SkillInputValidation/<>c__DisplayClass1_3:<Run>b__19 () (at Assets/AreaBattle/Editor/SkillInputValidation.cs:177)
AreaBattle.EditorTools.SkillInputValidation/<>c__DisplayClass1_0:<Run>b__0 (string,System.Action) (at Assets/AreaBattle/Editor/SkillInputValidation.cs:18)
AreaBattle.EditorTools.SkillInputValidation:Run () (at Assets/AreaBattle/Editor/SkillInputValidation.cs:152)
System.Reflection.RuntimeMethodInfo:Invoke (object,System.Reflection.BindingFlags,System.Reflection.Binder,object[],System.Globalization.CultureInfo)
System.Reflection.MethodBase:Invoke (object,object[])
AreaBattle.EditorTools.BattleBuild:ValidateIntegrated () (at Assets/AreaBattle/Editor/BattleBuild.cs:32)
AreaBattle.EditorTools.BattleBuild:ValidateMechanicsOnly () (at Assets/AreaBattle/Editor/BattleBuild.cs:18)

[Assets/AreaBattle/Scripts/RecoveredWayLineVisual.cs line 21]

Instantiating material due to calling renderer.material during edit mode. This will leak materials into the scene. You most likely want to use renderer.sharedMaterial instead.
UnityEngine.Debug:ExtractStackTraceNoAlloc (byte*,int,string)
UnityEngine.StackTraceUtility:ExtractStackTrace () (at /Users/bokken/build/output/unity/unity/Runtime/Export/Scripting/StackTrace.cs:35)
UnityEngine.Renderer:GetMaterial ()
UnityEngine.Renderer:get_material () (at /Users/bokken/build/output/unity/unity/Runtime/Export/Graphics/GraphicsRenderers.bindings.cs:180)
AreaBattle.RecoveredWayLineVisual:Initialize () (at Assets/AreaBattle/Scripts/RecoveredWayLineVisual.cs:33)
AreaBattle.RecoveredWayLineVisual:SetLine (UnityEngine.Vector3,UnityEngine.Vector3,UnityEngine.Color,UnityEngine.Color,bool,bool,single) (at Assets/AreaBattle/Scripts/RecoveredWayLineVisual.cs:56)
AreaBattle.RecoveredWayLineVisual:Synchronize (AreaBattle.LineState,AreaBattle.TowerState,AreaBattle.TowerState,UnityEngine.Color,UnityEngine.Color,single) (at Assets/AreaBattle/Scripts/RecoveredWayLineVisual.cs:46)
AreaBattle.RecoveredWayLineVisual:Synchronize (AreaBattle.LineState,AreaBattle.TowerState,AreaBattle.TowerState,single) (at Assets/AreaBattle/Scripts/RecoveredWayLineVisual.cs:21)
AreaBattle.BattleView:RefreshPresentation () (at Assets/AreaBattle/Scripts/BattleView.cs:566)
AreaBattle.BattleView:AdvanceFrame (single,single) (at Assets/AreaBattle/Scripts/BattleView.cs:374)
AreaBattle.EditorTools.SkillInputValidation/<>c__DisplayClass1_3:<Run>b__19 () (at Assets/AreaBattle/Editor/SkillInputValidation.cs:177)
AreaBattle.EditorTools.SkillInputValidation/<>c__DisplayClass1_0:<Run>b__0 (string,System.Action) (at Assets/AreaBattle/Editor/SkillInputValidation.cs:18)
AreaBattle.EditorTools.SkillInputValidation:Run () (at Assets/AreaBattle/Editor/SkillInputValidation.cs:152)
System.Reflection.RuntimeMethodInfo:Invoke (object,System.Reflection.BindingFlags,System.Reflection.Binder,object[],System.Globalization.CultureInfo)
System.Reflection.MethodBase:Invoke (object,object[])
AreaBattle.EditorTools.BattleBuild:ValidateIntegrated () (at Assets/AreaBattle/Editor/BattleBuild.cs:32)
AreaBattle.EditorTools.BattleBuild:ValidateMechanicsOnly () (at Assets/AreaBattle/Editor/BattleBuild.cs:18)

[Assets/AreaBattle/Scripts/RecoveredWayLineVisual.cs line 21]

Instantiating material due to calling renderer.material during edit mode. This will leak materials into the scene. You most likely want to use renderer.sharedMaterial instead.
UnityEngine.Debug:ExtractStackTraceNoAlloc (byte*,int,string)
UnityEngine.StackTraceUtility:ExtractStackTrace () (at /Users/bokken/build/output/unity/unity/Runtime/Export/Scripting/StackTrace.cs:35)
UnityEngine.Renderer:GetMaterial ()
UnityEngine.Renderer:get_material () (at /Users/bokken/build/output/unity/unity/Runtime/Export/Graphics/GraphicsRenderers.bindings.cs:180)
AreaBattle.RecoveredWayLineVisual:Initialize () (at Assets/AreaBattle/Scripts/RecoveredWayLineVisual.cs:33)
AreaBattle.RecoveredWayLineVisual:SetLine (UnityEngine.Vector3,UnityEngine.Vector3,UnityEngine.Color,UnityEngine.Color,bool,bool,single) (at Assets/AreaBattle/Scripts/RecoveredWayLineVisual.cs:56)
AreaBattle.RecoveredWayLineVisual:Synchronize (AreaBattle.LineState,AreaBattle.TowerState,AreaBattle.TowerState,UnityEngine.Color,UnityEngine.Color,single) (at Assets/AreaBattle/Scripts/RecoveredWayLineVisual.cs:46)
AreaBattle.RecoveredWayLineVisual:Synchronize (AreaBattle.LineState,AreaBattle.TowerState,AreaBattle.TowerState,single) (at Assets/AreaBattle/Scripts/RecoveredWayLineVisual.cs:21)
AreaBattle.BattleView:RefreshPresentation () (at Assets/AreaBattle/Scripts/BattleView.cs:566)
AreaBattle.BattleView:AdvanceFrame (single,single) (at Assets/AreaBattle/Scripts/BattleView.cs:374)
AreaBattle.EditorTools.SkillInputValidation/<>c__DisplayClass1_3:<Run>b__19 () (at Assets/AreaBattle/Editor/SkillInputValidation.cs:177)
AreaBattle.EditorTools.SkillInputValidation/<>c__DisplayClass1_0:<Run>b__0 (string,System.Action) (at Assets/AreaBattle/Editor/SkillInputValidation.cs:18)
AreaBattle.EditorTools.SkillInputValidation:Run () (at Assets/AreaBattle/Editor/SkillInputValidation.cs:152)
System.Reflection.RuntimeMethodInfo:Invoke (object,System.Reflection.BindingFlags,System.Reflection.Binder,object[],System.Globalization.CultureInfo)
System.Reflection.MethodBase:Invoke (object,object[])
AreaBattle.EditorTools.BattleBuild:ValidateIntegrated () (at Assets/AreaBattle/Editor/BattleBuild.cs:32)
AreaBattle.EditorTools.BattleBuild:ValidateMechanicsOnly () (at Assets/AreaBattle/Editor/BattleBuild.cs:18)

[Assets/AreaBattle/Scripts/RecoveredWayLineVisual.cs line 21]

Instantiating material due to calling renderer.material during edit mode. This will leak materials into the scene. You most likely want to use renderer.sharedMaterial instead.
UnityEngine.Debug:ExtractStackTraceNoAlloc (byte*,int,string)
UnityEngine.StackTraceUtility:ExtractStackTrace () (at /Users/bokken/build/output/unity/unity/Runtime/Export/Scripting/StackTrace.cs:35)
UnityEngine.Renderer:GetMaterial ()
UnityEngine.Renderer:get_material () (at /Users/bokken/build/output/unity/unity/Runtime/Export/Graphics/GraphicsRenderers.bindings.cs:180)
AreaBattle.RecoveredWayLineVisual:Initialize () (at Assets/AreaBattle/Scripts/RecoveredWayLineVisual.cs:33)
AreaBattle.RecoveredWayLineVisual:SetLine (UnityEngine.Vector3,UnityEngine.Vector3,UnityEngine.Color,UnityEngine.Color,bool,bool,single) (at Assets/AreaBattle/Scripts/RecoveredWayLineVisual.cs:56)
AreaBattle.RecoveredWayLineVisual:Synchronize (AreaBattle.LineState,AreaBattle.TowerState,AreaBattle.TowerState,UnityEngine.Color,UnityEngine.Color,single) (at Assets/AreaBattle/Scripts/RecoveredWayLineVisual.cs:46)
AreaBattle.RecoveredWayLineVisual:Synchronize (AreaBattle.LineState,AreaBattle.TowerState,AreaBattle.TowerState,single) (at Assets/AreaBattle/Scripts/RecoveredWayLineVisual.cs:21)
AreaBattle.BattleView:RefreshPresentation () (at Assets/AreaBattle/Scripts/BattleView.cs:566)
AreaBattle.BattleView:AdvanceFrame (single,single) (at Assets/AreaBattle/Scripts/BattleView.cs:374)
AreaBattle.EditorTools.SkillInputValidation/<>c__DisplayClass1_3:<Run>b__19 () (at Assets/AreaBattle/Editor/SkillInputValidation.cs:177)
AreaBattle.EditorTools.SkillInputValidation/<>c__DisplayClass1_0:<Run>b__0 (string,System.Action) (at Assets/AreaBattle/Editor/SkillInputValidation.cs:18)
AreaBattle.EditorTools.SkillInputValidation:Run () (at Assets/AreaBattle/Editor/SkillInputValidation.cs:152)
System.Reflection.RuntimeMethodInfo:Invoke (object,System.Reflection.BindingFlags,System.Reflection.Binder,object[],System.Globalization.CultureInfo)
System.Reflection.MethodBase:Invoke (object,object[])
AreaBattle.EditorTools.BattleBuild:ValidateIntegrated () (at Assets/AreaBattle/Editor/BattleBuild.cs:32)
AreaBattle.EditorTools.BattleBuild:ValidateMechanicsOnly () (at Assets/AreaBattle/Editor/BattleBuild.cs:18)

[Assets/AreaBattle/Scripts/RecoveredWayLineVisual.cs line 21]

Instantiating material due to calling renderer.material during edit mode. This will leak materials into the scene. You most likely want to use renderer.sharedMaterial instead.
UnityEngine.Debug:ExtractStackTraceNoAlloc (byte*,int,string)
UnityEngine.StackTraceUtility:ExtractStackTrace () (at /Users/bokken/build/output/unity/unity/Runtime/Export/Scripting/StackTrace.cs:35)
UnityEngine.Renderer:GetMaterial ()
UnityEngine.Renderer:get_material () (at /Users/bokken/build/output/unity/unity/Runtime/Export/Graphics/GraphicsRenderers.bindings.cs:180)
AreaBattle.RecoveredWayLineVisual:Initialize () (at Assets/AreaBattle/Scripts/RecoveredWayLineVisual.cs:33)
AreaBattle.RecoveredWayLineVisual:SetLine (UnityEngine.Vector3,UnityEngine.Vector3,UnityEngine.Color,UnityEngine.Color,bool,bool,single) (at Assets/AreaBattle/Scripts/RecoveredWayLineVisual.cs:56)
AreaBattle.RecoveredWayLineVisual:Synchronize (AreaBattle.LineState,AreaBattle.TowerState,AreaBattle.TowerState,UnityEngine.Color,UnityEngine.Color,single) (at Assets/AreaBattle/Scripts/RecoveredWayLineVisual.cs:46)
AreaBattle.RecoveredWayLineVisual:Synchronize (AreaBattle.LineState,AreaBattle.TowerState,AreaBattle.TowerState,single) (at Assets/AreaBattle/Scripts/RecoveredWayLineVisual.cs:21)
AreaBattle.BattleView:RefreshPresentation () (at Assets/AreaBattle/Scripts/BattleView.cs:566)
AreaBattle.BattleView:AdvanceFrame (single,single) (at Assets/AreaBattle/Scripts/BattleView.cs:374)
AreaBattle.EditorTools.SkillInputValidation/<>c__DisplayClass1_3:<Run>b__19 () (at Assets/AreaBattle/Editor/SkillInputValidation.cs:177)
AreaBattle.EditorTools.SkillInputValidation/<>c__DisplayClass1_0:<Run>b__0 (string,System.Action) (at Assets/AreaBattle/Editor/SkillInputValidation.cs:18)
AreaBattle.EditorTools.SkillInputValidation:Run () (at Assets/AreaBattle/Editor/SkillInputValidation.cs:152)
System.Reflection.RuntimeMethodInfo:Invoke (object,System.Reflection.BindingFlags,System.Reflection.Binder,object[],System.Globalization.CultureInfo)
System.Reflection.MethodBase:Invoke (object,object[])
AreaBattle.EditorTools.BattleBuild:ValidateIntegrated () (at Assets/AreaBattle/Editor/BattleBuild.cs:32)
AreaBattle.EditorTools.BattleBuild:ValidateMechanicsOnly () (at Assets/AreaBattle/Editor/BattleBuild.cs:18)

[Assets/AreaBattle/Scripts/RecoveredWayLineVisual.cs line 21]

Instantiating material due to calling renderer.material during edit mode. This will leak materials into the scene. You most likely want to use renderer.sharedMaterial instead.
UnityEngine.Debug:ExtractStackTraceNoAlloc (byte*,int,string)
UnityEngine.StackTraceUtility:ExtractStackTrace () (at /Users/bokken/build/output/unity/unity/Runtime/Export/Scripting/StackTrace.cs:35)
UnityEngine.Renderer:GetMaterial ()
UnityEngine.Renderer:get_material () (at /Users/bokken/build/output/unity/unity/Runtime/Export/Graphics/GraphicsRenderers.bindings.cs:180)
AreaBattle.RecoveredWayLineVisual:Initialize () (at Assets/AreaBattle/Scripts/RecoveredWayLineVisual.cs:33)
AreaBattle.RecoveredWayLineVisual:SetLine (UnityEngine.Vector3,UnityEngine.Vector3,UnityEngine.Color,UnityEngine.Color,bool,bool,single) (at Assets/AreaBattle/Scripts/RecoveredWayLineVisual.cs:56)
AreaBattle.RecoveredWayLineVisual:Synchronize (AreaBattle.LineState,AreaBattle.TowerState,AreaBattle.TowerState,UnityEngine.Color,UnityEngine.Color,single) (at Assets/AreaBattle/Scripts/RecoveredWayLineVisual.cs:46)
AreaBattle.RecoveredWayLineVisual:Synchronize (AreaBattle.LineState,AreaBattle.TowerState,AreaBattle.TowerState,single) (at Assets/AreaBattle/Scripts/RecoveredWayLineVisual.cs:21)
AreaBattle.BattleView:RefreshPresentation () (at Assets/AreaBattle/Scripts/BattleView.cs:566)
AreaBattle.BattleView:AdvanceFrame (single,single) (at Assets/AreaBattle/Scripts/BattleView.cs:374)
AreaBattle.EditorTools.SkillInputValidation/<>c__DisplayClass1_3:<Run>b__19 () (at Assets/AreaBattle/Editor/SkillInputValidation.cs:177)
AreaBattle.EditorTools.SkillInputValidation/<>c__DisplayClass1_0:<Run>b__0 (string,System.Action) (at Assets/AreaBattle/Editor/SkillInputValidation.cs:18)
AreaBattle.EditorTools.SkillInputValidation:Run () (at Assets/AreaBattle/Editor/SkillInputValidation.cs:152)
System.Reflection.RuntimeMethodInfo:Invoke (object,System.Reflection.BindingFlags,System.Reflection.Binder,object[],System.Globalization.CultureInfo)
System.Reflection.MethodBase:Invoke (object,object[])
AreaBattle.EditorTools.BattleBuild:ValidateIntegrated () (at Assets/AreaBattle/Editor/BattleBuild.cs:32)
AreaBattle.EditorTools.BattleBuild:ValidateMechanicsOnly () (at Assets/AreaBattle/Editor/BattleBuild.cs:18)

[Assets/AreaBattle/Scripts/RecoveredWayLineVisual.cs line 21]

Instantiating material due to calling renderer.material during edit mode. This will leak materials into the scene. You most likely want to use renderer.sharedMaterial instead.
UnityEngine.Debug:ExtractStackTraceNoAlloc (byte*,int,string)
UnityEngine.StackTraceUtility:ExtractStackTrace () (at /Users/bokken/build/output/unity/unity/Runtime/Export/Scripting/StackTrace.cs:35)
UnityEngine.Renderer:GetMaterial ()
UnityEngine.Renderer:get_material () (at /Users/bokken/build/output/unity/unity/Runtime/Export/Graphics/GraphicsRenderers.bindings.cs:180)
AreaBattle.RecoveredWayLineVisual:Initialize () (at Assets/AreaBattle/Scripts/RecoveredWayLineVisual.cs:33)
AreaBattle.RecoveredWayLineVisual:SetLine (UnityEngine.Vector3,UnityEngine.Vector3,UnityEngine.Color,UnityEngine.Color,bool,bool,single) (at Assets/AreaBattle/Scripts/RecoveredWayLineVisual.cs:56)
AreaBattle.RecoveredWayLineVisual:Synchronize (AreaBattle.LineState,AreaBattle.TowerState,AreaBattle.TowerState,UnityEngine.Color,UnityEngine.Color,single) (at Assets/AreaBattle/Scripts/RecoveredWayLineVisual.cs:46)
AreaBattle.RecoveredWayLineVisual:Synchronize (AreaBattle.LineState,AreaBattle.TowerState,AreaBattle.TowerState,single) (at Assets/AreaBattle/Scripts/RecoveredWayLineVisual.cs:21)
AreaBattle.BattleView:RefreshPresentation () (at Assets/AreaBattle/Scripts/BattleView.cs:566)
AreaBattle.BattleView:AdvanceFrame (single,single) (at Assets/AreaBattle/Scripts/BattleView.cs:374)
AreaBattle.EditorTools.SkillInputValidation/<>c__DisplayClass1_3:<Run>b__19 () (at Assets/AreaBattle/Editor/SkillInputValidation.cs:177)
AreaBattle.EditorTools.SkillInputValidation/<>c__DisplayClass1_0:<Run>b__0 (string,System.Action) (at Assets/AreaBattle/Editor/SkillInputValidation.cs:18)
AreaBattle.EditorTools.SkillInputValidation:Run () (at Assets/AreaBattle/Editor/SkillInputValidation.cs:152)
System.Reflection.RuntimeMethodInfo:Invoke (object,System.Reflection.BindingFlags,System.Reflection.Binder,object[],System.Globalization.CultureInfo)
System.Reflection.MethodBase:Invoke (object,object[])
AreaBattle.EditorTools.BattleBuild:ValidateIntegrated () (at Assets/AreaBattle/Editor/BattleBuild.cs:32)
AreaBattle.EditorTools.BattleBuild:ValidateMechanicsOnly () (at Assets/AreaBattle/Editor/BattleBuild.cs:18)

[Assets/AreaBattle/Scripts/RecoveredWayLineVisual.cs line 21]

Instantiating material due to calling renderer.material during edit mode. This will leak materials into the scene. You most likely want to use renderer.sharedMaterial instead.
UnityEngine.Debug:ExtractStackTraceNoAlloc (byte*,int,string)
UnityEngine.StackTraceUtility:ExtractStackTrace () (at /Users/bokken/build/output/unity/unity/Runtime/Export/Scripting/StackTrace.cs:35)
UnityEngine.Renderer:GetMaterial ()
UnityEngine.Renderer:get_material () (at /Users/bokken/build/output/unity/unity/Runtime/Export/Graphics/GraphicsRenderers.bindings.cs:180)
AreaBattle.RecoveredWayLineVisual:Initialize () (at Assets/AreaBattle/Scripts/RecoveredWayLineVisual.cs:33)
AreaBattle.RecoveredWayLineVisual:SetLine (UnityEngine.Vector3,UnityEngine.Vector3,UnityEngine.Color,UnityEngine.Color,bool,bool,single) (at Assets/AreaBattle/Scripts/RecoveredWayLineVisual.cs:56)
AreaBattle.RecoveredWayLineVisual:Synchronize (AreaBattle.LineState,AreaBattle.TowerState,AreaBattle.TowerState,UnityEngine.Color,UnityEngine.Color,single) (at Assets/AreaBattle/Scripts/RecoveredWayLineVisual.cs:46)
AreaBattle.RecoveredWayLineVisual:Synchronize (AreaBattle.LineState,AreaBattle.TowerState,AreaBattle.TowerState,single) (at Assets/AreaBattle/Scripts/RecoveredWayLineVisual.cs:21)
AreaBattle.BattleView:RefreshPresentation () (at Assets/AreaBattle/Scripts/BattleView.cs:566)
AreaBattle.BattleView:AdvanceFrame (single,single) (at Assets/AreaBattle/Scripts/BattleView.cs:374)
AreaBattle.EditorTools.SkillInputValidation/<>c__DisplayClass1_3:<Run>b__19 () (at Assets/AreaBattle/Editor/SkillInputValidation.cs:177)
AreaBattle.EditorTools.SkillInputValidation/<>c__DisplayClass1_0:<Run>b__0 (string,System.Action) (at Assets/AreaBattle/Editor/SkillInputValidation.cs:18)
AreaBattle.EditorTools.SkillInputValidation:Run () (at Assets/AreaBattle/Editor/SkillInputValidation.cs:152)
System.Reflection.RuntimeMethodInfo:Invoke (object,System.Reflection.BindingFlags,System.Reflection.Binder,object[],System.Globalization.CultureInfo)
System.Reflection.MethodBase:Invoke (object,object[])
AreaBattle.EditorTools.BattleBuild:ValidateIntegrated () (at Assets/AreaBattle/Editor/BattleBuild.cs:32)
AreaBattle.EditorTools.BattleBuild:ValidateMechanicsOnly () (at Assets/AreaBattle/Editor/BattleBuild.cs:18)

[Assets/AreaBattle/Scripts/RecoveredWayLineVisual.cs line 21]

Instantiating material due to calling renderer.material during edit mode. This will leak materials into the scene. You most likely want to use renderer.sharedMaterial instead.
UnityEngine.Debug:ExtractStackTraceNoAlloc (byte*,int,string)
UnityEngine.StackTraceUtility:ExtractStackTrace () (at /Users/bokken/build/output/unity/unity/Runtime/Export/Scripting/StackTrace.cs:35)
UnityEngine.Renderer:GetMaterial ()
UnityEngine.Renderer:get_material () (at /Users/bokken/build/output/unity/unity/Runtime/Export/Graphics/GraphicsRenderers.bindings.cs:180)
AreaBattle.RecoveredWayLineVisual:Initialize () (at Assets/AreaBattle/Scripts/RecoveredWayLineVisual.cs:33)
AreaBattle.RecoveredWayLineVisual:SetLine (UnityEngine.Vector3,UnityEngine.Vector3,UnityEngine.Color,UnityEngine.Color,bool,bool,single) (at Assets/AreaBattle/Scripts/RecoveredWayLineVisual.cs:56)
AreaBattle.RecoveredWayLineVisual:Synchronize (AreaBattle.LineState,AreaBattle.TowerState,AreaBattle.TowerState,UnityEngine.Color,UnityEngine.Color,single) (at Assets/AreaBattle/Scripts/RecoveredWayLineVisual.cs:46)
AreaBattle.RecoveredWayLineVisual:Synchronize (AreaBattle.LineState,AreaBattle.TowerState,AreaBattle.TowerState,single) (at Assets/AreaBattle/Scripts/RecoveredWayLineVisual.cs:21)
AreaBattle.BattleView:RefreshPresentation () (at Assets/AreaBattle/Scripts/BattleView.cs:566)
AreaBattle.BattleView:AdvanceFrame (single,single) (at Assets/AreaBattle/Scripts/BattleView.cs:374)
AreaBattle.EditorTools.SkillInputValidation/<>c__DisplayClass1_3:<Run>b__19 () (at Assets/AreaBattle/Editor/SkillInputValidation.cs:177)
AreaBattle.EditorTools.SkillInputValidation/<>c__DisplayClass1_0:<Run>b__0 (string,System.Action) (at Assets/AreaBattle/Editor/SkillInputValidation.cs:18)
AreaBattle.EditorTools.SkillInputValidation:Run () (at Assets/AreaBattle/Editor/SkillInputValidation.cs:152)
System.Reflection.RuntimeMethodInfo:Invoke (object,System.Reflection.BindingFlags,System.Reflection.Binder,object[],System.Globalization.CultureInfo)
System.Reflection.MethodBase:Invoke (object,object[])
AreaBattle.EditorTools.BattleBuild:ValidateIntegrated () (at Assets/AreaBattle/Editor/BattleBuild.cs:32)
AreaBattle.EditorTools.BattleBuild:ValidateMechanicsOnly () (at Assets/AreaBattle/Editor/BattleBuild.cs:18)

[Assets/AreaBattle/Scripts/RecoveredWayLineVisual.cs line 21]

Instantiating material due to calling renderer.material during edit mode. This will leak materials into the scene. You most likely want to use renderer.sharedMaterial instead.
UnityEngine.Debug:ExtractStackTraceNoAlloc (byte*,int,string)
UnityEngine.StackTraceUtility:ExtractStackTrace () (at /Users/bokken/build/output/unity/unity/Runtime/Export/Scripting/StackTrace.cs:35)
UnityEngine.Renderer:GetMaterial ()
UnityEngine.Renderer:get_material () (at /Users/bokken/build/output/unity/unity/Runtime/Export/Graphics/GraphicsRenderers.bindings.cs:180)
AreaBattle.RecoveredWayLineVisual:Initialize () (at Assets/AreaBattle/Scripts/RecoveredWayLineVisual.cs:33)
AreaBattle.RecoveredWayLineVisual:SetLine (UnityEngine.Vector3,UnityEngine.Vector3,UnityEngine.Color,UnityEngine.Color,bool,bool,single) (at Assets/AreaBattle/Scripts/RecoveredWayLineVisual.cs:56)
AreaBattle.RecoveredWayLineVisual:Synchronize (AreaBattle.LineState,AreaBattle.TowerState,AreaBattle.TowerState,UnityEngine.Color,UnityEngine.Color,single) (at Assets/AreaBattle/Scripts/RecoveredWayLineVisual.cs:46)
AreaBattle.RecoveredWayLineVisual:Synchronize (AreaBattle.LineState,AreaBattle.TowerState,AreaBattle.TowerState,single) (at Assets/AreaBattle/Scripts/RecoveredWayLineVisual.cs:21)
AreaBattle.BattleView:RefreshPresentation () (at Assets/AreaBattle/Scripts/BattleView.cs:566)
AreaBattle.BattleView:AdvanceFrame (single,single) (at Assets/AreaBattle/Scripts/BattleView.cs:374)
AreaBattle.EditorTools.SkillInputValidation/<>c__DisplayClass1_3:<Run>b__19 () (at Assets/AreaBattle/Editor/SkillInputValidation.cs:177)
AreaBattle.EditorTools.SkillInputValidation/<>c__DisplayClass1_0:<Run>b__0 (string,System.Action) (at Assets/AreaBattle/Editor/SkillInputValidation.cs:18)
AreaBattle.EditorTools.SkillInputValidation:Run () (at Assets/AreaBattle/Editor/SkillInputValidation.cs:152)
System.Reflection.RuntimeMethodInfo:Invoke (object,System.Reflection.BindingFlags,System.Reflection.Binder,object[],System.Globalization.CultureInfo)
System.Reflection.MethodBase:Invoke (object,object[])
AreaBattle.EditorTools.BattleBuild:ValidateIntegrated () (at Assets/AreaBattle/Editor/BattleBuild.cs:32)
AreaBattle.EditorTools.BattleBuild:ValidateMechanicsOnly () (at Assets/AreaBattle/Editor/BattleBuild.cs:18)

[Assets/AreaBattle/Scripts/RecoveredWayLineVisual.cs line 21]

Instantiating material due to calling renderer.material during edit mode. This will leak materials into the scene. You most likely want to use renderer.sharedMaterial instead.
UnityEngine.Debug:ExtractStackTraceNoAlloc (byte*,int,string)
UnityEngine.StackTraceUtility:ExtractStackTrace () (at /Users/bokken/build/output/unity/unity/Runtime/Export/Scripting/StackTrace.cs:35)
UnityEngine.Renderer:GetMaterial ()
UnityEngine.Renderer:get_material () (at /Users/bokken/build/output/unity/unity/Runtime/Export/Graphics/GraphicsRenderers.bindings.cs:180)
AreaBattle.RecoveredWayLineVisual:Initialize () (at Assets/AreaBattle/Scripts/RecoveredWayLineVisual.cs:33)
AreaBattle.RecoveredWayLineVisual:SetLine (UnityEngine.Vector3,UnityEngine.Vector3,UnityEngine.Color,UnityEngine.Color,bool,bool,single) (at Assets/AreaBattle/Scripts/RecoveredWayLineVisual.cs:56)
AreaBattle.RecoveredWayLineVisual:Synchronize (AreaBattle.LineState,AreaBattle.TowerState,AreaBattle.TowerState,UnityEngine.Color,UnityEngine.Color,single) (at Assets/AreaBattle/Scripts/RecoveredWayLineVisual.cs:46)
AreaBattle.RecoveredWayLineVisual:Synchronize (AreaBattle.LineState,AreaBattle.TowerState,AreaBattle.TowerState,single) (at Assets/AreaBattle/Scripts/RecoveredWayLineVisual.cs:21)
AreaBattle.BattleView:RefreshPresentation () (at Assets/AreaBattle/Scripts/BattleView.cs:566)
AreaBattle.BattleView:AdvanceFrame (single,single) (at Assets/AreaBattle/Scripts/BattleView.cs:374)
AreaBattle.EditorTools.SkillInputValidation/<>c__DisplayClass1_3:<Run>b__19 () (at Assets/AreaBattle/Editor/SkillInputValidation.cs:177)
AreaBattle.EditorTools.SkillInputValidation/<>c__DisplayClass1_0:<Run>b__0 (string,System.Action) (at Assets/AreaBattle/Editor/SkillInputValidation.cs:18)
AreaBattle.EditorTools.SkillInputValidation:Run () (at Assets/AreaBattle/Editor/SkillInputValidation.cs:152)
System.Reflection.RuntimeMethodInfo:Invoke (object,System.Reflection.BindingFlags,System.Reflection.Binder,object[],System.Globalization.CultureInfo)
System.Reflection.MethodBase:Invoke (object,object[])
AreaBattle.EditorTools.BattleBuild:ValidateIntegrated () (at Assets/AreaBattle/Editor/BattleBuild.cs:32)
AreaBattle.EditorTools.BattleBuild:ValidateMechanicsOnly () (at Assets/AreaBattle/Editor/BattleBuild.cs:18)

[Assets/AreaBattle/Scripts/RecoveredWayLineVisual.cs line 21]

Instantiating material due to calling renderer.material during edit mode. This will leak materials into the scene. You most likely want to use renderer.sharedMaterial instead.
UnityEngine.Debug:ExtractStackTraceNoAlloc (byte*,int,string)
UnityEngine.StackTraceUtility:ExtractStackTrace () (at /Users/bokken/build/output/unity/unity/Runtime/Export/Scripting/StackTrace.cs:35)
UnityEngine.Renderer:GetMaterial ()
UnityEngine.Renderer:get_material () (at /Users/bokken/build/output/unity/unity/Runtime/Export/Graphics/GraphicsRenderers.bindings.cs:180)
AreaBattle.RecoveredWayLineVisual:Initialize () (at Assets/AreaBattle/Scripts/RecoveredWayLineVisual.cs:33)
AreaBattle.RecoveredWayLineVisual:SetLine (UnityEngine.Vector3,UnityEngine.Vector3,UnityEngine.Color,UnityEngine.Color,bool,bool,single) (at Assets/AreaBattle/Scripts/RecoveredWayLineVisual.cs:56)
AreaBattle.RecoveredWayLineVisual:Synchronize (AreaBattle.LineState,AreaBattle.TowerState,AreaBattle.TowerState,UnityEngine.Color,UnityEngine.Color,single) (at Assets/AreaBattle/Scripts/RecoveredWayLineVisual.cs:46)
AreaBattle.RecoveredWayLineVisual:Synchronize (AreaBattle.LineState,AreaBattle.TowerState,AreaBattle.TowerState,single) (at Assets/AreaBattle/Scripts/RecoveredWayLineVisual.cs:21)
AreaBattle.BattleView:RefreshPresentation () (at Assets/AreaBattle/Scripts/BattleView.cs:566)
AreaBattle.BattleView:AdvanceFrame (single,single) (at Assets/AreaBattle/Scripts/BattleView.cs:374)
AreaBattle.EditorTools.SkillInputValidation/<>c__DisplayClass1_3:<Run>b__19 () (at Assets/AreaBattle/Editor/SkillInputValidation.cs:177)
AreaBattle.EditorTools.SkillInputValidation/<>c__DisplayClass1_0:<Run>b__0 (string,System.Action) (at Assets/AreaBattle/Editor/SkillInputValidation.cs:18)
AreaBattle.EditorTools.SkillInputValidation:Run () (at Assets/AreaBattle/Editor/SkillInputValidation.cs:152)
System.Reflection.RuntimeMethodInfo:Invoke (object,System.Reflection.BindingFlags,System.Reflection.Binder,object[],System.Globalization.CultureInfo)
System.Reflection.MethodBase:Invoke (object,object[])
AreaBattle.EditorTools.BattleBuild:ValidateIntegrated () (at Assets/AreaBattle/Editor/BattleBuild.cs:32)
AreaBattle.EditorTools.BattleBuild:ValidateMechanicsOnly () (at Assets/AreaBattle/Editor/BattleBuild.cs:18)

[Assets/AreaBattle/Scripts/RecoveredWayLineVisual.cs line 21]

Instantiating material due to calling renderer.material during edit mode. This will leak materials into the scene. You most likely want to use renderer.sharedMaterial instead.
UnityEngine.Debug:ExtractStackTraceNoAlloc (byte*,int,string)
UnityEngine.StackTraceUtility:ExtractStackTrace () (at /Users/bokken/build/output/unity/unity/Runtime/Export/Scripting/StackTrace.cs:35)
UnityEngine.Renderer:GetMaterial ()
UnityEngine.Renderer:get_material () (at /Users/bokken/build/output/unity/unity/Runtime/Export/Graphics/GraphicsRenderers.bindings.cs:180)
AreaBattle.RecoveredWayLineVisual:Initialize () (at Assets/AreaBattle/Scripts/RecoveredWayLineVisual.cs:33)
AreaBattle.RecoveredWayLineVisual:SetLine (UnityEngine.Vector3,UnityEngine.Vector3,UnityEngine.Color,UnityEngine.Color,bool,bool,single) (at Assets/AreaBattle/Scripts/RecoveredWayLineVisual.cs:56)
AreaBattle.RecoveredWayLineVisual:Synchronize (AreaBattle.LineState,AreaBattle.TowerState,AreaBattle.TowerState,UnityEngine.Color,UnityEngine.Color,single) (at Assets/AreaBattle/Scripts/RecoveredWayLineVisual.cs:46)
AreaBattle.RecoveredWayLineVisual:Synchronize (AreaBattle.LineState,AreaBattle.TowerState,AreaBattle.TowerState,single) (at Assets/AreaBattle/Scripts/RecoveredWayLineVisual.cs:21)
AreaBattle.BattleView:RefreshPresentation () (at Assets/AreaBattle/Scripts/BattleView.cs:566)
AreaBattle.BattleView:AdvanceFrame (single,single) (at Assets/AreaBattle/Scripts/BattleView.cs:374)
AreaBattle.EditorTools.SkillInputValidation/<>c__DisplayClass1_3:<Run>b__19 () (at Assets/AreaBattle/Editor/SkillInputValidation.cs:177)
AreaBattle.EditorTools.SkillInputValidation/<>c__DisplayClass1_0:<Run>b__0 (string,System.Action) (at Assets/AreaBattle/Editor/SkillInputValidation.cs:18)
AreaBattle.EditorTools.SkillInputValidation:Run () (at Assets/AreaBattle/Editor/SkillInputValidation.cs:152)
System.Reflection.RuntimeMethodInfo:Invoke (object,System.Reflection.BindingFlags,System.Reflection.Binder,object[],System.Globalization.CultureInfo)
System.Reflection.MethodBase:Invoke (object,object[])
AreaBattle.EditorTools.BattleBuild:ValidateIntegrated () (at Assets/AreaBattle/Editor/BattleBuild.cs:32)
AreaBattle.EditorTools.BattleBuild:ValidateMechanicsOnly () (at Assets/AreaBattle/Editor/BattleBuild.cs:18)

[Assets/AreaBattle/Scripts/RecoveredWayLineVisual.cs line 21]

Instantiating material due to calling renderer.material during edit mode. This will leak materials into the scene. You most likely want to use renderer.sharedMaterial instead.
UnityEngine.Debug:ExtractStackTraceNoAlloc (byte*,int,string)
UnityEngine.StackTraceUtility:ExtractStackTrace () (at /Users/bokken/build/output/unity/unity/Runtime/Export/Scripting/StackTrace.cs:35)
UnityEngine.Renderer:GetMaterial ()
UnityEngine.Renderer:get_material () (at /Users/bokken/build/output/unity/unity/Runtime/Export/Graphics/GraphicsRenderers.bindings.cs:180)
AreaBattle.RecoveredWayLineVisual:Initialize () (at Assets/AreaBattle/Scripts/RecoveredWayLineVisual.cs:33)
AreaBattle.RecoveredWayLineVisual:SetLine (UnityEngine.Vector3,UnityEngine.Vector3,UnityEngine.Color,UnityEngine.Color,bool,bool,single) (at Assets/AreaBattle/Scripts/RecoveredWayLineVisual.cs:56)
AreaBattle.RecoveredWayLineVisual:Synchronize (AreaBattle.LineState,AreaBattle.TowerState,AreaBattle.TowerState,UnityEngine.Color,UnityEngine.Color,single) (at Assets/AreaBattle/Scripts/RecoveredWayLineVisual.cs:46)
AreaBattle.RecoveredWayLineVisual:Synchronize (AreaBattle.LineState,AreaBattle.TowerState,AreaBattle.TowerState,single) (at Assets/AreaBattle/Scripts/RecoveredWayLineVisual.cs:21)
AreaBattle.BattleView:RefreshPresentation () (at Assets/AreaBattle/Scripts/BattleView.cs:566)
AreaBattle.BattleView:AdvanceFrame (single,single) (at Assets/AreaBattle/Scripts/BattleView.cs:374)
AreaBattle.EditorTools.SkillInputValidation/<>c__DisplayClass1_3:<Run>b__19 () (at Assets/AreaBattle/Editor/SkillInputValidation.cs:177)
AreaBattle.EditorTools.SkillInputValidation/<>c__DisplayClass1_0:<Run>b__0 (string,System.Action) (at Assets/AreaBattle/Editor/SkillInputValidation.cs:18)
AreaBattle.EditorTools.SkillInputValidation:Run () (at Assets/AreaBattle/Editor/SkillInputValidation.cs:152)
System.Reflection.RuntimeMethodInfo:Invoke (object,System.Reflection.BindingFlags,System.Reflection.Binder,object[],System.Globalization.CultureInfo)
System.Reflection.MethodBase:Invoke (object,object[])
AreaBattle.EditorTools.BattleBuild:ValidateIntegrated () (at Assets/AreaBattle/Editor/BattleBuild.cs:32)
AreaBattle.EditorTools.BattleBuild:ValidateMechanicsOnly () (at Assets/AreaBattle/Editor/BattleBuild.cs:18)

[Assets/AreaBattle/Scripts/RecoveredWayLineVisual.cs line 21]

Instantiating material due to calling renderer.material during edit mode. This will leak materials into the scene. You most likely want to use renderer.sharedMaterial instead.
UnityEngine.Debug:ExtractStackTraceNoAlloc (byte*,int,string)
UnityEngine.StackTraceUtility:ExtractStackTrace () (at /Users/bokken/build/output/unity/unity/Runtime/Export/Scripting/StackTrace.cs:35)
UnityEngine.Renderer:GetMaterial ()
UnityEngine.Renderer:get_material () (at /Users/bokken/build/output/unity/unity/Runtime/Export/Graphics/GraphicsRenderers.bindings.cs:180)
AreaBattle.RecoveredWayLineVisual:Initialize () (at Assets/AreaBattle/Scripts/RecoveredWayLineVisual.cs:33)
AreaBattle.RecoveredWayLineVisual:SetLine (UnityEngine.Vector3,UnityEngine.Vector3,UnityEngine.Color,UnityEngine.Color,bool,bool,single) (at Assets/AreaBattle/Scripts/RecoveredWayLineVisual.cs:56)
AreaBattle.RecoveredWayLineVisual:Synchronize (AreaBattle.LineState,AreaBattle.TowerState,AreaBattle.TowerState,UnityEngine.Color,UnityEngine.Color,single) (at Assets/AreaBattle/Scripts/RecoveredWayLineVisual.cs:46)
AreaBattle.RecoveredWayLineVisual:Synchronize (AreaBattle.LineState,AreaBattle.TowerState,AreaBattle.TowerState,single) (at Assets/AreaBattle/Scripts/RecoveredWayLineVisual.cs:21)
AreaBattle.BattleView:RefreshPresentation () (at Assets/AreaBattle/Scripts/BattleView.cs:566)
AreaBattle.BattleView:AdvanceFrame (single,single) (at Assets/AreaBattle/Scripts/BattleView.cs:374)
AreaBattle.EditorTools.SkillInputValidation/<>c__DisplayClass1_3:<Run>b__19 () (at Assets/AreaBattle/Editor/SkillInputValidation.cs:177)
AreaBattle.EditorTools.SkillInputValidation/<>c__DisplayClass1_0:<Run>b__0 (string,System.Action) (at Assets/AreaBattle/Editor/SkillInputValidation.cs:18)
AreaBattle.EditorTools.SkillInputValidation:Run () (at Assets/AreaBattle/Editor/SkillInputValidation.cs:152)
System.Reflection.RuntimeMethodInfo:Invoke (object,System.Reflection.BindingFlags,System.Reflection.Binder,object[],System.Globalization.CultureInfo)
System.Reflection.MethodBase:Invoke (object,object[])
AreaBattle.EditorTools.BattleBuild:ValidateIntegrated () (at Assets/AreaBattle/Editor/BattleBuild.cs:32)
AreaBattle.EditorTools.BattleBuild:ValidateMechanicsOnly () (at Assets/AreaBattle/Editor/BattleBuild.cs:18)

[Assets/AreaBattle/Scripts/RecoveredWayLineVisual.cs line 21]

Instantiating material due to calling renderer.material during edit mode. This will leak materials into the scene. You most likely want to use renderer.sharedMaterial instead.
UnityEngine.Debug:ExtractStackTraceNoAlloc (byte*,int,string)
UnityEngine.StackTraceUtility:ExtractStackTrace () (at /Users/bokken/build/output/unity/unity/Runtime/Export/Scripting/StackTrace.cs:35)
UnityEngine.Renderer:GetMaterial ()
UnityEngine.Renderer:get_material () (at /Users/bokken/build/output/unity/unity/Runtime/Export/Graphics/GraphicsRenderers.bindings.cs:180)
AreaBattle.RecoveredWayLineVisual:Initialize () (at Assets/AreaBattle/Scripts/RecoveredWayLineVisual.cs:33)
AreaBattle.RecoveredWayLineVisual:SetLine (UnityEngine.Vector3,UnityEngine.Vector3,UnityEngine.Color,UnityEngine.Color,bool,bool,single) (at Assets/AreaBattle/Scripts/RecoveredWayLineVisual.cs:56)
AreaBattle.RecoveredWayLineVisual:Synchronize (AreaBattle.LineState,AreaBattle.TowerState,AreaBattle.TowerState,UnityEngine.Color,UnityEngine.Color,single) (at Assets/AreaBattle/Scripts/RecoveredWayLineVisual.cs:46)
AreaBattle.RecoveredWayLineVisual:Synchronize (AreaBattle.LineState,AreaBattle.TowerState,AreaBattle.TowerState,single) (at Assets/AreaBattle/Scripts/RecoveredWayLineVisual.cs:21)
AreaBattle.BattleView:RefreshPresentation () (at Assets/AreaBattle/Scripts/BattleView.cs:566)
AreaBattle.BattleView:AdvanceFrame (single,single) (at Assets/AreaBattle/Scripts/BattleView.cs:374)
AreaBattle.EditorTools.SkillInputValidation/<>c__DisplayClass1_3:<Run>b__19 () (at Assets/AreaBattle/Editor/SkillInputValidation.cs:177)
AreaBattle.EditorTools.SkillInputValidation/<>c__DisplayClass1_0:<Run>b__0 (string,System.Action) (at Assets/AreaBattle/Editor/SkillInputValidation.cs:18)
AreaBattle.EditorTools.SkillInputValidation:Run () (at Assets/AreaBattle/Editor/SkillInputValidation.cs:152)
System.Reflection.RuntimeMethodInfo:Invoke (object,System.Reflection.BindingFlags,System.Reflection.Binder,object[],System.Globalization.CultureInfo)
System.Reflection.MethodBase:Invoke (object,object[])
AreaBattle.EditorTools.BattleBuild:ValidateIntegrated () (at Assets/AreaBattle/Editor/BattleBuild.cs:32)
AreaBattle.EditorTools.BattleBuild:ValidateMechanicsOnly () (at Assets/AreaBattle/Editor/BattleBuild.cs:18)

[Assets/AreaBattle/Scripts/RecoveredWayLineVisual.cs line 21]

Instantiating material due to calling renderer.material during edit mode. This will leak materials into the scene. You most likely want to use renderer.sharedMaterial instead.
UnityEngine.Debug:ExtractStackTraceNoAlloc (byte*,int,string)
UnityEngine.StackTraceUtility:ExtractStackTrace () (at /Users/bokken/build/output/unity/unity/Runtime/Export/Scripting/StackTrace.cs:35)
UnityEngine.Renderer:GetMaterial ()
UnityEngine.Renderer:get_material () (at /Users/bokken/build/output/unity/unity/Runtime/Export/Graphics/GraphicsRenderers.bindings.cs:180)
AreaBattle.RecoveredWayLineVisual:Initialize () (at Assets/AreaBattle/Scripts/RecoveredWayLineVisual.cs:33)
AreaBattle.RecoveredWayLineVisual:SetLine (UnityEngine.Vector3,UnityEngine.Vector3,UnityEngine.Color,UnityEngine.Color,bool,bool,single) (at Assets/AreaBattle/Scripts/RecoveredWayLineVisual.cs:56)
AreaBattle.RecoveredWayLineVisual:Synchronize (AreaBattle.LineState,AreaBattle.TowerState,AreaBattle.TowerState,UnityEngine.Color,UnityEngine.Color,single) (at Assets/AreaBattle/Scripts/RecoveredWayLineVisual.cs:46)
AreaBattle.RecoveredWayLineVisual:Synchronize (AreaBattle.LineState,AreaBattle.TowerState,AreaBattle.TowerState,single) (at Assets/AreaBattle/Scripts/RecoveredWayLineVisual.cs:21)
AreaBattle.BattleView:RefreshPresentation () (at Assets/AreaBattle/Scripts/BattleView.cs:566)
AreaBattle.BattleView:AdvanceFrame (single,single) (at Assets/AreaBattle/Scripts/BattleView.cs:374)
AreaBattle.EditorTools.SkillInputValidation/<>c__DisplayClass1_3:<Run>b__19 () (at Assets/AreaBattle/Editor/SkillInputValidation.cs:177)
AreaBattle.EditorTools.SkillInputValidation/<>c__DisplayClass1_0:<Run>b__0 (string,System.Action) (at Assets/AreaBattle/Editor/SkillInputValidation.cs:18)
AreaBattle.EditorTools.SkillInputValidation:Run () (at Assets/AreaBattle/Editor/SkillInputValidation.cs:152)
System.Reflection.RuntimeMethodInfo:Invoke (object,System.Reflection.BindingFlags,System.Reflection.Binder,object[],System.Globalization.CultureInfo)
System.Reflection.MethodBase:Invoke (object,object[])
AreaBattle.EditorTools.BattleBuild:ValidateIntegrated () (at Assets/AreaBattle/Editor/BattleBuild.cs:32)
AreaBattle.EditorTools.BattleBuild:ValidateMechanicsOnly () (at Assets/AreaBattle/Editor/BattleBuild.cs:18)

[Assets/AreaBattle/Scripts/RecoveredWayLineVisual.cs line 21]

Instantiating material due to calling renderer.material during edit mode. This will leak materials into the scene. You most likely want to use renderer.sharedMaterial instead.
UnityEngine.Debug:ExtractStackTraceNoAlloc (byte*,int,string)
UnityEngine.StackTraceUtility:ExtractStackTrace () (at /Users/bokken/build/output/unity/unity/Runtime/Export/Scripting/StackTrace.cs:35)
UnityEngine.Renderer:GetMaterial ()
UnityEngine.Renderer:get_material () (at /Users/bokken/build/output/unity/unity/Runtime/Export/Graphics/GraphicsRenderers.bindings.cs:180)
AreaBattle.RecoveredWayLineVisual:Initialize () (at Assets/AreaBattle/Scripts/RecoveredWayLineVisual.cs:33)
AreaBattle.RecoveredWayLineVisual:SetLine (UnityEngine.Vector3,UnityEngine.Vector3,UnityEngine.Color,UnityEngine.Color,bool,bool,single) (at Assets/AreaBattle/Scripts/RecoveredWayLineVisual.cs:56)
AreaBattle.RecoveredWayLineVisual:Synchronize (AreaBattle.LineState,AreaBattle.TowerState,AreaBattle.TowerState,UnityEngine.Color,UnityEngine.Color,single) (at Assets/AreaBattle/Scripts/RecoveredWayLineVisual.cs:46)
AreaBattle.RecoveredWayLineVisual:Synchronize (AreaBattle.LineState,AreaBattle.TowerState,AreaBattle.TowerState,single) (at Assets/AreaBattle/Scripts/RecoveredWayLineVisual.cs:21)
AreaBattle.BattleView:RefreshPresentation () (at Assets/AreaBattle/Scripts/BattleView.cs:566)
AreaBattle.BattleView:AdvanceFrame (single,single) (at Assets/AreaBattle/Scripts/BattleView.cs:374)
AreaBattle.EditorTools.SkillInputValidation/<>c__DisplayClass1_3:<Run>b__19 () (at Assets/AreaBattle/Editor/SkillInputValidation.cs:177)
AreaBattle.EditorTools.SkillInputValidation/<>c__DisplayClass1_0:<Run>b__0 (string,System.Action) (at Assets/AreaBattle/Editor/SkillInputValidation.cs:18)
AreaBattle.EditorTools.SkillInputValidation:Run () (at Assets/AreaBattle/Editor/SkillInputValidation.cs:152)
System.Reflection.RuntimeMethodInfo:Invoke (object,System.Reflection.BindingFlags,System.Reflection.Binder,object[],System.Globalization.CultureInfo)
System.Reflection.MethodBase:Invoke (object,object[])
AreaBattle.EditorTools.BattleBuild:ValidateIntegrated () (at Assets/AreaBattle/Editor/BattleBuild.cs:32)
AreaBattle.EditorTools.BattleBuild:ValidateMechanicsOnly () (at Assets/AreaBattle/Editor/BattleBuild.cs:18)

[Assets/AreaBattle/Scripts/RecoveredWayLineVisual.cs line 21]

Instantiating material due to calling renderer.material during edit mode. This will leak materials into the scene. You most likely want to use renderer.sharedMaterial instead.
UnityEngine.Debug:ExtractStackTraceNoAlloc (byte*,int,string)
UnityEngine.StackTraceUtility:ExtractStackTrace () (at /Users/bokken/build/output/unity/unity/Runtime/Export/Scripting/StackTrace.cs:35)
UnityEngine.Renderer:GetMaterial ()
UnityEngine.Renderer:get_material () (at /Users/bokken/build/output/unity/unity/Runtime/Export/Graphics/GraphicsRenderers.bindings.cs:180)
AreaBattle.RecoveredWayLineVisual:Initialize () (at Assets/AreaBattle/Scripts/RecoveredWayLineVisual.cs:33)
AreaBattle.RecoveredWayLineVisual:SetLine (UnityEngine.Vector3,UnityEngine.Vector3,UnityEngine.Color,UnityEngine.Color,bool,bool,single) (at Assets/AreaBattle/Scripts/RecoveredWayLineVisual.cs:56)
AreaBattle.RecoveredWayLineVisual:Synchronize (AreaBattle.LineState,AreaBattle.TowerState,AreaBattle.TowerState,UnityEngine.Color,UnityEngine.Color,single) (at Assets/AreaBattle/Scripts/RecoveredWayLineVisual.cs:46)
AreaBattle.RecoveredWayLineVisual:Synchronize (AreaBattle.LineState,AreaBattle.TowerState,AreaBattle.TowerState,single) (at Assets/AreaBattle/Scripts/RecoveredWayLineVisual.cs:21)
AreaBattle.BattleView:RefreshPresentation () (at Assets/AreaBattle/Scripts/BattleView.cs:566)
AreaBattle.BattleView:AdvanceFrame (single,single) (at Assets/AreaBattle/Scripts/BattleView.cs:374)
AreaBattle.EditorTools.SkillInputValidation/<>c__DisplayClass1_3:<Run>b__19 () (at Assets/AreaBattle/Editor/SkillInputValidation.cs:177)
AreaBattle.EditorTools.SkillInputValidation/<>c__DisplayClass1_0:<Run>b__0 (string,System.Action) (at Assets/AreaBattle/Editor/SkillInputValidation.cs:18)
AreaBattle.EditorTools.SkillInputValidation:Run () (at Assets/AreaBattle/Editor/SkillInputValidation.cs:152)
System.Reflection.RuntimeMethodInfo:Invoke (object,System.Reflection.BindingFlags,System.Reflection.Binder,object[],System.Globalization.CultureInfo)
System.Reflection.MethodBase:Invoke (object,object[])
AreaBattle.EditorTools.BattleBuild:ValidateIntegrated () (at Assets/AreaBattle/Editor/BattleBuild.cs:32)
AreaBattle.EditorTools.BattleBuild:ValidateMechanicsOnly () (at Assets/AreaBattle/Editor/BattleBuild.cs:18)

[Assets/AreaBattle/Scripts/RecoveredWayLineVisual.cs line 21]

Instantiating material due to calling renderer.material during edit mode. This will leak materials into the scene. You most likely want to use renderer.sharedMaterial instead.
UnityEngine.Debug:ExtractStackTraceNoAlloc (byte*,int,string)
UnityEngine.StackTraceUtility:ExtractStackTrace () (at /Users/bokken/build/output/unity/unity/Runtime/Export/Scripting/StackTrace.cs:35)
UnityEngine.Renderer:GetMaterial ()
UnityEngine.Renderer:get_material () (at /Users/bokken/build/output/unity/unity/Runtime/Export/Graphics/GraphicsRenderers.bindings.cs:180)
AreaBattle.RecoveredWayLineVisual:Initialize () (at Assets/AreaBattle/Scripts/RecoveredWayLineVisual.cs:33)
AreaBattle.RecoveredWayLineVisual:SetLine (UnityEngine.Vector3,UnityEngine.Vector3,UnityEngine.Color,UnityEngine.Color,bool,bool,single) (at Assets/AreaBattle/Scripts/RecoveredWayLineVisual.cs:56)
AreaBattle.EditorTools.RecoveredWayLineImporter/<>c:<Run>b__13_2 (AreaBattle.RecoveredWayLineVisual) (at Assets/AreaBattle/Editor/RecoveredWayLineImporter.cs:100)
AreaBattle.EditorTools.RecoveredWayLineImporter/<>c__DisplayClass14_0:<CheckPrefab>b__0 () (at Assets/AreaBattle/Editor/RecoveredWayLineImporter.cs:121)
AreaBattle.EditorTools.RecoveredWayLineImporter/<>c__DisplayClass13_0:<Run>b__0 (string,System.Action) (at Assets/AreaBattle/Editor/RecoveredWayLineImporter.cs:97)
AreaBattle.EditorTools.RecoveredWayLineImporter:CheckPrefab (System.Action`2<string, System.Action>,string,bool,System.Action`1<AreaBattle.RecoveredWayLineVisual>) (at Assets/AreaBattle/Editor/RecoveredWayLineImporter.cs:121)
AreaBattle.EditorTools.RecoveredWayLineImporter:Run () (at Assets/AreaBattle/Editor/RecoveredWayLineImporter.cs:99)
System.Reflection.RuntimeMethodInfo:Invoke (object,System.Reflection.BindingFlags,System.Reflection.Binder,object[],System.Globalization.CultureInfo)
System.Reflection.MethodBase:Invoke (object,object[])
AreaBattle.EditorTools.BattleBuild:ValidateIntegrated () (at Assets/AreaBattle/Editor/BattleBuild.cs:32)
AreaBattle.EditorTools.BattleBuild:ValidateMechanicsOnly () (at Assets/AreaBattle/Editor/BattleBuild.cs:18)

[Assets/AreaBattle/Editor/RecoveredWayLineImporter.cs line 100]

Instantiating material due to calling renderer.material during edit mode. This will leak materials into the scene. You most likely want to use renderer.sharedMaterial instead.
UnityEngine.Debug:ExtractStackTraceNoAlloc (byte*,int,string)
UnityEngine.StackTraceUtility:ExtractStackTrace () (at /Users/bokken/build/output/unity/unity/Runtime/Export/Scripting/StackTrace.cs:35)
UnityEngine.Renderer:GetMaterial ()
UnityEngine.Renderer:get_material () (at /Users/bokken/build/output/unity/unity/Runtime/Export/Graphics/GraphicsRenderers.bindings.cs:180)
AreaBattle.RecoveredWayLineVisual:Initialize () (at Assets/AreaBattle/Scripts/RecoveredWayLineVisual.cs:33)
AreaBattle.RecoveredWayLineVisual:SetLine (UnityEngine.Vector3,UnityEngine.Vector3,UnityEngine.Color,UnityEngine.Color,bool,bool,single) (at Assets/AreaBattle/Scripts/RecoveredWayLineVisual.cs:56)
AreaBattle.EditorTools.RecoveredWayLineImporter/<>c:<Run>b__13_2 (AreaBattle.RecoveredWayLineVisual) (at Assets/AreaBattle/Editor/RecoveredWayLineImporter.cs:100)
AreaBattle.EditorTools.RecoveredWayLineImporter/<>c__DisplayClass14_0:<CheckPrefab>b__0 () (at Assets/AreaBattle/Editor/RecoveredWayLineImporter.cs:121)
AreaBattle.EditorTools.RecoveredWayLineImporter/<>c__DisplayClass13_0:<Run>b__0 (string,System.Action) (at Assets/AreaBattle/Editor/RecoveredWayLineImporter.cs:97)
AreaBattle.EditorTools.RecoveredWayLineImporter:CheckPrefab (System.Action`2<string, System.Action>,string,bool,System.Action`1<AreaBattle.RecoveredWayLineVisual>) (at Assets/AreaBattle/Editor/RecoveredWayLineImporter.cs:121)
AreaBattle.EditorTools.RecoveredWayLineImporter:Run () (at Assets/AreaBattle/Editor/RecoveredWayLineImporter.cs:99)
System.Reflection.RuntimeMethodInfo:Invoke (object,System.Reflection.BindingFlags,System.Reflection.Binder,object[],System.Globalization.CultureInfo)
System.Reflection.MethodBase:Invoke (object,object[])
AreaBattle.EditorTools.BattleBuild:ValidateIntegrated () (at Assets/AreaBattle/Editor/BattleBuild.cs:32)
AreaBattle.EditorTools.BattleBuild:ValidateMechanicsOnly () (at Assets/AreaBattle/Editor/BattleBuild.cs:18)

[Assets/AreaBattle/Editor/RecoveredWayLineImporter.cs line 100]

Instantiating material due to calling renderer.material during edit mode. This will leak materials into the scene. You most likely want to use renderer.sharedMaterial instead.
UnityEngine.Debug:ExtractStackTraceNoAlloc (byte*,int,string)
UnityEngine.StackTraceUtility:ExtractStackTrace () (at /Users/bokken/build/output/unity/unity/Runtime/Export/Scripting/StackTrace.cs:35)
UnityEngine.Renderer:GetMaterial ()
UnityEngine.Renderer:get_material () (at /Users/bokken/build/output/unity/unity/Runtime/Export/Graphics/GraphicsRenderers.bindings.cs:180)
AreaBattle.RecoveredWayLineVisual:Initialize () (at Assets/AreaBattle/Scripts/RecoveredWayLineVisual.cs:33)
AreaBattle.RecoveredWayLineVisual:SetLine (UnityEngine.Vector3,UnityEngine.Vector3,UnityEngine.Color,UnityEngine.Color,bool,bool,single) (at Assets/AreaBattle/Scripts/RecoveredWayLineVisual.cs:56)
AreaBattle.EditorTools.RecoveredWayLineImporter/<>c:<Run>b__13_3 (AreaBattle.RecoveredWayLineVisual) (at Assets/AreaBattle/Editor/RecoveredWayLineImporter.cs:106)
AreaBattle.EditorTools.RecoveredWayLineImporter/<>c__DisplayClass14_0:<CheckPrefab>b__0 () (at Assets/AreaBattle/Editor/RecoveredWayLineImporter.cs:121)
AreaBattle.EditorTools.RecoveredWayLineImporter/<>c__DisplayClass13_0:<Run>b__0 (string,System.Action) (at Assets/AreaBattle/Editor/RecoveredWayLineImporter.cs:97)
AreaBattle.EditorTools.RecoveredWayLineImporter:CheckPrefab (System.Action`2<string, System.Action>,string,bool,System.Action`1<AreaBattle.RecoveredWayLineVisual>) (at Assets/AreaBattle/Editor/RecoveredWayLineImporter.cs:121)
AreaBattle.EditorTools.RecoveredWayLineImporter:Run () (at Assets/AreaBattle/Editor/RecoveredWayLineImporter.cs:105)
System.Reflection.RuntimeMethodInfo:Invoke (object,System.Reflection.BindingFlags,System.Reflection.Binder,object[],System.Globalization.CultureInfo)
System.Reflection.MethodBase:Invoke (object,object[])
AreaBattle.EditorTools.BattleBuild:ValidateIntegrated () (at Assets/AreaBattle/Editor/BattleBuild.cs:32)
AreaBattle.EditorTools.BattleBuild:ValidateMechanicsOnly () (at Assets/AreaBattle/Editor/BattleBuild.cs:18)

[Assets/AreaBattle/Editor/RecoveredWayLineImporter.cs line 106]

Instantiating material due to calling renderer.material during edit mode. This will leak materials into the scene. You most likely want to use renderer.sharedMaterial instead.
UnityEngine.Debug:ExtractStackTraceNoAlloc (byte*,int,string)
UnityEngine.StackTraceUtility:ExtractStackTrace () (at /Users/bokken/build/output/unity/unity/Runtime/Export/Scripting/StackTrace.cs:35)
UnityEngine.Renderer:GetMaterial ()
UnityEngine.Renderer:get_material () (at /Users/bokken/build/output/unity/unity/Runtime/Export/Graphics/GraphicsRenderers.bindings.cs:180)
AreaBattle.RecoveredWayLineVisual:Initialize () (at Assets/AreaBattle/Scripts/RecoveredWayLineVisual.cs:33)
AreaBattle.RecoveredWayLineVisual:SetLine (UnityEngine.Vector3,UnityEngine.Vector3,UnityEngine.Color,UnityEngine.Color,bool,bool,single) (at Assets/AreaBattle/Scripts/RecoveredWayLineVisual.cs:56)
AreaBattle.EditorTools.RecoveredWayLineImporter/<>c:<Run>b__13_3 (AreaBattle.RecoveredWayLineVisual) (at Assets/AreaBattle/Editor/RecoveredWayLineImporter.cs:106)
AreaBattle.EditorTools.RecoveredWayLineImporter/<>c__DisplayClass14_0:<CheckPrefab>b__0 () (at Assets/AreaBattle/Editor/RecoveredWayLineImporter.cs:121)
AreaBattle.EditorTools.RecoveredWayLineImporter/<>c__DisplayClass13_0:<Run>b__0 (string,System.Action) (at Assets/AreaBattle/Editor/RecoveredWayLineImporter.cs:97)
AreaBattle.EditorTools.RecoveredWayLineImporter:CheckPrefab (System.Action`2<string, System.Action>,string,bool,System.Action`1<AreaBattle.RecoveredWayLineVisual>) (at Assets/AreaBattle/Editor/RecoveredWayLineImporter.cs:121)
AreaBattle.EditorTools.RecoveredWayLineImporter:Run () (at Assets/AreaBattle/Editor/RecoveredWayLineImporter.cs:105)
System.Reflection.RuntimeMethodInfo:Invoke (object,System.Reflection.BindingFlags,System.Reflection.Binder,object[],System.Globalization.CultureInfo)
System.Reflection.MethodBase:Invoke (object,object[])
AreaBattle.EditorTools.BattleBuild:ValidateIntegrated () (at Assets/AreaBattle/Editor/BattleBuild.cs:32)
AreaBattle.EditorTools.BattleBuild:ValidateMechanicsOnly () (at Assets/AreaBattle/Editor/BattleBuild.cs:18)

[Assets/AreaBattle/Editor/RecoveredWayLineImporter.cs line 106]

Instantiating material due to calling renderer.material during edit mode. This will leak materials into the scene. You most likely want to use renderer.sharedMaterial instead.
UnityEngine.Debug:ExtractStackTraceNoAlloc (byte*,int,string)
UnityEngine.StackTraceUtility:ExtractStackTrace () (at /Users/bokken/build/output/unity/unity/Runtime/Export/Scripting/StackTrace.cs:35)
UnityEngine.Renderer:GetMaterial ()
UnityEngine.Renderer:get_material () (at /Users/bokken/build/output/unity/unity/Runtime/Export/Graphics/GraphicsRenderers.bindings.cs:180)
AreaBattle.RecoveredWayLineVisual:Initialize () (at Assets/AreaBattle/Scripts/RecoveredWayLineVisual.cs:33)
AreaBattle.RecoveredWayLineVisual:SetLine (UnityEngine.Vector3,UnityEngine.Vector3,UnityEngine.Color,UnityEngine.Color,bool,bool,single) (at Assets/AreaBattle/Scripts/RecoveredWayLineVisual.cs:56)
AreaBattle.EditorTools.RecoveredWayLineImporter/<>c:<Run>b__13_3 (AreaBattle.RecoveredWayLineVisual) (at Assets/AreaBattle/Editor/RecoveredWayLineImporter.cs:106)
AreaBattle.EditorTools.RecoveredWayLineImporter/<>c__DisplayClass14_0:<CheckPrefab>b__0 () (at Assets/AreaBattle/Editor/RecoveredWayLineImporter.cs:121)
AreaBattle.EditorTools.RecoveredWayLineImporter/<>c__DisplayClass13_0:<Run>b__0 (string,System.Action) (at Assets/AreaBattle/Editor/RecoveredWayLineImporter.cs:97)
AreaBattle.EditorTools.RecoveredWayLineImporter:CheckPrefab (System.Action`2<string, System.Action>,string,bool,System.Action`1<AreaBattle.RecoveredWayLineVisual>) (at Assets/AreaBattle/Editor/RecoveredWayLineImporter.cs:121)
AreaBattle.EditorTools.RecoveredWayLineImporter:Run () (at Assets/AreaBattle/Editor/RecoveredWayLineImporter.cs:105)
System.Reflection.RuntimeMethodInfo:Invoke (object,System.Reflection.BindingFlags,System.Reflection.Binder,object[],System.Globalization.CultureInfo)
System.Reflection.MethodBase:Invoke (object,object[])
AreaBattle.EditorTools.BattleBuild:ValidateIntegrated () (at Assets/AreaBattle/Editor/BattleBuild.cs:32)
AreaBattle.EditorTools.BattleBuild:ValidateMechanicsOnly () (at Assets/AreaBattle/Editor/BattleBuild.cs:18)

[Assets/AreaBattle/Editor/RecoveredWayLineImporter.cs line 106]

Instantiating material due to calling renderer.material during edit mode. This will leak materials into the scene. You most likely want to use renderer.sharedMaterial instead.
UnityEngine.Debug:ExtractStackTraceNoAlloc (byte*,int,string)
UnityEngine.StackTraceUtility:ExtractStackTrace () (at /Users/bokken/build/output/unity/unity/Runtime/Export/Scripting/StackTrace.cs:35)
UnityEngine.Renderer:GetMaterial ()
UnityEngine.Renderer:get_material () (at /Users/bokken/build/output/unity/unity/Runtime/Export/Graphics/GraphicsRenderers.bindings.cs:180)
AreaBattle.RecoveredWayLineVisual:Initialize () (at Assets/AreaBattle/Scripts/RecoveredWayLineVisual.cs:33)
AreaBattle.RecoveredWayLineVisual:SetLine (UnityEngine.Vector3,UnityEngine.Vector3,UnityEngine.Color,UnityEngine.Color,bool,bool,single) (at Assets/AreaBattle/Scripts/RecoveredWayLineVisual.cs:56)
AreaBattle.EditorTools.RecoveredWayLineImporter/<>c:<Run>b__13_3 (AreaBattle.RecoveredWayLineVisual) (at Assets/AreaBattle/Editor/RecoveredWayLineImporter.cs:106)
AreaBattle.EditorTools.RecoveredWayLineImporter/<>c__DisplayClass14_0:<CheckPrefab>b__0 () (at Assets/AreaBattle/Editor/RecoveredWayLineImporter.cs:121)
AreaBattle.EditorTools.RecoveredWayLineImporter/<>c__DisplayClass13_0:<Run>b__0 (string,System.Action) (at Assets/AreaBattle/Editor/RecoveredWayLineImporter.cs:97)
AreaBattle.EditorTools.RecoveredWayLineImporter:CheckPrefab (System.Action`2<string, System.Action>,string,bool,System.Action`1<AreaBattle.RecoveredWayLineVisual>) (at Assets/AreaBattle/Editor/RecoveredWayLineImporter.cs:121)
AreaBattle.EditorTools.RecoveredWayLineImporter:Run () (at Assets/AreaBattle/Editor/RecoveredWayLineImporter.cs:105)
System.Reflection.RuntimeMethodInfo:Invoke (object,System.Reflection.BindingFlags,System.Reflection.Binder,object[],System.Globalization.CultureInfo)
System.Reflection.MethodBase:Invoke (object,object[])
AreaBattle.EditorTools.BattleBuild:ValidateIntegrated () (at Assets/AreaBattle/Editor/BattleBuild.cs:32)
AreaBattle.EditorTools.BattleBuild:ValidateMechanicsOnly () (at Assets/AreaBattle/Editor/BattleBuild.cs:18)

[Assets/AreaBattle/Editor/RecoveredWayLineImporter.cs line 106]

Instantiating material due to calling renderer.material during edit mode. This will leak materials into the scene. You most likely want to use renderer.sharedMaterial instead.
UnityEngine.Debug:ExtractStackTraceNoAlloc (byte*,int,string)
UnityEngine.StackTraceUtility:ExtractStackTrace () (at /Users/bokken/build/output/unity/unity/Runtime/Export/Scripting/StackTrace.cs:35)
UnityEngine.Renderer:GetMaterial ()
UnityEngine.Renderer:get_material () (at /Users/bokken/build/output/unity/unity/Runtime/Export/Graphics/GraphicsRenderers.bindings.cs:180)
AreaBattle.RecoveredWayLineVisual:Initialize () (at Assets/AreaBattle/Scripts/RecoveredWayLineVisual.cs:33)
AreaBattle.RecoveredWayLineVisual:SetLine (UnityEngine.Vector3,UnityEngine.Vector3,UnityEngine.Color,UnityEngine.Color,bool,bool,single) (at Assets/AreaBattle/Scripts/RecoveredWayLineVisual.cs:56)
AreaBattle.RecoveredWayLineVisual:Synchronize (AreaBattle.LineState,AreaBattle.TowerState,AreaBattle.TowerState,UnityEngine.Color,UnityEngine.Color,single) (at Assets/AreaBattle/Scripts/RecoveredWayLineVisual.cs:46)
AreaBattle.EditorTools.RecoveredWayLineImporter/<>c:<Run>b__13_4 (AreaBattle.RecoveredWayLineVisual) (at Assets/AreaBattle/Editor/RecoveredWayLineImporter.cs:113)
AreaBattle.EditorTools.RecoveredWayLineImporter/<>c__DisplayClass14_0:<CheckPrefab>b__0 () (at Assets/AreaBattle/Editor/RecoveredWayLineImporter.cs:121)
AreaBattle.EditorTools.RecoveredWayLineImporter/<>c__DisplayClass13_0:<Run>b__0 (string,System.Action) (at Assets/AreaBattle/Editor/RecoveredWayLineImporter.cs:97)
AreaBattle.EditorTools.RecoveredWayLineImporter:CheckPrefab (System.Action`2<string, System.Action>,string,bool,System.Action`1<AreaBattle.RecoveredWayLineVisual>) (at Assets/AreaBattle/Editor/RecoveredWayLineImporter.cs:121)
AreaBattle.EditorTools.RecoveredWayLineImporter:Run () (at Assets/AreaBattle/Editor/RecoveredWayLineImporter.cs:111)
System.Reflection.RuntimeMethodInfo:Invoke (object,System.Reflection.BindingFlags,System.Reflection.Binder,object[],System.Globalization.CultureInfo)
System.Reflection.MethodBase:Invoke (object,object[])
AreaBattle.EditorTools.BattleBuild:ValidateIntegrated () (at Assets/AreaBattle/Editor/BattleBuild.cs:32)
AreaBattle.EditorTools.BattleBuild:ValidateMechanicsOnly () (at Assets/AreaBattle/Editor/BattleBuild.cs:18)

[Assets/AreaBattle/Editor/RecoveredWayLineImporter.cs line 113]

Instantiating material due to calling renderer.material during edit mode. This will leak materials into the scene. You most likely want to use renderer.sharedMaterial instead.
UnityEngine.Debug:ExtractStackTraceNoAlloc (byte*,int,string)
UnityEngine.StackTraceUtility:ExtractStackTrace () (at /Users/bokken/build/output/unity/unity/Runtime/Export/Scripting/StackTrace.cs:35)
UnityEngine.Renderer:GetMaterial ()
UnityEngine.Renderer:get_material () (at /Users/bokken/build/output/unity/unity/Runtime/Export/Graphics/GraphicsRenderers.bindings.cs:180)
AreaBattle.RecoveredWayLineVisual:Initialize () (at Assets/AreaBattle/Scripts/RecoveredWayLineVisual.cs:33)
AreaBattle.RecoveredWayLineVisual:SetLine (UnityEngine.Vector3,UnityEngine.Vector3,UnityEngine.Color,UnityEngine.Color,bool,bool,single) (at Assets/AreaBattle/Scripts/RecoveredWayLineVisual.cs:56)
AreaBattle.RecoveredWayLineVisual:Synchronize (AreaBattle.LineState,AreaBattle.TowerState,AreaBattle.TowerState,UnityEngine.Color,UnityEngine.Color,single) (at Assets/AreaBattle/Scripts/RecoveredWayLineVisual.cs:46)
AreaBattle.EditorTools.RecoveredWayLineImporter/<>c:<Run>b__13_4 (AreaBattle.RecoveredWayLineVisual) (at Assets/AreaBattle/Editor/RecoveredWayLineImporter.cs:113)
AreaBattle.EditorTools.RecoveredWayLineImporter/<>c__DisplayClass14_0:<CheckPrefab>b__0 () (at Assets/AreaBattle/Editor/RecoveredWayLineImporter.cs:121)
AreaBattle.EditorTools.RecoveredWayLineImporter/<>c__DisplayClass13_0:<Run>b__0 (string,System.Action) (at Assets/AreaBattle/Editor/RecoveredWayLineImporter.cs:97)
AreaBattle.EditorTools.RecoveredWayLineImporter:CheckPrefab (System.Action`2<string, System.Action>,string,bool,System.Action`1<AreaBattle.RecoveredWayLineVisual>) (at Assets/AreaBattle/Editor/RecoveredWayLineImporter.cs:121)
AreaBattle.EditorTools.RecoveredWayLineImporter:Run () (at Assets/AreaBattle/Editor/RecoveredWayLineImporter.cs:111)
System.Reflection.RuntimeMethodInfo:Invoke (object,System.Reflection.BindingFlags,System.Reflection.Binder,object[],System.Globalization.CultureInfo)
System.Reflection.MethodBase:Invoke (object,object[])
AreaBattle.EditorTools.BattleBuild:ValidateIntegrated () (at Assets/AreaBattle/Editor/BattleBuild.cs:32)
AreaBattle.EditorTools.BattleBuild:ValidateMechanicsOnly () (at Assets/AreaBattle/Editor/BattleBuild.cs:18)

[Assets/AreaBattle/Editor/RecoveredWayLineImporter.cs line 113]

Instantiating material due to calling renderer.material during edit mode. This will leak materials into the scene. You most likely want to use renderer.sharedMaterial instead.
UnityEngine.Debug:ExtractStackTraceNoAlloc (byte*,int,string)
UnityEngine.StackTraceUtility:ExtractStackTrace () (at /Users/bokken/build/output/unity/unity/Runtime/Export/Scripting/StackTrace.cs:35)
UnityEngine.Renderer:GetMaterial ()
UnityEngine.Renderer:get_material () (at /Users/bokken/build/output/unity/unity/Runtime/Export/Graphics/GraphicsRenderers.bindings.cs:180)
AreaBattle.RecoveredWayLineVisual:Initialize () (at Assets/AreaBattle/Scripts/RecoveredWayLineVisual.cs:33)
AreaBattle.RecoveredWayLineVisual:SetLine (UnityEngine.Vector3,UnityEngine.Vector3,UnityEngine.Color,UnityEngine.Color,bool,bool,single) (at Assets/AreaBattle/Scripts/RecoveredWayLineVisual.cs:56)
AreaBattle.EditorTools.RecoveredWayLineImporter/<>c:<Run>b__13_5 (AreaBattle.RecoveredWayLineVisual) (at Assets/AreaBattle/Editor/RecoveredWayLineImporter.cs:117)
AreaBattle.EditorTools.RecoveredWayLineImporter/<>c__DisplayClass14_0:<CheckPrefab>b__0 () (at Assets/AreaBattle/Editor/RecoveredWayLineImporter.cs:121)
AreaBattle.EditorTools.RecoveredWayLineImporter/<>c__DisplayClass13_0:<Run>b__0 (string,System.Action) (at Assets/AreaBattle/Editor/RecoveredWayLineImporter.cs:97)
AreaBattle.EditorTools.RecoveredWayLineImporter:CheckPrefab (System.Action`2<string, System.Action>,string,bool,System.Action`1<AreaBattle.RecoveredWayLineVisual>) (at Assets/AreaBattle/Editor/RecoveredWayLineImporter.cs:121)
AreaBattle.EditorTools.RecoveredWayLineImporter:Run () (at Assets/AreaBattle/Editor/RecoveredWayLineImporter.cs:117)
System.Reflection.RuntimeMethodInfo:Invoke (object,System.Reflection.BindingFlags,System.Reflection.Binder,object[],System.Globalization.CultureInfo)
System.Reflection.MethodBase:Invoke (object,object[])
AreaBattle.EditorTools.BattleBuild:ValidateIntegrated () (at Assets/AreaBattle/Editor/BattleBuild.cs:32)
AreaBattle.EditorTools.BattleBuild:ValidateMechanicsOnly () (at Assets/AreaBattle/Editor/BattleBuild.cs:18)

[Assets/AreaBattle/Editor/RecoveredWayLineImporter.cs line 117]

Instantiating material due to calling renderer.material during edit mode. This will leak materials into the scene. You most likely want to use renderer.sharedMaterial instead.
UnityEngine.Debug:ExtractStackTraceNoAlloc (byte*,int,string)
UnityEngine.StackTraceUtility:ExtractStackTrace () (at /Users/bokken/build/output/unity/unity/Runtime/Export/Scripting/StackTrace.cs:35)
UnityEngine.Renderer:GetMaterial ()
UnityEngine.Renderer:get_material () (at /Users/bokken/build/output/unity/unity/Runtime/Export/Graphics/GraphicsRenderers.bindings.cs:180)
AreaBattle.RecoveredWayLineVisual:Initialize () (at Assets/AreaBattle/Scripts/RecoveredWayLineVisual.cs:33)
AreaBattle.RecoveredWayLineVisual:SetLine (UnityEngine.Vector3,UnityEngine.Vector3,UnityEngine.Color,UnityEngine.Color,bool,bool,single) (at Assets/AreaBattle/Scripts/RecoveredWayLineVisual.cs:56)
AreaBattle.EditorTools.RecoveredWayLineImporter/<>c:<Run>b__13_5 (AreaBattle.RecoveredWayLineVisual) (at Assets/AreaBattle/Editor/RecoveredWayLineImporter.cs:117)
AreaBattle.EditorTools.RecoveredWayLineImporter/<>c__DisplayClass14_0:<CheckPrefab>b__0 () (at Assets/AreaBattle/Editor/RecoveredWayLineImporter.cs:121)
AreaBattle.EditorTools.RecoveredWayLineImporter/<>c__DisplayClass13_0:<Run>b__0 (string,System.Action) (at Assets/AreaBattle/Editor/RecoveredWayLineImporter.cs:97)
AreaBattle.EditorTools.RecoveredWayLineImporter:CheckPrefab (System.Action`2<string, System.Action>,string,bool,System.Action`1<AreaBattle.RecoveredWayLineVisual>) (at Assets/AreaBattle/Editor/RecoveredWayLineImporter.cs:121)
AreaBattle.EditorTools.RecoveredWayLineImporter:Run () (at Assets/AreaBattle/Editor/RecoveredWayLineImporter.cs:117)
System.Reflection.RuntimeMethodInfo:Invoke (object,System.Reflection.BindingFlags,System.Reflection.Binder,object[],System.Globalization.CultureInfo)
System.Reflection.MethodBase:Invoke (object,object[])
AreaBattle.EditorTools.BattleBuild:ValidateIntegrated () (at Assets/AreaBattle/Editor/BattleBuild.cs:32)
AreaBattle.EditorTools.BattleBuild:ValidateMechanicsOnly () (at Assets/AreaBattle/Editor/BattleBuild.cs:18)

[Assets/AreaBattle/Editor/RecoveredWayLineImporter.cs line 117]

Instantiating material due to calling renderer.material during edit mode. This will leak materials into the scene. You most likely want to use renderer.sharedMaterial instead.
UnityEngine.Debug:ExtractStackTraceNoAlloc (byte*,int,string)
UnityEngine.StackTraceUtility:ExtractStackTrace () (at /Users/bokken/build/output/unity/unity/Runtime/Export/Scripting/StackTrace.cs:35)
UnityEngine.Renderer:GetMaterial ()
UnityEngine.Renderer:get_material () (at /Users/bokken/build/output/unity/unity/Runtime/Export/Graphics/GraphicsRenderers.bindings.cs:180)
AreaBattle.RecoveredWayLineVisual:Initialize () (at Assets/AreaBattle/Scripts/RecoveredWayLineVisual.cs:33)
AreaBattle.RecoveredWayLineVisual:SetLine (UnityEngine.Vector3,UnityEngine.Vector3,UnityEngine.Color,UnityEngine.Color,bool,bool,single) (at Assets/AreaBattle/Scripts/RecoveredWayLineVisual.cs:56)
AreaBattle.RecoveredGestureVisuals:DrawPreview (UnityEngine.Vector3,UnityEngine.Vector3,UnityEngine.Color,bool,UnityEngine.Transform,bool,single) (at Assets/AreaBattle/Scripts/RecoveredGestureVisuals.cs:97)
AreaBattle.EditorTools.RecoveredGestureImporter/<>c:<Run>b__19_4 () (at Assets/AreaBattle/Editor/RecoveredGestureImporter.cs:109)
AreaBattle.EditorTools.RecoveredGestureImporter/<>c__DisplayClass19_0:<Run>b__0 (string,System.Action) (at Assets/AreaBattle/Editor/RecoveredGestureImporter.cs:86)
AreaBattle.EditorTools.RecoveredGestureImporter:Run () (at Assets/AreaBattle/Editor/RecoveredGestureImporter.cs:105)
System.Reflection.RuntimeMethodInfo:Invoke (object,System.Reflection.BindingFlags,System.Reflection.Binder,object[],System.Globalization.CultureInfo)
System.Reflection.MethodBase:Invoke (object,object[])
AreaBattle.EditorTools.BattleBuild:ValidateIntegrated () (at Assets/AreaBattle/Editor/BattleBuild.cs:32)
AreaBattle.EditorTools.BattleBuild:ValidateMechanicsOnly () (at Assets/AreaBattle/Editor/BattleBuild.cs:18)

[Assets/AreaBattle/Editor/RecoveredGestureImporter.cs line 109]

Instantiating material due to calling renderer.material during edit mode. This will leak materials into the scene. You most likely want to use renderer.sharedMaterial instead.
UnityEngine.Debug:ExtractStackTraceNoAlloc (byte*,int,string)
UnityEngine.StackTraceUtility:ExtractStackTrace () (at /Users/bokken/build/output/unity/unity/Runtime/Export/Scripting/StackTrace.cs:35)
UnityEngine.Renderer:GetMaterial ()
UnityEngine.Renderer:get_material () (at /Users/bokken/build/output/unity/unity/Runtime/Export/Graphics/GraphicsRenderers.bindings.cs:180)
AreaBattle.RecoveredWayLineVisual:Initialize () (at Assets/AreaBattle/Scripts/RecoveredWayLineVisual.cs:33)
AreaBattle.RecoveredWayLineVisual:SetLine (UnityEngine.Vector3,UnityEngine.Vector3,UnityEngine.Color,UnityEngine.Color,bool,bool,single) (at Assets/AreaBattle/Scripts/RecoveredWayLineVisual.cs:56)
AreaBattle.RecoveredGestureVisuals:DrawPreview (UnityEngine.Vector3,UnityEngine.Vector3,UnityEngine.Color,bool,UnityEngine.Transform,bool,single) (at Assets/AreaBattle/Scripts/RecoveredGestureVisuals.cs:97)
AreaBattle.EditorTools.RecoveredGestureImporter/<>c:<Run>b__19_4 () (at Assets/AreaBattle/Editor/RecoveredGestureImporter.cs:109)
AreaBattle.EditorTools.RecoveredGestureImporter/<>c__DisplayClass19_0:<Run>b__0 (string,System.Action) (at Assets/AreaBattle/Editor/RecoveredGestureImporter.cs:86)
AreaBattle.EditorTools.RecoveredGestureImporter:Run () (at Assets/AreaBattle/Editor/RecoveredGestureImporter.cs:105)
System.Reflection.RuntimeMethodInfo:Invoke (object,System.Reflection.BindingFlags,System.Reflection.Binder,object[],System.Globalization.CultureInfo)
System.Reflection.MethodBase:Invoke (object,object[])
AreaBattle.EditorTools.BattleBuild:ValidateIntegrated () (at Assets/AreaBattle/Editor/BattleBuild.cs:32)
AreaBattle.EditorTools.BattleBuild:ValidateMechanicsOnly () (at Assets/AreaBattle/Editor/BattleBuild.cs:18)

[Assets/AreaBattle/Editor/RecoveredGestureImporter.cs line 109]

Instantiating material due to calling renderer.material during edit mode. This will leak materials into the scene. You most likely want to use renderer.sharedMaterial instead.
UnityEngine.Debug:ExtractStackTraceNoAlloc (byte*,int,string)
UnityEngine.StackTraceUtility:ExtractStackTrace () (at /Users/bokken/build/output/unity/unity/Runtime/Export/Scripting/StackTrace.cs:35)
UnityEngine.Renderer:GetMaterial ()
UnityEngine.Renderer:get_material () (at /Users/bokken/build/output/unity/unity/Runtime/Export/Graphics/GraphicsRenderers.bindings.cs:180)
AreaBattle.RecoveredWayLineVisual:Initialize () (at Assets/AreaBattle/Scripts/RecoveredWayLineVisual.cs:33)
AreaBattle.RecoveredWayLineVisual:SetLine (UnityEngine.Vector3,UnityEngine.Vector3,UnityEngine.Color,UnityEngine.Color,bool,bool,single) (at Assets/AreaBattle/Scripts/RecoveredWayLineVisual.cs:56)
AreaBattle.RecoveredGestureVisuals:DrawPreview (UnityEngine.Vector3,UnityEngine.Vector3,UnityEngine.Color,bool,UnityEngine.Transform,bool,single) (at Assets/AreaBattle/Scripts/RecoveredGestureVisuals.cs:97)
AreaBattle.BattleView:MoveTowerDrag (UnityEngine.Vector3,int) (at Assets/AreaBattle/Scripts/BattleView.cs:489)
AreaBattle.EditorTools.RecoveredGestureImporter/<>c:<Run>b__19_7 () (at Assets/AreaBattle/Editor/RecoveredGestureImporter.cs:153)
AreaBattle.EditorTools.RecoveredGestureImporter/<>c__DisplayClass19_0:<Run>b__0 (string,System.Action) (at Assets/AreaBattle/Editor/RecoveredGestureImporter.cs:86)
AreaBattle.EditorTools.RecoveredGestureImporter:Run () (at Assets/AreaBattle/Editor/RecoveredGestureImporter.cs:140)
System.Reflection.RuntimeMethodInfo:Invoke (object,System.Reflection.BindingFlags,System.Reflection.Binder,object[],System.Globalization.CultureInfo)
System.Reflection.MethodBase:Invoke (object,object[])
AreaBattle.EditorTools.BattleBuild:ValidateIntegrated () (at Assets/AreaBattle/Editor/BattleBuild.cs:32)
AreaBattle.EditorTools.BattleBuild:ValidateMechanicsOnly () (at Assets/AreaBattle/Editor/BattleBuild.cs:18)

[Assets/AreaBattle/Editor/RecoveredGestureImporter.cs line 153]

Instantiating material due to calling renderer.material during edit mode. This will leak materials into the scene. You most likely want to use renderer.sharedMaterial instead.
UnityEngine.Debug:ExtractStackTraceNoAlloc (byte*,int,string)
UnityEngine.StackTraceUtility:ExtractStackTrace () (at /Users/bokken/build/output/unity/unity/Runtime/Export/Scripting/StackTrace.cs:35)
UnityEngine.Renderer:GetMaterial ()
UnityEngine.Renderer:get_material () (at /Users/bokken/build/output/unity/unity/Runtime/Export/Graphics/GraphicsRenderers.bindings.cs:180)
AreaBattle.RecoveredWayLineVisual:Initialize () (at Assets/AreaBattle/Scripts/RecoveredWayLineVisual.cs:33)
AreaBattle.RecoveredWayLineVisual:SetLine (UnityEngine.Vector3,UnityEngine.Vector3,UnityEngine.Color,UnityEngine.Color,bool,bool,single) (at Assets/AreaBattle/Scripts/RecoveredWayLineVisual.cs:56)
AreaBattle.RecoveredGestureVisuals:DrawPreview (UnityEngine.Vector3,UnityEngine.Vector3,UnityEngine.Color,bool,UnityEngine.Transform,bool,single) (at Assets/AreaBattle/Scripts/RecoveredGestureVisuals.cs:97)
AreaBattle.BattleView:MoveTowerDrag (UnityEngine.Vector3,int) (at Assets/AreaBattle/Scripts/BattleView.cs:489)
AreaBattle.EditorTools.RecoveredGestureImporter/<>c:<Run>b__19_7 () (at Assets/AreaBattle/Editor/RecoveredGestureImporter.cs:153)
AreaBattle.EditorTools.RecoveredGestureImporter/<>c__DisplayClass19_0:<Run>b__0 (string,System.Action) (at Assets/AreaBattle/Editor/RecoveredGestureImporter.cs:86)
AreaBattle.EditorTools.RecoveredGestureImporter:Run () (at Assets/AreaBattle/Editor/RecoveredGestureImporter.cs:140)
System.Reflection.RuntimeMethodInfo:Invoke (object,System.Reflection.BindingFlags,System.Reflection.Binder,object[],System.Globalization.CultureInfo)
System.Reflection.MethodBase:Invoke (object,object[])
AreaBattle.EditorTools.BattleBuild:ValidateIntegrated () (at Assets/AreaBattle/Editor/BattleBuild.cs:32)
AreaBattle.EditorTools.BattleBuild:ValidateMechanicsOnly () (at Assets/AreaBattle/Editor/BattleBuild.cs:18)

[Assets/AreaBattle/Editor/RecoveredGestureImporter.cs line 153]

Instantiating material due to calling renderer.material during edit mode. This will leak materials into the scene. You most likely want to use renderer.sharedMaterial instead.
UnityEngine.Debug:ExtractStackTraceNoAlloc (byte*,int,string)
UnityEngine.StackTraceUtility:ExtractStackTrace () (at /Users/bokken/build/output/unity/unity/Runtime/Export/Scripting/StackTrace.cs:35)
UnityEngine.Renderer:GetMaterial ()
UnityEngine.Renderer:get_material () (at /Users/bokken/build/output/unity/unity/Runtime/Export/Graphics/GraphicsRenderers.bindings.cs:180)
AreaBattle.RecoveredWayLineVisual:Initialize () (at Assets/AreaBattle/Scripts/RecoveredWayLineVisual.cs:33)
AreaBattle.RecoveredWayLineVisual:SetLine (UnityEngine.Vector3,UnityEngine.Vector3,UnityEngine.Color,UnityEngine.Color,bool,bool,single) (at Assets/AreaBattle/Scripts/RecoveredWayLineVisual.cs:56)
AreaBattle.RecoveredWayLineVisual:Synchronize (AreaBattle.LineState,AreaBattle.TowerState,AreaBattle.TowerState,UnityEngine.Color,UnityEngine.Color,single) (at Assets/AreaBattle/Scripts/RecoveredWayLineVisual.cs:46)
AreaBattle.RecoveredWayLineVisual:Synchronize (AreaBattle.LineState,AreaBattle.TowerState,AreaBattle.TowerState,single) (at Assets/AreaBattle/Scripts/RecoveredWayLineVisual.cs:21)
AreaBattle.BattleView:RefreshPresentation () (at Assets/AreaBattle/Scripts/BattleView.cs:566)
AreaBattle.BattleView:AdvanceFrame (single,single) (at Assets/AreaBattle/Scripts/BattleView.cs:374)
AreaBattle.EditorTools.RecoveredGestureImporter/<>c:<Run>b__19_7 () (at Assets/AreaBattle/Editor/RecoveredGestureImporter.cs:161)
AreaBattle.EditorTools.RecoveredGestureImporter/<>c__DisplayClass19_0:<Run>b__0 (string,System.Action) (at Assets/AreaBattle/Editor/RecoveredGestureImporter.cs:86)
AreaBattle.EditorTools.RecoveredGestureImporter:Run () (at Assets/AreaBattle/Editor/RecoveredGestureImporter.cs:140)
System.Reflection.RuntimeMethodInfo:Invoke (object,System.Reflection.BindingFlags,System.Reflection.Binder,object[],System.Globalization.CultureInfo)
System.Reflection.MethodBase:Invoke (object,object[])
AreaBattle.EditorTools.BattleBuild:ValidateIntegrated () (at Assets/AreaBattle/Editor/BattleBuild.cs:32)
AreaBattle.EditorTools.BattleBuild:ValidateMechanicsOnly () (at Assets/AreaBattle/Editor/BattleBuild.cs:18)

[Assets/AreaBattle/Scripts/RecoveredWayLineVisual.cs line 21]

Instantiating material due to calling renderer.material during edit mode. This will leak materials into the scene. You most likely want to use renderer.sharedMaterial instead.
UnityEngine.Debug:ExtractStackTraceNoAlloc (byte*,int,string)
UnityEngine.StackTraceUtility:ExtractStackTrace () (at /Users/bokken/build/output/unity/unity/Runtime/Export/Scripting/StackTrace.cs:35)
UnityEngine.Renderer:GetMaterial ()
UnityEngine.Renderer:get_material () (at /Users/bokken/build/output/unity/unity/Runtime/Export/Graphics/GraphicsRenderers.bindings.cs:180)
AreaBattle.RecoveredWayLineVisual:Initialize () (at Assets/AreaBattle/Scripts/RecoveredWayLineVisual.cs:33)
AreaBattle.RecoveredWayLineVisual:SetLine (UnityEngine.Vector3,UnityEngine.Vector3,UnityEngine.Color,UnityEngine.Color,bool,bool,single) (at Assets/AreaBattle/Scripts/RecoveredWayLineVisual.cs:56)
AreaBattle.RecoveredWayLineVisual:Synchronize (AreaBattle.LineState,AreaBattle.TowerState,AreaBattle.TowerState,UnityEngine.Color,UnityEngine.Color,single) (at Assets/AreaBattle/Scripts/RecoveredWayLineVisual.cs:46)
AreaBattle.RecoveredWayLineVisual:Synchronize (AreaBattle.LineState,AreaBattle.TowerState,AreaBattle.TowerState,single) (at Assets/AreaBattle/Scripts/RecoveredWayLineVisual.cs:21)
AreaBattle.BattleView:RefreshPresentation () (at Assets/AreaBattle/Scripts/BattleView.cs:566)
AreaBattle.BattleView:AdvanceFrame (single,single) (at Assets/AreaBattle/Scripts/BattleView.cs:374)
AreaBattle.EditorTools.RecoveredGestureImporter/<>c:<Run>b__19_7 () (at Assets/AreaBattle/Editor/RecoveredGestureImporter.cs:161)
AreaBattle.EditorTools.RecoveredGestureImporter/<>c__DisplayClass19_0:<Run>b__0 (string,System.Action) (at Assets/AreaBattle/Editor/RecoveredGestureImporter.cs:86)
AreaBattle.EditorTools.RecoveredGestureImporter:Run () (at Assets/AreaBattle/Editor/RecoveredGestureImporter.cs:140)
System.Reflection.RuntimeMethodInfo:Invoke (object,System.Reflection.BindingFlags,System.Reflection.Binder,object[],System.Globalization.CultureInfo)
System.Reflection.MethodBase:Invoke (object,object[])
AreaBattle.EditorTools.BattleBuild:ValidateIntegrated () (at Assets/AreaBattle/Editor/BattleBuild.cs:32)
AreaBattle.EditorTools.BattleBuild:ValidateMechanicsOnly () (at Assets/AreaBattle/Editor/BattleBuild.cs:18)

[Assets/AreaBattle/Scripts/RecoveredWayLineVisual.cs line 21]

Instantiating material due to calling renderer.material during edit mode. This will leak materials into the scene. You most likely want to use renderer.sharedMaterial instead.
UnityEngine.Debug:ExtractStackTraceNoAlloc (byte*,int,string)
UnityEngine.StackTraceUtility:ExtractStackTrace () (at /Users/bokken/build/output/unity/unity/Runtime/Export/Scripting/StackTrace.cs:35)
UnityEngine.Renderer:GetMaterial ()
UnityEngine.Renderer:get_material () (at /Users/bokken/build/output/unity/unity/Runtime/Export/Graphics/GraphicsRenderers.bindings.cs:180)
AreaBattle.RecoveredWayLineVisual:Initialize () (at Assets/AreaBattle/Scripts/RecoveredWayLineVisual.cs:33)
AreaBattle.RecoveredWayLineVisual:SetLine (UnityEngine.Vector3,UnityEngine.Vector3,UnityEngine.Color,UnityEngine.Color,bool,bool,single) (at Assets/AreaBattle/Scripts/RecoveredWayLineVisual.cs:56)
AreaBattle.RecoveredWayLineVisual:Synchronize (AreaBattle.LineState,AreaBattle.TowerState,AreaBattle.TowerState,UnityEngine.Color,UnityEngine.Color,single) (at Assets/AreaBattle/Scripts/RecoveredWayLineVisual.cs:46)
AreaBattle.RecoveredWayLineVisual:Synchronize (AreaBattle.LineState,AreaBattle.TowerState,AreaBattle.TowerState,single) (at Assets/AreaBattle/Scripts/RecoveredWayLineVisual.cs:21)
AreaBattle.BattleView:RefreshPresentation () (at Assets/AreaBattle/Scripts/BattleView.cs:566)
AreaBattle.BattleView:AdvanceFrame (single,single) (at Assets/AreaBattle/Scripts/BattleView.cs:374)
AreaBattle.EditorTools.RecoveredBossValidation/<>c:<Run>b__1_6 () (at Assets/AreaBattle/Editor/RecoveredBossValidation.cs:60)
AreaBattle.EditorTools.RecoveredBossValidation/<>c__DisplayClass1_0:<Run>b__0 (string,System.Action) (at Assets/AreaBattle/Editor/RecoveredBossValidation.cs:18)
AreaBattle.EditorTools.RecoveredBossValidation:Run () (at Assets/AreaBattle/Editor/RecoveredBossValidation.cs:55)
System.Reflection.RuntimeMethodInfo:Invoke (object,System.Reflection.BindingFlags,System.Reflection.Binder,object[],System.Globalization.CultureInfo)
System.Reflection.MethodBase:Invoke (object,object[])
AreaBattle.EditorTools.BattleBuild:ValidateIntegrated () (at Assets/AreaBattle/Editor/BattleBuild.cs:32)
AreaBattle.EditorTools.BattleBuild:ValidateMechanicsOnly () (at Assets/AreaBattle/Editor/BattleBuild.cs:18)

[Assets/AreaBattle/Scripts/RecoveredWayLineVisual.cs line 21]

Instantiating material due to calling renderer.material during edit mode. This will leak materials into the scene. You most likely want to use renderer.sharedMaterial instead.
UnityEngine.Debug:ExtractStackTraceNoAlloc (byte*,int,string)
UnityEngine.StackTraceUtility:ExtractStackTrace () (at /Users/bokken/build/output/unity/unity/Runtime/Export/Scripting/StackTrace.cs:35)
UnityEngine.Renderer:GetMaterial ()
UnityEngine.Renderer:get_material () (at /Users/bokken/build/output/unity/unity/Runtime/Export/Graphics/GraphicsRenderers.bindings.cs:180)
AreaBattle.RecoveredWayLineVisual:Initialize () (at Assets/AreaBattle/Scripts/RecoveredWayLineVisual.cs:33)
AreaBattle.RecoveredWayLineVisual:SetLine (UnityEngine.Vector3,UnityEngine.Vector3,UnityEngine.Color,UnityEngine.Color,bool,bool,single) (at Assets/AreaBattle/Scripts/RecoveredWayLineVisual.cs:56)
AreaBattle.RecoveredWayLineVisual:Synchronize (AreaBattle.LineState,AreaBattle.TowerState,AreaBattle.TowerState,UnityEngine.Color,UnityEngine.Color,single) (at Assets/AreaBattle/Scripts/RecoveredWayLineVisual.cs:46)
AreaBattle.RecoveredWayLineVisual:Synchronize (AreaBattle.LineState,AreaBattle.TowerState,AreaBattle.TowerState,single) (at Assets/AreaBattle/Scripts/RecoveredWayLineVisual.cs:21)
AreaBattle.BattleView:RefreshPresentation () (at Assets/AreaBattle/Scripts/BattleView.cs:566)
AreaBattle.BattleView:AdvanceFrame (single,single) (at Assets/AreaBattle/Scripts/BattleView.cs:374)
AreaBattle.EditorTools.RecoveredBossValidation/<>c:<Run>b__1_6 () (at Assets/AreaBattle/Editor/RecoveredBossValidation.cs:60)
AreaBattle.EditorTools.RecoveredBossValidation/<>c__DisplayClass1_0:<Run>b__0 (string,System.Action) (at Assets/AreaBattle/Editor/RecoveredBossValidation.cs:18)
AreaBattle.EditorTools.RecoveredBossValidation:Run () (at Assets/AreaBattle/Editor/RecoveredBossValidation.cs:55)
System.Reflection.RuntimeMethodInfo:Invoke (object,System.Reflection.BindingFlags,System.Reflection.Binder,object[],System.Globalization.CultureInfo)
System.Reflection.MethodBase:Invoke (object,object[])
AreaBattle.EditorTools.BattleBuild:ValidateIntegrated () (at Assets/AreaBattle/Editor/BattleBuild.cs:32)
AreaBattle.EditorTools.BattleBuild:ValidateMechanicsOnly () (at Assets/AreaBattle/Editor/BattleBuild.cs:18)

[Assets/AreaBattle/Scripts/RecoveredWayLineVisual.cs line 21]

Instantiating material due to calling renderer.material during edit mode. This will leak materials into the scene. You most likely want to use renderer.sharedMaterial instead.
UnityEngine.Debug:ExtractStackTraceNoAlloc (byte*,int,string)
UnityEngine.StackTraceUtility:ExtractStackTrace () (at /Users/bokken/build/output/unity/unity/Runtime/Export/Scripting/StackTrace.cs:35)
UnityEngine.Renderer:GetMaterial ()
UnityEngine.Renderer:get_material () (at /Users/bokken/build/output/unity/unity/Runtime/Export/Graphics/GraphicsRenderers.bindings.cs:180)
AreaBattle.RecoveredWayLineVisual:Initialize () (at Assets/AreaBattle/Scripts/RecoveredWayLineVisual.cs:33)
AreaBattle.RecoveredWayLineVisual:SetLine (UnityEngine.Vector3,UnityEngine.Vector3,UnityEngine.Color,UnityEngine.Color,bool,bool,single) (at Assets/AreaBattle/Scripts/RecoveredWayLineVisual.cs:56)
AreaBattle.RecoveredWayLineVisual:Synchronize (AreaBattle.LineState,AreaBattle.TowerState,AreaBattle.TowerState,UnityEngine.Color,UnityEngine.Color,single) (at Assets/AreaBattle/Scripts/RecoveredWayLineVisual.cs:46)
AreaBattle.RecoveredWayLineVisual:Synchronize (AreaBattle.LineState,AreaBattle.TowerState,AreaBattle.TowerState,single) (at Assets/AreaBattle/Scripts/RecoveredWayLineVisual.cs:21)
AreaBattle.BattleView:RefreshPresentation () (at Assets/AreaBattle/Scripts/BattleView.cs:566)
AreaBattle.BattleView:AdvanceFrame (single,single) (at Assets/AreaBattle/Scripts/BattleView.cs:374)
AreaBattle.EditorTools.RepresentativeReplayValidation:Advance (AreaBattle.BattleView,single) (at Assets/AreaBattle/Editor/RepresentativeReplayValidation.cs:102)
AreaBattle.EditorTools.RepresentativeReplayValidation:Win (AreaBattle.BattleView,AreaBattle.EditorTools.RepresentativeReplayValidation/Replay) (at Assets/AreaBattle/Editor/RepresentativeReplayValidation.cs:108)
AreaBattle.EditorTools.RepresentativeReplayValidation:Run () (at Assets/AreaBattle/Editor/RepresentativeReplayValidation.cs:141)
System.Reflection.RuntimeMethodInfo:Invoke (object,System.Reflection.BindingFlags,System.Reflection.Binder,object[],System.Globalization.CultureInfo)
System.Reflection.MethodBase:Invoke (object,object[])
AreaBattle.EditorTools.BattleBuild:ValidateIntegrated () (at Assets/AreaBattle/Editor/BattleBuild.cs:32)
AreaBattle.EditorTools.BattleBuild:ValidateMechanicsOnly () (at Assets/AreaBattle/Editor/BattleBuild.cs:18)

[Assets/AreaBattle/Scripts/RecoveredWayLineVisual.cs line 21]

Instantiating material due to calling renderer.material during edit mode. This will leak materials into the scene. You most likely want to use renderer.sharedMaterial instead.
UnityEngine.Debug:ExtractStackTraceNoAlloc (byte*,int,string)
UnityEngine.StackTraceUtility:ExtractStackTrace () (at /Users/bokken/build/output/unity/unity/Runtime/Export/Scripting/StackTrace.cs:35)
UnityEngine.Renderer:GetMaterial ()
UnityEngine.Renderer:get_material () (at /Users/bokken/build/output/unity/unity/Runtime/Export/Graphics/GraphicsRenderers.bindings.cs:180)
AreaBattle.RecoveredWayLineVisual:Initialize () (at Assets/AreaBattle/Scripts/RecoveredWayLineVisual.cs:33)
AreaBattle.RecoveredWayLineVisual:SetLine (UnityEngine.Vector3,UnityEngine.Vector3,UnityEngine.Color,UnityEngine.Color,bool,bool,single) (at Assets/AreaBattle/Scripts/RecoveredWayLineVisual.cs:56)
AreaBattle.RecoveredWayLineVisual:Synchronize (AreaBattle.LineState,AreaBattle.TowerState,AreaBattle.TowerState,UnityEngine.Color,UnityEngine.Color,single) (at Assets/AreaBattle/Scripts/RecoveredWayLineVisual.cs:46)
AreaBattle.RecoveredWayLineVisual:Synchronize (AreaBattle.LineState,AreaBattle.TowerState,AreaBattle.TowerState,single) (at Assets/AreaBattle/Scripts/RecoveredWayLineVisual.cs:21)
AreaBattle.BattleView:RefreshPresentation () (at Assets/AreaBattle/Scripts/BattleView.cs:566)
AreaBattle.BattleView:AdvanceFrame (single,single) (at Assets/AreaBattle/Scripts/BattleView.cs:374)
AreaBattle.EditorTools.RepresentativeReplayValidation:Advance (AreaBattle.BattleView,single) (at Assets/AreaBattle/Editor/RepresentativeReplayValidation.cs:102)
AreaBattle.EditorTools.RepresentativeReplayValidation:Win (AreaBattle.BattleView,AreaBattle.EditorTools.RepresentativeReplayValidation/Replay) (at Assets/AreaBattle/Editor/RepresentativeReplayValidation.cs:108)
AreaBattle.EditorTools.RepresentativeReplayValidation:Run () (at Assets/AreaBattle/Editor/RepresentativeReplayValidation.cs:141)
System.Reflection.RuntimeMethodInfo:Invoke (object,System.Reflection.BindingFlags,System.Reflection.Binder,object[],System.Globalization.CultureInfo)
System.Reflection.MethodBase:Invoke (object,object[])
AreaBattle.EditorTools.BattleBuild:ValidateIntegrated () (at Assets/AreaBattle/Editor/BattleBuild.cs:32)
AreaBattle.EditorTools.BattleBuild:ValidateMechanicsOnly () (at Assets/AreaBattle/Editor/BattleBuild.cs:18)

[Assets/AreaBattle/Scripts/RecoveredWayLineVisual.cs line 21]

Instantiating material due to calling renderer.material during edit mode. This will leak materials into the scene. You most likely want to use renderer.sharedMaterial instead.
UnityEngine.Debug:ExtractStackTraceNoAlloc (byte*,int,string)
UnityEngine.StackTraceUtility:ExtractStackTrace () (at /Users/bokken/build/output/unity/unity/Runtime/Export/Scripting/StackTrace.cs:35)
UnityEngine.Renderer:GetMaterial ()
UnityEngine.Renderer:get_material () (at /Users/bokken/build/output/unity/unity/Runtime/Export/Graphics/GraphicsRenderers.bindings.cs:180)
AreaBattle.RecoveredWayLineVisual:Initialize () (at Assets/AreaBattle/Scripts/RecoveredWayLineVisual.cs:33)
AreaBattle.RecoveredWayLineVisual:SetLine (UnityEngine.Vector3,UnityEngine.Vector3,UnityEngine.Color,UnityEngine.Color,bool,bool,single) (at Assets/AreaBattle/Scripts/RecoveredWayLineVisual.cs:56)
AreaBattle.RecoveredWayLineVisual:Synchronize (AreaBattle.LineState,AreaBattle.TowerState,AreaBattle.TowerState,UnityEngine.Color,UnityEngine.Color,single) (at Assets/AreaBattle/Scripts/RecoveredWayLineVisual.cs:46)
AreaBattle.RecoveredWayLineVisual:Synchronize (AreaBattle.LineState,AreaBattle.TowerState,AreaBattle.TowerState,single) (at Assets/AreaBattle/Scripts/RecoveredWayLineVisual.cs:21)
AreaBattle.BattleView:RefreshPresentation () (at Assets/AreaBattle/Scripts/BattleView.cs:566)
AreaBattle.BattleView:AdvanceFrame (single,single) (at Assets/AreaBattle/Scripts/BattleView.cs:374)
AreaBattle.EditorTools.RepresentativeReplayValidation:Advance (AreaBattle.BattleView,single) (at Assets/AreaBattle/Editor/RepresentativeReplayValidation.cs:102)
AreaBattle.EditorTools.RepresentativeReplayValidation:Win (AreaBattle.BattleView,AreaBattle.EditorTools.RepresentativeReplayValidation/Replay) (at Assets/AreaBattle/Editor/RepresentativeReplayValidation.cs:108)
AreaBattle.EditorTools.RepresentativeReplayValidation:Run () (at Assets/AreaBattle/Editor/RepresentativeReplayValidation.cs:141)
System.Reflection.RuntimeMethodInfo:Invoke (object,System.Reflection.BindingFlags,System.Reflection.Binder,object[],System.Globalization.CultureInfo)
System.Reflection.MethodBase:Invoke (object,object[])
AreaBattle.EditorTools.BattleBuild:ValidateIntegrated () (at Assets/AreaBattle/Editor/BattleBuild.cs:32)
AreaBattle.EditorTools.BattleBuild:ValidateMechanicsOnly () (at Assets/AreaBattle/Editor/BattleBuild.cs:18)

[Assets/AreaBattle/Scripts/RecoveredWayLineVisual.cs line 21]

Instantiating material due to calling renderer.material during edit mode. This will leak materials into the scene. You most likely want to use renderer.sharedMaterial instead.
UnityEngine.Debug:ExtractStackTraceNoAlloc (byte*,int,string)
UnityEngine.StackTraceUtility:ExtractStackTrace () (at /Users/bokken/build/output/unity/unity/Runtime/Export/Scripting/StackTrace.cs:35)
UnityEngine.Renderer:GetMaterial ()
UnityEngine.Renderer:get_material () (at /Users/bokken/build/output/unity/unity/Runtime/Export/Graphics/GraphicsRenderers.bindings.cs:180)
AreaBattle.RecoveredWayLineVisual:Initialize () (at Assets/AreaBattle/Scripts/RecoveredWayLineVisual.cs:33)
AreaBattle.RecoveredWayLineVisual:SetLine (UnityEngine.Vector3,UnityEngine.Vector3,UnityEngine.Color,UnityEngine.Color,bool,bool,single) (at Assets/AreaBattle/Scripts/RecoveredWayLineVisual.cs:56)
AreaBattle.RecoveredWayLineVisual:Synchronize (AreaBattle.LineState,AreaBattle.TowerState,AreaBattle.TowerState,UnityEngine.Color,UnityEngine.Color,single) (at Assets/AreaBattle/Scripts/RecoveredWayLineVisual.cs:46)
AreaBattle.RecoveredWayLineVisual:Synchronize (AreaBattle.LineState,AreaBattle.TowerState,AreaBattle.TowerState,single) (at Assets/AreaBattle/Scripts/RecoveredWayLineVisual.cs:21)
AreaBattle.BattleView:RefreshPresentation () (at Assets/AreaBattle/Scripts/BattleView.cs:566)
AreaBattle.BattleView:AdvanceFrame (single,single) (at Assets/AreaBattle/Scripts/BattleView.cs:374)
AreaBattle.EditorTools.RepresentativeReplayValidation:Advance (AreaBattle.BattleView,single) (at Assets/AreaBattle/Editor/RepresentativeReplayValidation.cs:102)
AreaBattle.EditorTools.RepresentativeReplayValidation:Win (AreaBattle.BattleView,AreaBattle.EditorTools.RepresentativeReplayValidation/Replay) (at Assets/AreaBattle/Editor/RepresentativeReplayValidation.cs:108)
AreaBattle.EditorTools.RepresentativeReplayValidation:Run () (at Assets/AreaBattle/Editor/RepresentativeReplayValidation.cs:141)
System.Reflection.RuntimeMethodInfo:Invoke (object,System.Reflection.BindingFlags,System.Reflection.Binder,object[],System.Globalization.CultureInfo)
System.Reflection.MethodBase:Invoke (object,object[])
AreaBattle.EditorTools.BattleBuild:ValidateIntegrated () (at Assets/AreaBattle/Editor/BattleBuild.cs:32)
AreaBattle.EditorTools.BattleBuild:ValidateMechanicsOnly () (at Assets/AreaBattle/Editor/BattleBuild.cs:18)

[Assets/AreaBattle/Scripts/RecoveredWayLineVisual.cs line 21]

Instantiating material due to calling renderer.material during edit mode. This will leak materials into the scene. You most likely want to use renderer.sharedMaterial instead.
UnityEngine.Debug:ExtractStackTraceNoAlloc (byte*,int,string)
UnityEngine.StackTraceUtility:ExtractStackTrace () (at /Users/bokken/build/output/unity/unity/Runtime/Export/Scripting/StackTrace.cs:35)
UnityEngine.Renderer:GetMaterial ()
UnityEngine.Renderer:get_material () (at /Users/bokken/build/output/unity/unity/Runtime/Export/Graphics/GraphicsRenderers.bindings.cs:180)
AreaBattle.RecoveredWayLineVisual:Initialize () (at Assets/AreaBattle/Scripts/RecoveredWayLineVisual.cs:33)
AreaBattle.RecoveredWayLineVisual:SetLine (UnityEngine.Vector3,UnityEngine.Vector3,UnityEngine.Color,UnityEngine.Color,bool,bool,single) (at Assets/AreaBattle/Scripts/RecoveredWayLineVisual.cs:56)
AreaBattle.RecoveredWayLineVisual:Synchronize (AreaBattle.LineState,AreaBattle.TowerState,AreaBattle.TowerState,UnityEngine.Color,UnityEngine.Color,single) (at Assets/AreaBattle/Scripts/RecoveredWayLineVisual.cs:46)
AreaBattle.RecoveredWayLineVisual:Synchronize (AreaBattle.LineState,AreaBattle.TowerState,AreaBattle.TowerState,single) (at Assets/AreaBattle/Scripts/RecoveredWayLineVisual.cs:21)
AreaBattle.BattleView:RefreshPresentation () (at Assets/AreaBattle/Scripts/BattleView.cs:566)
AreaBattle.BattleView:AdvanceFrame (single,single) (at Assets/AreaBattle/Scripts/BattleView.cs:374)
AreaBattle.EditorTools.RepresentativeReplayValidation:Advance (AreaBattle.BattleView,single) (at Assets/AreaBattle/Editor/RepresentativeReplayValidation.cs:102)
AreaBattle.EditorTools.RepresentativeReplayValidation:Win (AreaBattle.BattleView,AreaBattle.EditorTools.RepresentativeReplayValidation/Replay) (at Assets/AreaBattle/Editor/RepresentativeReplayValidation.cs:108)
AreaBattle.EditorTools.RepresentativeReplayValidation:Run () (at Assets/AreaBattle/Editor/RepresentativeReplayValidation.cs:141)
System.Reflection.RuntimeMethodInfo:Invoke (object,System.Reflection.BindingFlags,System.Reflection.Binder,object[],System.Globalization.CultureInfo)
System.Reflection.MethodBase:Invoke (object,object[])
AreaBattle.EditorTools.BattleBuild:ValidateIntegrated () (at Assets/AreaBattle/Editor/BattleBuild.cs:32)
AreaBattle.EditorTools.BattleBuild:ValidateMechanicsOnly () (at Assets/AreaBattle/Editor/BattleBuild.cs:18)

[Assets/AreaBattle/Scripts/RecoveredWayLineVisual.cs line 21]

Instantiating material due to calling renderer.material during edit mode. This will leak materials into the scene. You most likely want to use renderer.sharedMaterial instead.
UnityEngine.Debug:ExtractStackTraceNoAlloc (byte*,int,string)
UnityEngine.StackTraceUtility:ExtractStackTrace () (at /Users/bokken/build/output/unity/unity/Runtime/Export/Scripting/StackTrace.cs:35)
UnityEngine.Renderer:GetMaterial ()
UnityEngine.Renderer:get_material () (at /Users/bokken/build/output/unity/unity/Runtime/Export/Graphics/GraphicsRenderers.bindings.cs:180)
AreaBattle.RecoveredWayLineVisual:Initialize () (at Assets/AreaBattle/Scripts/RecoveredWayLineVisual.cs:33)
AreaBattle.RecoveredWayLineVisual:SetLine (UnityEngine.Vector3,UnityEngine.Vector3,UnityEngine.Color,UnityEngine.Color,bool,bool,single) (at Assets/AreaBattle/Scripts/RecoveredWayLineVisual.cs:56)
AreaBattle.RecoveredWayLineVisual:Synchronize (AreaBattle.LineState,AreaBattle.TowerState,AreaBattle.TowerState,UnityEngine.Color,UnityEngine.Color,single) (at Assets/AreaBattle/Scripts/RecoveredWayLineVisual.cs:46)
AreaBattle.RecoveredWayLineVisual:Synchronize (AreaBattle.LineState,AreaBattle.TowerState,AreaBattle.TowerState,single) (at Assets/AreaBattle/Scripts/RecoveredWayLineVisual.cs:21)
AreaBattle.BattleView:RefreshPresentation () (at Assets/AreaBattle/Scripts/BattleView.cs:566)
AreaBattle.BattleView:AdvanceFrame (single,single) (at Assets/AreaBattle/Scripts/BattleView.cs:374)
AreaBattle.EditorTools.RepresentativeReplayValidation:Advance (AreaBattle.BattleView,single) (at Assets/AreaBattle/Editor/RepresentativeReplayValidation.cs:102)
AreaBattle.EditorTools.RepresentativeReplayValidation:Win (AreaBattle.BattleView,AreaBattle.EditorTools.RepresentativeReplayValidation/Replay) (at Assets/AreaBattle/Editor/RepresentativeReplayValidation.cs:108)
AreaBattle.EditorTools.RepresentativeReplayValidation:Run () (at Assets/AreaBattle/Editor/RepresentativeReplayValidation.cs:141)
System.Reflection.RuntimeMethodInfo:Invoke (object,System.Reflection.BindingFlags,System.Reflection.Binder,object[],System.Globalization.CultureInfo)
System.Reflection.MethodBase:Invoke (object,object[])
AreaBattle.EditorTools.BattleBuild:ValidateIntegrated () (at Assets/AreaBattle/Editor/BattleBuild.cs:32)
AreaBattle.EditorTools.BattleBuild:ValidateMechanicsOnly () (at Assets/AreaBattle/Editor/BattleBuild.cs:18)

[Assets/AreaBattle/Scripts/RecoveredWayLineVisual.cs line 21]

Instantiating material due to calling renderer.material during edit mode. This will leak materials into the scene. You most likely want to use renderer.sharedMaterial instead.
UnityEngine.Debug:ExtractStackTraceNoAlloc (byte*,int,string)
UnityEngine.StackTraceUtility:ExtractStackTrace () (at /Users/bokken/build/output/unity/unity/Runtime/Export/Scripting/StackTrace.cs:35)
UnityEngine.Renderer:GetMaterial ()
UnityEngine.Renderer:get_material () (at /Users/bokken/build/output/unity/unity/Runtime/Export/Graphics/GraphicsRenderers.bindings.cs:180)
AreaBattle.RecoveredWayLineVisual:Initialize () (at Assets/AreaBattle/Scripts/RecoveredWayLineVisual.cs:33)
AreaBattle.RecoveredWayLineVisual:SetLine (UnityEngine.Vector3,UnityEngine.Vector3,UnityEngine.Color,UnityEngine.Color,bool,bool,single) (at Assets/AreaBattle/Scripts/RecoveredWayLineVisual.cs:56)
AreaBattle.RecoveredWayLineVisual:Synchronize (AreaBattle.LineState,AreaBattle.TowerState,AreaBattle.TowerState,UnityEngine.Color,UnityEngine.Color,single) (at Assets/AreaBattle/Scripts/RecoveredWayLineVisual.cs:46)
AreaBattle.RecoveredWayLineVisual:Synchronize (AreaBattle.LineState,AreaBattle.TowerState,AreaBattle.TowerState,single) (at Assets/AreaBattle/Scripts/RecoveredWayLineVisual.cs:21)
AreaBattle.BattleView:RefreshPresentation () (at Assets/AreaBattle/Scripts/BattleView.cs:566)
AreaBattle.BattleView:AdvanceFrame (single,single) (at Assets/AreaBattle/Scripts/BattleView.cs:374)
AreaBattle.EditorTools.RepresentativeReplayValidation:Advance (AreaBattle.BattleView,single) (at Assets/AreaBattle/Editor/RepresentativeReplayValidation.cs:102)
AreaBattle.EditorTools.RepresentativeReplayValidation:Win (AreaBattle.BattleView,AreaBattle.EditorTools.RepresentativeReplayValidation/Replay) (at Assets/AreaBattle/Editor/RepresentativeReplayValidation.cs:108)
AreaBattle.EditorTools.RepresentativeReplayValidation:Run () (at Assets/AreaBattle/Editor/RepresentativeReplayValidation.cs:141)
System.Reflection.RuntimeMethodInfo:Invoke (object,System.Reflection.BindingFlags,System.Reflection.Binder,object[],System.Globalization.CultureInfo)
System.Reflection.MethodBase:Invoke (object,object[])
AreaBattle.EditorTools.BattleBuild:ValidateIntegrated () (at Assets/AreaBattle/Editor/BattleBuild.cs:32)
AreaBattle.EditorTools.BattleBuild:ValidateMechanicsOnly () (at Assets/AreaBattle/Editor/BattleBuild.cs:18)

[Assets/AreaBattle/Scripts/RecoveredWayLineVisual.cs line 21]

Instantiating material due to calling renderer.material during edit mode. This will leak materials into the scene. You most likely want to use renderer.sharedMaterial instead.
UnityEngine.Debug:ExtractStackTraceNoAlloc (byte*,int,string)
UnityEngine.StackTraceUtility:ExtractStackTrace () (at /Users/bokken/build/output/unity/unity/Runtime/Export/Scripting/StackTrace.cs:35)
UnityEngine.Renderer:GetMaterial ()
UnityEngine.Renderer:get_material () (at /Users/bokken/build/output/unity/unity/Runtime/Export/Graphics/GraphicsRenderers.bindings.cs:180)
AreaBattle.RecoveredWayLineVisual:Initialize () (at Assets/AreaBattle/Scripts/RecoveredWayLineVisual.cs:33)
AreaBattle.RecoveredWayLineVisual:SetLine (UnityEngine.Vector3,UnityEngine.Vector3,UnityEngine.Color,UnityEngine.Color,bool,bool,single) (at Assets/AreaBattle/Scripts/RecoveredWayLineVisual.cs:56)
AreaBattle.RecoveredWayLineVisual:Synchronize (AreaBattle.LineState,AreaBattle.TowerState,AreaBattle.TowerState,UnityEngine.Color,UnityEngine.Color,single) (at Assets/AreaBattle/Scripts/RecoveredWayLineVisual.cs:46)
AreaBattle.RecoveredWayLineVisual:Synchronize (AreaBattle.LineState,AreaBattle.TowerState,AreaBattle.TowerState,single) (at Assets/AreaBattle/Scripts/RecoveredWayLineVisual.cs:21)
AreaBattle.BattleView:RefreshPresentation () (at Assets/AreaBattle/Scripts/BattleView.cs:566)
AreaBattle.BattleView:AdvanceFrame (single,single) (at Assets/AreaBattle/Scripts/BattleView.cs:374)
AreaBattle.EditorTools.RepresentativeReplayValidation:Advance (AreaBattle.BattleView,single) (at Assets/AreaBattle/Editor/RepresentativeReplayValidation.cs:102)
AreaBattle.EditorTools.RepresentativeReplayValidation:Win (AreaBattle.BattleView,AreaBattle.EditorTools.RepresentativeReplayValidation/Replay) (at Assets/AreaBattle/Editor/RepresentativeReplayValidation.cs:108)
AreaBattle.EditorTools.RepresentativeReplayValidation:Run () (at Assets/AreaBattle/Editor/RepresentativeReplayValidation.cs:141)
System.Reflection.RuntimeMethodInfo:Invoke (object,System.Reflection.BindingFlags,System.Reflection.Binder,object[],System.Globalization.CultureInfo)
System.Reflection.MethodBase:Invoke (object,object[])
AreaBattle.EditorTools.BattleBuild:ValidateIntegrated () (at Assets/AreaBattle/Editor/BattleBuild.cs:32)
AreaBattle.EditorTools.BattleBuild:ValidateMechanicsOnly () (at Assets/AreaBattle/Editor/BattleBuild.cs:18)

[Assets/AreaBattle/Scripts/RecoveredWayLineVisual.cs line 21]

Instantiating material due to calling renderer.material during edit mode. This will leak materials into the scene. You most likely want to use renderer.sharedMaterial instead.
UnityEngine.Debug:ExtractStackTraceNoAlloc (byte*,int,string)
UnityEngine.StackTraceUtility:ExtractStackTrace () (at /Users/bokken/build/output/unity/unity/Runtime/Export/Scripting/StackTrace.cs:35)
UnityEngine.Renderer:GetMaterial ()
UnityEngine.Renderer:get_material () (at /Users/bokken/build/output/unity/unity/Runtime/Export/Graphics/GraphicsRenderers.bindings.cs:180)
AreaBattle.RecoveredWayLineVisual:Initialize () (at Assets/AreaBattle/Scripts/RecoveredWayLineVisual.cs:33)
AreaBattle.RecoveredWayLineVisual:SetLine (UnityEngine.Vector3,UnityEngine.Vector3,UnityEngine.Color,UnityEngine.Color,bool,bool,single) (at Assets/AreaBattle/Scripts/RecoveredWayLineVisual.cs:56)
AreaBattle.RecoveredWayLineVisual:Synchronize (AreaBattle.LineState,AreaBattle.TowerState,AreaBattle.TowerState,UnityEngine.Color,UnityEngine.Color,single) (at Assets/AreaBattle/Scripts/RecoveredWayLineVisual.cs:46)
AreaBattle.RecoveredWayLineVisual:Synchronize (AreaBattle.LineState,AreaBattle.TowerState,AreaBattle.TowerState,single) (at Assets/AreaBattle/Scripts/RecoveredWayLineVisual.cs:21)
AreaBattle.BattleView:RefreshPresentation () (at Assets/AreaBattle/Scripts/BattleView.cs:566)
AreaBattle.BattleView:AdvanceFrame (single,single) (at Assets/AreaBattle/Scripts/BattleView.cs:374)
AreaBattle.EditorTools.RepresentativeReplayValidation:Advance (AreaBattle.BattleView,single) (at Assets/AreaBattle/Editor/RepresentativeReplayValidation.cs:102)
AreaBattle.EditorTools.RepresentativeReplayValidation:Win (AreaBattle.BattleView,AreaBattle.EditorTools.RepresentativeReplayValidation/Replay) (at Assets/AreaBattle/Editor/RepresentativeReplayValidation.cs:108)
AreaBattle.EditorTools.RepresentativeReplayValidation:Run () (at Assets/AreaBattle/Editor/RepresentativeReplayValidation.cs:141)
System.Reflection.RuntimeMethodInfo:Invoke (object,System.Reflection.BindingFlags,System.Reflection.Binder,object[],System.Globalization.CultureInfo)
System.Reflection.MethodBase:Invoke (object,object[])
AreaBattle.EditorTools.BattleBuild:ValidateIntegrated () (at Assets/AreaBattle/Editor/BattleBuild.cs:32)
AreaBattle.EditorTools.BattleBuild:ValidateMechanicsOnly () (at Assets/AreaBattle/Editor/BattleBuild.cs:18)

[Assets/AreaBattle/Scripts/RecoveredWayLineVisual.cs line 21]

Instantiating material due to calling renderer.material during edit mode. This will leak materials into the scene. You most likely want to use renderer.sharedMaterial instead.
UnityEngine.Debug:ExtractStackTraceNoAlloc (byte*,int,string)
UnityEngine.StackTraceUtility:ExtractStackTrace () (at /Users/bokken/build/output/unity/unity/Runtime/Export/Scripting/StackTrace.cs:35)
UnityEngine.Renderer:GetMaterial ()
UnityEngine.Renderer:get_material () (at /Users/bokken/build/output/unity/unity/Runtime/Export/Graphics/GraphicsRenderers.bindings.cs:180)
AreaBattle.RecoveredWayLineVisual:Initialize () (at Assets/AreaBattle/Scripts/RecoveredWayLineVisual.cs:33)
AreaBattle.RecoveredWayLineVisual:SetLine (UnityEngine.Vector3,UnityEngine.Vector3,UnityEngine.Color,UnityEngine.Color,bool,bool,single) (at Assets/AreaBattle/Scripts/RecoveredWayLineVisual.cs:56)
AreaBattle.RecoveredWayLineVisual:Synchronize (AreaBattle.LineState,AreaBattle.TowerState,AreaBattle.TowerState,UnityEngine.Color,UnityEngine.Color,single) (at Assets/AreaBattle/Scripts/RecoveredWayLineVisual.cs:46)
AreaBattle.RecoveredWayLineVisual:Synchronize (AreaBattle.LineState,AreaBattle.TowerState,AreaBattle.TowerState,single) (at Assets/AreaBattle/Scripts/RecoveredWayLineVisual.cs:21)
AreaBattle.BattleView:RefreshPresentation () (at Assets/AreaBattle/Scripts/BattleView.cs:566)
AreaBattle.BattleView:AdvanceFrame (single,single) (at Assets/AreaBattle/Scripts/BattleView.cs:374)
AreaBattle.EditorTools.RepresentativeReplayValidation:Advance (AreaBattle.BattleView,single) (at Assets/AreaBattle/Editor/RepresentativeReplayValidation.cs:102)
AreaBattle.EditorTools.RepresentativeReplayValidation:Win (AreaBattle.BattleView,AreaBattle.EditorTools.RepresentativeReplayValidation/Replay) (at Assets/AreaBattle/Editor/RepresentativeReplayValidation.cs:108)
AreaBattle.EditorTools.RepresentativeReplayValidation:Run () (at Assets/AreaBattle/Editor/RepresentativeReplayValidation.cs:141)
System.Reflection.RuntimeMethodInfo:Invoke (object,System.Reflection.BindingFlags,System.Reflection.Binder,object[],System.Globalization.CultureInfo)
System.Reflection.MethodBase:Invoke (object,object[])
AreaBattle.EditorTools.BattleBuild:ValidateIntegrated () (at Assets/AreaBattle/Editor/BattleBuild.cs:32)
AreaBattle.EditorTools.BattleBuild:ValidateMechanicsOnly () (at Assets/AreaBattle/Editor/BattleBuild.cs:18)

[Assets/AreaBattle/Scripts/RecoveredWayLineVisual.cs line 21]

Instantiating material due to calling renderer.material during edit mode. This will leak materials into the scene. You most likely want to use renderer.sharedMaterial instead.
UnityEngine.Debug:ExtractStackTraceNoAlloc (byte*,int,string)
UnityEngine.StackTraceUtility:ExtractStackTrace () (at /Users/bokken/build/output/unity/unity/Runtime/Export/Scripting/StackTrace.cs:35)
UnityEngine.Renderer:GetMaterial ()
UnityEngine.Renderer:get_material () (at /Users/bokken/build/output/unity/unity/Runtime/Export/Graphics/GraphicsRenderers.bindings.cs:180)
AreaBattle.RecoveredWayLineVisual:Initialize () (at Assets/AreaBattle/Scripts/RecoveredWayLineVisual.cs:33)
AreaBattle.RecoveredWayLineVisual:SetLine (UnityEngine.Vector3,UnityEngine.Vector3,UnityEngine.Color,UnityEngine.Color,bool,bool,single) (at Assets/AreaBattle/Scripts/RecoveredWayLineVisual.cs:56)
AreaBattle.RecoveredWayLineVisual:Synchronize (AreaBattle.LineState,AreaBattle.TowerState,AreaBattle.TowerState,UnityEngine.Color,UnityEngine.Color,single) (at Assets/AreaBattle/Scripts/RecoveredWayLineVisual.cs:46)
AreaBattle.RecoveredWayLineVisual:Synchronize (AreaBattle.LineState,AreaBattle.TowerState,AreaBattle.TowerState,single) (at Assets/AreaBattle/Scripts/RecoveredWayLineVisual.cs:21)
AreaBattle.BattleView:RefreshPresentation () (at Assets/AreaBattle/Scripts/BattleView.cs:566)
AreaBattle.BattleView:AdvanceFrame (single,single) (at Assets/AreaBattle/Scripts/BattleView.cs:374)
AreaBattle.EditorTools.RepresentativeReplayValidation:Advance (AreaBattle.BattleView,single) (at Assets/AreaBattle/Editor/RepresentativeReplayValidation.cs:102)
AreaBattle.EditorTools.RepresentativeReplayValidation:Win (AreaBattle.BattleView,AreaBattle.EditorTools.RepresentativeReplayValidation/Replay) (at Assets/AreaBattle/Editor/RepresentativeReplayValidation.cs:108)
AreaBattle.EditorTools.RepresentativeReplayValidation:Run () (at Assets/AreaBattle/Editor/RepresentativeReplayValidation.cs:141)
System.Reflection.RuntimeMethodInfo:Invoke (object,System.Reflection.BindingFlags,System.Reflection.Binder,object[],System.Globalization.CultureInfo)
System.Reflection.MethodBase:Invoke (object,object[])
AreaBattle.EditorTools.BattleBuild:ValidateIntegrated () (at Assets/AreaBattle/Editor/BattleBuild.cs:32)
AreaBattle.EditorTools.BattleBuild:ValidateMechanicsOnly () (at Assets/AreaBattle/Editor/BattleBuild.cs:18)

[Assets/AreaBattle/Scripts/RecoveredWayLineVisual.cs line 21]

Instantiating material due to calling renderer.material during edit mode. This will leak materials into the scene. You most likely want to use renderer.sharedMaterial instead.
UnityEngine.Debug:ExtractStackTraceNoAlloc (byte*,int,string)
UnityEngine.StackTraceUtility:ExtractStackTrace () (at /Users/bokken/build/output/unity/unity/Runtime/Export/Scripting/StackTrace.cs:35)
UnityEngine.Renderer:GetMaterial ()
UnityEngine.Renderer:get_material () (at /Users/bokken/build/output/unity/unity/Runtime/Export/Graphics/GraphicsRenderers.bindings.cs:180)
AreaBattle.RecoveredWayLineVisual:Initialize () (at Assets/AreaBattle/Scripts/RecoveredWayLineVisual.cs:33)
AreaBattle.RecoveredWayLineVisual:SetLine (UnityEngine.Vector3,UnityEngine.Vector3,UnityEngine.Color,UnityEngine.Color,bool,bool,single) (at Assets/AreaBattle/Scripts/RecoveredWayLineVisual.cs:56)
AreaBattle.RecoveredWayLineVisual:Synchronize (AreaBattle.LineState,AreaBattle.TowerState,AreaBattle.TowerState,UnityEngine.Color,UnityEngine.Color,single) (at Assets/AreaBattle/Scripts/RecoveredWayLineVisual.cs:46)
AreaBattle.RecoveredWayLineVisual:Synchronize (AreaBattle.LineState,AreaBattle.TowerState,AreaBattle.TowerState,single) (at Assets/AreaBattle/Scripts/RecoveredWayLineVisual.cs:21)
AreaBattle.BattleView:RefreshPresentation () (at Assets/AreaBattle/Scripts/BattleView.cs:566)
AreaBattle.BattleView:AdvanceFrame (single,single) (at Assets/AreaBattle/Scripts/BattleView.cs:374)
AreaBattle.EditorTools.RepresentativeReplayValidation:Advance (AreaBattle.BattleView,single) (at Assets/AreaBattle/Editor/RepresentativeReplayValidation.cs:102)
AreaBattle.EditorTools.RepresentativeReplayValidation:Win (AreaBattle.BattleView,AreaBattle.EditorTools.RepresentativeReplayValidation/Replay) (at Assets/AreaBattle/Editor/RepresentativeReplayValidation.cs:108)
AreaBattle.EditorTools.RepresentativeReplayValidation:Run () (at Assets/AreaBattle/Editor/RepresentativeReplayValidation.cs:141)
System.Reflection.RuntimeMethodInfo:Invoke (object,System.Reflection.BindingFlags,System.Reflection.Binder,object[],System.Globalization.CultureInfo)
System.Reflection.MethodBase:Invoke (object,object[])
AreaBattle.EditorTools.BattleBuild:ValidateIntegrated () (at Assets/AreaBattle/Editor/BattleBuild.cs:32)
AreaBattle.EditorTools.BattleBuild:ValidateMechanicsOnly () (at Assets/AreaBattle/Editor/BattleBuild.cs:18)

[Assets/AreaBattle/Scripts/RecoveredWayLineVisual.cs line 21]

Instantiating material due to calling renderer.material during edit mode. This will leak materials into the scene. You most likely want to use renderer.sharedMaterial instead.
UnityEngine.Debug:ExtractStackTraceNoAlloc (byte*,int,string)
UnityEngine.StackTraceUtility:ExtractStackTrace () (at /Users/bokken/build/output/unity/unity/Runtime/Export/Scripting/StackTrace.cs:35)
UnityEngine.Renderer:GetMaterial ()
UnityEngine.Renderer:get_material () (at /Users/bokken/build/output/unity/unity/Runtime/Export/Graphics/GraphicsRenderers.bindings.cs:180)
AreaBattle.RecoveredWayLineVisual:Initialize () (at Assets/AreaBattle/Scripts/RecoveredWayLineVisual.cs:33)
AreaBattle.RecoveredWayLineVisual:SetLine (UnityEngine.Vector3,UnityEngine.Vector3,UnityEngine.Color,UnityEngine.Color,bool,bool,single) (at Assets/AreaBattle/Scripts/RecoveredWayLineVisual.cs:56)
AreaBattle.RecoveredWayLineVisual:Synchronize (AreaBattle.LineState,AreaBattle.TowerState,AreaBattle.TowerState,UnityEngine.Color,UnityEngine.Color,single) (at Assets/AreaBattle/Scripts/RecoveredWayLineVisual.cs:46)
AreaBattle.RecoveredWayLineVisual:Synchronize (AreaBattle.LineState,AreaBattle.TowerState,AreaBattle.TowerState,single) (at Assets/AreaBattle/Scripts/RecoveredWayLineVisual.cs:21)
AreaBattle.BattleView:RefreshPresentation () (at Assets/AreaBattle/Scripts/BattleView.cs:566)
AreaBattle.BattleView:AdvanceFrame (single,single) (at Assets/AreaBattle/Scripts/BattleView.cs:374)
AreaBattle.EditorTools.RepresentativeReplayValidation:Advance (AreaBattle.BattleView,single) (at Assets/AreaBattle/Editor/RepresentativeReplayValidation.cs:102)
AreaBattle.EditorTools.RepresentativeReplayValidation:Win (AreaBattle.BattleView,AreaBattle.EditorTools.RepresentativeReplayValidation/Replay) (at Assets/AreaBattle/Editor/RepresentativeReplayValidation.cs:108)
AreaBattle.EditorTools.RepresentativeReplayValidation:Run () (at Assets/AreaBattle/Editor/RepresentativeReplayValidation.cs:141)
System.Reflection.RuntimeMethodInfo:Invoke (object,System.Reflection.BindingFlags,System.Reflection.Binder,object[],System.Globalization.CultureInfo)
System.Reflection.MethodBase:Invoke (object,object[])
AreaBattle.EditorTools.BattleBuild:ValidateIntegrated () (at Assets/AreaBattle/Editor/BattleBuild.cs:32)
AreaBattle.EditorTools.BattleBuild:ValidateMechanicsOnly () (at Assets/AreaBattle/Editor/BattleBuild.cs:18)

[Assets/AreaBattle/Scripts/RecoveredWayLineVisual.cs line 21]

Instantiating material due to calling renderer.material during edit mode. This will leak materials into the scene. You most likely want to use renderer.sharedMaterial instead.
UnityEngine.Debug:ExtractStackTraceNoAlloc (byte*,int,string)
UnityEngine.StackTraceUtility:ExtractStackTrace () (at /Users/bokken/build/output/unity/unity/Runtime/Export/Scripting/StackTrace.cs:35)
UnityEngine.Renderer:GetMaterial ()
UnityEngine.Renderer:get_material () (at /Users/bokken/build/output/unity/unity/Runtime/Export/Graphics/GraphicsRenderers.bindings.cs:180)
AreaBattle.RecoveredWayLineVisual:Initialize () (at Assets/AreaBattle/Scripts/RecoveredWayLineVisual.cs:33)
AreaBattle.RecoveredWayLineVisual:SetLine (UnityEngine.Vector3,UnityEngine.Vector3,UnityEngine.Color,UnityEngine.Color,bool,bool,single) (at Assets/AreaBattle/Scripts/RecoveredWayLineVisual.cs:56)
AreaBattle.RecoveredWayLineVisual:Synchronize (AreaBattle.LineState,AreaBattle.TowerState,AreaBattle.TowerState,UnityEngine.Color,UnityEngine.Color,single) (at Assets/AreaBattle/Scripts/RecoveredWayLineVisual.cs:46)
AreaBattle.RecoveredWayLineVisual:Synchronize (AreaBattle.LineState,AreaBattle.TowerState,AreaBattle.TowerState,single) (at Assets/AreaBattle/Scripts/RecoveredWayLineVisual.cs:21)
AreaBattle.BattleView:RefreshPresentation () (at Assets/AreaBattle/Scripts/BattleView.cs:566)
AreaBattle.BattleView:AdvanceFrame (single,single) (at Assets/AreaBattle/Scripts/BattleView.cs:374)
AreaBattle.EditorTools.RepresentativeReplayValidation:Advance (AreaBattle.BattleView,single) (at Assets/AreaBattle/Editor/RepresentativeReplayValidation.cs:102)
AreaBattle.EditorTools.RepresentativeReplayValidation:Win (AreaBattle.BattleView,AreaBattle.EditorTools.RepresentativeReplayValidation/Replay) (at Assets/AreaBattle/Editor/RepresentativeReplayValidation.cs:108)
AreaBattle.EditorTools.RepresentativeReplayValidation:Run () (at Assets/AreaBattle/Editor/RepresentativeReplayValidation.cs:141)
System.Reflection.RuntimeMethodInfo:Invoke (object,System.Reflection.BindingFlags,System.Reflection.Binder,object[],System.Globalization.CultureInfo)
System.Reflection.MethodBase:Invoke (object,object[])
AreaBattle.EditorTools.BattleBuild:ValidateIntegrated () (at Assets/AreaBattle/Editor/BattleBuild.cs:32)
AreaBattle.EditorTools.BattleBuild:ValidateMechanicsOnly () (at Assets/AreaBattle/Editor/BattleBuild.cs:18)

[Assets/AreaBattle/Scripts/RecoveredWayLineVisual.cs line 21]

Instantiating material due to calling renderer.material during edit mode. This will leak materials into the scene. You most likely want to use renderer.sharedMaterial instead.
UnityEngine.Debug:ExtractStackTraceNoAlloc (byte*,int,string)
UnityEngine.StackTraceUtility:ExtractStackTrace () (at /Users/bokken/build/output/unity/unity/Runtime/Export/Scripting/StackTrace.cs:35)
UnityEngine.Renderer:GetMaterial ()
UnityEngine.Renderer:get_material () (at /Users/bokken/build/output/unity/unity/Runtime/Export/Graphics/GraphicsRenderers.bindings.cs:180)
AreaBattle.RecoveredWayLineVisual:Initialize () (at Assets/AreaBattle/Scripts/RecoveredWayLineVisual.cs:33)
AreaBattle.RecoveredWayLineVisual:SetLine (UnityEngine.Vector3,UnityEngine.Vector3,UnityEngine.Color,UnityEngine.Color,bool,bool,single) (at Assets/AreaBattle/Scripts/RecoveredWayLineVisual.cs:56)
AreaBattle.RecoveredWayLineVisual:Synchronize (AreaBattle.LineState,AreaBattle.TowerState,AreaBattle.TowerState,UnityEngine.Color,UnityEngine.Color,single) (at Assets/AreaBattle/Scripts/RecoveredWayLineVisual.cs:46)
AreaBattle.RecoveredWayLineVisual:Synchronize (AreaBattle.LineState,AreaBattle.TowerState,AreaBattle.TowerState,single) (at Assets/AreaBattle/Scripts/RecoveredWayLineVisual.cs:21)
AreaBattle.BattleView:RefreshPresentation () (at Assets/AreaBattle/Scripts/BattleView.cs:566)
AreaBattle.BattleView:AdvanceFrame (single,single) (at Assets/AreaBattle/Scripts/BattleView.cs:374)
AreaBattle.EditorTools.RepresentativeReplayValidation:Advance (AreaBattle.BattleView,single) (at Assets/AreaBattle/Editor/RepresentativeReplayValidation.cs:102)
AreaBattle.EditorTools.RepresentativeReplayValidation:Win (AreaBattle.BattleView,AreaBattle.EditorTools.RepresentativeReplayValidation/Replay) (at Assets/AreaBattle/Editor/RepresentativeReplayValidation.cs:108)
AreaBattle.EditorTools.RepresentativeReplayValidation:Run () (at Assets/AreaBattle/Editor/RepresentativeReplayValidation.cs:141)
System.Reflection.RuntimeMethodInfo:Invoke (object,System.Reflection.BindingFlags,System.Reflection.Binder,object[],System.Globalization.CultureInfo)
System.Reflection.MethodBase:Invoke (object,object[])
AreaBattle.EditorTools.BattleBuild:ValidateIntegrated () (at Assets/AreaBattle/Editor/BattleBuild.cs:32)
AreaBattle.EditorTools.BattleBuild:ValidateMechanicsOnly () (at Assets/AreaBattle/Editor/BattleBuild.cs:18)

[Assets/AreaBattle/Scripts/RecoveredWayLineVisual.cs line 21]

Instantiating material due to calling renderer.material during edit mode. This will leak materials into the scene. You most likely want to use renderer.sharedMaterial instead.
UnityEngine.Debug:ExtractStackTraceNoAlloc (byte*,int,string)
UnityEngine.StackTraceUtility:ExtractStackTrace () (at /Users/bokken/build/output/unity/unity/Runtime/Export/Scripting/StackTrace.cs:35)
UnityEngine.Renderer:GetMaterial ()
UnityEngine.Renderer:get_material () (at /Users/bokken/build/output/unity/unity/Runtime/Export/Graphics/GraphicsRenderers.bindings.cs:180)
AreaBattle.RecoveredWayLineVisual:Initialize () (at Assets/AreaBattle/Scripts/RecoveredWayLineVisual.cs:33)
AreaBattle.RecoveredWayLineVisual:SetLine (UnityEngine.Vector3,UnityEngine.Vector3,UnityEngine.Color,UnityEngine.Color,bool,bool,single) (at Assets/AreaBattle/Scripts/RecoveredWayLineVisual.cs:56)
AreaBattle.RecoveredWayLineVisual:Synchronize (AreaBattle.LineState,AreaBattle.TowerState,AreaBattle.TowerState,UnityEngine.Color,UnityEngine.Color,single) (at Assets/AreaBattle/Scripts/RecoveredWayLineVisual.cs:46)
AreaBattle.RecoveredWayLineVisual:Synchronize (AreaBattle.LineState,AreaBattle.TowerState,AreaBattle.TowerState,single) (at Assets/AreaBattle/Scripts/RecoveredWayLineVisual.cs:21)
AreaBattle.BattleView:RefreshPresentation () (at Assets/AreaBattle/Scripts/BattleView.cs:566)
AreaBattle.BattleView:AdvanceFrame (single,single) (at Assets/AreaBattle/Scripts/BattleView.cs:374)
AreaBattle.EditorTools.RepresentativeReplayValidation:Advance (AreaBattle.BattleView,single) (at Assets/AreaBattle/Editor/RepresentativeReplayValidation.cs:102)
AreaBattle.EditorTools.RepresentativeReplayValidation:Win (AreaBattle.BattleView,AreaBattle.EditorTools.RepresentativeReplayValidation/Replay) (at Assets/AreaBattle/Editor/RepresentativeReplayValidation.cs:108)
AreaBattle.EditorTools.RepresentativeReplayValidation:Run () (at Assets/AreaBattle/Editor/RepresentativeReplayValidation.cs:141)
System.Reflection.RuntimeMethodInfo:Invoke (object,System.Reflection.BindingFlags,System.Reflection.Binder,object[],System.Globalization.CultureInfo)
System.Reflection.MethodBase:Invoke (object,object[])
AreaBattle.EditorTools.BattleBuild:ValidateIntegrated () (at Assets/AreaBattle/Editor/BattleBuild.cs:32)
AreaBattle.EditorTools.BattleBuild:ValidateMechanicsOnly () (at Assets/AreaBattle/Editor/BattleBuild.cs:18)

[Assets/AreaBattle/Scripts/RecoveredWayLineVisual.cs line 21]

Instantiating material due to calling renderer.material during edit mode. This will leak materials into the scene. You most likely want to use renderer.sharedMaterial instead.
UnityEngine.Debug:ExtractStackTraceNoAlloc (byte*,int,string)
UnityEngine.StackTraceUtility:ExtractStackTrace () (at /Users/bokken/build/output/unity/unity/Runtime/Export/Scripting/StackTrace.cs:35)
UnityEngine.Renderer:GetMaterial ()
UnityEngine.Renderer:get_material () (at /Users/bokken/build/output/unity/unity/Runtime/Export/Graphics/GraphicsRenderers.bindings.cs:180)
AreaBattle.RecoveredWayLineVisual:Initialize () (at Assets/AreaBattle/Scripts/RecoveredWayLineVisual.cs:33)
AreaBattle.RecoveredWayLineVisual:SetLine (UnityEngine.Vector3,UnityEngine.Vector3,UnityEngine.Color,UnityEngine.Color,bool,bool,single) (at Assets/AreaBattle/Scripts/RecoveredWayLineVisual.cs:56)
AreaBattle.RecoveredWayLineVisual:Synchronize (AreaBattle.LineState,AreaBattle.TowerState,AreaBattle.TowerState,UnityEngine.Color,UnityEngine.Color,single) (at Assets/AreaBattle/Scripts/RecoveredWayLineVisual.cs:46)
AreaBattle.RecoveredWayLineVisual:Synchronize (AreaBattle.LineState,AreaBattle.TowerState,AreaBattle.TowerState,single) (at Assets/AreaBattle/Scripts/RecoveredWayLineVisual.cs:21)
AreaBattle.BattleView:RefreshPresentation () (at Assets/AreaBattle/Scripts/BattleView.cs:566)
AreaBattle.BattleView:AdvanceFrame (single,single) (at Assets/AreaBattle/Scripts/BattleView.cs:374)
AreaBattle.EditorTools.RepresentativeReplayValidation:Advance (AreaBattle.BattleView,single) (at Assets/AreaBattle/Editor/RepresentativeReplayValidation.cs:102)
AreaBattle.EditorTools.RepresentativeReplayValidation:Win (AreaBattle.BattleView,AreaBattle.EditorTools.RepresentativeReplayValidation/Replay) (at Assets/AreaBattle/Editor/RepresentativeReplayValidation.cs:108)
AreaBattle.EditorTools.RepresentativeReplayValidation:Run () (at Assets/AreaBattle/Editor/RepresentativeReplayValidation.cs:141)
System.Reflection.RuntimeMethodInfo:Invoke (object,System.Reflection.BindingFlags,System.Reflection.Binder,object[],System.Globalization.CultureInfo)
System.Reflection.MethodBase:Invoke (object,object[])
AreaBattle.EditorTools.BattleBuild:ValidateIntegrated () (at Assets/AreaBattle/Editor/BattleBuild.cs:32)
AreaBattle.EditorTools.BattleBuild:ValidateMechanicsOnly () (at Assets/AreaBattle/Editor/BattleBuild.cs:18)

[Assets/AreaBattle/Scripts/RecoveredWayLineVisual.cs line 21]

Instantiating material due to calling renderer.material during edit mode. This will leak materials into the scene. You most likely want to use renderer.sharedMaterial instead.
UnityEngine.Debug:ExtractStackTraceNoAlloc (byte*,int,string)
UnityEngine.StackTraceUtility:ExtractStackTrace () (at /Users/bokken/build/output/unity/unity/Runtime/Export/Scripting/StackTrace.cs:35)
UnityEngine.Renderer:GetMaterial ()
UnityEngine.Renderer:get_material () (at /Users/bokken/build/output/unity/unity/Runtime/Export/Graphics/GraphicsRenderers.bindings.cs:180)
AreaBattle.RecoveredWayLineVisual:Initialize () (at Assets/AreaBattle/Scripts/RecoveredWayLineVisual.cs:33)
AreaBattle.RecoveredWayLineVisual:SetLine (UnityEngine.Vector3,UnityEngine.Vector3,UnityEngine.Color,UnityEngine.Color,bool,bool,single) (at Assets/AreaBattle/Scripts/RecoveredWayLineVisual.cs:56)
AreaBattle.RecoveredWayLineVisual:Synchronize (AreaBattle.LineState,AreaBattle.TowerState,AreaBattle.TowerState,UnityEngine.Color,UnityEngine.Color,single) (at Assets/AreaBattle/Scripts/RecoveredWayLineVisual.cs:46)
AreaBattle.RecoveredWayLineVisual:Synchronize (AreaBattle.LineState,AreaBattle.TowerState,AreaBattle.TowerState,single) (at Assets/AreaBattle/Scripts/RecoveredWayLineVisual.cs:21)
AreaBattle.BattleView:RefreshPresentation () (at Assets/AreaBattle/Scripts/BattleView.cs:566)
AreaBattle.BattleView:AdvanceFrame (single,single) (at Assets/AreaBattle/Scripts/BattleView.cs:374)
AreaBattle.EditorTools.RepresentativeReplayValidation:Advance (AreaBattle.BattleView,single) (at Assets/AreaBattle/Editor/RepresentativeReplayValidation.cs:102)
AreaBattle.EditorTools.RepresentativeReplayValidation:Win (AreaBattle.BattleView,AreaBattle.EditorTools.RepresentativeReplayValidation/Replay) (at Assets/AreaBattle/Editor/RepresentativeReplayValidation.cs:108)
AreaBattle.EditorTools.RepresentativeReplayValidation:Run () (at Assets/AreaBattle/Editor/RepresentativeReplayValidation.cs:141)
System.Reflection.RuntimeMethodInfo:Invoke (object,System.Reflection.BindingFlags,System.Reflection.Binder,object[],System.Globalization.CultureInfo)
System.Reflection.MethodBase:Invoke (object,object[])
AreaBattle.EditorTools.BattleBuild:ValidateIntegrated () (at Assets/AreaBattle/Editor/BattleBuild.cs:32)
AreaBattle.EditorTools.BattleBuild:ValidateMechanicsOnly () (at Assets/AreaBattle/Editor/BattleBuild.cs:18)

[Assets/AreaBattle/Scripts/RecoveredWayLineVisual.cs line 21]

Instantiating material due to calling renderer.material during edit mode. This will leak materials into the scene. You most likely want to use renderer.sharedMaterial instead.
UnityEngine.Debug:ExtractStackTraceNoAlloc (byte*,int,string)
UnityEngine.StackTraceUtility:ExtractStackTrace () (at /Users/bokken/build/output/unity/unity/Runtime/Export/Scripting/StackTrace.cs:35)
UnityEngine.Renderer:GetMaterial ()
UnityEngine.Renderer:get_material () (at /Users/bokken/build/output/unity/unity/Runtime/Export/Graphics/GraphicsRenderers.bindings.cs:180)
AreaBattle.RecoveredWayLineVisual:Initialize () (at Assets/AreaBattle/Scripts/RecoveredWayLineVisual.cs:33)
AreaBattle.RecoveredWayLineVisual:SetLine (UnityEngine.Vector3,UnityEngine.Vector3,UnityEngine.Color,UnityEngine.Color,bool,bool,single) (at Assets/AreaBattle/Scripts/RecoveredWayLineVisual.cs:56)
AreaBattle.RecoveredWayLineVisual:Synchronize (AreaBattle.LineState,AreaBattle.TowerState,AreaBattle.TowerState,UnityEngine.Color,UnityEngine.Color,single) (at Assets/AreaBattle/Scripts/RecoveredWayLineVisual.cs:46)
AreaBattle.RecoveredWayLineVisual:Synchronize (AreaBattle.LineState,AreaBattle.TowerState,AreaBattle.TowerState,single) (at Assets/AreaBattle/Scripts/RecoveredWayLineVisual.cs:21)
AreaBattle.BattleView:RefreshPresentation () (at Assets/AreaBattle/Scripts/BattleView.cs:566)
AreaBattle.BattleView:AdvanceFrame (single,single) (at Assets/AreaBattle/Scripts/BattleView.cs:374)
AreaBattle.EditorTools.RepresentativeReplayValidation:Advance (AreaBattle.BattleView,single) (at Assets/AreaBattle/Editor/RepresentativeReplayValidation.cs:102)
AreaBattle.EditorTools.RepresentativeReplayValidation:Win (AreaBattle.BattleView,AreaBattle.EditorTools.RepresentativeReplayValidation/Replay) (at Assets/AreaBattle/Editor/RepresentativeReplayValidation.cs:108)
AreaBattle.EditorTools.RepresentativeReplayValidation:Run () (at Assets/AreaBattle/Editor/RepresentativeReplayValidation.cs:141)
System.Reflection.RuntimeMethodInfo:Invoke (object,System.Reflection.BindingFlags,System.Reflection.Binder,object[],System.Globalization.CultureInfo)
System.Reflection.MethodBase:Invoke (object,object[])
AreaBattle.EditorTools.BattleBuild:ValidateIntegrated () (at Assets/AreaBattle/Editor/BattleBuild.cs:32)
AreaBattle.EditorTools.BattleBuild:ValidateMechanicsOnly () (at Assets/AreaBattle/Editor/BattleBuild.cs:18)

[Assets/AreaBattle/Scripts/RecoveredWayLineVisual.cs line 21]

Instantiating material due to calling renderer.material during edit mode. This will leak materials into the scene. You most likely want to use renderer.sharedMaterial instead.
UnityEngine.Debug:ExtractStackTraceNoAlloc (byte*,int,string)
UnityEngine.StackTraceUtility:ExtractStackTrace () (at /Users/bokken/build/output/unity/unity/Runtime/Export/Scripting/StackTrace.cs:35)
UnityEngine.Renderer:GetMaterial ()
UnityEngine.Renderer:get_material () (at /Users/bokken/build/output/unity/unity/Runtime/Export/Graphics/GraphicsRenderers.bindings.cs:180)
AreaBattle.RecoveredWayLineVisual:Initialize () (at Assets/AreaBattle/Scripts/RecoveredWayLineVisual.cs:33)
AreaBattle.RecoveredWayLineVisual:SetLine (UnityEngine.Vector3,UnityEngine.Vector3,UnityEngine.Color,UnityEngine.Color,bool,bool,single) (at Assets/AreaBattle/Scripts/RecoveredWayLineVisual.cs:56)
AreaBattle.RecoveredWayLineVisual:Synchronize (AreaBattle.LineState,AreaBattle.TowerState,AreaBattle.TowerState,UnityEngine.Color,UnityEngine.Color,single) (at Assets/AreaBattle/Scripts/RecoveredWayLineVisual.cs:46)
AreaBattle.RecoveredWayLineVisual:Synchronize (AreaBattle.LineState,AreaBattle.TowerState,AreaBattle.TowerState,single) (at Assets/AreaBattle/Scripts/RecoveredWayLineVisual.cs:21)
AreaBattle.BattleView:RefreshPresentation () (at Assets/AreaBattle/Scripts/BattleView.cs:566)
AreaBattle.BattleView:AdvanceFrame (single,single) (at Assets/AreaBattle/Scripts/BattleView.cs:374)
AreaBattle.EditorTools.RepresentativeReplayValidation:Advance (AreaBattle.BattleView,single) (at Assets/AreaBattle/Editor/RepresentativeReplayValidation.cs:102)
AreaBattle.EditorTools.RepresentativeReplayValidation:Win (AreaBattle.BattleView,AreaBattle.EditorTools.RepresentativeReplayValidation/Replay) (at Assets/AreaBattle/Editor/RepresentativeReplayValidation.cs:108)
AreaBattle.EditorTools.RepresentativeReplayValidation:Run () (at Assets/AreaBattle/Editor/RepresentativeReplayValidation.cs:141)
System.Reflection.RuntimeMethodInfo:Invoke (object,System.Reflection.BindingFlags,System.Reflection.Binder,object[],System.Globalization.CultureInfo)
System.Reflection.MethodBase:Invoke (object,object[])
AreaBattle.EditorTools.BattleBuild:ValidateIntegrated () (at Assets/AreaBattle/Editor/BattleBuild.cs:32)
AreaBattle.EditorTools.BattleBuild:ValidateMechanicsOnly () (at Assets/AreaBattle/Editor/BattleBuild.cs:18)

[Assets/AreaBattle/Scripts/RecoveredWayLineVisual.cs line 21]

Instantiating material due to calling renderer.material during edit mode. This will leak materials into the scene. You most likely want to use renderer.sharedMaterial instead.
UnityEngine.Debug:ExtractStackTraceNoAlloc (byte*,int,string)
UnityEngine.StackTraceUtility:ExtractStackTrace () (at /Users/bokken/build/output/unity/unity/Runtime/Export/Scripting/StackTrace.cs:35)
UnityEngine.Renderer:GetMaterial ()
UnityEngine.Renderer:get_material () (at /Users/bokken/build/output/unity/unity/Runtime/Export/Graphics/GraphicsRenderers.bindings.cs:180)
AreaBattle.RecoveredWayLineVisual:Initialize () (at Assets/AreaBattle/Scripts/RecoveredWayLineVisual.cs:33)
AreaBattle.RecoveredWayLineVisual:SetLine (UnityEngine.Vector3,UnityEngine.Vector3,UnityEngine.Color,UnityEngine.Color,bool,bool,single) (at Assets/AreaBattle/Scripts/RecoveredWayLineVisual.cs:56)
AreaBattle.RecoveredWayLineVisual:Synchronize (AreaBattle.LineState,AreaBattle.TowerState,AreaBattle.TowerState,UnityEngine.Color,UnityEngine.Color,single) (at Assets/AreaBattle/Scripts/RecoveredWayLineVisual.cs:46)
AreaBattle.RecoveredWayLineVisual:Synchronize (AreaBattle.LineState,AreaBattle.TowerState,AreaBattle.TowerState,single) (at Assets/AreaBattle/Scripts/RecoveredWayLineVisual.cs:21)
AreaBattle.BattleView:RefreshPresentation () (at Assets/AreaBattle/Scripts/BattleView.cs:566)
AreaBattle.BattleView:AdvanceFrame (single,single) (at Assets/AreaBattle/Scripts/BattleView.cs:374)
AreaBattle.EditorTools.RepresentativeReplayValidation:Advance (AreaBattle.BattleView,single) (at Assets/AreaBattle/Editor/RepresentativeReplayValidation.cs:102)
AreaBattle.EditorTools.RepresentativeReplayValidation:Win (AreaBattle.BattleView,AreaBattle.EditorTools.RepresentativeReplayValidation/Replay) (at Assets/AreaBattle/Editor/RepresentativeReplayValidation.cs:108)
AreaBattle.EditorTools.RepresentativeReplayValidation:Run () (at Assets/AreaBattle/Editor/RepresentativeReplayValidation.cs:141)
System.Reflection.RuntimeMethodInfo:Invoke (object,System.Reflection.BindingFlags,System.Reflection.Binder,object[],System.Globalization.CultureInfo)
System.Reflection.MethodBase:Invoke (object,object[])
AreaBattle.EditorTools.BattleBuild:ValidateIntegrated () (at Assets/AreaBattle/Editor/BattleBuild.cs:32)
AreaBattle.EditorTools.BattleBuild:ValidateMechanicsOnly () (at Assets/AreaBattle/Editor/BattleBuild.cs:18)

[Assets/AreaBattle/Scripts/RecoveredWayLineVisual.cs line 21]

Instantiating material due to calling renderer.material during edit mode. This will leak materials into the scene. You most likely want to use renderer.sharedMaterial instead.
UnityEngine.Debug:ExtractStackTraceNoAlloc (byte*,int,string)
UnityEngine.StackTraceUtility:ExtractStackTrace () (at /Users/bokken/build/output/unity/unity/Runtime/Export/Scripting/StackTrace.cs:35)
UnityEngine.Renderer:GetMaterial ()
UnityEngine.Renderer:get_material () (at /Users/bokken/build/output/unity/unity/Runtime/Export/Graphics/GraphicsRenderers.bindings.cs:180)
AreaBattle.RecoveredWayLineVisual:Initialize () (at Assets/AreaBattle/Scripts/RecoveredWayLineVisual.cs:33)
AreaBattle.RecoveredWayLineVisual:SetLine (UnityEngine.Vector3,UnityEngine.Vector3,UnityEngine.Color,UnityEngine.Color,bool,bool,single) (at Assets/AreaBattle/Scripts/RecoveredWayLineVisual.cs:56)
AreaBattle.RecoveredWayLineVisual:Synchronize (AreaBattle.LineState,AreaBattle.TowerState,AreaBattle.TowerState,UnityEngine.Color,UnityEngine.Color,single) (at Assets/AreaBattle/Scripts/RecoveredWayLineVisual.cs:46)
AreaBattle.RecoveredWayLineVisual:Synchronize (AreaBattle.LineState,AreaBattle.TowerState,AreaBattle.TowerState,single) (at Assets/AreaBattle/Scripts/RecoveredWayLineVisual.cs:21)
AreaBattle.BattleView:RefreshPresentation () (at Assets/AreaBattle/Scripts/BattleView.cs:566)
AreaBattle.BattleView:AdvanceFrame (single,single) (at Assets/AreaBattle/Scripts/BattleView.cs:374)
AreaBattle.EditorTools.RepresentativeReplayValidation:Advance (AreaBattle.BattleView,single) (at Assets/AreaBattle/Editor/RepresentativeReplayValidation.cs:102)
AreaBattle.EditorTools.RepresentativeReplayValidation:Win (AreaBattle.BattleView,AreaBattle.EditorTools.RepresentativeReplayValidation/Replay) (at Assets/AreaBattle/Editor/RepresentativeReplayValidation.cs:108)
AreaBattle.EditorTools.RepresentativeReplayValidation:Run () (at Assets/AreaBattle/Editor/RepresentativeReplayValidation.cs:141)
System.Reflection.RuntimeMethodInfo:Invoke (object,System.Reflection.BindingFlags,System.Reflection.Binder,object[],System.Globalization.CultureInfo)
System.Reflection.MethodBase:Invoke (object,object[])
AreaBattle.EditorTools.BattleBuild:ValidateIntegrated () (at Assets/AreaBattle/Editor/BattleBuild.cs:32)
AreaBattle.EditorTools.BattleBuild:ValidateMechanicsOnly () (at Assets/AreaBattle/Editor/BattleBuild.cs:18)

[Assets/AreaBattle/Scripts/RecoveredWayLineVisual.cs line 21]

Instantiating material due to calling renderer.material during edit mode. This will leak materials into the scene. You most likely want to use renderer.sharedMaterial instead.
UnityEngine.Debug:ExtractStackTraceNoAlloc (byte*,int,string)
UnityEngine.StackTraceUtility:ExtractStackTrace () (at /Users/bokken/build/output/unity/unity/Runtime/Export/Scripting/StackTrace.cs:35)
UnityEngine.Renderer:GetMaterial ()
UnityEngine.Renderer:get_material () (at /Users/bokken/build/output/unity/unity/Runtime/Export/Graphics/GraphicsRenderers.bindings.cs:180)
AreaBattle.RecoveredWayLineVisual:Initialize () (at Assets/AreaBattle/Scripts/RecoveredWayLineVisual.cs:33)
AreaBattle.RecoveredWayLineVisual:SetLine (UnityEngine.Vector3,UnityEngine.Vector3,UnityEngine.Color,UnityEngine.Color,bool,bool,single) (at Assets/AreaBattle/Scripts/RecoveredWayLineVisual.cs:56)
AreaBattle.RecoveredWayLineVisual:Synchronize (AreaBattle.LineState,AreaBattle.TowerState,AreaBattle.TowerState,UnityEngine.Color,UnityEngine.Color,single) (at Assets/AreaBattle/Scripts/RecoveredWayLineVisual.cs:46)
AreaBattle.RecoveredWayLineVisual:Synchronize (AreaBattle.LineState,AreaBattle.TowerState,AreaBattle.TowerState,single) (at Assets/AreaBattle/Scripts/RecoveredWayLineVisual.cs:21)
AreaBattle.BattleView:RefreshPresentation () (at Assets/AreaBattle/Scripts/BattleView.cs:566)
AreaBattle.BattleView:AdvanceFrame (single,single) (at Assets/AreaBattle/Scripts/BattleView.cs:374)
AreaBattle.EditorTools.RepresentativeReplayValidation:Advance (AreaBattle.BattleView,single) (at Assets/AreaBattle/Editor/RepresentativeReplayValidation.cs:102)
AreaBattle.EditorTools.RepresentativeReplayValidation:Win (AreaBattle.BattleView,AreaBattle.EditorTools.RepresentativeReplayValidation/Replay) (at Assets/AreaBattle/Editor/RepresentativeReplayValidation.cs:108)
AreaBattle.EditorTools.RepresentativeReplayValidation:Run () (at Assets/AreaBattle/Editor/RepresentativeReplayValidation.cs:141)
System.Reflection.RuntimeMethodInfo:Invoke (object,System.Reflection.BindingFlags,System.Reflection.Binder,object[],System.Globalization.CultureInfo)
System.Reflection.MethodBase:Invoke (object,object[])
AreaBattle.EditorTools.BattleBuild:ValidateIntegrated () (at Assets/AreaBattle/Editor/BattleBuild.cs:32)
AreaBattle.EditorTools.BattleBuild:ValidateMechanicsOnly () (at Assets/AreaBattle/Editor/BattleBuild.cs:18)

[Assets/AreaBattle/Scripts/RecoveredWayLineVisual.cs line 21]

Instantiating material due to calling renderer.material during edit mode. This will leak materials into the scene. You most likely want to use renderer.sharedMaterial instead.
UnityEngine.Debug:ExtractStackTraceNoAlloc (byte*,int,string)
UnityEngine.StackTraceUtility:ExtractStackTrace () (at /Users/bokken/build/output/unity/unity/Runtime/Export/Scripting/StackTrace.cs:35)
UnityEngine.Renderer:GetMaterial ()
UnityEngine.Renderer:get_material () (at /Users/bokken/build/output/unity/unity/Runtime/Export/Graphics/GraphicsRenderers.bindings.cs:180)
AreaBattle.RecoveredWayLineVisual:Initialize () (at Assets/AreaBattle/Scripts/RecoveredWayLineVisual.cs:33)
AreaBattle.RecoveredWayLineVisual:SetLine (UnityEngine.Vector3,UnityEngine.Vector3,UnityEngine.Color,UnityEngine.Color,bool,bool,single) (at Assets/AreaBattle/Scripts/RecoveredWayLineVisual.cs:56)
AreaBattle.RecoveredWayLineVisual:Synchronize (AreaBattle.LineState,AreaBattle.TowerState,AreaBattle.TowerState,UnityEngine.Color,UnityEngine.Color,single) (at Assets/AreaBattle/Scripts/RecoveredWayLineVisual.cs:46)
AreaBattle.RecoveredWayLineVisual:Synchronize (AreaBattle.LineState,AreaBattle.TowerState,AreaBattle.TowerState,single) (at Assets/AreaBattle/Scripts/RecoveredWayLineVisual.cs:21)
AreaBattle.BattleView:RefreshPresentation () (at Assets/AreaBattle/Scripts/BattleView.cs:566)
AreaBattle.BattleView:AdvanceFrame (single,single) (at Assets/AreaBattle/Scripts/BattleView.cs:374)
AreaBattle.EditorTools.RepresentativeReplayValidation:Advance (AreaBattle.BattleView,single) (at Assets/AreaBattle/Editor/RepresentativeReplayValidation.cs:102)
AreaBattle.EditorTools.RepresentativeReplayValidation:Win (AreaBattle.BattleView,AreaBattle.EditorTools.RepresentativeReplayValidation/Replay) (at Assets/AreaBattle/Editor/RepresentativeReplayValidation.cs:108)
AreaBattle.EditorTools.RepresentativeReplayValidation:Run () (at Assets/AreaBattle/Editor/RepresentativeReplayValidation.cs:141)
System.Reflection.RuntimeMethodInfo:Invoke (object,System.Reflection.BindingFlags,System.Reflection.Binder,object[],System.Globalization.CultureInfo)
System.Reflection.MethodBase:Invoke (object,object[])
AreaBattle.EditorTools.BattleBuild:ValidateIntegrated () (at Assets/AreaBattle/Editor/BattleBuild.cs:32)
AreaBattle.EditorTools.BattleBuild:ValidateMechanicsOnly () (at Assets/AreaBattle/Editor/BattleBuild.cs:18)

[Assets/AreaBattle/Scripts/RecoveredWayLineVisual.cs line 21]

Instantiating material due to calling renderer.material during edit mode. This will leak materials into the scene. You most likely want to use renderer.sharedMaterial instead.
UnityEngine.Debug:ExtractStackTraceNoAlloc (byte*,int,string)
UnityEngine.StackTraceUtility:ExtractStackTrace () (at /Users/bokken/build/output/unity/unity/Runtime/Export/Scripting/StackTrace.cs:35)
UnityEngine.Renderer:GetMaterial ()
UnityEngine.Renderer:get_material () (at /Users/bokken/build/output/unity/unity/Runtime/Export/Graphics/GraphicsRenderers.bindings.cs:180)
AreaBattle.RecoveredWayLineVisual:Initialize () (at Assets/AreaBattle/Scripts/RecoveredWayLineVisual.cs:33)
AreaBattle.RecoveredWayLineVisual:SetLine (UnityEngine.Vector3,UnityEngine.Vector3,UnityEngine.Color,UnityEngine.Color,bool,bool,single) (at Assets/AreaBattle/Scripts/RecoveredWayLineVisual.cs:56)
AreaBattle.RecoveredWayLineVisual:Synchronize (AreaBattle.LineState,AreaBattle.TowerState,AreaBattle.TowerState,UnityEngine.Color,UnityEngine.Color,single) (at Assets/AreaBattle/Scripts/RecoveredWayLineVisual.cs:46)
AreaBattle.RecoveredWayLineVisual:Synchronize (AreaBattle.LineState,AreaBattle.TowerState,AreaBattle.TowerState,single) (at Assets/AreaBattle/Scripts/RecoveredWayLineVisual.cs:21)
AreaBattle.BattleView:RefreshPresentation () (at Assets/AreaBattle/Scripts/BattleView.cs:566)
AreaBattle.BattleView:AdvanceFrame (single,single) (at Assets/AreaBattle/Scripts/BattleView.cs:374)
AreaBattle.EditorTools.RepresentativeReplayValidation:Advance (AreaBattle.BattleView,single) (at Assets/AreaBattle/Editor/RepresentativeReplayValidation.cs:102)
AreaBattle.EditorTools.RepresentativeReplayValidation:Win (AreaBattle.BattleView,AreaBattle.EditorTools.RepresentativeReplayValidation/Replay) (at Assets/AreaBattle/Editor/RepresentativeReplayValidation.cs:108)
AreaBattle.EditorTools.RepresentativeReplayValidation:Run () (at Assets/AreaBattle/Editor/RepresentativeReplayValidation.cs:141)
System.Reflection.RuntimeMethodInfo:Invoke (object,System.Reflection.BindingFlags,System.Reflection.Binder,object[],System.Globalization.CultureInfo)
System.Reflection.MethodBase:Invoke (object,object[])
AreaBattle.EditorTools.BattleBuild:ValidateIntegrated () (at Assets/AreaBattle/Editor/BattleBuild.cs:32)
AreaBattle.EditorTools.BattleBuild:ValidateMechanicsOnly () (at Assets/AreaBattle/Editor/BattleBuild.cs:18)

[Assets/AreaBattle/Scripts/RecoveredWayLineVisual.cs line 21]

Instantiating material due to calling renderer.material during edit mode. This will leak materials into the scene. You most likely want to use renderer.sharedMaterial instead.
UnityEngine.Debug:ExtractStackTraceNoAlloc (byte*,int,string)
UnityEngine.StackTraceUtility:ExtractStackTrace () (at /Users/bokken/build/output/unity/unity/Runtime/Export/Scripting/StackTrace.cs:35)
UnityEngine.Renderer:GetMaterial ()
UnityEngine.Renderer:get_material () (at /Users/bokken/build/output/unity/unity/Runtime/Export/Graphics/GraphicsRenderers.bindings.cs:180)
AreaBattle.RecoveredWayLineVisual:Initialize () (at Assets/AreaBattle/Scripts/RecoveredWayLineVisual.cs:33)
AreaBattle.RecoveredWayLineVisual:SetLine (UnityEngine.Vector3,UnityEngine.Vector3,UnityEngine.Color,UnityEngine.Color,bool,bool,single) (at Assets/AreaBattle/Scripts/RecoveredWayLineVisual.cs:56)
AreaBattle.RecoveredWayLineVisual:Synchronize (AreaBattle.LineState,AreaBattle.TowerState,AreaBattle.TowerState,UnityEngine.Color,UnityEngine.Color,single) (at Assets/AreaBattle/Scripts/RecoveredWayLineVisual.cs:46)
AreaBattle.RecoveredWayLineVisual:Synchronize (AreaBattle.LineState,AreaBattle.TowerState,AreaBattle.TowerState,single) (at Assets/AreaBattle/Scripts/RecoveredWayLineVisual.cs:21)
AreaBattle.BattleView:RefreshPresentation () (at Assets/AreaBattle/Scripts/BattleView.cs:566)
AreaBattle.BattleView:AdvanceFrame (single,single) (at Assets/AreaBattle/Scripts/BattleView.cs:374)
AreaBattle.EditorTools.RepresentativeReplayValidation:Advance (AreaBattle.BattleView,single) (at Assets/AreaBattle/Editor/RepresentativeReplayValidation.cs:102)
AreaBattle.EditorTools.RepresentativeReplayValidation:Win (AreaBattle.BattleView,AreaBattle.EditorTools.RepresentativeReplayValidation/Replay) (at Assets/AreaBattle/Editor/RepresentativeReplayValidation.cs:108)
AreaBattle.EditorTools.RepresentativeReplayValidation:Run () (at Assets/AreaBattle/Editor/RepresentativeReplayValidation.cs:141)
System.Reflection.RuntimeMethodInfo:Invoke (object,System.Reflection.BindingFlags,System.Reflection.Binder,object[],System.Globalization.CultureInfo)
System.Reflection.MethodBase:Invoke (object,object[])
AreaBattle.EditorTools.BattleBuild:ValidateIntegrated () (at Assets/AreaBattle/Editor/BattleBuild.cs:32)
AreaBattle.EditorTools.BattleBuild:ValidateMechanicsOnly () (at Assets/AreaBattle/Editor/BattleBuild.cs:18)

[Assets/AreaBattle/Scripts/RecoveredWayLineVisual.cs line 21]

Instantiating material due to calling renderer.material during edit mode. This will leak materials into the scene. You most likely want to use renderer.sharedMaterial instead.
UnityEngine.Debug:ExtractStackTraceNoAlloc (byte*,int,string)
UnityEngine.StackTraceUtility:ExtractStackTrace () (at /Users/bokken/build/output/unity/unity/Runtime/Export/Scripting/StackTrace.cs:35)
UnityEngine.Renderer:GetMaterial ()
UnityEngine.Renderer:get_material () (at /Users/bokken/build/output/unity/unity/Runtime/Export/Graphics/GraphicsRenderers.bindings.cs:180)
AreaBattle.RecoveredWayLineVisual:Initialize () (at Assets/AreaBattle/Scripts/RecoveredWayLineVisual.cs:33)
AreaBattle.RecoveredWayLineVisual:SetLine (UnityEngine.Vector3,UnityEngine.Vector3,UnityEngine.Color,UnityEngine.Color,bool,bool,single) (at Assets/AreaBattle/Scripts/RecoveredWayLineVisual.cs:56)
AreaBattle.RecoveredWayLineVisual:Synchronize (AreaBattle.LineState,AreaBattle.TowerState,AreaBattle.TowerState,UnityEngine.Color,UnityEngine.Color,single) (at Assets/AreaBattle/Scripts/RecoveredWayLineVisual.cs:46)
AreaBattle.RecoveredWayLineVisual:Synchronize (AreaBattle.LineState,AreaBattle.TowerState,AreaBattle.TowerState,single) (at Assets/AreaBattle/Scripts/RecoveredWayLineVisual.cs:21)
AreaBattle.BattleView:RefreshPresentation () (at Assets/AreaBattle/Scripts/BattleView.cs:566)
AreaBattle.BattleView:AdvanceFrame (single,single) (at Assets/AreaBattle/Scripts/BattleView.cs:374)
AreaBattle.EditorTools.RepresentativeReplayValidation:Advance (AreaBattle.BattleView,single) (at Assets/AreaBattle/Editor/RepresentativeReplayValidation.cs:102)
AreaBattle.EditorTools.RepresentativeReplayValidation:Win (AreaBattle.BattleView,AreaBattle.EditorTools.RepresentativeReplayValidation/Replay) (at Assets/AreaBattle/Editor/RepresentativeReplayValidation.cs:108)
AreaBattle.EditorTools.RepresentativeReplayValidation:Run () (at Assets/AreaBattle/Editor/RepresentativeReplayValidation.cs:141)
System.Reflection.RuntimeMethodInfo:Invoke (object,System.Reflection.BindingFlags,System.Reflection.Binder,object[],System.Globalization.CultureInfo)
System.Reflection.MethodBase:Invoke (object,object[])
AreaBattle.EditorTools.BattleBuild:ValidateIntegrated () (at Assets/AreaBattle/Editor/BattleBuild.cs:32)
AreaBattle.EditorTools.BattleBuild:ValidateMechanicsOnly () (at Assets/AreaBattle/Editor/BattleBuild.cs:18)

[Assets/AreaBattle/Scripts/RecoveredWayLineVisual.cs line 21]

Instantiating material due to calling renderer.material during edit mode. This will leak materials into the scene. You most likely want to use renderer.sharedMaterial instead.
UnityEngine.Debug:ExtractStackTraceNoAlloc (byte*,int,string)
UnityEngine.StackTraceUtility:ExtractStackTrace () (at /Users/bokken/build/output/unity/unity/Runtime/Export/Scripting/StackTrace.cs:35)
UnityEngine.Renderer:GetMaterial ()
UnityEngine.Renderer:get_material () (at /Users/bokken/build/output/unity/unity/Runtime/Export/Graphics/GraphicsRenderers.bindings.cs:180)
AreaBattle.RecoveredWayLineVisual:Initialize () (at Assets/AreaBattle/Scripts/RecoveredWayLineVisual.cs:33)
AreaBattle.RecoveredWayLineVisual:SetLine (UnityEngine.Vector3,UnityEngine.Vector3,UnityEngine.Color,UnityEngine.Color,bool,bool,single) (at Assets/AreaBattle/Scripts/RecoveredWayLineVisual.cs:56)
AreaBattle.RecoveredWayLineVisual:Synchronize (AreaBattle.LineState,AreaBattle.TowerState,AreaBattle.TowerState,UnityEngine.Color,UnityEngine.Color,single) (at Assets/AreaBattle/Scripts/RecoveredWayLineVisual.cs:46)
AreaBattle.RecoveredWayLineVisual:Synchronize (AreaBattle.LineState,AreaBattle.TowerState,AreaBattle.TowerState,single) (at Assets/AreaBattle/Scripts/RecoveredWayLineVisual.cs:21)
AreaBattle.BattleView:RefreshPresentation () (at Assets/AreaBattle/Scripts/BattleView.cs:566)
AreaBattle.BattleView:AdvanceFrame (single,single) (at Assets/AreaBattle/Scripts/BattleView.cs:374)
AreaBattle.EditorTools.RepresentativeReplayValidation:Advance (AreaBattle.BattleView,single) (at Assets/AreaBattle/Editor/RepresentativeReplayValidation.cs:102)
AreaBattle.EditorTools.RepresentativeReplayValidation:Win (AreaBattle.BattleView,AreaBattle.EditorTools.RepresentativeReplayValidation/Replay) (at Assets/AreaBattle/Editor/RepresentativeReplayValidation.cs:108)
AreaBattle.EditorTools.RepresentativeReplayValidation:Run () (at Assets/AreaBattle/Editor/RepresentativeReplayValidation.cs:141)
System.Reflection.RuntimeMethodInfo:Invoke (object,System.Reflection.BindingFlags,System.Reflection.Binder,object[],System.Globalization.CultureInfo)
System.Reflection.MethodBase:Invoke (object,object[])
AreaBattle.EditorTools.BattleBuild:ValidateIntegrated () (at Assets/AreaBattle/Editor/BattleBuild.cs:32)
AreaBattle.EditorTools.BattleBuild:ValidateMechanicsOnly () (at Assets/AreaBattle/Editor/BattleBuild.cs:18)

[Assets/AreaBattle/Scripts/RecoveredWayLineVisual.cs line 21]

Instantiating material due to calling renderer.material during edit mode. This will leak materials into the scene. You most likely want to use renderer.sharedMaterial instead.
UnityEngine.Debug:ExtractStackTraceNoAlloc (byte*,int,string)
UnityEngine.StackTraceUtility:ExtractStackTrace () (at /Users/bokken/build/output/unity/unity/Runtime/Export/Scripting/StackTrace.cs:35)
UnityEngine.Renderer:GetMaterial ()
UnityEngine.Renderer:get_material () (at /Users/bokken/build/output/unity/unity/Runtime/Export/Graphics/GraphicsRenderers.bindings.cs:180)
AreaBattle.RecoveredWayLineVisual:Initialize () (at Assets/AreaBattle/Scripts/RecoveredWayLineVisual.cs:33)
AreaBattle.RecoveredWayLineVisual:SetLine (UnityEngine.Vector3,UnityEngine.Vector3,UnityEngine.Color,UnityEngine.Color,bool,bool,single) (at Assets/AreaBattle/Scripts/RecoveredWayLineVisual.cs:56)
AreaBattle.RecoveredWayLineVisual:Synchronize (AreaBattle.LineState,AreaBattle.TowerState,AreaBattle.TowerState,UnityEngine.Color,UnityEngine.Color,single) (at Assets/AreaBattle/Scripts/RecoveredWayLineVisual.cs:46)
AreaBattle.RecoveredWayLineVisual:Synchronize (AreaBattle.LineState,AreaBattle.TowerState,AreaBattle.TowerState,single) (at Assets/AreaBattle/Scripts/RecoveredWayLineVisual.cs:21)
AreaBattle.BattleView:RefreshPresentation () (at Assets/AreaBattle/Scripts/BattleView.cs:566)
AreaBattle.BattleView:AdvanceFrame (single,single) (at Assets/AreaBattle/Scripts/BattleView.cs:374)
AreaBattle.EditorTools.RepresentativeReplayValidation:Advance (AreaBattle.BattleView,single) (at Assets/AreaBattle/Editor/RepresentativeReplayValidation.cs:102)
AreaBattle.EditorTools.RepresentativeReplayValidation:Win (AreaBattle.BattleView,AreaBattle.EditorTools.RepresentativeReplayValidation/Replay) (at Assets/AreaBattle/Editor/RepresentativeReplayValidation.cs:108)
AreaBattle.EditorTools.RepresentativeReplayValidation:Run () (at Assets/AreaBattle/Editor/RepresentativeReplayValidation.cs:141)
System.Reflection.RuntimeMethodInfo:Invoke (object,System.Reflection.BindingFlags,System.Reflection.Binder,object[],System.Globalization.CultureInfo)
System.Reflection.MethodBase:Invoke (object,object[])
AreaBattle.EditorTools.BattleBuild:ValidateIntegrated () (at Assets/AreaBattle/Editor/BattleBuild.cs:32)
AreaBattle.EditorTools.BattleBuild:ValidateMechanicsOnly () (at Assets/AreaBattle/Editor/BattleBuild.cs:18)

[Assets/AreaBattle/Scripts/RecoveredWayLineVisual.cs line 21]

Instantiating material due to calling renderer.material during edit mode. This will leak materials into the scene. You most likely want to use renderer.sharedMaterial instead.
UnityEngine.Debug:ExtractStackTraceNoAlloc (byte*,int,string)
UnityEngine.StackTraceUtility:ExtractStackTrace () (at /Users/bokken/build/output/unity/unity/Runtime/Export/Scripting/StackTrace.cs:35)
UnityEngine.Renderer:GetMaterial ()
UnityEngine.Renderer:get_material () (at /Users/bokken/build/output/unity/unity/Runtime/Export/Graphics/GraphicsRenderers.bindings.cs:180)
AreaBattle.RecoveredWayLineVisual:Initialize () (at Assets/AreaBattle/Scripts/RecoveredWayLineVisual.cs:33)
AreaBattle.RecoveredWayLineVisual:SetLine (UnityEngine.Vector3,UnityEngine.Vector3,UnityEngine.Color,UnityEngine.Color,bool,bool,single) (at Assets/AreaBattle/Scripts/RecoveredWayLineVisual.cs:56)
AreaBattle.RecoveredWayLineVisual:Synchronize (AreaBattle.LineState,AreaBattle.TowerState,AreaBattle.TowerState,UnityEngine.Color,UnityEngine.Color,single) (at Assets/AreaBattle/Scripts/RecoveredWayLineVisual.cs:46)
AreaBattle.RecoveredWayLineVisual:Synchronize (AreaBattle.LineState,AreaBattle.TowerState,AreaBattle.TowerState,single) (at Assets/AreaBattle/Scripts/RecoveredWayLineVisual.cs:21)
AreaBattle.BattleView:RefreshPresentation () (at Assets/AreaBattle/Scripts/BattleView.cs:566)
AreaBattle.BattleView:AdvanceFrame (single,single) (at Assets/AreaBattle/Scripts/BattleView.cs:374)
AreaBattle.EditorTools.RepresentativeReplayValidation:Advance (AreaBattle.BattleView,single) (at Assets/AreaBattle/Editor/RepresentativeReplayValidation.cs:102)
AreaBattle.EditorTools.RepresentativeReplayValidation:Win (AreaBattle.BattleView,AreaBattle.EditorTools.RepresentativeReplayValidation/Replay) (at Assets/AreaBattle/Editor/RepresentativeReplayValidation.cs:108)
AreaBattle.EditorTools.RepresentativeReplayValidation:Run () (at Assets/AreaBattle/Editor/RepresentativeReplayValidation.cs:141)
System.Reflection.RuntimeMethodInfo:Invoke (object,System.Reflection.BindingFlags,System.Reflection.Binder,object[],System.Globalization.CultureInfo)
System.Reflection.MethodBase:Invoke (object,object[])
AreaBattle.EditorTools.BattleBuild:ValidateIntegrated () (at Assets/AreaBattle/Editor/BattleBuild.cs:32)
AreaBattle.EditorTools.BattleBuild:ValidateMechanicsOnly () (at Assets/AreaBattle/Editor/BattleBuild.cs:18)

[Assets/AreaBattle/Scripts/RecoveredWayLineVisual.cs line 21]

Instantiating material due to calling renderer.material during edit mode. This will leak materials into the scene. You most likely want to use renderer.sharedMaterial instead.
UnityEngine.Debug:ExtractStackTraceNoAlloc (byte*,int,string)
UnityEngine.StackTraceUtility:ExtractStackTrace () (at /Users/bokken/build/output/unity/unity/Runtime/Export/Scripting/StackTrace.cs:35)
UnityEngine.Renderer:GetMaterial ()
UnityEngine.Renderer:get_material () (at /Users/bokken/build/output/unity/unity/Runtime/Export/Graphics/GraphicsRenderers.bindings.cs:180)
AreaBattle.RecoveredWayLineVisual:Initialize () (at Assets/AreaBattle/Scripts/RecoveredWayLineVisual.cs:33)
AreaBattle.RecoveredWayLineVisual:SetLine (UnityEngine.Vector3,UnityEngine.Vector3,UnityEngine.Color,UnityEngine.Color,bool,bool,single) (at Assets/AreaBattle/Scripts/RecoveredWayLineVisual.cs:56)
AreaBattle.RecoveredWayLineVisual:Synchronize (AreaBattle.LineState,AreaBattle.TowerState,AreaBattle.TowerState,UnityEngine.Color,UnityEngine.Color,single) (at Assets/AreaBattle/Scripts/RecoveredWayLineVisual.cs:46)
AreaBattle.RecoveredWayLineVisual:Synchronize (AreaBattle.LineState,AreaBattle.TowerState,AreaBattle.TowerState,single) (at Assets/AreaBattle/Scripts/RecoveredWayLineVisual.cs:21)
AreaBattle.BattleView:RefreshPresentation () (at Assets/AreaBattle/Scripts/BattleView.cs:566)
AreaBattle.BattleView:AdvanceFrame (single,single) (at Assets/AreaBattle/Scripts/BattleView.cs:374)
AreaBattle.EditorTools.RepresentativeReplayValidation:Advance (AreaBattle.BattleView,single) (at Assets/AreaBattle/Editor/RepresentativeReplayValidation.cs:102)
AreaBattle.EditorTools.RepresentativeReplayValidation:Win (AreaBattle.BattleView,AreaBattle.EditorTools.RepresentativeReplayValidation/Replay) (at Assets/AreaBattle/Editor/RepresentativeReplayValidation.cs:108)
AreaBattle.EditorTools.RepresentativeReplayValidation:Run () (at Assets/AreaBattle/Editor/RepresentativeReplayValidation.cs:141)
System.Reflection.RuntimeMethodInfo:Invoke (object,System.Reflection.BindingFlags,System.Reflection.Binder,object[],System.Globalization.CultureInfo)
System.Reflection.MethodBase:Invoke (object,object[])
AreaBattle.EditorTools.BattleBuild:ValidateIntegrated () (at Assets/AreaBattle/Editor/BattleBuild.cs:32)
AreaBattle.EditorTools.BattleBuild:ValidateMechanicsOnly () (at Assets/AreaBattle/Editor/BattleBuild.cs:18)

[Assets/AreaBattle/Scripts/RecoveredWayLineVisual.cs line 21]

Instantiating material due to calling renderer.material during edit mode. This will leak materials into the scene. You most likely want to use renderer.sharedMaterial instead.
UnityEngine.Debug:ExtractStackTraceNoAlloc (byte*,int,string)
UnityEngine.StackTraceUtility:ExtractStackTrace () (at /Users/bokken/build/output/unity/unity/Runtime/Export/Scripting/StackTrace.cs:35)
UnityEngine.Renderer:GetMaterial ()
UnityEngine.Renderer:get_material () (at /Users/bokken/build/output/unity/unity/Runtime/Export/Graphics/GraphicsRenderers.bindings.cs:180)
AreaBattle.RecoveredWayLineVisual:Initialize () (at Assets/AreaBattle/Scripts/RecoveredWayLineVisual.cs:33)
AreaBattle.RecoveredWayLineVisual:SetLine (UnityEngine.Vector3,UnityEngine.Vector3,UnityEngine.Color,UnityEngine.Color,bool,bool,single) (at Assets/AreaBattle/Scripts/RecoveredWayLineVisual.cs:56)
AreaBattle.RecoveredWayLineVisual:Synchronize (AreaBattle.LineState,AreaBattle.TowerState,AreaBattle.TowerState,UnityEngine.Color,UnityEngine.Color,single) (at Assets/AreaBattle/Scripts/RecoveredWayLineVisual.cs:46)
AreaBattle.RecoveredWayLineVisual:Synchronize (AreaBattle.LineState,AreaBattle.TowerState,AreaBattle.TowerState,single) (at Assets/AreaBattle/Scripts/RecoveredWayLineVisual.cs:21)
AreaBattle.BattleView:RefreshPresentation () (at Assets/AreaBattle/Scripts/BattleView.cs:566)
AreaBattle.BattleView:AdvanceFrame (single,single) (at Assets/AreaBattle/Scripts/BattleView.cs:374)
AreaBattle.EditorTools.RepresentativeReplayValidation:Advance (AreaBattle.BattleView,single) (at Assets/AreaBattle/Editor/RepresentativeReplayValidation.cs:102)
AreaBattle.EditorTools.RepresentativeReplayValidation:Win (AreaBattle.BattleView,AreaBattle.EditorTools.RepresentativeReplayValidation/Replay) (at Assets/AreaBattle/Editor/RepresentativeReplayValidation.cs:108)
AreaBattle.EditorTools.RepresentativeReplayValidation:Run () (at Assets/AreaBattle/Editor/RepresentativeReplayValidation.cs:141)
System.Reflection.RuntimeMethodInfo:Invoke (object,System.Reflection.BindingFlags,System.Reflection.Binder,object[],System.Globalization.CultureInfo)
System.Reflection.MethodBase:Invoke (object,object[])
AreaBattle.EditorTools.BattleBuild:ValidateIntegrated () (at Assets/AreaBattle/Editor/BattleBuild.cs:32)
AreaBattle.EditorTools.BattleBuild:ValidateMechanicsOnly () (at Assets/AreaBattle/Editor/BattleBuild.cs:18)

[Assets/AreaBattle/Scripts/RecoveredWayLineVisual.cs line 21]

Instantiating material due to calling renderer.material during edit mode. This will leak materials into the scene. You most likely want to use renderer.sharedMaterial instead.
UnityEngine.Debug:ExtractStackTraceNoAlloc (byte*,int,string)
UnityEngine.StackTraceUtility:ExtractStackTrace () (at /Users/bokken/build/output/unity/unity/Runtime/Export/Scripting/StackTrace.cs:35)
UnityEngine.Renderer:GetMaterial ()
UnityEngine.Renderer:get_material () (at /Users/bokken/build/output/unity/unity/Runtime/Export/Graphics/GraphicsRenderers.bindings.cs:180)
AreaBattle.RecoveredWayLineVisual:Initialize () (at Assets/AreaBattle/Scripts/RecoveredWayLineVisual.cs:33)
AreaBattle.RecoveredWayLineVisual:SetLine (UnityEngine.Vector3,UnityEngine.Vector3,UnityEngine.Color,UnityEngine.Color,bool,bool,single) (at Assets/AreaBattle/Scripts/RecoveredWayLineVisual.cs:56)
AreaBattle.RecoveredWayLineVisual:Synchronize (AreaBattle.LineState,AreaBattle.TowerState,AreaBattle.TowerState,UnityEngine.Color,UnityEngine.Color,single) (at Assets/AreaBattle/Scripts/RecoveredWayLineVisual.cs:46)
AreaBattle.RecoveredWayLineVisual:Synchronize (AreaBattle.LineState,AreaBattle.TowerState,AreaBattle.TowerState,single) (at Assets/AreaBattle/Scripts/RecoveredWayLineVisual.cs:21)
AreaBattle.BattleView:RefreshPresentation () (at Assets/AreaBattle/Scripts/BattleView.cs:566)
AreaBattle.BattleView:AdvanceFrame (single,single) (at Assets/AreaBattle/Scripts/BattleView.cs:374)
AreaBattle.EditorTools.RepresentativeReplayValidation:Advance (AreaBattle.BattleView,single) (at Assets/AreaBattle/Editor/RepresentativeReplayValidation.cs:102)
AreaBattle.EditorTools.RepresentativeReplayValidation:Win (AreaBattle.BattleView,AreaBattle.EditorTools.RepresentativeReplayValidation/Replay) (at Assets/AreaBattle/Editor/RepresentativeReplayValidation.cs:108)
AreaBattle.EditorTools.RepresentativeReplayValidation:Run () (at Assets/AreaBattle/Editor/RepresentativeReplayValidation.cs:141)
System.Reflection.RuntimeMethodInfo:Invoke (object,System.Reflection.BindingFlags,System.Reflection.Binder,object[],System.Globalization.CultureInfo)
System.Reflection.MethodBase:Invoke (object,object[])
AreaBattle.EditorTools.BattleBuild:ValidateIntegrated () (at Assets/AreaBattle/Editor/BattleBuild.cs:32)
AreaBattle.EditorTools.BattleBuild:ValidateMechanicsOnly () (at Assets/AreaBattle/Editor/BattleBuild.cs:18)

[Assets/AreaBattle/Scripts/RecoveredWayLineVisual.cs line 21]

Instantiating material due to calling renderer.material during edit mode. This will leak materials into the scene. You most likely want to use renderer.sharedMaterial instead.
UnityEngine.Debug:ExtractStackTraceNoAlloc (byte*,int,string)
UnityEngine.StackTraceUtility:ExtractStackTrace () (at /Users/bokken/build/output/unity/unity/Runtime/Export/Scripting/StackTrace.cs:35)
UnityEngine.Renderer:GetMaterial ()
UnityEngine.Renderer:get_material () (at /Users/bokken/build/output/unity/unity/Runtime/Export/Graphics/GraphicsRenderers.bindings.cs:180)
AreaBattle.RecoveredWayLineVisual:Initialize () (at Assets/AreaBattle/Scripts/RecoveredWayLineVisual.cs:33)
AreaBattle.RecoveredWayLineVisual:SetLine (UnityEngine.Vector3,UnityEngine.Vector3,UnityEngine.Color,UnityEngine.Color,bool,bool,single) (at Assets/AreaBattle/Scripts/RecoveredWayLineVisual.cs:56)
AreaBattle.RecoveredWayLineVisual:Synchronize (AreaBattle.LineState,AreaBattle.TowerState,AreaBattle.TowerState,UnityEngine.Color,UnityEngine.Color,single) (at Assets/AreaBattle/Scripts/RecoveredWayLineVisual.cs:46)
AreaBattle.RecoveredWayLineVisual:Synchronize (AreaBattle.LineState,AreaBattle.TowerState,AreaBattle.TowerState,single) (at Assets/AreaBattle/Scripts/RecoveredWayLineVisual.cs:21)
AreaBattle.BattleView:RefreshPresentation () (at Assets/AreaBattle/Scripts/BattleView.cs:566)
AreaBattle.BattleView:AdvanceFrame (single,single) (at Assets/AreaBattle/Scripts/BattleView.cs:374)
AreaBattle.EditorTools.RepresentativeReplayValidation:Advance (AreaBattle.BattleView,single) (at Assets/AreaBattle/Editor/RepresentativeReplayValidation.cs:102)
AreaBattle.EditorTools.RepresentativeReplayValidation:Win (AreaBattle.BattleView,AreaBattle.EditorTools.RepresentativeReplayValidation/Replay) (at Assets/AreaBattle/Editor/RepresentativeReplayValidation.cs:108)
AreaBattle.EditorTools.RepresentativeReplayValidation:Run () (at Assets/AreaBattle/Editor/RepresentativeReplayValidation.cs:141)
System.Reflection.RuntimeMethodInfo:Invoke (object,System.Reflection.BindingFlags,System.Reflection.Binder,object[],System.Globalization.CultureInfo)
System.Reflection.MethodBase:Invoke (object,object[])
AreaBattle.EditorTools.BattleBuild:ValidateIntegrated () (at Assets/AreaBattle/Editor/BattleBuild.cs:32)
AreaBattle.EditorTools.BattleBuild:ValidateMechanicsOnly () (at Assets/AreaBattle/Editor/BattleBuild.cs:18)

[Assets/AreaBattle/Scripts/RecoveredWayLineVisual.cs line 21]

Instantiating material due to calling renderer.material during edit mode. This will leak materials into the scene. You most likely want to use renderer.sharedMaterial instead.
UnityEngine.Debug:ExtractStackTraceNoAlloc (byte*,int,string)
UnityEngine.StackTraceUtility:ExtractStackTrace () (at /Users/bokken/build/output/unity/unity/Runtime/Export/Scripting/StackTrace.cs:35)
UnityEngine.Renderer:GetMaterial ()
UnityEngine.Renderer:get_material () (at /Users/bokken/build/output/unity/unity/Runtime/Export/Graphics/GraphicsRenderers.bindings.cs:180)
AreaBattle.RecoveredWayLineVisual:Initialize () (at Assets/AreaBattle/Scripts/RecoveredWayLineVisual.cs:33)
AreaBattle.RecoveredWayLineVisual:SetLine (UnityEngine.Vector3,UnityEngine.Vector3,UnityEngine.Color,UnityEngine.Color,bool,bool,single) (at Assets/AreaBattle/Scripts/RecoveredWayLineVisual.cs:56)
AreaBattle.RecoveredWayLineVisual:Synchronize (AreaBattle.LineState,AreaBattle.TowerState,AreaBattle.TowerState,UnityEngine.Color,UnityEngine.Color,single) (at Assets/AreaBattle/Scripts/RecoveredWayLineVisual.cs:46)
AreaBattle.RecoveredWayLineVisual:Synchronize (AreaBattle.LineState,AreaBattle.TowerState,AreaBattle.TowerState,single) (at Assets/AreaBattle/Scripts/RecoveredWayLineVisual.cs:21)
AreaBattle.BattleView:RefreshPresentation () (at Assets/AreaBattle/Scripts/BattleView.cs:566)
AreaBattle.BattleView:AdvanceFrame (single,single) (at Assets/AreaBattle/Scripts/BattleView.cs:374)
AreaBattle.EditorTools.RepresentativeReplayValidation:Advance (AreaBattle.BattleView,single) (at Assets/AreaBattle/Editor/RepresentativeReplayValidation.cs:102)
AreaBattle.EditorTools.RepresentativeReplayValidation:Win (AreaBattle.BattleView,AreaBattle.EditorTools.RepresentativeReplayValidation/Replay) (at Assets/AreaBattle/Editor/RepresentativeReplayValidation.cs:108)
AreaBattle.EditorTools.RepresentativeReplayValidation:Run () (at Assets/AreaBattle/Editor/RepresentativeReplayValidation.cs:141)
System.Reflection.RuntimeMethodInfo:Invoke (object,System.Reflection.BindingFlags,System.Reflection.Binder,object[],System.Globalization.CultureInfo)
System.Reflection.MethodBase:Invoke (object,object[])
AreaBattle.EditorTools.BattleBuild:ValidateIntegrated () (at Assets/AreaBattle/Editor/BattleBuild.cs:32)
AreaBattle.EditorTools.BattleBuild:ValidateMechanicsOnly () (at Assets/AreaBattle/Editor/BattleBuild.cs:18)

[Assets/AreaBattle/Scripts/RecoveredWayLineVisual.cs line 21]

Instantiating material due to calling renderer.material during edit mode. This will leak materials into the scene. You most likely want to use renderer.sharedMaterial instead.
UnityEngine.Debug:ExtractStackTraceNoAlloc (byte*,int,string)
UnityEngine.StackTraceUtility:ExtractStackTrace () (at /Users/bokken/build/output/unity/unity/Runtime/Export/Scripting/StackTrace.cs:35)
UnityEngine.Renderer:GetMaterial ()
UnityEngine.Renderer:get_material () (at /Users/bokken/build/output/unity/unity/Runtime/Export/Graphics/GraphicsRenderers.bindings.cs:180)
AreaBattle.RecoveredWayLineVisual:Initialize () (at Assets/AreaBattle/Scripts/RecoveredWayLineVisual.cs:33)
AreaBattle.RecoveredWayLineVisual:SetLine (UnityEngine.Vector3,UnityEngine.Vector3,UnityEngine.Color,UnityEngine.Color,bool,bool,single) (at Assets/AreaBattle/Scripts/RecoveredWayLineVisual.cs:56)
AreaBattle.RecoveredWayLineVisual:Synchronize (AreaBattle.LineState,AreaBattle.TowerState,AreaBattle.TowerState,UnityEngine.Color,UnityEngine.Color,single) (at Assets/AreaBattle/Scripts/RecoveredWayLineVisual.cs:46)
AreaBattle.RecoveredWayLineVisual:Synchronize (AreaBattle.LineState,AreaBattle.TowerState,AreaBattle.TowerState,single) (at Assets/AreaBattle/Scripts/RecoveredWayLineVisual.cs:21)
AreaBattle.BattleView:RefreshPresentation () (at Assets/AreaBattle/Scripts/BattleView.cs:566)
AreaBattle.BattleView:AdvanceFrame (single,single) (at Assets/AreaBattle/Scripts/BattleView.cs:374)
AreaBattle.EditorTools.RepresentativeReplayValidation:Advance (AreaBattle.BattleView,single) (at Assets/AreaBattle/Editor/RepresentativeReplayValidation.cs:102)
AreaBattle.EditorTools.RepresentativeReplayValidation:Win (AreaBattle.BattleView,AreaBattle.EditorTools.RepresentativeReplayValidation/Replay) (at Assets/AreaBattle/Editor/RepresentativeReplayValidation.cs:108)
AreaBattle.EditorTools.RepresentativeReplayValidation:Run () (at Assets/AreaBattle/Editor/RepresentativeReplayValidation.cs:141)
System.Reflection.RuntimeMethodInfo:Invoke (object,System.Reflection.BindingFlags,System.Reflection.Binder,object[],System.Globalization.CultureInfo)
System.Reflection.MethodBase:Invoke (object,object[])
AreaBattle.EditorTools.BattleBuild:ValidateIntegrated () (at Assets/AreaBattle/Editor/BattleBuild.cs:32)
AreaBattle.EditorTools.BattleBuild:ValidateMechanicsOnly () (at Assets/AreaBattle/Editor/BattleBuild.cs:18)

[Assets/AreaBattle/Scripts/RecoveredWayLineVisual.cs line 21]

Instantiating material due to calling renderer.material during edit mode. This will leak materials into the scene. You most likely want to use renderer.sharedMaterial instead.
UnityEngine.Debug:ExtractStackTraceNoAlloc (byte*,int,string)
UnityEngine.StackTraceUtility:ExtractStackTrace () (at /Users/bokken/build/output/unity/unity/Runtime/Export/Scripting/StackTrace.cs:35)
UnityEngine.Renderer:GetMaterial ()
UnityEngine.Renderer:get_material () (at /Users/bokken/build/output/unity/unity/Runtime/Export/Graphics/GraphicsRenderers.bindings.cs:180)
AreaBattle.RecoveredWayLineVisual:Initialize () (at Assets/AreaBattle/Scripts/RecoveredWayLineVisual.cs:33)
AreaBattle.RecoveredWayLineVisual:SetLine (UnityEngine.Vector3,UnityEngine.Vector3,UnityEngine.Color,UnityEngine.Color,bool,bool,single) (at Assets/AreaBattle/Scripts/RecoveredWayLineVisual.cs:56)
AreaBattle.RecoveredWayLineVisual:Synchronize (AreaBattle.LineState,AreaBattle.TowerState,AreaBattle.TowerState,UnityEngine.Color,UnityEngine.Color,single) (at Assets/AreaBattle/Scripts/RecoveredWayLineVisual.cs:46)
AreaBattle.RecoveredWayLineVisual:Synchronize (AreaBattle.LineState,AreaBattle.TowerState,AreaBattle.TowerState,single) (at Assets/AreaBattle/Scripts/RecoveredWayLineVisual.cs:21)
AreaBattle.BattleView:RefreshPresentation () (at Assets/AreaBattle/Scripts/BattleView.cs:566)
AreaBattle.BattleView:AdvanceFrame (single,single) (at Assets/AreaBattle/Scripts/BattleView.cs:374)
AreaBattle.EditorTools.RepresentativeReplayValidation:Advance (AreaBattle.BattleView,single) (at Assets/AreaBattle/Editor/RepresentativeReplayValidation.cs:102)
AreaBattle.EditorTools.RepresentativeReplayValidation:Win (AreaBattle.BattleView,AreaBattle.EditorTools.RepresentativeReplayValidation/Replay) (at Assets/AreaBattle/Editor/RepresentativeReplayValidation.cs:108)
AreaBattle.EditorTools.RepresentativeReplayValidation:Run () (at Assets/AreaBattle/Editor/RepresentativeReplayValidation.cs:141)
System.Reflection.RuntimeMethodInfo:Invoke (object,System.Reflection.BindingFlags,System.Reflection.Binder,object[],System.Globalization.CultureInfo)
System.Reflection.MethodBase:Invoke (object,object[])
AreaBattle.EditorTools.BattleBuild:ValidateIntegrated () (at Assets/AreaBattle/Editor/BattleBuild.cs:32)
AreaBattle.EditorTools.BattleBuild:ValidateMechanicsOnly () (at Assets/AreaBattle/Editor/BattleBuild.cs:18)

[Assets/AreaBattle/Scripts/RecoveredWayLineVisual.cs line 21]

Instantiating material due to calling renderer.material during edit mode. This will leak materials into the scene. You most likely want to use renderer.sharedMaterial instead.
UnityEngine.Debug:ExtractStackTraceNoAlloc (byte*,int,string)
UnityEngine.StackTraceUtility:ExtractStackTrace () (at /Users/bokken/build/output/unity/unity/Runtime/Export/Scripting/StackTrace.cs:35)
UnityEngine.Renderer:GetMaterial ()
UnityEngine.Renderer:get_material () (at /Users/bokken/build/output/unity/unity/Runtime/Export/Graphics/GraphicsRenderers.bindings.cs:180)
AreaBattle.RecoveredWayLineVisual:Initialize () (at Assets/AreaBattle/Scripts/RecoveredWayLineVisual.cs:33)
AreaBattle.RecoveredWayLineVisual:SetLine (UnityEngine.Vector3,UnityEngine.Vector3,UnityEngine.Color,UnityEngine.Color,bool,bool,single) (at Assets/AreaBattle/Scripts/RecoveredWayLineVisual.cs:56)
AreaBattle.RecoveredWayLineVisual:Synchronize (AreaBattle.LineState,AreaBattle.TowerState,AreaBattle.TowerState,UnityEngine.Color,UnityEngine.Color,single) (at Assets/AreaBattle/Scripts/RecoveredWayLineVisual.cs:46)
AreaBattle.RecoveredWayLineVisual:Synchronize (AreaBattle.LineState,AreaBattle.TowerState,AreaBattle.TowerState,single) (at Assets/AreaBattle/Scripts/RecoveredWayLineVisual.cs:21)
AreaBattle.BattleView:RefreshPresentation () (at Assets/AreaBattle/Scripts/BattleView.cs:566)
AreaBattle.BattleView:AdvanceFrame (single,single) (at Assets/AreaBattle/Scripts/BattleView.cs:374)
AreaBattle.EditorTools.RepresentativeReplayValidation:Advance (AreaBattle.BattleView,single) (at Assets/AreaBattle/Editor/RepresentativeReplayValidation.cs:102)
AreaBattle.EditorTools.RepresentativeReplayValidation:Win (AreaBattle.BattleView,AreaBattle.EditorTools.RepresentativeReplayValidation/Replay) (at Assets/AreaBattle/Editor/RepresentativeReplayValidation.cs:108)
AreaBattle.EditorTools.RepresentativeReplayValidation:Run () (at Assets/AreaBattle/Editor/RepresentativeReplayValidation.cs:141)
System.Reflection.RuntimeMethodInfo:Invoke (object,System.Reflection.BindingFlags,System.Reflection.Binder,object[],System.Globalization.CultureInfo)
System.Reflection.MethodBase:Invoke (object,object[])
AreaBattle.EditorTools.BattleBuild:ValidateIntegrated () (at Assets/AreaBattle/Editor/BattleBuild.cs:32)
AreaBattle.EditorTools.BattleBuild:ValidateMechanicsOnly () (at Assets/AreaBattle/Editor/BattleBuild.cs:18)

[Assets/AreaBattle/Scripts/RecoveredWayLineVisual.cs line 21]

Instantiating material due to calling renderer.material during edit mode. This will leak materials into the scene. You most likely want to use renderer.sharedMaterial instead.
UnityEngine.Debug:ExtractStackTraceNoAlloc (byte*,int,string)
UnityEngine.StackTraceUtility:ExtractStackTrace () (at /Users/bokken/build/output/unity/unity/Runtime/Export/Scripting/StackTrace.cs:35)
UnityEngine.Renderer:GetMaterial ()
UnityEngine.Renderer:get_material () (at /Users/bokken/build/output/unity/unity/Runtime/Export/Graphics/GraphicsRenderers.bindings.cs:180)
AreaBattle.RecoveredWayLineVisual:Initialize () (at Assets/AreaBattle/Scripts/RecoveredWayLineVisual.cs:33)
AreaBattle.RecoveredWayLineVisual:SetLine (UnityEngine.Vector3,UnityEngine.Vector3,UnityEngine.Color,UnityEngine.Color,bool,bool,single) (at Assets/AreaBattle/Scripts/RecoveredWayLineVisual.cs:56)
AreaBattle.RecoveredWayLineVisual:Synchronize (AreaBattle.LineState,AreaBattle.TowerState,AreaBattle.TowerState,UnityEngine.Color,UnityEngine.Color,single) (at Assets/AreaBattle/Scripts/RecoveredWayLineVisual.cs:46)
AreaBattle.RecoveredWayLineVisual:Synchronize (AreaBattle.LineState,AreaBattle.TowerState,AreaBattle.TowerState,single) (at Assets/AreaBattle/Scripts/RecoveredWayLineVisual.cs:21)
AreaBattle.BattleView:RefreshPresentation () (at Assets/AreaBattle/Scripts/BattleView.cs:566)
AreaBattle.BattleView:AdvanceFrame (single,single) (at Assets/AreaBattle/Scripts/BattleView.cs:374)
AreaBattle.EditorTools.RepresentativeReplayValidation:Advance (AreaBattle.BattleView,single) (at Assets/AreaBattle/Editor/RepresentativeReplayValidation.cs:102)
AreaBattle.EditorTools.RepresentativeReplayValidation:Win (AreaBattle.BattleView,AreaBattle.EditorTools.RepresentativeReplayValidation/Replay) (at Assets/AreaBattle/Editor/RepresentativeReplayValidation.cs:108)
AreaBattle.EditorTools.RepresentativeReplayValidation:Run () (at Assets/AreaBattle/Editor/RepresentativeReplayValidation.cs:141)
System.Reflection.RuntimeMethodInfo:Invoke (object,System.Reflection.BindingFlags,System.Reflection.Binder,object[],System.Globalization.CultureInfo)
System.Reflection.MethodBase:Invoke (object,object[])
AreaBattle.EditorTools.BattleBuild:ValidateIntegrated () (at Assets/AreaBattle/Editor/BattleBuild.cs:32)
AreaBattle.EditorTools.BattleBuild:ValidateMechanicsOnly () (at Assets/AreaBattle/Editor/BattleBuild.cs:18)

[Assets/AreaBattle/Scripts/RecoveredWayLineVisual.cs line 21]

Instantiating material due to calling renderer.material during edit mode. This will leak materials into the scene. You most likely want to use renderer.sharedMaterial instead.
UnityEngine.Debug:ExtractStackTraceNoAlloc (byte*,int,string)
UnityEngine.StackTraceUtility:ExtractStackTrace () (at /Users/bokken/build/output/unity/unity/Runtime/Export/Scripting/StackTrace.cs:35)
UnityEngine.Renderer:GetMaterial ()
UnityEngine.Renderer:get_material () (at /Users/bokken/build/output/unity/unity/Runtime/Export/Graphics/GraphicsRenderers.bindings.cs:180)
AreaBattle.RecoveredWayLineVisual:Initialize () (at Assets/AreaBattle/Scripts/RecoveredWayLineVisual.cs:33)
AreaBattle.RecoveredWayLineVisual:SetLine (UnityEngine.Vector3,UnityEngine.Vector3,UnityEngine.Color,UnityEngine.Color,bool,bool,single) (at Assets/AreaBattle/Scripts/RecoveredWayLineVisual.cs:56)
AreaBattle.RecoveredWayLineVisual:Synchronize (AreaBattle.LineState,AreaBattle.TowerState,AreaBattle.TowerState,UnityEngine.Color,UnityEngine.Color,single) (at Assets/AreaBattle/Scripts/RecoveredWayLineVisual.cs:46)
AreaBattle.RecoveredWayLineVisual:Synchronize (AreaBattle.LineState,AreaBattle.TowerState,AreaBattle.TowerState,single) (at Assets/AreaBattle/Scripts/RecoveredWayLineVisual.cs:21)
AreaBattle.BattleView:RefreshPresentation () (at Assets/AreaBattle/Scripts/BattleView.cs:566)
AreaBattle.BattleView:AdvanceFrame (single,single) (at Assets/AreaBattle/Scripts/BattleView.cs:374)
AreaBattle.EditorTools.RepresentativeReplayValidation:Advance (AreaBattle.BattleView,single) (at Assets/AreaBattle/Editor/RepresentativeReplayValidation.cs:102)
AreaBattle.EditorTools.RepresentativeReplayValidation:Win (AreaBattle.BattleView,AreaBattle.EditorTools.RepresentativeReplayValidation/Replay) (at Assets/AreaBattle/Editor/RepresentativeReplayValidation.cs:108)
AreaBattle.EditorTools.RepresentativeReplayValidation:Run () (at Assets/AreaBattle/Editor/RepresentativeReplayValidation.cs:141)
System.Reflection.RuntimeMethodInfo:Invoke (object,System.Reflection.BindingFlags,System.Reflection.Binder,object[],System.Globalization.CultureInfo)
System.Reflection.MethodBase:Invoke (object,object[])
AreaBattle.EditorTools.BattleBuild:ValidateIntegrated () (at Assets/AreaBattle/Editor/BattleBuild.cs:32)
AreaBattle.EditorTools.BattleBuild:ValidateMechanicsOnly () (at Assets/AreaBattle/Editor/BattleBuild.cs:18)

[Assets/AreaBattle/Scripts/RecoveredWayLineVisual.cs line 21]

Instantiating material due to calling renderer.material during edit mode. This will leak materials into the scene. You most likely want to use renderer.sharedMaterial instead.
UnityEngine.Debug:ExtractStackTraceNoAlloc (byte*,int,string)
UnityEngine.StackTraceUtility:ExtractStackTrace () (at /Users/bokken/build/output/unity/unity/Runtime/Export/Scripting/StackTrace.cs:35)
UnityEngine.Renderer:GetMaterial ()
UnityEngine.Renderer:get_material () (at /Users/bokken/build/output/unity/unity/Runtime/Export/Graphics/GraphicsRenderers.bindings.cs:180)
AreaBattle.RecoveredWayLineVisual:Initialize () (at Assets/AreaBattle/Scripts/RecoveredWayLineVisual.cs:33)
AreaBattle.RecoveredWayLineVisual:SetLine (UnityEngine.Vector3,UnityEngine.Vector3,UnityEngine.Color,UnityEngine.Color,bool,bool,single) (at Assets/AreaBattle/Scripts/RecoveredWayLineVisual.cs:56)
AreaBattle.RecoveredWayLineVisual:Synchronize (AreaBattle.LineState,AreaBattle.TowerState,AreaBattle.TowerState,UnityEngine.Color,UnityEngine.Color,single) (at Assets/AreaBattle/Scripts/RecoveredWayLineVisual.cs:46)
AreaBattle.RecoveredWayLineVisual:Synchronize (AreaBattle.LineState,AreaBattle.TowerState,AreaBattle.TowerState,single) (at Assets/AreaBattle/Scripts/RecoveredWayLineVisual.cs:21)
AreaBattle.BattleView:RefreshPresentation () (at Assets/AreaBattle/Scripts/BattleView.cs:566)
AreaBattle.BattleView:AdvanceFrame (single,single) (at Assets/AreaBattle/Scripts/BattleView.cs:374)
AreaBattle.EditorTools.RepresentativeReplayValidation:Advance (AreaBattle.BattleView,single) (at Assets/AreaBattle/Editor/RepresentativeReplayValidation.cs:102)
AreaBattle.EditorTools.RepresentativeReplayValidation:Run () (at Assets/AreaBattle/Editor/RepresentativeReplayValidation.cs:154)
System.Reflection.RuntimeMethodInfo:Invoke (object,System.Reflection.BindingFlags,System.Reflection.Binder,object[],System.Globalization.CultureInfo)
System.Reflection.MethodBase:Invoke (object,object[])
AreaBattle.EditorTools.BattleBuild:ValidateIntegrated () (at Assets/AreaBattle/Editor/BattleBuild.cs:32)
AreaBattle.EditorTools.BattleBuild:ValidateMechanicsOnly () (at Assets/AreaBattle/Editor/BattleBuild.cs:18)

[Assets/AreaBattle/Scripts/RecoveredWayLineVisual.cs line 21]

Instantiating material due to calling renderer.material during edit mode. This will leak materials into the scene. You most likely want to use renderer.sharedMaterial instead.
UnityEngine.Debug:ExtractStackTraceNoAlloc (byte*,int,string)
UnityEngine.StackTraceUtility:ExtractStackTrace () (at /Users/bokken/build/output/unity/unity/Runtime/Export/Scripting/StackTrace.cs:35)
UnityEngine.Renderer:GetMaterial ()
UnityEngine.Renderer:get_material () (at /Users/bokken/build/output/unity/unity/Runtime/Export/Graphics/GraphicsRenderers.bindings.cs:180)
AreaBattle.RecoveredWayLineVisual:Initialize () (at Assets/AreaBattle/Scripts/RecoveredWayLineVisual.cs:33)
AreaBattle.RecoveredWayLineVisual:SetLine (UnityEngine.Vector3,UnityEngine.Vector3,UnityEngine.Color,UnityEngine.Color,bool,bool,single) (at Assets/AreaBattle/Scripts/RecoveredWayLineVisual.cs:56)
AreaBattle.RecoveredWayLineVisual:Synchronize (AreaBattle.LineState,AreaBattle.TowerState,AreaBattle.TowerState,UnityEngine.Color,UnityEngine.Color,single) (at Assets/AreaBattle/Scripts/RecoveredWayLineVisual.cs:46)
AreaBattle.RecoveredWayLineVisual:Synchronize (AreaBattle.LineState,AreaBattle.TowerState,AreaBattle.TowerState,single) (at Assets/AreaBattle/Scripts/RecoveredWayLineVisual.cs:21)
AreaBattle.BattleView:RefreshPresentation () (at Assets/AreaBattle/Scripts/BattleView.cs:566)
AreaBattle.BattleView:AdvanceFrame (single,single) (at Assets/AreaBattle/Scripts/BattleView.cs:374)
AreaBattle.EditorTools.RepresentativeReplayValidation:Advance (AreaBattle.BattleView,single) (at Assets/AreaBattle/Editor/RepresentativeReplayValidation.cs:102)
AreaBattle.EditorTools.RepresentativeReplayValidation:Run () (at Assets/AreaBattle/Editor/RepresentativeReplayValidation.cs:154)
System.Reflection.RuntimeMethodInfo:Invoke (object,System.Reflection.BindingFlags,System.Reflection.Binder,object[],System.Globalization.CultureInfo)
System.Reflection.MethodBase:Invoke (object,object[])
AreaBattle.EditorTools.BattleBuild:ValidateIntegrated () (at Assets/AreaBattle/Editor/BattleBuild.cs:32)
AreaBattle.EditorTools.BattleBuild:ValidateMechanicsOnly () (at Assets/AreaBattle/Editor/BattleBuild.cs:18)

[Assets/AreaBattle/Scripts/RecoveredWayLineVisual.cs line 21]

Instantiating material due to calling renderer.material during edit mode. This will leak materials into the scene. You most likely want to use renderer.sharedMaterial instead.
UnityEngine.Debug:ExtractStackTraceNoAlloc (byte*,int,string)
UnityEngine.StackTraceUtility:ExtractStackTrace () (at /Users/bokken/build/output/unity/unity/Runtime/Export/Scripting/StackTrace.cs:35)
UnityEngine.Renderer:GetMaterial ()
UnityEngine.Renderer:get_material () (at /Users/bokken/build/output/unity/unity/Runtime/Export/Graphics/GraphicsRenderers.bindings.cs:180)
AreaBattle.RecoveredWayLineVisual:Initialize () (at Assets/AreaBattle/Scripts/RecoveredWayLineVisual.cs:33)
AreaBattle.RecoveredWayLineVisual:SetLine (UnityEngine.Vector3,UnityEngine.Vector3,UnityEngine.Color,UnityEngine.Color,bool,bool,single) (at Assets/AreaBattle/Scripts/RecoveredWayLineVisual.cs:56)
AreaBattle.RecoveredWayLineVisual:Synchronize (AreaBattle.LineState,AreaBattle.TowerState,AreaBattle.TowerState,UnityEngine.Color,UnityEngine.Color,single) (at Assets/AreaBattle/Scripts/RecoveredWayLineVisual.cs:46)
AreaBattle.RecoveredWayLineVisual:Synchronize (AreaBattle.LineState,AreaBattle.TowerState,AreaBattle.TowerState,single) (at Assets/AreaBattle/Scripts/RecoveredWayLineVisual.cs:21)
AreaBattle.BattleView:RefreshPresentation () (at Assets/AreaBattle/Scripts/BattleView.cs:566)
AreaBattle.BattleView:AdvanceFrame (single,single) (at Assets/AreaBattle/Scripts/BattleView.cs:374)
AreaBattle.EditorTools.RepresentativeReplayValidation:Advance (AreaBattle.BattleView,single) (at Assets/AreaBattle/Editor/RepresentativeReplayValidation.cs:102)
AreaBattle.EditorTools.RepresentativeReplayValidation:Run () (at Assets/AreaBattle/Editor/RepresentativeReplayValidation.cs:154)
System.Reflection.RuntimeMethodInfo:Invoke (object,System.Reflection.BindingFlags,System.Reflection.Binder,object[],System.Globalization.CultureInfo)
System.Reflection.MethodBase:Invoke (object,object[])
AreaBattle.EditorTools.BattleBuild:ValidateIntegrated () (at Assets/AreaBattle/Editor/BattleBuild.cs:32)
AreaBattle.EditorTools.BattleBuild:ValidateMechanicsOnly () (at Assets/AreaBattle/Editor/BattleBuild.cs:18)

[Assets/AreaBattle/Scripts/RecoveredWayLineVisual.cs line 21]

Instantiating material due to calling renderer.material during edit mode. This will leak materials into the scene. You most likely want to use renderer.sharedMaterial instead.
UnityEngine.Debug:ExtractStackTraceNoAlloc (byte*,int,string)
UnityEngine.StackTraceUtility:ExtractStackTrace () (at /Users/bokken/build/output/unity/unity/Runtime/Export/Scripting/StackTrace.cs:35)
UnityEngine.Renderer:GetMaterial ()
UnityEngine.Renderer:get_material () (at /Users/bokken/build/output/unity/unity/Runtime/Export/Graphics/GraphicsRenderers.bindings.cs:180)
AreaBattle.RecoveredWayLineVisual:Initialize () (at Assets/AreaBattle/Scripts/RecoveredWayLineVisual.cs:33)
AreaBattle.RecoveredWayLineVisual:SetLine (UnityEngine.Vector3,UnityEngine.Vector3,UnityEngine.Color,UnityEngine.Color,bool,bool,single) (at Assets/AreaBattle/Scripts/RecoveredWayLineVisual.cs:56)
AreaBattle.RecoveredWayLineVisual:Synchronize (AreaBattle.LineState,AreaBattle.TowerState,AreaBattle.TowerState,UnityEngine.Color,UnityEngine.Color,single) (at Assets/AreaBattle/Scripts/RecoveredWayLineVisual.cs:46)
AreaBattle.RecoveredWayLineVisual:Synchronize (AreaBattle.LineState,AreaBattle.TowerState,AreaBattle.TowerState,single) (at Assets/AreaBattle/Scripts/RecoveredWayLineVisual.cs:21)
AreaBattle.BattleView:RefreshPresentation () (at Assets/AreaBattle/Scripts/BattleView.cs:566)
AreaBattle.BattleView:AdvanceFrame (single,single) (at Assets/AreaBattle/Scripts/BattleView.cs:374)
AreaBattle.EditorTools.RepresentativeReplayValidation:Advance (AreaBattle.BattleView,single) (at Assets/AreaBattle/Editor/RepresentativeReplayValidation.cs:102)
AreaBattle.EditorTools.RepresentativeReplayValidation:Run () (at Assets/AreaBattle/Editor/RepresentativeReplayValidation.cs:154)
System.Reflection.RuntimeMethodInfo:Invoke (object,System.Reflection.BindingFlags,System.Reflection.Binder,object[],System.Globalization.CultureInfo)
System.Reflection.MethodBase:Invoke (object,object[])
AreaBattle.EditorTools.BattleBuild:ValidateIntegrated () (at Assets/AreaBattle/Editor/BattleBuild.cs:32)
AreaBattle.EditorTools.BattleBuild:ValidateMechanicsOnly () (at Assets/AreaBattle/Editor/BattleBuild.cs:18)

[Assets/AreaBattle/Scripts/RecoveredWayLineVisual.cs line 21]

Instantiating material due to calling renderer.material during edit mode. This will leak materials into the scene. You most likely want to use renderer.sharedMaterial instead.
UnityEngine.Debug:ExtractStackTraceNoAlloc (byte*,int,string)
UnityEngine.StackTraceUtility:ExtractStackTrace () (at /Users/bokken/build/output/unity/unity/Runtime/Export/Scripting/StackTrace.cs:35)
UnityEngine.Renderer:GetMaterial ()
UnityEngine.Renderer:get_material () (at /Users/bokken/build/output/unity/unity/Runtime/Export/Graphics/GraphicsRenderers.bindings.cs:180)
AreaBattle.RecoveredWayLineVisual:Initialize () (at Assets/AreaBattle/Scripts/RecoveredWayLineVisual.cs:33)
AreaBattle.RecoveredWayLineVisual:SetLine (UnityEngine.Vector3,UnityEngine.Vector3,UnityEngine.Color,UnityEngine.Color,bool,bool,single) (at Assets/AreaBattle/Scripts/RecoveredWayLineVisual.cs:56)
AreaBattle.RecoveredWayLineVisual:Synchronize (AreaBattle.LineState,AreaBattle.TowerState,AreaBattle.TowerState,UnityEngine.Color,UnityEngine.Color,single) (at Assets/AreaBattle/Scripts/RecoveredWayLineVisual.cs:46)
AreaBattle.RecoveredWayLineVisual:Synchronize (AreaBattle.LineState,AreaBattle.TowerState,AreaBattle.TowerState,single) (at Assets/AreaBattle/Scripts/RecoveredWayLineVisual.cs:21)
AreaBattle.BattleView:RefreshPresentation () (at Assets/AreaBattle/Scripts/BattleView.cs:566)
AreaBattle.BattleView:AdvanceFrame (single,single) (at Assets/AreaBattle/Scripts/BattleView.cs:374)
AreaBattle.EditorTools.RepresentativeReplayValidation:Advance (AreaBattle.BattleView,single) (at Assets/AreaBattle/Editor/RepresentativeReplayValidation.cs:102)
AreaBattle.EditorTools.RepresentativeReplayValidation:Run () (at Assets/AreaBattle/Editor/RepresentativeReplayValidation.cs:154)
System.Reflection.RuntimeMethodInfo:Invoke (object,System.Reflection.BindingFlags,System.Reflection.Binder,object[],System.Globalization.CultureInfo)
System.Reflection.MethodBase:Invoke (object,object[])
AreaBattle.EditorTools.BattleBuild:ValidateIntegrated () (at Assets/AreaBattle/Editor/BattleBuild.cs:32)
AreaBattle.EditorTools.BattleBuild:ValidateMechanicsOnly () (at Assets/AreaBattle/Editor/BattleBuild.cs:18)

[Assets/AreaBattle/Scripts/RecoveredWayLineVisual.cs line 21]

Instantiating material due to calling renderer.material during edit mode. This will leak materials into the scene. You most likely want to use renderer.sharedMaterial instead.
UnityEngine.Debug:ExtractStackTraceNoAlloc (byte*,int,string)
UnityEngine.StackTraceUtility:ExtractStackTrace () (at /Users/bokken/build/output/unity/unity/Runtime/Export/Scripting/StackTrace.cs:35)
UnityEngine.Renderer:GetMaterial ()
UnityEngine.Renderer:get_material () (at /Users/bokken/build/output/unity/unity/Runtime/Export/Graphics/GraphicsRenderers.bindings.cs:180)
AreaBattle.RecoveredWayLineVisual:Initialize () (at Assets/AreaBattle/Scripts/RecoveredWayLineVisual.cs:33)
AreaBattle.RecoveredWayLineVisual:SetLine (UnityEngine.Vector3,UnityEngine.Vector3,UnityEngine.Color,UnityEngine.Color,bool,bool,single) (at Assets/AreaBattle/Scripts/RecoveredWayLineVisual.cs:56)
AreaBattle.RecoveredWayLineVisual:Synchronize (AreaBattle.LineState,AreaBattle.TowerState,AreaBattle.TowerState,UnityEngine.Color,UnityEngine.Color,single) (at Assets/AreaBattle/Scripts/RecoveredWayLineVisual.cs:46)
AreaBattle.RecoveredWayLineVisual:Synchronize (AreaBattle.LineState,AreaBattle.TowerState,AreaBattle.TowerState,single) (at Assets/AreaBattle/Scripts/RecoveredWayLineVisual.cs:21)
AreaBattle.BattleView:RefreshPresentation () (at Assets/AreaBattle/Scripts/BattleView.cs:566)
AreaBattle.BattleView:AdvanceFrame (single,single) (at Assets/AreaBattle/Scripts/BattleView.cs:374)
AreaBattle.EditorTools.RepresentativeReplayValidation:Advance (AreaBattle.BattleView,single) (at Assets/AreaBattle/Editor/RepresentativeReplayValidation.cs:102)
AreaBattle.EditorTools.RepresentativeReplayValidation:Run () (at Assets/AreaBattle/Editor/RepresentativeReplayValidation.cs:154)
System.Reflection.RuntimeMethodInfo:Invoke (object,System.Reflection.BindingFlags,System.Reflection.Binder,object[],System.Globalization.CultureInfo)
System.Reflection.MethodBase:Invoke (object,object[])
AreaBattle.EditorTools.BattleBuild:ValidateIntegrated () (at Assets/AreaBattle/Editor/BattleBuild.cs:32)
AreaBattle.EditorTools.BattleBuild:ValidateMechanicsOnly () (at Assets/AreaBattle/Editor/BattleBuild.cs:18)

[Assets/AreaBattle/Scripts/RecoveredWayLineVisual.cs line 21]

Instantiating material due to calling renderer.material during edit mode. This will leak materials into the scene. You most likely want to use renderer.sharedMaterial instead.
UnityEngine.Debug:ExtractStackTraceNoAlloc (byte*,int,string)
UnityEngine.StackTraceUtility:ExtractStackTrace () (at /Users/bokken/build/output/unity/unity/Runtime/Export/Scripting/StackTrace.cs:35)
UnityEngine.Renderer:GetMaterial ()
UnityEngine.Renderer:get_material () (at /Users/bokken/build/output/unity/unity/Runtime/Export/Graphics/GraphicsRenderers.bindings.cs:180)
AreaBattle.RecoveredWayLineVisual:Initialize () (at Assets/AreaBattle/Scripts/RecoveredWayLineVisual.cs:33)
AreaBattle.RecoveredWayLineVisual:SetLine (UnityEngine.Vector3,UnityEngine.Vector3,UnityEngine.Color,UnityEngine.Color,bool,bool,single) (at Assets/AreaBattle/Scripts/RecoveredWayLineVisual.cs:56)
AreaBattle.RecoveredWayLineVisual:Synchronize (AreaBattle.LineState,AreaBattle.TowerState,AreaBattle.TowerState,UnityEngine.Color,UnityEngine.Color,single) (at Assets/AreaBattle/Scripts/RecoveredWayLineVisual.cs:46)
AreaBattle.RecoveredWayLineVisual:Synchronize (AreaBattle.LineState,AreaBattle.TowerState,AreaBattle.TowerState,single) (at Assets/AreaBattle/Scripts/RecoveredWayLineVisual.cs:21)
AreaBattle.BattleView:RefreshPresentation () (at Assets/AreaBattle/Scripts/BattleView.cs:566)
AreaBattle.BattleView:AdvanceFrame (single,single) (at Assets/AreaBattle/Scripts/BattleView.cs:374)
AreaBattle.EditorTools.RepresentativeReplayValidation:Advance (AreaBattle.BattleView,single) (at Assets/AreaBattle/Editor/RepresentativeReplayValidation.cs:102)
AreaBattle.EditorTools.RepresentativeReplayValidation:Run () (at Assets/AreaBattle/Editor/RepresentativeReplayValidation.cs:174)
System.Reflection.RuntimeMethodInfo:Invoke (object,System.Reflection.BindingFlags,System.Reflection.Binder,object[],System.Globalization.CultureInfo)
System.Reflection.MethodBase:Invoke (object,object[])
AreaBattle.EditorTools.BattleBuild:ValidateIntegrated () (at Assets/AreaBattle/Editor/BattleBuild.cs:32)
AreaBattle.EditorTools.BattleBuild:ValidateMechanicsOnly () (at Assets/AreaBattle/Editor/BattleBuild.cs:18)

[Assets/AreaBattle/Scripts/RecoveredWayLineVisual.cs line 21]

Instantiating material due to calling renderer.material during edit mode. This will leak materials into the scene. You most likely want to use renderer.sharedMaterial instead.
UnityEngine.Debug:ExtractStackTraceNoAlloc (byte*,int,string)
UnityEngine.StackTraceUtility:ExtractStackTrace () (at /Users/bokken/build/output/unity/unity/Runtime/Export/Scripting/StackTrace.cs:35)
UnityEngine.Renderer:GetMaterial ()
UnityEngine.Renderer:get_material () (at /Users/bokken/build/output/unity/unity/Runtime/Export/Graphics/GraphicsRenderers.bindings.cs:180)
AreaBattle.RecoveredWayLineVisual:Initialize () (at Assets/AreaBattle/Scripts/RecoveredWayLineVisual.cs:33)
AreaBattle.RecoveredWayLineVisual:SetLine (UnityEngine.Vector3,UnityEngine.Vector3,UnityEngine.Color,UnityEngine.Color,bool,bool,single) (at Assets/AreaBattle/Scripts/RecoveredWayLineVisual.cs:56)
AreaBattle.RecoveredWayLineVisual:Synchronize (AreaBattle.LineState,AreaBattle.TowerState,AreaBattle.TowerState,UnityEngine.Color,UnityEngine.Color,single) (at Assets/AreaBattle/Scripts/RecoveredWayLineVisual.cs:46)
AreaBattle.RecoveredWayLineVisual:Synchronize (AreaBattle.LineState,AreaBattle.TowerState,AreaBattle.TowerState,single) (at Assets/AreaBattle/Scripts/RecoveredWayLineVisual.cs:21)
AreaBattle.BattleView:RefreshPresentation () (at Assets/AreaBattle/Scripts/BattleView.cs:566)
AreaBattle.BattleView:AdvanceFrame (single,single) (at Assets/AreaBattle/Scripts/BattleView.cs:374)
AreaBattle.EditorTools.RepresentativeReplayValidation:Advance (AreaBattle.BattleView,single) (at Assets/AreaBattle/Editor/RepresentativeReplayValidation.cs:102)
AreaBattle.EditorTools.RepresentativeReplayValidation:Run () (at Assets/AreaBattle/Editor/RepresentativeReplayValidation.cs:174)
System.Reflection.RuntimeMethodInfo:Invoke (object,System.Reflection.BindingFlags,System.Reflection.Binder,object[],System.Globalization.CultureInfo)
System.Reflection.MethodBase:Invoke (object,object[])
AreaBattle.EditorTools.BattleBuild:ValidateIntegrated () (at Assets/AreaBattle/Editor/BattleBuild.cs:32)
AreaBattle.EditorTools.BattleBuild:ValidateMechanicsOnly () (at Assets/AreaBattle/Editor/BattleBuild.cs:18)

[Assets/AreaBattle/Scripts/RecoveredWayLineVisual.cs line 21]

AREABATTLE_INTEGRATED_PASS cases=1731
UnityEngine.Debug:ExtractStackTraceNoAlloc (byte*,int,string)
UnityEngine.StackTraceUtility:ExtractStackTrace () (at /Users/bokken/build/output/unity/unity/Runtime/Export/Scripting/StackTrace.cs:35)
UnityEngine.DebugLogHandler:Internal_Log (UnityEngine.LogType,UnityEngine.LogOption,string,UnityEngine.Object)
UnityEngine.DebugLogHandler:LogFormat (UnityEngine.LogType,UnityEngine.Object,string,object[])
UnityEngine.Logger:Log (UnityEngine.LogType,object)
UnityEngine.Debug:Log (object)
AreaBattle.EditorTools.BattleBuild:ValidateMechanicsOnly () (at Assets/AreaBattle/Editor/BattleBuild.cs:19)

(Filename: Assets/AreaBattle/Editor/BattleBuild.cs Line: 19)

Request timed out while processing request "https://public-cdn.cloud.unity3d.com/config/production", HTTP error code 0
.[UnityConnect] Request timed out.
Start importing ProjectSettings/TimeManager.asset using Guid(00000000000000007000000000000000) (LibraryAssetImporter) -> (artifact id: '52c307e924e96ceef905bcc2cea85a00') in 0.00422975 seconds
Refreshing native plugins compatible for Editor in 0.00 ms, found 0 plugins.
Preloading 0 native plugins for Editor in 0.00 ms.
Asset Pipeline Refresh (id=354763564a3844a01ab988c7d0b81e40): Total: 0.026 seconds - Initiated by StopAssetImportingV2(NoUpdateAssetOptions)
Thread 0x16e377000 may have been prematurely finalized
Input System module state changed to: ShutdownInProgress.
Input System polling thread exited.
Input System module state changed to: Shutdown.
[Physics::Module] Cleanup current backend.
[Physics::Module] Id: 0xf2b8ea05
[Licensing::IpcConnector] LicenseClient-mt-notifications channel disconnected successfully.
[Licensing::IpcConnector] LicenseClient-mt channel disconnected successfully.
Thread 0x16eb1f000 may have been prematurely finalized
Thread 0x16ebab000 may have been prematurely finalized
AcceleratorClientConnectionCallback - disconnected - :0
[40m[32minfo[39m[22m[49m: Microsoft.Hosting.Lifetime[0]
      Application is shutting down...
Cleanup mono
debugger-agent: Unable to listen on 42
[usbmuxd] Stop listen thread
[usbmuxd] Error: 
[usbmuxd] Listen thread exiting
