Unity Editor version:    6000.3.7f1 (696ec25a53d1)
Branch:                  6000.3/staging
Build type:              Release
Batch mode:              YES
macOS version:           Version 26.3.1 (a) (Build 25D771280a)
Darwin version:          25.3.0
Architecture:            arm64
Running under Rosetta:   NO
Available memory:        32768 MB
Date:                    2026-10-03T15:06:51Z
[Licensing::Module] Trying to connect to existing licensing client channel...
[Licensing::IpcConnector] Successfully connected to: "LicenseClient-mt" at "2026-10-03T15:06:51.273218Z"
Launching external process: /Applications/Unity6000.3.7f1/Unity-6000.3.7f1/Unity.app/Contents/Resources/PackageManager/Server/UnityPackageManager

COMMAND LINE ARGUMENTS:
/Applications/Unity6000.3.7f1/Unity-6000.3.7f1/Unity.app/Contents/MacOS/Unity
-batchmode
-quit
-projectPath
/private/tmp/areabattle-validation-20261003/UnityProject
-executeMethod
AreaBattle.EditorTools.BattleBuild.ValidateMechanicsOnly
-logFile
/private/tmp/areabattle-validation-20261003/analysis/wx-avatar-integrated.log
Successfully changed project path to: /private/tmp/areabattle-validation-20261003/UnityProject
/private/tmp/areabattle-validation-20261003/UnityProject
[UnityMemory] Configuration Parameters - Can be set up in boot.config
    "memorysetup-allocator-temp-initial-block-size-main=262144"
    "memorysetup-allocator-temp-initial-block-size-worker=262144"
    "memorysetup-temp-allocator-size-background-worker=32768"
    "memorysetup-temp-allocator-size-job-worker=262144"
    "memorysetup-temp-allocator-size-preload-manager=33554432"
    "memorysetup-temp-allocator-size-nav-mesh-worker=65536"
    "memorysetup-temp-allocator-size-audio-worker=65536"
    "memorysetup-temp-allocator-size-cloud-worker=32768"
    "memorysetup-bucket-allocator-granularity=16"
    "memorysetup-bucket-allocator-bucket-count=8"
    "memorysetup-bucket-allocator-block-size=33554432"
    "memorysetup-bucket-allocator-block-count=8"
    "memorysetup-main-allocator-block-size=16777216"
    "memorysetup-thread-allocator-block-size=16777216"
    "memorysetup-gfx-main-allocator-block-size=16777216"
    "memorysetup-gfx-thread-allocator-block-size=16777216"
    "memorysetup-cache-allocator-block-size=4194304"
    "memorysetup-typetree-allocator-block-size=2097152"
    "memorysetup-profiler-bucket-allocator-granularity=16"
    "memorysetup-profiler-bucket-allocator-bucket-count=8"
    "memorysetup-profiler-bucket-allocator-block-size=33554432"
    "memorysetup-profiler-bucket-allocator-block-count=8"
    "memorysetup-profiler-allocator-block-size=16777216"
    "memorysetup-profiler-editor-allocator-block-size=1048576"
    "memorysetup-temp-allocator-size-main=16777216"
    "memorysetup-job-temp-allocator-block-size=2097152"
    "memorysetup-job-temp-allocator-block-size-background=1048576"
    "memorysetup-job-temp-allocator-reduction-small-platforms=262144"
    "memorysetup-temp-allocator-size-gi-baking-worker=262144"
    "memorysetup-temp-allocator-size-gi-baking-worker=262144"
    "memorysetup-temp-allocator-size-gi-baking-worker=262144"
    "memorysetup-temp-allocator-size-gi-baking-worker=262144"
    "memorysetup-temp-allocator-size-gi-baking-worker=262144"
    "memorysetup-temp-allocator-size-gfx=262144"
Player connection [8506192128]  Target information:

Player connection [8506192128]  * "[IP] 192.168.0.136 [Port] 55506 [Flags] 2 [Guid] 3300629200 [EditorId] 3300629200 [Version] 1048832 [Id] OSXEditor(0,mtdeMacBook-Pro.local) [Debug] 1 [PackageName] OSXEditor [ProjectName] Editor" 

Player connection [8506192128]  * "[IP] 172.16.224.144 [Port] 55506 [Flags] 2 [Guid] 3300629200 [EditorId] 3300629200 [Version] 1048832 [Id] OSXEditor(0,mtdeMacBook-Pro.local) [Debug] 1 [PackageName] OSXEditor [ProjectName] Editor" 

Player connection [8506192128] Host joined multi-casting on [225.0.0.222:54997]...
Player connection [8506192128] Host joined alternative multi-casting on [225.0.0.222:34997]...
Input System module state changed to: Initialized.
[Physics::Module] Initialized fallback backend.
[Physics::Module] Id: 0xdecafbad
[Package Manager] Connected to IPC stream "Upm-59662" after 0.1 seconds.
[Licensing::Module] Licensing is not yet initialized.
[Licensing::Client] Code 0 while verifying Licensing Client signature (process Id: 75619, path: "/Applications/Unity6000.3.7f1/Unity-6000.3.7f1/Unity.app/Contents/Helpers/UnityLicensingClient.app/Contents/MacOS/Unity.Licensing.Client")
[Licensing::Module] LicensingClient has failed validation; ignoring
[Licensing::Client] Handshaking with LicensingClient:
  Version:                 1.17.4+4293ba1
  Session Id:              8cddda89bff54f38aa59a105a2901c1c
  Correlation Id:          5590b3a76bba764bac1a831184dbb7b5
  External correlation Id: 3030045317178394428
  Machine Id:              TkagbQsjfXQmspsXe7+0nD9Nk6Q=
[Licensing::Module] Successfully connected to LicensingClient on channel: "LicenseClient-mt" (connect: 0.00s, validation: 0.00s, handshake: 0.30s)
[Licensing::IpcConnector] Successfully connected to: "LicenseClient-mt-notifications" at "2026-10-03T15:06:51.579498Z"
[Licensing::Module] Error: Access token is unavailable; failed to update
[Licensing::Client] Successfully resolved entitlement details
[Licensing::Module] License group:
  Id: 00-0000-0000-0000-0000-XXXX
  Product: Unity Pro
  Type: ULF
  Expiration: Unlimited
[Licensing::Client] Successfully updated license, isAsync: True, time: 0.00
[Licensing::Client] Successfully resolved entitlement details
[Licensing::Module] Licensing Background thread has ended after 0.31s
[Licensing::Module] Licensing is initialized (took 0.08s).
[Licensing::Client] Successfully resolved entitlement details
Library Redirect Path: Library/
[Physics::Module] Selected backend.
[Physics::Module] Name: PhysX
[Physics::Module] Id: 0xf2b8ea05
[Physics::Module] SDK Version: 4.1.2
[Physics::Module] Integration Version: 1.0.0
[Physics::Module] Threading Mode: Multi-Threaded
Refreshing native plugins compatible for Editor in 0.00 ms, found 0 plugins.
Preloading 0 native plugins for Editor in 0.00 ms.
Initialize engine version: 6000.3.7f1 (696ec25a53d1)
[Subsystems] Discovering subsystems at path /Applications/Unity6000.3.7f1/Unity-6000.3.7f1/Unity.app/Contents/Resources/UnitySubsystems
[Subsystems] Discovering subsystems at path /private/tmp/areabattle-validation-20261003/UnityProject/Assets
GfxDevice: creating device client; kGfxThreadingModeNonThreaded
 preferred device: Apple M2 Pro (high power)
Metal devices available: 1
0: Apple M2 Pro (high power)
Using device Apple M2 Pro (high power)
Initializing Metal device caps: Apple M2 Pro
Mac GPU Family: 2
Apple GPU Family: 8
MSL Version: 3.0
Has Float MSAA: 1
Has Float Filtering: 1
ReadWrite Texture Tier: 2
Initialize mono
Mono path[0] = '/Applications/Unity6000.3.7f1/Unity-6000.3.7f1/Unity.app/Contents/Resources/Scripting/Managed'
Mono path[1] = '/Applications/Unity6000.3.7f1/Unity-6000.3.7f1/Unity.app/Contents/Resources/Scripting/MonoBleedingEdge/lib/mono/unityjit-macos'
Mono config path = '/Applications/Unity6000.3.7f1/Unity-6000.3.7f1/Unity.app/Contents/Resources/Scripting/MonoBleedingEdge/etc'
Using monoOptions --debugger-agent=transport=dt_socket,embedding=1,server=y,suspend=n,address=127.0.0.1:56662
Using cacheserver namespaces - metadata:defaultmetadata, artifacts:defaultartifacts
Using cacheserver namespaces - metadata:defaultmetadata, artifacts:defaultartifacts
ImportWorker Server TCP listen port: 0
AcceleratorClientConnectionCallback - disconnected - :0
Begin MonoManager ReloadAssembly
Registering precompiled unity dll's ...
Register platform support module: /Applications/Unity6000.3.7f1/Unity-6000.3.7f1/Unity.app/Contents/PlaybackEngines/MacStandaloneSupport/UnityEditor.OSXStandalone.Extensions.dll
[Licensing::Client] Successfully resolved entitlement details
Register platform support module: /Applications/Unity6000.3.7f1/Unity-6000.3.7f1/PlaybackEngines/AndroidPlayer/UnityEditor.Android.Extensions.dll
[Licensing::Client] Successfully resolved entitlement details
Register platform support module: /Applications/Unity6000.3.7f1/Unity-6000.3.7f1/PlaybackEngines/iOSSupport/UnityEditor.iOS.Extensions.dll
Registered in 0.005352 seconds.
- Loaded All Assemblies, in  0.269 seconds
[usbmuxd] Start listen thread
[usbmuxd] Listen thread started
[usbmuxd] Send listen message
Native extension for iOS target not found
Native extension for Android target not found
Native extension for OSXStandalone target not found
ScheduleIndexationOnStartup MainProcess:False IndexOnStartup:False
Mono: successfully reloaded assembly
- Finished resetting the current domain, in  0.309 seconds
Domain Reload Profiling: 579ms
	BeginReloadAssembly (87ms)
		ExecutionOrderSort (0ms)
		DisableScriptedObjects (0ms)
		BackupInstance (0ms)
		ReleaseScriptingObjects (0ms)
		CreateAndSetChildDomain (16ms)
	RebuildCommonClasses (24ms)
	RebuildNativeTypeToScriptingClass (10ms)
	initialDomainReloadingComplete (30ms)
	LoadAllAssembliesAndSetupDomain (119ms)
		LoadAssemblies (71ms)
		RebuildTransferFunctionScriptingTraits (0ms)
		AnalyzeDomain (116ms)
			TypeCache.Refresh (115ms)
				TypeCache.ScanAssembly (105ms)
			BuildScriptInfoCaches (0ms)
			ResolveRequiredComponents (0ms)
	FinalizeReload (310ms)
		ReleaseScriptCaches (0ms)
		RebuildScriptCaches (0ms)
		SetupLoadedEditorAssemblies (282ms)
			LogAssemblyErrors (0ms)
			InitializePlatformSupportModulesInManaged (76ms)
			SetLoadedEditorAssemblies (3ms)
			BeforeProcessingInitializeOnLoad (61ms)
			ProcessInitializeOnLoadAttributes (90ms)
			ProcessInitializeOnLoadMethodAttributes (52ms)
			AfterProcessingInitializeOnLoad (0ms)
			EditorAssembliesLoaded (0ms)
		ExecutionOrderSort2 (0ms)
		AwakeInstancesAfterBackupRestoration (0ms)
[Licensing::Client] Successfully resolved entitlement details
Application.AssetDatabase Initial Refresh Start
Package Manager log level set to [2]
[Package Manager] Restoring resolved packages state from cache
[Licensing::Client] Successfully resolved entitlement details
[Package Manager] Registered 38 packages:
  Built-in packages:
    com.unity.multiplayer.center@1.0.1 (location: /private/tmp/areabattle-validation-20261003/UnityProject/Library/PackageCache/com.unity.multiplayer.center@f01f4ba8d00a)
    com.unity.ugui@2.0.0 (location: /private/tmp/areabattle-validation-20261003/UnityProject/Library/PackageCache/com.unity.ugui@11343a6274f3)
    com.unity.modules.accessibility@1.0.0 (location: /private/tmp/areabattle-validation-20261003/UnityProject/Library/PackageCache/com.unity.modules.accessibility)
    com.unity.modules.adaptiveperformance@1.0.0 (location: /private/tmp/areabattle-validation-20261003/UnityProject/Library/PackageCache/com.unity.modules.adaptiveperformance)
    com.unity.modules.ai@1.0.0 (location: /private/tmp/areabattle-validation-20261003/UnityProject/Library/PackageCache/com.unity.modules.ai)
    com.unity.modules.androidjni@1.0.0 (location: /private/tmp/areabattle-validation-20261003/UnityProject/Library/PackageCache/com.unity.modules.androidjni)
    com.unity.modules.animation@1.0.0 (location: /private/tmp/areabattle-validation-20261003/UnityProject/Library/PackageCache/com.unity.modules.animation)
    com.unity.modules.assetbundle@1.0.0 (location: /private/tmp/areabattle-validation-20261003/UnityProject/Library/PackageCache/com.unity.modules.assetbundle)
    com.unity.modules.audio@1.0.0 (location: /private/tmp/areabattle-validation-20261003/UnityProject/Library/PackageCache/com.unity.modules.audio)
    com.unity.modules.cloth@1.0.0 (location: /private/tmp/areabattle-validation-20261003/UnityProject/Library/PackageCache/com.unity.modules.cloth)
    com.unity.modules.director@1.0.0 (location: /private/tmp/areabattle-validation-20261003/UnityProject/Library/PackageCache/com.unity.modules.director)
    com.unity.modules.imageconversion@1.0.0 (location: /private/tmp/areabattle-validation-20261003/UnityProject/Library/PackageCache/com.unity.modules.imageconversion)
    com.unity.modules.imgui@1.0.0 (location: /private/tmp/areabattle-validation-20261003/UnityProject/Library/PackageCache/com.unity.modules.imgui)
    com.unity.modules.jsonserialize@1.0.0 (location: /private/tmp/areabattle-validation-20261003/UnityProject/Library/PackageCache/com.unity.modules.jsonserialize)
    com.unity.modules.particlesystem@1.0.0 (location: /private/tmp/areabattle-validation-20261003/UnityProject/Library/PackageCache/com.unity.modules.particlesystem)
    com.unity.modules.physics@1.0.0 (location: /private/tmp/areabattle-validation-20261003/UnityProject/Library/PackageCache/com.unity.modules.physics)
    com.unity.modules.physics2d@1.0.0 (location: /private/tmp/areabattle-validation-20261003/UnityProject/Library/PackageCache/com.unity.modules.physics2d)
    com.unity.modules.screencapture@1.0.0 (location: /private/tmp/areabattle-validation-20261003/UnityProject/Library/PackageCache/com.unity.modules.screencapture)
    com.unity.modules.terrain@1.0.0 (location: /private/tmp/areabattle-validation-20261003/UnityProject/Library/PackageCache/com.unity.modules.terrain)
    com.unity.modules.terrainphysics@1.0.0 (location: /private/tmp/areabattle-validation-20261003/UnityProject/Library/PackageCache/com.unity.modules.terrainphysics)
    com.unity.modules.tilemap@1.0.0 (location: /private/tmp/areabattle-validation-20261003/UnityProject/Library/PackageCache/com.unity.modules.tilemap)
    com.unity.modules.ui@1.0.0 (location: /private/tmp/areabattle-validation-20261003/UnityProject/Library/PackageCache/com.unity.modules.ui)
    com.unity.modules.uielements@1.0.0 (location: /private/tmp/areabattle-validation-20261003/UnityProject/Library/PackageCache/com.unity.modules.uielements)
    com.unity.modules.umbra@1.0.0 (location: /private/tmp/areabattle-validation-20261003/UnityProject/Library/PackageCache/com.unity.modules.umbra)
    com.unity.modules.unityanalytics@1.0.0 (location: /private/tmp/areabattle-validation-20261003/UnityProject/Library/PackageCache/com.unity.modules.unityanalytics)
    com.unity.modules.unitywebrequest@1.0.0 (location: /private/tmp/areabattle-validation-20261003/UnityProject/Library/PackageCache/com.unity.modules.unitywebrequest)
    com.unity.modules.unitywebrequestassetbundle@1.0.0 (location: /private/tmp/areabattle-validation-20261003/UnityProject/Library/PackageCache/com.unity.modules.unitywebrequestassetbundle)
    com.unity.modules.unitywebrequestaudio@1.0.0 (location: /private/tmp/areabattle-validation-20261003/UnityProject/Library/PackageCache/com.unity.modules.unitywebrequestaudio)
    com.unity.modules.unitywebrequesttexture@1.0.0 (location: /private/tmp/areabattle-validation-20261003/UnityProject/Library/PackageCache/com.unity.modules.unitywebrequesttexture)
    com.unity.modules.unitywebrequestwww@1.0.0 (location: /private/tmp/areabattle-validation-20261003/UnityProject/Library/PackageCache/com.unity.modules.unitywebrequestwww)
    com.unity.modules.vectorgraphics@1.0.0 (location: /private/tmp/areabattle-validation-20261003/UnityProject/Library/PackageCache/com.unity.modules.vectorgraphics)
    com.unity.modules.vehicles@1.0.0 (location: /private/tmp/areabattle-validation-20261003/UnityProject/Library/PackageCache/com.unity.modules.vehicles)
    com.unity.modules.video@1.0.0 (location: /private/tmp/areabattle-validation-20261003/UnityProject/Library/PackageCache/com.unity.modules.video)
    com.unity.modules.vr@1.0.0 (location: /private/tmp/areabattle-validation-20261003/UnityProject/Library/PackageCache/com.unity.modules.vr)
    com.unity.modules.wind@1.0.0 (location: /private/tmp/areabattle-validation-20261003/UnityProject/Library/PackageCache/com.unity.modules.wind)
    com.unity.modules.xr@1.0.0 (location: /private/tmp/areabattle-validation-20261003/UnityProject/Library/PackageCache/com.unity.modules.xr)
    com.unity.modules.subsystems@1.0.0 (location: /private/tmp/areabattle-validation-20261003/UnityProject/Library/PackageCache/com.unity.modules.subsystems)
    com.unity.modules.hierarchycore@1.0.0 (location: /private/tmp/areabattle-validation-20261003/UnityProject/Library/PackageCache/com.unity.modules.hierarchycore)
[Subsystems] No new subsystems found in resolved package list.
[Package Manager] Done registering packages in 0.01 seconds
[ScriptCompilation] Requested script compilation because: Assetdatabase observed changes in script compilation related files
[40m[32minfo[39m[22m[49m: Microsoft.Hosting.Lifetime[14]
      Now listening on: http://unix:/tmp/ilpp.sock-b4295128722492fe3148b2072c065e13
[40m[32minfo[39m[22m[49m: Microsoft.Hosting.Lifetime[0]
      Application started. Press Ctrl+C to shut down.
[40m[32minfo[39m[22m[49m: Microsoft.Hosting.Lifetime[0]
      Hosting environment: Production
[40m[32minfo[39m[22m[49m: Microsoft.Hosting.Lifetime[0]
      Content root path: /private/tmp/areabattle-validation-20261003/UnityProject/
[40m[32minfo[39m[22m[49m: Microsoft.AspNetCore.Hosting.Diagnostics[1]
      Request starting HTTP/2 POST http://ilpp/UnityILPP.PostProcessing/Ping application/grpc -
[40m[32minfo[39m[22m[49m: Microsoft.AspNetCore.Routing.EndpointMiddleware[0]
      Executing endpoint 'gRPC - /UnityILPP.PostProcessing/Ping'
[40m[32minfo[39m[22m[49m: Microsoft.AspNetCore.Routing.EndpointMiddleware[1]
      Executed endpoint 'gRPC - /UnityILPP.PostProcessing/Ping'
[40m[32minfo[39m[22m[49m: Microsoft.AspNetCore.Hosting.Diagnostics[2]
      Request finished HTTP/2 POST http://ilpp/UnityILPP.PostProcessing/Ping application/grpc - - 200 - application/grpc 25.4511ms
Starting: /Applications/Unity6000.3.7f1/Unity-6000.3.7f1/Unity.app/Contents/Resources/BuildPipeline/bee_backend --ipc --defer-dag-verification --dagfile="Library/Bee/200b0aE.dag" --continue-on-failure --profile="Library/Bee/backend1.traceevents" ScriptAssemblies
WorkingDir: /private/tmp/areabattle-validation-20261003/UnityProject
DisplayProgressbar: Compiling Scripts
ExitCode: 4 Duration: 3s530ms
Rebuilding DAG because FileSignature timestamp changed: Library/Bee/200b0aE-inputdata.json
[241/244    3s] Csc Library/Bee/artifacts/200b0aE.dag/Assembly-CSharp-Editor.dll (+2 others)
Assets/AreaBattle/Editor/OutgameAudioNodeValidation.cs(18,34): warning CS0108: 'OutgameAudioNodeValidation.Fixture.GetType' hides inherited member 'object.GetType()'. Use the new keyword if hiding was intended.
Assets/AreaBattle/Editor/OutgameUpdateManagerPlayModeValidation.cs(14,117): warning CS0414: The field 'OutgameUpdateManagerPlayModeValidation.driveActions' is assigned but its value is never used
*** Tundra requires additional run (3.51 seconds), 1 items updated, 240 evaluated
Starting: /Applications/Unity6000.3.7f1/Unity-6000.3.7f1/Unity.app/Contents/Resources/Scripting/netcorerun/netcorerun "/Applications/Unity6000.3.7f1/Unity-6000.3.7f1/Unity.app/Contents/Resources/BuildPipeline/ScriptCompilationBuildProgram.exe" "Library/Bee/200b0aE.dag.json" "Library/Bee/200b0aE-inputdata.json" "Library/Bee/buildprogram0.traceevents"
WorkingDir: /private/tmp/areabattle-validation-20261003/UnityProject
ExitCode: 0 Duration: 0s393ms
Starting: /Applications/Unity6000.3.7f1/Unity-6000.3.7f1/Unity.app/Contents/Resources/BuildPipeline/bee_backend --ipc --defer-dag-verification --dagfile="Library/Bee/200b0aE.dag" --continue-on-failure --dagfilejson="Library/Bee/200b0aE.dag.json" --profile="Library/Bee/backend2.traceevents" ScriptAssemblies
WorkingDir: /private/tmp/areabattle-validation-20261003/UnityProject
ExitCode: 0 Duration: 0s54ms
Finished compiling graph: 247 nodes, 2320 flattened edges (2184 ToBuild, 22 ToUse), maximum node priority 123
[242/244    0s] CopyFiles Library/ScriptAssemblies/Assembly-CSharp-Editor.pdb
[243/244    0s] CopyFiles Library/ScriptAssemblies/Assembly-CSharp-Editor.dll
*** Tundra build success (0.03 seconds), 2 items updated, 244 evaluated
AssetDatabase: script compilation time: 4.374042s
Begin MonoManager ReloadAssembly
- Loaded All Assemblies, in  0.358 seconds
Refreshing native plugins compatible for Editor in 0.00 ms, found 0 plugins.
Native extension for iOS target not found
Native extension for Android target not found
Native extension for OSXStandalone target not found
ScheduleIndexationOnStartup MainProcess:True IndexOnStartup:True
Mono: successfully reloaded assembly
- Finished resetting the current domain, in  0.301 seconds
Domain Reload Profiling: 659ms
	BeginReloadAssembly (261ms)
		ExecutionOrderSort (0ms)
		DisableScriptedObjects (19ms)
		BackupInstance (0ms)
		ReleaseScriptingObjects (0ms)
		CreateAndSetChildDomain (149ms)
	RebuildCommonClasses (26ms)
	RebuildNativeTypeToScriptingClass (10ms)
	initialDomainReloadingComplete (11ms)
	LoadAllAssembliesAndSetupDomain (51ms)
		LoadAssemblies (78ms)
		RebuildTransferFunctionScriptingTraits (0ms)
		AnalyzeDomain (40ms)
			TypeCache.Refresh (32ms)
				TypeCache.ScanAssembly (25ms)
			BuildScriptInfoCaches (4ms)
			ResolveRequiredComponents (2ms)
	FinalizeReload (301ms)
		ReleaseScriptCaches (0ms)
		RebuildScriptCaches (0ms)
		SetupLoadedEditorAssemblies (207ms)
			LogAssemblyErrors (0ms)
			InitializePlatformSupportModulesInManaged (28ms)
			SetLoadedEditorAssemblies (2ms)
			BeforeProcessingInitializeOnLoad (86ms)
			ProcessInitializeOnLoadAttributes (69ms)
			ProcessInitializeOnLoadMethodAttributes (21ms)
			AfterProcessingInitializeOnLoad (1ms)
			EditorAssembliesLoaded (0ms)
		ExecutionOrderSort2 (0ms)
		AwakeInstancesAfterBackupRestoration (3ms)
Refreshing native plugins compatible for Editor in 0.00 ms, found 0 plugins.
Preloading 0 native plugins for Editor in 0.00 ms.
Asset Pipeline Refresh (id=08a6743f25c1e4b4ebe34d3ef77c22b7): Total: 5.301 seconds - Initiated by InitialRefreshV2(ForceSynchronousImport)
	Summary:
		Imports: total=0 (actual=0, local cache=0, cache server=0)
		Asset DB Process Time: managed=0 ms, native=498 ms
		Asset DB Callback time: managed=52 ms, native=12 ms
		Scripting: domain reloads=1, domain reload time=358 ms, compile time=4375 ms, other=4 ms
		Project Asset Count: scripts=394, non-scripts=2361
		Asset File Changes: new=0, changed=1, moved=0, deleted=0
		Scan Filter Count: 1
	InvokeCustomDependenciesCallbacks: 0.000ms
	InvokePackagesCallback: 10.823ms
	ApplyChangesToAssetFolders: 0.150ms
	Scan: 133.616ms
	OnSourceAssetsModified: 0.442ms
	CategorizeAssetsWithTransientArtifact: 2.652ms
	ProcessAssetsWithTransientArtifactChanges: 8.579ms
	CategorizeAssets: 13.072ms
	ImportOutOfDateAssets: 302.602ms (-4073.347ms without children)
		CompileScripts: 4375.103ms
		ReloadNativeAssets: 0.000ms
		UnloadImportedAssets: 0.235ms
		EnsureUptoDateAssetsAreRegisteredWithGuidPM: 0.294ms
		InitializingProgressBar: 0.000ms
		PostProcessAllAssetNotificationsAddChangedAssets: 0.000ms
		OnDemandSchedulerStart: 0.316ms
	PostProcessAllAssets: 53.004ms
	Hotreload: 1.313ms
	GatherAllCurrentPrimaryArtifactRevisions: 0.000ms
	UnloadStreamsBegin: 0.540ms
	PersistCurrentRevisions: 0.068ms
	UnloadStreamsEnd: 0.001ms
	GenerateScriptTypeHashes: 0.792ms
	Untracked: 4774.515ms

Application.AssetDatabase Initial Refresh End
Launching external process: /Applications/Unity6000.3.7f1/Unity-6000.3.7f1/Unity.app/Contents/Helpers/UnityShaderCompiler
Launched and connected shader compiler UnityShaderCompiler after 0.03 seconds
Scanning for USB devices : 0.037ms
Initializing Unity extensions:
[MODES] ModeService[none].Initialize
[MODES] ModeService[none].LoadModes
[MODES] Loading mode Default (0) for mode-current-id-AreaBattle
2026-10-03 23:06:57.925 Unity[59662:52460863] NSEventModifierFlagFunction specified to -setKeyEquivalentModifierMask: for item <NSMenuItem: 0x7a93192c0 SDF, ke='Command-F12'>, but is only supported for system-provided menu items; will not be used
Unloading 57 Unused Serialized files (Serialized files now loaded: 0)
Unloading 1231 unused Assets / (5.3 MB). Loaded Objects now: 1788.
Memory consumption went from 137.0 MB to 131.7 MB.
Total: 6.562250 ms (FindLiveObjects: 0.085500 ms CreateObjectMapping: 0.039958 ms MarkObjects: 4.304250 ms  DeleteObjects: 2.132209 ms)

2026-10-03 23:06:57.959 Unity[59662:52460863] NSEventModifierFlagFunction specified to -setKeyEquivalentModifierMask: for item <NSMenuItem: 0x7a9318a00 SDF, ke='Command-F12'>, but is only supported for system-provided menu items; will not be used
Asset Pipeline Refresh (id=9a0db68edd76144c3b602086d5ca4513): Total: 0.060 seconds - Initiated by RefreshV2(NoUpdateAssetOptions)
Start importing ProjectSettings/TimeManager.asset using Guid(00000000000000007000000000000000) (LibraryAssetImporter) -> (artifact id: 'fcd35394ed3ce11a9b90be582fe50514') in 0.003272959 seconds
Refreshing native plugins compatible for Editor in 0.00 ms, found 0 plugins.
Preloading 0 native plugins for Editor in 0.00 ms.
Asset Pipeline Refresh (id=548a7ad36444d438b9894ccfd7b702f3): Total: 0.014 seconds - Initiated by StopAssetImportingV2(NoUpdateAssetOptions)
2026-10-03 23:06:58.857 Unity[59662:52460863] NSEventModifierFlagFunction specified to -setKeyEquivalentModifierMask: for item <NSMenuItem: 0x7a93199a0 SDF, ke='Command-F12'>, but is only supported for system-provided menu items; will not be used

***Player size statistics***
Total compressed size 1.5 KB. Total uncompressed size 4.1 KB.
Unloading 0 Unused Serialized files (Serialized files now loaded: 0)
Unloading 1005 unused Assets / (44.5 MB). Loaded Objects now: 1816.
Memory consumption went from 174.2 MB to 129.6 MB.
Total: 6.252000 ms (FindLiveObjects: 0.077000 ms CreateObjectMapping: 0.034542 ms MarkObjects: 4.468792 ms  DeleteObjects: 1.671458 ms)


-------------------------------------------------------------------------------
Bundle Name: account-rewards-config-bundles
Compressed Size:1.5 kb
Uncompressed usage by category (Percentages based on user generated assets only):
Textures               0.0 kb	 0.0% 
Meshes                 0.0 kb	 0.0% 
Animations             0.0 kb	 0.0% 
Sounds                 0.0 kb	 0.0% 
Shaders                0.0 kb	 0.0% 
Other Assets           0.2 kb	 4.4% 
Levels                 0.0 kb	 0.0% 
File headers           3.9 kb	 95.6% 
Total User Assets      4.1 kb	 100.0% 
Complete build size    4.1 kb
Used Assets and files from the Resources folder, sorted by uncompressed size:
 0.1 kb	 2.5% AssetBundle Object
 0.1 kb	 2.0% Built-in AssetBundleManifest: AssetBundleManifest
-------------------------------------------------------------------------------
2026-10-03 23:06:59.000 Unity[59662:52460863] NSEventModifierFlagFunction specified to -setKeyEquivalentModifierMask: for item <NSMenuItem: 0x7a9319fe0 SDF, ke='Command-F12'>, but is only supported for system-provided menu items; will not be used

***Player size statistics***
Total compressed size 1.5 KB. Total uncompressed size 4.1 KB.
Unloading 82 Unused Serialized files (Serialized files now loaded: 0)
Unloading 497 unused Assets / (33.6 KB). Loaded Objects now: 3605.
Memory consumption went from 138.1 MB to 138.1 MB.
Total: 5.563916 ms (FindLiveObjects: 0.116083 ms CreateObjectMapping: 0.036042 ms MarkObjects: 5.256333 ms  DeleteObjects: 0.155084 ms)


-------------------------------------------------------------------------------
Bundle Name: top-info-effects-native-bundle
Compressed Size:1.5 kb
Uncompressed usage by category (Percentages based on user generated assets only):
Textures               0.0 kb	 0.0% 
Meshes                 0.0 kb	 0.0% 
Animations             0.0 kb	 0.0% 
Sounds                 0.0 kb	 0.0% 
Shaders                0.0 kb	 0.0% 
Other Assets           0.2 kb	 4.4% 
Levels                 0.0 kb	 0.0% 
File headers           3.9 kb	 95.6% 
Total User Assets      4.1 kb	 100.0% 
Complete build size    4.1 kb
Used Assets and files from the Resources folder, sorted by uncompressed size:
 0.1 kb	 2.5% AssetBundle Object
 0.1 kb	 2.0% Built-in AssetBundleManifest: AssetBundleManifest
-------------------------------------------------------------------------------
2026-10-03 23:06:59.074 Unity[59662:52460863] NSEventModifierFlagFunction specified to -setKeyEquivalentModifierMask: for item <NSMenuItem: 0x7a930f3e0 SDF, ke='Command-F12'>, but is only supported for system-provided menu items; will not be used

***Player size statistics***
Total compressed size 1.5 KB. Total uncompressed size 4.1 KB.
Unloading 13 Unused Serialized files (Serialized files now loaded: 0)
Unloading 579 unused Assets / (1.0 MB). Loaded Objects now: 1816.
Memory consumption went from 146.3 MB to 145.2 MB.
Total: 5.039542 ms (FindLiveObjects: 0.092500 ms CreateObjectMapping: 0.029209 ms MarkObjects: 4.510583 ms  DeleteObjects: 0.407042 ms)


-------------------------------------------------------------------------------
Bundle Name: account-rewards-config-bundles
Compressed Size:1.5 kb
Uncompressed usage by category (Percentages based on user generated assets only):
Textures               0.0 kb	 0.0% 
Meshes                 0.0 kb	 0.0% 
Animations             0.0 kb	 0.0% 
Sounds                 0.0 kb	 0.0% 
Shaders                0.0 kb	 0.0% 
Other Assets           0.2 kb	 4.4% 
Levels                 0.0 kb	 0.0% 
File headers           3.9 kb	 95.6% 
Total User Assets      4.1 kb	 100.0% 
Complete build size    4.1 kb
Used Assets and files from the Resources folder, sorted by uncompressed size:
 0.1 kb	 2.5% AssetBundle Object
 0.1 kb	 2.0% Built-in AssetBundleManifest: AssetBundleManifest
-------------------------------------------------------------------------------
2026-10-03 23:06:59.134 Unity[59662:52460863] NSEventModifierFlagFunction specified to -setKeyEquivalentModifierMask: for item <NSMenuItem: 0x7a8016440 SDF, ke='Command-F12'>, but is only supported for system-provided menu items; will not be used

***Player size statistics***
Total compressed size 1.5 KB. Total uncompressed size 4.1 KB.
Unloading 82 Unused Serialized files (Serialized files now loaded: 0)
Unloading 497 unused Assets / (34.2 KB). Loaded Objects now: 3605.
Memory consumption went from 155.2 MB to 155.2 MB.
Total: 5.711584 ms (FindLiveObjects: 0.112250 ms CreateObjectMapping: 0.040708 ms MarkObjects: 5.384500 ms  DeleteObjects: 0.173833 ms)


-------------------------------------------------------------------------------
Bundle Name: top-info-effects-native-bundle
Compressed Size:1.5 kb
Uncompressed usage by category (Percentages based on user generated assets only):
Textures               0.0 kb	 0.0% 
Meshes                 0.0 kb	 0.0% 
Animations             0.0 kb	 0.0% 
Sounds                 0.0 kb	 0.0% 
Shaders                0.0 kb	 0.0% 
Other Assets           0.2 kb	 4.4% 
Levels                 0.0 kb	 0.0% 
File headers           3.9 kb	 95.6% 
Total User Assets      4.1 kb	 100.0% 
Complete build size    4.1 kb
Used Assets and files from the Resources folder, sorted by uncompressed size:
 0.1 kb	 2.5% AssetBundle Object
 0.1 kb	 2.0% Built-in AssetBundleManifest: AssetBundleManifest
-------------------------------------------------------------------------------
2026-10-03 23:06:59.206 Unity[59662:52460863] NSEventModifierFlagFunction specified to -setKeyEquivalentModifierMask: for item <NSMenuItem: 0x7a8de6d00 SDF, ke='Command-F12'>, but is only supported for system-provided menu items; will not be used

***Player size statistics***
Total compressed size 1.5 KB. Total uncompressed size 4.1 KB.
Unloading 13 Unused Serialized files (Serialized files now loaded: 0)
Unloading 579 unused Assets / (1.0 MB). Loaded Objects now: 1816.
Memory consumption went from 147.3 MB to 146.3 MB.
Total: 5.514042 ms (FindLiveObjects: 0.073583 ms CreateObjectMapping: 0.028750 ms MarkObjects: 5.005584 ms  DeleteObjects: 0.406042 ms)


-------------------------------------------------------------------------------
Bundle Name: account-rewards-config-bundles
Compressed Size:1.5 kb
Uncompressed usage by category (Percentages based on user generated assets only):
Textures               0.0 kb	 0.0% 
Meshes                 0.0 kb	 0.0% 
Animations             0.0 kb	 0.0% 
Sounds                 0.0 kb	 0.0% 
Shaders                0.0 kb	 0.0% 
Other Assets           0.2 kb	 4.4% 
Levels                 0.0 kb	 0.0% 
File headers           3.9 kb	 95.6% 
Total User Assets      4.1 kb	 100.0% 
Complete build size    4.1 kb
Used Assets and files from the Resources folder, sorted by uncompressed size:
 0.1 kb	 2.5% AssetBundle Object
 0.1 kb	 2.0% Built-in AssetBundleManifest: AssetBundleManifest
-------------------------------------------------------------------------------
2026-10-03 23:06:59.267 Unity[59662:52460863] NSEventModifierFlagFunction specified to -setKeyEquivalentModifierMask: for item <NSMenuItem: 0x7a8de6f80 SDF, ke='Command-F12'>, but is only supported for system-provided menu items; will not be used

***Player size statistics***
Total compressed size 1.5 KB. Total uncompressed size 4.1 KB.
Unloading 82 Unused Serialized files (Serialized files now loaded: 0)
Unloading 497 unused Assets / (33.5 KB). Loaded Objects now: 3605.
Memory consumption went from 156.1 MB to 156.0 MB.
Total: 5.158042 ms (FindLiveObjects: 0.103458 ms CreateObjectMapping: 0.036000 ms MarkObjects: 4.868833 ms  DeleteObjects: 0.149458 ms)


-------------------------------------------------------------------------------
Bundle Name: top-info-effects-native-bundle
Compressed Size:1.5 kb
Uncompressed usage by category (Percentages based on user generated assets only):
Textures               0.0 kb	 0.0% 
Meshes                 0.0 kb	 0.0% 
Animations             0.0 kb	 0.0% 
Sounds                 0.0 kb	 0.0% 
Shaders                0.0 kb	 0.0% 
Other Assets           0.2 kb	 4.4% 
Levels                 0.0 kb	 0.0% 
File headers           3.9 kb	 95.6% 
Total User Assets      4.1 kb	 100.0% 
Complete build size    4.1 kb
Used Assets and files from the Resources folder, sorted by uncompressed size:
 0.1 kb	 2.5% AssetBundle Object
 0.1 kb	 2.0% Built-in AssetBundleManifest: AssetBundleManifest
-------------------------------------------------------------------------------
2026-10-03 23:06:59.290 Unity[59662:52460863] NSEventModifierFlagFunction specified to -setKeyEquivalentModifierMask: for item <NSMenuItem: 0x7a8de6620 SDF, ke='Command-F12'>, but is only supported for system-provided menu items; will not be used

***Player size statistics***
Total compressed size 1.5 KB. Total uncompressed size 4.1 KB.
Unloading 11 Unused Serialized files (Serialized files now loaded: 0)
Unloading 577 unused Assets / (0.9 MB). Loaded Objects now: 1816.
Memory consumption went from 146.9 MB to 146.0 MB.
Total: 5.634334 ms (FindLiveObjects: 0.069375 ms CreateObjectMapping: 0.026917 ms MarkObjects: 4.918625 ms  DeleteObjects: 0.619209 ms)


-------------------------------------------------------------------------------
Bundle Name: account-rewards-config-bundles
Compressed Size:1.5 kb
Uncompressed usage by category (Percentages based on user generated assets only):
Textures               0.0 kb	 0.0% 
Meshes                 0.0 kb	 0.0% 
Animations             0.0 kb	 0.0% 
Sounds                 0.0 kb	 0.0% 
Shaders                0.0 kb	 0.0% 
Other Assets           0.2 kb	 4.4% 
Levels                 0.0 kb	 0.0% 
File headers           3.9 kb	 95.6% 
Total User Assets      4.1 kb	 100.0% 
Complete build size    4.1 kb
Used Assets and files from the Resources folder, sorted by uncompressed size:
 0.1 kb	 2.5% AssetBundle Object
 0.1 kb	 2.0% Built-in AssetBundleManifest: AssetBundleManifest
-------------------------------------------------------------------------------
2026-10-03 23:06:59.354 Unity[59662:52460863] NSEventModifierFlagFunction specified to -setKeyEquivalentModifierMask: for item <NSMenuItem: 0x7a8de7520 SDF, ke='Command-F12'>, but is only supported for system-provided menu items; will not be used

***Player size statistics***
Total compressed size 1.5 KB. Total uncompressed size 4.1 KB.
Unloading 82 Unused Serialized files (Serialized files now loaded: 0)
Unloading 497 unused Assets / (33.9 KB). Loaded Objects now: 3605.
Memory consumption went from 156.2 MB to 156.2 MB.
Total: 5.420375 ms (FindLiveObjects: 0.126334 ms CreateObjectMapping: 0.035458 ms MarkObjects: 5.109250 ms  DeleteObjects: 0.149083 ms)


-------------------------------------------------------------------------------
Bundle Name: top-info-effects-native-bundle
Compressed Size:1.5 kb
Uncompressed usage by category (Percentages based on user generated assets only):
Textures               0.0 kb	 0.0% 
Meshes                 0.0 kb	 0.0% 
Animations             0.0 kb	 0.0% 
Sounds                 0.0 kb	 0.0% 
Shaders                0.0 kb	 0.0% 
Other Assets           0.2 kb	 4.4% 
Levels                 0.0 kb	 0.0% 
File headers           3.9 kb	 95.6% 
Total User Assets      4.1 kb	 100.0% 
Complete build size    4.1 kb
Used Assets and files from the Resources folder, sorted by uncompressed size:
 0.1 kb	 2.5% AssetBundle Object
 0.1 kb	 2.0% Built-in AssetBundleManifest: AssetBundleManifest
-------------------------------------------------------------------------------
2026-10-03 23:06:59.375 Unity[59662:52460863] NSEventModifierFlagFunction specified to -setKeyEquivalentModifierMask: for item <NSMenuItem: 0x7a8de4500 SDF, ke='Command-F12'>, but is only supported for system-provided menu items; will not be used

***Player size statistics***
Total compressed size 1.5 KB. Total uncompressed size 4.1 KB.
Unloading 6 Unused Serialized files (Serialized files now loaded: 0)
Unloading 572 unused Assets / (0.9 MB). Loaded Objects now: 1816.
Memory consumption went from 146.0 MB to 145.1 MB.
Total: 5.237084 ms (FindLiveObjects: 0.059750 ms CreateObjectMapping: 0.025792 ms MarkObjects: 4.609791 ms  DeleteObjects: 0.541292 ms)


-------------------------------------------------------------------------------
Bundle Name: account-rewards-config-bundles
Compressed Size:1.5 kb
Uncompressed usage by category (Percentages based on user generated assets only):
Textures               0.0 kb	 0.0% 
Meshes                 0.0 kb	 0.0% 
Animations             0.0 kb	 0.0% 
Sounds                 0.0 kb	 0.0% 
Shaders                0.0 kb	 0.0% 
Other Assets           0.2 kb	 4.4% 
Levels                 0.0 kb	 0.0% 
File headers           3.9 kb	 95.6% 
Total User Assets      4.1 kb	 100.0% 
Complete build size    4.1 kb
Used Assets and files from the Resources folder, sorted by uncompressed size:
 0.1 kb	 2.5% AssetBundle Object
 0.1 kb	 2.0% Built-in AssetBundleManifest: AssetBundleManifest
-------------------------------------------------------------------------------
2026-10-03 23:06:59.432 Unity[59662:52460863] NSEventModifierFlagFunction specified to -setKeyEquivalentModifierMask: for item <NSMenuItem: 0x7a8de7f20 SDF, ke='Command-F12'>, but is only supported for system-provided menu items; will not be used

***Player size statistics***
Total compressed size 1.5 KB. Total uncompressed size 4.1 KB.
Unloading 82 Unused Serialized files (Serialized files now loaded: 0)
Unloading 497 unused Assets / (33.2 KB). Loaded Objects now: 3605.
Memory consumption went from 155.9 MB to 155.9 MB.
Total: 5.164958 ms (FindLiveObjects: 0.102709 ms CreateObjectMapping: 0.035375 ms MarkObjects: 4.869875 ms  DeleteObjects: 0.156750 ms)


-------------------------------------------------------------------------------
Bundle Name: top-info-effects-native-bundle
Compressed Size:1.5 kb
Uncompressed usage by category (Percentages based on user generated assets only):
Textures               0.0 kb	 0.0% 
Meshes                 0.0 kb	 0.0% 
Animations             0.0 kb	 0.0% 
Sounds                 0.0 kb	 0.0% 
Shaders                0.0 kb	 0.0% 
Other Assets           0.2 kb	 4.4% 
Levels                 0.0 kb	 0.0% 
File headers           3.9 kb	 95.6% 
Total User Assets      4.1 kb	 100.0% 
Complete build size    4.1 kb
Used Assets and files from the Resources folder, sorted by uncompressed size:
 0.1 kb	 2.5% AssetBundle Object
 0.1 kb	 2.0% Built-in AssetBundleManifest: AssetBundleManifest
-------------------------------------------------------------------------------
2026-10-03 23:06:59.456 Unity[59662:52460863] NSEventModifierFlagFunction specified to -setKeyEquivalentModifierMask: for item <NSMenuItem: 0x7a8e9b0c0 SDF, ke='Command-F12'>, but is only supported for system-provided menu items; will not be used

***Player size statistics***
Total compressed size 1.5 KB. Total uncompressed size 4.1 KB.
Unloading 11 Unused Serialized files (Serialized files now loaded: 0)
Unloading 577 unused Assets / (0.9 MB). Loaded Objects now: 1816.
Memory consumption went from 146.7 MB to 145.8 MB.
Total: 5.402459 ms (FindLiveObjects: 0.062750 ms CreateObjectMapping: 0.025291 ms MarkObjects: 4.949334 ms  DeleteObjects: 0.364834 ms)


-------------------------------------------------------------------------------
Bundle Name: account-rewards-config-bundles
Compressed Size:1.5 kb
Uncompressed usage by category (Percentages based on user generated assets only):
Textures               0.0 kb	 0.0% 
Meshes                 0.0 kb	 0.0% 
Animations             0.0 kb	 0.0% 
Sounds                 0.0 kb	 0.0% 
Shaders                0.0 kb	 0.0% 
Other Assets           0.2 kb	 4.4% 
Levels                 0.0 kb	 0.0% 
File headers           3.9 kb	 95.6% 
Total User Assets      4.1 kb	 100.0% 
Complete build size    4.1 kb
Used Assets and files from the Resources folder, sorted by uncompressed size:
 0.1 kb	 2.5% AssetBundle Object
 0.1 kb	 2.0% Built-in AssetBundleManifest: AssetBundleManifest
-------------------------------------------------------------------------------
2026-10-03 23:06:59.518 Unity[59662:52460863] NSEventModifierFlagFunction specified to -setKeyEquivalentModifierMask: for item <NSMenuItem: 0x7a8de5ae0 SDF, ke='Command-F12'>, but is only supported for system-provided menu items; will not be used

***Player size statistics***
Total compressed size 1.5 KB. Total uncompressed size 4.1 KB.
Unloading 82 Unused Serialized files (Serialized files now loaded: 0)
Unloading 497 unused Assets / (33.4 KB). Loaded Objects now: 3605.
Memory consumption went from 155.9 MB to 155.9 MB.
Total: 5.336291 ms (FindLiveObjects: 0.107709 ms CreateObjectMapping: 0.036833 ms MarkObjects: 4.960792 ms  DeleteObjects: 0.230417 ms)


-------------------------------------------------------------------------------
Bundle Name: top-info-effects-native-bundle
Compressed Size:1.5 kb
Uncompressed usage by category (Percentages based on user generated assets only):
Textures               0.0 kb	 0.0% 
Meshes                 0.0 kb	 0.0% 
Animations             0.0 kb	 0.0% 
Sounds                 0.0 kb	 0.0% 
Shaders                0.0 kb	 0.0% 
Other Assets           0.2 kb	 4.4% 
Levels                 0.0 kb	 0.0% 
File headers           3.9 kb	 95.6% 
Total User Assets      4.1 kb	 100.0% 
Complete build size    4.1 kb
Used Assets and files from the Resources folder, sorted by uncompressed size:
 0.1 kb	 2.5% AssetBundle Object
 0.1 kb	 2.0% Built-in AssetBundleManifest: AssetBundleManifest
-------------------------------------------------------------------------------
2026-10-03 23:06:59.543 Unity[59662:52460863] NSEventModifierFlagFunction specified to -setKeyEquivalentModifierMask: for item <NSMenuItem: 0x7a8016e40 SDF, ke='Command-F12'>, but is only supported for system-provided menu items; will not be used

***Player size statistics***
Total compressed size 1.5 KB. Total uncompressed size 4.1 KB.
Unloading 11 Unused Serialized files (Serialized files now loaded: 0)
Unloading 577 unused Assets / (0.9 MB). Loaded Objects now: 1816.
Memory consumption went from 146.6 MB to 145.6 MB.
Total: 5.371167 ms (FindLiveObjects: 0.066417 ms CreateObjectMapping: 0.024917 ms MarkObjects: 4.875833 ms  DeleteObjects: 0.399041 ms)


-------------------------------------------------------------------------------
Bundle Name: account-rewards-config-bundles
Compressed Size:1.5 kb
Uncompressed usage by category (Percentages based on user generated assets only):
Textures               0.0 kb	 0.0% 
Meshes                 0.0 kb	 0.0% 
Animations             0.0 kb	 0.0% 
Sounds                 0.0 kb	 0.0% 
Shaders                0.0 kb	 0.0% 
Other Assets           0.2 kb	 4.4% 
Levels                 0.0 kb	 0.0% 
File headers           3.9 kb	 95.6% 
Total User Assets      4.1 kb	 100.0% 
Complete build size    4.1 kb
Used Assets and files from the Resources folder, sorted by uncompressed size:
 0.1 kb	 2.5% AssetBundle Object
 0.1 kb	 2.0% Built-in AssetBundleManifest: AssetBundleManifest
-------------------------------------------------------------------------------
2026-10-03 23:06:59.603 Unity[59662:52460863] NSEventModifierFlagFunction specified to -setKeyEquivalentModifierMask: for item <NSMenuItem: 0x7a8de5b80 SDF, ke='Command-F12'>, but is only supported for system-provided menu items; will not be used

***Player size statistics***
Total compressed size 1.5 KB. Total uncompressed size 4.1 KB.
Unloading 82 Unused Serialized files (Serialized files now loaded: 0)
Unloading 497 unused Assets / (33.8 KB). Loaded Objects now: 3605.
Memory consumption went from 155.5 MB to 155.5 MB.
Total: 5.630000 ms (FindLiveObjects: 0.125083 ms CreateObjectMapping: 0.041250 ms MarkObjects: 5.303959 ms  DeleteObjects: 0.159500 ms)


-------------------------------------------------------------------------------
Bundle Name: top-info-effects-native-bundle
Compressed Size:1.5 kb
Uncompressed usage by category (Percentages based on user generated assets only):
Textures               0.0 kb	 0.0% 
Meshes                 0.0 kb	 0.0% 
Animations             0.0 kb	 0.0% 
Sounds                 0.0 kb	 0.0% 
Shaders                0.0 kb	 0.0% 
Other Assets           0.2 kb	 4.4% 
Levels                 0.0 kb	 0.0% 
File headers           3.9 kb	 95.6% 
Total User Assets      4.1 kb	 100.0% 
Complete build size    4.1 kb
Used Assets and files from the Resources folder, sorted by uncompressed size:
 0.1 kb	 2.5% AssetBundle Object
 0.1 kb	 2.0% Built-in AssetBundleManifest: AssetBundleManifest
-------------------------------------------------------------------------------
2026-10-03 23:06:59.627 Unity[59662:52460863] NSEventModifierFlagFunction specified to -setKeyEquivalentModifierMask: for item <NSMenuItem: 0x7a8de6da0 SDF, ke='Command-F12'>, but is only supported for system-provided menu items; will not be used

***Player size statistics***
Total compressed size 1.5 KB. Total uncompressed size 4.1 KB.
Unloading 11 Unused Serialized files (Serialized files now loaded: 0)
Unloading 577 unused Assets / (446.9 KB). Loaded Objects now: 1816.
Memory consumption went from 146.4 MB to 146.0 MB.
Total: 5.846416 ms (FindLiveObjects: 0.070500 ms CreateObjectMapping: 0.026833 ms MarkObjects: 5.128500 ms  DeleteObjects: 0.620500 ms)


-------------------------------------------------------------------------------
Bundle Name: account-rewards-config-bundles
Compressed Size:1.5 kb
Uncompressed usage by category (Percentages based on user generated assets only):
Textures               0.0 kb	 0.0% 
Meshes                 0.0 kb	 0.0% 
Animations             0.0 kb	 0.0% 
Sounds                 0.0 kb	 0.0% 
Shaders                0.0 kb	 0.0% 
Other Assets           0.2 kb	 4.4% 
Levels                 0.0 kb	 0.0% 
File headers           3.9 kb	 95.6% 
Total User Assets      4.1 kb	 100.0% 
Complete build size    4.1 kb
Used Assets and files from the Resources folder, sorted by uncompressed size:
 0.1 kb	 2.5% AssetBundle Object
 0.1 kb	 2.0% Built-in AssetBundleManifest: AssetBundleManifest
-------------------------------------------------------------------------------
2026-10-03 23:06:59.685 Unity[59662:52460863] NSEventModifierFlagFunction specified to -setKeyEquivalentModifierMask: for item <NSMenuItem: 0x7a8e5d400 SDF, ke='Command-F12'>, but is only supported for system-provided menu items; will not be used

***Player size statistics***
Total compressed size 1.5 KB. Total uncompressed size 4.1 KB.
Unloading 82 Unused Serialized files (Serialized files now loaded: 0)
Unloading 497 unused Assets / (33.7 KB). Loaded Objects now: 3605.
Memory consumption went from 155.7 MB to 155.7 MB.
Total: 5.471625 ms (FindLiveObjects: 0.104459 ms CreateObjectMapping: 0.036250 ms MarkObjects: 5.173500 ms  DeleteObjects: 0.157125 ms)


-------------------------------------------------------------------------------
Bundle Name: top-info-effects-native-bundle
Compressed Size:1.5 kb
Uncompressed usage by category (Percentages based on user generated assets only):
Textures               0.0 kb	 0.0% 
Meshes                 0.0 kb	 0.0% 
Animations             0.0 kb	 0.0% 
Sounds                 0.0 kb	 0.0% 
Shaders                0.0 kb	 0.0% 
Other Assets           0.2 kb	 4.4% 
Levels                 0.0 kb	 0.0% 
File headers           3.9 kb	 95.6% 
Total User Assets      4.1 kb	 100.0% 
Complete build size    4.1 kb
Used Assets and files from the Resources folder, sorted by uncompressed size:
 0.1 kb	 2.5% AssetBundle Object
 0.1 kb	 2.0% Built-in AssetBundleManifest: AssetBundleManifest
-------------------------------------------------------------------------------
2026-10-03 23:06:59.711 Unity[59662:52460863] NSEventModifierFlagFunction specified to -setKeyEquivalentModifierMask: for item <NSMenuItem: 0x7a8f33b60 SDF, ke='Command-F12'>, but is only supported for system-provided menu items; will not be used

***Player size statistics***
Total compressed size 1.5 KB. Total uncompressed size 4.1 KB.
Unloading 11 Unused Serialized files (Serialized files now loaded: 0)
Unloading 577 unused Assets / (1.0 MB). Loaded Objects now: 1816.
Memory consumption went from 146.4 MB to 145.4 MB.
Total: 5.304125 ms (FindLiveObjects: 0.057625 ms CreateObjectMapping: 0.026167 ms MarkObjects: 4.767958 ms  DeleteObjects: 0.452125 ms)


-------------------------------------------------------------------------------
Bundle Name: account-rewards-config-bundles
Compressed Size:1.5 kb
Uncompressed usage by category (Percentages based on user generated assets only):
Textures               0.0 kb	 0.0% 
Meshes                 0.0 kb	 0.0% 
Animations             0.0 kb	 0.0% 
Sounds                 0.0 kb	 0.0% 
Shaders                0.0 kb	 0.0% 
Other Assets           0.2 kb	 4.4% 
Levels                 0.0 kb	 0.0% 
File headers           3.9 kb	 95.6% 
Total User Assets      4.1 kb	 100.0% 
Complete build size    4.1 kb
Used Assets and files from the Resources folder, sorted by uncompressed size:
 0.1 kb	 2.5% AssetBundle Object
 0.1 kb	 2.0% Built-in AssetBundleManifest: AssetBundleManifest
-------------------------------------------------------------------------------
2026-10-03 23:06:59.767 Unity[59662:52460863] NSEventModifierFlagFunction specified to -setKeyEquivalentModifierMask: for item <NSMenuItem: 0x7a780ac60 SDF, ke='Command-F12'>, but is only supported for system-provided menu items; will not be used

***Player size statistics***
Total compressed size 1.5 KB. Total uncompressed size 4.1 KB.
Unloading 82 Unused Serialized files (Serialized files now loaded: 0)
Unloading 497 unused Assets / (33.8 KB). Loaded Objects now: 3605.
Memory consumption went from 155.3 MB to 155.3 MB.
Total: 5.360625 ms (FindLiveObjects: 0.117500 ms CreateObjectMapping: 0.037208 ms MarkObjects: 5.014125 ms  DeleteObjects: 0.191333 ms)


-------------------------------------------------------------------------------
Bundle Name: top-info-effects-native-bundle
Compressed Size:1.5 kb
Uncompressed usage by category (Percentages based on user generated assets only):
Textures               0.0 kb	 0.0% 
Meshes                 0.0 kb	 0.0% 
Animations             0.0 kb	 0.0% 
Sounds                 0.0 kb	 0.0% 
Shaders                0.0 kb	 0.0% 
Other Assets           0.2 kb	 4.4% 
Levels                 0.0 kb	 0.0% 
File headers           3.9 kb	 95.6% 
Total User Assets      4.1 kb	 100.0% 
Complete build size    4.1 kb
Used Assets and files from the Resources folder, sorted by uncompressed size:
 0.1 kb	 2.5% AssetBundle Object
 0.1 kb	 2.0% Built-in AssetBundleManifest: AssetBundleManifest
-------------------------------------------------------------------------------
2026-10-03 23:06:59.793 Unity[59662:52460863] NSEventModifierFlagFunction specified to -setKeyEquivalentModifierMask: for item <NSMenuItem: 0x7a780b0c0 SDF, ke='Command-F12'>, but is only supported for system-provided menu items; will not be used

***Player size statistics***
Total compressed size 1.5 KB. Total uncompressed size 4.1 KB.
Unloading 11 Unused Serialized files (Serialized files now loaded: 0)
Unloading 577 unused Assets / (1.0 MB). Loaded Objects now: 1816.
Memory consumption went from 146.2 MB to 145.2 MB.
Total: 5.333167 ms (FindLiveObjects: 0.061750 ms CreateObjectMapping: 0.027125 ms MarkObjects: 4.742542 ms  DeleteObjects: 0.501667 ms)


-------------------------------------------------------------------------------
Bundle Name: account-rewards-config-bundles
Compressed Size:1.5 kb
Uncompressed usage by category (Percentages based on user generated assets only):
Textures               0.0 kb	 0.0% 
Meshes                 0.0 kb	 0.0% 
Animations             0.0 kb	 0.0% 
Sounds                 0.0 kb	 0.0% 
Shaders                0.0 kb	 0.0% 
Other Assets           0.2 kb	 4.4% 
Levels                 0.0 kb	 0.0% 
File headers           3.9 kb	 95.6% 
Total User Assets      4.1 kb	 100.0% 
Complete build size    4.1 kb
Used Assets and files from the Resources folder, sorted by uncompressed size:
 0.1 kb	 2.5% AssetBundle Object
 0.1 kb	 2.0% Built-in AssetBundleManifest: AssetBundleManifest
-------------------------------------------------------------------------------
2026-10-03 23:06:59.854 Unity[59662:52460863] NSEventModifierFlagFunction specified to -setKeyEquivalentModifierMask: for item <NSMenuItem: 0x7a780a620 SDF, ke='Command-F12'>, but is only supported for system-provided menu items; will not be used

***Player size statistics***
Total compressed size 1.5 KB. Total uncompressed size 4.1 KB.
Unloading 82 Unused Serialized files (Serialized files now loaded: 0)
Unloading 497 unused Assets / (33.6 KB). Loaded Objects now: 3605.
Memory consumption went from 155.3 MB to 155.3 MB.
Total: 5.647792 ms (FindLiveObjects: 0.131833 ms CreateObjectMapping: 0.037375 ms MarkObjects: 5.320041 ms  DeleteObjects: 0.158208 ms)


-------------------------------------------------------------------------------
Bundle Name: top-info-effects-native-bundle
Compressed Size:1.5 kb
Uncompressed usage by category (Percentages based on user generated assets only):
Textures               0.0 kb	 0.0% 
Meshes                 0.0 kb	 0.0% 
Animations             0.0 kb	 0.0% 
Sounds                 0.0 kb	 0.0% 
Shaders                0.0 kb	 0.0% 
Other Assets           0.2 kb	 4.4% 
Levels                 0.0 kb	 0.0% 
File headers           3.9 kb	 95.6% 
Total User Assets      4.1 kb	 100.0% 
Complete build size    4.1 kb
Used Assets and files from the Resources folder, sorted by uncompressed size:
 0.1 kb	 2.5% AssetBundle Object
 0.1 kb	 2.0% Built-in AssetBundleManifest: AssetBundleManifest
-------------------------------------------------------------------------------
2026-10-03 23:06:59.875 Unity[59662:52460863] NSEventModifierFlagFunction specified to -setKeyEquivalentModifierMask: for item <NSMenuItem: 0x7a7808a00 SDF, ke='Command-F12'>, but is only supported for system-provided menu items; will not be used

***Player size statistics***
Total compressed size 1.5 KB. Total uncompressed size 4.1 KB.
Unloading 11 Unused Serialized files (Serialized files now loaded: 0)
Unloading 577 unused Assets / (1.0 MB). Loaded Objects now: 1816.
Memory consumption went from 146.0 MB to 145.0 MB.
Total: 5.086084 ms (FindLiveObjects: 0.059167 ms CreateObjectMapping: 0.025291 ms MarkObjects: 4.620084 ms  DeleteObjects: 0.381292 ms)


-------------------------------------------------------------------------------
Bundle Name: account-rewards-config-bundles
Compressed Size:1.5 kb
Uncompressed usage by category (Percentages based on user generated assets only):
Textures               0.0 kb	 0.0% 
Meshes                 0.0 kb	 0.0% 
Animations             0.0 kb	 0.0% 
Sounds                 0.0 kb	 0.0% 
Shaders                0.0 kb	 0.0% 
Other Assets           0.2 kb	 4.4% 
Levels                 0.0 kb	 0.0% 
File headers           3.9 kb	 95.6% 
Total User Assets      4.1 kb	 100.0% 
Complete build size    4.1 kb
Used Assets and files from the Resources folder, sorted by uncompressed size:
 0.1 kb	 2.5% AssetBundle Object
 0.1 kb	 2.0% Built-in AssetBundleManifest: AssetBundleManifest
-------------------------------------------------------------------------------
2026-10-03 23:06:59.933 Unity[59662:52460863] NSEventModifierFlagFunction specified to -setKeyEquivalentModifierMask: for item <NSMenuItem: 0x7a780b700 SDF, ke='Command-F12'>, but is only supported for system-provided menu items; will not be used

***Player size statistics***
Total compressed size 1.5 KB. Total uncompressed size 4.1 KB.
Unloading 82 Unused Serialized files (Serialized files now loaded: 0)
Unloading 497 unused Assets / (31.9 KB). Loaded Objects now: 3605.
Memory consumption went from 155.0 MB to 154.9 MB.
Total: 5.198083 ms (FindLiveObjects: 0.100917 ms CreateObjectMapping: 0.036250 ms MarkObjects: 4.893083 ms  DeleteObjects: 0.167625 ms)


-------------------------------------------------------------------------------
Bundle Name: top-info-effects-native-bundle
Compressed Size:1.5 kb
Uncompressed usage by category (Percentages based on user generated assets only):
Textures               0.0 kb	 0.0% 
Meshes                 0.0 kb	 0.0% 
Animations             0.0 kb	 0.0% 
Sounds                 0.0 kb	 0.0% 
Shaders                0.0 kb	 0.0% 
Other Assets           0.2 kb	 4.4% 
Levels                 0.0 kb	 0.0% 
File headers           3.9 kb	 95.6% 
Total User Assets      4.1 kb	 100.0% 
Complete build size    4.1 kb
Used Assets and files from the Resources folder, sorted by uncompressed size:
 0.1 kb	 2.5% AssetBundle Object
 0.1 kb	 2.0% Built-in AssetBundleManifest: AssetBundleManifest
-------------------------------------------------------------------------------
2026-10-03 23:06:59.959 Unity[59662:52460863] NSEventModifierFlagFunction specified to -setKeyEquivalentModifierMask: for item <NSMenuItem: 0x7a780b340 SDF, ke='Command-F12'>, but is only supported for system-provided menu items; will not be used

***Player size statistics***
Total compressed size 1.5 KB. Total uncompressed size 4.1 KB.
Unloading 11 Unused Serialized files (Serialized files now loaded: 0)
Unloading 577 unused Assets / (0.9 MB). Loaded Objects now: 1816.
Memory consumption went from 145.8 MB to 144.9 MB.
Total: 5.550042 ms (FindLiveObjects: 0.067583 ms CreateObjectMapping: 0.025084 ms MarkObjects: 5.044709 ms  DeleteObjects: 0.412333 ms)


-------------------------------------------------------------------------------
Bundle Name: account-rewards-config-bundles
Compressed Size:1.5 kb
Uncompressed usage by category (Percentages based on user generated assets only):
Textures               0.0 kb	 0.0% 
Meshes                 0.0 kb	 0.0% 
Animations             0.0 kb	 0.0% 
Sounds                 0.0 kb	 0.0% 
Shaders                0.0 kb	 0.0% 
Other Assets           0.2 kb	 4.4% 
Levels                 0.0 kb	 0.0% 
File headers           3.9 kb	 95.6% 
Total User Assets      4.1 kb	 100.0% 
Complete build size    4.1 kb
Used Assets and files from the Resources folder, sorted by uncompressed size:
 0.1 kb	 2.5% AssetBundle Object
 0.1 kb	 2.0% Built-in AssetBundleManifest: AssetBundleManifest
-------------------------------------------------------------------------------
2026-10-03 23:07:00.015 Unity[59662:52460863] NSEventModifierFlagFunction specified to -setKeyEquivalentModifierMask: for item <NSMenuItem: 0x7a8e5f0c0 SDF, ke='Command-F12'>, but is only supported for system-provided menu items; will not be used

***Player size statistics***
Total compressed size 1.5 KB. Total uncompressed size 4.1 KB.
Unloading 82 Unused Serialized files (Serialized files now loaded: 0)
Unloading 497 unused Assets / (31.9 KB). Loaded Objects now: 3605.
Memory consumption went from 154.9 MB to 154.9 MB.
Total: 5.241000 ms (FindLiveObjects: 0.114417 ms CreateObjectMapping: 0.036125 ms MarkObjects: 4.910791 ms  DeleteObjects: 0.179458 ms)


-------------------------------------------------------------------------------
Bundle Name: top-info-effects-native-bundle
Compressed Size:1.5 kb
Uncompressed usage by category (Percentages based on user generated assets only):
Textures               0.0 kb	 0.0% 
Meshes                 0.0 kb	 0.0% 
Animations             0.0 kb	 0.0% 
Sounds                 0.0 kb	 0.0% 
Shaders                0.0 kb	 0.0% 
Other Assets           0.2 kb	 4.4% 
Levels                 0.0 kb	 0.0% 
File headers           3.9 kb	 95.6% 
Total User Assets      4.1 kb	 100.0% 
Complete build size    4.1 kb
Used Assets and files from the Resources folder, sorted by uncompressed size:
 0.1 kb	 2.5% AssetBundle Object
 0.1 kb	 2.0% Built-in AssetBundleManifest: AssetBundleManifest
-------------------------------------------------------------------------------
2026-10-03 23:07:00.040 Unity[59662:52460863] NSEventModifierFlagFunction specified to -setKeyEquivalentModifierMask: for item <NSMenuItem: 0x7a78db840 SDF, ke='Command-F12'>, but is only supported for system-provided menu items; will not be used

***Player size statistics***
Total compressed size 1.5 KB. Total uncompressed size 4.1 KB.
Unloading 11 Unused Serialized files (Serialized files now loaded: 0)
Unloading 577 unused Assets / (1.0 MB). Loaded Objects now: 1816.
Memory consumption went from 145.6 MB to 144.6 MB.
Total: 5.674334 ms (FindLiveObjects: 0.089625 ms CreateObjectMapping: 0.033958 ms MarkObjects: 4.971500 ms  DeleteObjects: 0.579042 ms)


-------------------------------------------------------------------------------
Bundle Name: account-rewards-config-bundles
Compressed Size:1.5 kb
Uncompressed usage by category (Percentages based on user generated assets only):
Textures               0.0 kb	 0.0% 
Meshes                 0.0 kb	 0.0% 
Animations             0.0 kb	 0.0% 
Sounds                 0.0 kb	 0.0% 
Shaders                0.0 kb	 0.0% 
Other Assets           0.2 kb	 4.4% 
Levels                 0.0 kb	 0.0% 
File headers           3.9 kb	 95.6% 
Total User Assets      4.1 kb	 100.0% 
Complete build size    4.1 kb
Used Assets and files from the Resources folder, sorted by uncompressed size:
 0.1 kb	 2.5% AssetBundle Object
 0.1 kb	 2.0% Built-in AssetBundleManifest: AssetBundleManifest
-------------------------------------------------------------------------------
2026-10-03 23:07:00.102 Unity[59662:52460863] NSEventModifierFlagFunction specified to -setKeyEquivalentModifierMask: for item <NSMenuItem: 0x7a8fd6080 SDF, ke='Command-F12'>, but is only supported for system-provided menu items; will not be used

***Player size statistics***
Total compressed size 1.5 KB. Total uncompressed size 4.1 KB.
Unloading 82 Unused Serialized files (Serialized files now loaded: 0)
Unloading 497 unused Assets / (33.3 KB). Loaded Objects now: 3605.
Memory consumption went from 154.5 MB to 154.5 MB.
Total: 5.779125 ms (FindLiveObjects: 0.108250 ms CreateObjectMapping: 0.036041 ms MarkObjects: 5.476708 ms  DeleteObjects: 0.157584 ms)


-------------------------------------------------------------------------------
Bundle Name: top-info-effects-native-bundle
Compressed Size:1.5 kb
Uncompressed usage by category (Percentages based on user generated assets only):
Textures               0.0 kb	 0.0% 
Meshes                 0.0 kb	 0.0% 
Animations             0.0 kb	 0.0% 
Sounds                 0.0 kb	 0.0% 
Shaders                0.0 kb	 0.0% 
Other Assets           0.2 kb	 4.4% 
Levels                 0.0 kb	 0.0% 
File headers           3.9 kb	 95.6% 
Total User Assets      4.1 kb	 100.0% 
Complete build size    4.1 kb
Used Assets and files from the Resources folder, sorted by uncompressed size:
 0.1 kb	 2.5% AssetBundle Object
 0.1 kb	 2.0% Built-in AssetBundleManifest: AssetBundleManifest
-------------------------------------------------------------------------------
2026-10-03 23:07:00.130 Unity[59662:52460863] NSEventModifierFlagFunction specified to -setKeyEquivalentModifierMask: for item <NSMenuItem: 0x7abc06300 SDF, ke='Command-F12'>, but is only supported for system-provided menu items; will not be used

***Player size statistics***
Total compressed size 1.5 KB. Total uncompressed size 4.1 KB.
Unloading 11 Unused Serialized files (Serialized files now loaded: 0)
Unloading 577 unused Assets / (0.9 MB). Loaded Objects now: 1816.
Memory consumption went from 145.4 MB to 144.5 MB.
Total: 5.528042 ms (FindLiveObjects: 0.073375 ms CreateObjectMapping: 0.026792 ms MarkObjects: 4.960125 ms  DeleteObjects: 0.467334 ms)


-------------------------------------------------------------------------------
Bundle Name: account-rewards-config-bundles
Compressed Size:1.5 kb
Uncompressed usage by category (Percentages based on user generated assets only):
Textures               0.0 kb	 0.0% 
Meshes                 0.0 kb	 0.0% 
Animations             0.0 kb	 0.0% 
Sounds                 0.0 kb	 0.0% 
Shaders                0.0 kb	 0.0% 
Other Assets           0.2 kb	 4.4% 
Levels                 0.0 kb	 0.0% 
File headers           3.9 kb	 95.6% 
Total User Assets      4.1 kb	 100.0% 
Complete build size    4.1 kb
Used Assets and files from the Resources folder, sorted by uncompressed size:
 0.1 kb	 2.5% AssetBundle Object
 0.1 kb	 2.0% Built-in AssetBundleManifest: AssetBundleManifest
-------------------------------------------------------------------------------
2026-10-03 23:07:00.191 Unity[59662:52460863] NSEventModifierFlagFunction specified to -setKeyEquivalentModifierMask: for item <NSMenuItem: 0x7a8f6b480 SDF, ke='Command-F12'>, but is only supported for system-provided menu items; will not be used

***Player size statistics***
Total compressed size 1.5 KB. Total uncompressed size 4.1 KB.
Unloading 82 Unused Serialized files (Serialized files now loaded: 0)
Unloading 497 unused Assets / (34.0 KB). Loaded Objects now: 3605.
Memory consumption went from 154.6 MB to 154.5 MB.
Total: 5.590083 ms (FindLiveObjects: 0.127334 ms CreateObjectMapping: 0.042375 ms MarkObjects: 5.252708 ms  DeleteObjects: 0.167458 ms)


-------------------------------------------------------------------------------
Bundle Name: top-info-effects-native-bundle
Compressed Size:1.5 kb
Uncompressed usage by category (Percentages based on user generated assets only):
Textures               0.0 kb	 0.0% 
Meshes                 0.0 kb	 0.0% 
Animations             0.0 kb	 0.0% 
Sounds                 0.0 kb	 0.0% 
Shaders                0.0 kb	 0.0% 
Other Assets           0.2 kb	 4.4% 
Levels                 0.0 kb	 0.0% 
File headers           3.9 kb	 95.6% 
Total User Assets      4.1 kb	 100.0% 
Complete build size    4.1 kb
Used Assets and files from the Resources folder, sorted by uncompressed size:
 0.1 kb	 2.5% AssetBundle Object
 0.1 kb	 2.0% Built-in AssetBundleManifest: AssetBundleManifest
-------------------------------------------------------------------------------
2026-10-03 23:07:00.213 Unity[59662:52460863] NSEventModifierFlagFunction specified to -setKeyEquivalentModifierMask: for item <NSMenuItem: 0x7a797f3e0 SDF, ke='Command-F12'>, but is only supported for system-provided menu items; will not be used

***Player size statistics***
Total compressed size 1.5 KB. Total uncompressed size 4.1 KB.
Unloading 11 Unused Serialized files (Serialized files now loaded: 0)
Unloading 577 unused Assets / (0.9 MB). Loaded Objects now: 1816.
Memory consumption went from 145.2 MB to 144.3 MB.
Total: 5.335625 ms (FindLiveObjects: 0.069625 ms CreateObjectMapping: 0.026583 ms MarkObjects: 4.763750 ms  DeleteObjects: 0.475334 ms)


-------------------------------------------------------------------------------
Bundle Name: account-rewards-config-bundles
Compressed Size:1.5 kb
Uncompressed usage by category (Percentages based on user generated assets only):
Textures               0.0 kb	 0.0% 
Meshes                 0.0 kb	 0.0% 
Animations             0.0 kb	 0.0% 
Sounds                 0.0 kb	 0.0% 
Shaders                0.0 kb	 0.0% 
Other Assets           0.2 kb	 4.4% 
Levels                 0.0 kb	 0.0% 
File headers           3.9 kb	 95.6% 
Total User Assets      4.1 kb	 100.0% 
Complete build size    4.1 kb
Used Assets and files from the Resources folder, sorted by uncompressed size:
 0.1 kb	 2.5% AssetBundle Object
 0.1 kb	 2.0% Built-in AssetBundleManifest: AssetBundleManifest
-------------------------------------------------------------------------------
2026-10-03 23:07:00.271 Unity[59662:52460863] NSEventModifierFlagFunction specified to -setKeyEquivalentModifierMask: for item <NSMenuItem: 0x7a8fd63a0 SDF, ke='Command-F12'>, but is only supported for system-provided menu items; will not be used

***Player size statistics***
Total compressed size 1.5 KB. Total uncompressed size 4.1 KB.
Unloading 82 Unused Serialized files (Serialized files now loaded: 0)
Unloading 497 unused Assets / (33.5 KB). Loaded Objects now: 3605.
Memory consumption went from 154.5 MB to 154.4 MB.
Total: 5.428459 ms (FindLiveObjects: 0.114875 ms CreateObjectMapping: 0.036167 ms MarkObjects: 5.118792 ms  DeleteObjects: 0.158375 ms)


-------------------------------------------------------------------------------
Bundle Name: top-info-effects-native-bundle
Compressed Size:1.5 kb
Uncompressed usage by category (Percentages based on user generated assets only):
Textures               0.0 kb	 0.0% 
Meshes                 0.0 kb	 0.0% 
Animations             0.0 kb	 0.0% 
Sounds                 0.0 kb	 0.0% 
Shaders                0.0 kb	 0.0% 
Other Assets           0.2 kb	 4.4% 
Levels                 0.0 kb	 0.0% 
File headers           3.9 kb	 95.6% 
Total User Assets      4.1 kb	 100.0% 
Complete build size    4.1 kb
Used Assets and files from the Resources folder, sorted by uncompressed size:
 0.1 kb	 2.5% AssetBundle Object
 0.1 kb	 2.0% Built-in AssetBundleManifest: AssetBundleManifest
-------------------------------------------------------------------------------
2026-10-03 23:07:00.296 Unity[59662:52460863] NSEventModifierFlagFunction specified to -setKeyEquivalentModifierMask: for item <NSMenuItem: 0x7a7a52bc0 SDF, ke='Command-F12'>, but is only supported for system-provided menu items; will not be used

***Player size statistics***
Total compressed size 1.5 KB. Total uncompressed size 4.1 KB.
Unloading 11 Unused Serialized files (Serialized files now loaded: 0)
Unloading 577 unused Assets / (1.0 MB). Loaded Objects now: 1816.
Memory consumption went from 145.3 MB to 144.3 MB.
Total: 5.507667 ms (FindLiveObjects: 0.067625 ms CreateObjectMapping: 0.029125 ms MarkObjects: 4.998708 ms  DeleteObjects: 0.411958 ms)


-------------------------------------------------------------------------------
Bundle Name: account-rewards-config-bundles
Compressed Size:1.5 kb
Uncompressed usage by category (Percentages based on user generated assets only):
Textures               0.0 kb	 0.0% 
Meshes                 0.0 kb	 0.0% 
Animations             0.0 kb	 0.0% 
Sounds                 0.0 kb	 0.0% 
Shaders                0.0 kb	 0.0% 
Other Assets           0.2 kb	 4.4% 
Levels                 0.0 kb	 0.0% 
File headers           3.9 kb	 95.6% 
Total User Assets      4.1 kb	 100.0% 
Complete build size    4.1 kb
Used Assets and files from the Resources folder, sorted by uncompressed size:
 0.1 kb	 2.5% AssetBundle Object
 0.1 kb	 2.0% Built-in AssetBundleManifest: AssetBundleManifest
-------------------------------------------------------------------------------
2026-10-03 23:07:00.354 Unity[59662:52460863] NSEventModifierFlagFunction specified to -setKeyEquivalentModifierMask: for item <NSMenuItem: 0x7a7a53160 SDF, ke='Command-F12'>, but is only supported for system-provided menu items; will not be used

***Player size statistics***
Total compressed size 1.5 KB. Total uncompressed size 4.1 KB.
Unloading 82 Unused Serialized files (Serialized files now loaded: 0)
Unloading 497 unused Assets / (33.9 KB). Loaded Objects now: 3605.
Memory consumption went from 154.6 MB to 154.6 MB.
Total: 5.705458 ms (FindLiveObjects: 0.139791 ms CreateObjectMapping: 0.038875 ms MarkObjects: 5.363959 ms  DeleteObjects: 0.162417 ms)


-------------------------------------------------------------------------------
Bundle Name: top-info-effects-native-bundle
Compressed Size:1.5 kb
Uncompressed usage by category (Percentages based on user generated assets only):
Textures               0.0 kb	 0.0% 
Meshes                 0.0 kb	 0.0% 
Animations             0.0 kb	 0.0% 
Sounds                 0.0 kb	 0.0% 
Shaders                0.0 kb	 0.0% 
Other Assets           0.2 kb	 4.4% 
Levels                 0.0 kb	 0.0% 
File headers           3.9 kb	 95.6% 
Total User Assets      4.1 kb	 100.0% 
Complete build size    4.1 kb
Used Assets and files from the Resources folder, sorted by uncompressed size:
 0.1 kb	 2.5% AssetBundle Object
 0.1 kb	 2.0% Built-in AssetBundleManifest: AssetBundleManifest
-------------------------------------------------------------------------------
2026-10-03 23:07:00.379 Unity[59662:52460863] NSEventModifierFlagFunction specified to -setKeyEquivalentModifierMask: for item <NSMenuItem: 0x7a7a52440 SDF, ke='Command-F12'>, but is only supported for system-provided menu items; will not be used

***Player size statistics***
Total compressed size 1.5 KB. Total uncompressed size 4.1 KB.
Unloading 11 Unused Serialized files (Serialized files now loaded: 0)
Unloading 577 unused Assets / (1.0 MB). Loaded Objects now: 1816.
Memory consumption went from 145.3 MB to 144.3 MB.
Total: 5.339875 ms (FindLiveObjects: 0.072583 ms CreateObjectMapping: 0.028250 ms MarkObjects: 4.829667 ms  DeleteObjects: 0.409083 ms)


-------------------------------------------------------------------------------
Bundle Name: account-rewards-config-bundles
Compressed Size:1.5 kb
Uncompressed usage by category (Percentages based on user generated assets only):
Textures               0.0 kb	 0.0% 
Meshes                 0.0 kb	 0.0% 
Animations             0.0 kb	 0.0% 
Sounds                 0.0 kb	 0.0% 
Shaders                0.0 kb	 0.0% 
Other Assets           0.2 kb	 4.4% 
Levels                 0.0 kb	 0.0% 
File headers           3.9 kb	 95.6% 
Total User Assets      4.1 kb	 100.0% 
Complete build size    4.1 kb
Used Assets and files from the Resources folder, sorted by uncompressed size:
 0.1 kb	 2.5% AssetBundle Object
 0.1 kb	 2.0% Built-in AssetBundleManifest: AssetBundleManifest
-------------------------------------------------------------------------------
2026-10-03 23:07:00.440 Unity[59662:52460863] NSEventModifierFlagFunction specified to -setKeyEquivalentModifierMask: for item <NSMenuItem: 0x7a7a26580 SDF, ke='Command-F12'>, but is only supported for system-provided menu items; will not be used

***Player size statistics***
Total compressed size 1.5 KB. Total uncompressed size 4.1 KB.
Unloading 82 Unused Serialized files (Serialized files now loaded: 0)
Unloading 497 unused Assets / (34.1 KB). Loaded Objects now: 3605.
Memory consumption went from 154.2 MB to 154.2 MB.
Total: 5.198708 ms (FindLiveObjects: 0.121958 ms CreateObjectMapping: 0.036333 ms MarkObjects: 4.891000 ms  DeleteObjects: 0.149000 ms)


-------------------------------------------------------------------------------
Bundle Name: top-info-effects-native-bundle
Compressed Size:1.5 kb
Uncompressed usage by category (Percentages based on user generated assets only):
Textures               0.0 kb	 0.0% 
Meshes                 0.0 kb	 0.0% 
Animations             0.0 kb	 0.0% 
Sounds                 0.0 kb	 0.0% 
Shaders                0.0 kb	 0.0% 
Other Assets           0.2 kb	 4.4% 
Levels                 0.0 kb	 0.0% 
File headers           3.9 kb	 95.6% 
Total User Assets      4.1 kb	 100.0% 
Complete build size    4.1 kb
Used Assets and files from the Resources folder, sorted by uncompressed size:
 0.1 kb	 2.5% AssetBundle Object
 0.1 kb	 2.0% Built-in AssetBundleManifest: AssetBundleManifest
-------------------------------------------------------------------------------
2026-10-03 23:07:00.461 Unity[59662:52460863] NSEventModifierFlagFunction specified to -setKeyEquivalentModifierMask: for item <NSMenuItem: 0x7a7b030c0 SDF, ke='Command-F12'>, but is only supported for system-provided menu items; will not be used

***Player size statistics***
Total compressed size 1.5 KB. Total uncompressed size 4.1 KB.
Unloading 11 Unused Serialized files (Serialized files now loaded: 0)
Unloading 577 unused Assets / (0.9 MB). Loaded Objects now: 1816.
Memory consumption went from 145.1 MB to 144.2 MB.
Total: 5.464583 ms (FindLiveObjects: 0.057667 ms CreateObjectMapping: 0.024167 ms MarkObjects: 4.942667 ms  DeleteObjects: 0.439834 ms)


-------------------------------------------------------------------------------
Bundle Name: account-rewards-config-bundles
Compressed Size:1.5 kb
Uncompressed usage by category (Percentages based on user generated assets only):
Textures               0.0 kb	 0.0% 
Meshes                 0.0 kb	 0.0% 
Animations             0.0 kb	 0.0% 
Sounds                 0.0 kb	 0.0% 
Shaders                0.0 kb	 0.0% 
Other Assets           0.2 kb	 4.4% 
Levels                 0.0 kb	 0.0% 
File headers           3.9 kb	 95.6% 
Total User Assets      4.1 kb	 100.0% 
Complete build size    4.1 kb
Used Assets and files from the Resources folder, sorted by uncompressed size:
 0.1 kb	 2.5% AssetBundle Object
 0.1 kb	 2.0% Built-in AssetBundleManifest: AssetBundleManifest
-------------------------------------------------------------------------------
2026-10-03 23:07:00.522 Unity[59662:52460863] NSEventModifierFlagFunction specified to -setKeyEquivalentModifierMask: for item <NSMenuItem: 0x7a7b01ea0 SDF, ke='Command-F12'>, but is only supported for system-provided menu items; will not be used

***Player size statistics***
Total compressed size 1.5 KB. Total uncompressed size 4.1 KB.
Unloading 82 Unused Serialized files (Serialized files now loaded: 0)
Unloading 497 unused Assets / (34.1 KB). Loaded Objects now: 3605.
Memory consumption went from 154.3 MB to 154.2 MB.
Total: 5.448125 ms (FindLiveObjects: 0.135459 ms CreateObjectMapping: 0.038833 ms MarkObjects: 5.112167 ms  DeleteObjects: 0.161334 ms)


-------------------------------------------------------------------------------
Bundle Name: top-info-effects-native-bundle
Compressed Size:1.5 kb
Uncompressed usage by category (Percentages based on user generated assets only):
Textures               0.0 kb	 0.0% 
Meshes                 0.0 kb	 0.0% 
Animations             0.0 kb	 0.0% 
Sounds                 0.0 kb	 0.0% 
Shaders                0.0 kb	 0.0% 
Other Assets           0.2 kb	 4.4% 
Levels                 0.0 kb	 0.0% 
File headers           3.9 kb	 95.6% 
Total User Assets      4.1 kb	 100.0% 
Complete build size    4.1 kb
Used Assets and files from the Resources folder, sorted by uncompressed size:
 0.1 kb	 2.5% AssetBundle Object
 0.1 kb	 2.0% Built-in AssetBundleManifest: AssetBundleManifest
-------------------------------------------------------------------------------
2026-10-03 23:07:00.548 Unity[59662:52460863] NSEventModifierFlagFunction specified to -setKeyEquivalentModifierMask: for item <NSMenuItem: 0x7a79e7ac0 SDF, ke='Command-F12'>, but is only supported for system-provided menu items; will not be used

***Player size statistics***
Total compressed size 1.5 KB. Total uncompressed size 4.1 KB.
Unloading 11 Unused Serialized files (Serialized files now loaded: 0)
Unloading 577 unused Assets / (0.9 MB). Loaded Objects now: 1816.
Memory consumption went from 144.9 MB to 144.0 MB.
Total: 5.466209 ms (FindLiveObjects: 0.071083 ms CreateObjectMapping: 0.026875 ms MarkObjects: 4.846333 ms  DeleteObjects: 0.521583 ms)


-------------------------------------------------------------------------------
Bundle Name: account-rewards-config-bundles
Compressed Size:1.5 kb
Uncompressed usage by category (Percentages based on user generated assets only):
Textures               0.0 kb	 0.0% 
Meshes                 0.0 kb	 0.0% 
Animations             0.0 kb	 0.0% 
Sounds                 0.0 kb	 0.0% 
Shaders                0.0 kb	 0.0% 
Other Assets           0.2 kb	 4.4% 
Levels                 0.0 kb	 0.0% 
File headers           3.9 kb	 95.6% 
Total User Assets      4.1 kb	 100.0% 
Complete build size    4.1 kb
Used Assets and files from the Resources folder, sorted by uncompressed size:
 0.1 kb	 2.5% AssetBundle Object
 0.1 kb	 2.0% Built-in AssetBundleManifest: AssetBundleManifest
-------------------------------------------------------------------------------
2026-10-03 23:07:00.607 Unity[59662:52460863] NSEventModifierFlagFunction specified to -setKeyEquivalentModifierMask: for item <NSMenuItem: 0x7a7a25900 SDF, ke='Command-F12'>, but is only supported for system-provided menu items; will not be used

***Player size statistics***
Total compressed size 1.5 KB. Total uncompressed size 4.1 KB.
Unloading 82 Unused Serialized files (Serialized files now loaded: 0)
Unloading 497 unused Assets / (34.1 KB). Loaded Objects now: 3605.
Memory consumption went from 153.9 MB to 153.9 MB.
Total: 5.266917 ms (FindLiveObjects: 0.118541 ms CreateObjectMapping: 0.035167 ms MarkObjects: 4.928458 ms  DeleteObjects: 0.184625 ms)


-------------------------------------------------------------------------------
Bundle Name: top-info-effects-native-bundle
Compressed Size:1.5 kb
Uncompressed usage by category (Percentages based on user generated assets only):
Textures               0.0 kb	 0.0% 
Meshes                 0.0 kb	 0.0% 
Animations             0.0 kb	 0.0% 
Sounds                 0.0 kb	 0.0% 
Shaders                0.0 kb	 0.0% 
Other Assets           0.2 kb	 4.4% 
Levels                 0.0 kb	 0.0% 
File headers           3.9 kb	 95.6% 
Total User Assets      4.1 kb	 100.0% 
Complete build size    4.1 kb
Used Assets and files from the Resources folder, sorted by uncompressed size:
 0.1 kb	 2.5% AssetBundle Object
 0.1 kb	 2.0% Built-in AssetBundleManifest: AssetBundleManifest
-------------------------------------------------------------------------------
2026-10-03 23:07:00.631 Unity[59662:52460863] NSEventModifierFlagFunction specified to -setKeyEquivalentModifierMask: for item <NSMenuItem: 0x7a7b02f80 SDF, ke='Command-F12'>, but is only supported for system-provided menu items; will not be used

***Player size statistics***
Total compressed size 1.5 KB. Total uncompressed size 4.1 KB.
Unloading 11 Unused Serialized files (Serialized files now loaded: 0)
Unloading 577 unused Assets / (0.9 MB). Loaded Objects now: 1816.
Memory consumption went from 144.8 MB to 143.8 MB.
Total: 5.307083 ms (FindLiveObjects: 0.059416 ms CreateObjectMapping: 0.025209 ms MarkObjects: 4.752750 ms  DeleteObjects: 0.469458 ms)


-------------------------------------------------------------------------------
Bundle Name: account-rewards-config-bundles
Compressed Size:1.5 kb
Uncompressed usage by category (Percentages based on user generated assets only):
Textures               0.0 kb	 0.0% 
Meshes                 0.0 kb	 0.0% 
Animations             0.0 kb	 0.0% 
Sounds                 0.0 kb	 0.0% 
Shaders                0.0 kb	 0.0% 
Other Assets           0.2 kb	 4.4% 
Levels                 0.0 kb	 0.0% 
File headers           3.9 kb	 95.6% 
Total User Assets      4.1 kb	 100.0% 
Complete build size    4.1 kb
Used Assets and files from the Resources folder, sorted by uncompressed size:
 0.1 kb	 2.5% AssetBundle Object
 0.1 kb	 2.0% Built-in AssetBundleManifest: AssetBundleManifest
-------------------------------------------------------------------------------
2026-10-03 23:07:00.690 Unity[59662:52460863] NSEventModifierFlagFunction specified to -setKeyEquivalentModifierMask: for item <NSMenuItem: 0x7a79e4640 SDF, ke='Command-F12'>, but is only supported for system-provided menu items; will not be used

***Player size statistics***
Total compressed size 1.5 KB. Total uncompressed size 4.1 KB.
Unloading 82 Unused Serialized files (Serialized files now loaded: 0)
Unloading 497 unused Assets / (35.0 KB). Loaded Objects now: 3605.
Memory consumption went from 153.9 MB to 153.9 MB.
Total: 5.419125 ms (FindLiveObjects: 0.196708 ms CreateObjectMapping: 0.056542 ms MarkObjects: 5.019208 ms  DeleteObjects: 0.146416 ms)


-------------------------------------------------------------------------------
Bundle Name: top-info-effects-native-bundle
Compressed Size:1.5 kb
Uncompressed usage by category (Percentages based on user generated assets only):
Textures               0.0 kb	 0.0% 
Meshes                 0.0 kb	 0.0% 
Animations             0.0 kb	 0.0% 
Sounds                 0.0 kb	 0.0% 
Shaders                0.0 kb	 0.0% 
Other Assets           0.2 kb	 4.4% 
Levels                 0.0 kb	 0.0% 
File headers           3.9 kb	 95.6% 
Total User Assets      4.1 kb	 100.0% 
Complete build size    4.1 kb
Used Assets and files from the Resources folder, sorted by uncompressed size:
 0.1 kb	 2.5% AssetBundle Object
 0.1 kb	 2.0% Built-in AssetBundleManifest: AssetBundleManifest
-------------------------------------------------------------------------------
2026-10-03 23:07:00.714 Unity[59662:52460863] NSEventModifierFlagFunction specified to -setKeyEquivalentModifierMask: for item <NSMenuItem: 0x7a7ba7200 SDF, ke='Command-F12'>, but is only supported for system-provided menu items; will not be used

***Player size statistics***
Total compressed size 1.5 KB. Total uncompressed size 4.1 KB.
Unloading 11 Unused Serialized files (Serialized files now loaded: 0)
Unloading 577 unused Assets / (1.0 MB). Loaded Objects now: 1816.
Memory consumption went from 144.6 MB to 143.7 MB.
Total: 5.419959 ms (FindLiveObjects: 0.066667 ms CreateObjectMapping: 0.028500 ms MarkObjects: 4.966875 ms  DeleteObjects: 0.357583 ms)


-------------------------------------------------------------------------------
Bundle Name: account-rewards-config-bundles
Compressed Size:1.5 kb
Uncompressed usage by category (Percentages based on user generated assets only):
Textures               0.0 kb	 0.0% 
Meshes                 0.0 kb	 0.0% 
Animations             0.0 kb	 0.0% 
Sounds                 0.0 kb	 0.0% 
Shaders                0.0 kb	 0.0% 
Other Assets           0.2 kb	 4.4% 
Levels                 0.0 kb	 0.0% 
File headers           3.9 kb	 95.6% 
Total User Assets      4.1 kb	 100.0% 
Complete build size    4.1 kb
Used Assets and files from the Resources folder, sorted by uncompressed size:
 0.1 kb	 2.5% AssetBundle Object
 0.1 kb	 2.0% Built-in AssetBundleManifest: AssetBundleManifest
-------------------------------------------------------------------------------
2026-10-03 23:07:00.776 Unity[59662:52460863] NSEventModifierFlagFunction specified to -setKeyEquivalentModifierMask: for item <NSMenuItem: 0x7a8fd7160 SDF, ke='Command-F12'>, but is only supported for system-provided menu items; will not be used

***Player size statistics***
Total compressed size 1.5 KB. Total uncompressed size 4.1 KB.
Unloading 82 Unused Serialized files (Serialized files now loaded: 0)
Unloading 497 unused Assets / (34.1 KB). Loaded Objects now: 3605.
Memory consumption went from 153.6 MB to 153.6 MB.
Total: 5.303875 ms (FindLiveObjects: 0.107291 ms CreateObjectMapping: 0.035834 ms MarkObjects: 4.996208 ms  DeleteObjects: 0.164166 ms)


-------------------------------------------------------------------------------
Bundle Name: top-info-effects-native-bundle
Compressed Size:1.5 kb
Uncompressed usage by category (Percentages based on user generated assets only):
Textures               0.0 kb	 0.0% 
Meshes                 0.0 kb	 0.0% 
Animations             0.0 kb	 0.0% 
Sounds                 0.0 kb	 0.0% 
Shaders                0.0 kb	 0.0% 
Other Assets           0.2 kb	 4.4% 
Levels                 0.0 kb	 0.0% 
File headers           3.9 kb	 95.6% 
Total User Assets      4.1 kb	 100.0% 
Complete build size    4.1 kb
Used Assets and files from the Resources folder, sorted by uncompressed size:
 0.1 kb	 2.5% AssetBundle Object
 0.1 kb	 2.0% Built-in AssetBundleManifest: AssetBundleManifest
-------------------------------------------------------------------------------
2026-10-03 23:07:00.825 Unity[59662:52460863] NSEventModifierFlagFunction specified to -setKeyEquivalentModifierMask: for item <NSMenuItem: 0x7a7b03b60 SDF, ke='Command-F12'>, but is only supported for system-provided menu items; will not be used

***Player size statistics***
Total compressed size 1.5 KB. Total uncompressed size 4.1 KB.
Unloading 13 Unused Serialized files (Serialized files now loaded: 0)
Unloading 584 unused Assets / (0.9 MB). Loaded Objects now: 1816.
Memory consumption went from 145.0 MB to 144.0 MB.
Total: 5.539625 ms (FindLiveObjects: 0.067000 ms CreateObjectMapping: 0.025958 ms MarkObjects: 5.031458 ms  DeleteObjects: 0.415000 ms)


-------------------------------------------------------------------------------
Bundle Name: account-rewards-config-bundles
Compressed Size:1.5 kb
Uncompressed usage by category (Percentages based on user generated assets only):
Textures               0.0 kb	 0.0% 
Meshes                 0.0 kb	 0.0% 
Animations             0.0 kb	 0.0% 
Sounds                 0.0 kb	 0.0% 
Shaders                0.0 kb	 0.0% 
Other Assets           0.2 kb	 4.4% 
Levels                 0.0 kb	 0.0% 
File headers           3.9 kb	 95.6% 
Total User Assets      4.1 kb	 100.0% 
Complete build size    4.1 kb
Used Assets and files from the Resources folder, sorted by uncompressed size:
 0.1 kb	 2.5% AssetBundle Object
 0.1 kb	 2.0% Built-in AssetBundleManifest: AssetBundleManifest
-------------------------------------------------------------------------------
2026-10-03 23:07:00.905 Unity[59662:52460863] NSEventModifierFlagFunction specified to -setKeyEquivalentModifierMask: for item <NSMenuItem: 0x7a74c6bc0 SDF, ke='Command-F12'>, but is only supported for system-provided menu items; will not be used

***Player size statistics***
Total compressed size 1.5 KB. Total uncompressed size 4.1 KB.
Unloading 86 Unused Serialized files (Serialized files now loaded: 0)
Unloading 938 unused Assets / (1.1 MB). Loaded Objects now: 1804.
Memory consumption went from 153.6 MB to 152.6 MB.
Total: 5.680917 ms (FindLiveObjects: 0.083416 ms CreateObjectMapping: 0.033959 ms MarkObjects: 4.928750 ms  DeleteObjects: 0.634542 ms)


-------------------------------------------------------------------------------
Bundle Name: task-box-effect-native-bundle
Compressed Size:1.5 kb
Uncompressed usage by category (Percentages based on user generated assets only):
Textures               0.0 kb	 0.0% 
Meshes                 0.0 kb	 0.0% 
Animations             0.0 kb	 0.0% 
Sounds                 0.0 kb	 0.0% 
Shaders                0.0 kb	 0.0% 
Other Assets           0.2 kb	 4.4% 
Levels                 0.0 kb	 0.0% 
File headers           3.9 kb	 95.6% 
Total User Assets      4.1 kb	 100.0% 
Complete build size    4.1 kb
Used Assets and files from the Resources folder, sorted by uncompressed size:
 0.1 kb	 2.5% AssetBundle Object
 0.1 kb	 2.0% Built-in AssetBundleManifest: AssetBundleManifest
-------------------------------------------------------------------------------
2026-10-03 23:07:00.925 Unity[59662:52460863] NSEventModifierFlagFunction specified to -setKeyEquivalentModifierMask: for item <NSMenuItem: 0x7a74c50e0 SDF, ke='Command-F12'>, but is only supported for system-provided menu items; will not be used

***Player size statistics***
Total compressed size 1.5 KB. Total uncompressed size 4.1 KB.
Unloading 0 Unused Serialized files (Serialized files now loaded: 0)
Unloading 4 unused Assets / (0 B). Loaded Objects now: 1816.
Memory consumption went from 141.6 MB to 141.6 MB.
Total: 4.682500 ms (FindLiveObjects: 0.045208 ms CreateObjectMapping: 0.015958 ms MarkObjects: 4.614584 ms  DeleteObjects: 0.006500 ms)


-------------------------------------------------------------------------------
Bundle Name: account-rewards-config-bundles
Compressed Size:1.5 kb
Uncompressed usage by category (Percentages based on user generated assets only):
Textures               0.0 kb	 0.0% 
Meshes                 0.0 kb	 0.0% 
Animations             0.0 kb	 0.0% 
Sounds                 0.0 kb	 0.0% 
Shaders                0.0 kb	 0.0% 
Other Assets           0.2 kb	 4.4% 
Levels                 0.0 kb	 0.0% 
File headers           3.9 kb	 95.6% 
Total User Assets      4.1 kb	 100.0% 
Complete build size    4.1 kb
Used Assets and files from the Resources folder, sorted by uncompressed size:
 0.1 kb	 2.5% AssetBundle Object
 0.1 kb	 2.0% Built-in AssetBundleManifest: AssetBundleManifest
-------------------------------------------------------------------------------
2026-10-03 23:07:00.982 Unity[59662:52460863] NSEventModifierFlagFunction specified to -setKeyEquivalentModifierMask: for item <NSMenuItem: 0x7a74c5c20 SDF, ke='Command-F12'>, but is only supported for system-provided menu items; will not be used

***Player size statistics***
Total compressed size 1.5 KB. Total uncompressed size 4.1 KB.
Unloading 82 Unused Serialized files (Serialized files now loaded: 0)
Unloading 497 unused Assets / (33.6 KB). Loaded Objects now: 3462.
Memory consumption went from 153.7 MB to 153.6 MB.
Total: 5.366084 ms (FindLiveObjects: 0.118667 ms CreateObjectMapping: 0.036667 ms MarkObjects: 5.047583 ms  DeleteObjects: 0.162875 ms)


-------------------------------------------------------------------------------
Bundle Name: task-box-effect-native-bundle
Compressed Size:1.5 kb
Uncompressed usage by category (Percentages based on user generated assets only):
Textures               0.0 kb	 0.0% 
Meshes                 0.0 kb	 0.0% 
Animations             0.0 kb	 0.0% 
Sounds                 0.0 kb	 0.0% 
Shaders                0.0 kb	 0.0% 
Other Assets           0.2 kb	 4.4% 
Levels                 0.0 kb	 0.0% 
File headers           3.9 kb	 95.6% 
Total User Assets      4.1 kb	 100.0% 
Complete build size    4.1 kb
Used Assets and files from the Resources folder, sorted by uncompressed size:
 0.1 kb	 2.5% AssetBundle Object
 0.1 kb	 2.0% Built-in AssetBundleManifest: AssetBundleManifest
-------------------------------------------------------------------------------
2026-10-03 23:07:01.000 Unity[59662:52460863] NSEventModifierFlagFunction specified to -setKeyEquivalentModifierMask: for item <NSMenuItem: 0x7a74c4640 SDF, ke='Command-F12'>, but is only supported for system-provided menu items; will not be used

***Player size statistics***
Total compressed size 1.5 KB. Total uncompressed size 4.1 KB.
Unloading 0 Unused Serialized files (Serialized files now loaded: 0)
Unloading 431 unused Assets / (1.0 MB). Loaded Objects now: 1816.
Memory consumption went from 143.3 MB to 142.3 MB.
Total: 5.395500 ms (FindLiveObjects: 0.053500 ms CreateObjectMapping: 0.021375 ms MarkObjects: 4.859666 ms  DeleteObjects: 0.460750 ms)


-------------------------------------------------------------------------------
Bundle Name: account-rewards-config-bundles
Compressed Size:1.5 kb
Uncompressed usage by category (Percentages based on user generated assets only):
Textures               0.0 kb	 0.0% 
Meshes                 0.0 kb	 0.0% 
Animations             0.0 kb	 0.0% 
Sounds                 0.0 kb	 0.0% 
Shaders                0.0 kb	 0.0% 
Other Assets           0.2 kb	 4.4% 
Levels                 0.0 kb	 0.0% 
File headers           3.9 kb	 95.6% 
Total User Assets      4.1 kb	 100.0% 
Complete build size    4.1 kb
Used Assets and files from the Resources folder, sorted by uncompressed size:
 0.1 kb	 2.5% AssetBundle Object
 0.1 kb	 2.0% Built-in AssetBundleManifest: AssetBundleManifest
-------------------------------------------------------------------------------
2026-10-03 23:07:01.062 Unity[59662:52460863] NSEventModifierFlagFunction specified to -setKeyEquivalentModifierMask: for item <NSMenuItem: 0x7a7577020 SDF, ke='Command-F12'>, but is only supported for system-provided menu items; will not be used

***Player size statistics***
Total compressed size 1.5 KB. Total uncompressed size 4.1 KB.
Unloading 82 Unused Serialized files (Serialized files now loaded: 0)
Unloading 497 unused Assets / (34.7 KB). Loaded Objects now: 3462.
Memory consumption went from 153.7 MB to 153.7 MB.
Total: 5.440875 ms (FindLiveObjects: 0.133041 ms CreateObjectMapping: 0.042250 ms MarkObjects: 5.107334 ms  DeleteObjects: 0.157917 ms)


-------------------------------------------------------------------------------
Bundle Name: task-box-effect-native-bundle
Compressed Size:1.5 kb
Uncompressed usage by category (Percentages based on user generated assets only):
Textures               0.0 kb	 0.0% 
Meshes                 0.0 kb	 0.0% 
Animations             0.0 kb	 0.0% 
Sounds                 0.0 kb	 0.0% 
Shaders                0.0 kb	 0.0% 
Other Assets           0.2 kb	 4.4% 
Levels                 0.0 kb	 0.0% 
File headers           3.9 kb	 95.6% 
Total User Assets      4.1 kb	 100.0% 
Complete build size    4.1 kb
Used Assets and files from the Resources folder, sorted by uncompressed size:
 0.1 kb	 2.5% AssetBundle Object
 0.1 kb	 2.0% Built-in AssetBundleManifest: AssetBundleManifest
-------------------------------------------------------------------------------
2026-10-03 23:07:01.100 Unity[59662:52460863] NSEventModifierFlagFunction specified to -setKeyEquivalentModifierMask: for item <NSMenuItem: 0x7a7576120 SDF, ke='Command-F12'>, but is only supported for system-provided menu items; will not be used

***Player size statistics***
Total compressed size 1.5 KB. Total uncompressed size 4.1 KB.
Unloading 4 Unused Serialized files (Serialized files now loaded: 0)
Unloading 435 unused Assets / (433.2 KB). Loaded Objects now: 1816.
Memory consumption went from 144.0 MB to 143.5 MB.
Total: 5.408083 ms (FindLiveObjects: 0.059666 ms CreateObjectMapping: 0.023083 ms MarkObjects: 4.947250 ms  DeleteObjects: 0.377583 ms)


-------------------------------------------------------------------------------
Bundle Name: account-rewards-config-bundles
Compressed Size:1.5 kb
Uncompressed usage by category (Percentages based on user generated assets only):
Textures               0.0 kb	 0.0% 
Meshes                 0.0 kb	 0.0% 
Animations             0.0 kb	 0.0% 
Sounds                 0.0 kb	 0.0% 
Shaders                0.0 kb	 0.0% 
Other Assets           0.2 kb	 4.4% 
Levels                 0.0 kb	 0.0% 
File headers           3.9 kb	 95.6% 
Total User Assets      4.1 kb	 100.0% 
Complete build size    4.1 kb
Used Assets and files from the Resources folder, sorted by uncompressed size:
 0.1 kb	 2.5% AssetBundle Object
 0.1 kb	 2.0% Built-in AssetBundleManifest: AssetBundleManifest
-------------------------------------------------------------------------------
2026-10-03 23:07:01.160 Unity[59662:52460863] NSEventModifierFlagFunction specified to -setKeyEquivalentModifierMask: for item <NSMenuItem: 0x7a7574aa0 SDF, ke='Command-F12'>, but is only supported for system-provided menu items; will not be used

***Player size statistics***
Total compressed size 1.5 KB. Total uncompressed size 4.1 KB.
Unloading 82 Unused Serialized files (Serialized files now loaded: 0)
Unloading 497 unused Assets / (34.1 KB). Loaded Objects now: 3462.
Memory consumption went from 153.5 MB to 153.4 MB.
Total: 5.717083 ms (FindLiveObjects: 0.120084 ms CreateObjectMapping: 0.037125 ms MarkObjects: 5.406625 ms  DeleteObjects: 0.152875 ms)


-------------------------------------------------------------------------------
Bundle Name: task-box-effect-native-bundle
Compressed Size:1.5 kb
Uncompressed usage by category (Percentages based on user generated assets only):
Textures               0.0 kb	 0.0% 
Meshes                 0.0 kb	 0.0% 
Animations             0.0 kb	 0.0% 
Sounds                 0.0 kb	 0.0% 
Shaders                0.0 kb	 0.0% 
Other Assets           0.2 kb	 4.4% 
Levels                 0.0 kb	 0.0% 
File headers           3.9 kb	 95.6% 
Total User Assets      4.1 kb	 100.0% 
Complete build size    4.1 kb
Used Assets and files from the Resources folder, sorted by uncompressed size:
 0.1 kb	 2.5% AssetBundle Object
 0.1 kb	 2.0% Built-in AssetBundleManifest: AssetBundleManifest
-------------------------------------------------------------------------------
2026-10-03 23:07:01.199 Unity[59662:52460863] NSEventModifierFlagFunction specified to -setKeyEquivalentModifierMask: for item <NSMenuItem: 0x7a7577840 SDF, ke='Command-F12'>, but is only supported for system-provided menu items; will not be used

***Player size statistics***
Total compressed size 1.5 KB. Total uncompressed size 4.1 KB.
Unloading 5 Unused Serialized files (Serialized files now loaded: 0)
Unloading 436 unused Assets / (0.8 MB). Loaded Objects now: 1816.
Memory consumption went from 144.1 MB to 143.3 MB.
Total: 5.319042 ms (FindLiveObjects: 0.056916 ms CreateObjectMapping: 0.023625 ms MarkObjects: 4.952958 ms  DeleteObjects: 0.285334 ms)


-------------------------------------------------------------------------------
Bundle Name: account-rewards-config-bundles
Compressed Size:1.5 kb
Uncompressed usage by category (Percentages based on user generated assets only):
Textures               0.0 kb	 0.0% 
Meshes                 0.0 kb	 0.0% 
Animations             0.0 kb	 0.0% 
Sounds                 0.0 kb	 0.0% 
Shaders                0.0 kb	 0.0% 
Other Assets           0.2 kb	 4.4% 
Levels                 0.0 kb	 0.0% 
File headers           3.9 kb	 95.6% 
Total User Assets      4.1 kb	 100.0% 
Complete build size    4.1 kb
Used Assets and files from the Resources folder, sorted by uncompressed size:
 0.1 kb	 2.5% AssetBundle Object
 0.1 kb	 2.0% Built-in AssetBundleManifest: AssetBundleManifest
-------------------------------------------------------------------------------
2026-10-03 23:07:01.261 Unity[59662:52460863] NSEventModifierFlagFunction specified to -setKeyEquivalentModifierMask: for item <NSMenuItem: 0x7a7575e00 SDF, ke='Command-F12'>, but is only supported for system-provided menu items; will not be used

***Player size statistics***
Total compressed size 1.5 KB. Total uncompressed size 4.1 KB.
Unloading 82 Unused Serialized files (Serialized files now loaded: 0)
Unloading 497 unused Assets / (33.4 KB). Loaded Objects now: 3462.
Memory consumption went from 153.9 MB to 153.9 MB.
Total: 5.551375 ms (FindLiveObjects: 0.125666 ms CreateObjectMapping: 0.037292 ms MarkObjects: 5.221125 ms  DeleteObjects: 0.167041 ms)


-------------------------------------------------------------------------------
Bundle Name: task-box-effect-native-bundle
Compressed Size:1.5 kb
Uncompressed usage by category (Percentages based on user generated assets only):
Textures               0.0 kb	 0.0% 
Meshes                 0.0 kb	 0.0% 
Animations             0.0 kb	 0.0% 
Sounds                 0.0 kb	 0.0% 
Shaders                0.0 kb	 0.0% 
Other Assets           0.2 kb	 4.4% 
Levels                 0.0 kb	 0.0% 
File headers           3.9 kb	 95.6% 
Total User Assets      4.1 kb	 100.0% 
Complete build size    4.1 kb
Used Assets and files from the Resources folder, sorted by uncompressed size:
 0.1 kb	 2.5% AssetBundle Object
 0.1 kb	 2.0% Built-in AssetBundleManifest: AssetBundleManifest
-------------------------------------------------------------------------------
2026-10-03 23:07:01.300 Unity[59662:52460863] NSEventModifierFlagFunction specified to -setKeyEquivalentModifierMask: for item <NSMenuItem: 0x7a7577340 SDF, ke='Command-F12'>, but is only supported for system-provided menu items; will not be used

***Player size statistics***
Total compressed size 1.5 KB. Total uncompressed size 4.1 KB.
Unloading 5 Unused Serialized files (Serialized files now loaded: 0)
Unloading 436 unused Assets / (0.8 MB). Loaded Objects now: 1816.
Memory consumption went from 144.4 MB to 143.7 MB.
Total: 5.576041 ms (FindLiveObjects: 0.057417 ms CreateObjectMapping: 0.024542 ms MarkObjects: 5.181916 ms  DeleteObjects: 0.311834 ms)


-------------------------------------------------------------------------------
Bundle Name: account-rewards-config-bundles
Compressed Size:1.5 kb
Uncompressed usage by category (Percentages based on user generated assets only):
Textures               0.0 kb	 0.0% 
Meshes                 0.0 kb	 0.0% 
Animations             0.0 kb	 0.0% 
Sounds                 0.0 kb	 0.0% 
Shaders                0.0 kb	 0.0% 
Other Assets           0.2 kb	 4.4% 
Levels                 0.0 kb	 0.0% 
File headers           3.9 kb	 95.6% 
Total User Assets      4.1 kb	 100.0% 
Complete build size    4.1 kb
Used Assets and files from the Resources folder, sorted by uncompressed size:
 0.1 kb	 2.5% AssetBundle Object
 0.1 kb	 2.0% Built-in AssetBundleManifest: AssetBundleManifest
-------------------------------------------------------------------------------
2026-10-03 23:07:01.361 Unity[59662:52460863] NSEventModifierFlagFunction specified to -setKeyEquivalentModifierMask: for item <NSMenuItem: 0x7a748ce60 SDF, ke='Command-F12'>, but is only supported for system-provided menu items; will not be used

***Player size statistics***
Total compressed size 1.5 KB. Total uncompressed size 4.1 KB.
Unloading 82 Unused Serialized files (Serialized files now loaded: 0)
Unloading 497 unused Assets / (33.6 KB). Loaded Objects now: 3462.
Memory consumption went from 153.7 MB to 153.7 MB.
Total: 5.556167 ms (FindLiveObjects: 0.132791 ms CreateObjectMapping: 0.037667 ms MarkObjects: 5.228833 ms  DeleteObjects: 0.156625 ms)


-------------------------------------------------------------------------------
Bundle Name: task-box-effect-native-bundle
Compressed Size:1.5 kb
Uncompressed usage by category (Percentages based on user generated assets only):
Textures               0.0 kb	 0.0% 
Meshes                 0.0 kb	 0.0% 
Animations             0.0 kb	 0.0% 
Sounds                 0.0 kb	 0.0% 
Shaders                0.0 kb	 0.0% 
Other Assets           0.2 kb	 4.4% 
Levels                 0.0 kb	 0.0% 
File headers           3.9 kb	 95.6% 
Total User Assets      4.1 kb	 100.0% 
Complete build size    4.1 kb
Used Assets and files from the Resources folder, sorted by uncompressed size:
 0.1 kb	 2.5% AssetBundle Object
 0.1 kb	 2.0% Built-in AssetBundleManifest: AssetBundleManifest
-------------------------------------------------------------------------------
2026-10-03 23:07:01.390 Unity[59662:52460863] NSEventModifierFlagFunction specified to -setKeyEquivalentModifierMask: for item <NSMenuItem: 0x7a7577520 SDF, ke='Command-F12'>, but is only supported for system-provided menu items; will not be used

***Player size statistics***
Total compressed size 1.5 KB. Total uncompressed size 4.1 KB.
Unloading 4 Unused Serialized files (Serialized files now loaded: 0)
Unloading 435 unused Assets / (0.9 MB). Loaded Objects now: 1816.
Memory consumption went from 144.0 MB to 143.2 MB.
Total: 6.052125 ms (FindLiveObjects: 0.071750 ms CreateObjectMapping: 0.026084 ms MarkObjects: 5.560250 ms  DeleteObjects: 0.393584 ms)


-------------------------------------------------------------------------------
Bundle Name: account-rewards-config-bundles
Compressed Size:1.5 kb
Uncompressed usage by category (Percentages based on user generated assets only):
Textures               0.0 kb	 0.0% 
Meshes                 0.0 kb	 0.0% 
Animations             0.0 kb	 0.0% 
Sounds                 0.0 kb	 0.0% 
Shaders                0.0 kb	 0.0% 
Other Assets           0.2 kb	 4.4% 
Levels                 0.0 kb	 0.0% 
File headers           3.9 kb	 95.6% 
Total User Assets      4.1 kb	 100.0% 
Complete build size    4.1 kb
Used Assets and files from the Resources folder, sorted by uncompressed size:
 0.1 kb	 2.5% AssetBundle Object
 0.1 kb	 2.0% Built-in AssetBundleManifest: AssetBundleManifest
-------------------------------------------------------------------------------
2026-10-03 23:07:01.450 Unity[59662:52460863] NSEventModifierFlagFunction specified to -setKeyEquivalentModifierMask: for item <NSMenuItem: 0x7a75b4a00 SDF, ke='Command-F12'>, but is only supported for system-provided menu items; will not be used

***Player size statistics***
Total compressed size 1.5 KB. Total uncompressed size 4.1 KB.
Unloading 82 Unused Serialized files (Serialized files now loaded: 0)
Unloading 497 unused Assets / (31.5 KB). Loaded Objects now: 3462.
Memory consumption went from 153.6 MB to 153.5 MB.
Total: 5.567667 ms (FindLiveObjects: 0.119042 ms CreateObjectMapping: 0.037042 ms MarkObjects: 5.233625 ms  DeleteObjects: 0.177667 ms)


-------------------------------------------------------------------------------
Bundle Name: task-box-effect-native-bundle
Compressed Size:1.5 kb
Uncompressed usage by category (Percentages based on user generated assets only):
Textures               0.0 kb	 0.0% 
Meshes                 0.0 kb	 0.0% 
Animations             0.0 kb	 0.0% 
Sounds                 0.0 kb	 0.0% 
Shaders                0.0 kb	 0.0% 
Other Assets           0.2 kb	 4.4% 
Levels                 0.0 kb	 0.0% 
File headers           3.9 kb	 95.6% 
Total User Assets      4.1 kb	 100.0% 
Complete build size    4.1 kb
Used Assets and files from the Resources folder, sorted by uncompressed size:
 0.1 kb	 2.5% AssetBundle Object
 0.1 kb	 2.0% Built-in AssetBundleManifest: AssetBundleManifest
-------------------------------------------------------------------------------
2026-10-03 23:07:01.486 Unity[59662:52460863] NSEventModifierFlagFunction specified to -setKeyEquivalentModifierMask: for item <NSMenuItem: 0x7a773eb20 SDF, ke='Command-F12'>, but is only supported for system-provided menu items; will not be used

***Player size statistics***
Total compressed size 1.5 KB. Total uncompressed size 4.1 KB.
Unloading 4 Unused Serialized files (Serialized files now loaded: 0)
Unloading 435 unused Assets / (1.3 MB). Loaded Objects now: 1816.
Memory consumption went from 144.1 MB to 142.8 MB.
Total: 5.989166 ms (FindLiveObjects: 0.053417 ms CreateObjectMapping: 0.021875 ms MarkObjects: 5.450333 ms  DeleteObjects: 0.463250 ms)


-------------------------------------------------------------------------------
Bundle Name: account-rewards-config-bundles
Compressed Size:1.5 kb
Uncompressed usage by category (Percentages based on user generated assets only):
Textures               0.0 kb	 0.0% 
Meshes                 0.0 kb	 0.0% 
Animations             0.0 kb	 0.0% 
Sounds                 0.0 kb	 0.0% 
Shaders                0.0 kb	 0.0% 
Other Assets           0.2 kb	 4.4% 
Levels                 0.0 kb	 0.0% 
File headers           3.9 kb	 95.6% 
Total User Assets      4.1 kb	 100.0% 
Complete build size    4.1 kb
Used Assets and files from the Resources folder, sorted by uncompressed size:
 0.1 kb	 2.5% AssetBundle Object
 0.1 kb	 2.0% Built-in AssetBundleManifest: AssetBundleManifest
-------------------------------------------------------------------------------
Assertion failed on expression: 'ShouldRunBehaviour()'
UnityEngine.Debug:ExtractStackTraceNoAlloc (byte*,int,string)
UnityEngine.StackTraceUtility:ExtractStackTrace () (at /Users/bokken/build/output/unity/unity/Runtime/Export/Scripting/StackTrace.cs:35)
UnityEngine.Component:SendMessage (string,object,UnityEngine.SendMessageOptions)
UnityEngine.Component:SendMessage (string) (at /Users/bokken/build/output/unity/unity/Runtime/Export/Scripting/Component.bindings.cs:248)
AreaBattle.EditorTools.OutgameRedDotValidation/<>c:<Run>b__3_5 () (at Assets/AreaBattle/Editor/OutgameRedDotValidation.cs:69)
AreaBattle.EditorTools.OutgameRedDotValidation/<>c__DisplayClass3_0:<Run>b__0 (string,System.Action) (at Assets/AreaBattle/Editor/OutgameRedDotValidation.cs:34)
AreaBattle.EditorTools.OutgameRedDotValidation:Run () (at Assets/AreaBattle/Editor/OutgameRedDotValidation.cs:68)
System.Reflection.RuntimeMethodInfo:Invoke (object,System.Reflection.BindingFlags,System.Reflection.Binder,object[],System.Globalization.CultureInfo)
System.Reflection.MethodBase:Invoke (object,object[])
AreaBattle.EditorTools.BattleBuild:ValidateIntegrated () (at Assets/AreaBattle/Editor/BattleBuild.cs:32)
AreaBattle.EditorTools.BattleBuild:ValidateMechanicsOnly () (at Assets/AreaBattle/Editor/BattleBuild.cs:18)

[Assets/AreaBattle/Editor/OutgameRedDotValidation.cs line 69]

Assertion failed on expression: 'ShouldRunBehaviour()'
UnityEngine.Debug:ExtractStackTraceNoAlloc (byte*,int,string)
UnityEngine.StackTraceUtility:ExtractStackTrace () (at /Users/bokken/build/output/unity/unity/Runtime/Export/Scripting/StackTrace.cs:35)
UnityEngine.Component:SendMessage (string,object,UnityEngine.SendMessageOptions)
UnityEngine.Component:SendMessage (string) (at /Users/bokken/build/output/unity/unity/Runtime/Export/Scripting/Component.bindings.cs:248)
AreaBattle.EditorTools.OutgameRedDotValidation/<>c:<Run>b__3_5 () (at Assets/AreaBattle/Editor/OutgameRedDotValidation.cs:70)
AreaBattle.EditorTools.OutgameRedDotValidation/<>c__DisplayClass3_0:<Run>b__0 (string,System.Action) (at Assets/AreaBattle/Editor/OutgameRedDotValidation.cs:34)
AreaBattle.EditorTools.OutgameRedDotValidation:Run () (at Assets/AreaBattle/Editor/OutgameRedDotValidation.cs:68)
System.Reflection.RuntimeMethodInfo:Invoke (object,System.Reflection.BindingFlags,System.Reflection.Binder,object[],System.Globalization.CultureInfo)
System.Reflection.MethodBase:Invoke (object,object[])
AreaBattle.EditorTools.BattleBuild:ValidateIntegrated () (at Assets/AreaBattle/Editor/BattleBuild.cs:32)
AreaBattle.EditorTools.BattleBuild:ValidateMechanicsOnly () (at Assets/AreaBattle/Editor/BattleBuild.cs:18)

[Assets/AreaBattle/Editor/OutgameRedDotValidation.cs line 70]

Assertion failed on expression: 'ShouldRunBehaviour()'
UnityEngine.Debug:ExtractStackTraceNoAlloc (byte*,int,string)
UnityEngine.StackTraceUtility:ExtractStackTrace () (at /Users/bokken/build/output/unity/unity/Runtime/Export/Scripting/StackTrace.cs:35)
UnityEngine.Component:SendMessage (string,object,UnityEngine.SendMessageOptions)
UnityEngine.Component:SendMessage (string) (at /Users/bokken/build/output/unity/unity/Runtime/Export/Scripting/Component.bindings.cs:248)
AreaBattle.EditorTools.OutgameRedDotValidation/<>c:<Run>b__3_5 () (at Assets/AreaBattle/Editor/OutgameRedDotValidation.cs:70)
AreaBattle.EditorTools.OutgameRedDotValidation/<>c__DisplayClass3_0:<Run>b__0 (string,System.Action) (at Assets/AreaBattle/Editor/OutgameRedDotValidation.cs:34)
AreaBattle.EditorTools.OutgameRedDotValidation:Run () (at Assets/AreaBattle/Editor/OutgameRedDotValidation.cs:68)
System.Reflection.RuntimeMethodInfo:Invoke (object,System.Reflection.BindingFlags,System.Reflection.Binder,object[],System.Globalization.CultureInfo)
System.Reflection.MethodBase:Invoke (object,object[])
AreaBattle.EditorTools.BattleBuild:ValidateIntegrated () (at Assets/AreaBattle/Editor/BattleBuild.cs:32)
AreaBattle.EditorTools.BattleBuild:ValidateMechanicsOnly () (at Assets/AreaBattle/Editor/BattleBuild.cs:18)

[Assets/AreaBattle/Editor/OutgameRedDotValidation.cs line 70]

Assertion failed on expression: 'ShouldRunBehaviour()'
UnityEngine.Debug:ExtractStackTraceNoAlloc (byte*,int,string)
UnityEngine.StackTraceUtility:ExtractStackTrace () (at /Users/bokken/build/output/unity/unity/Runtime/Export/Scripting/StackTrace.cs:35)
UnityEngine.Component:SendMessage (string,object,UnityEngine.SendMessageOptions)
UnityEngine.Component:SendMessage (string) (at /Users/bokken/build/output/unity/unity/Runtime/Export/Scripting/Component.bindings.cs:248)
AreaBattle.EditorTools.OutgameRedDotValidation/<>c:<Run>b__3_8 () (at Assets/AreaBattle/Editor/OutgameRedDotValidation.cs:91)
AreaBattle.EditorTools.OutgameRedDotValidation/<>c__DisplayClass3_0:<Run>b__0 (string,System.Action) (at Assets/AreaBattle/Editor/OutgameRedDotValidation.cs:34)
AreaBattle.EditorTools.OutgameRedDotValidation:Run () (at Assets/AreaBattle/Editor/OutgameRedDotValidation.cs:85)
System.Reflection.RuntimeMethodInfo:Invoke (object,System.Reflection.BindingFlags,System.Reflection.Binder,object[],System.Globalization.CultureInfo)
System.Reflection.MethodBase:Invoke (object,object[])
AreaBattle.EditorTools.BattleBuild:ValidateIntegrated () (at Assets/AreaBattle/Editor/BattleBuild.cs:32)
AreaBattle.EditorTools.BattleBuild:ValidateMechanicsOnly () (at Assets/AreaBattle/Editor/BattleBuild.cs:18)

[Assets/AreaBattle/Editor/OutgameRedDotValidation.cs line 91]

Assertion failed on expression: 'ShouldRunBehaviour()'
UnityEngine.Debug:ExtractStackTraceNoAlloc (byte*,int,string)
UnityEngine.StackTraceUtility:ExtractStackTrace () (at /Users/bokken/build/output/unity/unity/Runtime/Export/Scripting/StackTrace.cs:35)
UnityEngine.Component:SendMessage (string,object,UnityEngine.SendMessageOptions)
UnityEngine.Component:SendMessage (string) (at /Users/bokken/build/output/unity/unity/Runtime/Export/Scripting/Component.bindings.cs:248)
AreaBattle.EditorTools.OutgameGuideBookPageValidation/Fixture:<.ctor>b__19_13 (object[]) (at Assets/AreaBattle/Editor/OutgameGuideBookPageValidation.cs:62)
AreaBattle.OutgameMessageDispatcher:SendMessage (string,object[]) (at Assets/AreaBattle/Scripts/OutgameMessageDispatcher.cs:24)
AreaBattle.OutgameUiPage:SetVisible (bool) (at Assets/AreaBattle/Scripts/OutgameUiPage.cs:19)
AreaBattle.OutgameUiObjectInitialization:Init (UnityEngine.GameObject) (at Assets/AreaBattle/Scripts/OutgameUiObjectInitialization.cs:28)
AreaBattle.OutgameUiOpenHost:InitGameObject (UnityEngine.GameObject) (at Assets/AreaBattle/Scripts/OutgameUiOpenHost.cs:24)
AreaBattle.OutgameUiOpenLifecycle:Loaded (UnityEngine.GameObject,object,bool) (at Assets/AreaBattle/Scripts/OutgameUiOpenLifecycle.cs:28)
AreaBattle.OutgameUiOpenLifecycle:LoadedModern (UnityEngine.GameObject) (at Assets/AreaBattle/Scripts/OutgameUiOpenLifecycle.cs:21)
AreaBattle.OutgameUiLoadRequest:<Open>b__9_0 (UnityEngine.GameObject,AreaBattle.OutgameAssetHandle) (at Assets/AreaBattle/Scripts/OutgameUiLoadRequest.cs:22)
AreaBattle.OutgameUiModernLoader/<>c__DisplayClass5_1:<LoadModern>b__1 () (at Assets/AreaBattle/Scripts/OutgameUiModernLoader.cs:23)
AreaBattle.OutgameUiModernLoader/<WaitTwoFrames>d__7:MoveNext () (at Assets/AreaBattle/Scripts/OutgameUiModernLoader.cs:27)
AreaBattle.EditorTools.OutgameGuideBookPageValidation/Fixture:CompleteLoad () (at Assets/AreaBattle/Editor/OutgameGuideBookPageValidation.cs:66)
AreaBattle.EditorTools.OutgameGuideBookPageValidation/<>c:<Run>b__2_1 () (at Assets/AreaBattle/Editor/OutgameGuideBookPageValidation.cs:78)
AreaBattle.EditorTools.OutgameGuideBookPageValidation/<>c__DisplayClass2_0:<Run>b__0 (string,System.Action) (at Assets/AreaBattle/Editor/OutgameGuideBookPageValidation.cs:73)
AreaBattle.EditorTools.OutgameGuideBookPageValidation:Run () (at Assets/AreaBattle/Editor/OutgameGuideBookPageValidation.cs:74)
System.Reflection.RuntimeMethodInfo:Invoke (object,System.Reflection.BindingFlags,System.Reflection.Binder,object[],System.Globalization.CultureInfo)
System.Reflection.MethodBase:Invoke (object,object[])
AreaBattle.EditorTools.BattleBuild:ValidateIntegrated () (at Assets/AreaBattle/Editor/BattleBuild.cs:32)
AreaBattle.EditorTools.BattleBuild:ValidateMechanicsOnly () (at Assets/AreaBattle/Editor/BattleBuild.cs:18)

[Assets/AreaBattle/Scripts/OutgameUiModernLoader.cs line 23]

Assertion failed on expression: 'ShouldRunBehaviour()'
UnityEngine.Debug:ExtractStackTraceNoAlloc (byte*,int,string)
UnityEngine.StackTraceUtility:ExtractStackTrace () (at /Users/bokken/build/output/unity/unity/Runtime/Export/Scripting/StackTrace.cs:35)
UnityEngine.Component:SendMessage (string,object,UnityEngine.SendMessageOptions)
UnityEngine.Component:SendMessage (string) (at /Users/bokken/build/output/unity/unity/Runtime/Export/Scripting/Component.bindings.cs:248)
AreaBattle.EditorTools.OutgameGuideBookPageValidation/Fixture:<.ctor>b__19_13 (object[]) (at Assets/AreaBattle/Editor/OutgameGuideBookPageValidation.cs:62)
AreaBattle.OutgameMessageDispatcher:SendMessage (string,object[]) (at Assets/AreaBattle/Scripts/OutgameMessageDispatcher.cs:24)
AreaBattle.OutgameUiPage:SetVisible (bool) (at Assets/AreaBattle/Scripts/OutgameUiPage.cs:19)
AreaBattle.OutgameUiObjectInitialization:Init (UnityEngine.GameObject) (at Assets/AreaBattle/Scripts/OutgameUiObjectInitialization.cs:28)
AreaBattle.OutgameUiOpenHost:InitGameObject (UnityEngine.GameObject) (at Assets/AreaBattle/Scripts/OutgameUiOpenHost.cs:24)
AreaBattle.OutgameUiOpenLifecycle:Loaded (UnityEngine.GameObject,object,bool) (at Assets/AreaBattle/Scripts/OutgameUiOpenLifecycle.cs:28)
AreaBattle.OutgameUiOpenLifecycle:LoadedModern (UnityEngine.GameObject) (at Assets/AreaBattle/Scripts/OutgameUiOpenLifecycle.cs:21)
AreaBattle.OutgameUiLoadRequest:<Open>b__9_0 (UnityEngine.GameObject,AreaBattle.OutgameAssetHandle) (at Assets/AreaBattle/Scripts/OutgameUiLoadRequest.cs:22)
AreaBattle.OutgameUiModernLoader/<>c__DisplayClass5_1:<LoadModern>b__1 () (at Assets/AreaBattle/Scripts/OutgameUiModernLoader.cs:23)
AreaBattle.OutgameUiModernLoader/<WaitTwoFrames>d__7:MoveNext () (at Assets/AreaBattle/Scripts/OutgameUiModernLoader.cs:27)
AreaBattle.EditorTools.OutgameGuideBookPageValidation/Fixture:CompleteLoad () (at Assets/AreaBattle/Editor/OutgameGuideBookPageValidation.cs:66)
AreaBattle.EditorTools.OutgameGuideBookPageValidation/<>c:<Run>b__2_1 () (at Assets/AreaBattle/Editor/OutgameGuideBookPageValidation.cs:78)
AreaBattle.EditorTools.OutgameGuideBookPageValidation/<>c__DisplayClass2_0:<Run>b__0 (string,System.Action) (at Assets/AreaBattle/Editor/OutgameGuideBookPageValidation.cs:73)
AreaBattle.EditorTools.OutgameGuideBookPageValidation:Run () (at Assets/AreaBattle/Editor/OutgameGuideBookPageValidation.cs:74)
System.Reflection.RuntimeMethodInfo:Invoke (object,System.Reflection.BindingFlags,System.Reflection.Binder,object[],System.Globalization.CultureInfo)
System.Reflection.MethodBase:Invoke (object,object[])
AreaBattle.EditorTools.BattleBuild:ValidateIntegrated () (at Assets/AreaBattle/Editor/BattleBuild.cs:32)
AreaBattle.EditorTools.BattleBuild:ValidateMechanicsOnly () (at Assets/AreaBattle/Editor/BattleBuild.cs:18)

[Assets/AreaBattle/Scripts/OutgameUiModernLoader.cs line 23]

Assertion failed on expression: 'ShouldRunBehaviour()'
UnityEngine.Debug:ExtractStackTraceNoAlloc (byte*,int,string)
UnityEngine.StackTraceUtility:ExtractStackTrace () (at /Users/bokken/build/output/unity/unity/Runtime/Export/Scripting/StackTrace.cs:35)
UnityEngine.Component:SendMessage (string,object,UnityEngine.SendMessageOptions)
UnityEngine.Component:SendMessage (string) (at /Users/bokken/build/output/unity/unity/Runtime/Export/Scripting/Component.bindings.cs:248)
AreaBattle.EditorTools.OutgameGuideBookPageValidation/Fixture:<.ctor>b__19_13 (object[]) (at Assets/AreaBattle/Editor/OutgameGuideBookPageValidation.cs:62)
AreaBattle.OutgameMessageDispatcher:SendMessage (string,object[]) (at Assets/AreaBattle/Scripts/OutgameMessageDispatcher.cs:24)
AreaBattle.OutgameUiPage:SetVisible (bool) (at Assets/AreaBattle/Scripts/OutgameUiPage.cs:19)
AreaBattle.OutgameUiObjectInitialization:Init (UnityEngine.GameObject) (at Assets/AreaBattle/Scripts/OutgameUiObjectInitialization.cs:28)
AreaBattle.OutgameUiOpenHost:InitGameObject (UnityEngine.GameObject) (at Assets/AreaBattle/Scripts/OutgameUiOpenHost.cs:24)
AreaBattle.OutgameUiOpenLifecycle:Loaded (UnityEngine.GameObject,object,bool) (at Assets/AreaBattle/Scripts/OutgameUiOpenLifecycle.cs:28)
AreaBattle.OutgameUiOpenLifecycle:LoadedModern (UnityEngine.GameObject) (at Assets/AreaBattle/Scripts/OutgameUiOpenLifecycle.cs:21)
AreaBattle.OutgameUiLoadRequest:<Open>b__9_0 (UnityEngine.GameObject,AreaBattle.OutgameAssetHandle) (at Assets/AreaBattle/Scripts/OutgameUiLoadRequest.cs:22)
AreaBattle.OutgameUiModernLoader/<>c__DisplayClass5_1:<LoadModern>b__1 () (at Assets/AreaBattle/Scripts/OutgameUiModernLoader.cs:23)
AreaBattle.OutgameUiModernLoader/<WaitTwoFrames>d__7:MoveNext () (at Assets/AreaBattle/Scripts/OutgameUiModernLoader.cs:27)
AreaBattle.EditorTools.OutgameGuideBookPageValidation/Fixture:CompleteLoad () (at Assets/AreaBattle/Editor/OutgameGuideBookPageValidation.cs:66)
AreaBattle.EditorTools.OutgameGuideBookPageValidation/<>c:<Run>b__2_1 () (at Assets/AreaBattle/Editor/OutgameGuideBookPageValidation.cs:78)
AreaBattle.EditorTools.OutgameGuideBookPageValidation/<>c__DisplayClass2_0:<Run>b__0 (string,System.Action) (at Assets/AreaBattle/Editor/OutgameGuideBookPageValidation.cs:73)
AreaBattle.EditorTools.OutgameGuideBookPageValidation:Run () (at Assets/AreaBattle/Editor/OutgameGuideBookPageValidation.cs:74)
System.Reflection.RuntimeMethodInfo:Invoke (object,System.Reflection.BindingFlags,System.Reflection.Binder,object[],System.Globalization.CultureInfo)
System.Reflection.MethodBase:Invoke (object,object[])
AreaBattle.EditorTools.BattleBuild:ValidateIntegrated () (at Assets/AreaBattle/Editor/BattleBuild.cs:32)
AreaBattle.EditorTools.BattleBuild:ValidateMechanicsOnly () (at Assets/AreaBattle/Editor/BattleBuild.cs:18)

[Assets/AreaBattle/Scripts/OutgameUiModernLoader.cs line 23]

Assertion failed on expression: 'ShouldRunBehaviour()'
UnityEngine.Debug:ExtractStackTraceNoAlloc (byte*,int,string)
UnityEngine.StackTraceUtility:ExtractStackTrace () (at /Users/bokken/build/output/unity/unity/Runtime/Export/Scripting/StackTrace.cs:35)
UnityEngine.Component:SendMessage (string,object,UnityEngine.SendMessageOptions)
UnityEngine.Component:SendMessage (string) (at /Users/bokken/build/output/unity/unity/Runtime/Export/Scripting/Component.bindings.cs:248)
AreaBattle.EditorTools.OutgameGuideBookPageValidation/Fixture:<.ctor>b__19_13 (object[]) (at Assets/AreaBattle/Editor/OutgameGuideBookPageValidation.cs:62)
AreaBattle.OutgameMessageDispatcher:SendMessage (string,object[]) (at Assets/AreaBattle/Scripts/OutgameMessageDispatcher.cs:24)
AreaBattle.OutgameUiPage:SetVisible (bool) (at Assets/AreaBattle/Scripts/OutgameUiPage.cs:19)
AreaBattle.OutgameUiObjectInitialization:Init (UnityEngine.GameObject) (at Assets/AreaBattle/Scripts/OutgameUiObjectInitialization.cs:28)
AreaBattle.OutgameUiOpenHost:InitGameObject (UnityEngine.GameObject) (at Assets/AreaBattle/Scripts/OutgameUiOpenHost.cs:24)
AreaBattle.OutgameUiOpenLifecycle:Loaded (UnityEngine.GameObject,object,bool) (at Assets/AreaBattle/Scripts/OutgameUiOpenLifecycle.cs:28)
AreaBattle.OutgameUiOpenLifecycle:LoadedModern (UnityEngine.GameObject) (at Assets/AreaBattle/Scripts/OutgameUiOpenLifecycle.cs:21)
AreaBattle.OutgameUiLoadRequest:<Open>b__9_0 (UnityEngine.GameObject,AreaBattle.OutgameAssetHandle) (at Assets/AreaBattle/Scripts/OutgameUiLoadRequest.cs:22)
AreaBattle.OutgameUiModernLoader/<>c__DisplayClass5_1:<LoadModern>b__1 () (at Assets/AreaBattle/Scripts/OutgameUiModernLoader.cs:23)
AreaBattle.OutgameUiModernLoader/<WaitTwoFrames>d__7:MoveNext () (at Assets/AreaBattle/Scripts/OutgameUiModernLoader.cs:27)
AreaBattle.EditorTools.OutgameGuideBookPageValidation/Fixture:CompleteLoad () (at Assets/AreaBattle/Editor/OutgameGuideBookPageValidation.cs:66)
AreaBattle.EditorTools.OutgameGuideBookPageValidation/<>c:<Run>b__2_2 () (at Assets/AreaBattle/Editor/OutgameGuideBookPageValidation.cs:87)
AreaBattle.EditorTools.OutgameGuideBookPageValidation/<>c__DisplayClass2_0:<Run>b__0 (string,System.Action) (at Assets/AreaBattle/Editor/OutgameGuideBookPageValidation.cs:73)
AreaBattle.EditorTools.OutgameGuideBookPageValidation:Run () (at Assets/AreaBattle/Editor/OutgameGuideBookPageValidation.cs:85)
System.Reflection.RuntimeMethodInfo:Invoke (object,System.Reflection.BindingFlags,System.Reflection.Binder,object[],System.Globalization.CultureInfo)
System.Reflection.MethodBase:Invoke (object,object[])
AreaBattle.EditorTools.BattleBuild:ValidateIntegrated () (at Assets/AreaBattle/Editor/BattleBuild.cs:32)
AreaBattle.EditorTools.BattleBuild:ValidateMechanicsOnly () (at Assets/AreaBattle/Editor/BattleBuild.cs:18)

[Assets/AreaBattle/Scripts/OutgameUiModernLoader.cs line 23]

Assertion failed on expression: 'ShouldRunBehaviour()'
UnityEngine.Debug:ExtractStackTraceNoAlloc (byte*,int,string)
UnityEngine.StackTraceUtility:ExtractStackTrace () (at /Users/bokken/build/output/unity/unity/Runtime/Export/Scripting/StackTrace.cs:35)
UnityEngine.Component:SendMessage (string,object,UnityEngine.SendMessageOptions)
UnityEngine.Component:SendMessage (string) (at /Users/bokken/build/output/unity/unity/Runtime/Export/Scripting/Component.bindings.cs:248)
AreaBattle.EditorTools.OutgameGuideBookPageValidation/Fixture:<.ctor>b__19_13 (object[]) (at Assets/AreaBattle/Editor/OutgameGuideBookPageValidation.cs:62)
AreaBattle.OutgameMessageDispatcher:SendMessage (string,object[]) (at Assets/AreaBattle/Scripts/OutgameMessageDispatcher.cs:24)
AreaBattle.OutgameUiPage:SetVisible (bool) (at Assets/AreaBattle/Scripts/OutgameUiPage.cs:19)
AreaBattle.OutgameUiObjectInitialization:Init (UnityEngine.GameObject) (at Assets/AreaBattle/Scripts/OutgameUiObjectInitialization.cs:28)
AreaBattle.OutgameUiOpenHost:InitGameObject (UnityEngine.GameObject) (at Assets/AreaBattle/Scripts/OutgameUiOpenHost.cs:24)
AreaBattle.OutgameUiOpenLifecycle:Loaded (UnityEngine.GameObject,object,bool) (at Assets/AreaBattle/Scripts/OutgameUiOpenLifecycle.cs:28)
AreaBattle.OutgameUiOpenLifecycle:LoadedModern (UnityEngine.GameObject) (at Assets/AreaBattle/Scripts/OutgameUiOpenLifecycle.cs:21)
AreaBattle.OutgameUiLoadRequest:<Open>b__9_0 (UnityEngine.GameObject,AreaBattle.OutgameAssetHandle) (at Assets/AreaBattle/Scripts/OutgameUiLoadRequest.cs:22)
AreaBattle.OutgameUiModernLoader/<>c__DisplayClass5_1:<LoadModern>b__1 () (at Assets/AreaBattle/Scripts/OutgameUiModernLoader.cs:23)
AreaBattle.OutgameUiModernLoader/<WaitTwoFrames>d__7:MoveNext () (at Assets/AreaBattle/Scripts/OutgameUiModernLoader.cs:27)
AreaBattle.EditorTools.OutgameGuideBookPageValidation/Fixture:CompleteLoad () (at Assets/AreaBattle/Editor/OutgameGuideBookPageValidation.cs:66)
AreaBattle.EditorTools.OutgameGuideBookPageValidation/<>c:<Run>b__2_2 () (at Assets/AreaBattle/Editor/OutgameGuideBookPageValidation.cs:87)
AreaBattle.EditorTools.OutgameGuideBookPageValidation/<>c__DisplayClass2_0:<Run>b__0 (string,System.Action) (at Assets/AreaBattle/Editor/OutgameGuideBookPageValidation.cs:73)
AreaBattle.EditorTools.OutgameGuideBookPageValidation:Run () (at Assets/AreaBattle/Editor/OutgameGuideBookPageValidation.cs:85)
System.Reflection.RuntimeMethodInfo:Invoke (object,System.Reflection.BindingFlags,System.Reflection.Binder,object[],System.Globalization.CultureInfo)
System.Reflection.MethodBase:Invoke (object,object[])
AreaBattle.EditorTools.BattleBuild:ValidateIntegrated () (at Assets/AreaBattle/Editor/BattleBuild.cs:32)
AreaBattle.EditorTools.BattleBuild:ValidateMechanicsOnly () (at Assets/AreaBattle/Editor/BattleBuild.cs:18)

[Assets/AreaBattle/Scripts/OutgameUiModernLoader.cs line 23]

Assertion failed on expression: 'ShouldRunBehaviour()'
UnityEngine.Debug:ExtractStackTraceNoAlloc (byte*,int,string)
UnityEngine.StackTraceUtility:ExtractStackTrace () (at /Users/bokken/build/output/unity/unity/Runtime/Export/Scripting/StackTrace.cs:35)
UnityEngine.Component:SendMessage (string,object,UnityEngine.SendMessageOptions)
UnityEngine.Component:SendMessage (string) (at /Users/bokken/build/output/unity/unity/Runtime/Export/Scripting/Component.bindings.cs:248)
AreaBattle.EditorTools.OutgameGuideBookPageValidation/Fixture:<.ctor>b__19_13 (object[]) (at Assets/AreaBattle/Editor/OutgameGuideBookPageValidation.cs:62)
AreaBattle.OutgameMessageDispatcher:SendMessage (string,object[]) (at Assets/AreaBattle/Scripts/OutgameMessageDispatcher.cs:24)
AreaBattle.OutgameUiPage:SetVisible (bool) (at Assets/AreaBattle/Scripts/OutgameUiPage.cs:19)
AreaBattle.OutgameUiObjectInitialization:Init (UnityEngine.GameObject) (at Assets/AreaBattle/Scripts/OutgameUiObjectInitialization.cs:28)
AreaBattle.OutgameUiOpenHost:InitGameObject (UnityEngine.GameObject) (at Assets/AreaBattle/Scripts/OutgameUiOpenHost.cs:24)
AreaBattle.OutgameUiOpenLifecycle:Loaded (UnityEngine.GameObject,object,bool) (at Assets/AreaBattle/Scripts/OutgameUiOpenLifecycle.cs:28)
AreaBattle.OutgameUiOpenLifecycle:LoadedModern (UnityEngine.GameObject) (at Assets/AreaBattle/Scripts/OutgameUiOpenLifecycle.cs:21)
AreaBattle.OutgameUiLoadRequest:<Open>b__9_0 (UnityEngine.GameObject,AreaBattle.OutgameAssetHandle) (at Assets/AreaBattle/Scripts/OutgameUiLoadRequest.cs:22)
AreaBattle.OutgameUiModernLoader/<>c__DisplayClass5_1:<LoadModern>b__1 () (at Assets/AreaBattle/Scripts/OutgameUiModernLoader.cs:23)
AreaBattle.OutgameUiModernLoader/<WaitTwoFrames>d__7:MoveNext () (at Assets/AreaBattle/Scripts/OutgameUiModernLoader.cs:27)
AreaBattle.EditorTools.OutgameGuideBookPageValidation/Fixture:CompleteLoad () (at Assets/AreaBattle/Editor/OutgameGuideBookPageValidation.cs:66)
AreaBattle.EditorTools.OutgameGuideBookPageValidation/<>c:<Run>b__2_2 () (at Assets/AreaBattle/Editor/OutgameGuideBookPageValidation.cs:87)
AreaBattle.EditorTools.OutgameGuideBookPageValidation/<>c__DisplayClass2_0:<Run>b__0 (string,System.Action) (at Assets/AreaBattle/Editor/OutgameGuideBookPageValidation.cs:73)
AreaBattle.EditorTools.OutgameGuideBookPageValidation:Run () (at Assets/AreaBattle/Editor/OutgameGuideBookPageValidation.cs:85)
System.Reflection.RuntimeMethodInfo:Invoke (object,System.Reflection.BindingFlags,System.Reflection.Binder,object[],System.Globalization.CultureInfo)
System.Reflection.MethodBase:Invoke (object,object[])
AreaBattle.EditorTools.BattleBuild:ValidateIntegrated () (at Assets/AreaBattle/Editor/BattleBuild.cs:32)
AreaBattle.EditorTools.BattleBuild:ValidateMechanicsOnly () (at Assets/AreaBattle/Editor/BattleBuild.cs:18)

[Assets/AreaBattle/Scripts/OutgameUiModernLoader.cs line 23]

Assertion failed on expression: 'ShouldRunBehaviour()'
UnityEngine.Debug:ExtractStackTraceNoAlloc (byte*,int,string)
UnityEngine.StackTraceUtility:ExtractStackTrace () (at /Users/bokken/build/output/unity/unity/Runtime/Export/Scripting/StackTrace.cs:35)
UnityEngine.Component:SendMessage (string,object,UnityEngine.SendMessageOptions)
UnityEngine.Component:SendMessage (string) (at /Users/bokken/build/output/unity/unity/Runtime/Export/Scripting/Component.bindings.cs:248)
AreaBattle.EditorTools.OutgameGuideBookPageValidation/Fixture:<.ctor>b__19_13 (object[]) (at Assets/AreaBattle/Editor/OutgameGuideBookPageValidation.cs:62)
AreaBattle.OutgameMessageDispatcher:SendMessage (string,object[]) (at Assets/AreaBattle/Scripts/OutgameMessageDispatcher.cs:24)
AreaBattle.OutgameUiPage:SetVisible (bool) (at Assets/AreaBattle/Scripts/OutgameUiPage.cs:19)
AreaBattle.OutgameUiObjectInitialization:Init (UnityEngine.GameObject) (at Assets/AreaBattle/Scripts/OutgameUiObjectInitialization.cs:28)
AreaBattle.OutgameUiOpenHost:InitGameObject (UnityEngine.GameObject) (at Assets/AreaBattle/Scripts/OutgameUiOpenHost.cs:24)
AreaBattle.OutgameUiOpenLifecycle:Loaded (UnityEngine.GameObject,object,bool) (at Assets/AreaBattle/Scripts/OutgameUiOpenLifecycle.cs:28)
AreaBattle.OutgameUiOpenLifecycle:LoadedModern (UnityEngine.GameObject) (at Assets/AreaBattle/Scripts/OutgameUiOpenLifecycle.cs:21)
AreaBattle.OutgameUiLoadRequest:<Open>b__9_0 (UnityEngine.GameObject,AreaBattle.OutgameAssetHandle) (at Assets/AreaBattle/Scripts/OutgameUiLoadRequest.cs:22)
AreaBattle.OutgameUiModernLoader/<>c__DisplayClass5_1:<LoadModern>b__1 () (at Assets/AreaBattle/Scripts/OutgameUiModernLoader.cs:23)
AreaBattle.OutgameUiModernLoader/<WaitTwoFrames>d__7:MoveNext () (at Assets/AreaBattle/Scripts/OutgameUiModernLoader.cs:27)
AreaBattle.EditorTools.OutgameGuideBookPageValidation/Fixture:CompleteLoad () (at Assets/AreaBattle/Editor/OutgameGuideBookPageValidation.cs:66)
AreaBattle.EditorTools.OutgameGuideBookPageValidation/<>c:<Run>b__2_3 () (at Assets/AreaBattle/Editor/OutgameGuideBookPageValidation.cs:96)
AreaBattle.EditorTools.OutgameGuideBookPageValidation/<>c__DisplayClass2_0:<Run>b__0 (string,System.Action) (at Assets/AreaBattle/Editor/OutgameGuideBookPageValidation.cs:73)
AreaBattle.EditorTools.OutgameGuideBookPageValidation:Run () (at Assets/AreaBattle/Editor/OutgameGuideBookPageValidation.cs:94)
System.Reflection.RuntimeMethodInfo:Invoke (object,System.Reflection.BindingFlags,System.Reflection.Binder,object[],System.Globalization.CultureInfo)
System.Reflection.MethodBase:Invoke (object,object[])
AreaBattle.EditorTools.BattleBuild:ValidateIntegrated () (at Assets/AreaBattle/Editor/BattleBuild.cs:32)
AreaBattle.EditorTools.BattleBuild:ValidateMechanicsOnly () (at Assets/AreaBattle/Editor/BattleBuild.cs:18)

[Assets/AreaBattle/Scripts/OutgameUiModernLoader.cs line 23]

Assertion failed on expression: 'ShouldRunBehaviour()'
UnityEngine.Debug:ExtractStackTraceNoAlloc (byte*,int,string)
UnityEngine.StackTraceUtility:ExtractStackTrace () (at /Users/bokken/build/output/unity/unity/Runtime/Export/Scripting/StackTrace.cs:35)
UnityEngine.Component:SendMessage (string,object,UnityEngine.SendMessageOptions)
UnityEngine.Component:SendMessage (string) (at /Users/bokken/build/output/unity/unity/Runtime/Export/Scripting/Component.bindings.cs:248)
AreaBattle.EditorTools.OutgameGuideBookPageValidation/Fixture:<.ctor>b__19_13 (object[]) (at Assets/AreaBattle/Editor/OutgameGuideBookPageValidation.cs:62)
AreaBattle.OutgameMessageDispatcher:SendMessage (string,object[]) (at Assets/AreaBattle/Scripts/OutgameMessageDispatcher.cs:24)
AreaBattle.OutgameUiPage:SetVisible (bool) (at Assets/AreaBattle/Scripts/OutgameUiPage.cs:19)
AreaBattle.OutgameUiObjectInitialization:Init (UnityEngine.GameObject) (at Assets/AreaBattle/Scripts/OutgameUiObjectInitialization.cs:28)
AreaBattle.OutgameUiOpenHost:InitGameObject (UnityEngine.GameObject) (at Assets/AreaBattle/Scripts/OutgameUiOpenHost.cs:24)
AreaBattle.OutgameUiOpenLifecycle:Loaded (UnityEngine.GameObject,object,bool) (at Assets/AreaBattle/Scripts/OutgameUiOpenLifecycle.cs:28)
AreaBattle.OutgameUiOpenLifecycle:LoadedModern (UnityEngine.GameObject) (at Assets/AreaBattle/Scripts/OutgameUiOpenLifecycle.cs:21)
AreaBattle.OutgameUiLoadRequest:<Open>b__9_0 (UnityEngine.GameObject,AreaBattle.OutgameAssetHandle) (at Assets/AreaBattle/Scripts/OutgameUiLoadRequest.cs:22)
AreaBattle.OutgameUiModernLoader/<>c__DisplayClass5_1:<LoadModern>b__1 () (at Assets/AreaBattle/Scripts/OutgameUiModernLoader.cs:23)
AreaBattle.OutgameUiModernLoader/<WaitTwoFrames>d__7:MoveNext () (at Assets/AreaBattle/Scripts/OutgameUiModernLoader.cs:27)
AreaBattle.EditorTools.OutgameGuideBookPageValidation/Fixture:CompleteLoad () (at Assets/AreaBattle/Editor/OutgameGuideBookPageValidation.cs:66)
AreaBattle.EditorTools.OutgameGuideBookPageValidation/<>c:<Run>b__2_3 () (at Assets/AreaBattle/Editor/OutgameGuideBookPageValidation.cs:96)
AreaBattle.EditorTools.OutgameGuideBookPageValidation/<>c__DisplayClass2_0:<Run>b__0 (string,System.Action) (at Assets/AreaBattle/Editor/OutgameGuideBookPageValidation.cs:73)
AreaBattle.EditorTools.OutgameGuideBookPageValidation:Run () (at Assets/AreaBattle/Editor/OutgameGuideBookPageValidation.cs:94)
System.Reflection.RuntimeMethodInfo:Invoke (object,System.Reflection.BindingFlags,System.Reflection.Binder,object[],System.Globalization.CultureInfo)
System.Reflection.MethodBase:Invoke (object,object[])
AreaBattle.EditorTools.BattleBuild:ValidateIntegrated () (at Assets/AreaBattle/Editor/BattleBuild.cs:32)
AreaBattle.EditorTools.BattleBuild:ValidateMechanicsOnly () (at Assets/AreaBattle/Editor/BattleBuild.cs:18)

[Assets/AreaBattle/Scripts/OutgameUiModernLoader.cs line 23]

Assertion failed on expression: 'ShouldRunBehaviour()'
UnityEngine.Debug:ExtractStackTraceNoAlloc (byte*,int,string)
UnityEngine.StackTraceUtility:ExtractStackTrace () (at /Users/bokken/build/output/unity/unity/Runtime/Export/Scripting/StackTrace.cs:35)
UnityEngine.Component:SendMessage (string,object,UnityEngine.SendMessageOptions)
UnityEngine.Component:SendMessage (string) (at /Users/bokken/build/output/unity/unity/Runtime/Export/Scripting/Component.bindings.cs:248)
AreaBattle.EditorTools.OutgameGuideBookPageValidation/Fixture:<.ctor>b__19_13 (object[]) (at Assets/AreaBattle/Editor/OutgameGuideBookPageValidation.cs:62)
AreaBattle.OutgameMessageDispatcher:SendMessage (string,object[]) (at Assets/AreaBattle/Scripts/OutgameMessageDispatcher.cs:24)
AreaBattle.OutgameUiPage:SetVisible (bool) (at Assets/AreaBattle/Scripts/OutgameUiPage.cs:19)
AreaBattle.OutgameUiObjectInitialization:Init (UnityEngine.GameObject) (at Assets/AreaBattle/Scripts/OutgameUiObjectInitialization.cs:28)
AreaBattle.OutgameUiOpenHost:InitGameObject (UnityEngine.GameObject) (at Assets/AreaBattle/Scripts/OutgameUiOpenHost.cs:24)
AreaBattle.OutgameUiOpenLifecycle:Loaded (UnityEngine.GameObject,object,bool) (at Assets/AreaBattle/Scripts/OutgameUiOpenLifecycle.cs:28)
AreaBattle.OutgameUiOpenLifecycle:LoadedModern (UnityEngine.GameObject) (at Assets/AreaBattle/Scripts/OutgameUiOpenLifecycle.cs:21)
AreaBattle.OutgameUiLoadRequest:<Open>b__9_0 (UnityEngine.GameObject,AreaBattle.OutgameAssetHandle) (at Assets/AreaBattle/Scripts/OutgameUiLoadRequest.cs:22)
AreaBattle.OutgameUiModernLoader/<>c__DisplayClass5_1:<LoadModern>b__1 () (at Assets/AreaBattle/Scripts/OutgameUiModernLoader.cs:23)
AreaBattle.OutgameUiModernLoader/<WaitTwoFrames>d__7:MoveNext () (at Assets/AreaBattle/Scripts/OutgameUiModernLoader.cs:27)
AreaBattle.EditorTools.OutgameGuideBookPageValidation/Fixture:CompleteLoad () (at Assets/AreaBattle/Editor/OutgameGuideBookPageValidation.cs:66)
AreaBattle.EditorTools.OutgameGuideBookPageValidation/<>c:<Run>b__2_3 () (at Assets/AreaBattle/Editor/OutgameGuideBookPageValidation.cs:96)
AreaBattle.EditorTools.OutgameGuideBookPageValidation/<>c__DisplayClass2_0:<Run>b__0 (string,System.Action) (at Assets/AreaBattle/Editor/OutgameGuideBookPageValidation.cs:73)
AreaBattle.EditorTools.OutgameGuideBookPageValidation:Run () (at Assets/AreaBattle/Editor/OutgameGuideBookPageValidation.cs:94)
System.Reflection.RuntimeMethodInfo:Invoke (object,System.Reflection.BindingFlags,System.Reflection.Binder,object[],System.Globalization.CultureInfo)
System.Reflection.MethodBase:Invoke (object,object[])
AreaBattle.EditorTools.BattleBuild:ValidateIntegrated () (at Assets/AreaBattle/Editor/BattleBuild.cs:32)
AreaBattle.EditorTools.BattleBuild:ValidateMechanicsOnly () (at Assets/AreaBattle/Editor/BattleBuild.cs:18)

[Assets/AreaBattle/Scripts/OutgameUiModernLoader.cs line 23]

Destroy may not be called from edit mode! Use DestroyImmediate instead.
Destroying an object in edit mode destroys it permanently.
UnityEngine.Debug:ExtractStackTraceNoAlloc (byte*,int,string)
UnityEngine.StackTraceUtility:ExtractStackTrace () (at /Users/bokken/build/output/unity/unity/Runtime/Export/Scripting/StackTrace.cs:35)
UnityEngine.Object:Destroy (UnityEngine.Object,single)
UnityEngine.Object:Destroy (UnityEngine.Object) (at /Users/bokken/build/output/unity/unity/Runtime/Export/Scripting/UnityEngineObject.bindings.cs:672)
AreaBattle.OutgameUiLifetime/<>c:<.ctor>b__26_0 (UnityEngine.GameObject) (at Assets/AreaBattle/Scripts/OutgameUiLifetime.cs:16)
AreaBattle.OutgameUiLifetime:DestroyObject (UnityEngine.GameObject) (at Assets/AreaBattle/Scripts/OutgameUiLifetime.cs:23)
AreaBattle.OutgameTipBookItem:Dispose () (at Assets/AreaBattle/Scripts/OutgameTipBookItem.cs:62)
AreaBattle.OutgameGuideBookBrowseBinding:DisposeItemsAndTabs () (at Assets/AreaBattle/Scripts/OutgameGuideBookBrowseBinding.cs:61)
AreaBattle.OutgameGuideBookPage/<>c__DisplayClass61_0:<.ctor>b__1 () (at Assets/AreaBattle/Scripts/OutgameGuideBookPage.cs:69)
AreaBattle.OutgameGuideBookPage/PageLifetime:Dispose () (at Assets/AreaBattle/Scripts/OutgameGuideBookPage.cs:32)
AreaBattle.OutgameUiLifetime:CloseUINow () (at Assets/AreaBattle/Scripts/OutgameUiLifetime.cs:20)
AreaBattle.OutgameGuideBookPage:CloseUINow () (at Assets/AreaBattle/Scripts/OutgameGuideBookPage.cs:105)
AreaBattle.EditorTools.OutgameGuideBookPageValidation/<>c:<Run>b__2_3 () (at Assets/AreaBattle/Editor/OutgameGuideBookPageValidation.cs:97)
AreaBattle.EditorTools.OutgameGuideBookPageValidation/<>c__DisplayClass2_0:<Run>b__0 (string,System.Action) (at Assets/AreaBattle/Editor/OutgameGuideBookPageValidation.cs:73)
AreaBattle.EditorTools.OutgameGuideBookPageValidation:Run () (at Assets/AreaBattle/Editor/OutgameGuideBookPageValidation.cs:94)
System.Reflection.RuntimeMethodInfo:Invoke (object,System.Reflection.BindingFlags,System.Reflection.Binder,object[],System.Globalization.CultureInfo)
System.Reflection.MethodBase:Invoke (object,object[])
AreaBattle.EditorTools.BattleBuild:ValidateIntegrated () (at Assets/AreaBattle/Editor/BattleBuild.cs:32)
AreaBattle.EditorTools.BattleBuild:ValidateMechanicsOnly () (at Assets/AreaBattle/Editor/BattleBuild.cs:18)

[Assets/AreaBattle/Scripts/OutgameTipBookItem.cs line 62]

Destroy may not be called from edit mode! Use DestroyImmediate instead.
Destroying an object in edit mode destroys it permanently.
UnityEngine.Debug:ExtractStackTraceNoAlloc (byte*,int,string)
UnityEngine.StackTraceUtility:ExtractStackTrace () (at /Users/bokken/build/output/unity/unity/Runtime/Export/Scripting/StackTrace.cs:35)
UnityEngine.Object:Destroy (UnityEngine.Object,single)
UnityEngine.Object:Destroy (UnityEngine.Object) (at /Users/bokken/build/output/unity/unity/Runtime/Export/Scripting/UnityEngineObject.bindings.cs:672)
AreaBattle.OutgameUiLifetime/<>c:<.ctor>b__26_0 (UnityEngine.GameObject) (at Assets/AreaBattle/Scripts/OutgameUiLifetime.cs:16)
AreaBattle.OutgameUiLifetime:DestroyObject (UnityEngine.GameObject) (at Assets/AreaBattle/Scripts/OutgameUiLifetime.cs:23)
AreaBattle.OutgameTipBookItem:Dispose () (at Assets/AreaBattle/Scripts/OutgameTipBookItem.cs:62)
AreaBattle.OutgameGuideBookBrowseBinding:DisposeItemsAndTabs () (at Assets/AreaBattle/Scripts/OutgameGuideBookBrowseBinding.cs:61)
AreaBattle.OutgameGuideBookPage/<>c__DisplayClass61_0:<.ctor>b__1 () (at Assets/AreaBattle/Scripts/OutgameGuideBookPage.cs:69)
AreaBattle.OutgameGuideBookPage/PageLifetime:Dispose () (at Assets/AreaBattle/Scripts/OutgameGuideBookPage.cs:32)
AreaBattle.OutgameUiLifetime:CloseUINow () (at Assets/AreaBattle/Scripts/OutgameUiLifetime.cs:20)
AreaBattle.OutgameGuideBookPage:CloseUINow () (at Assets/AreaBattle/Scripts/OutgameGuideBookPage.cs:105)
AreaBattle.EditorTools.OutgameGuideBookPageValidation/<>c:<Run>b__2_3 () (at Assets/AreaBattle/Editor/OutgameGuideBookPageValidation.cs:97)
AreaBattle.EditorTools.OutgameGuideBookPageValidation/<>c__DisplayClass2_0:<Run>b__0 (string,System.Action) (at Assets/AreaBattle/Editor/OutgameGuideBookPageValidation.cs:73)
AreaBattle.EditorTools.OutgameGuideBookPageValidation:Run () (at Assets/AreaBattle/Editor/OutgameGuideBookPageValidation.cs:94)
System.Reflection.RuntimeMethodInfo:Invoke (object,System.Reflection.BindingFlags,System.Reflection.Binder,object[],System.Globalization.CultureInfo)
System.Reflection.MethodBase:Invoke (object,object[])
AreaBattle.EditorTools.BattleBuild:ValidateIntegrated () (at Assets/AreaBattle/Editor/BattleBuild.cs:32)
AreaBattle.EditorTools.BattleBuild:ValidateMechanicsOnly () (at Assets/AreaBattle/Editor/BattleBuild.cs:18)

[Assets/AreaBattle/Scripts/OutgameTipBookItem.cs line 62]

Destroy may not be called from edit mode! Use DestroyImmediate instead.
Destroying an object in edit mode destroys it permanently.
UnityEngine.Debug:ExtractStackTraceNoAlloc (byte*,int,string)
UnityEngine.StackTraceUtility:ExtractStackTrace () (at /Users/bokken/build/output/unity/unity/Runtime/Export/Scripting/StackTrace.cs:35)
UnityEngine.Object:Destroy (UnityEngine.Object,single)
UnityEngine.Object:Destroy (UnityEngine.Object) (at /Users/bokken/build/output/unity/unity/Runtime/Export/Scripting/UnityEngineObject.bindings.cs:672)
AreaBattle.OutgameUiLifetime/<>c:<.ctor>b__26_0 (UnityEngine.GameObject) (at Assets/AreaBattle/Scripts/OutgameUiLifetime.cs:16)
AreaBattle.OutgameUiLifetime:DestroyObject (UnityEngine.GameObject) (at Assets/AreaBattle/Scripts/OutgameUiLifetime.cs:23)
AreaBattle.OutgameTipBookItem:Dispose () (at Assets/AreaBattle/Scripts/OutgameTipBookItem.cs:62)
AreaBattle.OutgameGuideBookBrowseBinding:DisposeItemsAndTabs () (at Assets/AreaBattle/Scripts/OutgameGuideBookBrowseBinding.cs:61)
AreaBattle.OutgameGuideBookPage/<>c__DisplayClass61_0:<.ctor>b__1 () (at Assets/AreaBattle/Scripts/OutgameGuideBookPage.cs:69)
AreaBattle.OutgameGuideBookPage/PageLifetime:Dispose () (at Assets/AreaBattle/Scripts/OutgameGuideBookPage.cs:32)
AreaBattle.OutgameUiLifetime:CloseUINow () (at Assets/AreaBattle/Scripts/OutgameUiLifetime.cs:20)
AreaBattle.OutgameGuideBookPage:CloseUINow () (at Assets/AreaBattle/Scripts/OutgameGuideBookPage.cs:105)
AreaBattle.EditorTools.OutgameGuideBookPageValidation/<>c:<Run>b__2_3 () (at Assets/AreaBattle/Editor/OutgameGuideBookPageValidation.cs:97)
AreaBattle.EditorTools.OutgameGuideBookPageValidation/<>c__DisplayClass2_0:<Run>b__0 (string,System.Action) (at Assets/AreaBattle/Editor/OutgameGuideBookPageValidation.cs:73)
AreaBattle.EditorTools.OutgameGuideBookPageValidation:Run () (at Assets/AreaBattle/Editor/OutgameGuideBookPageValidation.cs:94)
System.Reflection.RuntimeMethodInfo:Invoke (object,System.Reflection.BindingFlags,System.Reflection.Binder,object[],System.Globalization.CultureInfo)
System.Reflection.MethodBase:Invoke (object,object[])
AreaBattle.EditorTools.BattleBuild:ValidateIntegrated () (at Assets/AreaBattle/Editor/BattleBuild.cs:32)
AreaBattle.EditorTools.BattleBuild:ValidateMechanicsOnly () (at Assets/AreaBattle/Editor/BattleBuild.cs:18)

[Assets/AreaBattle/Scripts/OutgameTipBookItem.cs line 62]

Destroy may not be called from edit mode! Use DestroyImmediate instead.
Destroying an object in edit mode destroys it permanently.
UnityEngine.Debug:ExtractStackTraceNoAlloc (byte*,int,string)
UnityEngine.StackTraceUtility:ExtractStackTrace () (at /Users/bokken/build/output/unity/unity/Runtime/Export/Scripting/StackTrace.cs:35)
UnityEngine.Object:Destroy (UnityEngine.Object,single)
UnityEngine.Object:Destroy (UnityEngine.Object) (at /Users/bokken/build/output/unity/unity/Runtime/Export/Scripting/UnityEngineObject.bindings.cs:672)
AreaBattle.OutgameUiLifetime/<>c:<.ctor>b__26_0 (UnityEngine.GameObject) (at Assets/AreaBattle/Scripts/OutgameUiLifetime.cs:16)
AreaBattle.OutgameUiLifetime:DestroyObject (UnityEngine.GameObject) (at Assets/AreaBattle/Scripts/OutgameUiLifetime.cs:23)
AreaBattle.OutgameTipBookItem:Dispose () (at Assets/AreaBattle/Scripts/OutgameTipBookItem.cs:62)
AreaBattle.OutgameGuideBookBrowseBinding:DisposeItemsAndTabs () (at Assets/AreaBattle/Scripts/OutgameGuideBookBrowseBinding.cs:61)
AreaBattle.OutgameGuideBookPage/<>c__DisplayClass61_0:<.ctor>b__1 () (at Assets/AreaBattle/Scripts/OutgameGuideBookPage.cs:69)
AreaBattle.OutgameGuideBookPage/PageLifetime:Dispose () (at Assets/AreaBattle/Scripts/OutgameGuideBookPage.cs:32)
AreaBattle.OutgameUiLifetime:CloseUINow () (at Assets/AreaBattle/Scripts/OutgameUiLifetime.cs:20)
AreaBattle.OutgameGuideBookPage:CloseUINow () (at Assets/AreaBattle/Scripts/OutgameGuideBookPage.cs:105)
AreaBattle.EditorTools.OutgameGuideBookPageValidation/<>c:<Run>b__2_3 () (at Assets/AreaBattle/Editor/OutgameGuideBookPageValidation.cs:97)
AreaBattle.EditorTools.OutgameGuideBookPageValidation/<>c__DisplayClass2_0:<Run>b__0 (string,System.Action) (at Assets/AreaBattle/Editor/OutgameGuideBookPageValidation.cs:73)
AreaBattle.EditorTools.OutgameGuideBookPageValidation:Run () (at Assets/AreaBattle/Editor/OutgameGuideBookPageValidation.cs:94)
System.Reflection.RuntimeMethodInfo:Invoke (object,System.Reflection.BindingFlags,System.Reflection.Binder,object[],System.Globalization.CultureInfo)
System.Reflection.MethodBase:Invoke (object,object[])
AreaBattle.EditorTools.BattleBuild:ValidateIntegrated () (at Assets/AreaBattle/Editor/BattleBuild.cs:32)
AreaBattle.EditorTools.BattleBuild:ValidateMechanicsOnly () (at Assets/AreaBattle/Editor/BattleBuild.cs:18)

[Assets/AreaBattle/Scripts/OutgameTipBookItem.cs line 62]

Destroy may not be called from edit mode! Use DestroyImmediate instead.
Destroying an object in edit mode destroys it permanently.
UnityEngine.Debug:ExtractStackTraceNoAlloc (byte*,int,string)
UnityEngine.StackTraceUtility:ExtractStackTrace () (at /Users/bokken/build/output/unity/unity/Runtime/Export/Scripting/StackTrace.cs:35)
UnityEngine.Object:Destroy (UnityEngine.Object,single)
UnityEngine.Object:Destroy (UnityEngine.Object) (at /Users/bokken/build/output/unity/unity/Runtime/Export/Scripting/UnityEngineObject.bindings.cs:672)
AreaBattle.OutgameUiLifetime/<>c:<.ctor>b__26_0 (UnityEngine.GameObject) (at Assets/AreaBattle/Scripts/OutgameUiLifetime.cs:16)
AreaBattle.OutgameUiLifetime:DestroyObject (UnityEngine.GameObject) (at Assets/AreaBattle/Scripts/OutgameUiLifetime.cs:23)
AreaBattle.OutgameTipBookItem:Dispose () (at Assets/AreaBattle/Scripts/OutgameTipBookItem.cs:62)
AreaBattle.OutgameGuideBookBrowseBinding:DisposeItemsAndTabs () (at Assets/AreaBattle/Scripts/OutgameGuideBookBrowseBinding.cs:61)
AreaBattle.OutgameGuideBookPage/<>c__DisplayClass61_0:<.ctor>b__1 () (at Assets/AreaBattle/Scripts/OutgameGuideBookPage.cs:69)
AreaBattle.OutgameGuideBookPage/PageLifetime:Dispose () (at Assets/AreaBattle/Scripts/OutgameGuideBookPage.cs:32)
AreaBattle.OutgameUiLifetime:CloseUINow () (at Assets/AreaBattle/Scripts/OutgameUiLifetime.cs:20)
AreaBattle.OutgameGuideBookPage:CloseUINow () (at Assets/AreaBattle/Scripts/OutgameGuideBookPage.cs:105)
AreaBattle.EditorTools.OutgameGuideBookPageValidation/<>c:<Run>b__2_3 () (at Assets/AreaBattle/Editor/OutgameGuideBookPageValidation.cs:97)
AreaBattle.EditorTools.OutgameGuideBookPageValidation/<>c__DisplayClass2_0:<Run>b__0 (string,System.Action) (at Assets/AreaBattle/Editor/OutgameGuideBookPageValidation.cs:73)
AreaBattle.EditorTools.OutgameGuideBookPageValidation:Run () (at Assets/AreaBattle/Editor/OutgameGuideBookPageValidation.cs:94)
System.Reflection.RuntimeMethodInfo:Invoke (object,System.Reflection.BindingFlags,System.Reflection.Binder,object[],System.Globalization.CultureInfo)
System.Reflection.MethodBase:Invoke (object,object[])
AreaBattle.EditorTools.BattleBuild:ValidateIntegrated () (at Assets/AreaBattle/Editor/BattleBuild.cs:32)
AreaBattle.EditorTools.BattleBuild:ValidateMechanicsOnly () (at Assets/AreaBattle/Editor/BattleBuild.cs:18)

[Assets/AreaBattle/Scripts/OutgameTipBookItem.cs line 62]

Destroy may not be called from edit mode! Use DestroyImmediate instead.
Destroying an object in edit mode destroys it permanently.
UnityEngine.Debug:ExtractStackTraceNoAlloc (byte*,int,string)
UnityEngine.StackTraceUtility:ExtractStackTrace () (at /Users/bokken/build/output/unity/unity/Runtime/Export/Scripting/StackTrace.cs:35)
UnityEngine.Object:Destroy (UnityEngine.Object,single)
UnityEngine.Object:Destroy (UnityEngine.Object) (at /Users/bokken/build/output/unity/unity/Runtime/Export/Scripting/UnityEngineObject.bindings.cs:672)
AreaBattle.OutgameUiLifetime/<>c:<.ctor>b__26_0 (UnityEngine.GameObject) (at Assets/AreaBattle/Scripts/OutgameUiLifetime.cs:16)
AreaBattle.OutgameUiLifetime:DestroyObject (UnityEngine.GameObject) (at Assets/AreaBattle/Scripts/OutgameUiLifetime.cs:23)
AreaBattle.OutgameTipBookItem:Dispose () (at Assets/AreaBattle/Scripts/OutgameTipBookItem.cs:62)
AreaBattle.OutgameGuideBookBrowseBinding:DisposeItemsAndTabs () (at Assets/AreaBattle/Scripts/OutgameGuideBookBrowseBinding.cs:61)
AreaBattle.OutgameGuideBookPage/<>c__DisplayClass61_0:<.ctor>b__1 () (at Assets/AreaBattle/Scripts/OutgameGuideBookPage.cs:69)
AreaBattle.OutgameGuideBookPage/PageLifetime:Dispose () (at Assets/AreaBattle/Scripts/OutgameGuideBookPage.cs:32)
AreaBattle.OutgameUiLifetime:CloseUINow () (at Assets/AreaBattle/Scripts/OutgameUiLifetime.cs:20)
AreaBattle.OutgameGuideBookPage:CloseUINow () (at Assets/AreaBattle/Scripts/OutgameGuideBookPage.cs:105)
AreaBattle.EditorTools.OutgameGuideBookPageValidation/<>c:<Run>b__2_3 () (at Assets/AreaBattle/Editor/OutgameGuideBookPageValidation.cs:97)
AreaBattle.EditorTools.OutgameGuideBookPageValidation/<>c__DisplayClass2_0:<Run>b__0 (string,System.Action) (at Assets/AreaBattle/Editor/OutgameGuideBookPageValidation.cs:73)
AreaBattle.EditorTools.OutgameGuideBookPageValidation:Run () (at Assets/AreaBattle/Editor/OutgameGuideBookPageValidation.cs:94)
System.Reflection.RuntimeMethodInfo:Invoke (object,System.Reflection.BindingFlags,System.Reflection.Binder,object[],System.Globalization.CultureInfo)
System.Reflection.MethodBase:Invoke (object,object[])
AreaBattle.EditorTools.BattleBuild:ValidateIntegrated () (at Assets/AreaBattle/Editor/BattleBuild.cs:32)
AreaBattle.EditorTools.BattleBuild:ValidateMechanicsOnly () (at Assets/AreaBattle/Editor/BattleBuild.cs:18)

[Assets/AreaBattle/Scripts/OutgameTipBookItem.cs line 62]

Destroy may not be called from edit mode! Use DestroyImmediate instead.
Destroying an object in edit mode destroys it permanently.
UnityEngine.Debug:ExtractStackTraceNoAlloc (byte*,int,string)
UnityEngine.StackTraceUtility:ExtractStackTrace () (at /Users/bokken/build/output/unity/unity/Runtime/Export/Scripting/StackTrace.cs:35)
UnityEngine.Object:Destroy (UnityEngine.Object,single)
UnityEngine.Object:Destroy (UnityEngine.Object) (at /Users/bokken/build/output/unity/unity/Runtime/Export/Scripting/UnityEngineObject.bindings.cs:672)
AreaBattle.OutgameUiLifetime/<>c:<.ctor>b__26_0 (UnityEngine.GameObject) (at Assets/AreaBattle/Scripts/OutgameUiLifetime.cs:16)
AreaBattle.OutgameUiLifetime:DestroyObject (UnityEngine.GameObject) (at Assets/AreaBattle/Scripts/OutgameUiLifetime.cs:23)
AreaBattle.OutgameTipBookItem:Dispose () (at Assets/AreaBattle/Scripts/OutgameTipBookItem.cs:62)
AreaBattle.OutgameGuideBookBrowseBinding:DisposeItemsAndTabs () (at Assets/AreaBattle/Scripts/OutgameGuideBookBrowseBinding.cs:61)
AreaBattle.OutgameGuideBookPage/<>c__DisplayClass61_0:<.ctor>b__1 () (at Assets/AreaBattle/Scripts/OutgameGuideBookPage.cs:69)
AreaBattle.OutgameGuideBookPage/PageLifetime:Dispose () (at Assets/AreaBattle/Scripts/OutgameGuideBookPage.cs:32)
AreaBattle.OutgameUiLifetime:CloseUINow () (at Assets/AreaBattle/Scripts/OutgameUiLifetime.cs:20)
AreaBattle.OutgameGuideBookPage:CloseUINow () (at Assets/AreaBattle/Scripts/OutgameGuideBookPage.cs:105)
AreaBattle.EditorTools.OutgameGuideBookPageValidation/<>c:<Run>b__2_3 () (at Assets/AreaBattle/Editor/OutgameGuideBookPageValidation.cs:97)
AreaBattle.EditorTools.OutgameGuideBookPageValidation/<>c__DisplayClass2_0:<Run>b__0 (string,System.Action) (at Assets/AreaBattle/Editor/OutgameGuideBookPageValidation.cs:73)
AreaBattle.EditorTools.OutgameGuideBookPageValidation:Run () (at Assets/AreaBattle/Editor/OutgameGuideBookPageValidation.cs:94)
System.Reflection.RuntimeMethodInfo:Invoke (object,System.Reflection.BindingFlags,System.Reflection.Binder,object[],System.Globalization.CultureInfo)
System.Reflection.MethodBase:Invoke (object,object[])
AreaBattle.EditorTools.BattleBuild:ValidateIntegrated () (at Assets/AreaBattle/Editor/BattleBuild.cs:32)
AreaBattle.EditorTools.BattleBuild:ValidateMechanicsOnly () (at Assets/AreaBattle/Editor/BattleBuild.cs:18)

[Assets/AreaBattle/Scripts/OutgameTipBookItem.cs line 62]

Destroy may not be called from edit mode! Use DestroyImmediate instead.
Destroying an object in edit mode destroys it permanently.
UnityEngine.Debug:ExtractStackTraceNoAlloc (byte*,int,string)
UnityEngine.StackTraceUtility:ExtractStackTrace () (at /Users/bokken/build/output/unity/unity/Runtime/Export/Scripting/StackTrace.cs:35)
UnityEngine.Object:Destroy (UnityEngine.Object,single)
UnityEngine.Object:Destroy (UnityEngine.Object) (at /Users/bokken/build/output/unity/unity/Runtime/Export/Scripting/UnityEngineObject.bindings.cs:672)
AreaBattle.OutgameUiLifetime/<>c:<.ctor>b__26_0 (UnityEngine.GameObject) (at Assets/AreaBattle/Scripts/OutgameUiLifetime.cs:16)
AreaBattle.OutgameUiLifetime:DestroyObject (UnityEngine.GameObject) (at Assets/AreaBattle/Scripts/OutgameUiLifetime.cs:23)
AreaBattle.OutgameTipBookItem:Dispose () (at Assets/AreaBattle/Scripts/OutgameTipBookItem.cs:62)
AreaBattle.OutgameGuideBookBrowseBinding:DisposeItemsAndTabs () (at Assets/AreaBattle/Scripts/OutgameGuideBookBrowseBinding.cs:61)
AreaBattle.OutgameGuideBookPage/<>c__DisplayClass61_0:<.ctor>b__1 () (at Assets/AreaBattle/Scripts/OutgameGuideBookPage.cs:69)
AreaBattle.OutgameGuideBookPage/PageLifetime:Dispose () (at Assets/AreaBattle/Scripts/OutgameGuideBookPage.cs:32)
AreaBattle.OutgameUiLifetime:CloseUINow () (at Assets/AreaBattle/Scripts/OutgameUiLifetime.cs:20)
AreaBattle.OutgameGuideBookPage:CloseUINow () (at Assets/AreaBattle/Scripts/OutgameGuideBookPage.cs:105)
AreaBattle.EditorTools.OutgameGuideBookPageValidation/<>c:<Run>b__2_3 () (at Assets/AreaBattle/Editor/OutgameGuideBookPageValidation.cs:97)
AreaBattle.EditorTools.OutgameGuideBookPageValidation/<>c__DisplayClass2_0:<Run>b__0 (string,System.Action) (at Assets/AreaBattle/Editor/OutgameGuideBookPageValidation.cs:73)
AreaBattle.EditorTools.OutgameGuideBookPageValidation:Run () (at Assets/AreaBattle/Editor/OutgameGuideBookPageValidation.cs:94)
System.Reflection.RuntimeMethodInfo:Invoke (object,System.Reflection.BindingFlags,System.Reflection.Binder,object[],System.Globalization.CultureInfo)
System.Reflection.MethodBase:Invoke (object,object[])
AreaBattle.EditorTools.BattleBuild:ValidateIntegrated () (at Assets/AreaBattle/Editor/BattleBuild.cs:32)
AreaBattle.EditorTools.BattleBuild:ValidateMechanicsOnly () (at Assets/AreaBattle/Editor/BattleBuild.cs:18)

[Assets/AreaBattle/Scripts/OutgameTipBookItem.cs line 62]

Destroy may not be called from edit mode! Use DestroyImmediate instead.
Destroying an object in edit mode destroys it permanently.
UnityEngine.Debug:ExtractStackTraceNoAlloc (byte*,int,string)
UnityEngine.StackTraceUtility:ExtractStackTrace () (at /Users/bokken/build/output/unity/unity/Runtime/Export/Scripting/StackTrace.cs:35)
UnityEngine.Object:Destroy (UnityEngine.Object,single)
UnityEngine.Object:Destroy (UnityEngine.Object) (at /Users/bokken/build/output/unity/unity/Runtime/Export/Scripting/UnityEngineObject.bindings.cs:672)
AreaBattle.OutgameUiLifetime/<>c:<.ctor>b__26_0 (UnityEngine.GameObject) (at Assets/AreaBattle/Scripts/OutgameUiLifetime.cs:16)
AreaBattle.OutgameUiLifetime:DestroyObject (UnityEngine.GameObject) (at Assets/AreaBattle/Scripts/OutgameUiLifetime.cs:23)
AreaBattle.OutgameTipBookItem:Dispose () (at Assets/AreaBattle/Scripts/OutgameTipBookItem.cs:62)
AreaBattle.OutgameGuideBookBrowseBinding:DisposeItemsAndTabs () (at Assets/AreaBattle/Scripts/OutgameGuideBookBrowseBinding.cs:61)
AreaBattle.OutgameGuideBookPage/<>c__DisplayClass61_0:<.ctor>b__1 () (at Assets/AreaBattle/Scripts/OutgameGuideBookPage.cs:69)
AreaBattle.OutgameGuideBookPage/PageLifetime:Dispose () (at Assets/AreaBattle/Scripts/OutgameGuideBookPage.cs:32)
AreaBattle.OutgameUiLifetime:CloseUINow () (at Assets/AreaBattle/Scripts/OutgameUiLifetime.cs:20)
AreaBattle.OutgameGuideBookPage:CloseUINow () (at Assets/AreaBattle/Scripts/OutgameGuideBookPage.cs:105)
AreaBattle.EditorTools.OutgameGuideBookPageValidation/<>c:<Run>b__2_3 () (at Assets/AreaBattle/Editor/OutgameGuideBookPageValidation.cs:97)
AreaBattle.EditorTools.OutgameGuideBookPageValidation/<>c__DisplayClass2_0:<Run>b__0 (string,System.Action) (at Assets/AreaBattle/Editor/OutgameGuideBookPageValidation.cs:73)
AreaBattle.EditorTools.OutgameGuideBookPageValidation:Run () (at Assets/AreaBattle/Editor/OutgameGuideBookPageValidation.cs:94)
System.Reflection.RuntimeMethodInfo:Invoke (object,System.Reflection.BindingFlags,System.Reflection.Binder,object[],System.Globalization.CultureInfo)
System.Reflection.MethodBase:Invoke (object,object[])
AreaBattle.EditorTools.BattleBuild:ValidateIntegrated () (at Assets/AreaBattle/Editor/BattleBuild.cs:32)
AreaBattle.EditorTools.BattleBuild:ValidateMechanicsOnly () (at Assets/AreaBattle/Editor/BattleBuild.cs:18)

[Assets/AreaBattle/Scripts/OutgameTipBookItem.cs line 62]

Destroy may not be called from edit mode! Use DestroyImmediate instead.
Destroying an object in edit mode destroys it permanently.
UnityEngine.Debug:ExtractStackTraceNoAlloc (byte*,int,string)
UnityEngine.StackTraceUtility:ExtractStackTrace () (at /Users/bokken/build/output/unity/unity/Runtime/Export/Scripting/StackTrace.cs:35)
UnityEngine.Object:Destroy (UnityEngine.Object,single)
UnityEngine.Object:Destroy (UnityEngine.Object) (at /Users/bokken/build/output/unity/unity/Runtime/Export/Scripting/UnityEngineObject.bindings.cs:672)
AreaBattle.OutgameUiLifetime/<>c:<.ctor>b__26_0 (UnityEngine.GameObject) (at Assets/AreaBattle/Scripts/OutgameUiLifetime.cs:16)
AreaBattle.OutgameUiLifetime:DestroyObject (UnityEngine.GameObject) (at Assets/AreaBattle/Scripts/OutgameUiLifetime.cs:23)
AreaBattle.OutgameTipBookItem:Dispose () (at Assets/AreaBattle/Scripts/OutgameTipBookItem.cs:62)
AreaBattle.OutgameGuideBookBrowseBinding:DisposeItemsAndTabs () (at Assets/AreaBattle/Scripts/OutgameGuideBookBrowseBinding.cs:61)
AreaBattle.OutgameGuideBookPage/<>c__DisplayClass61_0:<.ctor>b__1 () (at Assets/AreaBattle/Scripts/OutgameGuideBookPage.cs:69)
AreaBattle.OutgameGuideBookPage/PageLifetime:Dispose () (at Assets/AreaBattle/Scripts/OutgameGuideBookPage.cs:32)
AreaBattle.OutgameUiLifetime:CloseUINow () (at Assets/AreaBattle/Scripts/OutgameUiLifetime.cs:20)
AreaBattle.OutgameGuideBookPage:CloseUINow () (at Assets/AreaBattle/Scripts/OutgameGuideBookPage.cs:105)
AreaBattle.EditorTools.OutgameGuideBookPageValidation/<>c:<Run>b__2_3 () (at Assets/AreaBattle/Editor/OutgameGuideBookPageValidation.cs:97)
AreaBattle.EditorTools.OutgameGuideBookPageValidation/<>c__DisplayClass2_0:<Run>b__0 (string,System.Action) (at Assets/AreaBattle/Editor/OutgameGuideBookPageValidation.cs:73)
AreaBattle.EditorTools.OutgameGuideBookPageValidation:Run () (at Assets/AreaBattle/Editor/OutgameGuideBookPageValidation.cs:94)
System.Reflection.RuntimeMethodInfo:Invoke (object,System.Reflection.BindingFlags,System.Reflection.Binder,object[],System.Globalization.CultureInfo)
System.Reflection.MethodBase:Invoke (object,object[])
AreaBattle.EditorTools.BattleBuild:ValidateIntegrated () (at Assets/AreaBattle/Editor/BattleBuild.cs:32)
AreaBattle.EditorTools.BattleBuild:ValidateMechanicsOnly () (at Assets/AreaBattle/Editor/BattleBuild.cs:18)

[Assets/AreaBattle/Scripts/OutgameTipBookItem.cs line 62]

Locate Index Error 999
UnityEngine.Debug:ExtractStackTraceNoAlloc (byte*,int,string)
UnityEngine.StackTraceUtility:ExtractStackTrace () (at /Users/bokken/build/output/unity/unity/Runtime/Export/Scripting/StackTrace.cs:35)
UnityEngine.DebugLogHandler:Internal_Log (UnityEngine.LogType,UnityEngine.LogOption,string,UnityEngine.Object)
UnityEngine.DebugLogHandler:LogFormat (UnityEngine.LogType,UnityEngine.Object,string,object[])
UnityEngine.Logger:Log (UnityEngine.LogType,object)
UnityEngine.Debug:LogWarning (object)
AreaBattle.OutgameDynamicList:CenteredWithIndex (int,single) (at Assets/AreaBattle/Scripts/OutgameDynamicList.cs:248)
AreaBattle.EditorTools.OutgameDynamicCenterValidation/<>c:<Run>b__2_1 () (at Assets/AreaBattle/Editor/OutgameDynamicCenterValidation.cs:22)
AreaBattle.EditorTools.OutgameDynamicCenterValidation/<>c__DisplayClass2_0:<Run>b__0 (string,System.Action) (at Assets/AreaBattle/Editor/OutgameDynamicCenterValidation.cs:15)
AreaBattle.EditorTools.OutgameDynamicCenterValidation:Run () (at Assets/AreaBattle/Editor/OutgameDynamicCenterValidation.cs:16)
System.Reflection.RuntimeMethodInfo:Invoke (object,System.Reflection.BindingFlags,System.Reflection.Binder,object[],System.Globalization.CultureInfo)
System.Reflection.MethodBase:Invoke (object,object[])
AreaBattle.EditorTools.BattleBuild:ValidateIntegrated () (at Assets/AreaBattle/Editor/BattleBuild.cs:32)
AreaBattle.EditorTools.BattleBuild:ValidateMechanicsOnly () (at Assets/AreaBattle/Editor/BattleBuild.cs:18)

(Filename: Assets/AreaBattle/Scripts/OutgameDynamicList.cs Line: 248)

Locate Index Error -99
UnityEngine.Debug:ExtractStackTraceNoAlloc (byte*,int,string)
UnityEngine.StackTraceUtility:ExtractStackTrace () (at /Users/bokken/build/output/unity/unity/Runtime/Export/Scripting/StackTrace.cs:35)
UnityEngine.DebugLogHandler:Internal_Log (UnityEngine.LogType,UnityEngine.LogOption,string,UnityEngine.Object)
UnityEngine.DebugLogHandler:LogFormat (UnityEngine.LogType,UnityEngine.Object,string,object[])
UnityEngine.Logger:Log (UnityEngine.LogType,object)
UnityEngine.Debug:LogWarning (object)
AreaBattle.OutgameDynamicList:CenteredWithIndex (int,single) (at Assets/AreaBattle/Scripts/OutgameDynamicList.cs:248)
AreaBattle.EditorTools.OutgameDynamicCenterValidation/<>c:<Run>b__2_1 () (at Assets/AreaBattle/Editor/OutgameDynamicCenterValidation.cs:23)
AreaBattle.EditorTools.OutgameDynamicCenterValidation/<>c__DisplayClass2_0:<Run>b__0 (string,System.Action) (at Assets/AreaBattle/Editor/OutgameDynamicCenterValidation.cs:15)
AreaBattle.EditorTools.OutgameDynamicCenterValidation:Run () (at Assets/AreaBattle/Editor/OutgameDynamicCenterValidation.cs:16)
System.Reflection.RuntimeMethodInfo:Invoke (object,System.Reflection.BindingFlags,System.Reflection.Binder,object[],System.Globalization.CultureInfo)
System.Reflection.MethodBase:Invoke (object,object[])
AreaBattle.EditorTools.BattleBuild:ValidateIntegrated () (at Assets/AreaBattle/Editor/BattleBuild.cs:32)
AreaBattle.EditorTools.BattleBuild:ValidateMechanicsOnly () (at Assets/AreaBattle/Editor/BattleBuild.cs:18)

(Filename: Assets/AreaBattle/Scripts/OutgameDynamicList.cs Line: 248)

Locate Index Error -1
UnityEngine.Debug:ExtractStackTraceNoAlloc (byte*,int,string)
UnityEngine.StackTraceUtility:ExtractStackTrace () (at /Users/bokken/build/output/unity/unity/Runtime/Export/Scripting/StackTrace.cs:35)
UnityEngine.DebugLogHandler:Internal_Log (UnityEngine.LogType,UnityEngine.LogOption,string,UnityEngine.Object)
UnityEngine.DebugLogHandler:LogFormat (UnityEngine.LogType,UnityEngine.Object,string,object[])
UnityEngine.Logger:Log (UnityEngine.LogType,object)
UnityEngine.Debug:LogWarning (object)
AreaBattle.OutgameDynamicList:CenteredWithIndex (int,single) (at Assets/AreaBattle/Scripts/OutgameDynamicList.cs:248)
AreaBattle.OutgameDynamicList:Centered2Bottom (single) (at Assets/AreaBattle/Scripts/OutgameDynamicList.cs:243)
AreaBattle.EditorTools.OutgameDynamicCenterValidation/<>c:<Run>b__2_1 () (at Assets/AreaBattle/Editor/OutgameDynamicCenterValidation.cs:24)
AreaBattle.EditorTools.OutgameDynamicCenterValidation/<>c__DisplayClass2_0:<Run>b__0 (string,System.Action) (at Assets/AreaBattle/Editor/OutgameDynamicCenterValidation.cs:15)
AreaBattle.EditorTools.OutgameDynamicCenterValidation:Run () (at Assets/AreaBattle/Editor/OutgameDynamicCenterValidation.cs:16)
System.Reflection.RuntimeMethodInfo:Invoke (object,System.Reflection.BindingFlags,System.Reflection.Binder,object[],System.Globalization.CultureInfo)
System.Reflection.MethodBase:Invoke (object,object[])
AreaBattle.EditorTools.BattleBuild:ValidateIntegrated () (at Assets/AreaBattle/Editor/BattleBuild.cs:32)
AreaBattle.EditorTools.BattleBuild:ValidateMechanicsOnly () (at Assets/AreaBattle/Editor/BattleBuild.cs:18)

(Filename: Assets/AreaBattle/Scripts/OutgameDynamicList.cs Line: 248)

Assertion failed on expression: 'ShouldRunBehaviour()'
UnityEngine.Debug:ExtractStackTraceNoAlloc (byte*,int,string)
UnityEngine.StackTraceUtility:ExtractStackTrace () (at /Users/bokken/build/output/unity/unity/Runtime/Export/Scripting/StackTrace.cs:35)
UnityEngine.Component:SendMessage (string,object,UnityEngine.SendMessageOptions)
UnityEngine.Component:SendMessage (string) (at /Users/bokken/build/output/unity/unity/Runtime/Export/Scripting/Component.bindings.cs:248)
AreaBattle.EditorTools.OutgameGuideBookBrowseValidation/Fixture:.ctor (bool) (at Assets/AreaBattle/Editor/OutgameGuideBookBrowseValidation.cs:29)
AreaBattle.EditorTools.OutgameGuideBookBrowseValidation/<>c:<Run>b__4_1 () (at Assets/AreaBattle/Editor/OutgameGuideBookBrowseValidation.cs:50)
AreaBattle.EditorTools.OutgameGuideBookBrowseValidation/<>c__DisplayClass4_0:<Run>b__0 (string,System.Action) (at Assets/AreaBattle/Editor/OutgameGuideBookBrowseValidation.cs:48)
AreaBattle.EditorTools.OutgameGuideBookBrowseValidation:Run () (at Assets/AreaBattle/Editor/OutgameGuideBookBrowseValidation.cs:49)
System.Reflection.RuntimeMethodInfo:Invoke (object,System.Reflection.BindingFlags,System.Reflection.Binder,object[],System.Globalization.CultureInfo)
System.Reflection.MethodBase:Invoke (object,object[])
AreaBattle.EditorTools.BattleBuild:ValidateIntegrated () (at Assets/AreaBattle/Editor/BattleBuild.cs:32)
AreaBattle.EditorTools.BattleBuild:ValidateMechanicsOnly () (at Assets/AreaBattle/Editor/BattleBuild.cs:18)

[Assets/AreaBattle/Editor/OutgameGuideBookBrowseValidation.cs line 29]

Assertion failed on expression: 'ShouldRunBehaviour()'
UnityEngine.Debug:ExtractStackTraceNoAlloc (byte*,int,string)
UnityEngine.StackTraceUtility:ExtractStackTrace () (at /Users/bokken/build/output/unity/unity/Runtime/Export/Scripting/StackTrace.cs:35)
UnityEngine.Component:SendMessage (string,object,UnityEngine.SendMessageOptions)
UnityEngine.Component:SendMessage (string) (at /Users/bokken/build/output/unity/unity/Runtime/Export/Scripting/Component.bindings.cs:248)
AreaBattle.EditorTools.OutgameGuideBookBrowseValidation/Fixture:.ctor (bool) (at Assets/AreaBattle/Editor/OutgameGuideBookBrowseValidation.cs:29)
AreaBattle.EditorTools.OutgameGuideBookBrowseValidation/<>c:<Run>b__4_1 () (at Assets/AreaBattle/Editor/OutgameGuideBookBrowseValidation.cs:50)
AreaBattle.EditorTools.OutgameGuideBookBrowseValidation/<>c__DisplayClass4_0:<Run>b__0 (string,System.Action) (at Assets/AreaBattle/Editor/OutgameGuideBookBrowseValidation.cs:48)
AreaBattle.EditorTools.OutgameGuideBookBrowseValidation:Run () (at Assets/AreaBattle/Editor/OutgameGuideBookBrowseValidation.cs:49)
System.Reflection.RuntimeMethodInfo:Invoke (object,System.Reflection.BindingFlags,System.Reflection.Binder,object[],System.Globalization.CultureInfo)
System.Reflection.MethodBase:Invoke (object,object[])
AreaBattle.EditorTools.BattleBuild:ValidateIntegrated () (at Assets/AreaBattle/Editor/BattleBuild.cs:32)
AreaBattle.EditorTools.BattleBuild:ValidateMechanicsOnly () (at Assets/AreaBattle/Editor/BattleBuild.cs:18)

[Assets/AreaBattle/Editor/OutgameGuideBookBrowseValidation.cs line 29]

Assertion failed on expression: 'ShouldRunBehaviour()'
UnityEngine.Debug:ExtractStackTraceNoAlloc (byte*,int,string)
UnityEngine.StackTraceUtility:ExtractStackTrace () (at /Users/bokken/build/output/unity/unity/Runtime/Export/Scripting/StackTrace.cs:35)
UnityEngine.Component:SendMessage (string,object,UnityEngine.SendMessageOptions)
UnityEngine.Component:SendMessage (string) (at /Users/bokken/build/output/unity/unity/Runtime/Export/Scripting/Component.bindings.cs:248)
AreaBattle.EditorTools.OutgameGuideBookBrowseValidation/Fixture:.ctor (bool) (at Assets/AreaBattle/Editor/OutgameGuideBookBrowseValidation.cs:29)
AreaBattle.EditorTools.OutgameGuideBookBrowseValidation/<>c:<Run>b__4_1 () (at Assets/AreaBattle/Editor/OutgameGuideBookBrowseValidation.cs:50)
AreaBattle.EditorTools.OutgameGuideBookBrowseValidation/<>c__DisplayClass4_0:<Run>b__0 (string,System.Action) (at Assets/AreaBattle/Editor/OutgameGuideBookBrowseValidation.cs:48)
AreaBattle.EditorTools.OutgameGuideBookBrowseValidation:Run () (at Assets/AreaBattle/Editor/OutgameGuideBookBrowseValidation.cs:49)
System.Reflection.RuntimeMethodInfo:Invoke (object,System.Reflection.BindingFlags,System.Reflection.Binder,object[],System.Globalization.CultureInfo)
System.Reflection.MethodBase:Invoke (object,object[])
AreaBattle.EditorTools.BattleBuild:ValidateIntegrated () (at Assets/AreaBattle/Editor/BattleBuild.cs:32)
AreaBattle.EditorTools.BattleBuild:ValidateMechanicsOnly () (at Assets/AreaBattle/Editor/BattleBuild.cs:18)

[Assets/AreaBattle/Editor/OutgameGuideBookBrowseValidation.cs line 29]

Assertion failed on expression: 'ShouldRunBehaviour()'
UnityEngine.Debug:ExtractStackTraceNoAlloc (byte*,int,string)
UnityEngine.StackTraceUtility:ExtractStackTrace () (at /Users/bokken/build/output/unity/unity/Runtime/Export/Scripting/StackTrace.cs:35)
UnityEngine.Component:SendMessage (string,object,UnityEngine.SendMessageOptions)
UnityEngine.Component:SendMessage (string) (at /Users/bokken/build/output/unity/unity/Runtime/Export/Scripting/Component.bindings.cs:248)
AreaBattle.EditorTools.OutgameGuideBookBrowseValidation/Fixture:.ctor (bool) (at Assets/AreaBattle/Editor/OutgameGuideBookBrowseValidation.cs:29)
AreaBattle.EditorTools.OutgameGuideBookBrowseValidation/<>c:<Run>b__4_2 () (at Assets/AreaBattle/Editor/OutgameGuideBookBrowseValidation.cs:61)
AreaBattle.EditorTools.OutgameGuideBookBrowseValidation/<>c__DisplayClass4_0:<Run>b__0 (string,System.Action) (at Assets/AreaBattle/Editor/OutgameGuideBookBrowseValidation.cs:48)
AreaBattle.EditorTools.OutgameGuideBookBrowseValidation:Run () (at Assets/AreaBattle/Editor/OutgameGuideBookBrowseValidation.cs:60)
System.Reflection.RuntimeMethodInfo:Invoke (object,System.Reflection.BindingFlags,System.Reflection.Binder,object[],System.Globalization.CultureInfo)
System.Reflection.MethodBase:Invoke (object,object[])
AreaBattle.EditorTools.BattleBuild:ValidateIntegrated () (at Assets/AreaBattle/Editor/BattleBuild.cs:32)
AreaBattle.EditorTools.BattleBuild:ValidateMechanicsOnly () (at Assets/AreaBattle/Editor/BattleBuild.cs:18)

[Assets/AreaBattle/Editor/OutgameGuideBookBrowseValidation.cs line 29]

Assertion failed on expression: 'ShouldRunBehaviour()'
UnityEngine.Debug:ExtractStackTraceNoAlloc (byte*,int,string)
UnityEngine.StackTraceUtility:ExtractStackTrace () (at /Users/bokken/build/output/unity/unity/Runtime/Export/Scripting/StackTrace.cs:35)
UnityEngine.Component:SendMessage (string,object,UnityEngine.SendMessageOptions)
UnityEngine.Component:SendMessage (string) (at /Users/bokken/build/output/unity/unity/Runtime/Export/Scripting/Component.bindings.cs:248)
AreaBattle.EditorTools.OutgameGuideBookBrowseValidation/Fixture:.ctor (bool) (at Assets/AreaBattle/Editor/OutgameGuideBookBrowseValidation.cs:29)
AreaBattle.EditorTools.OutgameGuideBookBrowseValidation/<>c:<Run>b__4_2 () (at Assets/AreaBattle/Editor/OutgameGuideBookBrowseValidation.cs:61)
AreaBattle.EditorTools.OutgameGuideBookBrowseValidation/<>c__DisplayClass4_0:<Run>b__0 (string,System.Action) (at Assets/AreaBattle/Editor/OutgameGuideBookBrowseValidation.cs:48)
AreaBattle.EditorTools.OutgameGuideBookBrowseValidation:Run () (at Assets/AreaBattle/Editor/OutgameGuideBookBrowseValidation.cs:60)
System.Reflection.RuntimeMethodInfo:Invoke (object,System.Reflection.BindingFlags,System.Reflection.Binder,object[],System.Globalization.CultureInfo)
System.Reflection.MethodBase:Invoke (object,object[])
AreaBattle.EditorTools.BattleBuild:ValidateIntegrated () (at Assets/AreaBattle/Editor/BattleBuild.cs:32)
AreaBattle.EditorTools.BattleBuild:ValidateMechanicsOnly () (at Assets/AreaBattle/Editor/BattleBuild.cs:18)

[Assets/AreaBattle/Editor/OutgameGuideBookBrowseValidation.cs line 29]

Assertion failed on expression: 'ShouldRunBehaviour()'
UnityEngine.Debug:ExtractStackTraceNoAlloc (byte*,int,string)
UnityEngine.StackTraceUtility:ExtractStackTrace () (at /Users/bokken/build/output/unity/unity/Runtime/Export/Scripting/StackTrace.cs:35)
UnityEngine.Component:SendMessage (string,object,UnityEngine.SendMessageOptions)
UnityEngine.Component:SendMessage (string) (at /Users/bokken/build/output/unity/unity/Runtime/Export/Scripting/Component.bindings.cs:248)
AreaBattle.EditorTools.OutgameGuideBookBrowseValidation/Fixture:.ctor (bool) (at Assets/AreaBattle/Editor/OutgameGuideBookBrowseValidation.cs:29)
AreaBattle.EditorTools.OutgameGuideBookBrowseValidation/<>c:<Run>b__4_2 () (at Assets/AreaBattle/Editor/OutgameGuideBookBrowseValidation.cs:61)
AreaBattle.EditorTools.OutgameGuideBookBrowseValidation/<>c__DisplayClass4_0:<Run>b__0 (string,System.Action) (at Assets/AreaBattle/Editor/OutgameGuideBookBrowseValidation.cs:48)
AreaBattle.EditorTools.OutgameGuideBookBrowseValidation:Run () (at Assets/AreaBattle/Editor/OutgameGuideBookBrowseValidation.cs:60)
System.Reflection.RuntimeMethodInfo:Invoke (object,System.Reflection.BindingFlags,System.Reflection.Binder,object[],System.Globalization.CultureInfo)
System.Reflection.MethodBase:Invoke (object,object[])
AreaBattle.EditorTools.BattleBuild:ValidateIntegrated () (at Assets/AreaBattle/Editor/BattleBuild.cs:32)
AreaBattle.EditorTools.BattleBuild:ValidateMechanicsOnly () (at Assets/AreaBattle/Editor/BattleBuild.cs:18)

[Assets/AreaBattle/Editor/OutgameGuideBookBrowseValidation.cs line 29]

Assertion failed on expression: 'ShouldRunBehaviour()'
UnityEngine.Debug:ExtractStackTraceNoAlloc (byte*,int,string)
UnityEngine.StackTraceUtility:ExtractStackTrace () (at /Users/bokken/build/output/unity/unity/Runtime/Export/Scripting/StackTrace.cs:35)
UnityEngine.Component:SendMessage (string,object,UnityEngine.SendMessageOptions)
UnityEngine.Component:SendMessage (string) (at /Users/bokken/build/output/unity/unity/Runtime/Export/Scripting/Component.bindings.cs:248)
AreaBattle.EditorTools.OutgameGuideBookBrowseValidation/Fixture:.ctor (bool) (at Assets/AreaBattle/Editor/OutgameGuideBookBrowseValidation.cs:29)
AreaBattle.EditorTools.OutgameGuideBookBrowseValidation/<>c:<Run>b__4_3 () (at Assets/AreaBattle/Editor/OutgameGuideBookBrowseValidation.cs:72)
AreaBattle.EditorTools.OutgameGuideBookBrowseValidation/<>c__DisplayClass4_0:<Run>b__0 (string,System.Action) (at Assets/AreaBattle/Editor/OutgameGuideBookBrowseValidation.cs:48)
AreaBattle.EditorTools.OutgameGuideBookBrowseValidation:Run () (at Assets/AreaBattle/Editor/OutgameGuideBookBrowseValidation.cs:71)
System.Reflection.RuntimeMethodInfo:Invoke (object,System.Reflection.BindingFlags,System.Reflection.Binder,object[],System.Globalization.CultureInfo)
System.Reflection.MethodBase:Invoke (object,object[])
AreaBattle.EditorTools.BattleBuild:ValidateIntegrated () (at Assets/AreaBattle/Editor/BattleBuild.cs:32)
AreaBattle.EditorTools.BattleBuild:ValidateMechanicsOnly () (at Assets/AreaBattle/Editor/BattleBuild.cs:18)

[Assets/AreaBattle/Editor/OutgameGuideBookBrowseValidation.cs line 29]

Assertion failed on expression: 'ShouldRunBehaviour()'
UnityEngine.Debug:ExtractStackTraceNoAlloc (byte*,int,string)
UnityEngine.StackTraceUtility:ExtractStackTrace () (at /Users/bokken/build/output/unity/unity/Runtime/Export/Scripting/StackTrace.cs:35)
UnityEngine.Component:SendMessage (string,object,UnityEngine.SendMessageOptions)
UnityEngine.Component:SendMessage (string) (at /Users/bokken/build/output/unity/unity/Runtime/Export/Scripting/Component.bindings.cs:248)
AreaBattle.EditorTools.OutgameGuideBookBrowseValidation/Fixture:.ctor (bool) (at Assets/AreaBattle/Editor/OutgameGuideBookBrowseValidation.cs:29)
AreaBattle.EditorTools.OutgameGuideBookBrowseValidation/<>c:<Run>b__4_3 () (at Assets/AreaBattle/Editor/OutgameGuideBookBrowseValidation.cs:72)
AreaBattle.EditorTools.OutgameGuideBookBrowseValidation/<>c__DisplayClass4_0:<Run>b__0 (string,System.Action) (at Assets/AreaBattle/Editor/OutgameGuideBookBrowseValidation.cs:48)
AreaBattle.EditorTools.OutgameGuideBookBrowseValidation:Run () (at Assets/AreaBattle/Editor/OutgameGuideBookBrowseValidation.cs:71)
System.Reflection.RuntimeMethodInfo:Invoke (object,System.Reflection.BindingFlags,System.Reflection.Binder,object[],System.Globalization.CultureInfo)
System.Reflection.MethodBase:Invoke (object,object[])
AreaBattle.EditorTools.BattleBuild:ValidateIntegrated () (at Assets/AreaBattle/Editor/BattleBuild.cs:32)
AreaBattle.EditorTools.BattleBuild:ValidateMechanicsOnly () (at Assets/AreaBattle/Editor/BattleBuild.cs:18)

[Assets/AreaBattle/Editor/OutgameGuideBookBrowseValidation.cs line 29]

Assertion failed on expression: 'ShouldRunBehaviour()'
UnityEngine.Debug:ExtractStackTraceNoAlloc (byte*,int,string)
UnityEngine.StackTraceUtility:ExtractStackTrace () (at /Users/bokken/build/output/unity/unity/Runtime/Export/Scripting/StackTrace.cs:35)
UnityEngine.Component:SendMessage (string,object,UnityEngine.SendMessageOptions)
UnityEngine.Component:SendMessage (string) (at /Users/bokken/build/output/unity/unity/Runtime/Export/Scripting/Component.bindings.cs:248)
AreaBattle.EditorTools.OutgameGuideBookBrowseValidation/Fixture:.ctor (bool) (at Assets/AreaBattle/Editor/OutgameGuideBookBrowseValidation.cs:29)
AreaBattle.EditorTools.OutgameGuideBookBrowseValidation/<>c:<Run>b__4_3 () (at Assets/AreaBattle/Editor/OutgameGuideBookBrowseValidation.cs:72)
AreaBattle.EditorTools.OutgameGuideBookBrowseValidation/<>c__DisplayClass4_0:<Run>b__0 (string,System.Action) (at Assets/AreaBattle/Editor/OutgameGuideBookBrowseValidation.cs:48)
AreaBattle.EditorTools.OutgameGuideBookBrowseValidation:Run () (at Assets/AreaBattle/Editor/OutgameGuideBookBrowseValidation.cs:71)
System.Reflection.RuntimeMethodInfo:Invoke (object,System.Reflection.BindingFlags,System.Reflection.Binder,object[],System.Globalization.CultureInfo)
System.Reflection.MethodBase:Invoke (object,object[])
AreaBattle.EditorTools.BattleBuild:ValidateIntegrated () (at Assets/AreaBattle/Editor/BattleBuild.cs:32)
AreaBattle.EditorTools.BattleBuild:ValidateMechanicsOnly () (at Assets/AreaBattle/Editor/BattleBuild.cs:18)

[Assets/AreaBattle/Editor/OutgameGuideBookBrowseValidation.cs line 29]

Assertion failed on expression: 'ShouldRunBehaviour()'
UnityEngine.Debug:ExtractStackTraceNoAlloc (byte*,int,string)
UnityEngine.StackTraceUtility:ExtractStackTrace () (at /Users/bokken/build/output/unity/unity/Runtime/Export/Scripting/StackTrace.cs:35)
UnityEngine.Component:SendMessage (string,object,UnityEngine.SendMessageOptions)
UnityEngine.Component:SendMessage (string) (at /Users/bokken/build/output/unity/unity/Runtime/Export/Scripting/Component.bindings.cs:248)
AreaBattle.EditorTools.OutgameGuideBookBrowseValidation/Fixture:.ctor (bool) (at Assets/AreaBattle/Editor/OutgameGuideBookBrowseValidation.cs:29)
AreaBattle.EditorTools.OutgameGuideBookBrowseValidation/<>c:<Run>b__4_4 () (at Assets/AreaBattle/Editor/OutgameGuideBookBrowseValidation.cs:83)
AreaBattle.EditorTools.OutgameGuideBookBrowseValidation/<>c__DisplayClass4_0:<Run>b__0 (string,System.Action) (at Assets/AreaBattle/Editor/OutgameGuideBookBrowseValidation.cs:48)
AreaBattle.EditorTools.OutgameGuideBookBrowseValidation:Run () (at Assets/AreaBattle/Editor/OutgameGuideBookBrowseValidation.cs:82)
System.Reflection.RuntimeMethodInfo:Invoke (object,System.Reflection.BindingFlags,System.Reflection.Binder,object[],System.Globalization.CultureInfo)
System.Reflection.MethodBase:Invoke (object,object[])
AreaBattle.EditorTools.BattleBuild:ValidateIntegrated () (at Assets/AreaBattle/Editor/BattleBuild.cs:32)
AreaBattle.EditorTools.BattleBuild:ValidateMechanicsOnly () (at Assets/AreaBattle/Editor/BattleBuild.cs:18)

[Assets/AreaBattle/Editor/OutgameGuideBookBrowseValidation.cs line 29]

Assertion failed on expression: 'ShouldRunBehaviour()'
UnityEngine.Debug:ExtractStackTraceNoAlloc (byte*,int,string)
UnityEngine.StackTraceUtility:ExtractStackTrace () (at /Users/bokken/build/output/unity/unity/Runtime/Export/Scripting/StackTrace.cs:35)
UnityEngine.Component:SendMessage (string,object,UnityEngine.SendMessageOptions)
UnityEngine.Component:SendMessage (string) (at /Users/bokken/build/output/unity/unity/Runtime/Export/Scripting/Component.bindings.cs:248)
AreaBattle.EditorTools.OutgameGuideBookBrowseValidation/Fixture:.ctor (bool) (at Assets/AreaBattle/Editor/OutgameGuideBookBrowseValidation.cs:29)
AreaBattle.EditorTools.OutgameGuideBookBrowseValidation/<>c:<Run>b__4_4 () (at Assets/AreaBattle/Editor/OutgameGuideBookBrowseValidation.cs:83)
AreaBattle.EditorTools.OutgameGuideBookBrowseValidation/<>c__DisplayClass4_0:<Run>b__0 (string,System.Action) (at Assets/AreaBattle/Editor/OutgameGuideBookBrowseValidation.cs:48)
AreaBattle.EditorTools.OutgameGuideBookBrowseValidation:Run () (at Assets/AreaBattle/Editor/OutgameGuideBookBrowseValidation.cs:82)
System.Reflection.RuntimeMethodInfo:Invoke (object,System.Reflection.BindingFlags,System.Reflection.Binder,object[],System.Globalization.CultureInfo)
System.Reflection.MethodBase:Invoke (object,object[])
AreaBattle.EditorTools.BattleBuild:ValidateIntegrated () (at Assets/AreaBattle/Editor/BattleBuild.cs:32)
AreaBattle.EditorTools.BattleBuild:ValidateMechanicsOnly () (at Assets/AreaBattle/Editor/BattleBuild.cs:18)

[Assets/AreaBattle/Editor/OutgameGuideBookBrowseValidation.cs line 29]

Assertion failed on expression: 'ShouldRunBehaviour()'
UnityEngine.Debug:ExtractStackTraceNoAlloc (byte*,int,string)
UnityEngine.StackTraceUtility:ExtractStackTrace () (at /Users/bokken/build/output/unity/unity/Runtime/Export/Scripting/StackTrace.cs:35)
UnityEngine.Component:SendMessage (string,object,UnityEngine.SendMessageOptions)
UnityEngine.Component:SendMessage (string) (at /Users/bokken/build/output/unity/unity/Runtime/Export/Scripting/Component.bindings.cs:248)
AreaBattle.EditorTools.OutgameGuideBookBrowseValidation/Fixture:.ctor (bool) (at Assets/AreaBattle/Editor/OutgameGuideBookBrowseValidation.cs:29)
AreaBattle.EditorTools.OutgameGuideBookBrowseValidation/<>c:<Run>b__4_4 () (at Assets/AreaBattle/Editor/OutgameGuideBookBrowseValidation.cs:83)
AreaBattle.EditorTools.OutgameGuideBookBrowseValidation/<>c__DisplayClass4_0:<Run>b__0 (string,System.Action) (at Assets/AreaBattle/Editor/OutgameGuideBookBrowseValidation.cs:48)
AreaBattle.EditorTools.OutgameGuideBookBrowseValidation:Run () (at Assets/AreaBattle/Editor/OutgameGuideBookBrowseValidation.cs:82)
System.Reflection.RuntimeMethodInfo:Invoke (object,System.Reflection.BindingFlags,System.Reflection.Binder,object[],System.Globalization.CultureInfo)
System.Reflection.MethodBase:Invoke (object,object[])
AreaBattle.EditorTools.BattleBuild:ValidateIntegrated () (at Assets/AreaBattle/Editor/BattleBuild.cs:32)
AreaBattle.EditorTools.BattleBuild:ValidateMechanicsOnly () (at Assets/AreaBattle/Editor/BattleBuild.cs:18)

[Assets/AreaBattle/Editor/OutgameGuideBookBrowseValidation.cs line 29]

Assertion failed on expression: 'ShouldRunBehaviour()'
UnityEngine.Debug:ExtractStackTraceNoAlloc (byte*,int,string)
UnityEngine.StackTraceUtility:ExtractStackTrace () (at /Users/bokken/build/output/unity/unity/Runtime/Export/Scripting/StackTrace.cs:35)
UnityEngine.Component:SendMessage (string,object,UnityEngine.SendMessageOptions)
UnityEngine.Component:SendMessage (string) (at /Users/bokken/build/output/unity/unity/Runtime/Export/Scripting/Component.bindings.cs:248)
AreaBattle.EditorTools.OutgameGuideBookBrowseValidation/Fixture:.ctor (bool) (at Assets/AreaBattle/Editor/OutgameGuideBookBrowseValidation.cs:29)
AreaBattle.EditorTools.OutgameGuideBookBrowseValidation/<>c:<Run>b__4_5 () (at Assets/AreaBattle/Editor/OutgameGuideBookBrowseValidation.cs:95)
AreaBattle.EditorTools.OutgameGuideBookBrowseValidation/<>c__DisplayClass4_0:<Run>b__0 (string,System.Action) (at Assets/AreaBattle/Editor/OutgameGuideBookBrowseValidation.cs:48)
AreaBattle.EditorTools.OutgameGuideBookBrowseValidation:Run () (at Assets/AreaBattle/Editor/OutgameGuideBookBrowseValidation.cs:94)
System.Reflection.RuntimeMethodInfo:Invoke (object,System.Reflection.BindingFlags,System.Reflection.Binder,object[],System.Globalization.CultureInfo)
System.Reflection.MethodBase:Invoke (object,object[])
AreaBattle.EditorTools.BattleBuild:ValidateIntegrated () (at Assets/AreaBattle/Editor/BattleBuild.cs:32)
AreaBattle.EditorTools.BattleBuild:ValidateMechanicsOnly () (at Assets/AreaBattle/Editor/BattleBuild.cs:18)

[Assets/AreaBattle/Editor/OutgameGuideBookBrowseValidation.cs line 29]

Assertion failed on expression: 'ShouldRunBehaviour()'
UnityEngine.Debug:ExtractStackTraceNoAlloc (byte*,int,string)
UnityEngine.StackTraceUtility:ExtractStackTrace () (at /Users/bokken/build/output/unity/unity/Runtime/Export/Scripting/StackTrace.cs:35)
UnityEngine.Component:SendMessage (string,object,UnityEngine.SendMessageOptions)
UnityEngine.Component:SendMessage (string) (at /Users/bokken/build/output/unity/unity/Runtime/Export/Scripting/Component.bindings.cs:248)
AreaBattle.EditorTools.OutgameGuideBookBrowseValidation/Fixture:.ctor (bool) (at Assets/AreaBattle/Editor/OutgameGuideBookBrowseValidation.cs:29)
AreaBattle.EditorTools.OutgameGuideBookBrowseValidation/<>c:<Run>b__4_5 () (at Assets/AreaBattle/Editor/OutgameGuideBookBrowseValidation.cs:95)
AreaBattle.EditorTools.OutgameGuideBookBrowseValidation/<>c__DisplayClass4_0:<Run>b__0 (string,System.Action) (at Assets/AreaBattle/Editor/OutgameGuideBookBrowseValidation.cs:48)
AreaBattle.EditorTools.OutgameGuideBookBrowseValidation:Run () (at Assets/AreaBattle/Editor/OutgameGuideBookBrowseValidation.cs:94)
System.Reflection.RuntimeMethodInfo:Invoke (object,System.Reflection.BindingFlags,System.Reflection.Binder,object[],System.Globalization.CultureInfo)
System.Reflection.MethodBase:Invoke (object,object[])
AreaBattle.EditorTools.BattleBuild:ValidateIntegrated () (at Assets/AreaBattle/Editor/BattleBuild.cs:32)
AreaBattle.EditorTools.BattleBuild:ValidateMechanicsOnly () (at Assets/AreaBattle/Editor/BattleBuild.cs:18)

[Assets/AreaBattle/Editor/OutgameGuideBookBrowseValidation.cs line 29]

Assertion failed on expression: 'ShouldRunBehaviour()'
UnityEngine.Debug:ExtractStackTraceNoAlloc (byte*,int,string)
UnityEngine.StackTraceUtility:ExtractStackTrace () (at /Users/bokken/build/output/unity/unity/Runtime/Export/Scripting/StackTrace.cs:35)
UnityEngine.Component:SendMessage (string,object,UnityEngine.SendMessageOptions)
UnityEngine.Component:SendMessage (string) (at /Users/bokken/build/output/unity/unity/Runtime/Export/Scripting/Component.bindings.cs:248)
AreaBattle.EditorTools.OutgameGuideBookBrowseValidation/Fixture:.ctor (bool) (at Assets/AreaBattle/Editor/OutgameGuideBookBrowseValidation.cs:29)
AreaBattle.EditorTools.OutgameGuideBookBrowseValidation/<>c:<Run>b__4_5 () (at Assets/AreaBattle/Editor/OutgameGuideBookBrowseValidation.cs:95)
AreaBattle.EditorTools.OutgameGuideBookBrowseValidation/<>c__DisplayClass4_0:<Run>b__0 (string,System.Action) (at Assets/AreaBattle/Editor/OutgameGuideBookBrowseValidation.cs:48)
AreaBattle.EditorTools.OutgameGuideBookBrowseValidation:Run () (at Assets/AreaBattle/Editor/OutgameGuideBookBrowseValidation.cs:94)
System.Reflection.RuntimeMethodInfo:Invoke (object,System.Reflection.BindingFlags,System.Reflection.Binder,object[],System.Globalization.CultureInfo)
System.Reflection.MethodBase:Invoke (object,object[])
AreaBattle.EditorTools.BattleBuild:ValidateIntegrated () (at Assets/AreaBattle/Editor/BattleBuild.cs:32)
AreaBattle.EditorTools.BattleBuild:ValidateMechanicsOnly () (at Assets/AreaBattle/Editor/BattleBuild.cs:18)

[Assets/AreaBattle/Editor/OutgameGuideBookBrowseValidation.cs line 29]

Assertion failed on expression: 'ShouldRunBehaviour()'
UnityEngine.Debug:ExtractStackTraceNoAlloc (byte*,int,string)
UnityEngine.StackTraceUtility:ExtractStackTrace () (at /Users/bokken/build/output/unity/unity/Runtime/Export/Scripting/StackTrace.cs:35)
UnityEngine.Component:SendMessage (string,object,UnityEngine.SendMessageOptions)
UnityEngine.Component:SendMessage (string) (at /Users/bokken/build/output/unity/unity/Runtime/Export/Scripting/Component.bindings.cs:248)
AreaBattle.EditorTools.OutgameGuideBookBrowseValidation/<>c:<Run>b__4_5 () (at Assets/AreaBattle/Editor/OutgameGuideBookBrowseValidation.cs:96)
AreaBattle.EditorTools.OutgameGuideBookBrowseValidation/<>c__DisplayClass4_0:<Run>b__0 (string,System.Action) (at Assets/AreaBattle/Editor/OutgameGuideBookBrowseValidation.cs:48)
AreaBattle.EditorTools.OutgameGuideBookBrowseValidation:Run () (at Assets/AreaBattle/Editor/OutgameGuideBookBrowseValidation.cs:94)
System.Reflection.RuntimeMethodInfo:Invoke (object,System.Reflection.BindingFlags,System.Reflection.Binder,object[],System.Globalization.CultureInfo)
System.Reflection.MethodBase:Invoke (object,object[])
AreaBattle.EditorTools.BattleBuild:ValidateIntegrated () (at Assets/AreaBattle/Editor/BattleBuild.cs:32)
AreaBattle.EditorTools.BattleBuild:ValidateMechanicsOnly () (at Assets/AreaBattle/Editor/BattleBuild.cs:18)

[Assets/AreaBattle/Editor/OutgameGuideBookBrowseValidation.cs line 96]

Assertion failed on expression: 'ShouldRunBehaviour()'
UnityEngine.Debug:ExtractStackTraceNoAlloc (byte*,int,string)
UnityEngine.StackTraceUtility:ExtractStackTrace () (at /Users/bokken/build/output/unity/unity/Runtime/Export/Scripting/StackTrace.cs:35)
UnityEngine.Component:SendMessage (string,object,UnityEngine.SendMessageOptions)
UnityEngine.Component:SendMessage (string) (at /Users/bokken/build/output/unity/unity/Runtime/Export/Scripting/Component.bindings.cs:248)
AreaBattle.EditorTools.OutgameGuideBookBrowseValidation/Fixture:.ctor (bool) (at Assets/AreaBattle/Editor/OutgameGuideBookBrowseValidation.cs:29)
AreaBattle.EditorTools.OutgameGuideBookBrowseValidation/<>c:<Run>b__4_6 () (at Assets/AreaBattle/Editor/OutgameGuideBookBrowseValidation.cs:106)
AreaBattle.EditorTools.OutgameGuideBookBrowseValidation/<>c__DisplayClass4_0:<Run>b__0 (string,System.Action) (at Assets/AreaBattle/Editor/OutgameGuideBookBrowseValidation.cs:48)
AreaBattle.EditorTools.OutgameGuideBookBrowseValidation:Run () (at Assets/AreaBattle/Editor/OutgameGuideBookBrowseValidation.cs:105)
System.Reflection.RuntimeMethodInfo:Invoke (object,System.Reflection.BindingFlags,System.Reflection.Binder,object[],System.Globalization.CultureInfo)
System.Reflection.MethodBase:Invoke (object,object[])
AreaBattle.EditorTools.BattleBuild:ValidateIntegrated () (at Assets/AreaBattle/Editor/BattleBuild.cs:32)
AreaBattle.EditorTools.BattleBuild:ValidateMechanicsOnly () (at Assets/AreaBattle/Editor/BattleBuild.cs:18)

[Assets/AreaBattle/Editor/OutgameGuideBookBrowseValidation.cs line 29]

Assertion failed on expression: 'ShouldRunBehaviour()'
UnityEngine.Debug:ExtractStackTraceNoAlloc (byte*,int,string)
UnityEngine.StackTraceUtility:ExtractStackTrace () (at /Users/bokken/build/output/unity/unity/Runtime/Export/Scripting/StackTrace.cs:35)
UnityEngine.Component:SendMessage (string,object,UnityEngine.SendMessageOptions)
UnityEngine.Component:SendMessage (string) (at /Users/bokken/build/output/unity/unity/Runtime/Export/Scripting/Component.bindings.cs:248)
AreaBattle.EditorTools.OutgameGuideBookBrowseValidation/Fixture:.ctor (bool) (at Assets/AreaBattle/Editor/OutgameGuideBookBrowseValidation.cs:29)
AreaBattle.EditorTools.OutgameGuideBookBrowseValidation/<>c:<Run>b__4_6 () (at Assets/AreaBattle/Editor/OutgameGuideBookBrowseValidation.cs:106)
AreaBattle.EditorTools.OutgameGuideBookBrowseValidation/<>c__DisplayClass4_0:<Run>b__0 (string,System.Action) (at Assets/AreaBattle/Editor/OutgameGuideBookBrowseValidation.cs:48)
AreaBattle.EditorTools.OutgameGuideBookBrowseValidation:Run () (at Assets/AreaBattle/Editor/OutgameGuideBookBrowseValidation.cs:105)
System.Reflection.RuntimeMethodInfo:Invoke (object,System.Reflection.BindingFlags,System.Reflection.Binder,object[],System.Globalization.CultureInfo)
System.Reflection.MethodBase:Invoke (object,object[])
AreaBattle.EditorTools.BattleBuild:ValidateIntegrated () (at Assets/AreaBattle/Editor/BattleBuild.cs:32)
AreaBattle.EditorTools.BattleBuild:ValidateMechanicsOnly () (at Assets/AreaBattle/Editor/BattleBuild.cs:18)

[Assets/AreaBattle/Editor/OutgameGuideBookBrowseValidation.cs line 29]

Assertion failed on expression: 'ShouldRunBehaviour()'
UnityEngine.Debug:ExtractStackTraceNoAlloc (byte*,int,string)
UnityEngine.StackTraceUtility:ExtractStackTrace () (at /Users/bokken/build/output/unity/unity/Runtime/Export/Scripting/StackTrace.cs:35)
UnityEngine.Component:SendMessage (string,object,UnityEngine.SendMessageOptions)
UnityEngine.Component:SendMessage (string) (at /Users/bokken/build/output/unity/unity/Runtime/Export/Scripting/Component.bindings.cs:248)
AreaBattle.EditorTools.OutgameGuideBookBrowseValidation/Fixture:.ctor (bool) (at Assets/AreaBattle/Editor/OutgameGuideBookBrowseValidation.cs:29)
AreaBattle.EditorTools.OutgameGuideBookBrowseValidation/<>c:<Run>b__4_6 () (at Assets/AreaBattle/Editor/OutgameGuideBookBrowseValidation.cs:106)
AreaBattle.EditorTools.OutgameGuideBookBrowseValidation/<>c__DisplayClass4_0:<Run>b__0 (string,System.Action) (at Assets/AreaBattle/Editor/OutgameGuideBookBrowseValidation.cs:48)
AreaBattle.EditorTools.OutgameGuideBookBrowseValidation:Run () (at Assets/AreaBattle/Editor/OutgameGuideBookBrowseValidation.cs:105)
System.Reflection.RuntimeMethodInfo:Invoke (object,System.Reflection.BindingFlags,System.Reflection.Binder,object[],System.Globalization.CultureInfo)
System.Reflection.MethodBase:Invoke (object,object[])
AreaBattle.EditorTools.BattleBuild:ValidateIntegrated () (at Assets/AreaBattle/Editor/BattleBuild.cs:32)
AreaBattle.EditorTools.BattleBuild:ValidateMechanicsOnly () (at Assets/AreaBattle/Editor/BattleBuild.cs:18)

[Assets/AreaBattle/Editor/OutgameGuideBookBrowseValidation.cs line 29]

add touch begin handle:
UnityEngine.Debug:ExtractStackTraceNoAlloc (byte*,int,string)
UnityEngine.StackTraceUtility:ExtractStackTrace () (at /Users/bokken/build/output/unity/unity/Runtime/Export/Scripting/StackTrace.cs:35)
UnityEngine.DebugLogHandler:Internal_Log (UnityEngine.LogType,UnityEngine.LogOption,string,UnityEngine.Object)
UnityEngine.DebugLogHandler:LogFormat (UnityEngine.LogType,UnityEngine.Object,string,object[])
UnityEngine.Logger:Log (UnityEngine.LogType,object)
UnityEngine.Debug:Log (object)
AreaBattle.OutgameInputManager/<>c:<.ctor>b__104_0 (object[]) (at Assets/AreaBattle/Scripts/OutgameInputManager.cs:40)
AreaBattle.OutgameInputManager:add_TouchBegin (System.Action`2<single, single>) (at Assets/AreaBattle/Scripts/OutgameInputManager.cs:42)
AreaBattle.EditorTools.OutgameInputManagerValidation/Fixture:.ctor () (at Assets/AreaBattle/Editor/OutgameInputManagerValidation.cs:22)
AreaBattle.EditorTools.OutgameInputManagerValidation/<>c:<Run>b__6_1 () (at Assets/AreaBattle/Editor/OutgameInputManagerValidation.cs:31)
AreaBattle.EditorTools.OutgameInputManagerValidation/<>c__DisplayClass6_0:<Run>b__0 (string,System.Action) (at Assets/AreaBattle/Editor/OutgameInputManagerValidation.cs:30)
AreaBattle.EditorTools.OutgameInputManagerValidation:Run () (at Assets/AreaBattle/Editor/OutgameInputManagerValidation.cs:31)
System.Reflection.RuntimeMethodInfo:Invoke (object,System.Reflection.BindingFlags,System.Reflection.Binder,object[],System.Globalization.CultureInfo)
System.Reflection.MethodBase:Invoke (object,object[])
AreaBattle.EditorTools.BattleBuild:ValidateIntegrated () (at Assets/AreaBattle/Editor/BattleBuild.cs:32)
AreaBattle.EditorTools.BattleBuild:ValidateMechanicsOnly () (at Assets/AreaBattle/Editor/BattleBuild.cs:18)

(Filename: Assets/AreaBattle/Scripts/OutgameInputManager.cs Line: 40)

add touch begin handle:
UnityEngine.Debug:ExtractStackTraceNoAlloc (byte*,int,string)
UnityEngine.StackTraceUtility:ExtractStackTrace () (at /Users/bokken/build/output/unity/unity/Runtime/Export/Scripting/StackTrace.cs:35)
UnityEngine.DebugLogHandler:Internal_Log (UnityEngine.LogType,UnityEngine.LogOption,string,UnityEngine.Object)
UnityEngine.DebugLogHandler:LogFormat (UnityEngine.LogType,UnityEngine.Object,string,object[])
UnityEngine.Logger:Log (UnityEngine.LogType,object)
UnityEngine.Debug:Log (object)
AreaBattle.OutgameInputManager/<>c:<.ctor>b__104_0 (object[]) (at Assets/AreaBattle/Scripts/OutgameInputManager.cs:40)
AreaBattle.OutgameInputManager:add_TouchBegin (System.Action`2<single, single>) (at Assets/AreaBattle/Scripts/OutgameInputManager.cs:42)
AreaBattle.EditorTools.OutgameInputManagerValidation/Fixture:.ctor () (at Assets/AreaBattle/Editor/OutgameInputManagerValidation.cs:22)
AreaBattle.EditorTools.OutgameInputManagerValidation/<>c:<Run>b__6_1 () (at Assets/AreaBattle/Editor/OutgameInputManagerValidation.cs:31)
AreaBattle.EditorTools.OutgameInputManagerValidation/<>c__DisplayClass6_0:<Run>b__0 (string,System.Action) (at Assets/AreaBattle/Editor/OutgameInputManagerValidation.cs:30)
AreaBattle.EditorTools.OutgameInputManagerValidation:Run () (at Assets/AreaBattle/Editor/OutgameInputManagerValidation.cs:31)
System.Reflection.RuntimeMethodInfo:Invoke (object,System.Reflection.BindingFlags,System.Reflection.Binder,object[],System.Globalization.CultureInfo)
System.Reflection.MethodBase:Invoke (object,object[])
AreaBattle.EditorTools.BattleBuild:ValidateIntegrated () (at Assets/AreaBattle/Editor/BattleBuild.cs:32)
AreaBattle.EditorTools.BattleBuild:ValidateMechanicsOnly () (at Assets/AreaBattle/Editor/BattleBuild.cs:18)

(Filename: Assets/AreaBattle/Scripts/OutgameInputManager.cs Line: 40)

add touch begin handle:
UnityEngine.Debug:ExtractStackTraceNoAlloc (byte*,int,string)
UnityEngine.StackTraceUtility:ExtractStackTrace () (at /Users/bokken/build/output/unity/unity/Runtime/Export/Scripting/StackTrace.cs:35)
UnityEngine.DebugLogHandler:Internal_Log (UnityEngine.LogType,UnityEngine.LogOption,string,UnityEngine.Object)
UnityEngine.DebugLogHandler:LogFormat (UnityEngine.LogType,UnityEngine.Object,string,object[])
UnityEngine.Logger:Log (UnityEngine.LogType,object)
UnityEngine.Debug:Log (object)
AreaBattle.OutgameInputManager/<>c:<.ctor>b__104_0 (object[]) (at Assets/AreaBattle/Scripts/OutgameInputManager.cs:40)
AreaBattle.OutgameInputManager:add_TouchBegin (System.Action`2<single, single>) (at Assets/AreaBattle/Scripts/OutgameInputManager.cs:42)
AreaBattle.EditorTools.OutgameInputManagerValidation/Fixture:.ctor () (at Assets/AreaBattle/Editor/OutgameInputManagerValidation.cs:22)
AreaBattle.EditorTools.OutgameInputManagerValidation/<>c:<Run>b__6_1 () (at Assets/AreaBattle/Editor/OutgameInputManagerValidation.cs:31)
AreaBattle.EditorTools.OutgameInputManagerValidation/<>c__DisplayClass6_0:<Run>b__0 (string,System.Action) (at Assets/AreaBattle/Editor/OutgameInputManagerValidation.cs:30)
AreaBattle.EditorTools.OutgameInputManagerValidation:Run () (at Assets/AreaBattle/Editor/OutgameInputManagerValidation.cs:31)
System.Reflection.RuntimeMethodInfo:Invoke (object,System.Reflection.BindingFlags,System.Reflection.Binder,object[],System.Globalization.CultureInfo)
System.Reflection.MethodBase:Invoke (object,object[])
AreaBattle.EditorTools.BattleBuild:ValidateIntegrated () (at Assets/AreaBattle/Editor/BattleBuild.cs:32)
AreaBattle.EditorTools.BattleBuild:ValidateMechanicsOnly () (at Assets/AreaBattle/Editor/BattleBuild.cs:18)

(Filename: Assets/AreaBattle/Scripts/OutgameInputManager.cs Line: 40)

add touch begin handle:
UnityEngine.Debug:ExtractStackTraceNoAlloc (byte*,int,string)
UnityEngine.StackTraceUtility:ExtractStackTrace () (at /Users/bokken/build/output/unity/unity/Runtime/Export/Scripting/StackTrace.cs:35)
UnityEngine.DebugLogHandler:Internal_Log (UnityEngine.LogType,UnityEngine.LogOption,string,UnityEngine.Object)
UnityEngine.DebugLogHandler:LogFormat (UnityEngine.LogType,UnityEngine.Object,string,object[])
UnityEngine.Logger:Log (UnityEngine.LogType,object)
UnityEngine.Debug:Log (object)
AreaBattle.OutgameInputManager/<>c:<.ctor>b__104_0 (object[]) (at Assets/AreaBattle/Scripts/OutgameInputManager.cs:40)
AreaBattle.OutgameInputManager:add_TouchBegin (System.Action`2<single, single>) (at Assets/AreaBattle/Scripts/OutgameInputManager.cs:42)
AreaBattle.EditorTools.OutgameInputManagerValidation/Fixture:.ctor () (at Assets/AreaBattle/Editor/OutgameInputManagerValidation.cs:22)
AreaBattle.EditorTools.OutgameInputManagerValidation/<>c:<Run>b__6_1 () (at Assets/AreaBattle/Editor/OutgameInputManagerValidation.cs:31)
AreaBattle.EditorTools.OutgameInputManagerValidation/<>c__DisplayClass6_0:<Run>b__0 (string,System.Action) (at Assets/AreaBattle/Editor/OutgameInputManagerValidation.cs:30)
AreaBattle.EditorTools.OutgameInputManagerValidation:Run () (at Assets/AreaBattle/Editor/OutgameInputManagerValidation.cs:31)
System.Reflection.RuntimeMethodInfo:Invoke (object,System.Reflection.BindingFlags,System.Reflection.Binder,object[],System.Globalization.CultureInfo)
System.Reflection.MethodBase:Invoke (object,object[])
AreaBattle.EditorTools.BattleBuild:ValidateIntegrated () (at Assets/AreaBattle/Editor/BattleBuild.cs:32)
AreaBattle.EditorTools.BattleBuild:ValidateMechanicsOnly () (at Assets/AreaBattle/Editor/BattleBuild.cs:18)

(Filename: Assets/AreaBattle/Scripts/OutgameInputManager.cs Line: 40)

add touch begin handle:
UnityEngine.Debug:ExtractStackTraceNoAlloc (byte*,int,string)
UnityEngine.StackTraceUtility:ExtractStackTrace () (at /Users/bokken/build/output/unity/unity/Runtime/Export/Scripting/StackTrace.cs:35)
UnityEngine.DebugLogHandler:Internal_Log (UnityEngine.LogType,UnityEngine.LogOption,string,UnityEngine.Object)
UnityEngine.DebugLogHandler:LogFormat (UnityEngine.LogType,UnityEngine.Object,string,object[])
UnityEngine.Logger:Log (UnityEngine.LogType,object)
UnityEngine.Debug:Log (object)
AreaBattle.OutgameInputManager/<>c:<.ctor>b__104_0 (object[]) (at Assets/AreaBattle/Scripts/OutgameInputManager.cs:40)
AreaBattle.OutgameInputManager:add_TouchBegin (System.Action`2<single, single>) (at Assets/AreaBattle/Scripts/OutgameInputManager.cs:42)
AreaBattle.EditorTools.OutgameInputManagerValidation/Fixture:.ctor () (at Assets/AreaBattle/Editor/OutgameInputManagerValidation.cs:22)
AreaBattle.EditorTools.OutgameInputManagerValidation/<>c:<Run>b__6_2 () (at Assets/AreaBattle/Editor/OutgameInputManagerValidation.cs:32)
AreaBattle.EditorTools.OutgameInputManagerValidation/<>c__DisplayClass6_0:<Run>b__0 (string,System.Action) (at Assets/AreaBattle/Editor/OutgameInputManagerValidation.cs:30)
AreaBattle.EditorTools.OutgameInputManagerValidation:Run () (at Assets/AreaBattle/Editor/OutgameInputManagerValidation.cs:32)
System.Reflection.RuntimeMethodInfo:Invoke (object,System.Reflection.BindingFlags,System.Reflection.Binder,object[],System.Globalization.CultureInfo)
System.Reflection.MethodBase:Invoke (object,object[])
AreaBattle.EditorTools.BattleBuild:ValidateIntegrated () (at Assets/AreaBattle/Editor/BattleBuild.cs:32)
AreaBattle.EditorTools.BattleBuild:ValidateMechanicsOnly () (at Assets/AreaBattle/Editor/BattleBuild.cs:18)

(Filename: Assets/AreaBattle/Scripts/OutgameInputManager.cs Line: 40)

add touch begin handle:
UnityEngine.Debug:ExtractStackTraceNoAlloc (byte*,int,string)
UnityEngine.StackTraceUtility:ExtractStackTrace () (at /Users/bokken/build/output/unity/unity/Runtime/Export/Scripting/StackTrace.cs:35)
UnityEngine.DebugLogHandler:Internal_Log (UnityEngine.LogType,UnityEngine.LogOption,string,UnityEngine.Object)
UnityEngine.DebugLogHandler:LogFormat (UnityEngine.LogType,UnityEngine.Object,string,object[])
UnityEngine.Logger:Log (UnityEngine.LogType,object)
UnityEngine.Debug:Log (object)
AreaBattle.OutgameInputManager/<>c:<.ctor>b__104_0 (object[]) (at Assets/AreaBattle/Scripts/OutgameInputManager.cs:40)
AreaBattle.OutgameInputManager:add_TouchBegin (System.Action`2<single, single>) (at Assets/AreaBattle/Scripts/OutgameInputManager.cs:42)
AreaBattle.EditorTools.OutgameInputManagerValidation/Fixture:.ctor () (at Assets/AreaBattle/Editor/OutgameInputManagerValidation.cs:22)
AreaBattle.EditorTools.OutgameInputManagerValidation/<>c:<Run>b__6_3 () (at Assets/AreaBattle/Editor/OutgameInputManagerValidation.cs:33)
AreaBattle.EditorTools.OutgameInputManagerValidation/<>c__DisplayClass6_0:<Run>b__0 (string,System.Action) (at Assets/AreaBattle/Editor/OutgameInputManagerValidation.cs:30)
AreaBattle.EditorTools.OutgameInputManagerValidation:Run () (at Assets/AreaBattle/Editor/OutgameInputManagerValidation.cs:33)
System.Reflection.RuntimeMethodInfo:Invoke (object,System.Reflection.BindingFlags,System.Reflection.Binder,object[],System.Globalization.CultureInfo)
System.Reflection.MethodBase:Invoke (object,object[])
AreaBattle.EditorTools.BattleBuild:ValidateIntegrated () (at Assets/AreaBattle/Editor/BattleBuild.cs:32)
AreaBattle.EditorTools.BattleBuild:ValidateMechanicsOnly () (at Assets/AreaBattle/Editor/BattleBuild.cs:18)

(Filename: Assets/AreaBattle/Scripts/OutgameInputManager.cs Line: 40)

add touch begin handle:
UnityEngine.Debug:ExtractStackTraceNoAlloc (byte*,int,string)
UnityEngine.StackTraceUtility:ExtractStackTrace () (at /Users/bokken/build/output/unity/unity/Runtime/Export/Scripting/StackTrace.cs:35)
UnityEngine.DebugLogHandler:Internal_Log (UnityEngine.LogType,UnityEngine.LogOption,string,UnityEngine.Object)
UnityEngine.DebugLogHandler:LogFormat (UnityEngine.LogType,UnityEngine.Object,string,object[])
UnityEngine.Logger:Log (UnityEngine.LogType,object)
UnityEngine.Debug:Log (object)
AreaBattle.OutgameInputManager/<>c:<.ctor>b__104_0 (object[]) (at Assets/AreaBattle/Scripts/OutgameInputManager.cs:40)
AreaBattle.OutgameInputManager:add_TouchBegin (System.Action`2<single, single>) (at Assets/AreaBattle/Scripts/OutgameInputManager.cs:42)
AreaBattle.EditorTools.OutgameInputManagerValidation/Fixture:.ctor () (at Assets/AreaBattle/Editor/OutgameInputManagerValidation.cs:22)
AreaBattle.EditorTools.OutgameInputManagerValidation/<>c:<Run>b__6_4 () (at Assets/AreaBattle/Editor/OutgameInputManagerValidation.cs:34)
AreaBattle.EditorTools.OutgameInputManagerValidation/<>c__DisplayClass6_0:<Run>b__0 (string,System.Action) (at Assets/AreaBattle/Editor/OutgameInputManagerValidation.cs:30)
AreaBattle.EditorTools.OutgameInputManagerValidation:Run () (at Assets/AreaBattle/Editor/OutgameInputManagerValidation.cs:34)
System.Reflection.RuntimeMethodInfo:Invoke (object,System.Reflection.BindingFlags,System.Reflection.Binder,object[],System.Globalization.CultureInfo)
System.Reflection.MethodBase:Invoke (object,object[])
AreaBattle.EditorTools.BattleBuild:ValidateIntegrated () (at Assets/AreaBattle/Editor/BattleBuild.cs:32)
AreaBattle.EditorTools.BattleBuild:ValidateMechanicsOnly () (at Assets/AreaBattle/Editor/BattleBuild.cs:18)

(Filename: Assets/AreaBattle/Scripts/OutgameInputManager.cs Line: 40)

add touch begin handle:
UnityEngine.Debug:ExtractStackTraceNoAlloc (byte*,int,string)
UnityEngine.StackTraceUtility:ExtractStackTrace () (at /Users/bokken/build/output/unity/unity/Runtime/Export/Scripting/StackTrace.cs:35)
UnityEngine.DebugLogHandler:Internal_Log (UnityEngine.LogType,UnityEngine.LogOption,string,UnityEngine.Object)
UnityEngine.DebugLogHandler:LogFormat (UnityEngine.LogType,UnityEngine.Object,string,object[])
UnityEngine.Logger:Log (UnityEngine.LogType,object)
UnityEngine.Debug:Log (object)
AreaBattle.OutgameInputManager/<>c:<.ctor>b__104_0 (object[]) (at Assets/AreaBattle/Scripts/OutgameInputManager.cs:40)
AreaBattle.OutgameInputManager:add_TouchBegin (System.Action`2<single, single>) (at Assets/AreaBattle/Scripts/OutgameInputManager.cs:42)
AreaBattle.EditorTools.OutgameInputManagerValidation/Fixture:.ctor () (at Assets/AreaBattle/Editor/OutgameInputManagerValidation.cs:22)
AreaBattle.EditorTools.OutgameInputManagerValidation/<>c:<Run>b__6_5 () (at Assets/AreaBattle/Editor/OutgameInputManagerValidation.cs:35)
AreaBattle.EditorTools.OutgameInputManagerValidation/<>c__DisplayClass6_0:<Run>b__0 (string,System.Action) (at Assets/AreaBattle/Editor/OutgameInputManagerValidation.cs:30)
AreaBattle.EditorTools.OutgameInputManagerValidation:Run () (at Assets/AreaBattle/Editor/OutgameInputManagerValidation.cs:35)
System.Reflection.RuntimeMethodInfo:Invoke (object,System.Reflection.BindingFlags,System.Reflection.Binder,object[],System.Globalization.CultureInfo)
System.Reflection.MethodBase:Invoke (object,object[])
AreaBattle.EditorTools.BattleBuild:ValidateIntegrated () (at Assets/AreaBattle/Editor/BattleBuild.cs:32)
AreaBattle.EditorTools.BattleBuild:ValidateMechanicsOnly () (at Assets/AreaBattle/Editor/BattleBuild.cs:18)

(Filename: Assets/AreaBattle/Scripts/OutgameInputManager.cs Line: 40)

add touch begin handle:
UnityEngine.Debug:ExtractStackTraceNoAlloc (byte*,int,string)
UnityEngine.StackTraceUtility:ExtractStackTrace () (at /Users/bokken/build/output/unity/unity/Runtime/Export/Scripting/StackTrace.cs:35)
UnityEngine.DebugLogHandler:Internal_Log (UnityEngine.LogType,UnityEngine.LogOption,string,UnityEngine.Object)
UnityEngine.DebugLogHandler:LogFormat (UnityEngine.LogType,UnityEngine.Object,string,object[])
UnityEngine.Logger:Log (UnityEngine.LogType,object)
UnityEngine.Debug:Log (object)
AreaBattle.OutgameInputManager/<>c:<.ctor>b__104_0 (object[]) (at Assets/AreaBattle/Scripts/OutgameInputManager.cs:40)
AreaBattle.OutgameInputManager:add_TouchBegin (System.Action`2<single, single>) (at Assets/AreaBattle/Scripts/OutgameInputManager.cs:42)
AreaBattle.EditorTools.OutgameInputManagerValidation/Fixture:.ctor () (at Assets/AreaBattle/Editor/OutgameInputManagerValidation.cs:22)
AreaBattle.EditorTools.OutgameInputManagerValidation/<>c:<Run>b__6_6 () (at Assets/AreaBattle/Editor/OutgameInputManagerValidation.cs:36)
AreaBattle.EditorTools.OutgameInputManagerValidation/<>c__DisplayClass6_0:<Run>b__0 (string,System.Action) (at Assets/AreaBattle/Editor/OutgameInputManagerValidation.cs:30)
AreaBattle.EditorTools.OutgameInputManagerValidation:Run () (at Assets/AreaBattle/Editor/OutgameInputManagerValidation.cs:36)
System.Reflection.RuntimeMethodInfo:Invoke (object,System.Reflection.BindingFlags,System.Reflection.Binder,object[],System.Globalization.CultureInfo)
System.Reflection.MethodBase:Invoke (object,object[])
AreaBattle.EditorTools.BattleBuild:ValidateIntegrated () (at Assets/AreaBattle/Editor/BattleBuild.cs:32)
AreaBattle.EditorTools.BattleBuild:ValidateMechanicsOnly () (at Assets/AreaBattle/Editor/BattleBuild.cs:18)

(Filename: Assets/AreaBattle/Scripts/OutgameInputManager.cs Line: 40)

add touch begin handle:
UnityEngine.Debug:ExtractStackTraceNoAlloc (byte*,int,string)
UnityEngine.StackTraceUtility:ExtractStackTrace () (at /Users/bokken/build/output/unity/unity/Runtime/Export/Scripting/StackTrace.cs:35)
UnityEngine.DebugLogHandler:Internal_Log (UnityEngine.LogType,UnityEngine.LogOption,string,UnityEngine.Object)
UnityEngine.DebugLogHandler:LogFormat (UnityEngine.LogType,UnityEngine.Object,string,object[])
UnityEngine.Logger:Log (UnityEngine.LogType,object)
UnityEngine.Debug:Log (object)
AreaBattle.OutgameInputManager/<>c:<.ctor>b__104_0 (object[]) (at Assets/AreaBattle/Scripts/OutgameInputManager.cs:40)
AreaBattle.OutgameInputManager:add_TouchBegin (System.Action`2<single, single>) (at Assets/AreaBattle/Scripts/OutgameInputManager.cs:42)
AreaBattle.EditorTools.OutgameInputManagerValidation/Fixture:.ctor () (at Assets/AreaBattle/Editor/OutgameInputManagerValidation.cs:22)
AreaBattle.EditorTools.OutgameInputManagerValidation/<>c:<Run>b__6_7 () (at Assets/AreaBattle/Editor/OutgameInputManagerValidation.cs:37)
AreaBattle.EditorTools.OutgameInputManagerValidation/<>c__DisplayClass6_0:<Run>b__0 (string,System.Action) (at Assets/AreaBattle/Editor/OutgameInputManagerValidation.cs:30)
AreaBattle.EditorTools.OutgameInputManagerValidation:Run () (at Assets/AreaBattle/Editor/OutgameInputManagerValidation.cs:37)
System.Reflection.RuntimeMethodInfo:Invoke (object,System.Reflection.BindingFlags,System.Reflection.Binder,object[],System.Globalization.CultureInfo)
System.Reflection.MethodBase:Invoke (object,object[])
AreaBattle.EditorTools.BattleBuild:ValidateIntegrated () (at Assets/AreaBattle/Editor/BattleBuild.cs:32)
AreaBattle.EditorTools.BattleBuild:ValidateMechanicsOnly () (at Assets/AreaBattle/Editor/BattleBuild.cs:18)

(Filename: Assets/AreaBattle/Scripts/OutgameInputManager.cs Line: 40)

add touch begin handle:
UnityEngine.Debug:ExtractStackTraceNoAlloc (byte*,int,string)
UnityEngine.StackTraceUtility:ExtractStackTrace () (at /Users/bokken/build/output/unity/unity/Runtime/Export/Scripting/StackTrace.cs:35)
UnityEngine.DebugLogHandler:Internal_Log (UnityEngine.LogType,UnityEngine.LogOption,string,UnityEngine.Object)
UnityEngine.DebugLogHandler:LogFormat (UnityEngine.LogType,UnityEngine.Object,string,object[])
UnityEngine.Logger:Log (UnityEngine.LogType,object)
UnityEngine.Debug:Log (object)
AreaBattle.OutgameInputManager/<>c:<.ctor>b__104_0 (object[]) (at Assets/AreaBattle/Scripts/OutgameInputManager.cs:40)
AreaBattle.OutgameInputManager:add_TouchBegin (System.Action`2<single, single>) (at Assets/AreaBattle/Scripts/OutgameInputManager.cs:42)
AreaBattle.EditorTools.OutgameInputManagerValidation/Fixture:.ctor () (at Assets/AreaBattle/Editor/OutgameInputManagerValidation.cs:22)
AreaBattle.EditorTools.OutgameInputManagerValidation/<>c:<Run>b__6_8 () (at Assets/AreaBattle/Editor/OutgameInputManagerValidation.cs:38)
AreaBattle.EditorTools.OutgameInputManagerValidation/<>c__DisplayClass6_0:<Run>b__0 (string,System.Action) (at Assets/AreaBattle/Editor/OutgameInputManagerValidation.cs:30)
AreaBattle.EditorTools.OutgameInputManagerValidation:Run () (at Assets/AreaBattle/Editor/OutgameInputManagerValidation.cs:38)
System.Reflection.RuntimeMethodInfo:Invoke (object,System.Reflection.BindingFlags,System.Reflection.Binder,object[],System.Globalization.CultureInfo)
System.Reflection.MethodBase:Invoke (object,object[])
AreaBattle.EditorTools.BattleBuild:ValidateIntegrated () (at Assets/AreaBattle/Editor/BattleBuild.cs:32)
AreaBattle.EditorTools.BattleBuild:ValidateMechanicsOnly () (at Assets/AreaBattle/Editor/BattleBuild.cs:18)

(Filename: Assets/AreaBattle/Scripts/OutgameInputManager.cs Line: 40)

add touch begin handle:
UnityEngine.Debug:ExtractStackTraceNoAlloc (byte*,int,string)
UnityEngine.StackTraceUtility:ExtractStackTrace () (at /Users/bokken/build/output/unity/unity/Runtime/Export/Scripting/StackTrace.cs:35)
UnityEngine.DebugLogHandler:Internal_Log (UnityEngine.LogType,UnityEngine.LogOption,string,UnityEngine.Object)
UnityEngine.DebugLogHandler:LogFormat (UnityEngine.LogType,UnityEngine.Object,string,object[])
UnityEngine.Logger:Log (UnityEngine.LogType,object)
UnityEngine.Debug:Log (object)
AreaBattle.OutgameInputManager/<>c:<.ctor>b__104_0 (object[]) (at Assets/AreaBattle/Scripts/OutgameInputManager.cs:40)
AreaBattle.OutgameInputManager:add_TouchBegin (System.Action`2<single, single>) (at Assets/AreaBattle/Scripts/OutgameInputManager.cs:42)
AreaBattle.EditorTools.OutgameInputManagerValidation/Fixture:.ctor () (at Assets/AreaBattle/Editor/OutgameInputManagerValidation.cs:22)
AreaBattle.EditorTools.OutgameInputManagerValidation/<>c:<Run>b__6_9 () (at Assets/AreaBattle/Editor/OutgameInputManagerValidation.cs:39)
AreaBattle.EditorTools.OutgameInputManagerValidation/<>c__DisplayClass6_0:<Run>b__0 (string,System.Action) (at Assets/AreaBattle/Editor/OutgameInputManagerValidation.cs:30)
AreaBattle.EditorTools.OutgameInputManagerValidation:Run () (at Assets/AreaBattle/Editor/OutgameInputManagerValidation.cs:39)
System.Reflection.RuntimeMethodInfo:Invoke (object,System.Reflection.BindingFlags,System.Reflection.Binder,object[],System.Globalization.CultureInfo)
System.Reflection.MethodBase:Invoke (object,object[])
AreaBattle.EditorTools.BattleBuild:ValidateIntegrated () (at Assets/AreaBattle/Editor/BattleBuild.cs:32)
AreaBattle.EditorTools.BattleBuild:ValidateMechanicsOnly () (at Assets/AreaBattle/Editor/BattleBuild.cs:18)

(Filename: Assets/AreaBattle/Scripts/OutgameInputManager.cs Line: 40)

add touch begin handle:
UnityEngine.Debug:ExtractStackTraceNoAlloc (byte*,int,string)
UnityEngine.StackTraceUtility:ExtractStackTrace () (at /Users/bokken/build/output/unity/unity/Runtime/Export/Scripting/StackTrace.cs:35)
UnityEngine.DebugLogHandler:Internal_Log (UnityEngine.LogType,UnityEngine.LogOption,string,UnityEngine.Object)
UnityEngine.DebugLogHandler:LogFormat (UnityEngine.LogType,UnityEngine.Object,string,object[])
UnityEngine.Logger:Log (UnityEngine.LogType,object)
UnityEngine.Debug:Log (object)
AreaBattle.OutgameInputManager/<>c:<.ctor>b__104_0 (object[]) (at Assets/AreaBattle/Scripts/OutgameInputManager.cs:40)
AreaBattle.OutgameInputManager:add_TouchBegin (System.Action`2<single, single>) (at Assets/AreaBattle/Scripts/OutgameInputManager.cs:42)
AreaBattle.EditorTools.OutgameInputManagerValidation/Fixture:.ctor () (at Assets/AreaBattle/Editor/OutgameInputManagerValidation.cs:22)
AreaBattle.EditorTools.OutgameInputManagerValidation/<>c:<Run>b__6_10 () (at Assets/AreaBattle/Editor/OutgameInputManagerValidation.cs:40)
AreaBattle.EditorTools.OutgameInputManagerValidation/<>c__DisplayClass6_0:<Run>b__0 (string,System.Action) (at Assets/AreaBattle/Editor/OutgameInputManagerValidation.cs:30)
AreaBattle.EditorTools.OutgameInputManagerValidation:Run () (at Assets/AreaBattle/Editor/OutgameInputManagerValidation.cs:40)
System.Reflection.RuntimeMethodInfo:Invoke (object,System.Reflection.BindingFlags,System.Reflection.Binder,object[],System.Globalization.CultureInfo)
System.Reflection.MethodBase:Invoke (object,object[])
AreaBattle.EditorTools.BattleBuild:ValidateIntegrated () (at Assets/AreaBattle/Editor/BattleBuild.cs:32)
AreaBattle.EditorTools.BattleBuild:ValidateMechanicsOnly () (at Assets/AreaBattle/Editor/BattleBuild.cs:18)

(Filename: Assets/AreaBattle/Scripts/OutgameInputManager.cs Line: 40)

add touch begin handle:
UnityEngine.Debug:ExtractStackTraceNoAlloc (byte*,int,string)
UnityEngine.StackTraceUtility:ExtractStackTrace () (at /Users/bokken/build/output/unity/unity/Runtime/Export/Scripting/StackTrace.cs:35)
UnityEngine.DebugLogHandler:Internal_Log (UnityEngine.LogType,UnityEngine.LogOption,string,UnityEngine.Object)
UnityEngine.DebugLogHandler:LogFormat (UnityEngine.LogType,UnityEngine.Object,string,object[])
UnityEngine.Logger:Log (UnityEngine.LogType,object)
UnityEngine.Debug:Log (object)
AreaBattle.OutgameInputManager/<>c:<.ctor>b__104_0 (object[]) (at Assets/AreaBattle/Scripts/OutgameInputManager.cs:40)
AreaBattle.OutgameInputManager:add_TouchBegin (System.Action`2<single, single>) (at Assets/AreaBattle/Scripts/OutgameInputManager.cs:42)
AreaBattle.EditorTools.OutgameInputManagerValidation/Fixture:.ctor () (at Assets/AreaBattle/Editor/OutgameInputManagerValidation.cs:22)
AreaBattle.EditorTools.OutgameInputManagerValidation/<>c:<Run>b__6_11 () (at Assets/AreaBattle/Editor/OutgameInputManagerValidation.cs:41)
AreaBattle.EditorTools.OutgameInputManagerValidation/<>c__DisplayClass6_0:<Run>b__0 (string,System.Action) (at Assets/AreaBattle/Editor/OutgameInputManagerValidation.cs:30)
AreaBattle.EditorTools.OutgameInputManagerValidation:Run () (at Assets/AreaBattle/Editor/OutgameInputManagerValidation.cs:41)
System.Reflection.RuntimeMethodInfo:Invoke (object,System.Reflection.BindingFlags,System.Reflection.Binder,object[],System.Globalization.CultureInfo)
System.Reflection.MethodBase:Invoke (object,object[])
AreaBattle.EditorTools.BattleBuild:ValidateIntegrated () (at Assets/AreaBattle/Editor/BattleBuild.cs:32)
AreaBattle.EditorTools.BattleBuild:ValidateMechanicsOnly () (at Assets/AreaBattle/Editor/BattleBuild.cs:18)

(Filename: Assets/AreaBattle/Scripts/OutgameInputManager.cs Line: 40)

add touch begin handle:
UnityEngine.Debug:ExtractStackTraceNoAlloc (byte*,int,string)
UnityEngine.StackTraceUtility:ExtractStackTrace () (at /Users/bokken/build/output/unity/unity/Runtime/Export/Scripting/StackTrace.cs:35)
UnityEngine.DebugLogHandler:Internal_Log (UnityEngine.LogType,UnityEngine.LogOption,string,UnityEngine.Object)
UnityEngine.DebugLogHandler:LogFormat (UnityEngine.LogType,UnityEngine.Object,string,object[])
UnityEngine.Logger:Log (UnityEngine.LogType,object)
UnityEngine.Debug:Log (object)
AreaBattle.OutgameInputManager/<>c:<.ctor>b__104_0 (object[]) (at Assets/AreaBattle/Scripts/OutgameInputManager.cs:40)
AreaBattle.OutgameInputManager:add_TouchBegin (System.Action`2<single, single>) (at Assets/AreaBattle/Scripts/OutgameInputManager.cs:42)
AreaBattle.EditorTools.OutgameInputManagerValidation/Fixture:.ctor () (at Assets/AreaBattle/Editor/OutgameInputManagerValidation.cs:22)
AreaBattle.EditorTools.OutgameInputManagerValidation/<>c:<Run>b__6_12 () (at Assets/AreaBattle/Editor/OutgameInputManagerValidation.cs:42)
AreaBattle.EditorTools.OutgameInputManagerValidation/<>c__DisplayClass6_0:<Run>b__0 (string,System.Action) (at Assets/AreaBattle/Editor/OutgameInputManagerValidation.cs:30)
AreaBattle.EditorTools.OutgameInputManagerValidation:Run () (at Assets/AreaBattle/Editor/OutgameInputManagerValidation.cs:42)
System.Reflection.RuntimeMethodInfo:Invoke (object,System.Reflection.BindingFlags,System.Reflection.Binder,object[],System.Globalization.CultureInfo)
System.Reflection.MethodBase:Invoke (object,object[])
AreaBattle.EditorTools.BattleBuild:ValidateIntegrated () (at Assets/AreaBattle/Editor/BattleBuild.cs:32)
AreaBattle.EditorTools.BattleBuild:ValidateMechanicsOnly () (at Assets/AreaBattle/Editor/BattleBuild.cs:18)

(Filename: Assets/AreaBattle/Scripts/OutgameInputManager.cs Line: 40)

add touch begin handle:
UnityEngine.Debug:ExtractStackTraceNoAlloc (byte*,int,string)
UnityEngine.StackTraceUtility:ExtractStackTrace () (at /Users/bokken/build/output/unity/unity/Runtime/Export/Scripting/StackTrace.cs:35)
UnityEngine.DebugLogHandler:Internal_Log (UnityEngine.LogType,UnityEngine.LogOption,string,UnityEngine.Object)
UnityEngine.DebugLogHandler:LogFormat (UnityEngine.LogType,UnityEngine.Object,string,object[])
UnityEngine.Logger:Log (UnityEngine.LogType,object)
UnityEngine.Debug:Log (object)
AreaBattle.OutgameInputManager/<>c:<.ctor>b__104_0 (object[]) (at Assets/AreaBattle/Scripts/OutgameInputManager.cs:40)
AreaBattle.OutgameInputManager:add_TouchBegin (System.Action`2<single, single>) (at Assets/AreaBattle/Scripts/OutgameInputManager.cs:42)
AreaBattle.EditorTools.OutgameInputManagerValidation/Fixture:.ctor () (at Assets/AreaBattle/Editor/OutgameInputManagerValidation.cs:22)
AreaBattle.EditorTools.OutgameInputManagerValidation/<>c:<Run>b__6_13 () (at Assets/AreaBattle/Editor/OutgameInputManagerValidation.cs:43)
AreaBattle.EditorTools.OutgameInputManagerValidation/<>c__DisplayClass6_0:<Run>b__0 (string,System.Action) (at Assets/AreaBattle/Editor/OutgameInputManagerValidation.cs:30)
AreaBattle.EditorTools.OutgameInputManagerValidation:Run () (at Assets/AreaBattle/Editor/OutgameInputManagerValidation.cs:43)
System.Reflection.RuntimeMethodInfo:Invoke (object,System.Reflection.BindingFlags,System.Reflection.Binder,object[],System.Globalization.CultureInfo)
System.Reflection.MethodBase:Invoke (object,object[])
AreaBattle.EditorTools.BattleBuild:ValidateIntegrated () (at Assets/AreaBattle/Editor/BattleBuild.cs:32)
AreaBattle.EditorTools.BattleBuild:ValidateMechanicsOnly () (at Assets/AreaBattle/Editor/BattleBuild.cs:18)

(Filename: Assets/AreaBattle/Scripts/OutgameInputManager.cs Line: 40)

add touch begin handle:
UnityEngine.Debug:ExtractStackTraceNoAlloc (byte*,int,string)
UnityEngine.StackTraceUtility:ExtractStackTrace () (at /Users/bokken/build/output/unity/unity/Runtime/Export/Scripting/StackTrace.cs:35)
UnityEngine.DebugLogHandler:Internal_Log (UnityEngine.LogType,UnityEngine.LogOption,string,UnityEngine.Object)
UnityEngine.DebugLogHandler:LogFormat (UnityEngine.LogType,UnityEngine.Object,string,object[])
UnityEngine.Logger:Log (UnityEngine.LogType,object)
UnityEngine.Debug:Log (object)
AreaBattle.OutgameInputManager/<>c:<.ctor>b__104_0 (object[]) (at Assets/AreaBattle/Scripts/OutgameInputManager.cs:40)
AreaBattle.OutgameInputManager:add_TouchBegin (System.Action`2<single, single>) (at Assets/AreaBattle/Scripts/OutgameInputManager.cs:42)
AreaBattle.EditorTools.OutgameInputManagerValidation/Fixture:.ctor () (at Assets/AreaBattle/Editor/OutgameInputManagerValidation.cs:22)
AreaBattle.EditorTools.OutgameInputManagerValidation/<>c:<Run>b__6_14 () (at Assets/AreaBattle/Editor/OutgameInputManagerValidation.cs:44)
AreaBattle.EditorTools.OutgameInputManagerValidation/<>c__DisplayClass6_0:<Run>b__0 (string,System.Action) (at Assets/AreaBattle/Editor/OutgameInputManagerValidation.cs:30)
AreaBattle.EditorTools.OutgameInputManagerValidation:Run () (at Assets/AreaBattle/Editor/OutgameInputManagerValidation.cs:44)
System.Reflection.RuntimeMethodInfo:Invoke (object,System.Reflection.BindingFlags,System.Reflection.Binder,object[],System.Globalization.CultureInfo)
System.Reflection.MethodBase:Invoke (object,object[])
AreaBattle.EditorTools.BattleBuild:ValidateIntegrated () (at Assets/AreaBattle/Editor/BattleBuild.cs:32)
AreaBattle.EditorTools.BattleBuild:ValidateMechanicsOnly () (at Assets/AreaBattle/Editor/BattleBuild.cs:18)

(Filename: Assets/AreaBattle/Scripts/OutgameInputManager.cs Line: 40)

add touch begin handle:
UnityEngine.Debug:ExtractStackTraceNoAlloc (byte*,int,string)
UnityEngine.StackTraceUtility:ExtractStackTrace () (at /Users/bokken/build/output/unity/unity/Runtime/Export/Scripting/StackTrace.cs:35)
UnityEngine.DebugLogHandler:Internal_Log (UnityEngine.LogType,UnityEngine.LogOption,string,UnityEngine.Object)
UnityEngine.DebugLogHandler:LogFormat (UnityEngine.LogType,UnityEngine.Object,string,object[])
UnityEngine.Logger:Log (UnityEngine.LogType,object)
UnityEngine.Debug:Log (object)
AreaBattle.OutgameInputManager/<>c:<.ctor>b__104_0 (object[]) (at Assets/AreaBattle/Scripts/OutgameInputManager.cs:40)
AreaBattle.OutgameInputManager:add_TouchBegin (System.Action`2<single, single>) (at Assets/AreaBattle/Scripts/OutgameInputManager.cs:42)
AreaBattle.EditorTools.OutgameInputManagerValidation/Fixture:.ctor () (at Assets/AreaBattle/Editor/OutgameInputManagerValidation.cs:22)
AreaBattle.EditorTools.OutgameInputManagerValidation/<>c:<Run>b__6_15 () (at Assets/AreaBattle/Editor/OutgameInputManagerValidation.cs:45)
AreaBattle.EditorTools.OutgameInputManagerValidation/<>c__DisplayClass6_0:<Run>b__0 (string,System.Action) (at Assets/AreaBattle/Editor/OutgameInputManagerValidation.cs:30)
AreaBattle.EditorTools.OutgameInputManagerValidation:Run () (at Assets/AreaBattle/Editor/OutgameInputManagerValidation.cs:45)
System.Reflection.RuntimeMethodInfo:Invoke (object,System.Reflection.BindingFlags,System.Reflection.Binder,object[],System.Globalization.CultureInfo)
System.Reflection.MethodBase:Invoke (object,object[])
AreaBattle.EditorTools.BattleBuild:ValidateIntegrated () (at Assets/AreaBattle/Editor/BattleBuild.cs:32)
AreaBattle.EditorTools.BattleBuild:ValidateMechanicsOnly () (at Assets/AreaBattle/Editor/BattleBuild.cs:18)

(Filename: Assets/AreaBattle/Scripts/OutgameInputManager.cs Line: 40)

add touch begin handle:
UnityEngine.Debug:ExtractStackTraceNoAlloc (byte*,int,string)
UnityEngine.StackTraceUtility:ExtractStackTrace () (at /Users/bokken/build/output/unity/unity/Runtime/Export/Scripting/StackTrace.cs:35)
UnityEngine.DebugLogHandler:Internal_Log (UnityEngine.LogType,UnityEngine.LogOption,string,UnityEngine.Object)
UnityEngine.DebugLogHandler:LogFormat (UnityEngine.LogType,UnityEngine.Object,string,object[])
UnityEngine.Logger:Log (UnityEngine.LogType,object)
UnityEngine.Debug:Log (object)
AreaBattle.OutgameInputManager/<>c:<.ctor>b__104_0 (object[]) (at Assets/AreaBattle/Scripts/OutgameInputManager.cs:40)
AreaBattle.OutgameInputManager:add_TouchBegin (System.Action`2<single, single>) (at Assets/AreaBattle/Scripts/OutgameInputManager.cs:42)
AreaBattle.EditorTools.OutgameInputManagerValidation/Fixture:.ctor () (at Assets/AreaBattle/Editor/OutgameInputManagerValidation.cs:22)
AreaBattle.EditorTools.OutgameInputManagerValidation/<>c:<Run>b__6_16 () (at Assets/AreaBattle/Editor/OutgameInputManagerValidation.cs:46)
AreaBattle.EditorTools.OutgameInputManagerValidation/<>c__DisplayClass6_0:<Run>b__0 (string,System.Action) (at Assets/AreaBattle/Editor/OutgameInputManagerValidation.cs:30)
AreaBattle.EditorTools.OutgameInputManagerValidation:Run () (at Assets/AreaBattle/Editor/OutgameInputManagerValidation.cs:46)
System.Reflection.RuntimeMethodInfo:Invoke (object,System.Reflection.BindingFlags,System.Reflection.Binder,object[],System.Globalization.CultureInfo)
System.Reflection.MethodBase:Invoke (object,object[])
AreaBattle.EditorTools.BattleBuild:ValidateIntegrated () (at Assets/AreaBattle/Editor/BattleBuild.cs:32)
AreaBattle.EditorTools.BattleBuild:ValidateMechanicsOnly () (at Assets/AreaBattle/Editor/BattleBuild.cs:18)

(Filename: Assets/AreaBattle/Scripts/OutgameInputManager.cs Line: 40)

add touch begin handle:
UnityEngine.Debug:ExtractStackTraceNoAlloc (byte*,int,string)
UnityEngine.StackTraceUtility:ExtractStackTrace () (at /Users/bokken/build/output/unity/unity/Runtime/Export/Scripting/StackTrace.cs:35)
UnityEngine.DebugLogHandler:Internal_Log (UnityEngine.LogType,UnityEngine.LogOption,string,UnityEngine.Object)
UnityEngine.DebugLogHandler:LogFormat (UnityEngine.LogType,UnityEngine.Object,string,object[])
UnityEngine.Logger:Log (UnityEngine.LogType,object)
UnityEngine.Debug:Log (object)
AreaBattle.OutgameInputManager/<>c:<.ctor>b__104_0 (object[]) (at Assets/AreaBattle/Scripts/OutgameInputManager.cs:40)
AreaBattle.OutgameInputManager:add_TouchBegin (System.Action`2<single, single>) (at Assets/AreaBattle/Scripts/OutgameInputManager.cs:42)
AreaBattle.EditorTools.OutgameInputManagerValidation/Fixture:.ctor () (at Assets/AreaBattle/Editor/OutgameInputManagerValidation.cs:22)
AreaBattle.EditorTools.OutgameInputManagerValidation/<>c:<Run>b__6_17 () (at Assets/AreaBattle/Editor/OutgameInputManagerValidation.cs:47)
AreaBattle.EditorTools.OutgameInputManagerValidation/<>c__DisplayClass6_0:<Run>b__0 (string,System.Action) (at Assets/AreaBattle/Editor/OutgameInputManagerValidation.cs:30)
AreaBattle.EditorTools.OutgameInputManagerValidation:Run () (at Assets/AreaBattle/Editor/OutgameInputManagerValidation.cs:47)
System.Reflection.RuntimeMethodInfo:Invoke (object,System.Reflection.BindingFlags,System.Reflection.Binder,object[],System.Globalization.CultureInfo)
System.Reflection.MethodBase:Invoke (object,object[])
AreaBattle.EditorTools.BattleBuild:ValidateIntegrated () (at Assets/AreaBattle/Editor/BattleBuild.cs:32)
AreaBattle.EditorTools.BattleBuild:ValidateMechanicsOnly () (at Assets/AreaBattle/Editor/BattleBuild.cs:18)

(Filename: Assets/AreaBattle/Scripts/OutgameInputManager.cs Line: 40)

add touch begin handle:
UnityEngine.Debug:ExtractStackTraceNoAlloc (byte*,int,string)
UnityEngine.StackTraceUtility:ExtractStackTrace () (at /Users/bokken/build/output/unity/unity/Runtime/Export/Scripting/StackTrace.cs:35)
UnityEngine.DebugLogHandler:Internal_Log (UnityEngine.LogType,UnityEngine.LogOption,string,UnityEngine.Object)
UnityEngine.DebugLogHandler:LogFormat (UnityEngine.LogType,UnityEngine.Object,string,object[])
UnityEngine.Logger:Log (UnityEngine.LogType,object)
UnityEngine.Debug:Log (object)
AreaBattle.OutgameInputManager/<>c:<.ctor>b__104_0 (object[]) (at Assets/AreaBattle/Scripts/OutgameInputManager.cs:40)
AreaBattle.OutgameInputManager:add_TouchBegin (System.Action`2<single, single>) (at Assets/AreaBattle/Scripts/OutgameInputManager.cs:42)
AreaBattle.EditorTools.OutgameInputManagerValidation/Fixture:.ctor () (at Assets/AreaBattle/Editor/OutgameInputManagerValidation.cs:22)
AreaBattle.EditorTools.OutgameInputManagerValidation/<>c:<Run>b__6_18 () (at Assets/AreaBattle/Editor/OutgameInputManagerValidation.cs:48)
AreaBattle.EditorTools.OutgameInputManagerValidation/<>c__DisplayClass6_0:<Run>b__0 (string,System.Action) (at Assets/AreaBattle/Editor/OutgameInputManagerValidation.cs:30)
AreaBattle.EditorTools.OutgameInputManagerValidation:Run () (at Assets/AreaBattle/Editor/OutgameInputManagerValidation.cs:48)
System.Reflection.RuntimeMethodInfo:Invoke (object,System.Reflection.BindingFlags,System.Reflection.Binder,object[],System.Globalization.CultureInfo)
System.Reflection.MethodBase:Invoke (object,object[])
AreaBattle.EditorTools.BattleBuild:ValidateIntegrated () (at Assets/AreaBattle/Editor/BattleBuild.cs:32)
AreaBattle.EditorTools.BattleBuild:ValidateMechanicsOnly () (at Assets/AreaBattle/Editor/BattleBuild.cs:18)

(Filename: Assets/AreaBattle/Scripts/OutgameInputManager.cs Line: 40)

add touch begin handle:
UnityEngine.Debug:ExtractStackTraceNoAlloc (byte*,int,string)
UnityEngine.StackTraceUtility:ExtractStackTrace () (at /Users/bokken/build/output/unity/unity/Runtime/Export/Scripting/StackTrace.cs:35)
UnityEngine.DebugLogHandler:Internal_Log (UnityEngine.LogType,UnityEngine.LogOption,string,UnityEngine.Object)
UnityEngine.DebugLogHandler:LogFormat (UnityEngine.LogType,UnityEngine.Object,string,object[])
UnityEngine.Logger:Log (UnityEngine.LogType,object)
UnityEngine.Debug:Log (object)
AreaBattle.OutgameInputManager/<>c:<.ctor>b__104_0 (object[]) (at Assets/AreaBattle/Scripts/OutgameInputManager.cs:40)
AreaBattle.OutgameInputManager:add_TouchBegin (System.Action`2<single, single>) (at Assets/AreaBattle/Scripts/OutgameInputManager.cs:42)
AreaBattle.EditorTools.OutgameInputManagerValidation/Fixture:.ctor () (at Assets/AreaBattle/Editor/OutgameInputManagerValidation.cs:22)
AreaBattle.EditorTools.OutgameInputManagerValidation/<>c:<Run>b__6_19 () (at Assets/AreaBattle/Editor/OutgameInputManagerValidation.cs:49)
AreaBattle.EditorTools.OutgameInputManagerValidation/<>c__DisplayClass6_0:<Run>b__0 (string,System.Action) (at Assets/AreaBattle/Editor/OutgameInputManagerValidation.cs:30)
AreaBattle.EditorTools.OutgameInputManagerValidation:Run () (at Assets/AreaBattle/Editor/OutgameInputManagerValidation.cs:49)
System.Reflection.RuntimeMethodInfo:Invoke (object,System.Reflection.BindingFlags,System.Reflection.Binder,object[],System.Globalization.CultureInfo)
System.Reflection.MethodBase:Invoke (object,object[])
AreaBattle.EditorTools.BattleBuild:ValidateIntegrated () (at Assets/AreaBattle/Editor/BattleBuild.cs:32)
AreaBattle.EditorTools.BattleBuild:ValidateMechanicsOnly () (at Assets/AreaBattle/Editor/BattleBuild.cs:18)

(Filename: Assets/AreaBattle/Scripts/OutgameInputManager.cs Line: 40)

target[page (UnityEngine.GameObject)]找到了CanvasGroup，优先使用CanvasGroup控制UI渐隐
UnityEngine.Debug:ExtractStackTraceNoAlloc (byte*,int,string)
UnityEngine.StackTraceUtility:ExtractStackTrace () (at /Users/bokken/build/output/unity/unity/Runtime/Export/Scripting/StackTrace.cs:35)
UnityEngine.DebugLogHandler:Internal_Log (UnityEngine.LogType,UnityEngine.LogOption,string,UnityEngine.Object)
UnityEngine.DebugLogHandler:LogFormat (UnityEngine.LogType,UnityEngine.Object,string,object[])
UnityEngine.Logger:Log (UnityEngine.LogType,object)
UnityEngine.Debug:Log (object)
AreaBattle.OutgameUiAnimation/<ObjectAnim>d__10:MoveNext () (at Assets/AreaBattle/Scripts/OutgameUiAnimation.cs:41)
AreaBattle.EditorTools.OutgameLoginSyncValidation/<>c:<Run>b__53_84 () (at Assets/AreaBattle/Editor/OutgameLoginSyncValidation.cs:1479)
AreaBattle.EditorTools.OutgameLoginSyncValidation/<>c__DisplayClass53_0:<Run>b__0 (string,System.Action) (at Assets/AreaBattle/Editor/OutgameLoginSyncValidation.cs:527)
AreaBattle.EditorTools.OutgameLoginSyncValidation:Run () (at Assets/AreaBattle/Editor/OutgameLoginSyncValidation.cs:1471)
System.Reflection.RuntimeMethodInfo:Invoke (object,System.Reflection.BindingFlags,System.Reflection.Binder,object[],System.Globalization.CultureInfo)
System.Reflection.MethodBase:Invoke (object,object[])
AreaBattle.EditorTools.BattleBuild:ValidateIntegrated () (at Assets/AreaBattle/Editor/BattleBuild.cs:32)
AreaBattle.EditorTools.BattleBuild:ValidateMechanicsOnly () (at Assets/AreaBattle/Editor/BattleBuild.cs:18)

(Filename: Assets/AreaBattle/Scripts/OutgameUiAnimation.cs Line: 41)

Instantiating material due to calling renderer.material during edit mode. This will leak materials into the scene. You most likely want to use renderer.sharedMaterial instead.
UnityEngine.Debug:ExtractStackTraceNoAlloc (byte*,int,string)
UnityEngine.StackTraceUtility:ExtractStackTrace () (at /Users/bokken/build/output/unity/unity/Runtime/Export/Scripting/StackTrace.cs:35)
UnityEngine.Renderer:GetMaterial ()
UnityEngine.Renderer:get_material () (at /Users/bokken/build/output/unity/unity/Runtime/Export/Graphics/GraphicsRenderers.bindings.cs:180)
AreaBattle.RecoveredWayLineVisual:Initialize () (at Assets/AreaBattle/Scripts/RecoveredWayLineVisual.cs:33)
AreaBattle.RecoveredWayLineVisual:SetLine (UnityEngine.Vector3,UnityEngine.Vector3,UnityEngine.Color,UnityEngine.Color,bool,bool,single) (at Assets/AreaBattle/Scripts/RecoveredWayLineVisual.cs:56)
AreaBattle.RecoveredWayLineVisual:Synchronize (AreaBattle.LineState,AreaBattle.TowerState,AreaBattle.TowerState,UnityEngine.Color,UnityEngine.Color,single) (at Assets/AreaBattle/Scripts/RecoveredWayLineVisual.cs:46)
AreaBattle.RecoveredWayLineVisual:Synchronize (AreaBattle.LineState,AreaBattle.TowerState,AreaBattle.TowerState,single) (at Assets/AreaBattle/Scripts/RecoveredWayLineVisual.cs:21)
AreaBattle.BattleView:RefreshPresentation () (at Assets/AreaBattle/Scripts/BattleView.cs:566)
AreaBattle.BattleView:AdvanceFrame (single,single) (at Assets/AreaBattle/Scripts/BattleView.cs:374)
AreaBattle.EditorTools.OriginalVideoValidation/<>c:<Run>b__6_7 () (at Assets/AreaBattle/Editor/OriginalVideoValidation.cs:116)
AreaBattle.EditorTools.OriginalVideoValidation/<>c__DisplayClass6_0:<Run>b__0 (string,System.Action) (at Assets/AreaBattle/Editor/OriginalVideoValidation.cs:35)
AreaBattle.EditorTools.OriginalVideoValidation:Run () (at Assets/AreaBattle/Editor/OriginalVideoValidation.cs:107)
System.Reflection.RuntimeMethodInfo:Invoke (object,System.Reflection.BindingFlags,System.Reflection.Binder,object[],System.Globalization.CultureInfo)
System.Reflection.MethodBase:Invoke (object,object[])
AreaBattle.EditorTools.BattleBuild:ValidateIntegrated () (at Assets/AreaBattle/Editor/BattleBuild.cs:32)
AreaBattle.EditorTools.BattleBuild:ValidateMechanicsOnly () (at Assets/AreaBattle/Editor/BattleBuild.cs:18)

[Assets/AreaBattle/Scripts/RecoveredWayLineVisual.cs line 21]

Instantiating material due to calling renderer.material during edit mode. This will leak materials into the scene. You most likely want to use renderer.sharedMaterial instead.
UnityEngine.Debug:ExtractStackTraceNoAlloc (byte*,int,string)
UnityEngine.StackTraceUtility:ExtractStackTrace () (at /Users/bokken/build/output/unity/unity/Runtime/Export/Scripting/StackTrace.cs:35)
UnityEngine.Renderer:GetMaterial ()
UnityEngine.Renderer:get_material () (at /Users/bokken/build/output/unity/unity/Runtime/Export/Graphics/GraphicsRenderers.bindings.cs:180)
AreaBattle.RecoveredWayLineVisual:Initialize () (at Assets/AreaBattle/Scripts/RecoveredWayLineVisual.cs:33)
AreaBattle.RecoveredWayLineVisual:SetLine (UnityEngine.Vector3,UnityEngine.Vector3,UnityEngine.Color,UnityEngine.Color,bool,bool,single) (at Assets/AreaBattle/Scripts/RecoveredWayLineVisual.cs:56)
AreaBattle.RecoveredWayLineVisual:Synchronize (AreaBattle.LineState,AreaBattle.TowerState,AreaBattle.TowerState,UnityEngine.Color,UnityEngine.Color,single) (at Assets/AreaBattle/Scripts/RecoveredWayLineVisual.cs:46)
AreaBattle.RecoveredWayLineVisual:Synchronize (AreaBattle.LineState,AreaBattle.TowerState,AreaBattle.TowerState,single) (at Assets/AreaBattle/Scripts/RecoveredWayLineVisual.cs:21)
AreaBattle.BattleView:RefreshPresentation () (at Assets/AreaBattle/Scripts/BattleView.cs:566)
AreaBattle.BattleView:AdvanceFrame (single,single) (at Assets/AreaBattle/Scripts/BattleView.cs:374)
AreaBattle.EditorTools.OriginalVideoValidation/<>c:<Run>b__6_7 () (at Assets/AreaBattle/Editor/OriginalVideoValidation.cs:116)
AreaBattle.EditorTools.OriginalVideoValidation/<>c__DisplayClass6_0:<Run>b__0 (string,System.Action) (at Assets/AreaBattle/Editor/OriginalVideoValidation.cs:35)
AreaBattle.EditorTools.OriginalVideoValidation:Run () (at Assets/AreaBattle/Editor/OriginalVideoValidation.cs:107)
System.Reflection.RuntimeMethodInfo:Invoke (object,System.Reflection.BindingFlags,System.Reflection.Binder,object[],System.Globalization.CultureInfo)
System.Reflection.MethodBase:Invoke (object,object[])
AreaBattle.EditorTools.BattleBuild:ValidateIntegrated () (at Assets/AreaBattle/Editor/BattleBuild.cs:32)
AreaBattle.EditorTools.BattleBuild:ValidateMechanicsOnly () (at Assets/AreaBattle/Editor/BattleBuild.cs:18)

[Assets/AreaBattle/Scripts/RecoveredWayLineVisual.cs line 21]

Instantiating material due to calling renderer.material during edit mode. This will leak materials into the scene. You most likely want to use renderer.sharedMaterial instead.
UnityEngine.Debug:ExtractStackTraceNoAlloc (byte*,int,string)
UnityEngine.StackTraceUtility:ExtractStackTrace () (at /Users/bokken/build/output/unity/unity/Runtime/Export/Scripting/StackTrace.cs:35)
UnityEngine.Renderer:GetMaterial ()
UnityEngine.Renderer:get_material () (at /Users/bokken/build/output/unity/unity/Runtime/Export/Graphics/GraphicsRenderers.bindings.cs:180)
AreaBattle.RecoveredWayLineVisual:Initialize () (at Assets/AreaBattle/Scripts/RecoveredWayLineVisual.cs:33)
AreaBattle.RecoveredWayLineVisual:SetLine (UnityEngine.Vector3,UnityEngine.Vector3,UnityEngine.Color,UnityEngine.Color,bool,bool,single) (at Assets/AreaBattle/Scripts/RecoveredWayLineVisual.cs:56)
AreaBattle.RecoveredWayLineVisual:Synchronize (AreaBattle.LineState,AreaBattle.TowerState,AreaBattle.TowerState,UnityEngine.Color,UnityEngine.Color,single) (at Assets/AreaBattle/Scripts/RecoveredWayLineVisual.cs:46)
AreaBattle.RecoveredWayLineVisual:Synchronize (AreaBattle.LineState,AreaBattle.TowerState,AreaBattle.TowerState,single) (at Assets/AreaBattle/Scripts/RecoveredWayLineVisual.cs:21)
AreaBattle.BattleView:RefreshPresentation () (at Assets/AreaBattle/Scripts/BattleView.cs:566)
AreaBattle.BattleView:AdvanceFrame (single,single) (at Assets/AreaBattle/Scripts/BattleView.cs:374)
AreaBattle.EditorTools.OriginalVideoValidation/<>c:<Run>b__6_7 () (at Assets/AreaBattle/Editor/OriginalVideoValidation.cs:116)
AreaBattle.EditorTools.OriginalVideoValidation/<>c__DisplayClass6_0:<Run>b__0 (string,System.Action) (at Assets/AreaBattle/Editor/OriginalVideoValidation.cs:35)
AreaBattle.EditorTools.OriginalVideoValidation:Run () (at Assets/AreaBattle/Editor/OriginalVideoValidation.cs:107)
System.Reflection.RuntimeMethodInfo:Invoke (object,System.Reflection.BindingFlags,System.Reflection.Binder,object[],System.Globalization.CultureInfo)
System.Reflection.MethodBase:Invoke (object,object[])
AreaBattle.EditorTools.BattleBuild:ValidateIntegrated () (at Assets/AreaBattle/Editor/BattleBuild.cs:32)
AreaBattle.EditorTools.BattleBuild:ValidateMechanicsOnly () (at Assets/AreaBattle/Editor/BattleBuild.cs:18)

[Assets/AreaBattle/Scripts/RecoveredWayLineVisual.cs line 21]

Instantiating material due to calling renderer.material during edit mode. This will leak materials into the scene. You most likely want to use renderer.sharedMaterial instead.
UnityEngine.Debug:ExtractStackTraceNoAlloc (byte*,int,string)
UnityEngine.StackTraceUtility:ExtractStackTrace () (at /Users/bokken/build/output/unity/unity/Runtime/Export/Scripting/StackTrace.cs:35)
UnityEngine.Renderer:GetMaterial ()
UnityEngine.Renderer:get_material () (at /Users/bokken/build/output/unity/unity/Runtime/Export/Graphics/GraphicsRenderers.bindings.cs:180)
AreaBattle.RecoveredWayLineVisual:Initialize () (at Assets/AreaBattle/Scripts/RecoveredWayLineVisual.cs:33)
AreaBattle.RecoveredWayLineVisual:SetLine (UnityEngine.Vector3,UnityEngine.Vector3,UnityEngine.Color,UnityEngine.Color,bool,bool,single) (at Assets/AreaBattle/Scripts/RecoveredWayLineVisual.cs:56)
AreaBattle.RecoveredWayLineVisual:Synchronize (AreaBattle.LineState,AreaBattle.TowerState,AreaBattle.TowerState,UnityEngine.Color,UnityEngine.Color,single) (at Assets/AreaBattle/Scripts/RecoveredWayLineVisual.cs:46)
AreaBattle.RecoveredWayLineVisual:Synchronize (AreaBattle.LineState,AreaBattle.TowerState,AreaBattle.TowerState,single) (at Assets/AreaBattle/Scripts/RecoveredWayLineVisual.cs:21)
AreaBattle.BattleView:RefreshPresentation () (at Assets/AreaBattle/Scripts/BattleView.cs:566)
AreaBattle.BattleView:AdvanceFrame (single,single) (at Assets/AreaBattle/Scripts/BattleView.cs:374)
AreaBattle.EditorTools.OriginalVideoValidation/<>c:<Run>b__6_7 () (at Assets/AreaBattle/Editor/OriginalVideoValidation.cs:116)
AreaBattle.EditorTools.OriginalVideoValidation/<>c__DisplayClass6_0:<Run>b__0 (string,System.Action) (at Assets/AreaBattle/Editor/OriginalVideoValidation.cs:35)
AreaBattle.EditorTools.OriginalVideoValidation:Run () (at Assets/AreaBattle/Editor/OriginalVideoValidation.cs:107)
System.Reflection.RuntimeMethodInfo:Invoke (object,System.Reflection.BindingFlags,System.Reflection.Binder,object[],System.Globalization.CultureInfo)
System.Reflection.MethodBase:Invoke (object,object[])
AreaBattle.EditorTools.BattleBuild:ValidateIntegrated () (at Assets/AreaBattle/Editor/BattleBuild.cs:32)
AreaBattle.EditorTools.BattleBuild:ValidateMechanicsOnly () (at Assets/AreaBattle/Editor/BattleBuild.cs:18)

[Assets/AreaBattle/Scripts/RecoveredWayLineVisual.cs line 21]

AREABATTLE_GUIDE_VALIDATION_PASS 17
UnityEngine.Debug:ExtractStackTraceNoAlloc (byte*,int,string)
UnityEngine.StackTraceUtility:ExtractStackTrace () (at /Users/bokken/build/output/unity/unity/Runtime/Export/Scripting/StackTrace.cs:35)
UnityEngine.DebugLogHandler:Internal_Log (UnityEngine.LogType,UnityEngine.LogOption,string,UnityEngine.Object)
UnityEngine.DebugLogHandler:LogFormat (UnityEngine.LogType,UnityEngine.Object,string,object[])
UnityEngine.Logger:Log (UnityEngine.LogType,object)
UnityEngine.Debug:Log (object)
AreaBattle.EditorTools.GuideValidation:Run () (at Assets/AreaBattle/Editor/GuideValidation.cs:253)
System.Reflection.RuntimeMethodInfo:Invoke (object,System.Reflection.BindingFlags,System.Reflection.Binder,object[],System.Globalization.CultureInfo)
System.Reflection.MethodBase:Invoke (object,object[])
AreaBattle.EditorTools.BattleBuild:ValidateIntegrated () (at Assets/AreaBattle/Editor/BattleBuild.cs:32)
AreaBattle.EditorTools.BattleBuild:ValidateMechanicsOnly () (at Assets/AreaBattle/Editor/BattleBuild.cs:18)

(Filename: Assets/AreaBattle/Editor/GuideValidation.cs Line: 253)

Curl error 35: Cert verify failed. Certificate could not be verified (either omitted or unsupported). UnityTls error code: 7
Instantiating material due to calling renderer.material during edit mode. This will leak materials into the scene. You most likely want to use renderer.sharedMaterial instead.
UnityEngine.Debug:ExtractStackTraceNoAlloc (byte*,int,string)
UnityEngine.StackTraceUtility:ExtractStackTrace () (at /Users/bokken/build/output/unity/unity/Runtime/Export/Scripting/StackTrace.cs:35)
UnityEngine.Renderer:GetMaterial ()
UnityEngine.Renderer:get_material () (at /Users/bokken/build/output/unity/unity/Runtime/Export/Graphics/GraphicsRenderers.bindings.cs:180)
AreaBattle.RecoveredWayLineVisual:Initialize () (at Assets/AreaBattle/Scripts/RecoveredWayLineVisual.cs:33)
AreaBattle.RecoveredWayLineVisual:SetLine (UnityEngine.Vector3,UnityEngine.Vector3,UnityEngine.Color,UnityEngine.Color,bool,bool,single) (at Assets/AreaBattle/Scripts/RecoveredWayLineVisual.cs:56)
AreaBattle.RecoveredWayLineVisual:Synchronize (AreaBattle.LineState,AreaBattle.TowerState,AreaBattle.TowerState,UnityEngine.Color,UnityEngine.Color,single) (at Assets/AreaBattle/Scripts/RecoveredWayLineVisual.cs:46)
AreaBattle.RecoveredWayLineVisual:Synchronize (AreaBattle.LineState,AreaBattle.TowerState,AreaBattle.TowerState,single) (at Assets/AreaBattle/Scripts/RecoveredWayLineVisual.cs:21)
AreaBattle.BattleView:RefreshPresentation () (at Assets/AreaBattle/Scripts/BattleView.cs:566)
AreaBattle.BattleView:AdvanceFrame (single,single) (at Assets/AreaBattle/Scripts/BattleView.cs:374)
AreaBattle.EditorTools.SkillInputValidation/<>c__DisplayClass1_3:<Run>b__19 () (at Assets/AreaBattle/Editor/SkillInputValidation.cs:177)
AreaBattle.EditorTools.SkillInputValidation/<>c__DisplayClass1_0:<Run>b__0 (string,System.Action) (at Assets/AreaBattle/Editor/SkillInputValidation.cs:18)
AreaBattle.EditorTools.SkillInputValidation:Run () (at Assets/AreaBattle/Editor/SkillInputValidation.cs:152)
System.Reflection.RuntimeMethodInfo:Invoke (object,System.Reflection.BindingFlags,System.Reflection.Binder,object[],System.Globalization.CultureInfo)
System.Reflection.MethodBase:Invoke (object,object[])
AreaBattle.EditorTools.BattleBuild:ValidateIntegrated () (at Assets/AreaBattle/Editor/BattleBuild.cs:32)
AreaBattle.EditorTools.BattleBuild:ValidateMechanicsOnly () (at Assets/AreaBattle/Editor/BattleBuild.cs:18)

[Assets/AreaBattle/Scripts/RecoveredWayLineVisual.cs line 21]

Instantiating material due to calling renderer.material during edit mode. This will leak materials into the scene. You most likely want to use renderer.sharedMaterial instead.
UnityEngine.Debug:ExtractStackTraceNoAlloc (byte*,int,string)
UnityEngine.StackTraceUtility:ExtractStackTrace () (at /Users/bokken/build/output/unity/unity/Runtime/Export/Scripting/StackTrace.cs:35)
UnityEngine.Renderer:GetMaterial ()
UnityEngine.Renderer:get_material () (at /Users/bokken/build/output/unity/unity/Runtime/Export/Graphics/GraphicsRenderers.bindings.cs:180)
AreaBattle.RecoveredWayLineVisual:Initialize () (at Assets/AreaBattle/Scripts/RecoveredWayLineVisual.cs:33)
AreaBattle.RecoveredWayLineVisual:SetLine (UnityEngine.Vector3,UnityEngine.Vector3,UnityEngine.Color,UnityEngine.Color,bool,bool,single) (at Assets/AreaBattle/Scripts/RecoveredWayLineVisual.cs:56)
AreaBattle.RecoveredWayLineVisual:Synchronize (AreaBattle.LineState,AreaBattle.TowerState,AreaBattle.TowerState,UnityEngine.Color,UnityEngine.Color,single) (at Assets/AreaBattle/Scripts/RecoveredWayLineVisual.cs:46)
AreaBattle.RecoveredWayLineVisual:Synchronize (AreaBattle.LineState,AreaBattle.TowerState,AreaBattle.TowerState,single) (at Assets/AreaBattle/Scripts/RecoveredWayLineVisual.cs:21)
AreaBattle.BattleView:RefreshPresentation () (at Assets/AreaBattle/Scripts/BattleView.cs:566)
AreaBattle.BattleView:AdvanceFrame (single,single) (at Assets/AreaBattle/Scripts/BattleView.cs:374)
AreaBattle.EditorTools.SkillInputValidation/<>c__DisplayClass1_3:<Run>b__19 () (at Assets/AreaBattle/Editor/SkillInputValidation.cs:177)
AreaBattle.EditorTools.SkillInputValidation/<>c__DisplayClass1_0:<Run>b__0 (string,System.Action) (at Assets/AreaBattle/Editor/SkillInputValidation.cs:18)
AreaBattle.EditorTools.SkillInputValidation:Run () (at Assets/AreaBattle/Editor/SkillInputValidation.cs:152)
System.Reflection.RuntimeMethodInfo:Invoke (object,System.Reflection.BindingFlags,System.Reflection.Binder,object[],System.Globalization.CultureInfo)
System.Reflection.MethodBase:Invoke (object,object[])
AreaBattle.EditorTools.BattleBuild:ValidateIntegrated () (at Assets/AreaBattle/Editor/BattleBuild.cs:32)
AreaBattle.EditorTools.BattleBuild:ValidateMechanicsOnly () (at Assets/AreaBattle/Editor/BattleBuild.cs:18)

[Assets/AreaBattle/Scripts/RecoveredWayLineVisual.cs line 21]

Instantiating material due to calling renderer.material during edit mode. This will leak materials into the scene. You most likely want to use renderer.sharedMaterial instead.
UnityEngine.Debug:ExtractStackTraceNoAlloc (byte*,int,string)
UnityEngine.StackTraceUtility:ExtractStackTrace () (at /Users/bokken/build/output/unity/unity/Runtime/Export/Scripting/StackTrace.cs:35)
UnityEngine.Renderer:GetMaterial ()
UnityEngine.Renderer:get_material () (at /Users/bokken/build/output/unity/unity/Runtime/Export/Graphics/GraphicsRenderers.bindings.cs:180)
AreaBattle.RecoveredWayLineVisual:Initialize () (at Assets/AreaBattle/Scripts/RecoveredWayLineVisual.cs:33)
AreaBattle.RecoveredWayLineVisual:SetLine (UnityEngine.Vector3,UnityEngine.Vector3,UnityEngine.Color,UnityEngine.Color,bool,bool,single) (at Assets/AreaBattle/Scripts/RecoveredWayLineVisual.cs:56)
AreaBattle.RecoveredWayLineVisual:Synchronize (AreaBattle.LineState,AreaBattle.TowerState,AreaBattle.TowerState,UnityEngine.Color,UnityEngine.Color,single) (at Assets/AreaBattle/Scripts/RecoveredWayLineVisual.cs:46)
AreaBattle.RecoveredWayLineVisual:Synchronize (AreaBattle.LineState,AreaBattle.TowerState,AreaBattle.TowerState,single) (at Assets/AreaBattle/Scripts/RecoveredWayLineVisual.cs:21)
AreaBattle.BattleView:RefreshPresentation () (at Assets/AreaBattle/Scripts/BattleView.cs:566)
AreaBattle.BattleView:AdvanceFrame (single,single) (at Assets/AreaBattle/Scripts/BattleView.cs:374)
AreaBattle.EditorTools.SkillInputValidation/<>c__DisplayClass1_3:<Run>b__19 () (at Assets/AreaBattle/Editor/SkillInputValidation.cs:177)
AreaBattle.EditorTools.SkillInputValidation/<>c__DisplayClass1_0:<Run>b__0 (string,System.Action) (at Assets/AreaBattle/Editor/SkillInputValidation.cs:18)
AreaBattle.EditorTools.SkillInputValidation:Run () (at Assets/AreaBattle/Editor/SkillInputValidation.cs:152)
System.Reflection.RuntimeMethodInfo:Invoke (object,System.Reflection.BindingFlags,System.Reflection.Binder,object[],System.Globalization.CultureInfo)
System.Reflection.MethodBase:Invoke (object,object[])
AreaBattle.EditorTools.BattleBuild:ValidateIntegrated () (at Assets/AreaBattle/Editor/BattleBuild.cs:32)
AreaBattle.EditorTools.BattleBuild:ValidateMechanicsOnly () (at Assets/AreaBattle/Editor/BattleBuild.cs:18)

[Assets/AreaBattle/Scripts/RecoveredWayLineVisual.cs line 21]

Instantiating material due to calling renderer.material during edit mode. This will leak materials into the scene. You most likely want to use renderer.sharedMaterial instead.
UnityEngine.Debug:ExtractStackTraceNoAlloc (byte*,int,string)
UnityEngine.StackTraceUtility:ExtractStackTrace () (at /Users/bokken/build/output/unity/unity/Runtime/Export/Scripting/StackTrace.cs:35)
UnityEngine.Renderer:GetMaterial ()
UnityEngine.Renderer:get_material () (at /Users/bokken/build/output/unity/unity/Runtime/Export/Graphics/GraphicsRenderers.bindings.cs:180)
AreaBattle.RecoveredWayLineVisual:Initialize () (at Assets/AreaBattle/Scripts/RecoveredWayLineVisual.cs:33)
AreaBattle.RecoveredWayLineVisual:SetLine (UnityEngine.Vector3,UnityEngine.Vector3,UnityEngine.Color,UnityEngine.Color,bool,bool,single) (at Assets/AreaBattle/Scripts/RecoveredWayLineVisual.cs:56)
AreaBattle.RecoveredWayLineVisual:Synchronize (AreaBattle.LineState,AreaBattle.TowerState,AreaBattle.TowerState,UnityEngine.Color,UnityEngine.Color,single) (at Assets/AreaBattle/Scripts/RecoveredWayLineVisual.cs:46)
AreaBattle.RecoveredWayLineVisual:Synchronize (AreaBattle.LineState,AreaBattle.TowerState,AreaBattle.TowerState,single) (at Assets/AreaBattle/Scripts/RecoveredWayLineVisual.cs:21)
AreaBattle.BattleView:RefreshPresentation () (at Assets/AreaBattle/Scripts/BattleView.cs:566)
AreaBattle.BattleView:AdvanceFrame (single,single) (at Assets/AreaBattle/Scripts/BattleView.cs:374)
AreaBattle.EditorTools.SkillInputValidation/<>c__DisplayClass1_3:<Run>b__19 () (at Assets/AreaBattle/Editor/SkillInputValidation.cs:177)
AreaBattle.EditorTools.SkillInputValidation/<>c__DisplayClass1_0:<Run>b__0 (string,System.Action) (at Assets/AreaBattle/Editor/SkillInputValidation.cs:18)
AreaBattle.EditorTools.SkillInputValidation:Run () (at Assets/AreaBattle/Editor/SkillInputValidation.cs:152)
System.Reflection.RuntimeMethodInfo:Invoke (object,System.Reflection.BindingFlags,System.Reflection.Binder,object[],System.Globalization.CultureInfo)
System.Reflection.MethodBase:Invoke (object,object[])
AreaBattle.EditorTools.BattleBuild:ValidateIntegrated () (at Assets/AreaBattle/Editor/BattleBuild.cs:32)
AreaBattle.EditorTools.BattleBuild:ValidateMechanicsOnly () (at Assets/AreaBattle/Editor/BattleBuild.cs:18)

[Assets/AreaBattle/Scripts/RecoveredWayLineVisual.cs line 21]

Instantiating material due to calling renderer.material during edit mode. This will leak materials into the scene. You most likely want to use renderer.sharedMaterial instead.
UnityEngine.Debug:ExtractStackTraceNoAlloc (byte*,int,string)
UnityEngine.StackTraceUtility:ExtractStackTrace () (at /Users/bokken/build/output/unity/unity/Runtime/Export/Scripting/StackTrace.cs:35)
UnityEngine.Renderer:GetMaterial ()
UnityEngine.Renderer:get_material () (at /Users/bokken/build/output/unity/unity/Runtime/Export/Graphics/GraphicsRenderers.bindings.cs:180)
AreaBattle.RecoveredWayLineVisual:Initialize () (at Assets/AreaBattle/Scripts/RecoveredWayLineVisual.cs:33)
AreaBattle.RecoveredWayLineVisual:SetLine (UnityEngine.Vector3,UnityEngine.Vector3,UnityEngine.Color,UnityEngine.Color,bool,bool,single) (at Assets/AreaBattle/Scripts/RecoveredWayLineVisual.cs:56)
AreaBattle.RecoveredWayLineVisual:Synchronize (AreaBattle.LineState,AreaBattle.TowerState,AreaBattle.TowerState,UnityEngine.Color,UnityEngine.Color,single) (at Assets/AreaBattle/Scripts/RecoveredWayLineVisual.cs:46)
AreaBattle.RecoveredWayLineVisual:Synchronize (AreaBattle.LineState,AreaBattle.TowerState,AreaBattle.TowerState,single) (at Assets/AreaBattle/Scripts/RecoveredWayLineVisual.cs:21)
AreaBattle.BattleView:RefreshPresentation () (at Assets/AreaBattle/Scripts/BattleView.cs:566)
AreaBattle.BattleView:AdvanceFrame (single,single) (at Assets/AreaBattle/Scripts/BattleView.cs:374)
AreaBattle.EditorTools.SkillInputValidation/<>c__DisplayClass1_3:<Run>b__19 () (at Assets/AreaBattle/Editor/SkillInputValidation.cs:177)
AreaBattle.EditorTools.SkillInputValidation/<>c__DisplayClass1_0:<Run>b__0 (string,System.Action) (at Assets/AreaBattle/Editor/SkillInputValidation.cs:18)
AreaBattle.EditorTools.SkillInputValidation:Run () (at Assets/AreaBattle/Editor/SkillInputValidation.cs:152)
System.Reflection.RuntimeMethodInfo:Invoke (object,System.Reflection.BindingFlags,System.Reflection.Binder,object[],System.Globalization.CultureInfo)
System.Reflection.MethodBase:Invoke (object,object[])
AreaBattle.EditorTools.BattleBuild:ValidateIntegrated () (at Assets/AreaBattle/Editor/BattleBuild.cs:32)
AreaBattle.EditorTools.BattleBuild:ValidateMechanicsOnly () (at Assets/AreaBattle/Editor/BattleBuild.cs:18)

[Assets/AreaBattle/Scripts/RecoveredWayLineVisual.cs line 21]

Instantiating material due to calling renderer.material during edit mode. This will leak materials into the scene. You most likely want to use renderer.sharedMaterial instead.
UnityEngine.Debug:ExtractStackTraceNoAlloc (byte*,int,string)
UnityEngine.StackTraceUtility:ExtractStackTrace () (at /Users/bokken/build/output/unity/unity/Runtime/Export/Scripting/StackTrace.cs:35)
UnityEngine.Renderer:GetMaterial ()
UnityEngine.Renderer:get_material () (at /Users/bokken/build/output/unity/unity/Runtime/Export/Graphics/GraphicsRenderers.bindings.cs:180)
AreaBattle.RecoveredWayLineVisual:Initialize () (at Assets/AreaBattle/Scripts/RecoveredWayLineVisual.cs:33)
AreaBattle.RecoveredWayLineVisual:SetLine (UnityEngine.Vector3,UnityEngine.Vector3,UnityEngine.Color,UnityEngine.Color,bool,bool,single) (at Assets/AreaBattle/Scripts/RecoveredWayLineVisual.cs:56)
AreaBattle.RecoveredWayLineVisual:Synchronize (AreaBattle.LineState,AreaBattle.TowerState,AreaBattle.TowerState,UnityEngine.Color,UnityEngine.Color,single) (at Assets/AreaBattle/Scripts/RecoveredWayLineVisual.cs:46)
AreaBattle.RecoveredWayLineVisual:Synchronize (AreaBattle.LineState,AreaBattle.TowerState,AreaBattle.TowerState,single) (at Assets/AreaBattle/Scripts/RecoveredWayLineVisual.cs:21)
AreaBattle.BattleView:RefreshPresentation () (at Assets/AreaBattle/Scripts/BattleView.cs:566)
AreaBattle.BattleView:AdvanceFrame (single,single) (at Assets/AreaBattle/Scripts/BattleView.cs:374)
AreaBattle.EditorTools.SkillInputValidation/<>c__DisplayClass1_3:<Run>b__19 () (at Assets/AreaBattle/Editor/SkillInputValidation.cs:177)
AreaBattle.EditorTools.SkillInputValidation/<>c__DisplayClass1_0:<Run>b__0 (string,System.Action) (at Assets/AreaBattle/Editor/SkillInputValidation.cs:18)
AreaBattle.EditorTools.SkillInputValidation:Run () (at Assets/AreaBattle/Editor/SkillInputValidation.cs:152)
System.Reflection.RuntimeMethodInfo:Invoke (object,System.Reflection.BindingFlags,System.Reflection.Binder,object[],System.Globalization.CultureInfo)
System.Reflection.MethodBase:Invoke (object,object[])
AreaBattle.EditorTools.BattleBuild:ValidateIntegrated () (at Assets/AreaBattle/Editor/BattleBuild.cs:32)
AreaBattle.EditorTools.BattleBuild:ValidateMechanicsOnly () (at Assets/AreaBattle/Editor/BattleBuild.cs:18)

[Assets/AreaBattle/Scripts/RecoveredWayLineVisual.cs line 21]

Instantiating material due to calling renderer.material during edit mode. This will leak materials into the scene. You most likely want to use renderer.sharedMaterial instead.
UnityEngine.Debug:ExtractStackTraceNoAlloc (byte*,int,string)
UnityEngine.StackTraceUtility:ExtractStackTrace () (at /Users/bokken/build/output/unity/unity/Runtime/Export/Scripting/StackTrace.cs:35)
UnityEngine.Renderer:GetMaterial ()
UnityEngine.Renderer:get_material () (at /Users/bokken/build/output/unity/unity/Runtime/Export/Graphics/GraphicsRenderers.bindings.cs:180)
AreaBattle.RecoveredWayLineVisual:Initialize () (at Assets/AreaBattle/Scripts/RecoveredWayLineVisual.cs:33)
AreaBattle.RecoveredWayLineVisual:SetLine (UnityEngine.Vector3,UnityEngine.Vector3,UnityEngine.Color,UnityEngine.Color,bool,bool,single) (at Assets/AreaBattle/Scripts/RecoveredWayLineVisual.cs:56)
AreaBattle.RecoveredWayLineVisual:Synchronize (AreaBattle.LineState,AreaBattle.TowerState,AreaBattle.TowerState,UnityEngine.Color,UnityEngine.Color,single) (at Assets/AreaBattle/Scripts/RecoveredWayLineVisual.cs:46)
AreaBattle.RecoveredWayLineVisual:Synchronize (AreaBattle.LineState,AreaBattle.TowerState,AreaBattle.TowerState,single) (at Assets/AreaBattle/Scripts/RecoveredWayLineVisual.cs:21)
AreaBattle.BattleView:RefreshPresentation () (at Assets/AreaBattle/Scripts/BattleView.cs:566)
AreaBattle.BattleView:AdvanceFrame (single,single) (at Assets/AreaBattle/Scripts/BattleView.cs:374)
AreaBattle.EditorTools.SkillInputValidation/<>c__DisplayClass1_3:<Run>b__19 () (at Assets/AreaBattle/Editor/SkillInputValidation.cs:177)
AreaBattle.EditorTools.SkillInputValidation/<>c__DisplayClass1_0:<Run>b__0 (string,System.Action) (at Assets/AreaBattle/Editor/SkillInputValidation.cs:18)
AreaBattle.EditorTools.SkillInputValidation:Run () (at Assets/AreaBattle/Editor/SkillInputValidation.cs:152)
System.Reflection.RuntimeMethodInfo:Invoke (object,System.Reflection.BindingFlags,System.Reflection.Binder,object[],System.Globalization.CultureInfo)
System.Reflection.MethodBase:Invoke (object,object[])
AreaBattle.EditorTools.BattleBuild:ValidateIntegrated () (at Assets/AreaBattle/Editor/BattleBuild.cs:32)
AreaBattle.EditorTools.BattleBuild:ValidateMechanicsOnly () (at Assets/AreaBattle/Editor/BattleBuild.cs:18)

[Assets/AreaBattle/Scripts/RecoveredWayLineVisual.cs line 21]

Instantiating material due to calling renderer.material during edit mode. This will leak materials into the scene. You most likely want to use renderer.sharedMaterial instead.
UnityEngine.Debug:ExtractStackTraceNoAlloc (byte*,int,string)
UnityEngine.StackTraceUtility:ExtractStackTrace () (at /Users/bokken/build/output/unity/unity/Runtime/Export/Scripting/StackTrace.cs:35)
UnityEngine.Renderer:GetMaterial ()
UnityEngine.Renderer:get_material () (at /Users/bokken/build/output/unity/unity/Runtime/Export/Graphics/GraphicsRenderers.bindings.cs:180)
AreaBattle.RecoveredWayLineVisual:Initialize () (at Assets/AreaBattle/Scripts/RecoveredWayLineVisual.cs:33)
AreaBattle.RecoveredWayLineVisual:SetLine (UnityEngine.Vector3,UnityEngine.Vector3,UnityEngine.Color,UnityEngine.Color,bool,bool,single) (at Assets/AreaBattle/Scripts/RecoveredWayLineVisual.cs:56)
AreaBattle.RecoveredWayLineVisual:Synchronize (AreaBattle.LineState,AreaBattle.TowerState,AreaBattle.TowerState,UnityEngine.Color,UnityEngine.Color,single) (at Assets/AreaBattle/Scripts/RecoveredWayLineVisual.cs:46)
AreaBattle.RecoveredWayLineVisual:Synchronize (AreaBattle.LineState,AreaBattle.TowerState,AreaBattle.TowerState,single) (at Assets/AreaBattle/Scripts/RecoveredWayLineVisual.cs:21)
AreaBattle.BattleView:RefreshPresentation () (at Assets/AreaBattle/Scripts/BattleView.cs:566)
AreaBattle.BattleView:AdvanceFrame (single,single) (at Assets/AreaBattle/Scripts/BattleView.cs:374)
AreaBattle.EditorTools.SkillInputValidation/<>c__DisplayClass1_3:<Run>b__19 () (at Assets/AreaBattle/Editor/SkillInputValidation.cs:177)
AreaBattle.EditorTools.SkillInputValidation/<>c__DisplayClass1_0:<Run>b__0 (string,System.Action) (at Assets/AreaBattle/Editor/SkillInputValidation.cs:18)
AreaBattle.EditorTools.SkillInputValidation:Run () (at Assets/AreaBattle/Editor/SkillInputValidation.cs:152)
System.Reflection.RuntimeMethodInfo:Invoke (object,System.Reflection.BindingFlags,System.Reflection.Binder,object[],System.Globalization.CultureInfo)
System.Reflection.MethodBase:Invoke (object,object[])
AreaBattle.EditorTools.BattleBuild:ValidateIntegrated () (at Assets/AreaBattle/Editor/BattleBuild.cs:32)
AreaBattle.EditorTools.BattleBuild:ValidateMechanicsOnly () (at Assets/AreaBattle/Editor/BattleBuild.cs:18)

[Assets/AreaBattle/Scripts/RecoveredWayLineVisual.cs line 21]

Instantiating material due to calling renderer.material during edit mode. This will leak materials into the scene. You most likely want to use renderer.sharedMaterial instead.
UnityEngine.Debug:ExtractStackTraceNoAlloc (byte*,int,string)
UnityEngine.StackTraceUtility:ExtractStackTrace () (at /Users/bokken/build/output/unity/unity/Runtime/Export/Scripting/StackTrace.cs:35)
UnityEngine.Renderer:GetMaterial ()
UnityEngine.Renderer:get_material () (at /Users/bokken/build/output/unity/unity/Runtime/Export/Graphics/GraphicsRenderers.bindings.cs:180)
AreaBattle.RecoveredWayLineVisual:Initialize () (at Assets/AreaBattle/Scripts/RecoveredWayLineVisual.cs:33)
AreaBattle.RecoveredWayLineVisual:SetLine (UnityEngine.Vector3,UnityEngine.Vector3,UnityEngine.Color,UnityEngine.Color,bool,bool,single) (at Assets/AreaBattle/Scripts/RecoveredWayLineVisual.cs:56)
AreaBattle.RecoveredWayLineVisual:Synchronize (AreaBattle.LineState,AreaBattle.TowerState,AreaBattle.TowerState,UnityEngine.Color,UnityEngine.Color,single) (at Assets/AreaBattle/Scripts/RecoveredWayLineVisual.cs:46)
AreaBattle.RecoveredWayLineVisual:Synchronize (AreaBattle.LineState,AreaBattle.TowerState,AreaBattle.TowerState,single) (at Assets/AreaBattle/Scripts/RecoveredWayLineVisual.cs:21)
AreaBattle.BattleView:RefreshPresentation () (at Assets/AreaBattle/Scripts/BattleView.cs:566)
AreaBattle.BattleView:AdvanceFrame (single,single) (at Assets/AreaBattle/Scripts/BattleView.cs:374)
AreaBattle.EditorTools.SkillInputValidation/<>c__DisplayClass1_3:<Run>b__19 () (at Assets/AreaBattle/Editor/SkillInputValidation.cs:177)
AreaBattle.EditorTools.SkillInputValidation/<>c__DisplayClass1_0:<Run>b__0 (string,System.Action) (at Assets/AreaBattle/Editor/SkillInputValidation.cs:18)
AreaBattle.EditorTools.SkillInputValidation:Run () (at Assets/AreaBattle/Editor/SkillInputValidation.cs:152)
System.Reflection.RuntimeMethodInfo:Invoke (object,System.Reflection.BindingFlags,System.Reflection.Binder,object[],System.Globalization.CultureInfo)
System.Reflection.MethodBase:Invoke (object,object[])
AreaBattle.EditorTools.BattleBuild:ValidateIntegrated () (at Assets/AreaBattle/Editor/BattleBuild.cs:32)
AreaBattle.EditorTools.BattleBuild:ValidateMechanicsOnly () (at Assets/AreaBattle/Editor/BattleBuild.cs:18)

[Assets/AreaBattle/Scripts/RecoveredWayLineVisual.cs line 21]

Instantiating material due to calling renderer.material during edit mode. This will leak materials into the scene. You most likely want to use renderer.sharedMaterial instead.
UnityEngine.Debug:ExtractStackTraceNoAlloc (byte*,int,string)
UnityEngine.StackTraceUtility:ExtractStackTrace () (at /Users/bokken/build/output/unity/unity/Runtime/Export/Scripting/StackTrace.cs:35)
UnityEngine.Renderer:GetMaterial ()
UnityEngine.Renderer:get_material () (at /Users/bokken/build/output/unity/unity/Runtime/Export/Graphics/GraphicsRenderers.bindings.cs:180)
AreaBattle.RecoveredWayLineVisual:Initialize () (at Assets/AreaBattle/Scripts/RecoveredWayLineVisual.cs:33)
AreaBattle.RecoveredWayLineVisual:SetLine (UnityEngine.Vector3,UnityEngine.Vector3,UnityEngine.Color,UnityEngine.Color,bool,bool,single) (at Assets/AreaBattle/Scripts/RecoveredWayLineVisual.cs:56)
AreaBattle.RecoveredWayLineVisual:Synchronize (AreaBattle.LineState,AreaBattle.TowerState,AreaBattle.TowerState,UnityEngine.Color,UnityEngine.Color,single) (at Assets/AreaBattle/Scripts/RecoveredWayLineVisual.cs:46)
AreaBattle.RecoveredWayLineVisual:Synchronize (AreaBattle.LineState,AreaBattle.TowerState,AreaBattle.TowerState,single) (at Assets/AreaBattle/Scripts/RecoveredWayLineVisual.cs:21)
AreaBattle.BattleView:RefreshPresentation () (at Assets/AreaBattle/Scripts/BattleView.cs:566)
AreaBattle.BattleView:AdvanceFrame (single,single) (at Assets/AreaBattle/Scripts/BattleView.cs:374)
AreaBattle.EditorTools.SkillInputValidation/<>c__DisplayClass1_3:<Run>b__19 () (at Assets/AreaBattle/Editor/SkillInputValidation.cs:177)
AreaBattle.EditorTools.SkillInputValidation/<>c__DisplayClass1_0:<Run>b__0 (string,System.Action) (at Assets/AreaBattle/Editor/SkillInputValidation.cs:18)
AreaBattle.EditorTools.SkillInputValidation:Run () (at Assets/AreaBattle/Editor/SkillInputValidation.cs:152)
System.Reflection.RuntimeMethodInfo:Invoke (object,System.Reflection.BindingFlags,System.Reflection.Binder,object[],System.Globalization.CultureInfo)
System.Reflection.MethodBase:Invoke (object,object[])
AreaBattle.EditorTools.BattleBuild:ValidateIntegrated () (at Assets/AreaBattle/Editor/BattleBuild.cs:32)
AreaBattle.EditorTools.BattleBuild:ValidateMechanicsOnly () (at Assets/AreaBattle/Editor/BattleBuild.cs:18)

[Assets/AreaBattle/Scripts/RecoveredWayLineVisual.cs line 21]

Instantiating material due to calling renderer.material during edit mode. This will leak materials into the scene. You most likely want to use renderer.sharedMaterial instead.
UnityEngine.Debug:ExtractStackTraceNoAlloc (byte*,int,string)
UnityEngine.StackTraceUtility:ExtractStackTrace () (at /Users/bokken/build/output/unity/unity/Runtime/Export/Scripting/StackTrace.cs:35)
UnityEngine.Renderer:GetMaterial ()
UnityEngine.Renderer:get_material () (at /Users/bokken/build/output/unity/unity/Runtime/Export/Graphics/GraphicsRenderers.bindings.cs:180)
AreaBattle.RecoveredWayLineVisual:Initialize () (at Assets/AreaBattle/Scripts/RecoveredWayLineVisual.cs:33)
AreaBattle.RecoveredWayLineVisual:SetLine (UnityEngine.Vector3,UnityEngine.Vector3,UnityEngine.Color,UnityEngine.Color,bool,bool,single) (at Assets/AreaBattle/Scripts/RecoveredWayLineVisual.cs:56)
AreaBattle.RecoveredWayLineVisual:Synchronize (AreaBattle.LineState,AreaBattle.TowerState,AreaBattle.TowerState,UnityEngine.Color,UnityEngine.Color,single) (at Assets/AreaBattle/Scripts/RecoveredWayLineVisual.cs:46)
AreaBattle.RecoveredWayLineVisual:Synchronize (AreaBattle.LineState,AreaBattle.TowerState,AreaBattle.TowerState,single) (at Assets/AreaBattle/Scripts/RecoveredWayLineVisual.cs:21)
AreaBattle.BattleView:RefreshPresentation () (at Assets/AreaBattle/Scripts/BattleView.cs:566)
AreaBattle.BattleView:AdvanceFrame (single,single) (at Assets/AreaBattle/Scripts/BattleView.cs:374)
AreaBattle.EditorTools.SkillInputValidation/<>c__DisplayClass1_3:<Run>b__19 () (at Assets/AreaBattle/Editor/SkillInputValidation.cs:177)
AreaBattle.EditorTools.SkillInputValidation/<>c__DisplayClass1_0:<Run>b__0 (string,System.Action) (at Assets/AreaBattle/Editor/SkillInputValidation.cs:18)
AreaBattle.EditorTools.SkillInputValidation:Run () (at Assets/AreaBattle/Editor/SkillInputValidation.cs:152)
System.Reflection.RuntimeMethodInfo:Invoke (object,System.Reflection.BindingFlags,System.Reflection.Binder,object[],System.Globalization.CultureInfo)
System.Reflection.MethodBase:Invoke (object,object[])
AreaBattle.EditorTools.BattleBuild:ValidateIntegrated () (at Assets/AreaBattle/Editor/BattleBuild.cs:32)
AreaBattle.EditorTools.BattleBuild:ValidateMechanicsOnly () (at Assets/AreaBattle/Editor/BattleBuild.cs:18)

[Assets/AreaBattle/Scripts/RecoveredWayLineVisual.cs line 21]

Instantiating material due to calling renderer.material during edit mode. This will leak materials into the scene. You most likely want to use renderer.sharedMaterial instead.
UnityEngine.Debug:ExtractStackTraceNoAlloc (byte*,int,string)
UnityEngine.StackTraceUtility:ExtractStackTrace () (at /Users/bokken/build/output/unity/unity/Runtime/Export/Scripting/StackTrace.cs:35)
UnityEngine.Renderer:GetMaterial ()
UnityEngine.Renderer:get_material () (at /Users/bokken/build/output/unity/unity/Runtime/Export/Graphics/GraphicsRenderers.bindings.cs:180)
AreaBattle.RecoveredWayLineVisual:Initialize () (at Assets/AreaBattle/Scripts/RecoveredWayLineVisual.cs:33)
AreaBattle.RecoveredWayLineVisual:SetLine (UnityEngine.Vector3,UnityEngine.Vector3,UnityEngine.Color,UnityEngine.Color,bool,bool,single) (at Assets/AreaBattle/Scripts/RecoveredWayLineVisual.cs:56)
AreaBattle.RecoveredWayLineVisual:Synchronize (AreaBattle.LineState,AreaBattle.TowerState,AreaBattle.TowerState,UnityEngine.Color,UnityEngine.Color,single) (at Assets/AreaBattle/Scripts/RecoveredWayLineVisual.cs:46)
AreaBattle.RecoveredWayLineVisual:Synchronize (AreaBattle.LineState,AreaBattle.TowerState,AreaBattle.TowerState,single) (at Assets/AreaBattle/Scripts/RecoveredWayLineVisual.cs:21)
AreaBattle.BattleView:RefreshPresentation () (at Assets/AreaBattle/Scripts/BattleView.cs:566)
AreaBattle.BattleView:AdvanceFrame (single,single) (at Assets/AreaBattle/Scripts/BattleView.cs:374)
AreaBattle.EditorTools.SkillInputValidation/<>c__DisplayClass1_3:<Run>b__19 () (at Assets/AreaBattle/Editor/SkillInputValidation.cs:177)
AreaBattle.EditorTools.SkillInputValidation/<>c__DisplayClass1_0:<Run>b__0 (string,System.Action) (at Assets/AreaBattle/Editor/SkillInputValidation.cs:18)
AreaBattle.EditorTools.SkillInputValidation:Run () (at Assets/AreaBattle/Editor/SkillInputValidation.cs:152)
System.Reflection.RuntimeMethodInfo:Invoke (object,System.Reflection.BindingFlags,System.Reflection.Binder,object[],System.Globalization.CultureInfo)
System.Reflection.MethodBase:Invoke (object,object[])
AreaBattle.EditorTools.BattleBuild:ValidateIntegrated () (at Assets/AreaBattle/Editor/BattleBuild.cs:32)
AreaBattle.EditorTools.BattleBuild:ValidateMechanicsOnly () (at Assets/AreaBattle/Editor/BattleBuild.cs:18)

[Assets/AreaBattle/Scripts/RecoveredWayLineVisual.cs line 21]

Instantiating material due to calling renderer.material during edit mode. This will leak materials into the scene. You most likely want to use renderer.sharedMaterial instead.
UnityEngine.Debug:ExtractStackTraceNoAlloc (byte*,int,string)
UnityEngine.StackTraceUtility:ExtractStackTrace () (at /Users/bokken/build/output/unity/unity/Runtime/Export/Scripting/StackTrace.cs:35)
UnityEngine.Renderer:GetMaterial ()
UnityEngine.Renderer:get_material () (at /Users/bokken/build/output/unity/unity/Runtime/Export/Graphics/GraphicsRenderers.bindings.cs:180)
AreaBattle.RecoveredWayLineVisual:Initialize () (at Assets/AreaBattle/Scripts/RecoveredWayLineVisual.cs:33)
AreaBattle.RecoveredWayLineVisual:SetLine (UnityEngine.Vector3,UnityEngine.Vector3,UnityEngine.Color,UnityEngine.Color,bool,bool,single) (at Assets/AreaBattle/Scripts/RecoveredWayLineVisual.cs:56)
AreaBattle.RecoveredWayLineVisual:Synchronize (AreaBattle.LineState,AreaBattle.TowerState,AreaBattle.TowerState,UnityEngine.Color,UnityEngine.Color,single) (at Assets/AreaBattle/Scripts/RecoveredWayLineVisual.cs:46)
AreaBattle.RecoveredWayLineVisual:Synchronize (AreaBattle.LineState,AreaBattle.TowerState,AreaBattle.TowerState,single) (at Assets/AreaBattle/Scripts/RecoveredWayLineVisual.cs:21)
AreaBattle.BattleView:RefreshPresentation () (at Assets/AreaBattle/Scripts/BattleView.cs:566)
AreaBattle.BattleView:AdvanceFrame (single,single) (at Assets/AreaBattle/Scripts/BattleView.cs:374)
AreaBattle.EditorTools.SkillInputValidation/<>c__DisplayClass1_3:<Run>b__19 () (at Assets/AreaBattle/Editor/SkillInputValidation.cs:177)
AreaBattle.EditorTools.SkillInputValidation/<>c__DisplayClass1_0:<Run>b__0 (string,System.Action) (at Assets/AreaBattle/Editor/SkillInputValidation.cs:18)
AreaBattle.EditorTools.SkillInputValidation:Run () (at Assets/AreaBattle/Editor/SkillInputValidation.cs:152)
System.Reflection.RuntimeMethodInfo:Invoke (object,System.Reflection.BindingFlags,System.Reflection.Binder,object[],System.Globalization.CultureInfo)
System.Reflection.MethodBase:Invoke (object,object[])
AreaBattle.EditorTools.BattleBuild:ValidateIntegrated () (at Assets/AreaBattle/Editor/BattleBuild.cs:32)
AreaBattle.EditorTools.BattleBuild:ValidateMechanicsOnly () (at Assets/AreaBattle/Editor/BattleBuild.cs:18)

[Assets/AreaBattle/Scripts/RecoveredWayLineVisual.cs line 21]

Instantiating material due to calling renderer.material during edit mode. This will leak materials into the scene. You most likely want to use renderer.sharedMaterial instead.
UnityEngine.Debug:ExtractStackTraceNoAlloc (byte*,int,string)
UnityEngine.StackTraceUtility:ExtractStackTrace () (at /Users/bokken/build/output/unity/unity/Runtime/Export/Scripting/StackTrace.cs:35)
UnityEngine.Renderer:GetMaterial ()
UnityEngine.Renderer:get_material () (at /Users/bokken/build/output/unity/unity/Runtime/Export/Graphics/GraphicsRenderers.bindings.cs:180)
AreaBattle.RecoveredWayLineVisual:Initialize () (at Assets/AreaBattle/Scripts/RecoveredWayLineVisual.cs:33)
AreaBattle.RecoveredWayLineVisual:SetLine (UnityEngine.Vector3,UnityEngine.Vector3,UnityEngine.Color,UnityEngine.Color,bool,bool,single) (at Assets/AreaBattle/Scripts/RecoveredWayLineVisual.cs:56)
AreaBattle.RecoveredWayLineVisual:Synchronize (AreaBattle.LineState,AreaBattle.TowerState,AreaBattle.TowerState,UnityEngine.Color,UnityEngine.Color,single) (at Assets/AreaBattle/Scripts/RecoveredWayLineVisual.cs:46)
AreaBattle.RecoveredWayLineVisual:Synchronize (AreaBattle.LineState,AreaBattle.TowerState,AreaBattle.TowerState,single) (at Assets/AreaBattle/Scripts/RecoveredWayLineVisual.cs:21)
AreaBattle.BattleView:RefreshPresentation () (at Assets/AreaBattle/Scripts/BattleView.cs:566)
AreaBattle.BattleView:AdvanceFrame (single,single) (at Assets/AreaBattle/Scripts/BattleView.cs:374)
AreaBattle.EditorTools.SkillInputValidation/<>c__DisplayClass1_3:<Run>b__19 () (at Assets/AreaBattle/Editor/SkillInputValidation.cs:177)
AreaBattle.EditorTools.SkillInputValidation/<>c__DisplayClass1_0:<Run>b__0 (string,System.Action) (at Assets/AreaBattle/Editor/SkillInputValidation.cs:18)
AreaBattle.EditorTools.SkillInputValidation:Run () (at Assets/AreaBattle/Editor/SkillInputValidation.cs:152)
System.Reflection.RuntimeMethodInfo:Invoke (object,System.Reflection.BindingFlags,System.Reflection.Binder,object[],System.Globalization.CultureInfo)
System.Reflection.MethodBase:Invoke (object,object[])
AreaBattle.EditorTools.BattleBuild:ValidateIntegrated () (at Assets/AreaBattle/Editor/BattleBuild.cs:32)
AreaBattle.EditorTools.BattleBuild:ValidateMechanicsOnly () (at Assets/AreaBattle/Editor/BattleBuild.cs:18)

[Assets/AreaBattle/Scripts/RecoveredWayLineVisual.cs line 21]

Instantiating material due to calling renderer.material during edit mode. This will leak materials into the scene. You most likely want to use renderer.sharedMaterial instead.
UnityEngine.Debug:ExtractStackTraceNoAlloc (byte*,int,string)
UnityEngine.StackTraceUtility:ExtractStackTrace () (at /Users/bokken/build/output/unity/unity/Runtime/Export/Scripting/StackTrace.cs:35)
UnityEngine.Renderer:GetMaterial ()
UnityEngine.Renderer:get_material () (at /Users/bokken/build/output/unity/unity/Runtime/Export/Graphics/GraphicsRenderers.bindings.cs:180)
AreaBattle.RecoveredWayLineVisual:Initialize () (at Assets/AreaBattle/Scripts/RecoveredWayLineVisual.cs:33)
AreaBattle.RecoveredWayLineVisual:SetLine (UnityEngine.Vector3,UnityEngine.Vector3,UnityEngine.Color,UnityEngine.Color,bool,bool,single) (at Assets/AreaBattle/Scripts/RecoveredWayLineVisual.cs:56)
AreaBattle.RecoveredWayLineVisual:Synchronize (AreaBattle.LineState,AreaBattle.TowerState,AreaBattle.TowerState,UnityEngine.Color,UnityEngine.Color,single) (at Assets/AreaBattle/Scripts/RecoveredWayLineVisual.cs:46)
AreaBattle.RecoveredWayLineVisual:Synchronize (AreaBattle.LineState,AreaBattle.TowerState,AreaBattle.TowerState,single) (at Assets/AreaBattle/Scripts/RecoveredWayLineVisual.cs:21)
AreaBattle.BattleView:RefreshPresentation () (at Assets/AreaBattle/Scripts/BattleView.cs:566)
AreaBattle.BattleView:AdvanceFrame (single,single) (at Assets/AreaBattle/Scripts/BattleView.cs:374)
AreaBattle.EditorTools.SkillInputValidation/<>c__DisplayClass1_3:<Run>b__19 () (at Assets/AreaBattle/Editor/SkillInputValidation.cs:177)
AreaBattle.EditorTools.SkillInputValidation/<>c__DisplayClass1_0:<Run>b__0 (string,System.Action) (at Assets/AreaBattle/Editor/SkillInputValidation.cs:18)
AreaBattle.EditorTools.SkillInputValidation:Run () (at Assets/AreaBattle/Editor/SkillInputValidation.cs:152)
System.Reflection.RuntimeMethodInfo:Invoke (object,System.Reflection.BindingFlags,System.Reflection.Binder,object[],System.Globalization.CultureInfo)
System.Reflection.MethodBase:Invoke (object,object[])
AreaBattle.EditorTools.BattleBuild:ValidateIntegrated () (at Assets/AreaBattle/Editor/BattleBuild.cs:32)
AreaBattle.EditorTools.BattleBuild:ValidateMechanicsOnly () (at Assets/AreaBattle/Editor/BattleBuild.cs:18)

[Assets/AreaBattle/Scripts/RecoveredWayLineVisual.cs line 21]

Instantiating material due to calling renderer.material during edit mode. This will leak materials into the scene. You most likely want to use renderer.sharedMaterial instead.
UnityEngine.Debug:ExtractStackTraceNoAlloc (byte*,int,string)
UnityEngine.StackTraceUtility:ExtractStackTrace () (at /Users/bokken/build/output/unity/unity/Runtime/Export/Scripting/StackTrace.cs:35)
UnityEngine.Renderer:GetMaterial ()
UnityEngine.Renderer:get_material () (at /Users/bokken/build/output/unity/unity/Runtime/Export/Graphics/GraphicsRenderers.bindings.cs:180)
AreaBattle.RecoveredWayLineVisual:Initialize () (at Assets/AreaBattle/Scripts/RecoveredWayLineVisual.cs:33)
AreaBattle.RecoveredWayLineVisual:SetLine (UnityEngine.Vector3,UnityEngine.Vector3,UnityEngine.Color,UnityEngine.Color,bool,bool,single) (at Assets/AreaBattle/Scripts/RecoveredWayLineVisual.cs:56)
AreaBattle.RecoveredWayLineVisual:Synchronize (AreaBattle.LineState,AreaBattle.TowerState,AreaBattle.TowerState,UnityEngine.Color,UnityEngine.Color,single) (at Assets/AreaBattle/Scripts/RecoveredWayLineVisual.cs:46)
AreaBattle.RecoveredWayLineVisual:Synchronize (AreaBattle.LineState,AreaBattle.TowerState,AreaBattle.TowerState,single) (at Assets/AreaBattle/Scripts/RecoveredWayLineVisual.cs:21)
AreaBattle.BattleView:RefreshPresentation () (at Assets/AreaBattle/Scripts/BattleView.cs:566)
AreaBattle.BattleView:AdvanceFrame (single,single) (at Assets/AreaBattle/Scripts/BattleView.cs:374)
AreaBattle.EditorTools.SkillInputValidation/<>c__DisplayClass1_3:<Run>b__19 () (at Assets/AreaBattle/Editor/SkillInputValidation.cs:177)
AreaBattle.EditorTools.SkillInputValidation/<>c__DisplayClass1_0:<Run>b__0 (string,System.Action) (at Assets/AreaBattle/Editor/SkillInputValidation.cs:18)
AreaBattle.EditorTools.SkillInputValidation:Run () (at Assets/AreaBattle/Editor/SkillInputValidation.cs:152)
System.Reflection.RuntimeMethodInfo:Invoke (object,System.Reflection.BindingFlags,System.Reflection.Binder,object[],System.Globalization.CultureInfo)
System.Reflection.MethodBase:Invoke (object,object[])
AreaBattle.EditorTools.BattleBuild:ValidateIntegrated () (at Assets/AreaBattle/Editor/BattleBuild.cs:32)
AreaBattle.EditorTools.BattleBuild:ValidateMechanicsOnly () (at Assets/AreaBattle/Editor/BattleBuild.cs:18)

[Assets/AreaBattle/Scripts/RecoveredWayLineVisual.cs line 21]

Instantiating material due to calling renderer.material during edit mode. This will leak materials into the scene. You most likely want to use renderer.sharedMaterial instead.
UnityEngine.Debug:ExtractStackTraceNoAlloc (byte*,int,string)
UnityEngine.StackTraceUtility:ExtractStackTrace () (at /Users/bokken/build/output/unity/unity/Runtime/Export/Scripting/StackTrace.cs:35)
UnityEngine.Renderer:GetMaterial ()
UnityEngine.Renderer:get_material () (at /Users/bokken/build/output/unity/unity/Runtime/Export/Graphics/GraphicsRenderers.bindings.cs:180)
AreaBattle.RecoveredWayLineVisual:Initialize () (at Assets/AreaBattle/Scripts/RecoveredWayLineVisual.cs:33)
AreaBattle.RecoveredWayLineVisual:SetLine (UnityEngine.Vector3,UnityEngine.Vector3,UnityEngine.Color,UnityEngine.Color,bool,bool,single) (at Assets/AreaBattle/Scripts/RecoveredWayLineVisual.cs:56)
AreaBattle.RecoveredWayLineVisual:Synchronize (AreaBattle.LineState,AreaBattle.TowerState,AreaBattle.TowerState,UnityEngine.Color,UnityEngine.Color,single) (at Assets/AreaBattle/Scripts/RecoveredWayLineVisual.cs:46)
AreaBattle.RecoveredWayLineVisual:Synchronize (AreaBattle.LineState,AreaBattle.TowerState,AreaBattle.TowerState,single) (at Assets/AreaBattle/Scripts/RecoveredWayLineVisual.cs:21)
AreaBattle.BattleView:RefreshPresentation () (at Assets/AreaBattle/Scripts/BattleView.cs:566)
AreaBattle.BattleView:AdvanceFrame (single,single) (at Assets/AreaBattle/Scripts/BattleView.cs:374)
AreaBattle.EditorTools.SkillInputValidation/<>c__DisplayClass1_3:<Run>b__19 () (at Assets/AreaBattle/Editor/SkillInputValidation.cs:177)
AreaBattle.EditorTools.SkillInputValidation/<>c__DisplayClass1_0:<Run>b__0 (string,System.Action) (at Assets/AreaBattle/Editor/SkillInputValidation.cs:18)
AreaBattle.EditorTools.SkillInputValidation:Run () (at Assets/AreaBattle/Editor/SkillInputValidation.cs:152)
System.Reflection.RuntimeMethodInfo:Invoke (object,System.Reflection.BindingFlags,System.Reflection.Binder,object[],System.Globalization.CultureInfo)
System.Reflection.MethodBase:Invoke (object,object[])
AreaBattle.EditorTools.BattleBuild:ValidateIntegrated () (at Assets/AreaBattle/Editor/BattleBuild.cs:32)
AreaBattle.EditorTools.BattleBuild:ValidateMechanicsOnly () (at Assets/AreaBattle/Editor/BattleBuild.cs:18)

[Assets/AreaBattle/Scripts/RecoveredWayLineVisual.cs line 21]

Instantiating material due to calling renderer.material during edit mode. This will leak materials into the scene. You most likely want to use renderer.sharedMaterial instead.
UnityEngine.Debug:ExtractStackTraceNoAlloc (byte*,int,string)
UnityEngine.StackTraceUtility:ExtractStackTrace () (at /Users/bokken/build/output/unity/unity/Runtime/Export/Scripting/StackTrace.cs:35)
UnityEngine.Renderer:GetMaterial ()
UnityEngine.Renderer:get_material () (at /Users/bokken/build/output/unity/unity/Runtime/Export/Graphics/GraphicsRenderers.bindings.cs:180)
AreaBattle.RecoveredWayLineVisual:Initialize () (at Assets/AreaBattle/Scripts/RecoveredWayLineVisual.cs:33)
AreaBattle.RecoveredWayLineVisual:SetLine (UnityEngine.Vector3,UnityEngine.Vector3,UnityEngine.Color,UnityEngine.Color,bool,bool,single) (at Assets/AreaBattle/Scripts/RecoveredWayLineVisual.cs:56)
AreaBattle.RecoveredWayLineVisual:Synchronize (AreaBattle.LineState,AreaBattle.TowerState,AreaBattle.TowerState,UnityEngine.Color,UnityEngine.Color,single) (at Assets/AreaBattle/Scripts/RecoveredWayLineVisual.cs:46)
AreaBattle.RecoveredWayLineVisual:Synchronize (AreaBattle.LineState,AreaBattle.TowerState,AreaBattle.TowerState,single) (at Assets/AreaBattle/Scripts/RecoveredWayLineVisual.cs:21)
AreaBattle.BattleView:RefreshPresentation () (at Assets/AreaBattle/Scripts/BattleView.cs:566)
AreaBattle.BattleView:AdvanceFrame (single,single) (at Assets/AreaBattle/Scripts/BattleView.cs:374)
AreaBattle.EditorTools.SkillInputValidation/<>c__DisplayClass1_3:<Run>b__19 () (at Assets/AreaBattle/Editor/SkillInputValidation.cs:177)
AreaBattle.EditorTools.SkillInputValidation/<>c__DisplayClass1_0:<Run>b__0 (string,System.Action) (at Assets/AreaBattle/Editor/SkillInputValidation.cs:18)
AreaBattle.EditorTools.SkillInputValidation:Run () (at Assets/AreaBattle/Editor/SkillInputValidation.cs:152)
System.Reflection.RuntimeMethodInfo:Invoke (object,System.Reflection.BindingFlags,System.Reflection.Binder,object[],System.Globalization.CultureInfo)
System.Reflection.MethodBase:Invoke (object,object[])
AreaBattle.EditorTools.BattleBuild:ValidateIntegrated () (at Assets/AreaBattle/Editor/BattleBuild.cs:32)
AreaBattle.EditorTools.BattleBuild:ValidateMechanicsOnly () (at Assets/AreaBattle/Editor/BattleBuild.cs:18)

[Assets/AreaBattle/Scripts/RecoveredWayLineVisual.cs line 21]

Instantiating material due to calling renderer.material during edit mode. This will leak materials into the scene. You most likely want to use renderer.sharedMaterial instead.
UnityEngine.Debug:ExtractStackTraceNoAlloc (byte*,int,string)
UnityEngine.StackTraceUtility:ExtractStackTrace () (at /Users/bokken/build/output/unity/unity/Runtime/Export/Scripting/StackTrace.cs:35)
UnityEngine.Renderer:GetMaterial ()
UnityEngine.Renderer:get_material () (at /Users/bokken/build/output/unity/unity/Runtime/Export/Graphics/GraphicsRenderers.bindings.cs:180)
AreaBattle.RecoveredWayLineVisual:Initialize () (at Assets/AreaBattle/Scripts/RecoveredWayLineVisual.cs:33)
AreaBattle.RecoveredWayLineVisual:SetLine (UnityEngine.Vector3,UnityEngine.Vector3,UnityEngine.Color,UnityEngine.Color,bool,bool,single) (at Assets/AreaBattle/Scripts/RecoveredWayLineVisual.cs:56)
AreaBattle.RecoveredWayLineVisual:Synchronize (AreaBattle.LineState,AreaBattle.TowerState,AreaBattle.TowerState,UnityEngine.Color,UnityEngine.Color,single) (at Assets/AreaBattle/Scripts/RecoveredWayLineVisual.cs:46)
AreaBattle.RecoveredWayLineVisual:Synchronize (AreaBattle.LineState,AreaBattle.TowerState,AreaBattle.TowerState,single) (at Assets/AreaBattle/Scripts/RecoveredWayLineVisual.cs:21)
AreaBattle.BattleView:RefreshPresentation () (at Assets/AreaBattle/Scripts/BattleView.cs:566)
AreaBattle.BattleView:AdvanceFrame (single,single) (at Assets/AreaBattle/Scripts/BattleView.cs:374)
AreaBattle.EditorTools.SkillInputValidation/<>c__DisplayClass1_3:<Run>b__19 () (at Assets/AreaBattle/Editor/SkillInputValidation.cs:177)
AreaBattle.EditorTools.SkillInputValidation/<>c__DisplayClass1_0:<Run>b__0 (string,System.Action) (at Assets/AreaBattle/Editor/SkillInputValidation.cs:18)
AreaBattle.EditorTools.SkillInputValidation:Run () (at Assets/AreaBattle/Editor/SkillInputValidation.cs:152)
System.Reflection.RuntimeMethodInfo:Invoke (object,System.Reflection.BindingFlags,System.Reflection.Binder,object[],System.Globalization.CultureInfo)
System.Reflection.MethodBase:Invoke (object,object[])
AreaBattle.EditorTools.BattleBuild:ValidateIntegrated () (at Assets/AreaBattle/Editor/BattleBuild.cs:32)
AreaBattle.EditorTools.BattleBuild:ValidateMechanicsOnly () (at Assets/AreaBattle/Editor/BattleBuild.cs:18)

[Assets/AreaBattle/Scripts/RecoveredWayLineVisual.cs line 21]

Instantiating material due to calling renderer.material during edit mode. This will leak materials into the scene. You most likely want to use renderer.sharedMaterial instead.
UnityEngine.Debug:ExtractStackTraceNoAlloc (byte*,int,string)
UnityEngine.StackTraceUtility:ExtractStackTrace () (at /Users/bokken/build/output/unity/unity/Runtime/Export/Scripting/StackTrace.cs:35)
UnityEngine.Renderer:GetMaterial ()
UnityEngine.Renderer:get_material () (at /Users/bokken/build/output/unity/unity/Runtime/Export/Graphics/GraphicsRenderers.bindings.cs:180)
AreaBattle.RecoveredWayLineVisual:Initialize () (at Assets/AreaBattle/Scripts/RecoveredWayLineVisual.cs:33)
AreaBattle.RecoveredWayLineVisual:SetLine (UnityEngine.Vector3,UnityEngine.Vector3,UnityEngine.Color,UnityEngine.Color,bool,bool,single) (at Assets/AreaBattle/Scripts/RecoveredWayLineVisual.cs:56)
AreaBattle.RecoveredWayLineVisual:Synchronize (AreaBattle.LineState,AreaBattle.TowerState,AreaBattle.TowerState,UnityEngine.Color,UnityEngine.Color,single) (at Assets/AreaBattle/Scripts/RecoveredWayLineVisual.cs:46)
AreaBattle.RecoveredWayLineVisual:Synchronize (AreaBattle.LineState,AreaBattle.TowerState,AreaBattle.TowerState,single) (at Assets/AreaBattle/Scripts/RecoveredWayLineVisual.cs:21)
AreaBattle.BattleView:RefreshPresentation () (at Assets/AreaBattle/Scripts/BattleView.cs:566)
AreaBattle.BattleView:AdvanceFrame (single,single) (at Assets/AreaBattle/Scripts/BattleView.cs:374)
AreaBattle.EditorTools.SkillInputValidation/<>c__DisplayClass1_3:<Run>b__19 () (at Assets/AreaBattle/Editor/SkillInputValidation.cs:177)
AreaBattle.EditorTools.SkillInputValidation/<>c__DisplayClass1_0:<Run>b__0 (string,System.Action) (at Assets/AreaBattle/Editor/SkillInputValidation.cs:18)
AreaBattle.EditorTools.SkillInputValidation:Run () (at Assets/AreaBattle/Editor/SkillInputValidation.cs:152)
System.Reflection.RuntimeMethodInfo:Invoke (object,System.Reflection.BindingFlags,System.Reflection.Binder,object[],System.Globalization.CultureInfo)
System.Reflection.MethodBase:Invoke (object,object[])
AreaBattle.EditorTools.BattleBuild:ValidateIntegrated () (at Assets/AreaBattle/Editor/BattleBuild.cs:32)
AreaBattle.EditorTools.BattleBuild:ValidateMechanicsOnly () (at Assets/AreaBattle/Editor/BattleBuild.cs:18)

[Assets/AreaBattle/Scripts/RecoveredWayLineVisual.cs line 21]

Instantiating material due to calling renderer.material during edit mode. This will leak materials into the scene. You most likely want to use renderer.sharedMaterial instead.
UnityEngine.Debug:ExtractStackTraceNoAlloc (byte*,int,string)
UnityEngine.StackTraceUtility:ExtractStackTrace () (at /Users/bokken/build/output/unity/unity/Runtime/Export/Scripting/StackTrace.cs:35)
UnityEngine.Renderer:GetMaterial ()
UnityEngine.Renderer:get_material () (at /Users/bokken/build/output/unity/unity/Runtime/Export/Graphics/GraphicsRenderers.bindings.cs:180)
AreaBattle.RecoveredWayLineVisual:Initialize () (at Assets/AreaBattle/Scripts/RecoveredWayLineVisual.cs:33)
AreaBattle.RecoveredWayLineVisual:SetLine (UnityEngine.Vector3,UnityEngine.Vector3,UnityEngine.Color,UnityEngine.Color,bool,bool,single) (at Assets/AreaBattle/Scripts/RecoveredWayLineVisual.cs:56)
AreaBattle.RecoveredWayLineVisual:Synchronize (AreaBattle.LineState,AreaBattle.TowerState,AreaBattle.TowerState,UnityEngine.Color,UnityEngine.Color,single) (at Assets/AreaBattle/Scripts/RecoveredWayLineVisual.cs:46)
AreaBattle.RecoveredWayLineVisual:Synchronize (AreaBattle.LineState,AreaBattle.TowerState,AreaBattle.TowerState,single) (at Assets/AreaBattle/Scripts/RecoveredWayLineVisual.cs:21)
AreaBattle.BattleView:RefreshPresentation () (at Assets/AreaBattle/Scripts/BattleView.cs:566)
AreaBattle.BattleView:AdvanceFrame (single,single) (at Assets/AreaBattle/Scripts/BattleView.cs:374)
AreaBattle.EditorTools.SkillInputValidation/<>c__DisplayClass1_3:<Run>b__19 () (at Assets/AreaBattle/Editor/SkillInputValidation.cs:177)
AreaBattle.EditorTools.SkillInputValidation/<>c__DisplayClass1_0:<Run>b__0 (string,System.Action) (at Assets/AreaBattle/Editor/SkillInputValidation.cs:18)
AreaBattle.EditorTools.SkillInputValidation:Run () (at Assets/AreaBattle/Editor/SkillInputValidation.cs:152)
System.Reflection.RuntimeMethodInfo:Invoke (object,System.Reflection.BindingFlags,System.Reflection.Binder,object[],System.Globalization.CultureInfo)
System.Reflection.MethodBase:Invoke (object,object[])
AreaBattle.EditorTools.BattleBuild:ValidateIntegrated () (at Assets/AreaBattle/Editor/BattleBuild.cs:32)
AreaBattle.EditorTools.BattleBuild:ValidateMechanicsOnly () (at Assets/AreaBattle/Editor/BattleBuild.cs:18)

[Assets/AreaBattle/Scripts/RecoveredWayLineVisual.cs line 21]

Instantiating material due to calling renderer.material during edit mode. This will leak materials into the scene. You most likely want to use renderer.sharedMaterial instead.
UnityEngine.Debug:ExtractStackTraceNoAlloc (byte*,int,string)
UnityEngine.StackTraceUtility:ExtractStackTrace () (at /Users/bokken/build/output/unity/unity/Runtime/Export/Scripting/StackTrace.cs:35)
UnityEngine.Renderer:GetMaterial ()
UnityEngine.Renderer:get_material () (at /Users/bokken/build/output/unity/unity/Runtime/Export/Graphics/GraphicsRenderers.bindings.cs:180)
AreaBattle.RecoveredWayLineVisual:Initialize () (at Assets/AreaBattle/Scripts/RecoveredWayLineVisual.cs:33)
AreaBattle.RecoveredWayLineVisual:SetLine (UnityEngine.Vector3,UnityEngine.Vector3,UnityEngine.Color,UnityEngine.Color,bool,bool,single) (at Assets/AreaBattle/Scripts/RecoveredWayLineVisual.cs:56)
AreaBattle.RecoveredWayLineVisual:Synchronize (AreaBattle.LineState,AreaBattle.TowerState,AreaBattle.TowerState,UnityEngine.Color,UnityEngine.Color,single) (at Assets/AreaBattle/Scripts/RecoveredWayLineVisual.cs:46)
AreaBattle.RecoveredWayLineVisual:Synchronize (AreaBattle.LineState,AreaBattle.TowerState,AreaBattle.TowerState,single) (at Assets/AreaBattle/Scripts/RecoveredWayLineVisual.cs:21)
AreaBattle.BattleView:RefreshPresentation () (at Assets/AreaBattle/Scripts/BattleView.cs:566)
AreaBattle.BattleView:AdvanceFrame (single,single) (at Assets/AreaBattle/Scripts/BattleView.cs:374)
AreaBattle.EditorTools.SkillInputValidation/<>c__DisplayClass1_3:<Run>b__19 () (at Assets/AreaBattle/Editor/SkillInputValidation.cs:177)
AreaBattle.EditorTools.SkillInputValidation/<>c__DisplayClass1_0:<Run>b__0 (string,System.Action) (at Assets/AreaBattle/Editor/SkillInputValidation.cs:18)
AreaBattle.EditorTools.SkillInputValidation:Run () (at Assets/AreaBattle/Editor/SkillInputValidation.cs:152)
System.Reflection.RuntimeMethodInfo:Invoke (object,System.Reflection.BindingFlags,System.Reflection.Binder,object[],System.Globalization.CultureInfo)
System.Reflection.MethodBase:Invoke (object,object[])
AreaBattle.EditorTools.BattleBuild:ValidateIntegrated () (at Assets/AreaBattle/Editor/BattleBuild.cs:32)
AreaBattle.EditorTools.BattleBuild:ValidateMechanicsOnly () (at Assets/AreaBattle/Editor/BattleBuild.cs:18)

[Assets/AreaBattle/Scripts/RecoveredWayLineVisual.cs line 21]

Instantiating material due to calling renderer.material during edit mode. This will leak materials into the scene. You most likely want to use renderer.sharedMaterial instead.
UnityEngine.Debug:ExtractStackTraceNoAlloc (byte*,int,string)
UnityEngine.StackTraceUtility:ExtractStackTrace () (at /Users/bokken/build/output/unity/unity/Runtime/Export/Scripting/StackTrace.cs:35)
UnityEngine.Renderer:GetMaterial ()
UnityEngine.Renderer:get_material () (at /Users/bokken/build/output/unity/unity/Runtime/Export/Graphics/GraphicsRenderers.bindings.cs:180)
AreaBattle.RecoveredWayLineVisual:Initialize () (at Assets/AreaBattle/Scripts/RecoveredWayLineVisual.cs:33)
AreaBattle.RecoveredWayLineVisual:SetLine (UnityEngine.Vector3,UnityEngine.Vector3,UnityEngine.Color,UnityEngine.Color,bool,bool,single) (at Assets/AreaBattle/Scripts/RecoveredWayLineVisual.cs:56)
AreaBattle.RecoveredWayLineVisual:Synchronize (AreaBattle.LineState,AreaBattle.TowerState,AreaBattle.TowerState,UnityEngine.Color,UnityEngine.Color,single) (at Assets/AreaBattle/Scripts/RecoveredWayLineVisual.cs:46)
AreaBattle.RecoveredWayLineVisual:Synchronize (AreaBattle.LineState,AreaBattle.TowerState,AreaBattle.TowerState,single) (at Assets/AreaBattle/Scripts/RecoveredWayLineVisual.cs:21)
AreaBattle.BattleView:RefreshPresentation () (at Assets/AreaBattle/Scripts/BattleView.cs:566)
AreaBattle.BattleView:AdvanceFrame (single,single) (at Assets/AreaBattle/Scripts/BattleView.cs:374)
AreaBattle.EditorTools.SkillInputValidation/<>c__DisplayClass1_3:<Run>b__19 () (at Assets/AreaBattle/Editor/SkillInputValidation.cs:177)
AreaBattle.EditorTools.SkillInputValidation/<>c__DisplayClass1_0:<Run>b__0 (string,System.Action) (at Assets/AreaBattle/Editor/SkillInputValidation.cs:18)
AreaBattle.EditorTools.SkillInputValidation:Run () (at Assets/AreaBattle/Editor/SkillInputValidation.cs:152)
System.Reflection.RuntimeMethodInfo:Invoke (object,System.Reflection.BindingFlags,System.Reflection.Binder,object[],System.Globalization.CultureInfo)
System.Reflection.MethodBase:Invoke (object,object[])
AreaBattle.EditorTools.BattleBuild:ValidateIntegrated () (at Assets/AreaBattle/Editor/BattleBuild.cs:32)
AreaBattle.EditorTools.BattleBuild:ValidateMechanicsOnly () (at Assets/AreaBattle/Editor/BattleBuild.cs:18)

[Assets/AreaBattle/Scripts/RecoveredWayLineVisual.cs line 21]

Instantiating material due to calling renderer.material during edit mode. This will leak materials into the scene. You most likely want to use renderer.sharedMaterial instead.
UnityEngine.Debug:ExtractStackTraceNoAlloc (byte*,int,string)
UnityEngine.StackTraceUtility:ExtractStackTrace () (at /Users/bokken/build/output/unity/unity/Runtime/Export/Scripting/StackTrace.cs:35)
UnityEngine.Renderer:GetMaterial ()
UnityEngine.Renderer:get_material () (at /Users/bokken/build/output/unity/unity/Runtime/Export/Graphics/GraphicsRenderers.bindings.cs:180)
AreaBattle.RecoveredWayLineVisual:Initialize () (at Assets/AreaBattle/Scripts/RecoveredWayLineVisual.cs:33)
AreaBattle.RecoveredWayLineVisual:SetLine (UnityEngine.Vector3,UnityEngine.Vector3,UnityEngine.Color,UnityEngine.Color,bool,bool,single) (at Assets/AreaBattle/Scripts/RecoveredWayLineVisual.cs:56)
AreaBattle.RecoveredWayLineVisual:Synchronize (AreaBattle.LineState,AreaBattle.TowerState,AreaBattle.TowerState,UnityEngine.Color,UnityEngine.Color,single) (at Assets/AreaBattle/Scripts/RecoveredWayLineVisual.cs:46)
AreaBattle.RecoveredWayLineVisual:Synchronize (AreaBattle.LineState,AreaBattle.TowerState,AreaBattle.TowerState,single) (at Assets/AreaBattle/Scripts/RecoveredWayLineVisual.cs:21)
AreaBattle.BattleView:RefreshPresentation () (at Assets/AreaBattle/Scripts/BattleView.cs:566)
AreaBattle.BattleView:AdvanceFrame (single,single) (at Assets/AreaBattle/Scripts/BattleView.cs:374)
AreaBattle.EditorTools.SkillInputValidation/<>c__DisplayClass1_3:<Run>b__19 () (at Assets/AreaBattle/Editor/SkillInputValidation.cs:177)
AreaBattle.EditorTools.SkillInputValidation/<>c__DisplayClass1_0:<Run>b__0 (string,System.Action) (at Assets/AreaBattle/Editor/SkillInputValidation.cs:18)
AreaBattle.EditorTools.SkillInputValidation:Run () (at Assets/AreaBattle/Editor/SkillInputValidation.cs:152)
System.Reflection.RuntimeMethodInfo:Invoke (object,System.Reflection.BindingFlags,System.Reflection.Binder,object[],System.Globalization.CultureInfo)
System.Reflection.MethodBase:Invoke (object,object[])
AreaBattle.EditorTools.BattleBuild:ValidateIntegrated () (at Assets/AreaBattle/Editor/BattleBuild.cs:32)
AreaBattle.EditorTools.BattleBuild:ValidateMechanicsOnly () (at Assets/AreaBattle/Editor/BattleBuild.cs:18)

[Assets/AreaBattle/Scripts/RecoveredWayLineVisual.cs line 21]

Instantiating material due to calling renderer.material during edit mode. This will leak materials into the scene. You most likely want to use renderer.sharedMaterial instead.
UnityEngine.Debug:ExtractStackTraceNoAlloc (byte*,int,string)
UnityEngine.StackTraceUtility:ExtractStackTrace () (at /Users/bokken/build/output/unity/unity/Runtime/Export/Scripting/StackTrace.cs:35)
UnityEngine.Renderer:GetMaterial ()
UnityEngine.Renderer:get_material () (at /Users/bokken/build/output/unity/unity/Runtime/Export/Graphics/GraphicsRenderers.bindings.cs:180)
AreaBattle.RecoveredWayLineVisual:Initialize () (at Assets/AreaBattle/Scripts/RecoveredWayLineVisual.cs:33)
AreaBattle.RecoveredWayLineVisual:SetLine (UnityEngine.Vector3,UnityEngine.Vector3,UnityEngine.Color,UnityEngine.Color,bool,bool,single) (at Assets/AreaBattle/Scripts/RecoveredWayLineVisual.cs:56)
AreaBattle.RecoveredWayLineVisual:Synchronize (AreaBattle.LineState,AreaBattle.TowerState,AreaBattle.TowerState,UnityEngine.Color,UnityEngine.Color,single) (at Assets/AreaBattle/Scripts/RecoveredWayLineVisual.cs:46)
AreaBattle.RecoveredWayLineVisual:Synchronize (AreaBattle.LineState,AreaBattle.TowerState,AreaBattle.TowerState,single) (at Assets/AreaBattle/Scripts/RecoveredWayLineVisual.cs:21)
AreaBattle.BattleView:RefreshPresentation () (at Assets/AreaBattle/Scripts/BattleView.cs:566)
AreaBattle.BattleView:AdvanceFrame (single,single) (at Assets/AreaBattle/Scripts/BattleView.cs:374)
AreaBattle.EditorTools.SkillInputValidation/<>c__DisplayClass1_3:<Run>b__19 () (at Assets/AreaBattle/Editor/SkillInputValidation.cs:177)
AreaBattle.EditorTools.SkillInputValidation/<>c__DisplayClass1_0:<Run>b__0 (string,System.Action) (at Assets/AreaBattle/Editor/SkillInputValidation.cs:18)
AreaBattle.EditorTools.SkillInputValidation:Run () (at Assets/AreaBattle/Editor/SkillInputValidation.cs:152)
System.Reflection.RuntimeMethodInfo:Invoke (object,System.Reflection.BindingFlags,System.Reflection.Binder,object[],System.Globalization.CultureInfo)
System.Reflection.MethodBase:Invoke (object,object[])
AreaBattle.EditorTools.BattleBuild:ValidateIntegrated () (at Assets/AreaBattle/Editor/BattleBuild.cs:32)
AreaBattle.EditorTools.BattleBuild:ValidateMechanicsOnly () (at Assets/AreaBattle/Editor/BattleBuild.cs:18)

[Assets/AreaBattle/Scripts/RecoveredWayLineVisual.cs line 21]

Instantiating material due to calling renderer.material during edit mode. This will leak materials into the scene. You most likely want to use renderer.sharedMaterial instead.
UnityEngine.Debug:ExtractStackTraceNoAlloc (byte*,int,string)
UnityEngine.StackTraceUtility:ExtractStackTrace () (at /Users/bokken/build/output/unity/unity/Runtime/Export/Scripting/StackTrace.cs:35)
UnityEngine.Renderer:GetMaterial ()
UnityEngine.Renderer:get_material () (at /Users/bokken/build/output/unity/unity/Runtime/Export/Graphics/GraphicsRenderers.bindings.cs:180)
AreaBattle.RecoveredWayLineVisual:Initialize () (at Assets/AreaBattle/Scripts/RecoveredWayLineVisual.cs:33)
AreaBattle.RecoveredWayLineVisual:SetLine (UnityEngine.Vector3,UnityEngine.Vector3,UnityEngine.Color,UnityEngine.Color,bool,bool,single) (at Assets/AreaBattle/Scripts/RecoveredWayLineVisual.cs:56)
AreaBattle.RecoveredWayLineVisual:Synchronize (AreaBattle.LineState,AreaBattle.TowerState,AreaBattle.TowerState,UnityEngine.Color,UnityEngine.Color,single) (at Assets/AreaBattle/Scripts/RecoveredWayLineVisual.cs:46)
AreaBattle.RecoveredWayLineVisual:Synchronize (AreaBattle.LineState,AreaBattle.TowerState,AreaBattle.TowerState,single) (at Assets/AreaBattle/Scripts/RecoveredWayLineVisual.cs:21)
AreaBattle.BattleView:RefreshPresentation () (at Assets/AreaBattle/Scripts/BattleView.cs:566)
AreaBattle.BattleView:AdvanceFrame (single,single) (at Assets/AreaBattle/Scripts/BattleView.cs:374)
AreaBattle.EditorTools.SkillInputValidation/<>c__DisplayClass1_3:<Run>b__19 () (at Assets/AreaBattle/Editor/SkillInputValidation.cs:177)
AreaBattle.EditorTools.SkillInputValidation/<>c__DisplayClass1_0:<Run>b__0 (string,System.Action) (at Assets/AreaBattle/Editor/SkillInputValidation.cs:18)
AreaBattle.EditorTools.SkillInputValidation:Run () (at Assets/AreaBattle/Editor/SkillInputValidation.cs:152)
System.Reflection.RuntimeMethodInfo:Invoke (object,System.Reflection.BindingFlags,System.Reflection.Binder,object[],System.Globalization.CultureInfo)
System.Reflection.MethodBase:Invoke (object,object[])
AreaBattle.EditorTools.BattleBuild:ValidateIntegrated () (at Assets/AreaBattle/Editor/BattleBuild.cs:32)
AreaBattle.EditorTools.BattleBuild:ValidateMechanicsOnly () (at Assets/AreaBattle/Editor/BattleBuild.cs:18)

[Assets/AreaBattle/Scripts/RecoveredWayLineVisual.cs line 21]

Instantiating material due to calling renderer.material during edit mode. This will leak materials into the scene. You most likely want to use renderer.sharedMaterial instead.
UnityEngine.Debug:ExtractStackTraceNoAlloc (byte*,int,string)
UnityEngine.StackTraceUtility:ExtractStackTrace () (at /Users/bokken/build/output/unity/unity/Runtime/Export/Scripting/StackTrace.cs:35)
UnityEngine.Renderer:GetMaterial ()
UnityEngine.Renderer:get_material () (at /Users/bokken/build/output/unity/unity/Runtime/Export/Graphics/GraphicsRenderers.bindings.cs:180)
AreaBattle.RecoveredWayLineVisual:Initialize () (at Assets/AreaBattle/Scripts/RecoveredWayLineVisual.cs:33)
AreaBattle.RecoveredWayLineVisual:SetLine (UnityEngine.Vector3,UnityEngine.Vector3,UnityEngine.Color,UnityEngine.Color,bool,bool,single) (at Assets/AreaBattle/Scripts/RecoveredWayLineVisual.cs:56)
AreaBattle.RecoveredWayLineVisual:Synchronize (AreaBattle.LineState,AreaBattle.TowerState,AreaBattle.TowerState,UnityEngine.Color,UnityEngine.Color,single) (at Assets/AreaBattle/Scripts/RecoveredWayLineVisual.cs:46)
AreaBattle.RecoveredWayLineVisual:Synchronize (AreaBattle.LineState,AreaBattle.TowerState,AreaBattle.TowerState,single) (at Assets/AreaBattle/Scripts/RecoveredWayLineVisual.cs:21)
AreaBattle.BattleView:RefreshPresentation () (at Assets/AreaBattle/Scripts/BattleView.cs:566)
AreaBattle.BattleView:AdvanceFrame (single,single) (at Assets/AreaBattle/Scripts/BattleView.cs:374)
AreaBattle.EditorTools.SkillInputValidation/<>c__DisplayClass1_3:<Run>b__19 () (at Assets/AreaBattle/Editor/SkillInputValidation.cs:177)
AreaBattle.EditorTools.SkillInputValidation/<>c__DisplayClass1_0:<Run>b__0 (string,System.Action) (at Assets/AreaBattle/Editor/SkillInputValidation.cs:18)
AreaBattle.EditorTools.SkillInputValidation:Run () (at Assets/AreaBattle/Editor/SkillInputValidation.cs:152)
System.Reflection.RuntimeMethodInfo:Invoke (object,System.Reflection.BindingFlags,System.Reflection.Binder,object[],System.Globalization.CultureInfo)
System.Reflection.MethodBase:Invoke (object,object[])
AreaBattle.EditorTools.BattleBuild:ValidateIntegrated () (at Assets/AreaBattle/Editor/BattleBuild.cs:32)
AreaBattle.EditorTools.BattleBuild:ValidateMechanicsOnly () (at Assets/AreaBattle/Editor/BattleBuild.cs:18)

[Assets/AreaBattle/Scripts/RecoveredWayLineVisual.cs line 21]

Instantiating material due to calling renderer.material during edit mode. This will leak materials into the scene. You most likely want to use renderer.sharedMaterial instead.
UnityEngine.Debug:ExtractStackTraceNoAlloc (byte*,int,string)
UnityEngine.StackTraceUtility:ExtractStackTrace () (at /Users/bokken/build/output/unity/unity/Runtime/Export/Scripting/StackTrace.cs:35)
UnityEngine.Renderer:GetMaterial ()
UnityEngine.Renderer:get_material () (at /Users/bokken/build/output/unity/unity/Runtime/Export/Graphics/GraphicsRenderers.bindings.cs:180)
AreaBattle.RecoveredWayLineVisual:Initialize () (at Assets/AreaBattle/Scripts/RecoveredWayLineVisual.cs:33)
AreaBattle.RecoveredWayLineVisual:SetLine (UnityEngine.Vector3,UnityEngine.Vector3,UnityEngine.Color,UnityEngine.Color,bool,bool,single) (at Assets/AreaBattle/Scripts/RecoveredWayLineVisual.cs:56)
AreaBattle.RecoveredWayLineVisual:Synchronize (AreaBattle.LineState,AreaBattle.TowerState,AreaBattle.TowerState,UnityEngine.Color,UnityEngine.Color,single) (at Assets/AreaBattle/Scripts/RecoveredWayLineVisual.cs:46)
AreaBattle.RecoveredWayLineVisual:Synchronize (AreaBattle.LineState,AreaBattle.TowerState,AreaBattle.TowerState,single) (at Assets/AreaBattle/Scripts/RecoveredWayLineVisual.cs:21)
AreaBattle.BattleView:RefreshPresentation () (at Assets/AreaBattle/Scripts/BattleView.cs:566)
AreaBattle.BattleView:AdvanceFrame (single,single) (at Assets/AreaBattle/Scripts/BattleView.cs:374)
AreaBattle.EditorTools.SkillInputValidation/<>c__DisplayClass1_3:<Run>b__19 () (at Assets/AreaBattle/Editor/SkillInputValidation.cs:177)
AreaBattle.EditorTools.SkillInputValidation/<>c__DisplayClass1_0:<Run>b__0 (string,System.Action) (at Assets/AreaBattle/Editor/SkillInputValidation.cs:18)
AreaBattle.EditorTools.SkillInputValidation:Run () (at Assets/AreaBattle/Editor/SkillInputValidation.cs:152)
System.Reflection.RuntimeMethodInfo:Invoke (object,System.Reflection.BindingFlags,System.Reflection.Binder,object[],System.Globalization.CultureInfo)
System.Reflection.MethodBase:Invoke (object,object[])
AreaBattle.EditorTools.BattleBuild:ValidateIntegrated () (at Assets/AreaBattle/Editor/BattleBuild.cs:32)
AreaBattle.EditorTools.BattleBuild:ValidateMechanicsOnly () (at Assets/AreaBattle/Editor/BattleBuild.cs:18)

[Assets/AreaBattle/Scripts/RecoveredWayLineVisual.cs line 21]

Instantiating material due to calling renderer.material during edit mode. This will leak materials into the scene. You most likely want to use renderer.sharedMaterial instead.
UnityEngine.Debug:ExtractStackTraceNoAlloc (byte*,int,string)
UnityEngine.StackTraceUtility:ExtractStackTrace () (at /Users/bokken/build/output/unity/unity/Runtime/Export/Scripting/StackTrace.cs:35)
UnityEngine.Renderer:GetMaterial ()
UnityEngine.Renderer:get_material () (at /Users/bokken/build/output/unity/unity/Runtime/Export/Graphics/GraphicsRenderers.bindings.cs:180)
AreaBattle.RecoveredWayLineVisual:Initialize () (at Assets/AreaBattle/Scripts/RecoveredWayLineVisual.cs:33)
AreaBattle.RecoveredWayLineVisual:SetLine (UnityEngine.Vector3,UnityEngine.Vector3,UnityEngine.Color,UnityEngine.Color,bool,bool,single) (at Assets/AreaBattle/Scripts/RecoveredWayLineVisual.cs:56)
AreaBattle.RecoveredWayLineVisual:Synchronize (AreaBattle.LineState,AreaBattle.TowerState,AreaBattle.TowerState,UnityEngine.Color,UnityEngine.Color,single) (at Assets/AreaBattle/Scripts/RecoveredWayLineVisual.cs:46)
AreaBattle.RecoveredWayLineVisual:Synchronize (AreaBattle.LineState,AreaBattle.TowerState,AreaBattle.TowerState,single) (at Assets/AreaBattle/Scripts/RecoveredWayLineVisual.cs:21)
AreaBattle.BattleView:RefreshPresentation () (at Assets/AreaBattle/Scripts/BattleView.cs:566)
AreaBattle.BattleView:AdvanceFrame (single,single) (at Assets/AreaBattle/Scripts/BattleView.cs:374)
AreaBattle.EditorTools.SkillInputValidation/<>c__DisplayClass1_3:<Run>b__19 () (at Assets/AreaBattle/Editor/SkillInputValidation.cs:177)
AreaBattle.EditorTools.SkillInputValidation/<>c__DisplayClass1_0:<Run>b__0 (string,System.Action) (at Assets/AreaBattle/Editor/SkillInputValidation.cs:18)
AreaBattle.EditorTools.SkillInputValidation:Run () (at Assets/AreaBattle/Editor/SkillInputValidation.cs:152)
System.Reflection.RuntimeMethodInfo:Invoke (object,System.Reflection.BindingFlags,System.Reflection.Binder,object[],System.Globalization.CultureInfo)
System.Reflection.MethodBase:Invoke (object,object[])
AreaBattle.EditorTools.BattleBuild:ValidateIntegrated () (at Assets/AreaBattle/Editor/BattleBuild.cs:32)
AreaBattle.EditorTools.BattleBuild:ValidateMechanicsOnly () (at Assets/AreaBattle/Editor/BattleBuild.cs:18)

[Assets/AreaBattle/Scripts/RecoveredWayLineVisual.cs line 21]

Instantiating material due to calling renderer.material during edit mode. This will leak materials into the scene. You most likely want to use renderer.sharedMaterial instead.
UnityEngine.Debug:ExtractStackTraceNoAlloc (byte*,int,string)
UnityEngine.StackTraceUtility:ExtractStackTrace () (at /Users/bokken/build/output/unity/unity/Runtime/Export/Scripting/StackTrace.cs:35)
UnityEngine.Renderer:GetMaterial ()
UnityEngine.Renderer:get_material () (at /Users/bokken/build/output/unity/unity/Runtime/Export/Graphics/GraphicsRenderers.bindings.cs:180)
AreaBattle.RecoveredWayLineVisual:Initialize () (at Assets/AreaBattle/Scripts/RecoveredWayLineVisual.cs:33)
AreaBattle.RecoveredWayLineVisual:SetLine (UnityEngine.Vector3,UnityEngine.Vector3,UnityEngine.Color,UnityEngine.Color,bool,bool,single) (at Assets/AreaBattle/Scripts/RecoveredWayLineVisual.cs:56)
AreaBattle.RecoveredWayLineVisual:Synchronize (AreaBattle.LineState,AreaBattle.TowerState,AreaBattle.TowerState,UnityEngine.Color,UnityEngine.Color,single) (at Assets/AreaBattle/Scripts/RecoveredWayLineVisual.cs:46)
AreaBattle.RecoveredWayLineVisual:Synchronize (AreaBattle.LineState,AreaBattle.TowerState,AreaBattle.TowerState,single) (at Assets/AreaBattle/Scripts/RecoveredWayLineVisual.cs:21)
AreaBattle.BattleView:RefreshPresentation () (at Assets/AreaBattle/Scripts/BattleView.cs:566)
AreaBattle.BattleView:AdvanceFrame (single,single) (at Assets/AreaBattle/Scripts/BattleView.cs:374)
AreaBattle.EditorTools.SkillInputValidation/<>c__DisplayClass1_3:<Run>b__19 () (at Assets/AreaBattle/Editor/SkillInputValidation.cs:177)
AreaBattle.EditorTools.SkillInputValidation/<>c__DisplayClass1_0:<Run>b__0 (string,System.Action) (at Assets/AreaBattle/Editor/SkillInputValidation.cs:18)
AreaBattle.EditorTools.SkillInputValidation:Run () (at Assets/AreaBattle/Editor/SkillInputValidation.cs:152)
System.Reflection.RuntimeMethodInfo:Invoke (object,System.Reflection.BindingFlags,System.Reflection.Binder,object[],System.Globalization.CultureInfo)
System.Reflection.MethodBase:Invoke (object,object[])
AreaBattle.EditorTools.BattleBuild:ValidateIntegrated () (at Assets/AreaBattle/Editor/BattleBuild.cs:32)
AreaBattle.EditorTools.BattleBuild:ValidateMechanicsOnly () (at Assets/AreaBattle/Editor/BattleBuild.cs:18)

[Assets/AreaBattle/Scripts/RecoveredWayLineVisual.cs line 21]

Instantiating material due to calling renderer.material during edit mode. This will leak materials into the scene. You most likely want to use renderer.sharedMaterial instead.
UnityEngine.Debug:ExtractStackTraceNoAlloc (byte*,int,string)
UnityEngine.StackTraceUtility:ExtractStackTrace () (at /Users/bokken/build/output/unity/unity/Runtime/Export/Scripting/StackTrace.cs:35)
UnityEngine.Renderer:GetMaterial ()
UnityEngine.Renderer:get_material () (at /Users/bokken/build/output/unity/unity/Runtime/Export/Graphics/GraphicsRenderers.bindings.cs:180)
AreaBattle.RecoveredWayLineVisual:Initialize () (at Assets/AreaBattle/Scripts/RecoveredWayLineVisual.cs:33)
AreaBattle.RecoveredWayLineVisual:SetLine (UnityEngine.Vector3,UnityEngine.Vector3,UnityEngine.Color,UnityEngine.Color,bool,bool,single) (at Assets/AreaBattle/Scripts/RecoveredWayLineVisual.cs:56)
AreaBattle.RecoveredWayLineVisual:Synchronize (AreaBattle.LineState,AreaBattle.TowerState,AreaBattle.TowerState,UnityEngine.Color,UnityEngine.Color,single) (at Assets/AreaBattle/Scripts/RecoveredWayLineVisual.cs:46)
AreaBattle.RecoveredWayLineVisual:Synchronize (AreaBattle.LineState,AreaBattle.TowerState,AreaBattle.TowerState,single) (at Assets/AreaBattle/Scripts/RecoveredWayLineVisual.cs:21)
AreaBattle.BattleView:RefreshPresentation () (at Assets/AreaBattle/Scripts/BattleView.cs:566)
AreaBattle.BattleView:AdvanceFrame (single,single) (at Assets/AreaBattle/Scripts/BattleView.cs:374)
AreaBattle.EditorTools.SkillInputValidation/<>c__DisplayClass1_3:<Run>b__19 () (at Assets/AreaBattle/Editor/SkillInputValidation.cs:177)
AreaBattle.EditorTools.SkillInputValidation/<>c__DisplayClass1_0:<Run>b__0 (string,System.Action) (at Assets/AreaBattle/Editor/SkillInputValidation.cs:18)
AreaBattle.EditorTools.SkillInputValidation:Run () (at Assets/AreaBattle/Editor/SkillInputValidation.cs:152)
System.Reflection.RuntimeMethodInfo:Invoke (object,System.Reflection.BindingFlags,System.Reflection.Binder,object[],System.Globalization.CultureInfo)
System.Reflection.MethodBase:Invoke (object,object[])
AreaBattle.EditorTools.BattleBuild:ValidateIntegrated () (at Assets/AreaBattle/Editor/BattleBuild.cs:32)
AreaBattle.EditorTools.BattleBuild:ValidateMechanicsOnly () (at Assets/AreaBattle/Editor/BattleBuild.cs:18)

[Assets/AreaBattle/Scripts/RecoveredWayLineVisual.cs line 21]

Instantiating material due to calling renderer.material during edit mode. This will leak materials into the scene. You most likely want to use renderer.sharedMaterial instead.
UnityEngine.Debug:ExtractStackTraceNoAlloc (byte*,int,string)
UnityEngine.StackTraceUtility:ExtractStackTrace () (at /Users/bokken/build/output/unity/unity/Runtime/Export/Scripting/StackTrace.cs:35)
UnityEngine.Renderer:GetMaterial ()
UnityEngine.Renderer:get_material () (at /Users/bokken/build/output/unity/unity/Runtime/Export/Graphics/GraphicsRenderers.bindings.cs:180)
AreaBattle.RecoveredWayLineVisual:Initialize () (at Assets/AreaBattle/Scripts/RecoveredWayLineVisual.cs:33)
AreaBattle.RecoveredWayLineVisual:SetLine (UnityEngine.Vector3,UnityEngine.Vector3,UnityEngine.Color,UnityEngine.Color,bool,bool,single) (at Assets/AreaBattle/Scripts/RecoveredWayLineVisual.cs:56)
AreaBattle.RecoveredWayLineVisual:Synchronize (AreaBattle.LineState,AreaBattle.TowerState,AreaBattle.TowerState,UnityEngine.Color,UnityEngine.Color,single) (at Assets/AreaBattle/Scripts/RecoveredWayLineVisual.cs:46)
AreaBattle.RecoveredWayLineVisual:Synchronize (AreaBattle.LineState,AreaBattle.TowerState,AreaBattle.TowerState,single) (at Assets/AreaBattle/Scripts/RecoveredWayLineVisual.cs:21)
AreaBattle.BattleView:RefreshPresentation () (at Assets/AreaBattle/Scripts/BattleView.cs:566)
AreaBattle.BattleView:AdvanceFrame (single,single) (at Assets/AreaBattle/Scripts/BattleView.cs:374)
AreaBattle.EditorTools.SkillInputValidation/<>c__DisplayClass1_3:<Run>b__19 () (at Assets/AreaBattle/Editor/SkillInputValidation.cs:177)
AreaBattle.EditorTools.SkillInputValidation/<>c__DisplayClass1_0:<Run>b__0 (string,System.Action) (at Assets/AreaBattle/Editor/SkillInputValidation.cs:18)
AreaBattle.EditorTools.SkillInputValidation:Run () (at Assets/AreaBattle/Editor/SkillInputValidation.cs:152)
System.Reflection.RuntimeMethodInfo:Invoke (object,System.Reflection.BindingFlags,System.Reflection.Binder,object[],System.Globalization.CultureInfo)
System.Reflection.MethodBase:Invoke (object,object[])
AreaBattle.EditorTools.BattleBuild:ValidateIntegrated () (at Assets/AreaBattle/Editor/BattleBuild.cs:32)
AreaBattle.EditorTools.BattleBuild:ValidateMechanicsOnly () (at Assets/AreaBattle/Editor/BattleBuild.cs:18)

[Assets/AreaBattle/Scripts/RecoveredWayLineVisual.cs line 21]

Instantiating material due to calling renderer.material during edit mode. This will leak materials into the scene. You most likely want to use renderer.sharedMaterial instead.
UnityEngine.Debug:ExtractStackTraceNoAlloc (byte*,int,string)
UnityEngine.StackTraceUtility:ExtractStackTrace () (at /Users/bokken/build/output/unity/unity/Runtime/Export/Scripting/StackTrace.cs:35)
UnityEngine.Renderer:GetMaterial ()
UnityEngine.Renderer:get_material () (at /Users/bokken/build/output/unity/unity/Runtime/Export/Graphics/GraphicsRenderers.bindings.cs:180)
AreaBattle.RecoveredWayLineVisual:Initialize () (at Assets/AreaBattle/Scripts/RecoveredWayLineVisual.cs:33)
AreaBattle.RecoveredWayLineVisual:SetLine (UnityEngine.Vector3,UnityEngine.Vector3,UnityEngine.Color,UnityEngine.Color,bool,bool,single) (at Assets/AreaBattle/Scripts/RecoveredWayLineVisual.cs:56)
AreaBattle.RecoveredWayLineVisual:Synchronize (AreaBattle.LineState,AreaBattle.TowerState,AreaBattle.TowerState,UnityEngine.Color,UnityEngine.Color,single) (at Assets/AreaBattle/Scripts/RecoveredWayLineVisual.cs:46)
AreaBattle.RecoveredWayLineVisual:Synchronize (AreaBattle.LineState,AreaBattle.TowerState,AreaBattle.TowerState,single) (at Assets/AreaBattle/Scripts/RecoveredWayLineVisual.cs:21)
AreaBattle.BattleView:RefreshPresentation () (at Assets/AreaBattle/Scripts/BattleView.cs:566)
AreaBattle.BattleView:AdvanceFrame (single,single) (at Assets/AreaBattle/Scripts/BattleView.cs:374)
AreaBattle.EditorTools.SkillInputValidation/<>c__DisplayClass1_3:<Run>b__19 () (at Assets/AreaBattle/Editor/SkillInputValidation.cs:177)
AreaBattle.EditorTools.SkillInputValidation/<>c__DisplayClass1_0:<Run>b__0 (string,System.Action) (at Assets/AreaBattle/Editor/SkillInputValidation.cs:18)
AreaBattle.EditorTools.SkillInputValidation:Run () (at Assets/AreaBattle/Editor/SkillInputValidation.cs:152)
System.Reflection.RuntimeMethodInfo:Invoke (object,System.Reflection.BindingFlags,System.Reflection.Binder,object[],System.Globalization.CultureInfo)
System.Reflection.MethodBase:Invoke (object,object[])
AreaBattle.EditorTools.BattleBuild:ValidateIntegrated () (at Assets/AreaBattle/Editor/BattleBuild.cs:32)
AreaBattle.EditorTools.BattleBuild:ValidateMechanicsOnly () (at Assets/AreaBattle/Editor/BattleBuild.cs:18)

[Assets/AreaBattle/Scripts/RecoveredWayLineVisual.cs line 21]

Instantiating material due to calling renderer.material during edit mode. This will leak materials into the scene. You most likely want to use renderer.sharedMaterial instead.
UnityEngine.Debug:ExtractStackTraceNoAlloc (byte*,int,string)
UnityEngine.StackTraceUtility:ExtractStackTrace () (at /Users/bokken/build/output/unity/unity/Runtime/Export/Scripting/StackTrace.cs:35)
UnityEngine.Renderer:GetMaterial ()
UnityEngine.Renderer:get_material () (at /Users/bokken/build/output/unity/unity/Runtime/Export/Graphics/GraphicsRenderers.bindings.cs:180)
AreaBattle.RecoveredWayLineVisual:Initialize () (at Assets/AreaBattle/Scripts/RecoveredWayLineVisual.cs:33)
AreaBattle.RecoveredWayLineVisual:SetLine (UnityEngine.Vector3,UnityEngine.Vector3,UnityEngine.Color,UnityEngine.Color,bool,bool,single) (at Assets/AreaBattle/Scripts/RecoveredWayLineVisual.cs:56)
AreaBattle.RecoveredWayLineVisual:Synchronize (AreaBattle.LineState,AreaBattle.TowerState,AreaBattle.TowerState,UnityEngine.Color,UnityEngine.Color,single) (at Assets/AreaBattle/Scripts/RecoveredWayLineVisual.cs:46)
AreaBattle.RecoveredWayLineVisual:Synchronize (AreaBattle.LineState,AreaBattle.TowerState,AreaBattle.TowerState,single) (at Assets/AreaBattle/Scripts/RecoveredWayLineVisual.cs:21)
AreaBattle.BattleView:RefreshPresentation () (at Assets/AreaBattle/Scripts/BattleView.cs:566)
AreaBattle.BattleView:AdvanceFrame (single,single) (at Assets/AreaBattle/Scripts/BattleView.cs:374)
AreaBattle.EditorTools.SkillInputValidation/<>c__DisplayClass1_3:<Run>b__19 () (at Assets/AreaBattle/Editor/SkillInputValidation.cs:177)
AreaBattle.EditorTools.SkillInputValidation/<>c__DisplayClass1_0:<Run>b__0 (string,System.Action) (at Assets/AreaBattle/Editor/SkillInputValidation.cs:18)
AreaBattle.EditorTools.SkillInputValidation:Run () (at Assets/AreaBattle/Editor/SkillInputValidation.cs:152)
System.Reflection.RuntimeMethodInfo:Invoke (object,System.Reflection.BindingFlags,System.Reflection.Binder,object[],System.Globalization.CultureInfo)
System.Reflection.MethodBase:Invoke (object,object[])
AreaBattle.EditorTools.BattleBuild:ValidateIntegrated () (at Assets/AreaBattle/Editor/BattleBuild.cs:32)
AreaBattle.EditorTools.BattleBuild:ValidateMechanicsOnly () (at Assets/AreaBattle/Editor/BattleBuild.cs:18)

[Assets/AreaBattle/Scripts/RecoveredWayLineVisual.cs line 21]

Instantiating material due to calling renderer.material during edit mode. This will leak materials into the scene. You most likely want to use renderer.sharedMaterial instead.
UnityEngine.Debug:ExtractStackTraceNoAlloc (byte*,int,string)
UnityEngine.StackTraceUtility:ExtractStackTrace () (at /Users/bokken/build/output/unity/unity/Runtime/Export/Scripting/StackTrace.cs:35)
UnityEngine.Renderer:GetMaterial ()
UnityEngine.Renderer:get_material () (at /Users/bokken/build/output/unity/unity/Runtime/Export/Graphics/GraphicsRenderers.bindings.cs:180)
AreaBattle.RecoveredWayLineVisual:Initialize () (at Assets/AreaBattle/Scripts/RecoveredWayLineVisual.cs:33)
AreaBattle.RecoveredWayLineVisual:SetLine (UnityEngine.Vector3,UnityEngine.Vector3,UnityEngine.Color,UnityEngine.Color,bool,bool,single) (at Assets/AreaBattle/Scripts/RecoveredWayLineVisual.cs:56)
AreaBattle.RecoveredWayLineVisual:Synchronize (AreaBattle.LineState,AreaBattle.TowerState,AreaBattle.TowerState,UnityEngine.Color,UnityEngine.Color,single) (at Assets/AreaBattle/Scripts/RecoveredWayLineVisual.cs:46)
AreaBattle.RecoveredWayLineVisual:Synchronize (AreaBattle.LineState,AreaBattle.TowerState,AreaBattle.TowerState,single) (at Assets/AreaBattle/Scripts/RecoveredWayLineVisual.cs:21)
AreaBattle.BattleView:RefreshPresentation () (at Assets/AreaBattle/Scripts/BattleView.cs:566)
AreaBattle.BattleView:AdvanceFrame (single,single) (at Assets/AreaBattle/Scripts/BattleView.cs:374)
AreaBattle.EditorTools.SkillInputValidation/<>c__DisplayClass1_3:<Run>b__19 () (at Assets/AreaBattle/Editor/SkillInputValidation.cs:177)
AreaBattle.EditorTools.SkillInputValidation/<>c__DisplayClass1_0:<Run>b__0 (string,System.Action) (at Assets/AreaBattle/Editor/SkillInputValidation.cs:18)
AreaBattle.EditorTools.SkillInputValidation:Run () (at Assets/AreaBattle/Editor/SkillInputValidation.cs:152)
System.Reflection.RuntimeMethodInfo:Invoke (object,System.Reflection.BindingFlags,System.Reflection.Binder,object[],System.Globalization.CultureInfo)
System.Reflection.MethodBase:Invoke (object,object[])
AreaBattle.EditorTools.BattleBuild:ValidateIntegrated () (at Assets/AreaBattle/Editor/BattleBuild.cs:32)
AreaBattle.EditorTools.BattleBuild:ValidateMechanicsOnly () (at Assets/AreaBattle/Editor/BattleBuild.cs:18)

[Assets/AreaBattle/Scripts/RecoveredWayLineVisual.cs line 21]

Instantiating material due to calling renderer.material during edit mode. This will leak materials into the scene. You most likely want to use renderer.sharedMaterial instead.
UnityEngine.Debug:ExtractStackTraceNoAlloc (byte*,int,string)
UnityEngine.StackTraceUtility:ExtractStackTrace () (at /Users/bokken/build/output/unity/unity/Runtime/Export/Scripting/StackTrace.cs:35)
UnityEngine.Renderer:GetMaterial ()
UnityEngine.Renderer:get_material () (at /Users/bokken/build/output/unity/unity/Runtime/Export/Graphics/GraphicsRenderers.bindings.cs:180)
AreaBattle.RecoveredWayLineVisual:Initialize () (at Assets/AreaBattle/Scripts/RecoveredWayLineVisual.cs:33)
AreaBattle.RecoveredWayLineVisual:SetLine (UnityEngine.Vector3,UnityEngine.Vector3,UnityEngine.Color,UnityEngine.Color,bool,bool,single) (at Assets/AreaBattle/Scripts/RecoveredWayLineVisual.cs:56)
AreaBattle.RecoveredWayLineVisual:Synchronize (AreaBattle.LineState,AreaBattle.TowerState,AreaBattle.TowerState,UnityEngine.Color,UnityEngine.Color,single) (at Assets/AreaBattle/Scripts/RecoveredWayLineVisual.cs:46)
AreaBattle.RecoveredWayLineVisual:Synchronize (AreaBattle.LineState,AreaBattle.TowerState,AreaBattle.TowerState,single) (at Assets/AreaBattle/Scripts/RecoveredWayLineVisual.cs:21)
AreaBattle.BattleView:RefreshPresentation () (at Assets/AreaBattle/Scripts/BattleView.cs:566)
AreaBattle.BattleView:AdvanceFrame (single,single) (at Assets/AreaBattle/Scripts/BattleView.cs:374)
AreaBattle.EditorTools.SkillInputValidation/<>c__DisplayClass1_3:<Run>b__19 () (at Assets/AreaBattle/Editor/SkillInputValidation.cs:177)
AreaBattle.EditorTools.SkillInputValidation/<>c__DisplayClass1_0:<Run>b__0 (string,System.Action) (at Assets/AreaBattle/Editor/SkillInputValidation.cs:18)
AreaBattle.EditorTools.SkillInputValidation:Run () (at Assets/AreaBattle/Editor/SkillInputValidation.cs:152)
System.Reflection.RuntimeMethodInfo:Invoke (object,System.Reflection.BindingFlags,System.Reflection.Binder,object[],System.Globalization.CultureInfo)
System.Reflection.MethodBase:Invoke (object,object[])
AreaBattle.EditorTools.BattleBuild:ValidateIntegrated () (at Assets/AreaBattle/Editor/BattleBuild.cs:32)
AreaBattle.EditorTools.BattleBuild:ValidateMechanicsOnly () (at Assets/AreaBattle/Editor/BattleBuild.cs:18)

[Assets/AreaBattle/Scripts/RecoveredWayLineVisual.cs line 21]

Instantiating material due to calling renderer.material during edit mode. This will leak materials into the scene. You most likely want to use renderer.sharedMaterial instead.
UnityEngine.Debug:ExtractStackTraceNoAlloc (byte*,int,string)
UnityEngine.StackTraceUtility:ExtractStackTrace () (at /Users/bokken/build/output/unity/unity/Runtime/Export/Scripting/StackTrace.cs:35)
UnityEngine.Renderer:GetMaterial ()
UnityEngine.Renderer:get_material () (at /Users/bokken/build/output/unity/unity/Runtime/Export/Graphics/GraphicsRenderers.bindings.cs:180)
AreaBattle.RecoveredWayLineVisual:Initialize () (at Assets/AreaBattle/Scripts/RecoveredWayLineVisual.cs:33)
AreaBattle.RecoveredWayLineVisual:SetLine (UnityEngine.Vector3,UnityEngine.Vector3,UnityEngine.Color,UnityEngine.Color,bool,bool,single) (at Assets/AreaBattle/Scripts/RecoveredWayLineVisual.cs:56)
AreaBattle.EditorTools.RecoveredWayLineImporter/<>c:<Run>b__13_2 (AreaBattle.RecoveredWayLineVisual) (at Assets/AreaBattle/Editor/RecoveredWayLineImporter.cs:100)
AreaBattle.EditorTools.RecoveredWayLineImporter/<>c__DisplayClass14_0:<CheckPrefab>b__0 () (at Assets/AreaBattle/Editor/RecoveredWayLineImporter.cs:121)
AreaBattle.EditorTools.RecoveredWayLineImporter/<>c__DisplayClass13_0:<Run>b__0 (string,System.Action) (at Assets/AreaBattle/Editor/RecoveredWayLineImporter.cs:97)
AreaBattle.EditorTools.RecoveredWayLineImporter:CheckPrefab (System.Action`2<string, System.Action>,string,bool,System.Action`1<AreaBattle.RecoveredWayLineVisual>) (at Assets/AreaBattle/Editor/RecoveredWayLineImporter.cs:121)
AreaBattle.EditorTools.RecoveredWayLineImporter:Run () (at Assets/AreaBattle/Editor/RecoveredWayLineImporter.cs:99)
System.Reflection.RuntimeMethodInfo:Invoke (object,System.Reflection.BindingFlags,System.Reflection.Binder,object[],System.Globalization.CultureInfo)
System.Reflection.MethodBase:Invoke (object,object[])
AreaBattle.EditorTools.BattleBuild:ValidateIntegrated () (at Assets/AreaBattle/Editor/BattleBuild.cs:32)
AreaBattle.EditorTools.BattleBuild:ValidateMechanicsOnly () (at Assets/AreaBattle/Editor/BattleBuild.cs:18)

[Assets/AreaBattle/Editor/RecoveredWayLineImporter.cs line 100]

Instantiating material due to calling renderer.material during edit mode. This will leak materials into the scene. You most likely want to use renderer.sharedMaterial instead.
UnityEngine.Debug:ExtractStackTraceNoAlloc (byte*,int,string)
UnityEngine.StackTraceUtility:ExtractStackTrace () (at /Users/bokken/build/output/unity/unity/Runtime/Export/Scripting/StackTrace.cs:35)
UnityEngine.Renderer:GetMaterial ()
UnityEngine.Renderer:get_material () (at /Users/bokken/build/output/unity/unity/Runtime/Export/Graphics/GraphicsRenderers.bindings.cs:180)
AreaBattle.RecoveredWayLineVisual:Initialize () (at Assets/AreaBattle/Scripts/RecoveredWayLineVisual.cs:33)
AreaBattle.RecoveredWayLineVisual:SetLine (UnityEngine.Vector3,UnityEngine.Vector3,UnityEngine.Color,UnityEngine.Color,bool,bool,single) (at Assets/AreaBattle/Scripts/RecoveredWayLineVisual.cs:56)
AreaBattle.EditorTools.RecoveredWayLineImporter/<>c:<Run>b__13_2 (AreaBattle.RecoveredWayLineVisual) (at Assets/AreaBattle/Editor/RecoveredWayLineImporter.cs:100)
AreaBattle.EditorTools.RecoveredWayLineImporter/<>c__DisplayClass14_0:<CheckPrefab>b__0 () (at Assets/AreaBattle/Editor/RecoveredWayLineImporter.cs:121)
AreaBattle.EditorTools.RecoveredWayLineImporter/<>c__DisplayClass13_0:<Run>b__0 (string,System.Action) (at Assets/AreaBattle/Editor/RecoveredWayLineImporter.cs:97)
AreaBattle.EditorTools.RecoveredWayLineImporter:CheckPrefab (System.Action`2<string, System.Action>,string,bool,System.Action`1<AreaBattle.RecoveredWayLineVisual>) (at Assets/AreaBattle/Editor/RecoveredWayLineImporter.cs:121)
AreaBattle.EditorTools.RecoveredWayLineImporter:Run () (at Assets/AreaBattle/Editor/RecoveredWayLineImporter.cs:99)
System.Reflection.RuntimeMethodInfo:Invoke (object,System.Reflection.BindingFlags,System.Reflection.Binder,object[],System.Globalization.CultureInfo)
System.Reflection.MethodBase:Invoke (object,object[])
AreaBattle.EditorTools.BattleBuild:ValidateIntegrated () (at Assets/AreaBattle/Editor/BattleBuild.cs:32)
AreaBattle.EditorTools.BattleBuild:ValidateMechanicsOnly () (at Assets/AreaBattle/Editor/BattleBuild.cs:18)

[Assets/AreaBattle/Editor/RecoveredWayLineImporter.cs line 100]

Instantiating material due to calling renderer.material during edit mode. This will leak materials into the scene. You most likely want to use renderer.sharedMaterial instead.
UnityEngine.Debug:ExtractStackTraceNoAlloc (byte*,int,string)
UnityEngine.StackTraceUtility:ExtractStackTrace () (at /Users/bokken/build/output/unity/unity/Runtime/Export/Scripting/StackTrace.cs:35)
UnityEngine.Renderer:GetMaterial ()
UnityEngine.Renderer:get_material () (at /Users/bokken/build/output/unity/unity/Runtime/Export/Graphics/GraphicsRenderers.bindings.cs:180)
AreaBattle.RecoveredWayLineVisual:Initialize () (at Assets/AreaBattle/Scripts/RecoveredWayLineVisual.cs:33)
AreaBattle.RecoveredWayLineVisual:SetLine (UnityEngine.Vector3,UnityEngine.Vector3,UnityEngine.Color,UnityEngine.Color,bool,bool,single) (at Assets/AreaBattle/Scripts/RecoveredWayLineVisual.cs:56)
AreaBattle.EditorTools.RecoveredWayLineImporter/<>c:<Run>b__13_3 (AreaBattle.RecoveredWayLineVisual) (at Assets/AreaBattle/Editor/RecoveredWayLineImporter.cs:106)
AreaBattle.EditorTools.RecoveredWayLineImporter/<>c__DisplayClass14_0:<CheckPrefab>b__0 () (at Assets/AreaBattle/Editor/RecoveredWayLineImporter.cs:121)
AreaBattle.EditorTools.RecoveredWayLineImporter/<>c__DisplayClass13_0:<Run>b__0 (string,System.Action) (at Assets/AreaBattle/Editor/RecoveredWayLineImporter.cs:97)
AreaBattle.EditorTools.RecoveredWayLineImporter:CheckPrefab (System.Action`2<string, System.Action>,string,bool,System.Action`1<AreaBattle.RecoveredWayLineVisual>) (at Assets/AreaBattle/Editor/RecoveredWayLineImporter.cs:121)
AreaBattle.EditorTools.RecoveredWayLineImporter:Run () (at Assets/AreaBattle/Editor/RecoveredWayLineImporter.cs:105)
System.Reflection.RuntimeMethodInfo:Invoke (object,System.Reflection.BindingFlags,System.Reflection.Binder,object[],System.Globalization.CultureInfo)
System.Reflection.MethodBase:Invoke (object,object[])
AreaBattle.EditorTools.BattleBuild:ValidateIntegrated () (at Assets/AreaBattle/Editor/BattleBuild.cs:32)
AreaBattle.EditorTools.BattleBuild:ValidateMechanicsOnly () (at Assets/AreaBattle/Editor/BattleBuild.cs:18)

[Assets/AreaBattle/Editor/RecoveredWayLineImporter.cs line 106]

Instantiating material due to calling renderer.material during edit mode. This will leak materials into the scene. You most likely want to use renderer.sharedMaterial instead.
UnityEngine.Debug:ExtractStackTraceNoAlloc (byte*,int,string)
UnityEngine.StackTraceUtility:ExtractStackTrace () (at /Users/bokken/build/output/unity/unity/Runtime/Export/Scripting/StackTrace.cs:35)
UnityEngine.Renderer:GetMaterial ()
UnityEngine.Renderer:get_material () (at /Users/bokken/build/output/unity/unity/Runtime/Export/Graphics/GraphicsRenderers.bindings.cs:180)
AreaBattle.RecoveredWayLineVisual:Initialize () (at Assets/AreaBattle/Scripts/RecoveredWayLineVisual.cs:33)
AreaBattle.RecoveredWayLineVisual:SetLine (UnityEngine.Vector3,UnityEngine.Vector3,UnityEngine.Color,UnityEngine.Color,bool,bool,single) (at Assets/AreaBattle/Scripts/RecoveredWayLineVisual.cs:56)
AreaBattle.EditorTools.RecoveredWayLineImporter/<>c:<Run>b__13_3 (AreaBattle.RecoveredWayLineVisual) (at Assets/AreaBattle/Editor/RecoveredWayLineImporter.cs:106)
AreaBattle.EditorTools.RecoveredWayLineImporter/<>c__DisplayClass14_0:<CheckPrefab>b__0 () (at Assets/AreaBattle/Editor/RecoveredWayLineImporter.cs:121)
AreaBattle.EditorTools.RecoveredWayLineImporter/<>c__DisplayClass13_0:<Run>b__0 (string,System.Action) (at Assets/AreaBattle/Editor/RecoveredWayLineImporter.cs:97)
AreaBattle.EditorTools.RecoveredWayLineImporter:CheckPrefab (System.Action`2<string, System.Action>,string,bool,System.Action`1<AreaBattle.RecoveredWayLineVisual>) (at Assets/AreaBattle/Editor/RecoveredWayLineImporter.cs:121)
AreaBattle.EditorTools.RecoveredWayLineImporter:Run () (at Assets/AreaBattle/Editor/RecoveredWayLineImporter.cs:105)
System.Reflection.RuntimeMethodInfo:Invoke (object,System.Reflection.BindingFlags,System.Reflection.Binder,object[],System.Globalization.CultureInfo)
System.Reflection.MethodBase:Invoke (object,object[])
AreaBattle.EditorTools.BattleBuild:ValidateIntegrated () (at Assets/AreaBattle/Editor/BattleBuild.cs:32)
AreaBattle.EditorTools.BattleBuild:ValidateMechanicsOnly () (at Assets/AreaBattle/Editor/BattleBuild.cs:18)

[Assets/AreaBattle/Editor/RecoveredWayLineImporter.cs line 106]

Instantiating material due to calling renderer.material during edit mode. This will leak materials into the scene. You most likely want to use renderer.sharedMaterial instead.
UnityEngine.Debug:ExtractStackTraceNoAlloc (byte*,int,string)
UnityEngine.StackTraceUtility:ExtractStackTrace () (at /Users/bokken/build/output/unity/unity/Runtime/Export/Scripting/StackTrace.cs:35)
UnityEngine.Renderer:GetMaterial ()
UnityEngine.Renderer:get_material () (at /Users/bokken/build/output/unity/unity/Runtime/Export/Graphics/GraphicsRenderers.bindings.cs:180)
AreaBattle.RecoveredWayLineVisual:Initialize () (at Assets/AreaBattle/Scripts/RecoveredWayLineVisual.cs:33)
AreaBattle.RecoveredWayLineVisual:SetLine (UnityEngine.Vector3,UnityEngine.Vector3,UnityEngine.Color,UnityEngine.Color,bool,bool,single) (at Assets/AreaBattle/Scripts/RecoveredWayLineVisual.cs:56)
AreaBattle.EditorTools.RecoveredWayLineImporter/<>c:<Run>b__13_3 (AreaBattle.RecoveredWayLineVisual) (at Assets/AreaBattle/Editor/RecoveredWayLineImporter.cs:106)
AreaBattle.EditorTools.RecoveredWayLineImporter/<>c__DisplayClass14_0:<CheckPrefab>b__0 () (at Assets/AreaBattle/Editor/RecoveredWayLineImporter.cs:121)
AreaBattle.EditorTools.RecoveredWayLineImporter/<>c__DisplayClass13_0:<Run>b__0 (string,System.Action) (at Assets/AreaBattle/Editor/RecoveredWayLineImporter.cs:97)
AreaBattle.EditorTools.RecoveredWayLineImporter:CheckPrefab (System.Action`2<string, System.Action>,string,bool,System.Action`1<AreaBattle.RecoveredWayLineVisual>) (at Assets/AreaBattle/Editor/RecoveredWayLineImporter.cs:121)
AreaBattle.EditorTools.RecoveredWayLineImporter:Run () (at Assets/AreaBattle/Editor/RecoveredWayLineImporter.cs:105)
System.Reflection.RuntimeMethodInfo:Invoke (object,System.Reflection.BindingFlags,System.Reflection.Binder,object[],System.Globalization.CultureInfo)
System.Reflection.MethodBase:Invoke (object,object[])
AreaBattle.EditorTools.BattleBuild:ValidateIntegrated () (at Assets/AreaBattle/Editor/BattleBuild.cs:32)
AreaBattle.EditorTools.BattleBuild:ValidateMechanicsOnly () (at Assets/AreaBattle/Editor/BattleBuild.cs:18)

[Assets/AreaBattle/Editor/RecoveredWayLineImporter.cs line 106]

Instantiating material due to calling renderer.material during edit mode. This will leak materials into the scene. You most likely want to use renderer.sharedMaterial instead.
UnityEngine.Debug:ExtractStackTraceNoAlloc (byte*,int,string)
UnityEngine.StackTraceUtility:ExtractStackTrace () (at /Users/bokken/build/output/unity/unity/Runtime/Export/Scripting/StackTrace.cs:35)
UnityEngine.Renderer:GetMaterial ()
UnityEngine.Renderer:get_material () (at /Users/bokken/build/output/unity/unity/Runtime/Export/Graphics/GraphicsRenderers.bindings.cs:180)
AreaBattle.RecoveredWayLineVisual:Initialize () (at Assets/AreaBattle/Scripts/RecoveredWayLineVisual.cs:33)
AreaBattle.RecoveredWayLineVisual:SetLine (UnityEngine.Vector3,UnityEngine.Vector3,UnityEngine.Color,UnityEngine.Color,bool,bool,single) (at Assets/AreaBattle/Scripts/RecoveredWayLineVisual.cs:56)
AreaBattle.EditorTools.RecoveredWayLineImporter/<>c:<Run>b__13_3 (AreaBattle.RecoveredWayLineVisual) (at Assets/AreaBattle/Editor/RecoveredWayLineImporter.cs:106)
AreaBattle.EditorTools.RecoveredWayLineImporter/<>c__DisplayClass14_0:<CheckPrefab>b__0 () (at Assets/AreaBattle/Editor/RecoveredWayLineImporter.cs:121)
AreaBattle.EditorTools.RecoveredWayLineImporter/<>c__DisplayClass13_0:<Run>b__0 (string,System.Action) (at Assets/AreaBattle/Editor/RecoveredWayLineImporter.cs:97)
AreaBattle.EditorTools.RecoveredWayLineImporter:CheckPrefab (System.Action`2<string, System.Action>,string,bool,System.Action`1<AreaBattle.RecoveredWayLineVisual>) (at Assets/AreaBattle/Editor/RecoveredWayLineImporter.cs:121)
AreaBattle.EditorTools.RecoveredWayLineImporter:Run () (at Assets/AreaBattle/Editor/RecoveredWayLineImporter.cs:105)
System.Reflection.RuntimeMethodInfo:Invoke (object,System.Reflection.BindingFlags,System.Reflection.Binder,object[],System.Globalization.CultureInfo)
System.Reflection.MethodBase:Invoke (object,object[])
AreaBattle.EditorTools.BattleBuild:ValidateIntegrated () (at Assets/AreaBattle/Editor/BattleBuild.cs:32)
AreaBattle.EditorTools.BattleBuild:ValidateMechanicsOnly () (at Assets/AreaBattle/Editor/BattleBuild.cs:18)

[Assets/AreaBattle/Editor/RecoveredWayLineImporter.cs line 106]

Instantiating material due to calling renderer.material during edit mode. This will leak materials into the scene. You most likely want to use renderer.sharedMaterial instead.
UnityEngine.Debug:ExtractStackTraceNoAlloc (byte*,int,string)
UnityEngine.StackTraceUtility:ExtractStackTrace () (at /Users/bokken/build/output/unity/unity/Runtime/Export/Scripting/StackTrace.cs:35)
UnityEngine.Renderer:GetMaterial ()
UnityEngine.Renderer:get_material () (at /Users/bokken/build/output/unity/unity/Runtime/Export/Graphics/GraphicsRenderers.bindings.cs:180)
AreaBattle.RecoveredWayLineVisual:Initialize () (at Assets/AreaBattle/Scripts/RecoveredWayLineVisual.cs:33)
AreaBattle.RecoveredWayLineVisual:SetLine (UnityEngine.Vector3,UnityEngine.Vector3,UnityEngine.Color,UnityEngine.Color,bool,bool,single) (at Assets/AreaBattle/Scripts/RecoveredWayLineVisual.cs:56)
AreaBattle.RecoveredWayLineVisual:Synchronize (AreaBattle.LineState,AreaBattle.TowerState,AreaBattle.TowerState,UnityEngine.Color,UnityEngine.Color,single) (at Assets/AreaBattle/Scripts/RecoveredWayLineVisual.cs:46)
AreaBattle.EditorTools.RecoveredWayLineImporter/<>c:<Run>b__13_4 (AreaBattle.RecoveredWayLineVisual) (at Assets/AreaBattle/Editor/RecoveredWayLineImporter.cs:113)
AreaBattle.EditorTools.RecoveredWayLineImporter/<>c__DisplayClass14_0:<CheckPrefab>b__0 () (at Assets/AreaBattle/Editor/RecoveredWayLineImporter.cs:121)
AreaBattle.EditorTools.RecoveredWayLineImporter/<>c__DisplayClass13_0:<Run>b__0 (string,System.Action) (at Assets/AreaBattle/Editor/RecoveredWayLineImporter.cs:97)
AreaBattle.EditorTools.RecoveredWayLineImporter:CheckPrefab (System.Action`2<string, System.Action>,string,bool,System.Action`1<AreaBattle.RecoveredWayLineVisual>) (at Assets/AreaBattle/Editor/RecoveredWayLineImporter.cs:121)
AreaBattle.EditorTools.RecoveredWayLineImporter:Run () (at Assets/AreaBattle/Editor/RecoveredWayLineImporter.cs:111)
System.Reflection.RuntimeMethodInfo:Invoke (object,System.Reflection.BindingFlags,System.Reflection.Binder,object[],System.Globalization.CultureInfo)
System.Reflection.MethodBase:Invoke (object,object[])
AreaBattle.EditorTools.BattleBuild:ValidateIntegrated () (at Assets/AreaBattle/Editor/BattleBuild.cs:32)
AreaBattle.EditorTools.BattleBuild:ValidateMechanicsOnly () (at Assets/AreaBattle/Editor/BattleBuild.cs:18)

[Assets/AreaBattle/Editor/RecoveredWayLineImporter.cs line 113]

Instantiating material due to calling renderer.material during edit mode. This will leak materials into the scene. You most likely want to use renderer.sharedMaterial instead.
UnityEngine.Debug:ExtractStackTraceNoAlloc (byte*,int,string)
UnityEngine.StackTraceUtility:ExtractStackTrace () (at /Users/bokken/build/output/unity/unity/Runtime/Export/Scripting/StackTrace.cs:35)
UnityEngine.Renderer:GetMaterial ()
UnityEngine.Renderer:get_material () (at /Users/bokken/build/output/unity/unity/Runtime/Export/Graphics/GraphicsRenderers.bindings.cs:180)
AreaBattle.RecoveredWayLineVisual:Initialize () (at Assets/AreaBattle/Scripts/RecoveredWayLineVisual.cs:33)
AreaBattle.RecoveredWayLineVisual:SetLine (UnityEngine.Vector3,UnityEngine.Vector3,UnityEngine.Color,UnityEngine.Color,bool,bool,single) (at Assets/AreaBattle/Scripts/RecoveredWayLineVisual.cs:56)
AreaBattle.RecoveredWayLineVisual:Synchronize (AreaBattle.LineState,AreaBattle.TowerState,AreaBattle.TowerState,UnityEngine.Color,UnityEngine.Color,single) (at Assets/AreaBattle/Scripts/RecoveredWayLineVisual.cs:46)
AreaBattle.EditorTools.RecoveredWayLineImporter/<>c:<Run>b__13_4 (AreaBattle.RecoveredWayLineVisual) (at Assets/AreaBattle/Editor/RecoveredWayLineImporter.cs:113)
AreaBattle.EditorTools.RecoveredWayLineImporter/<>c__DisplayClass14_0:<CheckPrefab>b__0 () (at Assets/AreaBattle/Editor/RecoveredWayLineImporter.cs:121)
AreaBattle.EditorTools.RecoveredWayLineImporter/<>c__DisplayClass13_0:<Run>b__0 (string,System.Action) (at Assets/AreaBattle/Editor/RecoveredWayLineImporter.cs:97)
AreaBattle.EditorTools.RecoveredWayLineImporter:CheckPrefab (System.Action`2<string, System.Action>,string,bool,System.Action`1<AreaBattle.RecoveredWayLineVisual>) (at Assets/AreaBattle/Editor/RecoveredWayLineImporter.cs:121)
AreaBattle.EditorTools.RecoveredWayLineImporter:Run () (at Assets/AreaBattle/Editor/RecoveredWayLineImporter.cs:111)
System.Reflection.RuntimeMethodInfo:Invoke (object,System.Reflection.BindingFlags,System.Reflection.Binder,object[],System.Globalization.CultureInfo)
System.Reflection.MethodBase:Invoke (object,object[])
AreaBattle.EditorTools.BattleBuild:ValidateIntegrated () (at Assets/AreaBattle/Editor/BattleBuild.cs:32)
AreaBattle.EditorTools.BattleBuild:ValidateMechanicsOnly () (at Assets/AreaBattle/Editor/BattleBuild.cs:18)

[Assets/AreaBattle/Editor/RecoveredWayLineImporter.cs line 113]

Instantiating material due to calling renderer.material during edit mode. This will leak materials into the scene. You most likely want to use renderer.sharedMaterial instead.
UnityEngine.Debug:ExtractStackTraceNoAlloc (byte*,int,string)
UnityEngine.StackTraceUtility:ExtractStackTrace () (at /Users/bokken/build/output/unity/unity/Runtime/Export/Scripting/StackTrace.cs:35)
UnityEngine.Renderer:GetMaterial ()
UnityEngine.Renderer:get_material () (at /Users/bokken/build/output/unity/unity/Runtime/Export/Graphics/GraphicsRenderers.bindings.cs:180)
AreaBattle.RecoveredWayLineVisual:Initialize () (at Assets/AreaBattle/Scripts/RecoveredWayLineVisual.cs:33)
AreaBattle.RecoveredWayLineVisual:SetLine (UnityEngine.Vector3,UnityEngine.Vector3,UnityEngine.Color,UnityEngine.Color,bool,bool,single) (at Assets/AreaBattle/Scripts/RecoveredWayLineVisual.cs:56)
AreaBattle.EditorTools.RecoveredWayLineImporter/<>c:<Run>b__13_5 (AreaBattle.RecoveredWayLineVisual) (at Assets/AreaBattle/Editor/RecoveredWayLineImporter.cs:117)
AreaBattle.EditorTools.RecoveredWayLineImporter/<>c__DisplayClass14_0:<CheckPrefab>b__0 () (at Assets/AreaBattle/Editor/RecoveredWayLineImporter.cs:121)
AreaBattle.EditorTools.RecoveredWayLineImporter/<>c__DisplayClass13_0:<Run>b__0 (string,System.Action) (at Assets/AreaBattle/Editor/RecoveredWayLineImporter.cs:97)
AreaBattle.EditorTools.RecoveredWayLineImporter:CheckPrefab (System.Action`2<string, System.Action>,string,bool,System.Action`1<AreaBattle.RecoveredWayLineVisual>) (at Assets/AreaBattle/Editor/RecoveredWayLineImporter.cs:121)
AreaBattle.EditorTools.RecoveredWayLineImporter:Run () (at Assets/AreaBattle/Editor/RecoveredWayLineImporter.cs:117)
System.Reflection.RuntimeMethodInfo:Invoke (object,System.Reflection.BindingFlags,System.Reflection.Binder,object[],System.Globalization.CultureInfo)
System.Reflection.MethodBase:Invoke (object,object[])
AreaBattle.EditorTools.BattleBuild:ValidateIntegrated () (at Assets/AreaBattle/Editor/BattleBuild.cs:32)
AreaBattle.EditorTools.BattleBuild:ValidateMechanicsOnly () (at Assets/AreaBattle/Editor/BattleBuild.cs:18)

[Assets/AreaBattle/Editor/RecoveredWayLineImporter.cs line 117]

Instantiating material due to calling renderer.material during edit mode. This will leak materials into the scene. You most likely want to use renderer.sharedMaterial instead.
UnityEngine.Debug:ExtractStackTraceNoAlloc (byte*,int,string)
UnityEngine.StackTraceUtility:ExtractStackTrace () (at /Users/bokken/build/output/unity/unity/Runtime/Export/Scripting/StackTrace.cs:35)
UnityEngine.Renderer:GetMaterial ()
UnityEngine.Renderer:get_material () (at /Users/bokken/build/output/unity/unity/Runtime/Export/Graphics/GraphicsRenderers.bindings.cs:180)
AreaBattle.RecoveredWayLineVisual:Initialize () (at Assets/AreaBattle/Scripts/RecoveredWayLineVisual.cs:33)
AreaBattle.RecoveredWayLineVisual:SetLine (UnityEngine.Vector3,UnityEngine.Vector3,UnityEngine.Color,UnityEngine.Color,bool,bool,single) (at Assets/AreaBattle/Scripts/RecoveredWayLineVisual.cs:56)
AreaBattle.EditorTools.RecoveredWayLineImporter/<>c:<Run>b__13_5 (AreaBattle.RecoveredWayLineVisual) (at Assets/AreaBattle/Editor/RecoveredWayLineImporter.cs:117)
AreaBattle.EditorTools.RecoveredWayLineImporter/<>c__DisplayClass14_0:<CheckPrefab>b__0 () (at Assets/AreaBattle/Editor/RecoveredWayLineImporter.cs:121)
AreaBattle.EditorTools.RecoveredWayLineImporter/<>c__DisplayClass13_0:<Run>b__0 (string,System.Action) (at Assets/AreaBattle/Editor/RecoveredWayLineImporter.cs:97)
AreaBattle.EditorTools.RecoveredWayLineImporter:CheckPrefab (System.Action`2<string, System.Action>,string,bool,System.Action`1<AreaBattle.RecoveredWayLineVisual>) (at Assets/AreaBattle/Editor/RecoveredWayLineImporter.cs:121)
AreaBattle.EditorTools.RecoveredWayLineImporter:Run () (at Assets/AreaBattle/Editor/RecoveredWayLineImporter.cs:117)
System.Reflection.RuntimeMethodInfo:Invoke (object,System.Reflection.BindingFlags,System.Reflection.Binder,object[],System.Globalization.CultureInfo)
System.Reflection.MethodBase:Invoke (object,object[])
AreaBattle.EditorTools.BattleBuild:ValidateIntegrated () (at Assets/AreaBattle/Editor/BattleBuild.cs:32)
AreaBattle.EditorTools.BattleBuild:ValidateMechanicsOnly () (at Assets/AreaBattle/Editor/BattleBuild.cs:18)

[Assets/AreaBattle/Editor/RecoveredWayLineImporter.cs line 117]

Instantiating material due to calling renderer.material during edit mode. This will leak materials into the scene. You most likely want to use renderer.sharedMaterial instead.
UnityEngine.Debug:ExtractStackTraceNoAlloc (byte*,int,string)
UnityEngine.StackTraceUtility:ExtractStackTrace () (at /Users/bokken/build/output/unity/unity/Runtime/Export/Scripting/StackTrace.cs:35)
UnityEngine.Renderer:GetMaterial ()
UnityEngine.Renderer:get_material () (at /Users/bokken/build/output/unity/unity/Runtime/Export/Graphics/GraphicsRenderers.bindings.cs:180)
AreaBattle.RecoveredWayLineVisual:Initialize () (at Assets/AreaBattle/Scripts/RecoveredWayLineVisual.cs:33)
AreaBattle.RecoveredWayLineVisual:SetLine (UnityEngine.Vector3,UnityEngine.Vector3,UnityEngine.Color,UnityEngine.Color,bool,bool,single) (at Assets/AreaBattle/Scripts/RecoveredWayLineVisual.cs:56)
AreaBattle.RecoveredGestureVisuals:DrawPreview (UnityEngine.Vector3,UnityEngine.Vector3,UnityEngine.Color,bool,UnityEngine.Transform,bool,single) (at Assets/AreaBattle/Scripts/RecoveredGestureVisuals.cs:97)
AreaBattle.EditorTools.RecoveredGestureImporter/<>c:<Run>b__19_4 () (at Assets/AreaBattle/Editor/RecoveredGestureImporter.cs:109)
AreaBattle.EditorTools.RecoveredGestureImporter/<>c__DisplayClass19_0:<Run>b__0 (string,System.Action) (at Assets/AreaBattle/Editor/RecoveredGestureImporter.cs:86)
AreaBattle.EditorTools.RecoveredGestureImporter:Run () (at Assets/AreaBattle/Editor/RecoveredGestureImporter.cs:105)
System.Reflection.RuntimeMethodInfo:Invoke (object,System.Reflection.BindingFlags,System.Reflection.Binder,object[],System.Globalization.CultureInfo)
System.Reflection.MethodBase:Invoke (object,object[])
AreaBattle.EditorTools.BattleBuild:ValidateIntegrated () (at Assets/AreaBattle/Editor/BattleBuild.cs:32)
AreaBattle.EditorTools.BattleBuild:ValidateMechanicsOnly () (at Assets/AreaBattle/Editor/BattleBuild.cs:18)

[Assets/AreaBattle/Editor/RecoveredGestureImporter.cs line 109]

Instantiating material due to calling renderer.material during edit mode. This will leak materials into the scene. You most likely want to use renderer.sharedMaterial instead.
UnityEngine.Debug:ExtractStackTraceNoAlloc (byte*,int,string)
UnityEngine.StackTraceUtility:ExtractStackTrace () (at /Users/bokken/build/output/unity/unity/Runtime/Export/Scripting/StackTrace.cs:35)
UnityEngine.Renderer:GetMaterial ()
UnityEngine.Renderer:get_material () (at /Users/bokken/build/output/unity/unity/Runtime/Export/Graphics/GraphicsRenderers.bindings.cs:180)
AreaBattle.RecoveredWayLineVisual:Initialize () (at Assets/AreaBattle/Scripts/RecoveredWayLineVisual.cs:33)
AreaBattle.RecoveredWayLineVisual:SetLine (UnityEngine.Vector3,UnityEngine.Vector3,UnityEngine.Color,UnityEngine.Color,bool,bool,single) (at Assets/AreaBattle/Scripts/RecoveredWayLineVisual.cs:56)
AreaBattle.RecoveredGestureVisuals:DrawPreview (UnityEngine.Vector3,UnityEngine.Vector3,UnityEngine.Color,bool,UnityEngine.Transform,bool,single) (at Assets/AreaBattle/Scripts/RecoveredGestureVisuals.cs:97)
AreaBattle.EditorTools.RecoveredGestureImporter/<>c:<Run>b__19_4 () (at Assets/AreaBattle/Editor/RecoveredGestureImporter.cs:109)
AreaBattle.EditorTools.RecoveredGestureImporter/<>c__DisplayClass19_0:<Run>b__0 (string,System.Action) (at Assets/AreaBattle/Editor/RecoveredGestureImporter.cs:86)
AreaBattle.EditorTools.RecoveredGestureImporter:Run () (at Assets/AreaBattle/Editor/RecoveredGestureImporter.cs:105)
System.Reflection.RuntimeMethodInfo:Invoke (object,System.Reflection.BindingFlags,System.Reflection.Binder,object[],System.Globalization.CultureInfo)
System.Reflection.MethodBase:Invoke (object,object[])
AreaBattle.EditorTools.BattleBuild:ValidateIntegrated () (at Assets/AreaBattle/Editor/BattleBuild.cs:32)
AreaBattle.EditorTools.BattleBuild:ValidateMechanicsOnly () (at Assets/AreaBattle/Editor/BattleBuild.cs:18)

[Assets/AreaBattle/Editor/RecoveredGestureImporter.cs line 109]

Instantiating material due to calling renderer.material during edit mode. This will leak materials into the scene. You most likely want to use renderer.sharedMaterial instead.
UnityEngine.Debug:ExtractStackTraceNoAlloc (byte*,int,string)
UnityEngine.StackTraceUtility:ExtractStackTrace () (at /Users/bokken/build/output/unity/unity/Runtime/Export/Scripting/StackTrace.cs:35)
UnityEngine.Renderer:GetMaterial ()
UnityEngine.Renderer:get_material () (at /Users/bokken/build/output/unity/unity/Runtime/Export/Graphics/GraphicsRenderers.bindings.cs:180)
AreaBattle.RecoveredWayLineVisual:Initialize () (at Assets/AreaBattle/Scripts/RecoveredWayLineVisual.cs:33)
AreaBattle.RecoveredWayLineVisual:SetLine (UnityEngine.Vector3,UnityEngine.Vector3,UnityEngine.Color,UnityEngine.Color,bool,bool,single) (at Assets/AreaBattle/Scripts/RecoveredWayLineVisual.cs:56)
AreaBattle.RecoveredGestureVisuals:DrawPreview (UnityEngine.Vector3,UnityEngine.Vector3,UnityEngine.Color,bool,UnityEngine.Transform,bool,single) (at Assets/AreaBattle/Scripts/RecoveredGestureVisuals.cs:97)
AreaBattle.BattleView:MoveTowerDrag (UnityEngine.Vector3,int) (at Assets/AreaBattle/Scripts/BattleView.cs:489)
AreaBattle.EditorTools.RecoveredGestureImporter/<>c:<Run>b__19_7 () (at Assets/AreaBattle/Editor/RecoveredGestureImporter.cs:153)
AreaBattle.EditorTools.RecoveredGestureImporter/<>c__DisplayClass19_0:<Run>b__0 (string,System.Action) (at Assets/AreaBattle/Editor/RecoveredGestureImporter.cs:86)
AreaBattle.EditorTools.RecoveredGestureImporter:Run () (at Assets/AreaBattle/Editor/RecoveredGestureImporter.cs:140)
System.Reflection.RuntimeMethodInfo:Invoke (object,System.Reflection.BindingFlags,System.Reflection.Binder,object[],System.Globalization.CultureInfo)
System.Reflection.MethodBase:Invoke (object,object[])
AreaBattle.EditorTools.BattleBuild:ValidateIntegrated () (at Assets/AreaBattle/Editor/BattleBuild.cs:32)
AreaBattle.EditorTools.BattleBuild:ValidateMechanicsOnly () (at Assets/AreaBattle/Editor/BattleBuild.cs:18)

[Assets/AreaBattle/Editor/RecoveredGestureImporter.cs line 153]

Instantiating material due to calling renderer.material during edit mode. This will leak materials into the scene. You most likely want to use renderer.sharedMaterial instead.
UnityEngine.Debug:ExtractStackTraceNoAlloc (byte*,int,string)
UnityEngine.StackTraceUtility:ExtractStackTrace () (at /Users/bokken/build/output/unity/unity/Runtime/Export/Scripting/StackTrace.cs:35)
UnityEngine.Renderer:GetMaterial ()
UnityEngine.Renderer:get_material () (at /Users/bokken/build/output/unity/unity/Runtime/Export/Graphics/GraphicsRenderers.bindings.cs:180)
AreaBattle.RecoveredWayLineVisual:Initialize () (at Assets/AreaBattle/Scripts/RecoveredWayLineVisual.cs:33)
AreaBattle.RecoveredWayLineVisual:SetLine (UnityEngine.Vector3,UnityEngine.Vector3,UnityEngine.Color,UnityEngine.Color,bool,bool,single) (at Assets/AreaBattle/Scripts/RecoveredWayLineVisual.cs:56)
AreaBattle.RecoveredGestureVisuals:DrawPreview (UnityEngine.Vector3,UnityEngine.Vector3,UnityEngine.Color,bool,UnityEngine.Transform,bool,single) (at Assets/AreaBattle/Scripts/RecoveredGestureVisuals.cs:97)
AreaBattle.BattleView:MoveTowerDrag (UnityEngine.Vector3,int) (at Assets/AreaBattle/Scripts/BattleView.cs:489)
AreaBattle.EditorTools.RecoveredGestureImporter/<>c:<Run>b__19_7 () (at Assets/AreaBattle/Editor/RecoveredGestureImporter.cs:153)
AreaBattle.EditorTools.RecoveredGestureImporter/<>c__DisplayClass19_0:<Run>b__0 (string,System.Action) (at Assets/AreaBattle/Editor/RecoveredGestureImporter.cs:86)
AreaBattle.EditorTools.RecoveredGestureImporter:Run () (at Assets/AreaBattle/Editor/RecoveredGestureImporter.cs:140)
System.Reflection.RuntimeMethodInfo:Invoke (object,System.Reflection.BindingFlags,System.Reflection.Binder,object[],System.Globalization.CultureInfo)
System.Reflection.MethodBase:Invoke (object,object[])
AreaBattle.EditorTools.BattleBuild:ValidateIntegrated () (at Assets/AreaBattle/Editor/BattleBuild.cs:32)
AreaBattle.EditorTools.BattleBuild:ValidateMechanicsOnly () (at Assets/AreaBattle/Editor/BattleBuild.cs:18)

[Assets/AreaBattle/Editor/RecoveredGestureImporter.cs line 153]

Instantiating material due to calling renderer.material during edit mode. This will leak materials into the scene. You most likely want to use renderer.sharedMaterial instead.
UnityEngine.Debug:ExtractStackTraceNoAlloc (byte*,int,string)
UnityEngine.StackTraceUtility:ExtractStackTrace () (at /Users/bokken/build/output/unity/unity/Runtime/Export/Scripting/StackTrace.cs:35)
UnityEngine.Renderer:GetMaterial ()
UnityEngine.Renderer:get_material () (at /Users/bokken/build/output/unity/unity/Runtime/Export/Graphics/GraphicsRenderers.bindings.cs:180)
AreaBattle.RecoveredWayLineVisual:Initialize () (at Assets/AreaBattle/Scripts/RecoveredWayLineVisual.cs:33)
AreaBattle.RecoveredWayLineVisual:SetLine (UnityEngine.Vector3,UnityEngine.Vector3,UnityEngine.Color,UnityEngine.Color,bool,bool,single) (at Assets/AreaBattle/Scripts/RecoveredWayLineVisual.cs:56)
AreaBattle.RecoveredWayLineVisual:Synchronize (AreaBattle.LineState,AreaBattle.TowerState,AreaBattle.TowerState,UnityEngine.Color,UnityEngine.Color,single) (at Assets/AreaBattle/Scripts/RecoveredWayLineVisual.cs:46)
AreaBattle.RecoveredWayLineVisual:Synchronize (AreaBattle.LineState,AreaBattle.TowerState,AreaBattle.TowerState,single) (at Assets/AreaBattle/Scripts/RecoveredWayLineVisual.cs:21)
AreaBattle.BattleView:RefreshPresentation () (at Assets/AreaBattle/Scripts/BattleView.cs:566)
AreaBattle.BattleView:AdvanceFrame (single,single) (at Assets/AreaBattle/Scripts/BattleView.cs:374)
AreaBattle.EditorTools.RecoveredGestureImporter/<>c:<Run>b__19_7 () (at Assets/AreaBattle/Editor/RecoveredGestureImporter.cs:161)
AreaBattle.EditorTools.RecoveredGestureImporter/<>c__DisplayClass19_0:<Run>b__0 (string,System.Action) (at Assets/AreaBattle/Editor/RecoveredGestureImporter.cs:86)
AreaBattle.EditorTools.RecoveredGestureImporter:Run () (at Assets/AreaBattle/Editor/RecoveredGestureImporter.cs:140)
System.Reflection.RuntimeMethodInfo:Invoke (object,System.Reflection.BindingFlags,System.Reflection.Binder,object[],System.Globalization.CultureInfo)
System.Reflection.MethodBase:Invoke (object,object[])
AreaBattle.EditorTools.BattleBuild:ValidateIntegrated () (at Assets/AreaBattle/Editor/BattleBuild.cs:32)
AreaBattle.EditorTools.BattleBuild:ValidateMechanicsOnly () (at Assets/AreaBattle/Editor/BattleBuild.cs:18)

[Assets/AreaBattle/Scripts/RecoveredWayLineVisual.cs line 21]

Instantiating material due to calling renderer.material during edit mode. This will leak materials into the scene. You most likely want to use renderer.sharedMaterial instead.
UnityEngine.Debug:ExtractStackTraceNoAlloc (byte*,int,string)
UnityEngine.StackTraceUtility:ExtractStackTrace () (at /Users/bokken/build/output/unity/unity/Runtime/Export/Scripting/StackTrace.cs:35)
UnityEngine.Renderer:GetMaterial ()
UnityEngine.Renderer:get_material () (at /Users/bokken/build/output/unity/unity/Runtime/Export/Graphics/GraphicsRenderers.bindings.cs:180)
AreaBattle.RecoveredWayLineVisual:Initialize () (at Assets/AreaBattle/Scripts/RecoveredWayLineVisual.cs:33)
AreaBattle.RecoveredWayLineVisual:SetLine (UnityEngine.Vector3,UnityEngine.Vector3,UnityEngine.Color,UnityEngine.Color,bool,bool,single) (at Assets/AreaBattle/Scripts/RecoveredWayLineVisual.cs:56)
AreaBattle.RecoveredWayLineVisual:Synchronize (AreaBattle.LineState,AreaBattle.TowerState,AreaBattle.TowerState,UnityEngine.Color,UnityEngine.Color,single) (at Assets/AreaBattle/Scripts/RecoveredWayLineVisual.cs:46)
AreaBattle.RecoveredWayLineVisual:Synchronize (AreaBattle.LineState,AreaBattle.TowerState,AreaBattle.TowerState,single) (at Assets/AreaBattle/Scripts/RecoveredWayLineVisual.cs:21)
AreaBattle.BattleView:RefreshPresentation () (at Assets/AreaBattle/Scripts/BattleView.cs:566)
AreaBattle.BattleView:AdvanceFrame (single,single) (at Assets/AreaBattle/Scripts/BattleView.cs:374)
AreaBattle.EditorTools.RecoveredGestureImporter/<>c:<Run>b__19_7 () (at Assets/AreaBattle/Editor/RecoveredGestureImporter.cs:161)
AreaBattle.EditorTools.RecoveredGestureImporter/<>c__DisplayClass19_0:<Run>b__0 (string,System.Action) (at Assets/AreaBattle/Editor/RecoveredGestureImporter.cs:86)
AreaBattle.EditorTools.RecoveredGestureImporter:Run () (at Assets/AreaBattle/Editor/RecoveredGestureImporter.cs:140)
System.Reflection.RuntimeMethodInfo:Invoke (object,System.Reflection.BindingFlags,System.Reflection.Binder,object[],System.Globalization.CultureInfo)
System.Reflection.MethodBase:Invoke (object,object[])
AreaBattle.EditorTools.BattleBuild:ValidateIntegrated () (at Assets/AreaBattle/Editor/BattleBuild.cs:32)
AreaBattle.EditorTools.BattleBuild:ValidateMechanicsOnly () (at Assets/AreaBattle/Editor/BattleBuild.cs:18)

[Assets/AreaBattle/Scripts/RecoveredWayLineVisual.cs line 21]

Instantiating material due to calling renderer.material during edit mode. This will leak materials into the scene. You most likely want to use renderer.sharedMaterial instead.
UnityEngine.Debug:ExtractStackTraceNoAlloc (byte*,int,string)
UnityEngine.StackTraceUtility:ExtractStackTrace () (at /Users/bokken/build/output/unity/unity/Runtime/Export/Scripting/StackTrace.cs:35)
UnityEngine.Renderer:GetMaterial ()
UnityEngine.Renderer:get_material () (at /Users/bokken/build/output/unity/unity/Runtime/Export/Graphics/GraphicsRenderers.bindings.cs:180)
AreaBattle.RecoveredWayLineVisual:Initialize () (at Assets/AreaBattle/Scripts/RecoveredWayLineVisual.cs:33)
AreaBattle.RecoveredWayLineVisual:SetLine (UnityEngine.Vector3,UnityEngine.Vector3,UnityEngine.Color,UnityEngine.Color,bool,bool,single) (at Assets/AreaBattle/Scripts/RecoveredWayLineVisual.cs:56)
AreaBattle.RecoveredWayLineVisual:Synchronize (AreaBattle.LineState,AreaBattle.TowerState,AreaBattle.TowerState,UnityEngine.Color,UnityEngine.Color,single) (at Assets/AreaBattle/Scripts/RecoveredWayLineVisual.cs:46)
AreaBattle.RecoveredWayLineVisual:Synchronize (AreaBattle.LineState,AreaBattle.TowerState,AreaBattle.TowerState,single) (at Assets/AreaBattle/Scripts/RecoveredWayLineVisual.cs:21)
AreaBattle.BattleView:RefreshPresentation () (at Assets/AreaBattle/Scripts/BattleView.cs:566)
AreaBattle.BattleView:AdvanceFrame (single,single) (at Assets/AreaBattle/Scripts/BattleView.cs:374)
AreaBattle.EditorTools.RepresentativeReplayValidation:Advance (AreaBattle.BattleView,single) (at Assets/AreaBattle/Editor/RepresentativeReplayValidation.cs:102)
AreaBattle.EditorTools.RepresentativeReplayValidation:Win (AreaBattle.BattleView,AreaBattle.EditorTools.RepresentativeReplayValidation/Replay) (at Assets/AreaBattle/Editor/RepresentativeReplayValidation.cs:108)
AreaBattle.EditorTools.RepresentativeReplayValidation:Run () (at Assets/AreaBattle/Editor/RepresentativeReplayValidation.cs:141)
System.Reflection.RuntimeMethodInfo:Invoke (object,System.Reflection.BindingFlags,System.Reflection.Binder,object[],System.Globalization.CultureInfo)
System.Reflection.MethodBase:Invoke (object,object[])
AreaBattle.EditorTools.BattleBuild:ValidateIntegrated () (at Assets/AreaBattle/Editor/BattleBuild.cs:32)
AreaBattle.EditorTools.BattleBuild:ValidateMechanicsOnly () (at Assets/AreaBattle/Editor/BattleBuild.cs:18)

[Assets/AreaBattle/Scripts/RecoveredWayLineVisual.cs line 21]

Instantiating material due to calling renderer.material during edit mode. This will leak materials into the scene. You most likely want to use renderer.sharedMaterial instead.
UnityEngine.Debug:ExtractStackTraceNoAlloc (byte*,int,string)
UnityEngine.StackTraceUtility:ExtractStackTrace () (at /Users/bokken/build/output/unity/unity/Runtime/Export/Scripting/StackTrace.cs:35)
UnityEngine.Renderer:GetMaterial ()
UnityEngine.Renderer:get_material () (at /Users/bokken/build/output/unity/unity/Runtime/Export/Graphics/GraphicsRenderers.bindings.cs:180)
AreaBattle.RecoveredWayLineVisual:Initialize () (at Assets/AreaBattle/Scripts/RecoveredWayLineVisual.cs:33)
AreaBattle.RecoveredWayLineVisual:SetLine (UnityEngine.Vector3,UnityEngine.Vector3,UnityEngine.Color,UnityEngine.Color,bool,bool,single) (at Assets/AreaBattle/Scripts/RecoveredWayLineVisual.cs:56)
AreaBattle.RecoveredWayLineVisual:Synchronize (AreaBattle.LineState,AreaBattle.TowerState,AreaBattle.TowerState,UnityEngine.Color,UnityEngine.Color,single) (at Assets/AreaBattle/Scripts/RecoveredWayLineVisual.cs:46)
AreaBattle.RecoveredWayLineVisual:Synchronize (AreaBattle.LineState,AreaBattle.TowerState,AreaBattle.TowerState,single) (at Assets/AreaBattle/Scripts/RecoveredWayLineVisual.cs:21)
AreaBattle.BattleView:RefreshPresentation () (at Assets/AreaBattle/Scripts/BattleView.cs:566)
AreaBattle.BattleView:AdvanceFrame (single,single) (at Assets/AreaBattle/Scripts/BattleView.cs:374)
AreaBattle.EditorTools.RepresentativeReplayValidation:Advance (AreaBattle.BattleView,single) (at Assets/AreaBattle/Editor/RepresentativeReplayValidation.cs:102)
AreaBattle.EditorTools.RepresentativeReplayValidation:Win (AreaBattle.BattleView,AreaBattle.EditorTools.RepresentativeReplayValidation/Replay) (at Assets/AreaBattle/Editor/RepresentativeReplayValidation.cs:108)
AreaBattle.EditorTools.RepresentativeReplayValidation:Run () (at Assets/AreaBattle/Editor/RepresentativeReplayValidation.cs:141)
System.Reflection.RuntimeMethodInfo:Invoke (object,System.Reflection.BindingFlags,System.Reflection.Binder,object[],System.Globalization.CultureInfo)
System.Reflection.MethodBase:Invoke (object,object[])
AreaBattle.EditorTools.BattleBuild:ValidateIntegrated () (at Assets/AreaBattle/Editor/BattleBuild.cs:32)
AreaBattle.EditorTools.BattleBuild:ValidateMechanicsOnly () (at Assets/AreaBattle/Editor/BattleBuild.cs:18)

[Assets/AreaBattle/Scripts/RecoveredWayLineVisual.cs line 21]

Instantiating material due to calling renderer.material during edit mode. This will leak materials into the scene. You most likely want to use renderer.sharedMaterial instead.
UnityEngine.Debug:ExtractStackTraceNoAlloc (byte*,int,string)
UnityEngine.StackTraceUtility:ExtractStackTrace () (at /Users/bokken/build/output/unity/unity/Runtime/Export/Scripting/StackTrace.cs:35)
UnityEngine.Renderer:GetMaterial ()
UnityEngine.Renderer:get_material () (at /Users/bokken/build/output/unity/unity/Runtime/Export/Graphics/GraphicsRenderers.bindings.cs:180)
AreaBattle.RecoveredWayLineVisual:Initialize () (at Assets/AreaBattle/Scripts/RecoveredWayLineVisual.cs:33)
AreaBattle.RecoveredWayLineVisual:SetLine (UnityEngine.Vector3,UnityEngine.Vector3,UnityEngine.Color,UnityEngine.Color,bool,bool,single) (at Assets/AreaBattle/Scripts/RecoveredWayLineVisual.cs:56)
AreaBattle.RecoveredWayLineVisual:Synchronize (AreaBattle.LineState,AreaBattle.TowerState,AreaBattle.TowerState,UnityEngine.Color,UnityEngine.Color,single) (at Assets/AreaBattle/Scripts/RecoveredWayLineVisual.cs:46)
AreaBattle.RecoveredWayLineVisual:Synchronize (AreaBattle.LineState,AreaBattle.TowerState,AreaBattle.TowerState,single) (at Assets/AreaBattle/Scripts/RecoveredWayLineVisual.cs:21)
AreaBattle.BattleView:RefreshPresentation () (at Assets/AreaBattle/Scripts/BattleView.cs:566)
AreaBattle.BattleView:AdvanceFrame (single,single) (at Assets/AreaBattle/Scripts/BattleView.cs:374)
AreaBattle.EditorTools.RepresentativeReplayValidation:Advance (AreaBattle.BattleView,single) (at Assets/AreaBattle/Editor/RepresentativeReplayValidation.cs:102)
AreaBattle.EditorTools.RepresentativeReplayValidation:Win (AreaBattle.BattleView,AreaBattle.EditorTools.RepresentativeReplayValidation/Replay) (at Assets/AreaBattle/Editor/RepresentativeReplayValidation.cs:108)
AreaBattle.EditorTools.RepresentativeReplayValidation:Run () (at Assets/AreaBattle/Editor/RepresentativeReplayValidation.cs:141)
System.Reflection.RuntimeMethodInfo:Invoke (object,System.Reflection.BindingFlags,System.Reflection.Binder,object[],System.Globalization.CultureInfo)
System.Reflection.MethodBase:Invoke (object,object[])
AreaBattle.EditorTools.BattleBuild:ValidateIntegrated () (at Assets/AreaBattle/Editor/BattleBuild.cs:32)
AreaBattle.EditorTools.BattleBuild:ValidateMechanicsOnly () (at Assets/AreaBattle/Editor/BattleBuild.cs:18)

[Assets/AreaBattle/Scripts/RecoveredWayLineVisual.cs line 21]

Instantiating material due to calling renderer.material during edit mode. This will leak materials into the scene. You most likely want to use renderer.sharedMaterial instead.
UnityEngine.Debug:ExtractStackTraceNoAlloc (byte*,int,string)
UnityEngine.StackTraceUtility:ExtractStackTrace () (at /Users/bokken/build/output/unity/unity/Runtime/Export/Scripting/StackTrace.cs:35)
UnityEngine.Renderer:GetMaterial ()
UnityEngine.Renderer:get_material () (at /Users/bokken/build/output/unity/unity/Runtime/Export/Graphics/GraphicsRenderers.bindings.cs:180)
AreaBattle.RecoveredWayLineVisual:Initialize () (at Assets/AreaBattle/Scripts/RecoveredWayLineVisual.cs:33)
AreaBattle.RecoveredWayLineVisual:SetLine (UnityEngine.Vector3,UnityEngine.Vector3,UnityEngine.Color,UnityEngine.Color,bool,bool,single) (at Assets/AreaBattle/Scripts/RecoveredWayLineVisual.cs:56)
AreaBattle.RecoveredWayLineVisual:Synchronize (AreaBattle.LineState,AreaBattle.TowerState,AreaBattle.TowerState,UnityEngine.Color,UnityEngine.Color,single) (at Assets/AreaBattle/Scripts/RecoveredWayLineVisual.cs:46)
AreaBattle.RecoveredWayLineVisual:Synchronize (AreaBattle.LineState,AreaBattle.TowerState,AreaBattle.TowerState,single) (at Assets/AreaBattle/Scripts/RecoveredWayLineVisual.cs:21)
AreaBattle.BattleView:RefreshPresentation () (at Assets/AreaBattle/Scripts/BattleView.cs:566)
AreaBattle.BattleView:AdvanceFrame (single,single) (at Assets/AreaBattle/Scripts/BattleView.cs:374)
AreaBattle.EditorTools.RepresentativeReplayValidation:Advance (AreaBattle.BattleView,single) (at Assets/AreaBattle/Editor/RepresentativeReplayValidation.cs:102)
AreaBattle.EditorTools.RepresentativeReplayValidation:Win (AreaBattle.BattleView,AreaBattle.EditorTools.RepresentativeReplayValidation/Replay) (at Assets/AreaBattle/Editor/RepresentativeReplayValidation.cs:108)
AreaBattle.EditorTools.RepresentativeReplayValidation:Run () (at Assets/AreaBattle/Editor/RepresentativeReplayValidation.cs:141)
System.Reflection.RuntimeMethodInfo:Invoke (object,System.Reflection.BindingFlags,System.Reflection.Binder,object[],System.Globalization.CultureInfo)
System.Reflection.MethodBase:Invoke (object,object[])
AreaBattle.EditorTools.BattleBuild:ValidateIntegrated () (at Assets/AreaBattle/Editor/BattleBuild.cs:32)
AreaBattle.EditorTools.BattleBuild:ValidateMechanicsOnly () (at Assets/AreaBattle/Editor/BattleBuild.cs:18)

[Assets/AreaBattle/Scripts/RecoveredWayLineVisual.cs line 21]

Instantiating material due to calling renderer.material during edit mode. This will leak materials into the scene. You most likely want to use renderer.sharedMaterial instead.
UnityEngine.Debug:ExtractStackTraceNoAlloc (byte*,int,string)
UnityEngine.StackTraceUtility:ExtractStackTrace () (at /Users/bokken/build/output/unity/unity/Runtime/Export/Scripting/StackTrace.cs:35)
UnityEngine.Renderer:GetMaterial ()
UnityEngine.Renderer:get_material () (at /Users/bokken/build/output/unity/unity/Runtime/Export/Graphics/GraphicsRenderers.bindings.cs:180)
AreaBattle.RecoveredWayLineVisual:Initialize () (at Assets/AreaBattle/Scripts/RecoveredWayLineVisual.cs:33)
AreaBattle.RecoveredWayLineVisual:SetLine (UnityEngine.Vector3,UnityEngine.Vector3,UnityEngine.Color,UnityEngine.Color,bool,bool,single) (at Assets/AreaBattle/Scripts/RecoveredWayLineVisual.cs:56)
AreaBattle.RecoveredWayLineVisual:Synchronize (AreaBattle.LineState,AreaBattle.TowerState,AreaBattle.TowerState,UnityEngine.Color,UnityEngine.Color,single) (at Assets/AreaBattle/Scripts/RecoveredWayLineVisual.cs:46)
AreaBattle.RecoveredWayLineVisual:Synchronize (AreaBattle.LineState,AreaBattle.TowerState,AreaBattle.TowerState,single) (at Assets/AreaBattle/Scripts/RecoveredWayLineVisual.cs:21)
AreaBattle.BattleView:RefreshPresentation () (at Assets/AreaBattle/Scripts/BattleView.cs:566)
AreaBattle.BattleView:AdvanceFrame (single,single) (at Assets/AreaBattle/Scripts/BattleView.cs:374)
AreaBattle.EditorTools.RepresentativeReplayValidation:Advance (AreaBattle.BattleView,single) (at Assets/AreaBattle/Editor/RepresentativeReplayValidation.cs:102)
AreaBattle.EditorTools.RepresentativeReplayValidation:Win (AreaBattle.BattleView,AreaBattle.EditorTools.RepresentativeReplayValidation/Replay) (at Assets/AreaBattle/Editor/RepresentativeReplayValidation.cs:108)
AreaBattle.EditorTools.RepresentativeReplayValidation:Run () (at Assets/AreaBattle/Editor/RepresentativeReplayValidation.cs:141)
System.Reflection.RuntimeMethodInfo:Invoke (object,System.Reflection.BindingFlags,System.Reflection.Binder,object[],System.Globalization.CultureInfo)
System.Reflection.MethodBase:Invoke (object,object[])
AreaBattle.EditorTools.BattleBuild:ValidateIntegrated () (at Assets/AreaBattle/Editor/BattleBuild.cs:32)
AreaBattle.EditorTools.BattleBuild:ValidateMechanicsOnly () (at Assets/AreaBattle/Editor/BattleBuild.cs:18)

[Assets/AreaBattle/Scripts/RecoveredWayLineVisual.cs line 21]

Instantiating material due to calling renderer.material during edit mode. This will leak materials into the scene. You most likely want to use renderer.sharedMaterial instead.
UnityEngine.Debug:ExtractStackTraceNoAlloc (byte*,int,string)
UnityEngine.StackTraceUtility:ExtractStackTrace () (at /Users/bokken/build/output/unity/unity/Runtime/Export/Scripting/StackTrace.cs:35)
UnityEngine.Renderer:GetMaterial ()
UnityEngine.Renderer:get_material () (at /Users/bokken/build/output/unity/unity/Runtime/Export/Graphics/GraphicsRenderers.bindings.cs:180)
AreaBattle.RecoveredWayLineVisual:Initialize () (at Assets/AreaBattle/Scripts/RecoveredWayLineVisual.cs:33)
AreaBattle.RecoveredWayLineVisual:SetLine (UnityEngine.Vector3,UnityEngine.Vector3,UnityEngine.Color,UnityEngine.Color,bool,bool,single) (at Assets/AreaBattle/Scripts/RecoveredWayLineVisual.cs:56)
AreaBattle.RecoveredWayLineVisual:Synchronize (AreaBattle.LineState,AreaBattle.TowerState,AreaBattle.TowerState,UnityEngine.Color,UnityEngine.Color,single) (at Assets/AreaBattle/Scripts/RecoveredWayLineVisual.cs:46)
AreaBattle.RecoveredWayLineVisual:Synchronize (AreaBattle.LineState,AreaBattle.TowerState,AreaBattle.TowerState,single) (at Assets/AreaBattle/Scripts/RecoveredWayLineVisual.cs:21)
AreaBattle.BattleView:RefreshPresentation () (at Assets/AreaBattle/Scripts/BattleView.cs:566)
AreaBattle.BattleView:AdvanceFrame (single,single) (at Assets/AreaBattle/Scripts/BattleView.cs:374)
AreaBattle.EditorTools.RepresentativeReplayValidation:Advance (AreaBattle.BattleView,single) (at Assets/AreaBattle/Editor/RepresentativeReplayValidation.cs:102)
AreaBattle.EditorTools.RepresentativeReplayValidation:Win (AreaBattle.BattleView,AreaBattle.EditorTools.RepresentativeReplayValidation/Replay) (at Assets/AreaBattle/Editor/RepresentativeReplayValidation.cs:108)
AreaBattle.EditorTools.RepresentativeReplayValidation:Run () (at Assets/AreaBattle/Editor/RepresentativeReplayValidation.cs:141)
System.Reflection.RuntimeMethodInfo:Invoke (object,System.Reflection.BindingFlags,System.Reflection.Binder,object[],System.Globalization.CultureInfo)
System.Reflection.MethodBase:Invoke (object,object[])
AreaBattle.EditorTools.BattleBuild:ValidateIntegrated () (at Assets/AreaBattle/Editor/BattleBuild.cs:32)
AreaBattle.EditorTools.BattleBuild:ValidateMechanicsOnly () (at Assets/AreaBattle/Editor/BattleBuild.cs:18)

[Assets/AreaBattle/Scripts/RecoveredWayLineVisual.cs line 21]

Instantiating material due to calling renderer.material during edit mode. This will leak materials into the scene. You most likely want to use renderer.sharedMaterial instead.
UnityEngine.Debug:ExtractStackTraceNoAlloc (byte*,int,string)
UnityEngine.StackTraceUtility:ExtractStackTrace () (at /Users/bokken/build/output/unity/unity/Runtime/Export/Scripting/StackTrace.cs:35)
UnityEngine.Renderer:GetMaterial ()
UnityEngine.Renderer:get_material () (at /Users/bokken/build/output/unity/unity/Runtime/Export/Graphics/GraphicsRenderers.bindings.cs:180)
AreaBattle.RecoveredWayLineVisual:Initialize () (at Assets/AreaBattle/Scripts/RecoveredWayLineVisual.cs:33)
AreaBattle.RecoveredWayLineVisual:SetLine (UnityEngine.Vector3,UnityEngine.Vector3,UnityEngine.Color,UnityEngine.Color,bool,bool,single) (at Assets/AreaBattle/Scripts/RecoveredWayLineVisual.cs:56)
AreaBattle.RecoveredWayLineVisual:Synchronize (AreaBattle.LineState,AreaBattle.TowerState,AreaBattle.TowerState,UnityEngine.Color,UnityEngine.Color,single) (at Assets/AreaBattle/Scripts/RecoveredWayLineVisual.cs:46)
AreaBattle.RecoveredWayLineVisual:Synchronize (AreaBattle.LineState,AreaBattle.TowerState,AreaBattle.TowerState,single) (at Assets/AreaBattle/Scripts/RecoveredWayLineVisual.cs:21)
AreaBattle.BattleView:RefreshPresentation () (at Assets/AreaBattle/Scripts/BattleView.cs:566)
AreaBattle.BattleView:AdvanceFrame (single,single) (at Assets/AreaBattle/Scripts/BattleView.cs:374)
AreaBattle.EditorTools.RepresentativeReplayValidation:Advance (AreaBattle.BattleView,single) (at Assets/AreaBattle/Editor/RepresentativeReplayValidation.cs:102)
AreaBattle.EditorTools.RepresentativeReplayValidation:Win (AreaBattle.BattleView,AreaBattle.EditorTools.RepresentativeReplayValidation/Replay) (at Assets/AreaBattle/Editor/RepresentativeReplayValidation.cs:108)
AreaBattle.EditorTools.RepresentativeReplayValidation:Run () (at Assets/AreaBattle/Editor/RepresentativeReplayValidation.cs:141)
System.Reflection.RuntimeMethodInfo:Invoke (object,System.Reflection.BindingFlags,System.Reflection.Binder,object[],System.Globalization.CultureInfo)
System.Reflection.MethodBase:Invoke (object,object[])
AreaBattle.EditorTools.BattleBuild:ValidateIntegrated () (at Assets/AreaBattle/Editor/BattleBuild.cs:32)
AreaBattle.EditorTools.BattleBuild:ValidateMechanicsOnly () (at Assets/AreaBattle/Editor/BattleBuild.cs:18)

[Assets/AreaBattle/Scripts/RecoveredWayLineVisual.cs line 21]

Instantiating material due to calling renderer.material during edit mode. This will leak materials into the scene. You most likely want to use renderer.sharedMaterial instead.
UnityEngine.Debug:ExtractStackTraceNoAlloc (byte*,int,string)
UnityEngine.StackTraceUtility:ExtractStackTrace () (at /Users/bokken/build/output/unity/unity/Runtime/Export/Scripting/StackTrace.cs:35)
UnityEngine.Renderer:GetMaterial ()
UnityEngine.Renderer:get_material () (at /Users/bokken/build/output/unity/unity/Runtime/Export/Graphics/GraphicsRenderers.bindings.cs:180)
AreaBattle.RecoveredWayLineVisual:Initialize () (at Assets/AreaBattle/Scripts/RecoveredWayLineVisual.cs:33)
AreaBattle.RecoveredWayLineVisual:SetLine (UnityEngine.Vector3,UnityEngine.Vector3,UnityEngine.Color,UnityEngine.Color,bool,bool,single) (at Assets/AreaBattle/Scripts/RecoveredWayLineVisual.cs:56)
AreaBattle.RecoveredWayLineVisual:Synchronize (AreaBattle.LineState,AreaBattle.TowerState,AreaBattle.TowerState,UnityEngine.Color,UnityEngine.Color,single) (at Assets/AreaBattle/Scripts/RecoveredWayLineVisual.cs:46)
AreaBattle.RecoveredWayLineVisual:Synchronize (AreaBattle.LineState,AreaBattle.TowerState,AreaBattle.TowerState,single) (at Assets/AreaBattle/Scripts/RecoveredWayLineVisual.cs:21)
AreaBattle.BattleView:RefreshPresentation () (at Assets/AreaBattle/Scripts/BattleView.cs:566)
AreaBattle.BattleView:AdvanceFrame (single,single) (at Assets/AreaBattle/Scripts/BattleView.cs:374)
AreaBattle.EditorTools.RepresentativeReplayValidation:Advance (AreaBattle.BattleView,single) (at Assets/AreaBattle/Editor/RepresentativeReplayValidation.cs:102)
AreaBattle.EditorTools.RepresentativeReplayValidation:Win (AreaBattle.BattleView,AreaBattle.EditorTools.RepresentativeReplayValidation/Replay) (at Assets/AreaBattle/Editor/RepresentativeReplayValidation.cs:108)
AreaBattle.EditorTools.RepresentativeReplayValidation:Run () (at Assets/AreaBattle/Editor/RepresentativeReplayValidation.cs:141)
System.Reflection.RuntimeMethodInfo:Invoke (object,System.Reflection.BindingFlags,System.Reflection.Binder,object[],System.Globalization.CultureInfo)
System.Reflection.MethodBase:Invoke (object,object[])
AreaBattle.EditorTools.BattleBuild:ValidateIntegrated () (at Assets/AreaBattle/Editor/BattleBuild.cs:32)
AreaBattle.EditorTools.BattleBuild:ValidateMechanicsOnly () (at Assets/AreaBattle/Editor/BattleBuild.cs:18)

[Assets/AreaBattle/Scripts/RecoveredWayLineVisual.cs line 21]

Instantiating material due to calling renderer.material during edit mode. This will leak materials into the scene. You most likely want to use renderer.sharedMaterial instead.
UnityEngine.Debug:ExtractStackTraceNoAlloc (byte*,int,string)
UnityEngine.StackTraceUtility:ExtractStackTrace () (at /Users/bokken/build/output/unity/unity/Runtime/Export/Scripting/StackTrace.cs:35)
UnityEngine.Renderer:GetMaterial ()
UnityEngine.Renderer:get_material () (at /Users/bokken/build/output/unity/unity/Runtime/Export/Graphics/GraphicsRenderers.bindings.cs:180)
AreaBattle.RecoveredWayLineVisual:Initialize () (at Assets/AreaBattle/Scripts/RecoveredWayLineVisual.cs:33)
AreaBattle.RecoveredWayLineVisual:SetLine (UnityEngine.Vector3,UnityEngine.Vector3,UnityEngine.Color,UnityEngine.Color,bool,bool,single) (at Assets/AreaBattle/Scripts/RecoveredWayLineVisual.cs:56)
AreaBattle.RecoveredWayLineVisual:Synchronize (AreaBattle.LineState,AreaBattle.TowerState,AreaBattle.TowerState,UnityEngine.Color,UnityEngine.Color,single) (at Assets/AreaBattle/Scripts/RecoveredWayLineVisual.cs:46)
AreaBattle.RecoveredWayLineVisual:Synchronize (AreaBattle.LineState,AreaBattle.TowerState,AreaBattle.TowerState,single) (at Assets/AreaBattle/Scripts/RecoveredWayLineVisual.cs:21)
AreaBattle.BattleView:RefreshPresentation () (at Assets/AreaBattle/Scripts/BattleView.cs:566)
AreaBattle.BattleView:AdvanceFrame (single,single) (at Assets/AreaBattle/Scripts/BattleView.cs:374)
AreaBattle.EditorTools.RepresentativeReplayValidation:Advance (AreaBattle.BattleView,single) (at Assets/AreaBattle/Editor/RepresentativeReplayValidation.cs:102)
AreaBattle.EditorTools.RepresentativeReplayValidation:Win (AreaBattle.BattleView,AreaBattle.EditorTools.RepresentativeReplayValidation/Replay) (at Assets/AreaBattle/Editor/RepresentativeReplayValidation.cs:108)
AreaBattle.EditorTools.RepresentativeReplayValidation:Run () (at Assets/AreaBattle/Editor/RepresentativeReplayValidation.cs:141)
System.Reflection.RuntimeMethodInfo:Invoke (object,System.Reflection.BindingFlags,System.Reflection.Binder,object[],System.Globalization.CultureInfo)
System.Reflection.MethodBase:Invoke (object,object[])
AreaBattle.EditorTools.BattleBuild:ValidateIntegrated () (at Assets/AreaBattle/Editor/BattleBuild.cs:32)
AreaBattle.EditorTools.BattleBuild:ValidateMechanicsOnly () (at Assets/AreaBattle/Editor/BattleBuild.cs:18)

[Assets/AreaBattle/Scripts/RecoveredWayLineVisual.cs line 21]

Instantiating material due to calling renderer.material during edit mode. This will leak materials into the scene. You most likely want to use renderer.sharedMaterial instead.
UnityEngine.Debug:ExtractStackTraceNoAlloc (byte*,int,string)
UnityEngine.StackTraceUtility:ExtractStackTrace () (at /Users/bokken/build/output/unity/unity/Runtime/Export/Scripting/StackTrace.cs:35)
UnityEngine.Renderer:GetMaterial ()
UnityEngine.Renderer:get_material () (at /Users/bokken/build/output/unity/unity/Runtime/Export/Graphics/GraphicsRenderers.bindings.cs:180)
AreaBattle.RecoveredWayLineVisual:Initialize () (at Assets/AreaBattle/Scripts/RecoveredWayLineVisual.cs:33)
AreaBattle.RecoveredWayLineVisual:SetLine (UnityEngine.Vector3,UnityEngine.Vector3,UnityEngine.Color,UnityEngine.Color,bool,bool,single) (at Assets/AreaBattle/Scripts/RecoveredWayLineVisual.cs:56)
AreaBattle.RecoveredWayLineVisual:Synchronize (AreaBattle.LineState,AreaBattle.TowerState,AreaBattle.TowerState,UnityEngine.Color,UnityEngine.Color,single) (at Assets/AreaBattle/Scripts/RecoveredWayLineVisual.cs:46)
AreaBattle.RecoveredWayLineVisual:Synchronize (AreaBattle.LineState,AreaBattle.TowerState,AreaBattle.TowerState,single) (at Assets/AreaBattle/Scripts/RecoveredWayLineVisual.cs:21)
AreaBattle.BattleView:RefreshPresentation () (at Assets/AreaBattle/Scripts/BattleView.cs:566)
AreaBattle.BattleView:AdvanceFrame (single,single) (at Assets/AreaBattle/Scripts/BattleView.cs:374)
AreaBattle.EditorTools.RepresentativeReplayValidation:Advance (AreaBattle.BattleView,single) (at Assets/AreaBattle/Editor/RepresentativeReplayValidation.cs:102)
AreaBattle.EditorTools.RepresentativeReplayValidation:Win (AreaBattle.BattleView,AreaBattle.EditorTools.RepresentativeReplayValidation/Replay) (at Assets/AreaBattle/Editor/RepresentativeReplayValidation.cs:108)
AreaBattle.EditorTools.RepresentativeReplayValidation:Run () (at Assets/AreaBattle/Editor/RepresentativeReplayValidation.cs:141)
System.Reflection.RuntimeMethodInfo:Invoke (object,System.Reflection.BindingFlags,System.Reflection.Binder,object[],System.Globalization.CultureInfo)
System.Reflection.MethodBase:Invoke (object,object[])
AreaBattle.EditorTools.BattleBuild:ValidateIntegrated () (at Assets/AreaBattle/Editor/BattleBuild.cs:32)
AreaBattle.EditorTools.BattleBuild:ValidateMechanicsOnly () (at Assets/AreaBattle/Editor/BattleBuild.cs:18)

[Assets/AreaBattle/Scripts/RecoveredWayLineVisual.cs line 21]

Instantiating material due to calling renderer.material during edit mode. This will leak materials into the scene. You most likely want to use renderer.sharedMaterial instead.
UnityEngine.Debug:ExtractStackTraceNoAlloc (byte*,int,string)
UnityEngine.StackTraceUtility:ExtractStackTrace () (at /Users/bokken/build/output/unity/unity/Runtime/Export/Scripting/StackTrace.cs:35)
UnityEngine.Renderer:GetMaterial ()
UnityEngine.Renderer:get_material () (at /Users/bokken/build/output/unity/unity/Runtime/Export/Graphics/GraphicsRenderers.bindings.cs:180)
AreaBattle.RecoveredWayLineVisual:Initialize () (at Assets/AreaBattle/Scripts/RecoveredWayLineVisual.cs:33)
AreaBattle.RecoveredWayLineVisual:SetLine (UnityEngine.Vector3,UnityEngine.Vector3,UnityEngine.Color,UnityEngine.Color,bool,bool,single) (at Assets/AreaBattle/Scripts/RecoveredWayLineVisual.cs:56)
AreaBattle.RecoveredWayLineVisual:Synchronize (AreaBattle.LineState,AreaBattle.TowerState,AreaBattle.TowerState,UnityEngine.Color,UnityEngine.Color,single) (at Assets/AreaBattle/Scripts/RecoveredWayLineVisual.cs:46)
AreaBattle.RecoveredWayLineVisual:Synchronize (AreaBattle.LineState,AreaBattle.TowerState,AreaBattle.TowerState,single) (at Assets/AreaBattle/Scripts/RecoveredWayLineVisual.cs:21)
AreaBattle.BattleView:RefreshPresentation () (at Assets/AreaBattle/Scripts/BattleView.cs:566)
AreaBattle.BattleView:AdvanceFrame (single,single) (at Assets/AreaBattle/Scripts/BattleView.cs:374)
AreaBattle.EditorTools.RepresentativeReplayValidation:Advance (AreaBattle.BattleView,single) (at Assets/AreaBattle/Editor/RepresentativeReplayValidation.cs:102)
AreaBattle.EditorTools.RepresentativeReplayValidation:Win (AreaBattle.BattleView,AreaBattle.EditorTools.RepresentativeReplayValidation/Replay) (at Assets/AreaBattle/Editor/RepresentativeReplayValidation.cs:108)
AreaBattle.EditorTools.RepresentativeReplayValidation:Run () (at Assets/AreaBattle/Editor/RepresentativeReplayValidation.cs:141)
System.Reflection.RuntimeMethodInfo:Invoke (object,System.Reflection.BindingFlags,System.Reflection.Binder,object[],System.Globalization.CultureInfo)
System.Reflection.MethodBase:Invoke (object,object[])
AreaBattle.EditorTools.BattleBuild:ValidateIntegrated () (at Assets/AreaBattle/Editor/BattleBuild.cs:32)
AreaBattle.EditorTools.BattleBuild:ValidateMechanicsOnly () (at Assets/AreaBattle/Editor/BattleBuild.cs:18)

[Assets/AreaBattle/Scripts/RecoveredWayLineVisual.cs line 21]

Instantiating material due to calling renderer.material during edit mode. This will leak materials into the scene. You most likely want to use renderer.sharedMaterial instead.
UnityEngine.Debug:ExtractStackTraceNoAlloc (byte*,int,string)
UnityEngine.StackTraceUtility:ExtractStackTrace () (at /Users/bokken/build/output/unity/unity/Runtime/Export/Scripting/StackTrace.cs:35)
UnityEngine.Renderer:GetMaterial ()
UnityEngine.Renderer:get_material () (at /Users/bokken/build/output/unity/unity/Runtime/Export/Graphics/GraphicsRenderers.bindings.cs:180)
AreaBattle.RecoveredWayLineVisual:Initialize () (at Assets/AreaBattle/Scripts/RecoveredWayLineVisual.cs:33)
AreaBattle.RecoveredWayLineVisual:SetLine (UnityEngine.Vector3,UnityEngine.Vector3,UnityEngine.Color,UnityEngine.Color,bool,bool,single) (at Assets/AreaBattle/Scripts/RecoveredWayLineVisual.cs:56)
AreaBattle.RecoveredWayLineVisual:Synchronize (AreaBattle.LineState,AreaBattle.TowerState,AreaBattle.TowerState,UnityEngine.Color,UnityEngine.Color,single) (at Assets/AreaBattle/Scripts/RecoveredWayLineVisual.cs:46)
AreaBattle.RecoveredWayLineVisual:Synchronize (AreaBattle.LineState,AreaBattle.TowerState,AreaBattle.TowerState,single) (at Assets/AreaBattle/Scripts/RecoveredWayLineVisual.cs:21)
AreaBattle.BattleView:RefreshPresentation () (at Assets/AreaBattle/Scripts/BattleView.cs:566)
AreaBattle.BattleView:AdvanceFrame (single,single) (at Assets/AreaBattle/Scripts/BattleView.cs:374)
AreaBattle.EditorTools.RepresentativeReplayValidation:Advance (AreaBattle.BattleView,single) (at Assets/AreaBattle/Editor/RepresentativeReplayValidation.cs:102)
AreaBattle.EditorTools.RepresentativeReplayValidation:Win (AreaBattle.BattleView,AreaBattle.EditorTools.RepresentativeReplayValidation/Replay) (at Assets/AreaBattle/Editor/RepresentativeReplayValidation.cs:108)
AreaBattle.EditorTools.RepresentativeReplayValidation:Run () (at Assets/AreaBattle/Editor/RepresentativeReplayValidation.cs:141)
System.Reflection.RuntimeMethodInfo:Invoke (object,System.Reflection.BindingFlags,System.Reflection.Binder,object[],System.Globalization.CultureInfo)
System.Reflection.MethodBase:Invoke (object,object[])
AreaBattle.EditorTools.BattleBuild:ValidateIntegrated () (at Assets/AreaBattle/Editor/BattleBuild.cs:32)
AreaBattle.EditorTools.BattleBuild:ValidateMechanicsOnly () (at Assets/AreaBattle/Editor/BattleBuild.cs:18)

[Assets/AreaBattle/Scripts/RecoveredWayLineVisual.cs line 21]

Instantiating material due to calling renderer.material during edit mode. This will leak materials into the scene. You most likely want to use renderer.sharedMaterial instead.
UnityEngine.Debug:ExtractStackTraceNoAlloc (byte*,int,string)
UnityEngine.StackTraceUtility:ExtractStackTrace () (at /Users/bokken/build/output/unity/unity/Runtime/Export/Scripting/StackTrace.cs:35)
UnityEngine.Renderer:GetMaterial ()
UnityEngine.Renderer:get_material () (at /Users/bokken/build/output/unity/unity/Runtime/Export/Graphics/GraphicsRenderers.bindings.cs:180)
AreaBattle.RecoveredWayLineVisual:Initialize () (at Assets/AreaBattle/Scripts/RecoveredWayLineVisual.cs:33)
AreaBattle.RecoveredWayLineVisual:SetLine (UnityEngine.Vector3,UnityEngine.Vector3,UnityEngine.Color,UnityEngine.Color,bool,bool,single) (at Assets/AreaBattle/Scripts/RecoveredWayLineVisual.cs:56)
AreaBattle.RecoveredWayLineVisual:Synchronize (AreaBattle.LineState,AreaBattle.TowerState,AreaBattle.TowerState,UnityEngine.Color,UnityEngine.Color,single) (at Assets/AreaBattle/Scripts/RecoveredWayLineVisual.cs:46)
AreaBattle.RecoveredWayLineVisual:Synchronize (AreaBattle.LineState,AreaBattle.TowerState,AreaBattle.TowerState,single) (at Assets/AreaBattle/Scripts/RecoveredWayLineVisual.cs:21)
AreaBattle.BattleView:RefreshPresentation () (at Assets/AreaBattle/Scripts/BattleView.cs:566)
AreaBattle.BattleView:AdvanceFrame (single,single) (at Assets/AreaBattle/Scripts/BattleView.cs:374)
AreaBattle.EditorTools.RepresentativeReplayValidation:Advance (AreaBattle.BattleView,single) (at Assets/AreaBattle/Editor/RepresentativeReplayValidation.cs:102)
AreaBattle.EditorTools.RepresentativeReplayValidation:Win (AreaBattle.BattleView,AreaBattle.EditorTools.RepresentativeReplayValidation/Replay) (at Assets/AreaBattle/Editor/RepresentativeReplayValidation.cs:108)
AreaBattle.EditorTools.RepresentativeReplayValidation:Run () (at Assets/AreaBattle/Editor/RepresentativeReplayValidation.cs:141)
System.Reflection.RuntimeMethodInfo:Invoke (object,System.Reflection.BindingFlags,System.Reflection.Binder,object[],System.Globalization.CultureInfo)
System.Reflection.MethodBase:Invoke (object,object[])
AreaBattle.EditorTools.BattleBuild:ValidateIntegrated () (at Assets/AreaBattle/Editor/BattleBuild.cs:32)
AreaBattle.EditorTools.BattleBuild:ValidateMechanicsOnly () (at Assets/AreaBattle/Editor/BattleBuild.cs:18)

[Assets/AreaBattle/Scripts/RecoveredWayLineVisual.cs line 21]

Instantiating material due to calling renderer.material during edit mode. This will leak materials into the scene. You most likely want to use renderer.sharedMaterial instead.
UnityEngine.Debug:ExtractStackTraceNoAlloc (byte*,int,string)
UnityEngine.StackTraceUtility:ExtractStackTrace () (at /Users/bokken/build/output/unity/unity/Runtime/Export/Scripting/StackTrace.cs:35)
UnityEngine.Renderer:GetMaterial ()
UnityEngine.Renderer:get_material () (at /Users/bokken/build/output/unity/unity/Runtime/Export/Graphics/GraphicsRenderers.bindings.cs:180)
AreaBattle.RecoveredWayLineVisual:Initialize () (at Assets/AreaBattle/Scripts/RecoveredWayLineVisual.cs:33)
AreaBattle.RecoveredWayLineVisual:SetLine (UnityEngine.Vector3,UnityEngine.Vector3,UnityEngine.Color,UnityEngine.Color,bool,bool,single) (at Assets/AreaBattle/Scripts/RecoveredWayLineVisual.cs:56)
AreaBattle.RecoveredWayLineVisual:Synchronize (AreaBattle.LineState,AreaBattle.TowerState,AreaBattle.TowerState,UnityEngine.Color,UnityEngine.Color,single) (at Assets/AreaBattle/Scripts/RecoveredWayLineVisual.cs:46)
AreaBattle.RecoveredWayLineVisual:Synchronize (AreaBattle.LineState,AreaBattle.TowerState,AreaBattle.TowerState,single) (at Assets/AreaBattle/Scripts/RecoveredWayLineVisual.cs:21)
AreaBattle.BattleView:RefreshPresentation () (at Assets/AreaBattle/Scripts/BattleView.cs:566)
AreaBattle.BattleView:AdvanceFrame (single,single) (at Assets/AreaBattle/Scripts/BattleView.cs:374)
AreaBattle.EditorTools.RepresentativeReplayValidation:Advance (AreaBattle.BattleView,single) (at Assets/AreaBattle/Editor/RepresentativeReplayValidation.cs:102)
AreaBattle.EditorTools.RepresentativeReplayValidation:Win (AreaBattle.BattleView,AreaBattle.EditorTools.RepresentativeReplayValidation/Replay) (at Assets/AreaBattle/Editor/RepresentativeReplayValidation.cs:108)
AreaBattle.EditorTools.RepresentativeReplayValidation:Run () (at Assets/AreaBattle/Editor/RepresentativeReplayValidation.cs:141)
System.Reflection.RuntimeMethodInfo:Invoke (object,System.Reflection.BindingFlags,System.Reflection.Binder,object[],System.Globalization.CultureInfo)
System.Reflection.MethodBase:Invoke (object,object[])
AreaBattle.EditorTools.BattleBuild:ValidateIntegrated () (at Assets/AreaBattle/Editor/BattleBuild.cs:32)
AreaBattle.EditorTools.BattleBuild:ValidateMechanicsOnly () (at Assets/AreaBattle/Editor/BattleBuild.cs:18)

[Assets/AreaBattle/Scripts/RecoveredWayLineVisual.cs line 21]

Instantiating material due to calling renderer.material during edit mode. This will leak materials into the scene. You most likely want to use renderer.sharedMaterial instead.
UnityEngine.Debug:ExtractStackTraceNoAlloc (byte*,int,string)
UnityEngine.StackTraceUtility:ExtractStackTrace () (at /Users/bokken/build/output/unity/unity/Runtime/Export/Scripting/StackTrace.cs:35)
UnityEngine.Renderer:GetMaterial ()
UnityEngine.Renderer:get_material () (at /Users/bokken/build/output/unity/unity/Runtime/Export/Graphics/GraphicsRenderers.bindings.cs:180)
AreaBattle.RecoveredWayLineVisual:Initialize () (at Assets/AreaBattle/Scripts/RecoveredWayLineVisual.cs:33)
AreaBattle.RecoveredWayLineVisual:SetLine (UnityEngine.Vector3,UnityEngine.Vector3,UnityEngine.Color,UnityEngine.Color,bool,bool,single) (at Assets/AreaBattle/Scripts/RecoveredWayLineVisual.cs:56)
AreaBattle.RecoveredWayLineVisual:Synchronize (AreaBattle.LineState,AreaBattle.TowerState,AreaBattle.TowerState,UnityEngine.Color,UnityEngine.Color,single) (at Assets/AreaBattle/Scripts/RecoveredWayLineVisual.cs:46)
AreaBattle.RecoveredWayLineVisual:Synchronize (AreaBattle.LineState,AreaBattle.TowerState,AreaBattle.TowerState,single) (at Assets/AreaBattle/Scripts/RecoveredWayLineVisual.cs:21)
AreaBattle.BattleView:RefreshPresentation () (at Assets/AreaBattle/Scripts/BattleView.cs:566)
AreaBattle.BattleView:AdvanceFrame (single,single) (at Assets/AreaBattle/Scripts/BattleView.cs:374)
AreaBattle.EditorTools.RepresentativeReplayValidation:Advance (AreaBattle.BattleView,single) (at Assets/AreaBattle/Editor/RepresentativeReplayValidation.cs:102)
AreaBattle.EditorTools.RepresentativeReplayValidation:Win (AreaBattle.BattleView,AreaBattle.EditorTools.RepresentativeReplayValidation/Replay) (at Assets/AreaBattle/Editor/RepresentativeReplayValidation.cs:108)
AreaBattle.EditorTools.RepresentativeReplayValidation:Run () (at Assets/AreaBattle/Editor/RepresentativeReplayValidation.cs:141)
System.Reflection.RuntimeMethodInfo:Invoke (object,System.Reflection.BindingFlags,System.Reflection.Binder,object[],System.Globalization.CultureInfo)
System.Reflection.MethodBase:Invoke (object,object[])
AreaBattle.EditorTools.BattleBuild:ValidateIntegrated () (at Assets/AreaBattle/Editor/BattleBuild.cs:32)
AreaBattle.EditorTools.BattleBuild:ValidateMechanicsOnly () (at Assets/AreaBattle/Editor/BattleBuild.cs:18)

[Assets/AreaBattle/Scripts/RecoveredWayLineVisual.cs line 21]

Instantiating material due to calling renderer.material during edit mode. This will leak materials into the scene. You most likely want to use renderer.sharedMaterial instead.
UnityEngine.Debug:ExtractStackTraceNoAlloc (byte*,int,string)
UnityEngine.StackTraceUtility:ExtractStackTrace () (at /Users/bokken/build/output/unity/unity/Runtime/Export/Scripting/StackTrace.cs:35)
UnityEngine.Renderer:GetMaterial ()
UnityEngine.Renderer:get_material () (at /Users/bokken/build/output/unity/unity/Runtime/Export/Graphics/GraphicsRenderers.bindings.cs:180)
AreaBattle.RecoveredWayLineVisual:Initialize () (at Assets/AreaBattle/Scripts/RecoveredWayLineVisual.cs:33)
AreaBattle.RecoveredWayLineVisual:SetLine (UnityEngine.Vector3,UnityEngine.Vector3,UnityEngine.Color,UnityEngine.Color,bool,bool,single) (at Assets/AreaBattle/Scripts/RecoveredWayLineVisual.cs:56)
AreaBattle.RecoveredWayLineVisual:Synchronize (AreaBattle.LineState,AreaBattle.TowerState,AreaBattle.TowerState,UnityEngine.Color,UnityEngine.Color,single) (at Assets/AreaBattle/Scripts/RecoveredWayLineVisual.cs:46)
AreaBattle.RecoveredWayLineVisual:Synchronize (AreaBattle.LineState,AreaBattle.TowerState,AreaBattle.TowerState,single) (at Assets/AreaBattle/Scripts/RecoveredWayLineVisual.cs:21)
AreaBattle.BattleView:RefreshPresentation () (at Assets/AreaBattle/Scripts/BattleView.cs:566)
AreaBattle.BattleView:AdvanceFrame (single,single) (at Assets/AreaBattle/Scripts/BattleView.cs:374)
AreaBattle.EditorTools.RepresentativeReplayValidation:Advance (AreaBattle.BattleView,single) (at Assets/AreaBattle/Editor/RepresentativeReplayValidation.cs:102)
AreaBattle.EditorTools.RepresentativeReplayValidation:Win (AreaBattle.BattleView,AreaBattle.EditorTools.RepresentativeReplayValidation/Replay) (at Assets/AreaBattle/Editor/RepresentativeReplayValidation.cs:108)
AreaBattle.EditorTools.RepresentativeReplayValidation:Run () (at Assets/AreaBattle/Editor/RepresentativeReplayValidation.cs:141)
System.Reflection.RuntimeMethodInfo:Invoke (object,System.Reflection.BindingFlags,System.Reflection.Binder,object[],System.Globalization.CultureInfo)
System.Reflection.MethodBase:Invoke (object,object[])
AreaBattle.EditorTools.BattleBuild:ValidateIntegrated () (at Assets/AreaBattle/Editor/BattleBuild.cs:32)
AreaBattle.EditorTools.BattleBuild:ValidateMechanicsOnly () (at Assets/AreaBattle/Editor/BattleBuild.cs:18)

[Assets/AreaBattle/Scripts/RecoveredWayLineVisual.cs line 21]

Instantiating material due to calling renderer.material during edit mode. This will leak materials into the scene. You most likely want to use renderer.sharedMaterial instead.
UnityEngine.Debug:ExtractStackTraceNoAlloc (byte*,int,string)
UnityEngine.StackTraceUtility:ExtractStackTrace () (at /Users/bokken/build/output/unity/unity/Runtime/Export/Scripting/StackTrace.cs:35)
UnityEngine.Renderer:GetMaterial ()
UnityEngine.Renderer:get_material () (at /Users/bokken/build/output/unity/unity/Runtime/Export/Graphics/GraphicsRenderers.bindings.cs:180)
AreaBattle.RecoveredWayLineVisual:Initialize () (at Assets/AreaBattle/Scripts/RecoveredWayLineVisual.cs:33)
AreaBattle.RecoveredWayLineVisual:SetLine (UnityEngine.Vector3,UnityEngine.Vector3,UnityEngine.Color,UnityEngine.Color,bool,bool,single) (at Assets/AreaBattle/Scripts/RecoveredWayLineVisual.cs:56)
AreaBattle.RecoveredWayLineVisual:Synchronize (AreaBattle.LineState,AreaBattle.TowerState,AreaBattle.TowerState,UnityEngine.Color,UnityEngine.Color,single) (at Assets/AreaBattle/Scripts/RecoveredWayLineVisual.cs:46)
AreaBattle.RecoveredWayLineVisual:Synchronize (AreaBattle.LineState,AreaBattle.TowerState,AreaBattle.TowerState,single) (at Assets/AreaBattle/Scripts/RecoveredWayLineVisual.cs:21)
AreaBattle.BattleView:RefreshPresentation () (at Assets/AreaBattle/Scripts/BattleView.cs:566)
AreaBattle.BattleView:AdvanceFrame (single,single) (at Assets/AreaBattle/Scripts/BattleView.cs:374)
AreaBattle.EditorTools.RepresentativeReplayValidation:Advance (AreaBattle.BattleView,single) (at Assets/AreaBattle/Editor/RepresentativeReplayValidation.cs:102)
AreaBattle.EditorTools.RepresentativeReplayValidation:Win (AreaBattle.BattleView,AreaBattle.EditorTools.RepresentativeReplayValidation/Replay) (at Assets/AreaBattle/Editor/RepresentativeReplayValidation.cs:108)
AreaBattle.EditorTools.RepresentativeReplayValidation:Run () (at Assets/AreaBattle/Editor/RepresentativeReplayValidation.cs:141)
System.Reflection.RuntimeMethodInfo:Invoke (object,System.Reflection.BindingFlags,System.Reflection.Binder,object[],System.Globalization.CultureInfo)
System.Reflection.MethodBase:Invoke (object,object[])
AreaBattle.EditorTools.BattleBuild:ValidateIntegrated () (at Assets/AreaBattle/Editor/BattleBuild.cs:32)
AreaBattle.EditorTools.BattleBuild:ValidateMechanicsOnly () (at Assets/AreaBattle/Editor/BattleBuild.cs:18)

[Assets/AreaBattle/Scripts/RecoveredWayLineVisual.cs line 21]

Instantiating material due to calling renderer.material during edit mode. This will leak materials into the scene. You most likely want to use renderer.sharedMaterial instead.
UnityEngine.Debug:ExtractStackTraceNoAlloc (byte*,int,string)
UnityEngine.StackTraceUtility:ExtractStackTrace () (at /Users/bokken/build/output/unity/unity/Runtime/Export/Scripting/StackTrace.cs:35)
UnityEngine.Renderer:GetMaterial ()
UnityEngine.Renderer:get_material () (at /Users/bokken/build/output/unity/unity/Runtime/Export/Graphics/GraphicsRenderers.bindings.cs:180)
AreaBattle.RecoveredWayLineVisual:Initialize () (at Assets/AreaBattle/Scripts/RecoveredWayLineVisual.cs:33)
AreaBattle.RecoveredWayLineVisual:SetLine (UnityEngine.Vector3,UnityEngine.Vector3,UnityEngine.Color,UnityEngine.Color,bool,bool,single) (at Assets/AreaBattle/Scripts/RecoveredWayLineVisual.cs:56)
AreaBattle.RecoveredWayLineVisual:Synchronize (AreaBattle.LineState,AreaBattle.TowerState,AreaBattle.TowerState,UnityEngine.Color,UnityEngine.Color,single) (at Assets/AreaBattle/Scripts/RecoveredWayLineVisual.cs:46)
AreaBattle.RecoveredWayLineVisual:Synchronize (AreaBattle.LineState,AreaBattle.TowerState,AreaBattle.TowerState,single) (at Assets/AreaBattle/Scripts/RecoveredWayLineVisual.cs:21)
AreaBattle.BattleView:RefreshPresentation () (at Assets/AreaBattle/Scripts/BattleView.cs:566)
AreaBattle.BattleView:AdvanceFrame (single,single) (at Assets/AreaBattle/Scripts/BattleView.cs:374)
AreaBattle.EditorTools.RepresentativeReplayValidation:Advance (AreaBattle.BattleView,single) (at Assets/AreaBattle/Editor/RepresentativeReplayValidation.cs:102)
AreaBattle.EditorTools.RepresentativeReplayValidation:Win (AreaBattle.BattleView,AreaBattle.EditorTools.RepresentativeReplayValidation/Replay) (at Assets/AreaBattle/Editor/RepresentativeReplayValidation.cs:108)
AreaBattle.EditorTools.RepresentativeReplayValidation:Run () (at Assets/AreaBattle/Editor/RepresentativeReplayValidation.cs:141)
System.Reflection.RuntimeMethodInfo:Invoke (object,System.Reflection.BindingFlags,System.Reflection.Binder,object[],System.Globalization.CultureInfo)
System.Reflection.MethodBase:Invoke (object,object[])
AreaBattle.EditorTools.BattleBuild:ValidateIntegrated () (at Assets/AreaBattle/Editor/BattleBuild.cs:32)
AreaBattle.EditorTools.BattleBuild:ValidateMechanicsOnly () (at Assets/AreaBattle/Editor/BattleBuild.cs:18)

[Assets/AreaBattle/Scripts/RecoveredWayLineVisual.cs line 21]

Instantiating material due to calling renderer.material during edit mode. This will leak materials into the scene. You most likely want to use renderer.sharedMaterial instead.
UnityEngine.Debug:ExtractStackTraceNoAlloc (byte*,int,string)
UnityEngine.StackTraceUtility:ExtractStackTrace () (at /Users/bokken/build/output/unity/unity/Runtime/Export/Scripting/StackTrace.cs:35)
UnityEngine.Renderer:GetMaterial ()
UnityEngine.Renderer:get_material () (at /Users/bokken/build/output/unity/unity/Runtime/Export/Graphics/GraphicsRenderers.bindings.cs:180)
AreaBattle.RecoveredWayLineVisual:Initialize () (at Assets/AreaBattle/Scripts/RecoveredWayLineVisual.cs:33)
AreaBattle.RecoveredWayLineVisual:SetLine (UnityEngine.Vector3,UnityEngine.Vector3,UnityEngine.Color,UnityEngine.Color,bool,bool,single) (at Assets/AreaBattle/Scripts/RecoveredWayLineVisual.cs:56)
AreaBattle.RecoveredWayLineVisual:Synchronize (AreaBattle.LineState,AreaBattle.TowerState,AreaBattle.TowerState,UnityEngine.Color,UnityEngine.Color,single) (at Assets/AreaBattle/Scripts/RecoveredWayLineVisual.cs:46)
AreaBattle.RecoveredWayLineVisual:Synchronize (AreaBattle.LineState,AreaBattle.TowerState,AreaBattle.TowerState,single) (at Assets/AreaBattle/Scripts/RecoveredWayLineVisual.cs:21)
AreaBattle.BattleView:RefreshPresentation () (at Assets/AreaBattle/Scripts/BattleView.cs:566)
AreaBattle.BattleView:AdvanceFrame (single,single) (at Assets/AreaBattle/Scripts/BattleView.cs:374)
AreaBattle.EditorTools.RepresentativeReplayValidation:Advance (AreaBattle.BattleView,single) (at Assets/AreaBattle/Editor/RepresentativeReplayValidation.cs:102)
AreaBattle.EditorTools.RepresentativeReplayValidation:Win (AreaBattle.BattleView,AreaBattle.EditorTools.RepresentativeReplayValidation/Replay) (at Assets/AreaBattle/Editor/RepresentativeReplayValidation.cs:108)
AreaBattle.EditorTools.RepresentativeReplayValidation:Run () (at Assets/AreaBattle/Editor/RepresentativeReplayValidation.cs:141)
System.Reflection.RuntimeMethodInfo:Invoke (object,System.Reflection.BindingFlags,System.Reflection.Binder,object[],System.Globalization.CultureInfo)
System.Reflection.MethodBase:Invoke (object,object[])
AreaBattle.EditorTools.BattleBuild:ValidateIntegrated () (at Assets/AreaBattle/Editor/BattleBuild.cs:32)
AreaBattle.EditorTools.BattleBuild:ValidateMechanicsOnly () (at Assets/AreaBattle/Editor/BattleBuild.cs:18)

[Assets/AreaBattle/Scripts/RecoveredWayLineVisual.cs line 21]

Instantiating material due to calling renderer.material during edit mode. This will leak materials into the scene. You most likely want to use renderer.sharedMaterial instead.
UnityEngine.Debug:ExtractStackTraceNoAlloc (byte*,int,string)
UnityEngine.StackTraceUtility:ExtractStackTrace () (at /Users/bokken/build/output/unity/unity/Runtime/Export/Scripting/StackTrace.cs:35)
UnityEngine.Renderer:GetMaterial ()
UnityEngine.Renderer:get_material () (at /Users/bokken/build/output/unity/unity/Runtime/Export/Graphics/GraphicsRenderers.bindings.cs:180)
AreaBattle.RecoveredWayLineVisual:Initialize () (at Assets/AreaBattle/Scripts/RecoveredWayLineVisual.cs:33)
AreaBattle.RecoveredWayLineVisual:SetLine (UnityEngine.Vector3,UnityEngine.Vector3,UnityEngine.Color,UnityEngine.Color,bool,bool,single) (at Assets/AreaBattle/Scripts/RecoveredWayLineVisual.cs:56)
AreaBattle.RecoveredWayLineVisual:Synchronize (AreaBattle.LineState,AreaBattle.TowerState,AreaBattle.TowerState,UnityEngine.Color,UnityEngine.Color,single) (at Assets/AreaBattle/Scripts/RecoveredWayLineVisual.cs:46)
AreaBattle.RecoveredWayLineVisual:Synchronize (AreaBattle.LineState,AreaBattle.TowerState,AreaBattle.TowerState,single) (at Assets/AreaBattle/Scripts/RecoveredWayLineVisual.cs:21)
AreaBattle.BattleView:RefreshPresentation () (at Assets/AreaBattle/Scripts/BattleView.cs:566)
AreaBattle.BattleView:AdvanceFrame (single,single) (at Assets/AreaBattle/Scripts/BattleView.cs:374)
AreaBattle.EditorTools.RepresentativeReplayValidation:Advance (AreaBattle.BattleView,single) (at Assets/AreaBattle/Editor/RepresentativeReplayValidation.cs:102)
AreaBattle.EditorTools.RepresentativeReplayValidation:Win (AreaBattle.BattleView,AreaBattle.EditorTools.RepresentativeReplayValidation/Replay) (at Assets/AreaBattle/Editor/RepresentativeReplayValidation.cs:108)
AreaBattle.EditorTools.RepresentativeReplayValidation:Run () (at Assets/AreaBattle/Editor/RepresentativeReplayValidation.cs:141)
System.Reflection.RuntimeMethodInfo:Invoke (object,System.Reflection.BindingFlags,System.Reflection.Binder,object[],System.Globalization.CultureInfo)
System.Reflection.MethodBase:Invoke (object,object[])
AreaBattle.EditorTools.BattleBuild:ValidateIntegrated () (at Assets/AreaBattle/Editor/BattleBuild.cs:32)
AreaBattle.EditorTools.BattleBuild:ValidateMechanicsOnly () (at Assets/AreaBattle/Editor/BattleBuild.cs:18)

[Assets/AreaBattle/Scripts/RecoveredWayLineVisual.cs line 21]

Instantiating material due to calling renderer.material during edit mode. This will leak materials into the scene. You most likely want to use renderer.sharedMaterial instead.
UnityEngine.Debug:ExtractStackTraceNoAlloc (byte*,int,string)
UnityEngine.StackTraceUtility:ExtractStackTrace () (at /Users/bokken/build/output/unity/unity/Runtime/Export/Scripting/StackTrace.cs:35)
UnityEngine.Renderer:GetMaterial ()
UnityEngine.Renderer:get_material () (at /Users/bokken/build/output/unity/unity/Runtime/Export/Graphics/GraphicsRenderers.bindings.cs:180)
AreaBattle.RecoveredWayLineVisual:Initialize () (at Assets/AreaBattle/Scripts/RecoveredWayLineVisual.cs:33)
AreaBattle.RecoveredWayLineVisual:SetLine (UnityEngine.Vector3,UnityEngine.Vector3,UnityEngine.Color,UnityEngine.Color,bool,bool,single) (at Assets/AreaBattle/Scripts/RecoveredWayLineVisual.cs:56)
AreaBattle.RecoveredWayLineVisual:Synchronize (AreaBattle.LineState,AreaBattle.TowerState,AreaBattle.TowerState,UnityEngine.Color,UnityEngine.Color,single) (at Assets/AreaBattle/Scripts/RecoveredWayLineVisual.cs:46)
AreaBattle.RecoveredWayLineVisual:Synchronize (AreaBattle.LineState,AreaBattle.TowerState,AreaBattle.TowerState,single) (at Assets/AreaBattle/Scripts/RecoveredWayLineVisual.cs:21)
AreaBattle.BattleView:RefreshPresentation () (at Assets/AreaBattle/Scripts/BattleView.cs:566)
AreaBattle.BattleView:AdvanceFrame (single,single) (at Assets/AreaBattle/Scripts/BattleView.cs:374)
AreaBattle.EditorTools.RepresentativeReplayValidation:Advance (AreaBattle.BattleView,single) (at Assets/AreaBattle/Editor/RepresentativeReplayValidation.cs:102)
AreaBattle.EditorTools.RepresentativeReplayValidation:Win (AreaBattle.BattleView,AreaBattle.EditorTools.RepresentativeReplayValidation/Replay) (at Assets/AreaBattle/Editor/RepresentativeReplayValidation.cs:108)
AreaBattle.EditorTools.RepresentativeReplayValidation:Run () (at Assets/AreaBattle/Editor/RepresentativeReplayValidation.cs:141)
System.Reflection.RuntimeMethodInfo:Invoke (object,System.Reflection.BindingFlags,System.Reflection.Binder,object[],System.Globalization.CultureInfo)
System.Reflection.MethodBase:Invoke (object,object[])
AreaBattle.EditorTools.BattleBuild:ValidateIntegrated () (at Assets/AreaBattle/Editor/BattleBuild.cs:32)
AreaBattle.EditorTools.BattleBuild:ValidateMechanicsOnly () (at Assets/AreaBattle/Editor/BattleBuild.cs:18)

[Assets/AreaBattle/Scripts/RecoveredWayLineVisual.cs line 21]

Instantiating material due to calling renderer.material during edit mode. This will leak materials into the scene. You most likely want to use renderer.sharedMaterial instead.
UnityEngine.Debug:ExtractStackTraceNoAlloc (byte*,int,string)
UnityEngine.StackTraceUtility:ExtractStackTrace () (at /Users/bokken/build/output/unity/unity/Runtime/Export/Scripting/StackTrace.cs:35)
UnityEngine.Renderer:GetMaterial ()
UnityEngine.Renderer:get_material () (at /Users/bokken/build/output/unity/unity/Runtime/Export/Graphics/GraphicsRenderers.bindings.cs:180)
AreaBattle.RecoveredWayLineVisual:Initialize () (at Assets/AreaBattle/Scripts/RecoveredWayLineVisual.cs:33)
AreaBattle.RecoveredWayLineVisual:SetLine (UnityEngine.Vector3,UnityEngine.Vector3,UnityEngine.Color,UnityEngine.Color,bool,bool,single) (at Assets/AreaBattle/Scripts/RecoveredWayLineVisual.cs:56)
AreaBattle.RecoveredWayLineVisual:Synchronize (AreaBattle.LineState,AreaBattle.TowerState,AreaBattle.TowerState,UnityEngine.Color,UnityEngine.Color,single) (at Assets/AreaBattle/Scripts/RecoveredWayLineVisual.cs:46)
AreaBattle.RecoveredWayLineVisual:Synchronize (AreaBattle.LineState,AreaBattle.TowerState,AreaBattle.TowerState,single) (at Assets/AreaBattle/Scripts/RecoveredWayLineVisual.cs:21)
AreaBattle.BattleView:RefreshPresentation () (at Assets/AreaBattle/Scripts/BattleView.cs:566)
AreaBattle.BattleView:AdvanceFrame (single,single) (at Assets/AreaBattle/Scripts/BattleView.cs:374)
AreaBattle.EditorTools.RepresentativeReplayValidation:Advance (AreaBattle.BattleView,single) (at Assets/AreaBattle/Editor/RepresentativeReplayValidation.cs:102)
AreaBattle.EditorTools.RepresentativeReplayValidation:Win (AreaBattle.BattleView,AreaBattle.EditorTools.RepresentativeReplayValidation/Replay) (at Assets/AreaBattle/Editor/RepresentativeReplayValidation.cs:108)
AreaBattle.EditorTools.RepresentativeReplayValidation:Run () (at Assets/AreaBattle/Editor/RepresentativeReplayValidation.cs:141)
System.Reflection.RuntimeMethodInfo:Invoke (object,System.Reflection.BindingFlags,System.Reflection.Binder,object[],System.Globalization.CultureInfo)
System.Reflection.MethodBase:Invoke (object,object[])
AreaBattle.EditorTools.BattleBuild:ValidateIntegrated () (at Assets/AreaBattle/Editor/BattleBuild.cs:32)
AreaBattle.EditorTools.BattleBuild:ValidateMechanicsOnly () (at Assets/AreaBattle/Editor/BattleBuild.cs:18)

[Assets/AreaBattle/Scripts/RecoveredWayLineVisual.cs line 21]

Instantiating material due to calling renderer.material during edit mode. This will leak materials into the scene. You most likely want to use renderer.sharedMaterial instead.
UnityEngine.Debug:ExtractStackTraceNoAlloc (byte*,int,string)
UnityEngine.StackTraceUtility:ExtractStackTrace () (at /Users/bokken/build/output/unity/unity/Runtime/Export/Scripting/StackTrace.cs:35)
UnityEngine.Renderer:GetMaterial ()
UnityEngine.Renderer:get_material () (at /Users/bokken/build/output/unity/unity/Runtime/Export/Graphics/GraphicsRenderers.bindings.cs:180)
AreaBattle.RecoveredWayLineVisual:Initialize () (at Assets/AreaBattle/Scripts/RecoveredWayLineVisual.cs:33)
AreaBattle.RecoveredWayLineVisual:SetLine (UnityEngine.Vector3,UnityEngine.Vector3,UnityEngine.Color,UnityEngine.Color,bool,bool,single) (at Assets/AreaBattle/Scripts/RecoveredWayLineVisual.cs:56)
AreaBattle.RecoveredWayLineVisual:Synchronize (AreaBattle.LineState,AreaBattle.TowerState,AreaBattle.TowerState,UnityEngine.Color,UnityEngine.Color,single) (at Assets/AreaBattle/Scripts/RecoveredWayLineVisual.cs:46)
AreaBattle.RecoveredWayLineVisual:Synchronize (AreaBattle.LineState,AreaBattle.TowerState,AreaBattle.TowerState,single) (at Assets/AreaBattle/Scripts/RecoveredWayLineVisual.cs:21)
AreaBattle.BattleView:RefreshPresentation () (at Assets/AreaBattle/Scripts/BattleView.cs:566)
AreaBattle.BattleView:AdvanceFrame (single,single) (at Assets/AreaBattle/Scripts/BattleView.cs:374)
AreaBattle.EditorTools.RepresentativeReplayValidation:Advance (AreaBattle.BattleView,single) (at Assets/AreaBattle/Editor/RepresentativeReplayValidation.cs:102)
AreaBattle.EditorTools.RepresentativeReplayValidation:Win (AreaBattle.BattleView,AreaBattle.EditorTools.RepresentativeReplayValidation/Replay) (at Assets/AreaBattle/Editor/RepresentativeReplayValidation.cs:108)
AreaBattle.EditorTools.RepresentativeReplayValidation:Run () (at Assets/AreaBattle/Editor/RepresentativeReplayValidation.cs:141)
System.Reflection.RuntimeMethodInfo:Invoke (object,System.Reflection.BindingFlags,System.Reflection.Binder,object[],System.Globalization.CultureInfo)
System.Reflection.MethodBase:Invoke (object,object[])
AreaBattle.EditorTools.BattleBuild:ValidateIntegrated () (at Assets/AreaBattle/Editor/BattleBuild.cs:32)
AreaBattle.EditorTools.BattleBuild:ValidateMechanicsOnly () (at Assets/AreaBattle/Editor/BattleBuild.cs:18)

[Assets/AreaBattle/Scripts/RecoveredWayLineVisual.cs line 21]

Instantiating material due to calling renderer.material during edit mode. This will leak materials into the scene. You most likely want to use renderer.sharedMaterial instead.
UnityEngine.Debug:ExtractStackTraceNoAlloc (byte*,int,string)
UnityEngine.StackTraceUtility:ExtractStackTrace () (at /Users/bokken/build/output/unity/unity/Runtime/Export/Scripting/StackTrace.cs:35)
UnityEngine.Renderer:GetMaterial ()
UnityEngine.Renderer:get_material () (at /Users/bokken/build/output/unity/unity/Runtime/Export/Graphics/GraphicsRenderers.bindings.cs:180)
AreaBattle.RecoveredWayLineVisual:Initialize () (at Assets/AreaBattle/Scripts/RecoveredWayLineVisual.cs:33)
AreaBattle.RecoveredWayLineVisual:SetLine (UnityEngine.Vector3,UnityEngine.Vector3,UnityEngine.Color,UnityEngine.Color,bool,bool,single) (at Assets/AreaBattle/Scripts/RecoveredWayLineVisual.cs:56)
AreaBattle.RecoveredWayLineVisual:Synchronize (AreaBattle.LineState,AreaBattle.TowerState,AreaBattle.TowerState,UnityEngine.Color,UnityEngine.Color,single) (at Assets/AreaBattle/Scripts/RecoveredWayLineVisual.cs:46)
AreaBattle.RecoveredWayLineVisual:Synchronize (AreaBattle.LineState,AreaBattle.TowerState,AreaBattle.TowerState,single) (at Assets/AreaBattle/Scripts/RecoveredWayLineVisual.cs:21)
AreaBattle.BattleView:RefreshPresentation () (at Assets/AreaBattle/Scripts/BattleView.cs:566)
AreaBattle.BattleView:AdvanceFrame (single,single) (at Assets/AreaBattle/Scripts/BattleView.cs:374)
AreaBattle.EditorTools.RepresentativeReplayValidation:Advance (AreaBattle.BattleView,single) (at Assets/AreaBattle/Editor/RepresentativeReplayValidation.cs:102)
AreaBattle.EditorTools.RepresentativeReplayValidation:Win (AreaBattle.BattleView,AreaBattle.EditorTools.RepresentativeReplayValidation/Replay) (at Assets/AreaBattle/Editor/RepresentativeReplayValidation.cs:108)
AreaBattle.EditorTools.RepresentativeReplayValidation:Run () (at Assets/AreaBattle/Editor/RepresentativeReplayValidation.cs:141)
System.Reflection.RuntimeMethodInfo:Invoke (object,System.Reflection.BindingFlags,System.Reflection.Binder,object[],System.Globalization.CultureInfo)
System.Reflection.MethodBase:Invoke (object,object[])
AreaBattle.EditorTools.BattleBuild:ValidateIntegrated () (at Assets/AreaBattle/Editor/BattleBuild.cs:32)
AreaBattle.EditorTools.BattleBuild:ValidateMechanicsOnly () (at Assets/AreaBattle/Editor/BattleBuild.cs:18)

[Assets/AreaBattle/Scripts/RecoveredWayLineVisual.cs line 21]

Instantiating material due to calling renderer.material during edit mode. This will leak materials into the scene. You most likely want to use renderer.sharedMaterial instead.
UnityEngine.Debug:ExtractStackTraceNoAlloc (byte*,int,string)
UnityEngine.StackTraceUtility:ExtractStackTrace () (at /Users/bokken/build/output/unity/unity/Runtime/Export/Scripting/StackTrace.cs:35)
UnityEngine.Renderer:GetMaterial ()
UnityEngine.Renderer:get_material () (at /Users/bokken/build/output/unity/unity/Runtime/Export/Graphics/GraphicsRenderers.bindings.cs:180)
AreaBattle.RecoveredWayLineVisual:Initialize () (at Assets/AreaBattle/Scripts/RecoveredWayLineVisual.cs:33)
AreaBattle.RecoveredWayLineVisual:SetLine (UnityEngine.Vector3,UnityEngine.Vector3,UnityEngine.Color,UnityEngine.Color,bool,bool,single) (at Assets/AreaBattle/Scripts/RecoveredWayLineVisual.cs:56)
AreaBattle.RecoveredWayLineVisual:Synchronize (AreaBattle.LineState,AreaBattle.TowerState,AreaBattle.TowerState,UnityEngine.Color,UnityEngine.Color,single) (at Assets/AreaBattle/Scripts/RecoveredWayLineVisual.cs:46)
AreaBattle.RecoveredWayLineVisual:Synchronize (AreaBattle.LineState,AreaBattle.TowerState,AreaBattle.TowerState,single) (at Assets/AreaBattle/Scripts/RecoveredWayLineVisual.cs:21)
AreaBattle.BattleView:RefreshPresentation () (at Assets/AreaBattle/Scripts/BattleView.cs:566)
AreaBattle.BattleView:AdvanceFrame (single,single) (at Assets/AreaBattle/Scripts/BattleView.cs:374)
AreaBattle.EditorTools.RepresentativeReplayValidation:Advance (AreaBattle.BattleView,single) (at Assets/AreaBattle/Editor/RepresentativeReplayValidation.cs:102)
AreaBattle.EditorTools.RepresentativeReplayValidation:Win (AreaBattle.BattleView,AreaBattle.EditorTools.RepresentativeReplayValidation/Replay) (at Assets/AreaBattle/Editor/RepresentativeReplayValidation.cs:108)
AreaBattle.EditorTools.RepresentativeReplayValidation:Run () (at Assets/AreaBattle/Editor/RepresentativeReplayValidation.cs:141)
System.Reflection.RuntimeMethodInfo:Invoke (object,System.Reflection.BindingFlags,System.Reflection.Binder,object[],System.Globalization.CultureInfo)
System.Reflection.MethodBase:Invoke (object,object[])
AreaBattle.EditorTools.BattleBuild:ValidateIntegrated () (at Assets/AreaBattle/Editor/BattleBuild.cs:32)
AreaBattle.EditorTools.BattleBuild:ValidateMechanicsOnly () (at Assets/AreaBattle/Editor/BattleBuild.cs:18)

[Assets/AreaBattle/Scripts/RecoveredWayLineVisual.cs line 21]

Instantiating material due to calling renderer.material during edit mode. This will leak materials into the scene. You most likely want to use renderer.sharedMaterial instead.
UnityEngine.Debug:ExtractStackTraceNoAlloc (byte*,int,string)
UnityEngine.StackTraceUtility:ExtractStackTrace () (at /Users/bokken/build/output/unity/unity/Runtime/Export/Scripting/StackTrace.cs:35)
UnityEngine.Renderer:GetMaterial ()
UnityEngine.Renderer:get_material () (at /Users/bokken/build/output/unity/unity/Runtime/Export/Graphics/GraphicsRenderers.bindings.cs:180)
AreaBattle.RecoveredWayLineVisual:Initialize () (at Assets/AreaBattle/Scripts/RecoveredWayLineVisual.cs:33)
AreaBattle.RecoveredWayLineVisual:SetLine (UnityEngine.Vector3,UnityEngine.Vector3,UnityEngine.Color,UnityEngine.Color,bool,bool,single) (at Assets/AreaBattle/Scripts/RecoveredWayLineVisual.cs:56)
AreaBattle.RecoveredWayLineVisual:Synchronize (AreaBattle.LineState,AreaBattle.TowerState,AreaBattle.TowerState,UnityEngine.Color,UnityEngine.Color,single) (at Assets/AreaBattle/Scripts/RecoveredWayLineVisual.cs:46)
AreaBattle.RecoveredWayLineVisual:Synchronize (AreaBattle.LineState,AreaBattle.TowerState,AreaBattle.TowerState,single) (at Assets/AreaBattle/Scripts/RecoveredWayLineVisual.cs:21)
AreaBattle.BattleView:RefreshPresentation () (at Assets/AreaBattle/Scripts/BattleView.cs:566)
AreaBattle.BattleView:AdvanceFrame (single,single) (at Assets/AreaBattle/Scripts/BattleView.cs:374)
AreaBattle.EditorTools.RepresentativeReplayValidation:Advance (AreaBattle.BattleView,single) (at Assets/AreaBattle/Editor/RepresentativeReplayValidation.cs:102)
AreaBattle.EditorTools.RepresentativeReplayValidation:Win (AreaBattle.BattleView,AreaBattle.EditorTools.RepresentativeReplayValidation/Replay) (at Assets/AreaBattle/Editor/RepresentativeReplayValidation.cs:108)
AreaBattle.EditorTools.RepresentativeReplayValidation:Run () (at Assets/AreaBattle/Editor/RepresentativeReplayValidation.cs:141)
System.Reflection.RuntimeMethodInfo:Invoke (object,System.Reflection.BindingFlags,System.Reflection.Binder,object[],System.Globalization.CultureInfo)
System.Reflection.MethodBase:Invoke (object,object[])
AreaBattle.EditorTools.BattleBuild:ValidateIntegrated () (at Assets/AreaBattle/Editor/BattleBuild.cs:32)
AreaBattle.EditorTools.BattleBuild:ValidateMechanicsOnly () (at Assets/AreaBattle/Editor/BattleBuild.cs:18)

[Assets/AreaBattle/Scripts/RecoveredWayLineVisual.cs line 21]

Instantiating material due to calling renderer.material during edit mode. This will leak materials into the scene. You most likely want to use renderer.sharedMaterial instead.
UnityEngine.Debug:ExtractStackTraceNoAlloc (byte*,int,string)
UnityEngine.StackTraceUtility:ExtractStackTrace () (at /Users/bokken/build/output/unity/unity/Runtime/Export/Scripting/StackTrace.cs:35)
UnityEngine.Renderer:GetMaterial ()
UnityEngine.Renderer:get_material () (at /Users/bokken/build/output/unity/unity/Runtime/Export/Graphics/GraphicsRenderers.bindings.cs:180)
AreaBattle.RecoveredWayLineVisual:Initialize () (at Assets/AreaBattle/Scripts/RecoveredWayLineVisual.cs:33)
AreaBattle.RecoveredWayLineVisual:SetLine (UnityEngine.Vector3,UnityEngine.Vector3,UnityEngine.Color,UnityEngine.Color,bool,bool,single) (at Assets/AreaBattle/Scripts/RecoveredWayLineVisual.cs:56)
AreaBattle.RecoveredWayLineVisual:Synchronize (AreaBattle.LineState,AreaBattle.TowerState,AreaBattle.TowerState,UnityEngine.Color,UnityEngine.Color,single) (at Assets/AreaBattle/Scripts/RecoveredWayLineVisual.cs:46)
AreaBattle.RecoveredWayLineVisual:Synchronize (AreaBattle.LineState,AreaBattle.TowerState,AreaBattle.TowerState,single) (at Assets/AreaBattle/Scripts/RecoveredWayLineVisual.cs:21)
AreaBattle.BattleView:RefreshPresentation () (at Assets/AreaBattle/Scripts/BattleView.cs:566)
AreaBattle.BattleView:AdvanceFrame (single,single) (at Assets/AreaBattle/Scripts/BattleView.cs:374)
AreaBattle.EditorTools.RepresentativeReplayValidation:Advance (AreaBattle.BattleView,single) (at Assets/AreaBattle/Editor/RepresentativeReplayValidation.cs:102)
AreaBattle.EditorTools.RepresentativeReplayValidation:Win (AreaBattle.BattleView,AreaBattle.EditorTools.RepresentativeReplayValidation/Replay) (at Assets/AreaBattle/Editor/RepresentativeReplayValidation.cs:108)
AreaBattle.EditorTools.RepresentativeReplayValidation:Run () (at Assets/AreaBattle/Editor/RepresentativeReplayValidation.cs:141)
System.Reflection.RuntimeMethodInfo:Invoke (object,System.Reflection.BindingFlags,System.Reflection.Binder,object[],System.Globalization.CultureInfo)
System.Reflection.MethodBase:Invoke (object,object[])
AreaBattle.EditorTools.BattleBuild:ValidateIntegrated () (at Assets/AreaBattle/Editor/BattleBuild.cs:32)
AreaBattle.EditorTools.BattleBuild:ValidateMechanicsOnly () (at Assets/AreaBattle/Editor/BattleBuild.cs:18)

[Assets/AreaBattle/Scripts/RecoveredWayLineVisual.cs line 21]

Instantiating material due to calling renderer.material during edit mode. This will leak materials into the scene. You most likely want to use renderer.sharedMaterial instead.
UnityEngine.Debug:ExtractStackTraceNoAlloc (byte*,int,string)
UnityEngine.StackTraceUtility:ExtractStackTrace () (at /Users/bokken/build/output/unity/unity/Runtime/Export/Scripting/StackTrace.cs:35)
UnityEngine.Renderer:GetMaterial ()
UnityEngine.Renderer:get_material () (at /Users/bokken/build/output/unity/unity/Runtime/Export/Graphics/GraphicsRenderers.bindings.cs:180)
AreaBattle.RecoveredWayLineVisual:Initialize () (at Assets/AreaBattle/Scripts/RecoveredWayLineVisual.cs:33)
AreaBattle.RecoveredWayLineVisual:SetLine (UnityEngine.Vector3,UnityEngine.Vector3,UnityEngine.Color,UnityEngine.Color,bool,bool,single) (at Assets/AreaBattle/Scripts/RecoveredWayLineVisual.cs:56)
AreaBattle.RecoveredWayLineVisual:Synchronize (AreaBattle.LineState,AreaBattle.TowerState,AreaBattle.TowerState,UnityEngine.Color,UnityEngine.Color,single) (at Assets/AreaBattle/Scripts/RecoveredWayLineVisual.cs:46)
AreaBattle.RecoveredWayLineVisual:Synchronize (AreaBattle.LineState,AreaBattle.TowerState,AreaBattle.TowerState,single) (at Assets/AreaBattle/Scripts/RecoveredWayLineVisual.cs:21)
AreaBattle.BattleView:RefreshPresentation () (at Assets/AreaBattle/Scripts/BattleView.cs:566)
AreaBattle.BattleView:AdvanceFrame (single,single) (at Assets/AreaBattle/Scripts/BattleView.cs:374)
AreaBattle.EditorTools.RepresentativeReplayValidation:Advance (AreaBattle.BattleView,single) (at Assets/AreaBattle/Editor/RepresentativeReplayValidation.cs:102)
AreaBattle.EditorTools.RepresentativeReplayValidation:Win (AreaBattle.BattleView,AreaBattle.EditorTools.RepresentativeReplayValidation/Replay) (at Assets/AreaBattle/Editor/RepresentativeReplayValidation.cs:108)
AreaBattle.EditorTools.RepresentativeReplayValidation:Run () (at Assets/AreaBattle/Editor/RepresentativeReplayValidation.cs:141)
System.Reflection.RuntimeMethodInfo:Invoke (object,System.Reflection.BindingFlags,System.Reflection.Binder,object[],System.Globalization.CultureInfo)
System.Reflection.MethodBase:Invoke (object,object[])
AreaBattle.EditorTools.BattleBuild:ValidateIntegrated () (at Assets/AreaBattle/Editor/BattleBuild.cs:32)
AreaBattle.EditorTools.BattleBuild:ValidateMechanicsOnly () (at Assets/AreaBattle/Editor/BattleBuild.cs:18)

[Assets/AreaBattle/Scripts/RecoveredWayLineVisual.cs line 21]

Instantiating material due to calling renderer.material during edit mode. This will leak materials into the scene. You most likely want to use renderer.sharedMaterial instead.
UnityEngine.Debug:ExtractStackTraceNoAlloc (byte*,int,string)
UnityEngine.StackTraceUtility:ExtractStackTrace () (at /Users/bokken/build/output/unity/unity/Runtime/Export/Scripting/StackTrace.cs:35)
UnityEngine.Renderer:GetMaterial ()
UnityEngine.Renderer:get_material () (at /Users/bokken/build/output/unity/unity/Runtime/Export/Graphics/GraphicsRenderers.bindings.cs:180)
AreaBattle.RecoveredWayLineVisual:Initialize () (at Assets/AreaBattle/Scripts/RecoveredWayLineVisual.cs:33)
AreaBattle.RecoveredWayLineVisual:SetLine (UnityEngine.Vector3,UnityEngine.Vector3,UnityEngine.Color,UnityEngine.Color,bool,bool,single) (at Assets/AreaBattle/Scripts/RecoveredWayLineVisual.cs:56)
AreaBattle.RecoveredWayLineVisual:Synchronize (AreaBattle.LineState,AreaBattle.TowerState,AreaBattle.TowerState,UnityEngine.Color,UnityEngine.Color,single) (at Assets/AreaBattle/Scripts/RecoveredWayLineVisual.cs:46)
AreaBattle.RecoveredWayLineVisual:Synchronize (AreaBattle.LineState,AreaBattle.TowerState,AreaBattle.TowerState,single) (at Assets/AreaBattle/Scripts/RecoveredWayLineVisual.cs:21)
AreaBattle.BattleView:RefreshPresentation () (at Assets/AreaBattle/Scripts/BattleView.cs:566)
AreaBattle.BattleView:AdvanceFrame (single,single) (at Assets/AreaBattle/Scripts/BattleView.cs:374)
AreaBattle.EditorTools.RepresentativeReplayValidation:Advance (AreaBattle.BattleView,single) (at Assets/AreaBattle/Editor/RepresentativeReplayValidation.cs:102)
AreaBattle.EditorTools.RepresentativeReplayValidation:Win (AreaBattle.BattleView,AreaBattle.EditorTools.RepresentativeReplayValidation/Replay) (at Assets/AreaBattle/Editor/RepresentativeReplayValidation.cs:108)
AreaBattle.EditorTools.RepresentativeReplayValidation:Run () (at Assets/AreaBattle/Editor/RepresentativeReplayValidation.cs:141)
System.Reflection.RuntimeMethodInfo:Invoke (object,System.Reflection.BindingFlags,System.Reflection.Binder,object[],System.Globalization.CultureInfo)
System.Reflection.MethodBase:Invoke (object,object[])
AreaBattle.EditorTools.BattleBuild:ValidateIntegrated () (at Assets/AreaBattle/Editor/BattleBuild.cs:32)
AreaBattle.EditorTools.BattleBuild:ValidateMechanicsOnly () (at Assets/AreaBattle/Editor/BattleBuild.cs:18)

[Assets/AreaBattle/Scripts/RecoveredWayLineVisual.cs line 21]

Instantiating material due to calling renderer.material during edit mode. This will leak materials into the scene. You most likely want to use renderer.sharedMaterial instead.
UnityEngine.Debug:ExtractStackTraceNoAlloc (byte*,int,string)
UnityEngine.StackTraceUtility:ExtractStackTrace () (at /Users/bokken/build/output/unity/unity/Runtime/Export/Scripting/StackTrace.cs:35)
UnityEngine.Renderer:GetMaterial ()
UnityEngine.Renderer:get_material () (at /Users/bokken/build/output/unity/unity/Runtime/Export/Graphics/GraphicsRenderers.bindings.cs:180)
AreaBattle.RecoveredWayLineVisual:Initialize () (at Assets/AreaBattle/Scripts/RecoveredWayLineVisual.cs:33)
AreaBattle.RecoveredWayLineVisual:SetLine (UnityEngine.Vector3,UnityEngine.Vector3,UnityEngine.Color,UnityEngine.Color,bool,bool,single) (at Assets/AreaBattle/Scripts/RecoveredWayLineVisual.cs:56)
AreaBattle.RecoveredWayLineVisual:Synchronize (AreaBattle.LineState,AreaBattle.TowerState,AreaBattle.TowerState,UnityEngine.Color,UnityEngine.Color,single) (at Assets/AreaBattle/Scripts/RecoveredWayLineVisual.cs:46)
AreaBattle.RecoveredWayLineVisual:Synchronize (AreaBattle.LineState,AreaBattle.TowerState,AreaBattle.TowerState,single) (at Assets/AreaBattle/Scripts/RecoveredWayLineVisual.cs:21)
AreaBattle.BattleView:RefreshPresentation () (at Assets/AreaBattle/Scripts/BattleView.cs:566)
AreaBattle.BattleView:AdvanceFrame (single,single) (at Assets/AreaBattle/Scripts/BattleView.cs:374)
AreaBattle.EditorTools.RepresentativeReplayValidation:Advance (AreaBattle.BattleView,single) (at Assets/AreaBattle/Editor/RepresentativeReplayValidation.cs:102)
AreaBattle.EditorTools.RepresentativeReplayValidation:Win (AreaBattle.BattleView,AreaBattle.EditorTools.RepresentativeReplayValidation/Replay) (at Assets/AreaBattle/Editor/RepresentativeReplayValidation.cs:108)
AreaBattle.EditorTools.RepresentativeReplayValidation:Run () (at Assets/AreaBattle/Editor/RepresentativeReplayValidation.cs:141)
System.Reflection.RuntimeMethodInfo:Invoke (object,System.Reflection.BindingFlags,System.Reflection.Binder,object[],System.Globalization.CultureInfo)
System.Reflection.MethodBase:Invoke (object,object[])
AreaBattle.EditorTools.BattleBuild:ValidateIntegrated () (at Assets/AreaBattle/Editor/BattleBuild.cs:32)
AreaBattle.EditorTools.BattleBuild:ValidateMechanicsOnly () (at Assets/AreaBattle/Editor/BattleBuild.cs:18)

[Assets/AreaBattle/Scripts/RecoveredWayLineVisual.cs line 21]

Instantiating material due to calling renderer.material during edit mode. This will leak materials into the scene. You most likely want to use renderer.sharedMaterial instead.
UnityEngine.Debug:ExtractStackTraceNoAlloc (byte*,int,string)
UnityEngine.StackTraceUtility:ExtractStackTrace () (at /Users/bokken/build/output/unity/unity/Runtime/Export/Scripting/StackTrace.cs:35)
UnityEngine.Renderer:GetMaterial ()
UnityEngine.Renderer:get_material () (at /Users/bokken/build/output/unity/unity/Runtime/Export/Graphics/GraphicsRenderers.bindings.cs:180)
AreaBattle.RecoveredWayLineVisual:Initialize () (at Assets/AreaBattle/Scripts/RecoveredWayLineVisual.cs:33)
AreaBattle.RecoveredWayLineVisual:SetLine (UnityEngine.Vector3,UnityEngine.Vector3,UnityEngine.Color,UnityEngine.Color,bool,bool,single) (at Assets/AreaBattle/Scripts/RecoveredWayLineVisual.cs:56)
AreaBattle.RecoveredWayLineVisual:Synchronize (AreaBattle.LineState,AreaBattle.TowerState,AreaBattle.TowerState,UnityEngine.Color,UnityEngine.Color,single) (at Assets/AreaBattle/Scripts/RecoveredWayLineVisual.cs:46)
AreaBattle.RecoveredWayLineVisual:Synchronize (AreaBattle.LineState,AreaBattle.TowerState,AreaBattle.TowerState,single) (at Assets/AreaBattle/Scripts/RecoveredWayLineVisual.cs:21)
AreaBattle.BattleView:RefreshPresentation () (at Assets/AreaBattle/Scripts/BattleView.cs:566)
AreaBattle.BattleView:AdvanceFrame (single,single) (at Assets/AreaBattle/Scripts/BattleView.cs:374)
AreaBattle.EditorTools.RepresentativeReplayValidation:Advance (AreaBattle.BattleView,single) (at Assets/AreaBattle/Editor/RepresentativeReplayValidation.cs:102)
AreaBattle.EditorTools.RepresentativeReplayValidation:Win (AreaBattle.BattleView,AreaBattle.EditorTools.RepresentativeReplayValidation/Replay) (at Assets/AreaBattle/Editor/RepresentativeReplayValidation.cs:108)
AreaBattle.EditorTools.RepresentativeReplayValidation:Run () (at Assets/AreaBattle/Editor/RepresentativeReplayValidation.cs:141)
System.Reflection.RuntimeMethodInfo:Invoke (object,System.Reflection.BindingFlags,System.Reflection.Binder,object[],System.Globalization.CultureInfo)
System.Reflection.MethodBase:Invoke (object,object[])
AreaBattle.EditorTools.BattleBuild:ValidateIntegrated () (at Assets/AreaBattle/Editor/BattleBuild.cs:32)
AreaBattle.EditorTools.BattleBuild:ValidateMechanicsOnly () (at Assets/AreaBattle/Editor/BattleBuild.cs:18)

[Assets/AreaBattle/Scripts/RecoveredWayLineVisual.cs line 21]

Instantiating material due to calling renderer.material during edit mode. This will leak materials into the scene. You most likely want to use renderer.sharedMaterial instead.
UnityEngine.Debug:ExtractStackTraceNoAlloc (byte*,int,string)
UnityEngine.StackTraceUtility:ExtractStackTrace () (at /Users/bokken/build/output/unity/unity/Runtime/Export/Scripting/StackTrace.cs:35)
UnityEngine.Renderer:GetMaterial ()
UnityEngine.Renderer:get_material () (at /Users/bokken/build/output/unity/unity/Runtime/Export/Graphics/GraphicsRenderers.bindings.cs:180)
AreaBattle.RecoveredWayLineVisual:Initialize () (at Assets/AreaBattle/Scripts/RecoveredWayLineVisual.cs:33)
AreaBattle.RecoveredWayLineVisual:SetLine (UnityEngine.Vector3,UnityEngine.Vector3,UnityEngine.Color,UnityEngine.Color,bool,bool,single) (at Assets/AreaBattle/Scripts/RecoveredWayLineVisual.cs:56)
AreaBattle.RecoveredWayLineVisual:Synchronize (AreaBattle.LineState,AreaBattle.TowerState,AreaBattle.TowerState,UnityEngine.Color,UnityEngine.Color,single) (at Assets/AreaBattle/Scripts/RecoveredWayLineVisual.cs:46)
AreaBattle.RecoveredWayLineVisual:Synchronize (AreaBattle.LineState,AreaBattle.TowerState,AreaBattle.TowerState,single) (at Assets/AreaBattle/Scripts/RecoveredWayLineVisual.cs:21)
AreaBattle.BattleView:RefreshPresentation () (at Assets/AreaBattle/Scripts/BattleView.cs:566)
AreaBattle.BattleView:AdvanceFrame (single,single) (at Assets/AreaBattle/Scripts/BattleView.cs:374)
AreaBattle.EditorTools.RepresentativeReplayValidation:Advance (AreaBattle.BattleView,single) (at Assets/AreaBattle/Editor/RepresentativeReplayValidation.cs:102)
AreaBattle.EditorTools.RepresentativeReplayValidation:Win (AreaBattle.BattleView,AreaBattle.EditorTools.RepresentativeReplayValidation/Replay) (at Assets/AreaBattle/Editor/RepresentativeReplayValidation.cs:108)
AreaBattle.EditorTools.RepresentativeReplayValidation:Run () (at Assets/AreaBattle/Editor/RepresentativeReplayValidation.cs:141)
System.Reflection.RuntimeMethodInfo:Invoke (object,System.Reflection.BindingFlags,System.Reflection.Binder,object[],System.Globalization.CultureInfo)
System.Reflection.MethodBase:Invoke (object,object[])
AreaBattle.EditorTools.BattleBuild:ValidateIntegrated () (at Assets/AreaBattle/Editor/BattleBuild.cs:32)
AreaBattle.EditorTools.BattleBuild:ValidateMechanicsOnly () (at Assets/AreaBattle/Editor/BattleBuild.cs:18)

[Assets/AreaBattle/Scripts/RecoveredWayLineVisual.cs line 21]

Instantiating material due to calling renderer.material during edit mode. This will leak materials into the scene. You most likely want to use renderer.sharedMaterial instead.
UnityEngine.Debug:ExtractStackTraceNoAlloc (byte*,int,string)
UnityEngine.StackTraceUtility:ExtractStackTrace () (at /Users/bokken/build/output/unity/unity/Runtime/Export/Scripting/StackTrace.cs:35)
UnityEngine.Renderer:GetMaterial ()
UnityEngine.Renderer:get_material () (at /Users/bokken/build/output/unity/unity/Runtime/Export/Graphics/GraphicsRenderers.bindings.cs:180)
AreaBattle.RecoveredWayLineVisual:Initialize () (at Assets/AreaBattle/Scripts/RecoveredWayLineVisual.cs:33)
AreaBattle.RecoveredWayLineVisual:SetLine (UnityEngine.Vector3,UnityEngine.Vector3,UnityEngine.Color,UnityEngine.Color,bool,bool,single) (at Assets/AreaBattle/Scripts/RecoveredWayLineVisual.cs:56)
AreaBattle.RecoveredWayLineVisual:Synchronize (AreaBattle.LineState,AreaBattle.TowerState,AreaBattle.TowerState,UnityEngine.Color,UnityEngine.Color,single) (at Assets/AreaBattle/Scripts/RecoveredWayLineVisual.cs:46)
AreaBattle.RecoveredWayLineVisual:Synchronize (AreaBattle.LineState,AreaBattle.TowerState,AreaBattle.TowerState,single) (at Assets/AreaBattle/Scripts/RecoveredWayLineVisual.cs:21)
AreaBattle.BattleView:RefreshPresentation () (at Assets/AreaBattle/Scripts/BattleView.cs:566)
AreaBattle.BattleView:AdvanceFrame (single,single) (at Assets/AreaBattle/Scripts/BattleView.cs:374)
AreaBattle.EditorTools.RepresentativeReplayValidation:Advance (AreaBattle.BattleView,single) (at Assets/AreaBattle/Editor/RepresentativeReplayValidation.cs:102)
AreaBattle.EditorTools.RepresentativeReplayValidation:Win (AreaBattle.BattleView,AreaBattle.EditorTools.RepresentativeReplayValidation/Replay) (at Assets/AreaBattle/Editor/RepresentativeReplayValidation.cs:108)
AreaBattle.EditorTools.RepresentativeReplayValidation:Run () (at Assets/AreaBattle/Editor/RepresentativeReplayValidation.cs:141)
System.Reflection.RuntimeMethodInfo:Invoke (object,System.Reflection.BindingFlags,System.Reflection.Binder,object[],System.Globalization.CultureInfo)
System.Reflection.MethodBase:Invoke (object,object[])
AreaBattle.EditorTools.BattleBuild:ValidateIntegrated () (at Assets/AreaBattle/Editor/BattleBuild.cs:32)
AreaBattle.EditorTools.BattleBuild:ValidateMechanicsOnly () (at Assets/AreaBattle/Editor/BattleBuild.cs:18)

[Assets/AreaBattle/Scripts/RecoveredWayLineVisual.cs line 21]

Instantiating material due to calling renderer.material during edit mode. This will leak materials into the scene. You most likely want to use renderer.sharedMaterial instead.
UnityEngine.Debug:ExtractStackTraceNoAlloc (byte*,int,string)
UnityEngine.StackTraceUtility:ExtractStackTrace () (at /Users/bokken/build/output/unity/unity/Runtime/Export/Scripting/StackTrace.cs:35)
UnityEngine.Renderer:GetMaterial ()
UnityEngine.Renderer:get_material () (at /Users/bokken/build/output/unity/unity/Runtime/Export/Graphics/GraphicsRenderers.bindings.cs:180)
AreaBattle.RecoveredWayLineVisual:Initialize () (at Assets/AreaBattle/Scripts/RecoveredWayLineVisual.cs:33)
AreaBattle.RecoveredWayLineVisual:SetLine (UnityEngine.Vector3,UnityEngine.Vector3,UnityEngine.Color,UnityEngine.Color,bool,bool,single) (at Assets/AreaBattle/Scripts/RecoveredWayLineVisual.cs:56)
AreaBattle.RecoveredWayLineVisual:Synchronize (AreaBattle.LineState,AreaBattle.TowerState,AreaBattle.TowerState,UnityEngine.Color,UnityEngine.Color,single) (at Assets/AreaBattle/Scripts/RecoveredWayLineVisual.cs:46)
AreaBattle.RecoveredWayLineVisual:Synchronize (AreaBattle.LineState,AreaBattle.TowerState,AreaBattle.TowerState,single) (at Assets/AreaBattle/Scripts/RecoveredWayLineVisual.cs:21)
AreaBattle.BattleView:RefreshPresentation () (at Assets/AreaBattle/Scripts/BattleView.cs:566)
AreaBattle.BattleView:AdvanceFrame (single,single) (at Assets/AreaBattle/Scripts/BattleView.cs:374)
AreaBattle.EditorTools.RepresentativeReplayValidation:Advance (AreaBattle.BattleView,single) (at Assets/AreaBattle/Editor/RepresentativeReplayValidation.cs:102)
AreaBattle.EditorTools.RepresentativeReplayValidation:Win (AreaBattle.BattleView,AreaBattle.EditorTools.RepresentativeReplayValidation/Replay) (at Assets/AreaBattle/Editor/RepresentativeReplayValidation.cs:108)
AreaBattle.EditorTools.RepresentativeReplayValidation:Run () (at Assets/AreaBattle/Editor/RepresentativeReplayValidation.cs:141)
System.Reflection.RuntimeMethodInfo:Invoke (object,System.Reflection.BindingFlags,System.Reflection.Binder,object[],System.Globalization.CultureInfo)
System.Reflection.MethodBase:Invoke (object,object[])
AreaBattle.EditorTools.BattleBuild:ValidateIntegrated () (at Assets/AreaBattle/Editor/BattleBuild.cs:32)
AreaBattle.EditorTools.BattleBuild:ValidateMechanicsOnly () (at Assets/AreaBattle/Editor/BattleBuild.cs:18)

[Assets/AreaBattle/Scripts/RecoveredWayLineVisual.cs line 21]

Instantiating material due to calling renderer.material during edit mode. This will leak materials into the scene. You most likely want to use renderer.sharedMaterial instead.
UnityEngine.Debug:ExtractStackTraceNoAlloc (byte*,int,string)
UnityEngine.StackTraceUtility:ExtractStackTrace () (at /Users/bokken/build/output/unity/unity/Runtime/Export/Scripting/StackTrace.cs:35)
UnityEngine.Renderer:GetMaterial ()
UnityEngine.Renderer:get_material () (at /Users/bokken/build/output/unity/unity/Runtime/Export/Graphics/GraphicsRenderers.bindings.cs:180)
AreaBattle.RecoveredWayLineVisual:Initialize () (at Assets/AreaBattle/Scripts/RecoveredWayLineVisual.cs:33)
AreaBattle.RecoveredWayLineVisual:SetLine (UnityEngine.Vector3,UnityEngine.Vector3,UnityEngine.Color,UnityEngine.Color,bool,bool,single) (at Assets/AreaBattle/Scripts/RecoveredWayLineVisual.cs:56)
AreaBattle.RecoveredWayLineVisual:Synchronize (AreaBattle.LineState,AreaBattle.TowerState,AreaBattle.TowerState,UnityEngine.Color,UnityEngine.Color,single) (at Assets/AreaBattle/Scripts/RecoveredWayLineVisual.cs:46)
AreaBattle.RecoveredWayLineVisual:Synchronize (AreaBattle.LineState,AreaBattle.TowerState,AreaBattle.TowerState,single) (at Assets/AreaBattle/Scripts/RecoveredWayLineVisual.cs:21)
AreaBattle.BattleView:RefreshPresentation () (at Assets/AreaBattle/Scripts/BattleView.cs:566)
AreaBattle.BattleView:AdvanceFrame (single,single) (at Assets/AreaBattle/Scripts/BattleView.cs:374)
AreaBattle.EditorTools.RepresentativeReplayValidation:Advance (AreaBattle.BattleView,single) (at Assets/AreaBattle/Editor/RepresentativeReplayValidation.cs:102)
AreaBattle.EditorTools.RepresentativeReplayValidation:Win (AreaBattle.BattleView,AreaBattle.EditorTools.RepresentativeReplayValidation/Replay) (at Assets/AreaBattle/Editor/RepresentativeReplayValidation.cs:108)
AreaBattle.EditorTools.RepresentativeReplayValidation:Run () (at Assets/AreaBattle/Editor/RepresentativeReplayValidation.cs:141)
System.Reflection.RuntimeMethodInfo:Invoke (object,System.Reflection.BindingFlags,System.Reflection.Binder,object[],System.Globalization.CultureInfo)
System.Reflection.MethodBase:Invoke (object,object[])
AreaBattle.EditorTools.BattleBuild:ValidateIntegrated () (at Assets/AreaBattle/Editor/BattleBuild.cs:32)
AreaBattle.EditorTools.BattleBuild:ValidateMechanicsOnly () (at Assets/AreaBattle/Editor/BattleBuild.cs:18)

[Assets/AreaBattle/Scripts/RecoveredWayLineVisual.cs line 21]

Instantiating material due to calling renderer.material during edit mode. This will leak materials into the scene. You most likely want to use renderer.sharedMaterial instead.
UnityEngine.Debug:ExtractStackTraceNoAlloc (byte*,int,string)
UnityEngine.StackTraceUtility:ExtractStackTrace () (at /Users/bokken/build/output/unity/unity/Runtime/Export/Scripting/StackTrace.cs:35)
UnityEngine.Renderer:GetMaterial ()
UnityEngine.Renderer:get_material () (at /Users/bokken/build/output/unity/unity/Runtime/Export/Graphics/GraphicsRenderers.bindings.cs:180)
AreaBattle.RecoveredWayLineVisual:Initialize () (at Assets/AreaBattle/Scripts/RecoveredWayLineVisual.cs:33)
AreaBattle.RecoveredWayLineVisual:SetLine (UnityEngine.Vector3,UnityEngine.Vector3,UnityEngine.Color,UnityEngine.Color,bool,bool,single) (at Assets/AreaBattle/Scripts/RecoveredWayLineVisual.cs:56)
AreaBattle.RecoveredWayLineVisual:Synchronize (AreaBattle.LineState,AreaBattle.TowerState,AreaBattle.TowerState,UnityEngine.Color,UnityEngine.Color,single) (at Assets/AreaBattle/Scripts/RecoveredWayLineVisual.cs:46)
AreaBattle.RecoveredWayLineVisual:Synchronize (AreaBattle.LineState,AreaBattle.TowerState,AreaBattle.TowerState,single) (at Assets/AreaBattle/Scripts/RecoveredWayLineVisual.cs:21)
AreaBattle.BattleView:RefreshPresentation () (at Assets/AreaBattle/Scripts/BattleView.cs:566)
AreaBattle.BattleView:AdvanceFrame (single,single) (at Assets/AreaBattle/Scripts/BattleView.cs:374)
AreaBattle.EditorTools.RepresentativeReplayValidation:Advance (AreaBattle.BattleView,single) (at Assets/AreaBattle/Editor/RepresentativeReplayValidation.cs:102)
AreaBattle.EditorTools.RepresentativeReplayValidation:Win (AreaBattle.BattleView,AreaBattle.EditorTools.RepresentativeReplayValidation/Replay) (at Assets/AreaBattle/Editor/RepresentativeReplayValidation.cs:108)
AreaBattle.EditorTools.RepresentativeReplayValidation:Run () (at Assets/AreaBattle/Editor/RepresentativeReplayValidation.cs:141)
System.Reflection.RuntimeMethodInfo:Invoke (object,System.Reflection.BindingFlags,System.Reflection.Binder,object[],System.Globalization.CultureInfo)
System.Reflection.MethodBase:Invoke (object,object[])
AreaBattle.EditorTools.BattleBuild:ValidateIntegrated () (at Assets/AreaBattle/Editor/BattleBuild.cs:32)
AreaBattle.EditorTools.BattleBuild:ValidateMechanicsOnly () (at Assets/AreaBattle/Editor/BattleBuild.cs:18)

[Assets/AreaBattle/Scripts/RecoveredWayLineVisual.cs line 21]

Instantiating material due to calling renderer.material during edit mode. This will leak materials into the scene. You most likely want to use renderer.sharedMaterial instead.
UnityEngine.Debug:ExtractStackTraceNoAlloc (byte*,int,string)
UnityEngine.StackTraceUtility:ExtractStackTrace () (at /Users/bokken/build/output/unity/unity/Runtime/Export/Scripting/StackTrace.cs:35)
UnityEngine.Renderer:GetMaterial ()
UnityEngine.Renderer:get_material () (at /Users/bokken/build/output/unity/unity/Runtime/Export/Graphics/GraphicsRenderers.bindings.cs:180)
AreaBattle.RecoveredWayLineVisual:Initialize () (at Assets/AreaBattle/Scripts/RecoveredWayLineVisual.cs:33)
AreaBattle.RecoveredWayLineVisual:SetLine (UnityEngine.Vector3,UnityEngine.Vector3,UnityEngine.Color,UnityEngine.Color,bool,bool,single) (at Assets/AreaBattle/Scripts/RecoveredWayLineVisual.cs:56)
AreaBattle.RecoveredWayLineVisual:Synchronize (AreaBattle.LineState,AreaBattle.TowerState,AreaBattle.TowerState,UnityEngine.Color,UnityEngine.Color,single) (at Assets/AreaBattle/Scripts/RecoveredWayLineVisual.cs:46)
AreaBattle.RecoveredWayLineVisual:Synchronize (AreaBattle.LineState,AreaBattle.TowerState,AreaBattle.TowerState,single) (at Assets/AreaBattle/Scripts/RecoveredWayLineVisual.cs:21)
AreaBattle.BattleView:RefreshPresentation () (at Assets/AreaBattle/Scripts/BattleView.cs:566)
AreaBattle.BattleView:AdvanceFrame (single,single) (at Assets/AreaBattle/Scripts/BattleView.cs:374)
AreaBattle.EditorTools.RepresentativeReplayValidation:Advance (AreaBattle.BattleView,single) (at Assets/AreaBattle/Editor/RepresentativeReplayValidation.cs:102)
AreaBattle.EditorTools.RepresentativeReplayValidation:Win (AreaBattle.BattleView,AreaBattle.EditorTools.RepresentativeReplayValidation/Replay) (at Assets/AreaBattle/Editor/RepresentativeReplayValidation.cs:108)
AreaBattle.EditorTools.RepresentativeReplayValidation:Run () (at Assets/AreaBattle/Editor/RepresentativeReplayValidation.cs:141)
System.Reflection.RuntimeMethodInfo:Invoke (object,System.Reflection.BindingFlags,System.Reflection.Binder,object[],System.Globalization.CultureInfo)
System.Reflection.MethodBase:Invoke (object,object[])
AreaBattle.EditorTools.BattleBuild:ValidateIntegrated () (at Assets/AreaBattle/Editor/BattleBuild.cs:32)
AreaBattle.EditorTools.BattleBuild:ValidateMechanicsOnly () (at Assets/AreaBattle/Editor/BattleBuild.cs:18)

[Assets/AreaBattle/Scripts/RecoveredWayLineVisual.cs line 21]

Instantiating material due to calling renderer.material during edit mode. This will leak materials into the scene. You most likely want to use renderer.sharedMaterial instead.
UnityEngine.Debug:ExtractStackTraceNoAlloc (byte*,int,string)
UnityEngine.StackTraceUtility:ExtractStackTrace () (at /Users/bokken/build/output/unity/unity/Runtime/Export/Scripting/StackTrace.cs:35)
UnityEngine.Renderer:GetMaterial ()
UnityEngine.Renderer:get_material () (at /Users/bokken/build/output/unity/unity/Runtime/Export/Graphics/GraphicsRenderers.bindings.cs:180)
AreaBattle.RecoveredWayLineVisual:Initialize () (at Assets/AreaBattle/Scripts/RecoveredWayLineVisual.cs:33)
AreaBattle.RecoveredWayLineVisual:SetLine (UnityEngine.Vector3,UnityEngine.Vector3,UnityEngine.Color,UnityEngine.Color,bool,bool,single) (at Assets/AreaBattle/Scripts/RecoveredWayLineVisual.cs:56)
AreaBattle.RecoveredWayLineVisual:Synchronize (AreaBattle.LineState,AreaBattle.TowerState,AreaBattle.TowerState,UnityEngine.Color,UnityEngine.Color,single) (at Assets/AreaBattle/Scripts/RecoveredWayLineVisual.cs:46)
AreaBattle.RecoveredWayLineVisual:Synchronize (AreaBattle.LineState,AreaBattle.TowerState,AreaBattle.TowerState,single) (at Assets/AreaBattle/Scripts/RecoveredWayLineVisual.cs:21)
AreaBattle.BattleView:RefreshPresentation () (at Assets/AreaBattle/Scripts/BattleView.cs:566)
AreaBattle.BattleView:AdvanceFrame (single,single) (at Assets/AreaBattle/Scripts/BattleView.cs:374)
AreaBattle.EditorTools.RepresentativeReplayValidation:Advance (AreaBattle.BattleView,single) (at Assets/AreaBattle/Editor/RepresentativeReplayValidation.cs:102)
AreaBattle.EditorTools.RepresentativeReplayValidation:Win (AreaBattle.BattleView,AreaBattle.EditorTools.RepresentativeReplayValidation/Replay) (at Assets/AreaBattle/Editor/RepresentativeReplayValidation.cs:108)
AreaBattle.EditorTools.RepresentativeReplayValidation:Run () (at Assets/AreaBattle/Editor/RepresentativeReplayValidation.cs:141)
System.Reflection.RuntimeMethodInfo:Invoke (object,System.Reflection.BindingFlags,System.Reflection.Binder,object[],System.Globalization.CultureInfo)
System.Reflection.MethodBase:Invoke (object,object[])
AreaBattle.EditorTools.BattleBuild:ValidateIntegrated () (at Assets/AreaBattle/Editor/BattleBuild.cs:32)
AreaBattle.EditorTools.BattleBuild:ValidateMechanicsOnly () (at Assets/AreaBattle/Editor/BattleBuild.cs:18)

[Assets/AreaBattle/Scripts/RecoveredWayLineVisual.cs line 21]

Instantiating material due to calling renderer.material during edit mode. This will leak materials into the scene. You most likely want to use renderer.sharedMaterial instead.
UnityEngine.Debug:ExtractStackTraceNoAlloc (byte*,int,string)
UnityEngine.StackTraceUtility:ExtractStackTrace () (at /Users/bokken/build/output/unity/unity/Runtime/Export/Scripting/StackTrace.cs:35)
UnityEngine.Renderer:GetMaterial ()
UnityEngine.Renderer:get_material () (at /Users/bokken/build/output/unity/unity/Runtime/Export/Graphics/GraphicsRenderers.bindings.cs:180)
AreaBattle.RecoveredWayLineVisual:Initialize () (at Assets/AreaBattle/Scripts/RecoveredWayLineVisual.cs:33)
AreaBattle.RecoveredWayLineVisual:SetLine (UnityEngine.Vector3,UnityEngine.Vector3,UnityEngine.Color,UnityEngine.Color,bool,bool,single) (at Assets/AreaBattle/Scripts/RecoveredWayLineVisual.cs:56)
AreaBattle.RecoveredWayLineVisual:Synchronize (AreaBattle.LineState,AreaBattle.TowerState,AreaBattle.TowerState,UnityEngine.Color,UnityEngine.Color,single) (at Assets/AreaBattle/Scripts/RecoveredWayLineVisual.cs:46)
AreaBattle.RecoveredWayLineVisual:Synchronize (AreaBattle.LineState,AreaBattle.TowerState,AreaBattle.TowerState,single) (at Assets/AreaBattle/Scripts/RecoveredWayLineVisual.cs:21)
AreaBattle.BattleView:RefreshPresentation () (at Assets/AreaBattle/Scripts/BattleView.cs:566)
AreaBattle.BattleView:AdvanceFrame (single,single) (at Assets/AreaBattle/Scripts/BattleView.cs:374)
AreaBattle.EditorTools.RepresentativeReplayValidation:Advance (AreaBattle.BattleView,single) (at Assets/AreaBattle/Editor/RepresentativeReplayValidation.cs:102)
AreaBattle.EditorTools.RepresentativeReplayValidation:Win (AreaBattle.BattleView,AreaBattle.EditorTools.RepresentativeReplayValidation/Replay) (at Assets/AreaBattle/Editor/RepresentativeReplayValidation.cs:108)
AreaBattle.EditorTools.RepresentativeReplayValidation:Run () (at Assets/AreaBattle/Editor/RepresentativeReplayValidation.cs:141)
System.Reflection.RuntimeMethodInfo:Invoke (object,System.Reflection.BindingFlags,System.Reflection.Binder,object[],System.Globalization.CultureInfo)
System.Reflection.MethodBase:Invoke (object,object[])
AreaBattle.EditorTools.BattleBuild:ValidateIntegrated () (at Assets/AreaBattle/Editor/BattleBuild.cs:32)
AreaBattle.EditorTools.BattleBuild:ValidateMechanicsOnly () (at Assets/AreaBattle/Editor/BattleBuild.cs:18)

[Assets/AreaBattle/Scripts/RecoveredWayLineVisual.cs line 21]

Instantiating material due to calling renderer.material during edit mode. This will leak materials into the scene. You most likely want to use renderer.sharedMaterial instead.
UnityEngine.Debug:ExtractStackTraceNoAlloc (byte*,int,string)
UnityEngine.StackTraceUtility:ExtractStackTrace () (at /Users/bokken/build/output/unity/unity/Runtime/Export/Scripting/StackTrace.cs:35)
UnityEngine.Renderer:GetMaterial ()
UnityEngine.Renderer:get_material () (at /Users/bokken/build/output/unity/unity/Runtime/Export/Graphics/GraphicsRenderers.bindings.cs:180)
AreaBattle.RecoveredWayLineVisual:Initialize () (at Assets/AreaBattle/Scripts/RecoveredWayLineVisual.cs:33)
AreaBattle.RecoveredWayLineVisual:SetLine (UnityEngine.Vector3,UnityEngine.Vector3,UnityEngine.Color,UnityEngine.Color,bool,bool,single) (at Assets/AreaBattle/Scripts/RecoveredWayLineVisual.cs:56)
AreaBattle.RecoveredWayLineVisual:Synchronize (AreaBattle.LineState,AreaBattle.TowerState,AreaBattle.TowerState,UnityEngine.Color,UnityEngine.Color,single) (at Assets/AreaBattle/Scripts/RecoveredWayLineVisual.cs:46)
AreaBattle.RecoveredWayLineVisual:Synchronize (AreaBattle.LineState,AreaBattle.TowerState,AreaBattle.TowerState,single) (at Assets/AreaBattle/Scripts/RecoveredWayLineVisual.cs:21)
AreaBattle.BattleView:RefreshPresentation () (at Assets/AreaBattle/Scripts/BattleView.cs:566)
AreaBattle.BattleView:AdvanceFrame (single,single) (at Assets/AreaBattle/Scripts/BattleView.cs:374)
AreaBattle.EditorTools.RepresentativeReplayValidation:Advance (AreaBattle.BattleView,single) (at Assets/AreaBattle/Editor/RepresentativeReplayValidation.cs:102)
AreaBattle.EditorTools.RepresentativeReplayValidation:Win (AreaBattle.BattleView,AreaBattle.EditorTools.RepresentativeReplayValidation/Replay) (at Assets/AreaBattle/Editor/RepresentativeReplayValidation.cs:108)
AreaBattle.EditorTools.RepresentativeReplayValidation:Run () (at Assets/AreaBattle/Editor/RepresentativeReplayValidation.cs:141)
System.Reflection.RuntimeMethodInfo:Invoke (object,System.Reflection.BindingFlags,System.Reflection.Binder,object[],System.Globalization.CultureInfo)
System.Reflection.MethodBase:Invoke (object,object[])
AreaBattle.EditorTools.BattleBuild:ValidateIntegrated () (at Assets/AreaBattle/Editor/BattleBuild.cs:32)
AreaBattle.EditorTools.BattleBuild:ValidateMechanicsOnly () (at Assets/AreaBattle/Editor/BattleBuild.cs:18)

[Assets/AreaBattle/Scripts/RecoveredWayLineVisual.cs line 21]

Instantiating material due to calling renderer.material during edit mode. This will leak materials into the scene. You most likely want to use renderer.sharedMaterial instead.
UnityEngine.Debug:ExtractStackTraceNoAlloc (byte*,int,string)
UnityEngine.StackTraceUtility:ExtractStackTrace () (at /Users/bokken/build/output/unity/unity/Runtime/Export/Scripting/StackTrace.cs:35)
UnityEngine.Renderer:GetMaterial ()
UnityEngine.Renderer:get_material () (at /Users/bokken/build/output/unity/unity/Runtime/Export/Graphics/GraphicsRenderers.bindings.cs:180)
AreaBattle.RecoveredWayLineVisual:Initialize () (at Assets/AreaBattle/Scripts/RecoveredWayLineVisual.cs:33)
AreaBattle.RecoveredWayLineVisual:SetLine (UnityEngine.Vector3,UnityEngine.Vector3,UnityEngine.Color,UnityEngine.Color,bool,bool,single) (at Assets/AreaBattle/Scripts/RecoveredWayLineVisual.cs:56)
AreaBattle.RecoveredWayLineVisual:Synchronize (AreaBattle.LineState,AreaBattle.TowerState,AreaBattle.TowerState,UnityEngine.Color,UnityEngine.Color,single) (at Assets/AreaBattle/Scripts/RecoveredWayLineVisual.cs:46)
AreaBattle.RecoveredWayLineVisual:Synchronize (AreaBattle.LineState,AreaBattle.TowerState,AreaBattle.TowerState,single) (at Assets/AreaBattle/Scripts/RecoveredWayLineVisual.cs:21)
AreaBattle.BattleView:RefreshPresentation () (at Assets/AreaBattle/Scripts/BattleView.cs:566)
AreaBattle.BattleView:AdvanceFrame (single,single) (at Assets/AreaBattle/Scripts/BattleView.cs:374)
AreaBattle.EditorTools.RepresentativeReplayValidation:Advance (AreaBattle.BattleView,single) (at Assets/AreaBattle/Editor/RepresentativeReplayValidation.cs:102)
AreaBattle.EditorTools.RepresentativeReplayValidation:Run () (at Assets/AreaBattle/Editor/RepresentativeReplayValidation.cs:154)
System.Reflection.RuntimeMethodInfo:Invoke (object,System.Reflection.BindingFlags,System.Reflection.Binder,object[],System.Globalization.CultureInfo)
System.Reflection.MethodBase:Invoke (object,object[])
AreaBattle.EditorTools.BattleBuild:ValidateIntegrated () (at Assets/AreaBattle/Editor/BattleBuild.cs:32)
AreaBattle.EditorTools.BattleBuild:ValidateMechanicsOnly () (at Assets/AreaBattle/Editor/BattleBuild.cs:18)

[Assets/AreaBattle/Scripts/RecoveredWayLineVisual.cs line 21]

Instantiating material due to calling renderer.material during edit mode. This will leak materials into the scene. You most likely want to use renderer.sharedMaterial instead.
UnityEngine.Debug:ExtractStackTraceNoAlloc (byte*,int,string)
UnityEngine.StackTraceUtility:ExtractStackTrace () (at /Users/bokken/build/output/unity/unity/Runtime/Export/Scripting/StackTrace.cs:35)
UnityEngine.Renderer:GetMaterial ()
UnityEngine.Renderer:get_material () (at /Users/bokken/build/output/unity/unity/Runtime/Export/Graphics/GraphicsRenderers.bindings.cs:180)
AreaBattle.RecoveredWayLineVisual:Initialize () (at Assets/AreaBattle/Scripts/RecoveredWayLineVisual.cs:33)
AreaBattle.RecoveredWayLineVisual:SetLine (UnityEngine.Vector3,UnityEngine.Vector3,UnityEngine.Color,UnityEngine.Color,bool,bool,single) (at Assets/AreaBattle/Scripts/RecoveredWayLineVisual.cs:56)
AreaBattle.RecoveredWayLineVisual:Synchronize (AreaBattle.LineState,AreaBattle.TowerState,AreaBattle.TowerState,UnityEngine.Color,UnityEngine.Color,single) (at Assets/AreaBattle/Scripts/RecoveredWayLineVisual.cs:46)
AreaBattle.RecoveredWayLineVisual:Synchronize (AreaBattle.LineState,AreaBattle.TowerState,AreaBattle.TowerState,single) (at Assets/AreaBattle/Scripts/RecoveredWayLineVisual.cs:21)
AreaBattle.BattleView:RefreshPresentation () (at Assets/AreaBattle/Scripts/BattleView.cs:566)
AreaBattle.BattleView:AdvanceFrame (single,single) (at Assets/AreaBattle/Scripts/BattleView.cs:374)
AreaBattle.EditorTools.RepresentativeReplayValidation:Advance (AreaBattle.BattleView,single) (at Assets/AreaBattle/Editor/RepresentativeReplayValidation.cs:102)
AreaBattle.EditorTools.RepresentativeReplayValidation:Run () (at Assets/AreaBattle/Editor/RepresentativeReplayValidation.cs:154)
System.Reflection.RuntimeMethodInfo:Invoke (object,System.Reflection.BindingFlags,System.Reflection.Binder,object[],System.Globalization.CultureInfo)
System.Reflection.MethodBase:Invoke (object,object[])
AreaBattle.EditorTools.BattleBuild:ValidateIntegrated () (at Assets/AreaBattle/Editor/BattleBuild.cs:32)
AreaBattle.EditorTools.BattleBuild:ValidateMechanicsOnly () (at Assets/AreaBattle/Editor/BattleBuild.cs:18)

[Assets/AreaBattle/Scripts/RecoveredWayLineVisual.cs line 21]

Instantiating material due to calling renderer.material during edit mode. This will leak materials into the scene. You most likely want to use renderer.sharedMaterial instead.
UnityEngine.Debug:ExtractStackTraceNoAlloc (byte*,int,string)
UnityEngine.StackTraceUtility:ExtractStackTrace () (at /Users/bokken/build/output/unity/unity/Runtime/Export/Scripting/StackTrace.cs:35)
UnityEngine.Renderer:GetMaterial ()
UnityEngine.Renderer:get_material () (at /Users/bokken/build/output/unity/unity/Runtime/Export/Graphics/GraphicsRenderers.bindings.cs:180)
AreaBattle.RecoveredWayLineVisual:Initialize () (at Assets/AreaBattle/Scripts/RecoveredWayLineVisual.cs:33)
AreaBattle.RecoveredWayLineVisual:SetLine (UnityEngine.Vector3,UnityEngine.Vector3,UnityEngine.Color,UnityEngine.Color,bool,bool,single) (at Assets/AreaBattle/Scripts/RecoveredWayLineVisual.cs:56)
AreaBattle.RecoveredWayLineVisual:Synchronize (AreaBattle.LineState,AreaBattle.TowerState,AreaBattle.TowerState,UnityEngine.Color,UnityEngine.Color,single) (at Assets/AreaBattle/Scripts/RecoveredWayLineVisual.cs:46)
AreaBattle.RecoveredWayLineVisual:Synchronize (AreaBattle.LineState,AreaBattle.TowerState,AreaBattle.TowerState,single) (at Assets/AreaBattle/Scripts/RecoveredWayLineVisual.cs:21)
AreaBattle.BattleView:RefreshPresentation () (at Assets/AreaBattle/Scripts/BattleView.cs:566)
AreaBattle.BattleView:AdvanceFrame (single,single) (at Assets/AreaBattle/Scripts/BattleView.cs:374)
AreaBattle.EditorTools.RepresentativeReplayValidation:Advance (AreaBattle.BattleView,single) (at Assets/AreaBattle/Editor/RepresentativeReplayValidation.cs:102)
AreaBattle.EditorTools.RepresentativeReplayValidation:Run () (at Assets/AreaBattle/Editor/RepresentativeReplayValidation.cs:154)
System.Reflection.RuntimeMethodInfo:Invoke (object,System.Reflection.BindingFlags,System.Reflection.Binder,object[],System.Globalization.CultureInfo)
System.Reflection.MethodBase:Invoke (object,object[])
AreaBattle.EditorTools.BattleBuild:ValidateIntegrated () (at Assets/AreaBattle/Editor/BattleBuild.cs:32)
AreaBattle.EditorTools.BattleBuild:ValidateMechanicsOnly () (at Assets/AreaBattle/Editor/BattleBuild.cs:18)

[Assets/AreaBattle/Scripts/RecoveredWayLineVisual.cs line 21]

Instantiating material due to calling renderer.material during edit mode. This will leak materials into the scene. You most likely want to use renderer.sharedMaterial instead.
UnityEngine.Debug:ExtractStackTraceNoAlloc (byte*,int,string)
UnityEngine.StackTraceUtility:ExtractStackTrace () (at /Users/bokken/build/output/unity/unity/Runtime/Export/Scripting/StackTrace.cs:35)
UnityEngine.Renderer:GetMaterial ()
UnityEngine.Renderer:get_material () (at /Users/bokken/build/output/unity/unity/Runtime/Export/Graphics/GraphicsRenderers.bindings.cs:180)
AreaBattle.RecoveredWayLineVisual:Initialize () (at Assets/AreaBattle/Scripts/RecoveredWayLineVisual.cs:33)
AreaBattle.RecoveredWayLineVisual:SetLine (UnityEngine.Vector3,UnityEngine.Vector3,UnityEngine.Color,UnityEngine.Color,bool,bool,single) (at Assets/AreaBattle/Scripts/RecoveredWayLineVisual.cs:56)
AreaBattle.RecoveredWayLineVisual:Synchronize (AreaBattle.LineState,AreaBattle.TowerState,AreaBattle.TowerState,UnityEngine.Color,UnityEngine.Color,single) (at Assets/AreaBattle/Scripts/RecoveredWayLineVisual.cs:46)
AreaBattle.RecoveredWayLineVisual:Synchronize (AreaBattle.LineState,AreaBattle.TowerState,AreaBattle.TowerState,single) (at Assets/AreaBattle/Scripts/RecoveredWayLineVisual.cs:21)
AreaBattle.BattleView:RefreshPresentation () (at Assets/AreaBattle/Scripts/BattleView.cs:566)
AreaBattle.BattleView:AdvanceFrame (single,single) (at Assets/AreaBattle/Scripts/BattleView.cs:374)
AreaBattle.EditorTools.RepresentativeReplayValidation:Advance (AreaBattle.BattleView,single) (at Assets/AreaBattle/Editor/RepresentativeReplayValidation.cs:102)
AreaBattle.EditorTools.RepresentativeReplayValidation:Run () (at Assets/AreaBattle/Editor/RepresentativeReplayValidation.cs:154)
System.Reflection.RuntimeMethodInfo:Invoke (object,System.Reflection.BindingFlags,System.Reflection.Binder,object[],System.Globalization.CultureInfo)
System.Reflection.MethodBase:Invoke (object,object[])
AreaBattle.EditorTools.BattleBuild:ValidateIntegrated () (at Assets/AreaBattle/Editor/BattleBuild.cs:32)
AreaBattle.EditorTools.BattleBuild:ValidateMechanicsOnly () (at Assets/AreaBattle/Editor/BattleBuild.cs:18)

[Assets/AreaBattle/Scripts/RecoveredWayLineVisual.cs line 21]

Instantiating material due to calling renderer.material during edit mode. This will leak materials into the scene. You most likely want to use renderer.sharedMaterial instead.
UnityEngine.Debug:ExtractStackTraceNoAlloc (byte*,int,string)
UnityEngine.StackTraceUtility:ExtractStackTrace () (at /Users/bokken/build/output/unity/unity/Runtime/Export/Scripting/StackTrace.cs:35)
UnityEngine.Renderer:GetMaterial ()
UnityEngine.Renderer:get_material () (at /Users/bokken/build/output/unity/unity/Runtime/Export/Graphics/GraphicsRenderers.bindings.cs:180)
AreaBattle.RecoveredWayLineVisual:Initialize () (at Assets/AreaBattle/Scripts/RecoveredWayLineVisual.cs:33)
AreaBattle.RecoveredWayLineVisual:SetLine (UnityEngine.Vector3,UnityEngine.Vector3,UnityEngine.Color,UnityEngine.Color,bool,bool,single) (at Assets/AreaBattle/Scripts/RecoveredWayLineVisual.cs:56)
AreaBattle.RecoveredWayLineVisual:Synchronize (AreaBattle.LineState,AreaBattle.TowerState,AreaBattle.TowerState,UnityEngine.Color,UnityEngine.Color,single) (at Assets/AreaBattle/Scripts/RecoveredWayLineVisual.cs:46)
AreaBattle.RecoveredWayLineVisual:Synchronize (AreaBattle.LineState,AreaBattle.TowerState,AreaBattle.TowerState,single) (at Assets/AreaBattle/Scripts/RecoveredWayLineVisual.cs:21)
AreaBattle.BattleView:RefreshPresentation () (at Assets/AreaBattle/Scripts/BattleView.cs:566)
AreaBattle.BattleView:AdvanceFrame (single,single) (at Assets/AreaBattle/Scripts/BattleView.cs:374)
AreaBattle.EditorTools.RepresentativeReplayValidation:Advance (AreaBattle.BattleView,single) (at Assets/AreaBattle/Editor/RepresentativeReplayValidation.cs:102)
AreaBattle.EditorTools.RepresentativeReplayValidation:Run () (at Assets/AreaBattle/Editor/RepresentativeReplayValidation.cs:154)
System.Reflection.RuntimeMethodInfo:Invoke (object,System.Reflection.BindingFlags,System.Reflection.Binder,object[],System.Globalization.CultureInfo)
System.Reflection.MethodBase:Invoke (object,object[])
AreaBattle.EditorTools.BattleBuild:ValidateIntegrated () (at Assets/AreaBattle/Editor/BattleBuild.cs:32)
AreaBattle.EditorTools.BattleBuild:ValidateMechanicsOnly () (at Assets/AreaBattle/Editor/BattleBuild.cs:18)

[Assets/AreaBattle/Scripts/RecoveredWayLineVisual.cs line 21]

Instantiating material due to calling renderer.material during edit mode. This will leak materials into the scene. You most likely want to use renderer.sharedMaterial instead.
UnityEngine.Debug:ExtractStackTraceNoAlloc (byte*,int,string)
UnityEngine.StackTraceUtility:ExtractStackTrace () (at /Users/bokken/build/output/unity/unity/Runtime/Export/Scripting/StackTrace.cs:35)
UnityEngine.Renderer:GetMaterial ()
UnityEngine.Renderer:get_material () (at /Users/bokken/build/output/unity/unity/Runtime/Export/Graphics/GraphicsRenderers.bindings.cs:180)
AreaBattle.RecoveredWayLineVisual:Initialize () (at Assets/AreaBattle/Scripts/RecoveredWayLineVisual.cs:33)
AreaBattle.RecoveredWayLineVisual:SetLine (UnityEngine.Vector3,UnityEngine.Vector3,UnityEngine.Color,UnityEngine.Color,bool,bool,single) (at Assets/AreaBattle/Scripts/RecoveredWayLineVisual.cs:56)
AreaBattle.RecoveredWayLineVisual:Synchronize (AreaBattle.LineState,AreaBattle.TowerState,AreaBattle.TowerState,UnityEngine.Color,UnityEngine.Color,single) (at Assets/AreaBattle/Scripts/RecoveredWayLineVisual.cs:46)
AreaBattle.RecoveredWayLineVisual:Synchronize (AreaBattle.LineState,AreaBattle.TowerState,AreaBattle.TowerState,single) (at Assets/AreaBattle/Scripts/RecoveredWayLineVisual.cs:21)
AreaBattle.BattleView:RefreshPresentation () (at Assets/AreaBattle/Scripts/BattleView.cs:566)
AreaBattle.BattleView:AdvanceFrame (single,single) (at Assets/AreaBattle/Scripts/BattleView.cs:374)
AreaBattle.EditorTools.RepresentativeReplayValidation:Advance (AreaBattle.BattleView,single) (at Assets/AreaBattle/Editor/RepresentativeReplayValidation.cs:102)
AreaBattle.EditorTools.RepresentativeReplayValidation:Run () (at Assets/AreaBattle/Editor/RepresentativeReplayValidation.cs:154)
System.Reflection.RuntimeMethodInfo:Invoke (object,System.Reflection.BindingFlags,System.Reflection.Binder,object[],System.Globalization.CultureInfo)
System.Reflection.MethodBase:Invoke (object,object[])
AreaBattle.EditorTools.BattleBuild:ValidateIntegrated () (at Assets/AreaBattle/Editor/BattleBuild.cs:32)
AreaBattle.EditorTools.BattleBuild:ValidateMechanicsOnly () (at Assets/AreaBattle/Editor/BattleBuild.cs:18)

[Assets/AreaBattle/Scripts/RecoveredWayLineVisual.cs line 21]

Instantiating material due to calling renderer.material during edit mode. This will leak materials into the scene. You most likely want to use renderer.sharedMaterial instead.
UnityEngine.Debug:ExtractStackTraceNoAlloc (byte*,int,string)
UnityEngine.StackTraceUtility:ExtractStackTrace () (at /Users/bokken/build/output/unity/unity/Runtime/Export/Scripting/StackTrace.cs:35)
UnityEngine.Renderer:GetMaterial ()
UnityEngine.Renderer:get_material () (at /Users/bokken/build/output/unity/unity/Runtime/Export/Graphics/GraphicsRenderers.bindings.cs:180)
AreaBattle.RecoveredWayLineVisual:Initialize () (at Assets/AreaBattle/Scripts/RecoveredWayLineVisual.cs:33)
AreaBattle.RecoveredWayLineVisual:SetLine (UnityEngine.Vector3,UnityEngine.Vector3,UnityEngine.Color,UnityEngine.Color,bool,bool,single) (at Assets/AreaBattle/Scripts/RecoveredWayLineVisual.cs:56)
AreaBattle.RecoveredWayLineVisual:Synchronize (AreaBattle.LineState,AreaBattle.TowerState,AreaBattle.TowerState,UnityEngine.Color,UnityEngine.Color,single) (at Assets/AreaBattle/Scripts/RecoveredWayLineVisual.cs:46)
AreaBattle.RecoveredWayLineVisual:Synchronize (AreaBattle.LineState,AreaBattle.TowerState,AreaBattle.TowerState,single) (at Assets/AreaBattle/Scripts/RecoveredWayLineVisual.cs:21)
AreaBattle.BattleView:RefreshPresentation () (at Assets/AreaBattle/Scripts/BattleView.cs:566)
AreaBattle.BattleView:AdvanceFrame (single,single) (at Assets/AreaBattle/Scripts/BattleView.cs:374)
AreaBattle.EditorTools.RepresentativeReplayValidation:Advance (AreaBattle.BattleView,single) (at Assets/AreaBattle/Editor/RepresentativeReplayValidation.cs:102)
AreaBattle.EditorTools.RepresentativeReplayValidation:Run () (at Assets/AreaBattle/Editor/RepresentativeReplayValidation.cs:174)
System.Reflection.RuntimeMethodInfo:Invoke (object,System.Reflection.BindingFlags,System.Reflection.Binder,object[],System.Globalization.CultureInfo)
System.Reflection.MethodBase:Invoke (object,object[])
AreaBattle.EditorTools.BattleBuild:ValidateIntegrated () (at Assets/AreaBattle/Editor/BattleBuild.cs:32)
AreaBattle.EditorTools.BattleBuild:ValidateMechanicsOnly () (at Assets/AreaBattle/Editor/BattleBuild.cs:18)

[Assets/AreaBattle/Scripts/RecoveredWayLineVisual.cs line 21]

Instantiating material due to calling renderer.material during edit mode. This will leak materials into the scene. You most likely want to use renderer.sharedMaterial instead.
UnityEngine.Debug:ExtractStackTraceNoAlloc (byte*,int,string)
UnityEngine.StackTraceUtility:ExtractStackTrace () (at /Users/bokken/build/output/unity/unity/Runtime/Export/Scripting/StackTrace.cs:35)
UnityEngine.Renderer:GetMaterial ()
UnityEngine.Renderer:get_material () (at /Users/bokken/build/output/unity/unity/Runtime/Export/Graphics/GraphicsRenderers.bindings.cs:180)
AreaBattle.RecoveredWayLineVisual:Initialize () (at Assets/AreaBattle/Scripts/RecoveredWayLineVisual.cs:33)
AreaBattle.RecoveredWayLineVisual:SetLine (UnityEngine.Vector3,UnityEngine.Vector3,UnityEngine.Color,UnityEngine.Color,bool,bool,single) (at Assets/AreaBattle/Scripts/RecoveredWayLineVisual.cs:56)
AreaBattle.RecoveredWayLineVisual:Synchronize (AreaBattle.LineState,AreaBattle.TowerState,AreaBattle.TowerState,UnityEngine.Color,UnityEngine.Color,single) (at Assets/AreaBattle/Scripts/RecoveredWayLineVisual.cs:46)
AreaBattle.RecoveredWayLineVisual:Synchronize (AreaBattle.LineState,AreaBattle.TowerState,AreaBattle.TowerState,single) (at Assets/AreaBattle/Scripts/RecoveredWayLineVisual.cs:21)
AreaBattle.BattleView:RefreshPresentation () (at Assets/AreaBattle/Scripts/BattleView.cs:566)
AreaBattle.BattleView:AdvanceFrame (single,single) (at Assets/AreaBattle/Scripts/BattleView.cs:374)
AreaBattle.EditorTools.RepresentativeReplayValidation:Advance (AreaBattle.BattleView,single) (at Assets/AreaBattle/Editor/RepresentativeReplayValidation.cs:102)
AreaBattle.EditorTools.RepresentativeReplayValidation:Run () (at Assets/AreaBattle/Editor/RepresentativeReplayValidation.cs:174)
System.Reflection.RuntimeMethodInfo:Invoke (object,System.Reflection.BindingFlags,System.Reflection.Binder,object[],System.Globalization.CultureInfo)
System.Reflection.MethodBase:Invoke (object,object[])
AreaBattle.EditorTools.BattleBuild:ValidateIntegrated () (at Assets/AreaBattle/Editor/BattleBuild.cs:32)
AreaBattle.EditorTools.BattleBuild:ValidateMechanicsOnly () (at Assets/AreaBattle/Editor/BattleBuild.cs:18)

[Assets/AreaBattle/Scripts/RecoveredWayLineVisual.cs line 21]

AREABATTLE_INTEGRATED_PASS cases=1645
UnityEngine.Debug:ExtractStackTraceNoAlloc (byte*,int,string)
UnityEngine.StackTraceUtility:ExtractStackTrace () (at /Users/bokken/build/output/unity/unity/Runtime/Export/Scripting/StackTrace.cs:35)
UnityEngine.DebugLogHandler:Internal_Log (UnityEngine.LogType,UnityEngine.LogOption,string,UnityEngine.Object)
UnityEngine.DebugLogHandler:LogFormat (UnityEngine.LogType,UnityEngine.Object,string,object[])
UnityEngine.Logger:Log (UnityEngine.LogType,object)
UnityEngine.Debug:Log (object)
AreaBattle.EditorTools.BattleBuild:ValidateMechanicsOnly () (at Assets/AreaBattle/Editor/BattleBuild.cs:19)

(Filename: Assets/AreaBattle/Editor/BattleBuild.cs Line: 19)

Request timed out while processing request "https://public-cdn.cloud.unity3d.com/config/production", HTTP error code 0
.[UnityConnect] Request timed out.
Start importing ProjectSettings/TimeManager.asset using Guid(00000000000000007000000000000000) (LibraryAssetImporter) -> (artifact id: '52c307e924e96ceef905bcc2cea85a00') in 0.005797167 seconds
Refreshing native plugins compatible for Editor in 0.00 ms, found 0 plugins.
Preloading 0 native plugins for Editor in 0.00 ms.
Asset Pipeline Refresh (id=609b866c688db4770af0a18bfbbbc67f): Total: 0.031 seconds - Initiated by StopAssetImportingV2(NoUpdateAssetOptions)
Thread 0x16b783000 may have been prematurely finalized
Input System module state changed to: ShutdownInProgress.
Input System polling thread exited.
Input System module state changed to: Shutdown.
[Physics::Module] Cleanup current backend.
[Physics::Module] Id: 0xf2b8ea05
[Licensing::IpcConnector] LicenseClient-mt-notifications channel disconnected successfully.
[Licensing::IpcConnector] LicenseClient-mt channel disconnected successfully.
Thread 0x16bf2b000 may have been prematurely finalized
Thread 0x16bfb7000 may have been prematurely finalized
AcceleratorClientConnectionCallback - disconnected - :0
[40m[32minfo[39m[22m[49m: Microsoft.Hosting.Lifetime[0]
      Application is shutting down...
Cleanup mono
debugger-agent: Unable to listen on 42
[usbmuxd] Stop listen thread
[usbmuxd] Error: 
[usbmuxd] Listen thread exiting
