g HD_pz
v -0.0500573441 0.127430856 -0.0162645951
v -0.0526334085 0.127430856 1.9310809E-08
v -0.0503205582 0.125146464 1.9127782E-08
v -0.0478576943 0.125146464 -0.0155498851
v -0.0425813198 0.127430856 -0.0309371259
v -0.0407101735 0.125146464 -0.0295776632
v -0.0309371483 0.127430856 -0.0425813198
v -0.0295776855 0.125146464 -0.040710181
v -0.0162646212 0.127430856 -0.0500573516
v -0.0155499 0.125146464 -0.0478576943
v 7.15255721E-09 0.127430856 -0.0526334085
v 7.15255721E-09 0.125146464 -0.0503205471
v 0.0162646361 0.127430856 -0.0500573516
v 0.0155499149 0.125146464 -0.0478576943
v 0.0309371818 0.127430856 -0.0425813273
v 0.0295777004 0.125146464 -0.0407101922
v 0.0425813571 0.127430856 -0.0309371389
v 0.0407102108 0.125146464 -0.0295776818
v 0.0500574 0.127430856 -0.016264597
v 0.0478577316 0.125146464 -0.0155498879
v 0.0526334271 0.127430856 2.92075981E-08
v 0.0503205769 0.125146464 2.78974071E-08
v -0.0500573441 0.127430856 -0.0162645951
v -0.0526334085 0.141271099 1.9310809E-08
v -0.0526334085 0.127430856 1.9310809E-08
v -0.0500573441 0.141271099 -0.0162645951
v -0.0425813198 0.127430856 -0.0309371259
v -0.0425813198 0.141271099 -0.0309371259
v -0.0309371483 0.127430856 -0.0425813198
v -0.0309371483 0.141271099 -0.0425813198
v -0.0162646212 0.127430856 -0.0500573516
v -0.0162646212 0.141271099 -0.0500573516
v 7.15255721E-09 0.127430856 -0.0526334085
v 7.15255721E-09 0.141271099 -0.0526334085
v 0.0162646361 0.127430856 -0.0500573516
v 0.0162646361 0.141271099 -0.0500573516
v 0.0309371818 0.127430856 -0.0425813273
v 0.0309371818 0.141271099 -0.0425813273
v 0.0425813571 0.127430856 -0.0309371389
v 0.0425813571 0.141271099 -0.0309371389
v 0.0500574 0.127430856 -0.016264597
v 0.0500574 0.141271099 -0.016264597
v 0.0526334271 0.127430856 2.92075981E-08
v 0.0526334271 0.141271099 2.92075981E-08
v -0.0526334085 0.127430856 1.9310809E-08
v -0.0478576757 0.125146464 0.0155499289
v -0.0503205582 0.125146464 1.9127782E-08
v -0.0500573441 0.127430856 0.0162646417
v -0.0407101735 0.125146464 0.0295777097
v -0.0425813198 0.127430856 0.0309371687
v -0.0295776669 0.125146464 0.0407102108
v -0.0309371296 0.127430856 0.0425813459
v -0.0155498814 0.125146464 0.047857713
v -0.0162646025 0.127430856 0.0500573702
v 7.15255721E-09 0.125146464 0.0503205769
v 7.15255721E-09 0.127430856 0.0526334271
v 0.0155499149 0.125146464 0.047857713
v 0.0162646361 0.127430856 0.0500573702
v 0.0295777004 0.125146464 0.0407102108
v 0.0309371445 0.127430856 0.0425813459
v 0.0407102108 0.125146464 0.0295777004
v 0.0425813571 0.127430856 0.0309371613
v 0.0478576943 0.125146464 0.0155499242
v 0.0500573628 0.127430856 0.0162646342
v 0.0503205769 0.125146464 2.78974071E-08
v 0.0526334271 0.127430856 2.92075981E-08
v -0.045503471 0.146000385 -0.0147849498
v -0.0478451811 0.146000385 1.89318961E-08
v -0.0526334085 0.141271099 1.9310809E-08
v -0.0500573441 0.141271099 -0.0162645951
v -0.0387075543 0.146000385 -0.0281226747
v -0.0425813198 0.141271099 -0.0309371259
v -0.028122684 0.146000385 -0.0387075543
v -0.0309371483 0.141271099 -0.0425813198
v -0.0147849768 0.146000385 -0.045503471
v -0.0162646212 0.141271099 -0.0500573516
v 7.15255721E-09 0.146000385 -0.0478451811
v 7.15255721E-09 0.141271099 -0.0526334085
v 0.0147849917 0.146000385 -0.0455034822
v 0.0162646361 0.141271099 -0.0500573516
v 0.0281227361 0.146000385 -0.038707573
v 0.0309371818 0.141271099 -0.0425813273
v 0.0387076065 0.146000385 -0.028122684
v 0.0425813571 0.141271099 -0.0309371389
v 0.0455035307 0.146000385 -0.0147849582
v 0.0500574 0.141271099 -0.016264597
v 0.0478451811 0.146000385 2.53859742E-08
v 0.0526334271 0.141271099 2.92075981E-08
v -0.0526334085 0.127430856 1.9310809E-08
v -0.0526334085 0.141271099 1.9310809E-08
v -0.0500573441 0.141271099 0.0162646417
v -0.0500573441 0.127430856 0.0162646417
v -0.0425813198 0.141271099 0.0309371687
v -0.0425813198 0.127430856 0.0309371687
v -0.0309371296 0.141271099 0.0425813459
v -0.0309371296 0.127430856 0.0425813459
v -0.0162646025 0.141271099 0.0500573702
v -0.0162646025 0.127430856 0.0500573702
v 7.15255721E-09 0.141271099 0.0526334271
v 7.15255721E-09 0.127430856 0.0526334271
v 0.0162646361 0.141271099 0.0500573702
v 0.0162646361 0.127430856 0.0500573702
v 0.0309371445 0.141271099 0.0425813459
v 0.0309371445 0.127430856 0.0425813459
v 0.0425813571 0.141271099 0.0309371613
v 0.0425813571 0.127430856 0.0309371613
v 0.0500573628 0.141271099 0.0162646342
v 0.0500573628 0.127430856 0.0162646342
v 0.0526334271 0.141271099 2.92075981E-08
v 0.0526334271 0.127430856 2.92075981E-08
v -0.0478451811 0.146000385 1.89318961E-08
v -0.0500573441 0.141271099 0.0162646417
v -0.0526334085 0.141271099 1.9310809E-08
v -0.045503471 0.146000385 0.0147849964
v -0.0425813198 0.141271099 0.0309371687
v -0.0387075543 0.146000385 0.0281227231
v -0.0309371296 0.141271099 0.0425813459
v -0.028122684 0.146000385 0.0387075916
v -0.0162646025 0.141271099 0.0500573702
v -0.0147849582 0.146000385 0.0455035008
v 7.15255721E-09 0.141271099 0.0526334271
v 7.15255721E-09 0.146000385 0.0478451997
v 0.0162646361 0.141271099 0.0500573702
v 0.0147849917 0.146000385 0.0455035008
v 0.0309371445 0.141271099 0.0425813459
v 0.0281226989 0.146000385 0.0387075916
v 0.0425813571 0.141271099 0.0309371613
v 0.0387075692 0.146000385 0.0281227138
v 0.0500573628 0.141271099 0.0162646342
v 0.0455034897 0.146000385 0.0147849889
v 0.0526334271 0.141271099 2.92075981E-08
v 0.0478451811 0.146000385 2.53859742E-08
v -0.0419491269 0.0705745444 1.9310809E-08
v -0.0398960039 0.125146464 -0.0129629774
v -0.0419491269 0.125146464 1.9310809E-08
v -0.0398960039 0.0705745444 -0.0129629774
v -0.0339375623 0.125146464 -0.0246570725
v -0.0433565974 0.0684841275 1.9310809E-08
v -0.0339375623 0.0705745444 -0.0246570725
v -0.0246570706 0.125146464 -0.0339375548
v -0.0412345603 0.0684841275 -0.0133979078
v -0.0246570706 0.0705745444 -0.0339375548
v -0.0129629821 0.125146464 -0.0398960002
v -0.0485529974 0.0652967319 -0.0157758072
v -0.0510516427 0.0652967319 1.9310809E-08
v -0.035076227 0.0684841275 -0.0254843589
v -0.0129629821 0.0705745444 -0.0398960002
v 7.15255721E-09 0.125146464 -0.0419491269
v -0.0628619492 0.056076929 -0.0204250738
v -0.0660969615 0.056076929 1.9310809E-08
v -0.0254843626 0.0684841275 -0.0350762159
v 7.15255721E-09 0.0705745444 -0.0419491269
v 0.0129630156 0.125146464 -0.0398960002
v -0.0133979153 0.0684841275 -0.0412345678
v -0.0300073922 0.0652967319 -0.0413016416
v -0.0413016416 0.0652967319 -0.0300073884
v 0.0129630156 0.0705745444 -0.0398960002
v 0.0246571228 0.125146464 -0.0339375623
v -0.0534735769 0.056076929 -0.0388508141
v -0.0756230652 0.0446170457 -0.0245714039
v -0.0795147792 0.0446170457 1.9310809E-08
v 7.15255721E-09 0.0684841275 -0.0433565974
v 0.0246571228 0.0705745444 -0.0339375623
v 0.0339375958 0.125146464 -0.0246570744
v -0.0388508327 0.056076929 -0.0534735769
v -0.0643288121 0.0446170457 -0.0467376113
v -0.0865220726 0.0311992299 -0.0281127095
v -0.0909746811 0.0311992299 1.9310809E-08
v 0.0133979293 0.0684841275 -0.0412345678
v 0.0339375958 0.0705745444 -0.0246570744
v 0.0398960374 0.125146464 -0.0129629821
v -0.0467376225 0.0446170457 -0.0643288121
v -0.0736000687 0.0311992299 -0.0534735657
v -0.0952906087 0.0161538925 -0.0309617799
v -0.100194484 0.0161538925 1.9310809E-08
v 0.0254843775 0.0684841275 -0.0350762233
v 0.0398960374 0.0705745444 -0.0129629839
v 0.0419491455 0.125146464 1.9310809E-08
v 0.0419491455 0.0705745444 1.9310809E-08
v 0.0350762419 0.0684841275 -0.0254843608
v 0.0412346162 0.0684841275 -0.0133979125
v 0.0433566161 0.0684841275 1.9310809E-08
v 0.0510516614 0.0652967319 1.9310809E-08
v 0.0413016789 0.0652967319 -0.0300073978
v 0.0485530384 0.0652967319 -0.0157758128
v 0.0660969839 0.056076929 1.9310809E-08
v 0.0628620014 0.056076929 -0.0204250813
v 0.0795147941 0.0446170457 1.9310809E-08
v 0.0300074257 0.0652967319 -0.0413016491
v 0.0756231174 0.0446170457 -0.0245714132
v 0.0909746811 0.0311992299 1.9310809E-08
v 0.0534736142 0.056076929 -0.038850829
v 0.0157758594 0.0652967319 -0.0485529974
v 0.0865221322 0.0311992299 -0.0281127188
v 0.100194499 0.0161538925 1.9310809E-08
v 0.0388508476 0.056076929 -0.0534735844
v 0.0643288717 0.0446170457 -0.0467376225
v 7.15255721E-09 0.0652967319 -0.0510516427
v 0.0952906683 0.0161538925 -0.0309617911
v 0.106947161 -0.000148510924 1.9310809E-08
v 0.0736001059 0.0311992299 -0.0534735844
v 0.020425098 0.056076929 -0.0628619641
v 0.0467376597 0.0446170457 -0.0643288344
v -0.0157758258 0.0652967319 -0.04855299
v 0.10171286 -0.000148510924 -0.0330484845
v 0.111066461 -0.0173065569 1.9310809E-08
v 0.0810590982 0.0161538925 -0.0588928498
v 0.0534736142 0.0311992299 -0.0736000836
v 7.15255721E-09 0.056076929 -0.0660969839
v -0.0204250831 0.056076929 -0.0628619641
v 0.0245714448 0.0446170457 -0.0756230727
v 0.105630517 -0.0173065569 -0.0343214162
v 0.11245089 -0.0348977409 1.9310809E-08
v 0.0865221322 -0.000148510924 -0.0628619716
v -0.0245714299 0.0446170457 -0.0756230652
v 7.15255721E-09 0.0446170457 -0.079514809
v 0.028112743 0.0311992299 -0.0865220875
v 0.0588928871 0.0161538925 -0.081059061
v 0.106947236 -0.0348977409 -0.0347492322
v 0.111066461 -0.0524889268 1.9310809E-08
v 7.15255721E-09 0.0311992299 -0.0909747034
v -0.0281127281 0.0311992299 -0.08652208
v 0.0898546875 -0.0173065569 -0.0652832314
v 0.0309618246 0.0161538925 -0.0952906311
v 0.0628620014 -0.000148510924 -0.0865220875
v 0.105630517 -0.0524889268 -0.0343214162
v 0.106947161 -0.0696469694 1.9310809E-08
v 7.15255721E-09 0.0161538925 -0.100194499
v -0.0534735769 0.0311992299 -0.0736000687
v 0.0909747556 -0.0348977409 -0.0660969913
v 0.0330485031 -0.000148510924 -0.101712823
v 0.0652832687 -0.0173065569 -0.0898546651
v -0.0309617911 0.0161538925 -0.0952906311
v -0.0588928312 0.0161538925 -0.0810590461
v 7.15255721E-09 -0.000148510924 -0.106947184
v 0.0343214273 -0.0173065569 -0.105630487
v 0.0660970211 -0.0348977409 -0.0909747109
v -0.0330484882 -0.000148510924 -0.101712815
v -0.0810590461 0.0161538925 -0.0588928312
v 7.15255721E-09 -0.0173065569 -0.111066461
v -0.0628619641 -0.000148510924 -0.08652208
v -0.0865220726 -0.000148510924 -0.0628619567
v -0.0343214162 -0.0173065569 -0.10563048
v 0.0347492471 -0.0348977409 -0.106947184
v -0.101712808 -0.000148510924 -0.033048477
v -0.106947161 -0.000148510924 1.9310809E-08
v -0.0652832091 -0.0173065569 -0.0898546353
v 7.15255721E-09 -0.0348977409 -0.11245092
v -0.105630465 -0.0173065569 -0.0343214013
v -0.111066446 -0.0173065569 1.9310809E-08
v -0.0898546502 -0.0173065569 -0.0652832091
v -0.0347492322 -0.0348977409 -0.106947184
v -0.106947161 -0.0348977409 -0.0347492248
v -0.11245089 -0.0348977409 1.9310809E-08
v -0.0909747034 -0.0348977409 -0.0660969689
v -0.0660969839 -0.0348977409 -0.0909746885
v -0.105630465 -0.0524889268 -0.0343214013
v -0.111066446 -0.0524889268 1.9310809E-08
v -0.0898546502 -0.0524889268 -0.0652832091
v -0.0652832091 -0.0524889268 -0.0898546353
v -0.0343214162 -0.0524889268 -0.10563048
v 7.15255721E-09 -0.0524889268 -0.111066461
v -0.101712808 -0.0696469694 -0.033048477
v -0.106947161 -0.0696469694 1.9310809E-08
v -0.0865220726 -0.0696469694 -0.0628619567
v -0.0628619641 -0.0696469694 -0.08652208
v -0.0330484882 -0.0696469694 -0.101712815
v -0.0952906087 -0.0859493837 -0.0309617799
v -0.100194484 -0.0859493837 1.9310809E-08
v -0.0810590461 -0.0859493837 -0.0588928312
v -0.0588928312 -0.0859493837 -0.0810590461
v -0.0865220726 -0.100994721 -0.0281127095
v -0.0909746811 -0.100994721 1.9310809E-08
v -0.0736000687 -0.100994721 -0.0534735657
v -0.0756230652 -0.114412531 -0.0245714039
v -0.0795147792 -0.114412531 1.9310809E-08
v 7.15255721E-09 -0.0696469694 -0.106947184
v -0.0309617911 -0.0859493837 -0.0952906311
v -0.0534735769 -0.100994721 -0.0736000687
v -0.0643288121 -0.114412531 -0.0467376113
v -0.0628619492 -0.125872418 -0.0204250738
v -0.0660969615 -0.125872418 1.9310809E-08
v 7.15255721E-09 -0.0859493837 -0.100194499
v -0.0281127281 -0.100994721 -0.08652208
v -0.0467376225 -0.114412531 -0.0643288121
v -0.0534735769 -0.125872418 -0.0388508141
v -0.0485529974 -0.135092214 -0.0157758072
v -0.0510516427 -0.135092214 1.9310809E-08
v 7.15255721E-09 -0.100994721 -0.0909747034
v -0.0245714299 -0.114412531 -0.0756230652
v -0.0388508327 -0.125872418 -0.0534735769
v -0.0413016416 -0.135092214 -0.0300073884
v -0.0330484882 -0.141844898 -0.0107380878
v -0.0347492322 -0.141844898 1.9310809E-08
v 7.15255721E-09 -0.114412531 -0.079514809
v -0.0204250831 -0.125872418 -0.0628619641
v -0.0300073922 -0.135092214 -0.0413016416
v -0.0281127281 -0.141844898 -0.0204250738
v -0.0167302061 -0.145964175 -0.00543596083
v -0.0175911821 -0.145964175 1.9310809E-08
v 7.15255721E-09 -0.147348627 1.9310809E-08
v -0.0142315598 -0.145964175 -0.0103398282
v -0.010339844 -0.145964175 -0.0142315626
v -0.0204250831 -0.141844898 -0.0281127114
v -0.0157758258 -0.135092214 -0.04855299
v -0.00543597434 -0.145964175 -0.0167302098
v -0.0107380981 -0.141844898 -0.0330484807
v 7.15255721E-09 -0.145964175 -0.017591184
v 7.15255721E-09 -0.141844898 -0.0347492322
v 7.15255721E-09 -0.135092214 -0.0510516427
v 0.00543600786 -0.145964175 -0.0167302117
v 0.0107381316 -0.141844898 -0.0330484845
v 7.15255721E-09 -0.125872418 -0.0660969839
v 0.0157758594 -0.135092214 -0.0485529974
v 0.0103398776 -0.145964175 -0.0142315654
v 0.020425098 -0.125872418 -0.0628619641
v 0.020425098 -0.141844898 -0.0281127188
v 0.0142315933 -0.145964175 -0.0103398319
v 0.0300074257 -0.135092214 -0.0413016491
v 0.0245714448 -0.114412531 -0.0756230727
v 0.0167302582 -0.145964175 -0.0054359627
v 0.017591197 -0.145964175 1.9310809E-08
v 0.028112743 -0.141844898 -0.0204250813
v 0.0330485031 -0.141844898 -0.0107380915
v 0.0347492471 -0.141844898 1.9310809E-08
v 0.0388508476 -0.125872418 -0.0534735844
v 0.0413016789 -0.135092214 -0.0300073978
v 0.0485530384 -0.135092214 -0.0157758128
v 0.0510516614 -0.135092214 1.9310809E-08
v 0.0534736142 -0.125872418 -0.038850829
v 0.0628620014 -0.125872418 -0.0204250813
v 0.0660969839 -0.125872418 1.9310809E-08
v 0.0467376597 -0.114412531 -0.0643288344
v 0.0756231174 -0.114412531 -0.0245714132
v 0.0795147941 -0.114412531 1.9310809E-08
v 0.0643288717 -0.114412531 -0.0467376225
v 0.028112743 -0.100994721 -0.0865220875
v 0.0865221322 -0.100994721 -0.0281127188
v 0.0909746811 -0.100994721 1.9310809E-08
v 0.0736001059 -0.100994721 -0.0534735844
v 0.0534736142 -0.100994721 -0.0736000836
v 0.0309618246 -0.0859493837 -0.0952906311
v 0.0952906683 -0.0859493837 -0.0309617911
v 0.100194499 -0.0859493837 1.9310809E-08
v 0.0810590982 -0.0859493837 -0.0588928498
v 0.0588928871 -0.0859493837 -0.081059061
v 0.0330485031 -0.0696469694 -0.101712823
v 0.10171286 -0.0696469694 -0.0330484845
v 0.0865221322 -0.0696469694 -0.0628619716
v 0.0628620014 -0.0696469694 -0.0865220875
v 0.0343214273 -0.0524889268 -0.105630487
v 0.0898546875 -0.0524889268 -0.0652832314
v 0.0652832687 -0.0524889268 -0.0898546651
v 0.0419491455 0.0705745444 1.9310809E-08
v 0.0398960002 0.125146464 0.0129630156
v 0.0419491455 0.125146464 1.9310809E-08
v 0.0398960002 0.0705745444 0.0129630147
v 0.0433566161 0.0684841275 1.9310809E-08
v 0.0339375548 0.125146464 0.0246571004
v 0.0412345789 0.0684841275 0.0133979432
v 0.0510516614 0.0652967319 1.9310809E-08
v 0.0339375548 0.0705745444 0.0246570986
v 0.0246570837 0.125146464 0.0339375846
v 0.0246570837 0.0705745444 0.0339375846
v 0.0129630156 0.125146464 0.0398960225
v 0.0350762419 0.0684841275 0.0254843868
v 0.0129630156 0.0705745444 0.0398960225
v 7.15255721E-09 0.125146464 0.0419491567
v 0.0254843775 0.0684841275 0.0350762494
v 7.15255721E-09 0.0705745444 0.0419491567
v -0.0129629821 0.125146464 0.0398960225
v 0.0133979293 0.0684841275 0.0412345976
v 0.0300074257 0.0652967319 0.0413016677
v 0.0413016789 0.0652967319 0.030007422
v -0.0129629821 0.0705745444 0.0398960225
v -0.0246570706 0.125146464 0.0339375846
v 7.15255721E-09 0.0684841275 0.0433566161
v -0.0246570706 0.0705745444 0.0339375846
v -0.0339375623 0.125146464 0.0246571042
v -0.0133979153 0.0684841275 0.0412345976
v 7.15255721E-09 0.0652967319 0.0510516614
v -0.0339375623 0.0705745444 0.0246571042
v -0.0398960039 0.125146464 0.0129630156
v 0.0485529974 0.0652967319 0.0157758426
v 0.0628619641 0.056076929 0.0204251073
v 0.0660969839 0.056076929 1.9310809E-08
v 0.0534735769 0.056076929 0.0388508476
v 0.0756230801 0.0446170457 0.0245714393
v 0.0795147941 0.0446170457 1.9310809E-08
v -0.0254843626 0.0684841275 0.0350762494
v -0.0398960039 0.0705745444 0.0129630156
v -0.0419491269 0.125146464 1.9310809E-08
v -0.0419491269 0.0705745444 1.9310809E-08
v -0.0350762084 0.0684841275 0.0254843906
v -0.0412345603 0.0684841275 0.013397946
v -0.0433565974 0.0684841275 1.9310809E-08
v -0.0510516427 0.0652967319 1.9310809E-08
v -0.0485529974 0.0652967319 0.0157758445
v -0.0660969615 0.056076929 1.9310809E-08
v -0.0300073922 0.0652967319 0.0413016677
v -0.0628619492 0.056076929 0.0204251111
v -0.0795147792 0.0446170457 1.9310809E-08
v -0.041301623 0.0652967319 0.030007422
v -0.0756230652 0.0446170457 0.0245714448
v -0.0909746811 0.0311992299 1.9310809E-08
v -0.0534735769 0.056076929 0.0388508514
v -0.0157758072 0.0652967319 0.048553016
v -0.0865220726 0.0311992299 0.0281127468
v -0.100194484 0.0161538925 1.9310809E-08
v -0.0643288121 0.0446170457 0.0467376411
v -0.0388508141 0.056076929 0.0534736067
v -0.0952906087 0.0161538925 0.0309618209
v -0.106947161 -0.000148510924 1.9310809E-08
v -0.0204250831 0.056076929 0.0628619716
v -0.0736000538 0.0311992299 0.0534736067
v -0.0467376038 0.0446170457 0.0643288419
v -0.101712808 -0.000148510924 0.033048518
v -0.111066446 -0.0173065569 1.9310809E-08
v -0.0810590461 0.0161538925 0.0588928685
v -0.0534735769 0.0311992299 0.073600091
v -0.0245714113 0.0446170457 0.0756230801
v 7.15255721E-09 0.056076929 0.0660969913
v -0.105630465 -0.0173065569 0.0343214422
v -0.11245089 -0.0348977409 1.9310809E-08
v -0.0865220726 -0.000148510924 0.0628619865
v -0.0588928312 0.0161538925 0.081059061
v -0.0281127095 0.0311992299 0.08652208
v -0.106947161 -0.0348977409 0.034749262
v -0.111066446 -0.0524889268 1.9310809E-08
v -0.0898546278 -0.0173065569 0.0652832389
v -0.0628619492 -0.000148510924 0.0865220875
v -0.105630465 -0.0524889268 0.0343214422
v -0.106947161 -0.0696469694 1.9310809E-08
v -0.0909746811 -0.0348977409 0.0660969988
v -0.101712808 -0.0696469694 0.033048518
v -0.100194484 -0.0859493837 1.9310809E-08
v 7.15255721E-09 0.0446170457 0.079514809
v -0.0309617911 0.0161538925 0.0952906385
v -0.0652832091 -0.0173065569 0.0898546576
v -0.0898546278 -0.0524889268 0.0652832389
v -0.0952906087 -0.0859493837 0.0309618209
v -0.0909746811 -0.100994721 1.9310809E-08
v 7.15255721E-09 0.0311992299 0.0909747109
v -0.0330484882 -0.000148510924 0.101712815
v -0.0660969615 -0.0348977409 0.0909747109
v -0.0865220726 -0.0696469694 0.0628619865
v -0.0865220726 -0.100994721 0.0281127468
v -0.0795147792 -0.114412531 1.9310809E-08
v 7.15255721E-09 0.0161538925 0.100194499
v -0.0343214162 -0.0173065569 0.10563048
v -0.0652832091 -0.0524889268 0.0898546576
v -0.0810590461 -0.0859493837 0.0588928685
v -0.0756230652 -0.114412531 0.0245714448
v -0.0660969615 -0.125872418 1.9310809E-08
v 7.15255721E-09 -0.000148510924 0.106947184
v -0.0347492322 -0.0348977409 0.106947184
v -0.0628619492 -0.0696469694 0.0865220875
v -0.0736000538 -0.100994721 0.0534736067
v -0.0628619492 -0.125872418 0.0204251111
v -0.0510516427 -0.135092214 1.9310809E-08
v 7.15255721E-09 -0.0173065569 0.111066461
v -0.0343214162 -0.0524889268 0.10563048
v -0.0588928312 -0.0859493837 0.081059061
v -0.0643288121 -0.114412531 0.0467376411
v -0.0485529974 -0.135092214 0.0157758445
v -0.0347492322 -0.141844898 1.9310809E-08
v 7.15255721E-09 -0.0348977409 0.112450913
v -0.0330484882 -0.0696469694 0.101712815
v -0.0534735769 -0.100994721 0.073600091
v -0.0534735769 -0.125872418 0.0388508514
v -0.0330484882 -0.141844898 0.010738126
v -0.0175911821 -0.145964175 1.9310809E-08
v 7.15255721E-09 -0.0524889268 0.111066461
v -0.0309617911 -0.0859493837 0.0952906385
v -0.0467376038 -0.114412531 0.0643288419
v -0.041301623 -0.135092214 0.030007422
v -0.0167302061 -0.145964175 0.00543599948
v 7.15255721E-09 -0.147348627 1.9310809E-08
v -0.0142315598 -0.145964175 0.0103398655
v -0.0103398245 -0.145964175 0.014231598
v -0.0281127095 -0.141844898 0.0204251111
v -0.0388508141 -0.125872418 0.0534736067
v -0.0281127095 -0.100994721 0.08652208
v -0.0204250831 -0.141844898 0.0281127468
v -0.0300073922 -0.135092214 0.0413016677
v -0.0245714113 -0.114412531 0.0756230801
v -0.0204250831 -0.125872418 0.0628619716
v -0.0157758072 -0.135092214 0.048553016
v -0.0107380981 -0.141844898 0.0330485106
v -0.00543597434 -0.145964175 0.0167302433
v 7.15255721E-09 -0.0859493837 0.100194499
v 7.15255721E-09 -0.100994721 0.0909747109
v 7.15255721E-09 -0.114412531 0.079514809
v 7.15255721E-09 -0.125872418 0.0660969913
v 7.15255721E-09 -0.135092214 0.0510516614
v 7.15255721E-09 -0.141844898 0.0347492583
v 7.15255721E-09 -0.145964175 0.0175912157
v 7.15255721E-09 -0.0696469694 0.106947184
v 0.028112743 -0.100994721 0.08652208
v 0.0245714448 -0.114412531 0.0756230801
v 0.020425098 -0.125872418 0.0628619716
v 0.0157758202 -0.135092214 0.048553016
v 0.0107381316 -0.141844898 0.0330485068
v 0.0309617873 -0.0859493837 0.0952906311
v 0.0330485031 -0.0696469694 0.101712808
v 0.0343214273 -0.0524889268 0.10563048
v 0.00543600786 -0.145964175 0.0167302396
v 0.0347492471 -0.0348977409 0.106947169
v 0.0343214273 -0.0173065569 0.10563048
v 0.0330485031 -0.000148510924 0.101712808
v 0.0309617873 0.0161538925 0.0952906311
v 0.028112743 0.0311992299 0.08652208
v 0.0245714448 0.0446170457 0.0756230801
v 0.020425098 0.056076929 0.0628619716
v 0.0157758202 0.0652967319 0.048553016
v 0.0388508476 0.056076929 0.0534735955
v 0.0467376225 0.0446170457 0.0643288344
v 0.0534735769 0.0311992299 0.0736000836
v 0.0643288344 0.0446170457 0.0467376411
v 0.0588928498 0.0161538925 0.0810590535
v 0.0736000687 0.0311992299 0.0534735955
v 0.0628619641 -0.000148510924 0.08652208
v 0.0865220875 0.0311992299 0.0281127393
v 0.0909746811 0.0311992299 1.9310809E-08
v 0.081059061 0.0161538925 0.0588928573
v 0.0952906311 0.0161538925 0.0309618153
v 0.100194499 0.0161538925 1.9310809E-08
v 0.0652832314 -0.0173065569 0.0898546502
v 0.0865220875 -0.000148510924 0.0628619716
v 0.101712786 -0.000148510924 0.0330485068
v 0.106947161 -0.000148510924 1.9310809E-08
v 0.0660969839 -0.0348977409 0.0909747034
v 0.0898546502 -0.0173065569 0.0652832314
v 0.10563048 -0.0173065569 0.0343214348
v 0.111066461 -0.0173065569 1.9310809E-08
v 0.0652832314 -0.0524889268 0.0898546502
v 0.0909746811 -0.0348977409 0.0660969913
v 0.106947161 -0.0348977409 0.0347492509
v 0.11245089 -0.0348977409 1.9310809E-08
v 0.0628619641 -0.0696469694 0.08652208
v 0.0898546502 -0.0524889268 0.0652832314
v 0.10563048 -0.0524889268 0.0343214348
v 0.111066461 -0.0524889268 1.9310809E-08
v 0.0588928498 -0.0859493837 0.0810590535
v 0.0865220875 -0.0696469694 0.0628619716
v 0.101712786 -0.0696469694 0.0330485068
v 0.106947161 -0.0696469694 1.9310809E-08
v 0.0534735769 -0.100994721 0.0736000836
v 0.081059061 -0.0859493837 0.0588928573
v 0.0952906311 -0.0859493837 0.0309618153
v 0.100194499 -0.0859493837 1.9310809E-08
v 0.0467376225 -0.114412531 0.0643288344
v 0.0736000687 -0.100994721 0.0534735955
v 0.0865220875 -0.100994721 0.0281127393
v 0.0909746811 -0.100994721 1.9310809E-08
v 0.0388508476 -0.125872418 0.0534735955
v 0.0643288344 -0.114412531 0.0467376411
v 0.0756230801 -0.114412531 0.0245714393
v 0.0795147941 -0.114412531 1.9310809E-08
v 0.0300074257 -0.135092214 0.0413016677
v 0.0534735769 -0.125872418 0.0388508476
v 0.0628619641 -0.125872418 0.0204251073
v 0.0660969839 -0.125872418 1.9310809E-08
v 0.020425098 -0.141844898 0.0281127449
v 0.0413016789 -0.135092214 0.030007422
v 0.0485529974 -0.135092214 0.0157758426
v 0.0510516614 -0.135092214 1.9310809E-08
v 0.0103398394 -0.145964175 0.0142315952
v 0.028112743 -0.141844898 0.0204251092
v 0.0330485031 -0.141844898 0.0107381232
v 0.0347492471 -0.141844898 1.9310809E-08
v 0.0142315933 -0.145964175 0.0103398655
v 0.0167302191 -0.145964175 0.00543599762
v 0.017591197 -0.145964175 1.9310809E-08
v -0.0351428352 0.143895224 -0.0114185764
v -0.0369513445 0.143895224 1.72594259E-08
v -0.0391972847 0.146000385 1.7167741E-08
v -0.0372788161 0.146000385 -0.0121126054
v -0.0298942681 0.143895224 -0.0217194427
v -0.0317112654 0.146000385 -0.0230395645
v -0.0217194483 0.143895224 -0.0298942663
v -0.0230395813 0.146000385 -0.0317112543
v -0.0114185829 0.143895224 -0.0351428203
v -0.0121126296 0.146000385 -0.0372788236
v 7.15255721E-09 0.143895224 -0.0369513482
v 7.15255721E-09 0.146000385 -0.0391972698
v 0.0114185978 0.143895224 -0.0351428315
v 0.0121126436 0.146000385 -0.0372788347
v 0.0217195004 0.143895224 -0.0298942775
v 0.0230396148 0.146000385 -0.0317112692
v 0.0298943203 0.143895224 -0.0217194501
v 0.031711299 0.146000385 -0.0230395719
v 0.0351428464 0.143895224 -0.0114185819
v 0.0372788496 0.146000385 -0.0121126091
v 0.0369513556 0.143895224 2.22439791E-08
v 0.0391972996 0.146000385 2.47470275E-08
v -0.0369513445 0.143895224 1.72594259E-08
v -0.0372788347 0.146000385 0.0121126454
v -0.0391972847 0.146000385 1.7167741E-08
v -0.0351428352 0.143895224 0.0114186164
v -0.0317112654 0.146000385 0.0230396073
v -0.0298942681 0.143895224 0.0217194855
v -0.0230395626 0.146000385 0.0317112878
v -0.0217194483 0.143895224 0.0298942961
v -0.01211261 0.146000385 0.0372788534
v -0.0114185829 0.143895224 0.0351428501
v 7.15255721E-09 0.146000385 0.0391972922
v 7.15255721E-09 0.143895224 0.0369513705
v 0.0121126436 0.146000385 0.0372788534
v 0.0114185978 0.143895224 0.0351428501
v 0.0230395757 0.146000385 0.0317112878
v 0.0217194632 0.143895224 0.0298942961
v 0.0317112617 0.146000385 0.0230395999
v 0.029894283 0.143895224 0.0217194799
v 0.0372788496 0.146000385 0.0121126361
v 0.0351428464 0.143895224 0.011418608
v 0.0391972996 0.146000385 2.47470275E-08
v 0.0369513556 0.143895224 2.22439791E-08
v -0.0332713611 0.164844394 -0.0108105009
v -0.0349835902 0.164844394 1.73397563E-08
v -0.0369513445 0.16290085 1.72594259E-08
v -0.0351428352 0.16290085 -0.0114185764
v -0.0283023193 0.164844394 -0.0205628183
v -0.0298942681 0.16290085 -0.0217194427
v -0.0205628313 0.164844394 -0.0283023063
v -0.0217194483 0.16290085 -0.0298942663
v -0.0108105205 0.164844394 -0.0332713574
v -0.0114185829 0.16290085 -0.0351428203
v 7.15255721E-09 0.164844394 -0.0349835791
v 7.15255721E-09 0.16290085 -0.0369513482
v 0.0108105345 0.164844394 -0.0332713723
v 0.0114185978 0.16290085 -0.0351428315
v 0.0205628462 0.164844394 -0.0283023193
v 0.0217195004 0.16290085 -0.0298942775
v 0.0283023324 0.164844394 -0.0205628276
v 0.0298943203 0.16290085 -0.0217194501
v 0.0332713947 0.164844394 -0.0108105093
v 0.0351428464 0.16290085 -0.0114185819
v 0.0349835828 0.164844394 2.00509334E-08
v 0.0369513556 0.16290085 2.22439791E-08
v -0.0349835902 0.164844394 1.73397563E-08
v -0.0351428352 0.16290085 0.0114186164
v -0.0369513445 0.16290085 1.72594259E-08
v -0.0332713611 0.164844394 0.0108105419
v -0.0298942681 0.16290085 0.0217194855
v -0.0283023193 0.164844394 0.0205628574
v -0.0217194483 0.16290085 0.0298942961
v -0.0205628313 0.164844394 0.028302338
v -0.0114185829 0.16290085 0.0351428501
v -0.0108105009 0.164844394 0.0332713909
v 7.15255721E-09 0.16290085 0.0369513705
v 7.15255721E-09 0.164844394 0.0349836014
v 0.0114185978 0.16290085 0.0351428501
v 0.0108105345 0.164844394 0.0332713909
v 0.0217194632 0.16290085 0.0298942961
v 0.0205628462 0.164844394 0.0283023398
v 0.029894283 0.16290085 0.0217194799
v 0.0283023324 0.164844394 0.0205628555
v 0.0351428464 0.16290085 0.011418608
v 0.0332713574 0.164844394 0.0108105345
v 0.0369513556 0.16290085 2.22439791E-08
v 0.0349835828 0.164844394 2.00509334E-08
v -0.0351428352 0.143895224 -0.0114185764
v -0.0369513445 0.16290085 1.72594259E-08
v -0.0369513445 0.143895224 1.72594259E-08
v -0.0351428352 0.16290085 -0.0114185764
v -0.0298942681 0.143895224 -0.0217194427
v -0.0298942681 0.16290085 -0.0217194427
v -0.0217194483 0.143895224 -0.0298942663
v -0.0217194483 0.16290085 -0.0298942663
v -0.0114185829 0.143895224 -0.0351428203
v -0.0114185829 0.16290085 -0.0351428203
v 7.15255721E-09 0.143895224 -0.0369513482
v 7.15255721E-09 0.16290085 -0.0369513482
v 0.0114185978 0.143895224 -0.0351428315
v 0.0114185978 0.16290085 -0.0351428315
v 0.0217195004 0.143895224 -0.0298942775
v 0.0217195004 0.16290085 -0.0298942775
v 0.0298943203 0.143895224 -0.0217194501
v 0.0298943203 0.16290085 -0.0217194501
v 0.0351428464 0.143895224 -0.0114185819
v 0.0351428464 0.16290085 -0.0114185819
v 0.0369513556 0.143895224 2.22439791E-08
v 0.0369513556 0.16290085 2.22439791E-08
v -0.0369513445 0.143895224 1.72594259E-08
v -0.0369513445 0.16290085 1.72594259E-08
v -0.0351428352 0.16290085 0.0114186164
v -0.0351428352 0.143895224 0.0114186164
v -0.0298942681 0.16290085 0.0217194855
v -0.0298942681 0.143895224 0.0217194855
v -0.0217194483 0.16290085 0.0298942961
v -0.0217194483 0.143895224 0.0298942961
v -0.0114185829 0.16290085 0.0351428501
v -0.0114185829 0.143895224 0.0351428501
v 7.15255721E-09 0.16290085 0.0369513705
v 7.15255721E-09 0.143895224 0.0369513705
v 0.0114185978 0.16290085 0.0351428501
v 0.0114185978 0.143895224 0.0351428501
v 0.0217194632 0.16290085 0.0298942961
v 0.0217194632 0.143895224 0.0298942961
v 0.029894283 0.16290085 0.0217194799
v 0.029894283 0.143895224 0.0217194799
v 0.0351428464 0.16290085 0.011418608
v 0.0351428464 0.143895224 0.011418608
v 0.0369513556 0.16290085 2.22439791E-08
v 0.0369513556 0.143895224 2.22439791E-08
v 7.15255721E-09 0.164844394 1.75520647E-08
v 0.0205628462 0.164844394 0.0283023398
v 0.0108105345 0.164844394 0.0332713909
v 7.15255721E-09 0.164844394 0.0349836014
v 0.0283023324 0.164844394 0.0205628555
v -0.0108105009 0.164844394 0.0332713909
v 0.0332713574 0.164844394 0.0108105345
v -0.0205628313 0.164844394 0.028302338
v 0.0349835828 0.164844394 2.00509334E-08
v -0.0283023193 0.164844394 0.0205628574
v 0.0332713947 0.164844394 -0.0108105093
v -0.0332713611 0.164844394 0.0108105419
v 0.0283023324 0.164844394 -0.0205628276
v -0.0349835902 0.164844394 1.73397563E-08
v 0.0205628462 0.164844394 -0.0283023193
v -0.0332713611 0.164844394 -0.0108105009
v 0.0108105345 0.164844394 -0.0332713723
v -0.0283023193 0.164844394 -0.0205628183
v 7.15255721E-09 0.164844394 -0.0349835791
v -0.0205628313 0.164844394 -0.0283023063
v -0.0108105205 0.164844394 -0.0332713574
v 0.0147849917 0.146000385 0.0455035008
v 0.0230395757 0.146000385 0.0317112878
v 0.0281226989 0.146000385 0.0387075916
v 0.0121126436 0.146000385 0.0372788534
v 0.0317112617 0.146000385 0.0230395999
v 7.15255721E-09 0.146000385 0.0478451997
v 0.0387075692 0.146000385 0.0281227138
v 7.15255721E-09 0.146000385 0.0391972922
v 0.0372788496 0.146000385 0.0121126361
v -0.0147849582 0.146000385 0.0455035008
v 0.0455034897 0.146000385 0.0147849889
v -0.01211261 0.146000385 0.0372788534
v 0.0391972996 0.146000385 2.47470275E-08
v -0.028122684 0.146000385 0.0387075916
v 0.0478451811 0.146000385 2.53859742E-08
v -0.0230395626 0.146000385 0.0317112878
v 0.0372788496 0.146000385 -0.0121126091
v -0.0387075543 0.146000385 0.0281227231
v 0.0455035307 0.146000385 -0.0147849582
v -0.0317112654 0.146000385 0.0230396073
v 0.031711299 0.146000385 -0.0230395719
v -0.045503471 0.146000385 0.0147849964
v 0.0387076065 0.146000385 -0.028122684
v -0.0372788347 0.146000385 0.0121126454
v 0.0230396148 0.146000385 -0.0317112692
v -0.0478451811 0.146000385 1.89318961E-08
v 0.0281227361 0.146000385 -0.038707573
v -0.0391972847 0.146000385 1.7167741E-08
v 0.0121126436 0.146000385 -0.0372788347
v -0.045503471 0.146000385 -0.0147849498
v 0.0147849917 0.146000385 -0.0455034822
v -0.0372788161 0.146000385 -0.0121126054
v 7.15255721E-09 0.146000385 -0.0391972698
v -0.0387075543 0.146000385 -0.0281226747
v 7.15255721E-09 0.146000385 -0.0478451811
v -0.0317112654 0.146000385 -0.0230395645
v -0.0121126296 0.146000385 -0.0372788236
v -0.028122684 0.146000385 -0.0387075543
v -0.0147849768 0.146000385 -0.045503471
v -0.0230395813 0.146000385 -0.0317112543
v -0.0398960039 0.125146464 0.0129630156
v -0.0478576757 0.125146464 0.0155499289
v -0.0407101735 0.125146464 0.0295777097
v -0.0419491269 0.125146464 1.9310809E-08
v -0.0339375623 0.125146464 0.0246571042
v -0.0503205582 0.125146464 1.9127782E-08
v -0.0295776669 0.125146464 0.0407102108
v -0.0398960039 0.125146464 -0.0129629774
v -0.0246570706 0.125146464 0.0339375846
v -0.0478576943 0.125146464 -0.0155498851
v -0.0155498814 0.125146464 0.047857713
v -0.0339375623 0.125146464 -0.0246570725
v -0.0129629821 0.125146464 0.0398960225
v -0.0407101735 0.125146464 -0.0295776632
v 7.15255721E-09 0.125146464 0.0503205769
v -0.0246570706 0.125146464 -0.0339375548
v 7.15255721E-09 0.125146464 0.0419491567
v -0.0295776855 0.125146464 -0.040710181
v 0.0155499149 0.125146464 0.047857713
v -0.0129629821 0.125146464 -0.0398960002
v 0.0129630156 0.125146464 0.0398960225
v -0.0155499 0.125146464 -0.0478576943
v 0.0295777004 0.125146464 0.0407102108
v 7.15255721E-09 0.125146464 -0.0419491269
v 0.0246570837 0.125146464 0.0339375846
v 7.15255721E-09 0.125146464 -0.0503205471
v 0.0407102108 0.125146464 0.0295777004
v 0.0129630156 0.125146464 -0.0398960002
v 0.0339375548 0.125146464 0.0246571004
v 0.0155499149 0.125146464 -0.0478576943
v 0.0478576943 0.125146464 0.0155499242
v 0.0246571228 0.125146464 -0.0339375623
v 0.0398960002 0.125146464 0.0129630156
v 0.0295777004 0.125146464 -0.0407101922
v 0.0503205769 0.125146464 2.78974071E-08
v 0.0339375958 0.125146464 -0.0246570744
v 0.0419491455 0.125146464 1.9310809E-08
v 0.0407102108 0.125146464 -0.0295776818
v 0.0478577316 0.125146464 -0.0155498879
v 0.0398960374 0.125146464 -0.0129629821
vt 0.172614947 0.970680833
vt 0.171989992 0.970680833
vt 0.172551081 0.968462169
vt 0.173148572 0.968462169
vt 0.174428582 0.970680833
vt 0.174882516 0.968462169
vt 0.17725341 0.970680833
vt 0.177583203 0.968462169
vt 0.180812895 0.970680833
vt 0.180986315 0.968462169
vt 0.184758604 0.970680833
vt 0.184758604 0.968462169
vt 0.188704371 0.970680833
vt 0.188530952 0.968462169
vt 0.192263842 0.970680833
vt 0.191934019 0.968462169
vt 0.195088655 0.970680833
vt 0.194634765 0.968462169
vt 0.196902335 0.970680833
vt 0.196368694 0.968462169
vt 0.19752717 0.970680833
vt 0.196966171 0.968462169
vt 0.172614947 0.970680833
vt 0.171989992 0.984123111
vt 0.171989992 0.970680833
vt 0.172614947 0.984123111
vt 0.174428582 0.970680833
vt 0.174428582 0.984123111
vt 0.17725341 0.970680833
vt 0.17725341 0.984123111
vt 0.180812895 0.970680833
vt 0.180812895 0.984123111
vt 0.184758604 0.970680833
vt 0.184758604 0.984123111
vt 0.188704371 0.970680833
vt 0.188704371 0.984123111
vt 0.192263842 0.970680833
vt 0.192263842 0.984123111
vt 0.195088655 0.970680833
vt 0.195088655 0.984123111
vt 0.196902335 0.970680833
vt 0.196902335 0.984123111
vt 0.19752717 0.970680833
vt 0.19752717 0.984123111
vt 0.171989992 0.970680833
vt 0.173148572 0.968462169
vt 0.172551081 0.968462169
vt 0.172614947 0.970680833
vt 0.174882516 0.968462169
vt 0.174428582 0.970680833
vt 0.177583218 0.968462169
vt 0.17725341 0.970680833
vt 0.180986315 0.968462169
vt 0.180812895 0.970680833
vt 0.184758604 0.968462169
vt 0.184758604 0.970680833
vt 0.188530952 0.968462169
vt 0.188704371 0.970680833
vt 0.191934019 0.968462169
vt 0.192263842 0.970680833
vt 0.194634765 0.968462169
vt 0.195088655 0.970680833
vt 0.196368694 0.968462169
vt 0.196902335 0.970680833
vt 0.196966171 0.968462169
vt 0.19752717 0.970680833
vt 0.173719674 0.988716424
vt 0.173151597 0.988716424
vt 0.171989992 0.984123111
vt 0.172614947 0.984123111
vt 0.175368339 0.988716424
vt 0.174428582 0.984123111
vt 0.177936181 0.988716424
vt 0.17725341 0.984123111
vt 0.181171864 0.988716424
vt 0.180812895 0.984123111
vt 0.184758604 0.988716424
vt 0.184758604 0.984123111
vt 0.188345402 0.988716424
vt 0.188704371 0.984123111
vt 0.1915811 0.988716424
vt 0.192263842 0.984123111
vt 0.194148928 0.988716424
vt 0.195088655 0.984123111
vt 0.195797622 0.988716424
vt 0.196902335 0.984123111
vt 0.196365654 0.988716424
vt 0.19752717 0.984123111
vt 0.171989992 0.970680833
vt 0.171989992 0.984123111
vt 0.172614947 0.984123111
vt 0.172614947 0.970680833
vt 0.174428582 0.984123111
vt 0.174428582 0.970680833
vt 0.17725341 0.984123111
vt 0.17725341 0.970680833
vt 0.180812895 0.984123111
vt 0.180812895 0.970680833
vt 0.184758604 0.984123111
vt 0.184758604 0.970680833
vt 0.188704371 0.984123111
vt 0.188704371 0.970680833
vt 0.192263842 0.984123111
vt 0.192263842 0.970680833
vt 0.195088655 0.984123111
vt 0.195088655 0.970680833
vt 0.196902335 0.984123111
vt 0.196902335 0.970680833
vt 0.19752717 0.984123111
vt 0.19752717 0.970680833
vt 0.173151597 0.988716424
vt 0.172614947 0.984123111
vt 0.171989992 0.984123111
vt 0.173719674 0.988716424
vt 0.174428582 0.984123111
vt 0.175368339 0.988716424
vt 0.17725341 0.984123111
vt 0.177936181 0.988716424
vt 0.180812895 0.984123111
vt 0.181171864 0.988716424
vt 0.184758604 0.984123111
vt 0.184758604 0.988716424
vt 0.188704371 0.984123111
vt 0.188345402 0.988716424
vt 0.192263842 0.984123111
vt 0.1915811 0.988716424
vt 0.195088655 0.984123111
vt 0.194148928 0.988716424
vt 0.196902335 0.984123111
vt 0.195797622 0.988716424
vt 0.19752717 0.984123111
vt 0.196365654 0.988716424
vt 0.17458196 0.915459573
vt 0.175080016 0.968462169
vt 0.17458196 0.968462169
vt 0.175080016 0.915459573
vt 0.176525533 0.968462169
vt 0.1742405 0.91342926
vt 0.176525533 0.915459573
vt 0.17877692 0.968462169
vt 0.174755305 0.91342926
vt 0.17877692 0.915459573
vt 0.181613833 0.968462169
vt 0.172979861 0.910333455
vt 0.172373712 0.910333455
vt 0.176249281 0.91342926
vt 0.181613833 0.915459573
vt 0.184758604 0.968462169
vt 0.169508621 0.90137881
vt 0.168723822 0.90137881
vt 0.178576216 0.91342926
vt 0.184758604 0.915459573
vt 0.187903374 0.968462169
vt 0.181508332 0.91342926
vt 0.177478954 0.910333455
vt 0.174739033 0.910333455
vt 0.187903374 0.915459573
vt 0.190740317 0.968462169
vt 0.171786189 0.90137881
vt 0.166412801 0.890248597
vt 0.165468693 0.890248597
vt 0.184758604 0.91342926
vt 0.190740317 0.915459573
vt 0.192991704 0.968462169
vt 0.175333574 0.90137881
vt 0.169152737 0.890248597
vt 0.163768753 0.877216578
vt 0.162688583 0.877216578
vt 0.188008934 0.91342926
vt 0.192991704 0.915459573
vt 0.194437236 0.968462169
vt 0.173420295 0.890248597
vt 0.16690357 0.877216578
vt 0.161641553 0.862603724
vt 0.160451904 0.862603724
vt 0.190941006 0.91342926
vt 0.194437236 0.915459573
vt 0.194935292 0.968462169
vt 0.194935292 0.915459573
vt 0.193267912 0.91342926
vt 0.194761962 0.91342926
vt 0.195276707 0.91342926
vt 0.197143495 0.910333455
vt 0.194778174 0.910333455
vt 0.196537316 0.910333455
vt 0.200793445 0.90137881
vt 0.200008571 0.90137881
vt 0.204048574 0.890248597
vt 0.192038268 0.910333455
vt 0.203104496 0.890248597
vt 0.206828713 0.877216578
vt 0.197731137 0.90137881
vt 0.188585788 0.910333455
vt 0.205748498 0.877216578
vt 0.209065318 0.862603724
vt 0.194183677 0.90137881
vt 0.20036453 0.890248597
vt 0.184758604 0.910333455
vt 0.207875669 0.862603724
vt 0.210703552 0.846770108
vt 0.202613652 0.877216578
vt 0.189713687 0.90137881
vt 0.196096957 0.890248597
vt 0.180931479 0.910333455
vt 0.209433734 0.846770108
vt 0.211702824 0.830105662
vt 0.204423189 0.862603724
vt 0.197731137 0.877216578
vt 0.184758604 0.90137881
vt 0.17980358 0.90137881
vt 0.190719545 0.890248597
vt 0.210384071 0.830105662
vt 0.212038696 0.813020051
vt 0.205748498 0.846770108
vt 0.178797692 0.890248597
vt 0.184758604 0.890248597
vt 0.191578656 0.877216578
vt 0.199045777 0.862603724
vt 0.210703552 0.813020051
vt 0.211702824 0.795934796
vt 0.184758604 0.877216578
vt 0.17793861 0.877216578
vt 0.206556976 0.830105662
vt 0.192269832 0.862603724
vt 0.200008571 0.846770108
vt 0.210384071 0.795934796
vt 0.210703552 0.779270232
vt 0.184758604 0.862603724
vt 0.171786189 0.877216578
vt 0.206828773 0.813020051
vt 0.192776054 0.846770108
vt 0.200596094 0.830105662
vt 0.17724742 0.862603724
vt 0.170471489 0.862603724
vt 0.184758604 0.846770108
vt 0.193084866 0.830105662
vt 0.200793445 0.813020051
vt 0.176741213 0.846770108
vt 0.165094078 0.862603724
vt 0.184758604 0.830105662
vt 0.169508576 0.846770108
vt 0.163768753 0.846770108
vt 0.176432401 0.830105662
vt 0.193188637 0.813020051
vt 0.160083547 0.846770108
vt 0.15881373 0.846770108
vt 0.168921202 0.830105662
vt 0.184758604 0.813020051
vt 0.159133166 0.830105662
vt 0.157814398 0.830105662
vt 0.162960306 0.830105662
vt 0.176328614 0.813020051
vt 0.15881373 0.813020051
vt 0.157478541 0.813020051
vt 0.162688583 0.813020051
vt 0.168723762 0.813020051
vt 0.159133166 0.795934796
vt 0.157814398 0.795934796
vt 0.162960306 0.795934796
vt 0.168921202 0.795934796
vt 0.176432401 0.795934796
vt 0.184758604 0.795934796
vt 0.160083547 0.779270232
vt 0.15881373 0.779270232
vt 0.163768753 0.779270232
vt 0.169508576 0.779270232
vt 0.176741213 0.779270232
vt 0.161641553 0.763436735
vt 0.160451904 0.763436735
vt 0.165094078 0.763436735
vt 0.170471489 0.763436735
vt 0.163768753 0.74882406
vt 0.162688583 0.74882406
vt 0.16690357 0.74882406
vt 0.166412801 0.7357921
vt 0.165468693 0.7357921
vt 0.184758604 0.779270232
vt 0.17724742 0.763436735
vt 0.171786189 0.74882406
vt 0.169152737 0.7357921
vt 0.169508621 0.724661767
vt 0.168723822 0.724661767
vt 0.184758604 0.763436735
vt 0.17793861 0.74882406
vt 0.173420295 0.7357921
vt 0.171786189 0.724661767
vt 0.172979861 0.715707123
vt 0.172373712 0.715707123
vt 0.184758604 0.74882406
vt 0.178797692 0.7357921
vt 0.175333574 0.724661767
vt 0.174739033 0.715707123
vt 0.176741213 0.709148586
vt 0.176328614 0.709148586
vt 0.184758604 0.7357921
vt 0.17980358 0.724661767
vt 0.177478954 0.715707123
vt 0.17793861 0.709148586
vt 0.180699959 0.705147743
vt 0.180491075 0.705147743
vt 0.184758604 0.703803182
vt 0.181306094 0.705147743
vt 0.182250232 0.705147743
vt 0.17980358 0.709148586
vt 0.180931479 0.715707123
vt 0.183439881 0.705147743
vt 0.182153612 0.709148586
vt 0.184758604 0.705147743
vt 0.184758604 0.709148586
vt 0.184758604 0.715707123
vt 0.186077386 0.705147743
vt 0.187363654 0.709148586
vt 0.184758604 0.724661767
vt 0.188585788 0.715707123
vt 0.187267035 0.705147743
vt 0.189713687 0.724661767
vt 0.189713687 0.709148586
vt 0.188211173 0.705147743
vt 0.192038268 0.715707123
vt 0.190719545 0.7357921
vt 0.188817352 0.705147743
vt 0.189026147 0.705147743
vt 0.191578656 0.709148586
vt 0.192776054 0.709148586
vt 0.193188637 0.709148586
vt 0.194183677 0.724661767
vt 0.194778174 0.715707123
vt 0.196537316 0.715707123
vt 0.197143495 0.715707123
vt 0.197731137 0.724661767
vt 0.200008571 0.724661767
vt 0.200793445 0.724661767
vt 0.196096957 0.7357921
vt 0.203104496 0.7357921
vt 0.204048574 0.7357921
vt 0.20036453 0.7357921
vt 0.191578656 0.74882406
vt 0.205748498 0.74882406
vt 0.206828713 0.74882406
vt 0.202613652 0.74882406
vt 0.197731137 0.74882406
vt 0.192269832 0.763436735
vt 0.207875669 0.763436735
vt 0.209065318 0.763436735
vt 0.204423189 0.763436735
vt 0.199045777 0.763436735
vt 0.192776054 0.779270232
vt 0.209433734 0.779270232
vt 0.205748498 0.779270232
vt 0.200008571 0.779270232
vt 0.193084866 0.795934796
vt 0.206556976 0.795934796
vt 0.200596094 0.795934796
vt 0.194935292 0.915459573
vt 0.194437236 0.968462169
vt 0.194935292 0.968462169
vt 0.194437236 0.915459573
vt 0.195276707 0.91342926
vt 0.192991704 0.968462169
vt 0.194761962 0.91342926
vt 0.197143495 0.910333455
vt 0.192991704 0.915459573
vt 0.190740317 0.968462169
vt 0.190740317 0.915459573
vt 0.187903374 0.968462169
vt 0.193267912 0.91342926
vt 0.187903374 0.915459573
vt 0.184758604 0.968462169
vt 0.190941006 0.91342926
vt 0.184758604 0.915459573
vt 0.181613833 0.968462169
vt 0.188008934 0.91342926
vt 0.192038268 0.910333455
vt 0.194778174 0.910333455
vt 0.181613833 0.915459573
vt 0.17877692 0.968462169
vt 0.184758604 0.91342926
vt 0.17877692 0.915459573
vt 0.176525533 0.968462169
vt 0.181508332 0.91342926
vt 0.184758604 0.910333455
vt 0.176525533 0.915459573
vt 0.175080016 0.968462169
vt 0.196537316 0.910333455
vt 0.200008571 0.90137881
vt 0.200793445 0.90137881
vt 0.197731137 0.90137881
vt 0.203104496 0.890248597
vt 0.204048574 0.890248597
vt 0.178576216 0.91342926
vt 0.175080016 0.915459573
vt 0.17458196 0.968462169
vt 0.17458196 0.915459573
vt 0.176249281 0.91342926
vt 0.174755305 0.91342926
vt 0.1742405 0.91342926
vt 0.172373712 0.910333455
vt 0.172979861 0.910333455
vt 0.168723822 0.90137881
vt 0.177478954 0.910333455
vt 0.169508621 0.90137881
vt 0.165468693 0.890248597
vt 0.174739033 0.910333455
vt 0.166412801 0.890248597
vt 0.162688583 0.877216578
vt 0.171786189 0.90137881
vt 0.180931479 0.910333455
vt 0.163768753 0.877216578
vt 0.160451904 0.862603724
vt 0.169152737 0.890248597
vt 0.175333619 0.90137881
vt 0.161641553 0.862603724
vt 0.15881373 0.846770108
vt 0.17980358 0.90137881
vt 0.16690357 0.877216578
vt 0.173420295 0.890248597
vt 0.160083547 0.846770108
vt 0.157814398 0.830105662
vt 0.165094078 0.862603724
vt 0.171786189 0.877216578
vt 0.178797707 0.890248597
vt 0.184758604 0.90137881
vt 0.159133166 0.830105662
vt 0.157478541 0.813020051
vt 0.163768753 0.846770108
vt 0.170471489 0.862603724
vt 0.17793861 0.877216578
vt 0.15881373 0.813020051
vt 0.157814398 0.795934796
vt 0.162960306 0.830105662
vt 0.169508621 0.846770108
vt 0.159133166 0.795934796
vt 0.15881373 0.779270232
vt 0.162688583 0.813020051
vt 0.160083547 0.779270232
vt 0.160451904 0.763436735
vt 0.184758604 0.890248597
vt 0.17724742 0.862603724
vt 0.168921202 0.830105662
vt 0.162960306 0.795934796
vt 0.161641553 0.763436735
vt 0.162688583 0.74882406
vt 0.184758604 0.877216578
vt 0.176741213 0.846770108
vt 0.168723822 0.813020051
vt 0.163768753 0.779270232
vt 0.163768753 0.74882406
vt 0.165468693 0.7357921
vt 0.184758604 0.862603724
vt 0.176432401 0.830105662
vt 0.168921202 0.795934796
vt 0.165094078 0.763436735
vt 0.166412801 0.7357921
vt 0.168723822 0.724661767
vt 0.184758604 0.846770108
vt 0.176328614 0.813020051
vt 0.169508621 0.779270232
vt 0.16690357 0.74882406
vt 0.169508621 0.724661767
vt 0.172373712 0.715707123
vt 0.184758604 0.830105662
vt 0.176432401 0.795934796
vt 0.170471489 0.763436735
vt 0.169152737 0.7357921
vt 0.172979861 0.715707123
vt 0.176328614 0.709148586
vt 0.184758604 0.813020051
vt 0.176741213 0.779270232
vt 0.171786189 0.74882406
vt 0.171786189 0.724661767
vt 0.176741213 0.709148586
vt 0.180491075 0.705147743
vt 0.184758604 0.795934796
vt 0.17724742 0.763436735
vt 0.173420295 0.7357921
vt 0.174739033 0.715707123
vt 0.180699959 0.705147743
vt 0.184758604 0.703803182
vt 0.181306094 0.705147743
vt 0.182250232 0.705147743
vt 0.17793861 0.709148586
vt 0.175333619 0.724661767
vt 0.17793861 0.74882406
vt 0.17980358 0.709148586
vt 0.177478954 0.715707123
vt 0.178797707 0.7357921
vt 0.17980358 0.724661767
vt 0.180931479 0.715707123
vt 0.182153612 0.709148586
vt 0.183439881 0.705147743
vt 0.184758604 0.763436735
vt 0.184758604 0.74882406
vt 0.184758604 0.7357921
vt 0.184758604 0.724661767
vt 0.184758604 0.715707123
vt 0.184758604 0.709148586
vt 0.184758604 0.705147743
vt 0.184758604 0.779270232
vt 0.191578656 0.74882406
vt 0.190719545 0.7357921
vt 0.189713687 0.724661767
vt 0.188585788 0.715707123
vt 0.187363654 0.709148586
vt 0.192269832 0.763436735
vt 0.192776054 0.779270232
vt 0.193084866 0.795934796
vt 0.186077386 0.705147743
vt 0.193188637 0.813020051
vt 0.193084866 0.830105662
vt 0.192776054 0.846770108
vt 0.192269832 0.862603724
vt 0.191578656 0.877216578
vt 0.190719545 0.890248597
vt 0.189713687 0.90137881
vt 0.188585788 0.910333455
vt 0.194183677 0.90137881
vt 0.196096957 0.890248597
vt 0.197731137 0.877216578
vt 0.20036453 0.890248597
vt 0.199045777 0.862603724
vt 0.202613652 0.877216578
vt 0.200008571 0.846770108
vt 0.205748498 0.877216578
vt 0.206828713 0.877216578
vt 0.204423189 0.862603724
vt 0.207875669 0.862603724
vt 0.209065318 0.862603724
vt 0.200596094 0.830105662
vt 0.205748498 0.846770108
vt 0.209433615 0.846770108
vt 0.210703552 0.846770108
vt 0.200793445 0.813020051
vt 0.206556976 0.830105662
vt 0.210384071 0.830105662
vt 0.211702824 0.830105662
vt 0.200596094 0.795934796
vt 0.206828713 0.813020051
vt 0.210703552 0.813020051
vt 0.212038696 0.813020051
vt 0.200008571 0.779270232
vt 0.206556976 0.795934796
vt 0.210384071 0.795934796
vt 0.211702824 0.795934796
vt 0.199045777 0.763436735
vt 0.205748498 0.779270232
vt 0.209433615 0.779270232
vt 0.210703552 0.779270232
vt 0.197731137 0.74882406
vt 0.204423189 0.763436735
vt 0.207875669 0.763436735
vt 0.209065318 0.763436735
vt 0.196096957 0.7357921
vt 0.202613652 0.74882406
vt 0.205748498 0.74882406
vt 0.206828713 0.74882406
vt 0.194183677 0.724661767
vt 0.20036453 0.7357921
vt 0.203104496 0.7357921
vt 0.204048574 0.7357921
vt 0.192038268 0.715707123
vt 0.197731137 0.724661767
vt 0.200008571 0.724661767
vt 0.200793445 0.724661767
vt 0.189713687 0.709148586
vt 0.194778174 0.715707123
vt 0.196537316 0.715707123
vt 0.197143495 0.715707123
vt 0.187267035 0.705147743
vt 0.191578656 0.709148586
vt 0.192776054 0.709148586
vt 0.193188637 0.709148586
vt 0.188211173 0.705147743
vt 0.188817352 0.705147743
vt 0.189026147 0.705147743
vt 0.176233128 0.986671805
vt 0.175794378 0.986671805
vt 0.175249532 0.988716424
vt 0.175714955 0.988716424
vt 0.177506402 0.986671805
vt 0.177065596 0.988716424
vt 0.179489583 0.986671805
vt 0.179169327 0.988716424
vt 0.181988508 0.986671805
vt 0.181820124 0.988716424
vt 0.184758604 0.986671805
vt 0.184758604 0.988716424
vt 0.187528729 0.986671805
vt 0.187697083 0.988716424
vt 0.190027654 0.986671805
vt 0.19034791 0.988716424
vt 0.19201085 0.986671805
vt 0.192451656 0.988716424
vt 0.193284124 0.986671805
vt 0.193802267 0.988716424
vt 0.193722874 0.986671805
vt 0.19426772 0.988716424
vt 0.175794378 0.986671805
vt 0.17571494 0.988716424
vt 0.175249532 0.988716424
vt 0.176233128 0.986671805
vt 0.177065596 0.988716424
vt 0.177506402 0.986671805
vt 0.179169327 0.988716424
vt 0.179489583 0.986671805
vt 0.181820184 0.988716424
vt 0.181988508 0.986671805
vt 0.184758604 0.988716424
vt 0.184758604 0.986671805
vt 0.187697083 0.988716424
vt 0.187528729 0.986671805
vt 0.19034791 0.988716424
vt 0.190027654 0.986671805
vt 0.192451626 0.988716424
vt 0.19201085 0.986671805
vt 0.193802267 0.988716424
vt 0.193284124 0.986671805
vt 0.19426772 0.988716424
vt 0.193722874 0.986671805
vt 0.0925444365 0.969201684
vt 0.0917118192 0.969201684
vt 0.0907549411 0.948085904
vt 0.0916343778 0.948085904
vt 0.0949607641 0.969201684
vt 0.0941866338 0.948085904
vt 0.0987243205 0.969201684
vt 0.0981618762 0.948085904
vt 0.10346669 0.969201684
vt 0.103170976 0.948085904
vt 0.108723611 0.969201684
vt 0.108723611 0.948085904
vt 0.113980532 0.969201684
vt 0.11427623 0.948085904
vt 0.118722916 0.969201684
vt 0.119285345 0.948085904
vt 0.122486472 0.969201684
vt 0.123260617 0.948085904
vt 0.124902844 0.969201684
vt 0.125812888 0.948085904
vt 0.125735402 0.969201684
vt 0.126692295 0.948085904
vt 0.0917118192 0.969201684
vt 0.0916343778 0.948085904
vt 0.0907549411 0.948085904
vt 0.0925444365 0.969201684
vt 0.0941866338 0.948085904
vt 0.0949607641 0.969201684
vt 0.0981618762 0.948085904
vt 0.0987243205 0.969201684
vt 0.103170976 0.948085904
vt 0.10346669 0.969201684
vt 0.108723611 0.948085904
vt 0.108723611 0.969201684
vt 0.11427623 0.948085904
vt 0.113980532 0.969201684
vt 0.119285345 0.948085904
vt 0.118722916 0.969201684
vt 0.123260617 0.948085904
vt 0.122486472 0.969201684
vt 0.125812888 0.948085904
vt 0.124902785 0.969201684
vt 0.126692295 0.948085904
vt 0.125735402 0.969201684
vt 0.0916343778 0.741598308
vt 0.0907549411 0.948085904
vt 0.0907549411 0.741598308
vt 0.0916343778 0.948085904
vt 0.0941866338 0.741598308
vt 0.0941866338 0.948085904
vt 0.0981618762 0.741598308
vt 0.0981618762 0.948085904
vt 0.103170976 0.741598308
vt 0.103170976 0.948085904
vt 0.108723611 0.741598308
vt 0.108723611 0.948085904
vt 0.11427623 0.741598308
vt 0.11427623 0.948085904
vt 0.119285345 0.741598308
vt 0.119285345 0.948085904
vt 0.123260617 0.741598308
vt 0.123260617 0.948085904
vt 0.125812888 0.741598308
vt 0.125812888 0.948085904
vt 0.126692295 0.741598308
vt 0.126692295 0.948085904
vt 0.0907549411 0.741598308
vt 0.0907549411 0.948085904
vt 0.0916343778 0.948085904
vt 0.0916343778 0.741598308
vt 0.0941866338 0.948085904
vt 0.0941866338 0.741598308
vt 0.0981618762 0.948085904
vt 0.0981618762 0.741598308
vt 0.103170976 0.948085904
vt 0.103170976 0.741598308
vt 0.108723611 0.948085904
vt 0.108723611 0.741598308
vt 0.11427623 0.948085904
vt 0.11427623 0.741598308
vt 0.119285345 0.948085904
vt 0.119285345 0.741598308
vt 0.123260617 0.948085904
vt 0.123260617 0.741598308
vt 0.125812888 0.948085904
vt 0.125812888 0.741598308
vt 0.126692295 0.948085904
vt 0.126692295 0.741598308
vt 0.108723611 0.969201684
vt 0.118722916 0.969201684
vt 0.113980532 0.969201684
vt 0.108723611 0.969201684
vt 0.122486472 0.969201684
vt 0.10346669 0.969201684
vt 0.124902785 0.969201684
vt 0.0987243205 0.969201684
vt 0.125735402 0.969201684
vt 0.0949607641 0.969201684
vt 0.124902844 0.969201684
vt 0.0925444365 0.969201684
vt 0.122486472 0.969201684
vt 0.0917118192 0.969201684
vt 0.118722916 0.969201684
vt 0.0925444365 0.969201684
vt 0.113980532 0.969201684
vt 0.0949607641 0.969201684
vt 0.108723611 0.969201684
vt 0.0987243205 0.969201684
vt 0.10346669 0.969201684
vt 0.188345402 0.988716424
vt 0.19034791 0.988716424
vt 0.1915811 0.988716424
vt 0.187697083 0.988716424
vt 0.192451626 0.988716424
vt 0.184758604 0.988716424
vt 0.194148928 0.988716424
vt 0.184758604 0.988716424
vt 0.193802267 0.988716424
vt 0.181171864 0.988716424
vt 0.195797622 0.988716424
vt 0.181820184 0.988716424
vt 0.19426772 0.988716424
vt 0.177936181 0.988716424
vt 0.196365654 0.988716424
vt 0.179169327 0.988716424
vt 0.193802267 0.988716424
vt 0.175368339 0.988716424
vt 0.195797622 0.988716424
vt 0.177065596 0.988716424
vt 0.192451656 0.988716424
vt 0.173719674 0.988716424
vt 0.194148928 0.988716424
vt 0.17571494 0.988716424
vt 0.19034791 0.988716424
vt 0.173151597 0.988716424
vt 0.1915811 0.988716424
vt 0.175249532 0.988716424
vt 0.187697083 0.988716424
vt 0.173719674 0.988716424
vt 0.188345402 0.988716424
vt 0.175714955 0.988716424
vt 0.184758604 0.988716424
vt 0.175368339 0.988716424
vt 0.184758604 0.988716424
vt 0.177065596 0.988716424
vt 0.181820124 0.988716424
vt 0.177936181 0.988716424
vt 0.181171864 0.988716424
vt 0.179169327 0.988716424
vt 0.175080016 0.968462169
vt 0.173148572 0.968462169
vt 0.174882516 0.968462169
vt 0.17458196 0.968462169
vt 0.176525533 0.968462169
vt 0.172551081 0.968462169
vt 0.177583218 0.968462169
vt 0.175080016 0.968462169
vt 0.17877692 0.968462169
vt 0.173148572 0.968462169
vt 0.180986315 0.968462169
vt 0.176525533 0.968462169
vt 0.181613833 0.968462169
vt 0.174882516 0.968462169
vt 0.184758604 0.968462169
vt 0.17877692 0.968462169
vt 0.184758604 0.968462169
vt 0.177583203 0.968462169
vt 0.188530952 0.968462169
vt 0.181613833 0.968462169
vt 0.187903374 0.968462169
vt 0.180986315 0.968462169
vt 0.191934019 0.968462169
vt 0.184758604 0.968462169
vt 0.190740317 0.968462169
vt 0.184758604 0.968462169
vt 0.194634765 0.968462169
vt 0.187903374 0.968462169
vt 0.192991704 0.968462169
vt 0.188530952 0.968462169
vt 0.196368694 0.968462169
vt 0.190740317 0.968462169
vt 0.194437236 0.968462169
vt 0.191934019 0.968462169
vt 0.196966171 0.968462169
vt 0.192991704 0.968462169
vt 0.194935292 0.968462169
vt 0.194634765 0.968462169
vt 0.196368694 0.968462169
vt 0.194437236 0.968462169
vn -0.668322444 -0.711470842 -0.217150807
vn -0.702715695 -0.711470723 9.42914085E-07
vn -0.702715576 -0.711470723 9.59204385E-07
vn -0.668322384 -0.711470723 -0.217150748
vn -0.568508506 -0.711471438 -0.413045347
vn -0.568508506 -0.711471379 -0.413045526
vn -0.413045198 -0.711470544 -0.568509698
vn -0.413045168 -0.711470604 -0.568509698
vn -0.21715112 -0.711471558 -0.66832155
vn -0.217150733 -0.711471558 -0.668321609
vn -0 -0.711473525 -0.702712834
vn -0 -0.711473465 -0.702713013
vn 0.217150867 -0.711471915 -0.668321192
vn 0.21715048 -0.711471915 -0.668321371
vn 0.4130449 -0.711471319 -0.568509042
vn 0.413044244 -0.711471379 -0.568509519
vn 0.568508148 -0.711472094 -0.413044751
vn 0.56850791 -0.711472154 -0.413045079
vn 0.668321371 -0.711472213 -0.217149645
vn 0.668321252 -0.711472213 -0.217149869
vn 0.70271498 -0.711471498 8.83671817E-07
vn 0.70271498 -0.711471498 9.54921347E-07
vn -0.95105654 0 -0.309017062
vn -1 0 0
vn -1 0 0
vn -0.95105654 0 -0.309017062
vn -0.809017181 0 -0.587784946
vn -0.809017181 0 -0.587784946
vn -0.587785661 0 -0.809016645
vn -0.587785661 0 -0.809016645
vn -0.309016883 0 -0.95105654
vn -0.309016883 0 -0.95105654
vn -0 0 -1
vn -0 0 -1
vn 0.309016436 0 -0.951056659
vn 0.309016436 0 -0.951056659
vn 0.587785184 0 -0.809017003
vn 0.587785184 0 -0.809017003
vn 0.809017003 0 -0.587785244
vn 0.809017003 0 -0.587785244
vn 0.951056659 0 -0.309016317
vn 0.951056659 0 -0.309016317
vn 1 0 1.16311321E-06
vn 1 0 1.16311321E-06
vn -0.702715695 -0.711470723 9.42914085E-07
vn -0.668321073 -0.711471915 0.217151284
vn -0.702715576 -0.711470723 9.59204385E-07
vn -0.668321133 -0.711471975 0.21715115
vn -0.568507969 -0.711471856 0.413045466
vn -0.568508148 -0.711471856 0.413045138
vn -0.413044959 -0.711470425 0.568510056
vn -0.413045049 -0.711470425 0.568509996
vn -0.217150375 -0.711470306 0.668322921
vn -0.217150778 -0.711470306 0.668322861
vn -0 -0.711472332 0.702714145
vn -0 -0.711472392 0.702714086
vn 0.217151046 -0.711472094 0.668320954
vn 0.217151433 -0.711472094 0.668320835
vn 0.413046002 -0.711470664 0.568508923
vn 0.413045406 -0.711470664 0.56850934
vn 0.568508923 -0.711471438 0.41304493
vn 0.568508983 -0.711471438 0.413044751
vn 0.668321908 -0.711471438 0.217150375
vn 0.668322027 -0.711471438 0.217150152
vn 0.70271498 -0.711471498 9.54921347E-07
vn 0.70271498 -0.711471498 8.83671817E-07
vn -0.668321192 0.711472034 -0.217150405
vn -0.702714741 0.711471736 2.24653405E-07
vn -0.702714741 0.711471677 2.44333307E-07
vn -0.668321133 0.711472094 -0.21715045
vn -0.568507791 0.71147275 -0.413044155
vn -0.568507791 0.711472809 -0.413044095
vn -0.413045317 0.711472988 -0.568506598
vn -0.413045436 0.711472988 -0.568506598
vn -0.217150748 0.711472511 -0.668320656
vn -0.217150763 0.711472571 -0.668320596
vn -1.39878452E-07 0.711472034 -0.702714443
vn -1.27053184E-07 0.711472034 -0.702714443
vn 0.217150316 0.711471796 -0.66832155
vn 0.21715042 0.711471736 -0.66832155
vn 0.413045526 0.711471915 -0.568507791
vn 0.413045496 0.711471915 -0.568507791
vn 0.568508625 0.711471975 -0.413044423
vn 0.568508506 0.711471915 -0.413044602
vn 0.668321133 0.711472332 -0.217149541
vn 0.668321192 0.711472273 -0.217149556
vn 0.702714264 0.711472273 7.07870299E-07
vn 0.702714086 0.711472392 6.64585855E-07
vn -1 0 0
vn -1 0 0
vn -0.95105654 0 0.309017032
vn -0.95105654 0 0.309017032
vn -0.809016883 0 0.587785304
vn -0.809016883 0 0.587785304
vn -0.587785184 0 0.809017062
vn -0.587785184 0 0.809017062
vn -0.309016824 0 0.95105654
vn -0.309016824 0 0.95105654
vn -0 0 1
vn -0 0 1
vn 0.309016705 0 0.95105654
vn 0.309016705 0 0.95105654
vn 0.587785125 0 0.809017062
vn 0.587785125 0 0.809017062
vn 0.809016824 0 0.587785542
vn 0.809016824 0 0.587785542
vn 0.95105654 0 0.309016794
vn 0.95105654 0 0.309016794
vn 1 0 1.16311321E-06
vn 1 0 1.16311321E-06
vn -0.702714741 0.711471736 2.24653405E-07
vn -0.668321252 0.711471975 0.217150599
vn -0.702714741 0.711471677 2.44333307E-07
vn -0.668321252 0.711471975 0.217150569
vn -0.568508089 0.711472392 0.413044423
vn -0.568507969 0.711472273 0.413044631
vn -0.413045287 0.711471975 0.56850785
vn -0.413045287 0.711471975 0.56850785
vn -0.217150718 0.711471975 0.668321252
vn -0.217150629 0.711471975 0.668321192
vn -0 0.711472332 0.702714145
vn -0 0.711472273 0.702714205
vn 0.217150688 0.711471975 0.668321192
vn 0.217150673 0.711471975 0.668321252
vn 0.413045526 0.711472571 0.568507016
vn 0.413045615 0.711472571 0.568506896
vn 0.56850785 0.711472809 0.413043976
vn 0.568507612 0.711472809 0.413044333
vn 0.668320835 0.711472332 0.217150465
vn 0.668320954 0.711472273 0.217150405
vn 0.702714086 0.711472392 6.64585855E-07
vn 0.702714264 0.711472273 7.07870299E-07
vn -0.999646664 0.0265812725 0
vn -0.95105654 0 -0.309016854
vn -1 0 0
vn -0.950720608 0.0265812669 -0.308907688
vn -0.809016824 0 -0.587785542
vn -0.480642855 0.876916409 -1.60285893E-07
vn -0.80873096 0.0265813619 -0.58757782
vn -0.587785304 0 -0.809017003
vn -0.457118958 0.87691617 -0.148527145
vn -0.587577522 0.0265813861 -0.808731139
vn -0.309017122 0 -0.95105648
vn -0.465881705 0.871802807 -0.151374027
vn -0.489856958 0.871802807 0
vn -0.388848424 0.87691617 -0.282515407
vn -0.308907986 0.0265813377 -0.950720489
vn -0 0 -1
vn -0.570314288 0.800251901 -0.185306177
vn -0.599663913 0.80025202 1.33595606E-07
vn -0.282515109 0.87691617 -0.388848811
vn -0 0.0265813228 -0.999646664
vn 0.309016466 0 -0.951056659
vn -0.148527041 0.87691617 -0.457118958
vn -0.287930608 0.871802986 -0.396302193
vn -0.396302432 0.871802926 -0.287930489
vn 0.30890733 0.0265812017 -0.950720608
vn 0.587785244 0 -0.809017003
vn -0.485138386 0.800251901 -0.352473497
vn -0.68031764 0.698788643 -0.22104834
vn -0.715328217 0.698788702 0
vn -0 0.876916349 -0.480643123
vn 0.587577581 0.0265810899 -0.808731139
vn 0.809017122 0 -0.587785006
vn -0.352473676 0.80025202 -0.485138178
vn -0.578712821 0.698788643 -0.42045933
vn -0.774475038 0.580400467 -0.251642019
vn -0.814331174 0.580400407 0
vn 0.148526594 0.876916051 -0.457119405
vn 0.808731258 0.0265811477 -0.587577343
vn 0.951056778 0 -0.309016109
vn -0.420459598 0.698788524 -0.578712642
vn -0.658807874 0.580400407 -0.478651702
vn -0.85027945 0.447993726 -0.276272416
vn -0.89403671 0.447993755 0
vn 0.282514781 0.876915872 -0.388849437
vn 0.950720668 0.0265813824 -0.308907002
vn 1 0 1.46972468E-06
vn 0.999646664 0.0265814345 1.49873642E-06
vn 0.388848364 0.87691617 -0.282515347
vn 0.457118571 0.876916409 -0.148526922
vn 0.480643123 0.87691623 4.57111923E-07
vn 0.489856869 0.871802807 3.87079126E-07
vn 0.396302253 0.871802986 -0.287930429
vn 0.465881497 0.871802926 -0.151373759
vn 0.599663794 0.80025202 5.44964109E-07
vn 0.570314169 0.80025214 -0.18530573
vn 0.715328336 0.698788524 6.09460358E-07
vn 0.287930518 0.871802986 -0.396302372
vn 0.680317879 0.698788643 -0.221047863
vn 0.814331293 0.580400467 5.82693019E-07
vn 0.485138059 0.80025214 -0.352473527
vn 0.151373982 0.871802926 -0.465881497
vn 0.774475217 0.580400527 -0.251641482
vn 0.894036829 0.447993338 6.83492374E-07
vn 0.352473438 0.80025208 -0.485138208
vn 0.578712642 0.698788643 -0.420459479
vn -0 0.871802926 -0.489856839
vn 0.850279629 0.447993845 -0.27627179
vn 0.952420056 0.304788738 8.09890878E-07
vn 0.658807635 0.580400705 -0.478651851
vn 0.185306072 0.80025214 -0.570314169
vn 0.42045939 0.698788643 -0.578712821
vn -0.151374131 0.871802986 -0.465881377
vn 0.905805409 0.304788738 -0.294313192
vn 0.988031983 0.154248744 8.28332304E-07
vn 0.723290801 0.447993934 -0.525501549
vn 0.478651732 0.580400765 -0.658807695
vn -0 0.800252259 -0.599663675
vn -0.18530634 0.80025208 -0.57031405
vn 0.221048489 0.698788702 -0.68031764
vn 0.939674556 0.154248893 -0.305317968
vn 1 0 8.1522586E-07
vn 0.770523965 0.304788679 -0.559818387
vn -0.221048787 0.698788643 -0.680317581
vn -1.21450384E-07 0.698788702 -0.715328217
vn 0.251642019 0.580400646 -0.774474919
vn 0.52550143 0.447993785 -0.72329092
vn 0.951056778 0 -0.309016109
vn 0.988031983 -0.154248759 8.31518378E-07
vn -0 0.580400586 -0.814331114
vn -0.251642376 0.580400586 -0.774474919
vn 0.799334645 0.154248893 -0.580750704
vn 0.276272416 0.447993785 -0.85027945
vn 0.559818208 0.304788679 -0.770524144
vn 0.939674556 -0.154248923 -0.305317968
vn 0.952420056 -0.304788649 8.39642041E-07
vn -0 0.447993815 -0.89403671
vn -0.47865212 0.580400407 -0.658807576
vn 0.809017062 0 -0.587785184
vn 0.294313639 0.304788798 -0.905805349
vn 0.580750585 0.154248714 -0.799334824
vn -0.276272625 0.447993755 -0.850279391
vn -0.525501907 0.447993636 -0.723290801
vn -0 0.304788768 -0.952420056
vn 0.305318475 0.154248565 -0.939674437
vn 0.587784946 0 -0.809017181
vn -0.294314086 0.304788679 -0.905805171
vn -0.72329098 0.447993636 -0.525501549
vn -0 0.15424864 -0.988031983
vn -0.559818745 0.30478856 -0.770523787
vn -0.770523965 0.304788858 -0.559818387
vn -0.305318892 0.15424867 -0.939674318
vn 0.309016943 0 -0.95105654
vn -0.90580523 0.304788738 -0.294313848
vn -0.952420056 0.304788619 0
vn -0.580750883 0.154248714 -0.799334586
vn -1.57379588E-07 0 -1
vn -0.939674437 0.1542487 -0.305318534
vn -0.988031983 0.154248595 0
vn -0.799334824 0.154248774 -0.580750585
vn -0.309017301 0 -0.95105648
vn -0.95105654 0 -0.309016794
vn -1 0 0
vn -0.809017062 0 -0.587785184
vn -0.587785304 0 -0.809016883
vn -0.939674437 -0.1542487 -0.305318534
vn -0.988031983 -0.154248595 0
vn -0.799334645 -0.154248774 -0.580750644
vn -0.580750883 -0.1542487 -0.799334645
vn -0.305318981 -0.154248655 -0.939674199
vn -0 -0.15424864 -0.988031983
vn -0.90580523 -0.304788768 -0.294313878
vn -0.952420056 -0.30478856 0
vn -0.770523965 -0.304788858 -0.559818447
vn -0.559818625 -0.304788679 -0.770523787
vn -0.294314146 -0.304788679 -0.905805171
vn -0.85027945 -0.447993726 -0.276272476
vn -0.89403671 -0.447993636 0
vn -0.72329092 -0.447993726 -0.525501549
vn -0.525501847 -0.447993696 -0.723290801
vn -0.774475038 -0.580400467 -0.251642019
vn -0.814331174 -0.580400407 0
vn -0.658807874 -0.580400527 -0.478651792
vn -0.6803177 -0.698788702 -0.221048221
vn -0.715328217 -0.698788702 0
vn -0 -0.304788768 -0.952420056
vn -0.276272625 -0.447993755 -0.850279391
vn -0.47865212 -0.580400527 -0.658807576
vn -0.578712821 -0.698788702 -0.420459181
vn -0.570314407 -0.800251901 -0.185306102
vn -0.599663973 -0.800251901 1.90472889E-07
vn -0 -0.447993755 -0.89403671
vn -0.251642376 -0.580400586 -0.774474919
vn -0.420459628 -0.698788643 -0.578712642
vn -0.485138506 -0.800251901 -0.352473378
vn -0.447712064 -0.882265449 -0.145470411
vn -0.470752358 -0.882265329 2.58734815E-07
vn -0 -0.580400586 -0.814331114
vn -0.221048757 -0.698788583 -0.680317581
vn -0.352473766 -0.80025202 -0.485138088
vn -0.38084653 -0.882265508 -0.276701182
vn -0.317251414 -0.942722499 -0.103081286
vn -0.333577871 -0.942722499 1.37358782E-07
vn -1.05993045E-07 -0.698788643 -0.715328276
vn -0.1853064 -0.800251901 -0.570314229
vn -0.276701182 -0.882265627 -0.380846113
vn -0.269870251 -0.942722499 -0.196072072
vn -0.190554708 -0.979722083 -0.061914891
vn -0.200361148 -0.979722083 0
vn -0 -1 -1.60153419E-07
vn -0.162095606 -0.979722202 -0.117768757
vn -0.117769465 -0.979722083 -0.162095666
vn -0.196072266 -0.942722499 -0.269870043
vn -0.1454705 -0.882265508 -0.447711766
vn -0.0619150363 -0.979722023 -0.19055517
vn -0.103081279 -0.942722499 -0.317251503
vn -0 -0.979722083 -0.200361267
vn -0 -0.942722499 -0.33357805
vn -0 -0.882265508 -0.47075218
vn 0.0619149134 -0.979722083 -0.190554827
vn 0.103081144 -0.942722499 -0.317251533
vn -0 -0.800251901 -0.599663973
vn 0.145470351 -0.882265449 -0.447711945
vn 0.117769495 -0.979722023 -0.1620958
vn 0.185306117 -0.800251901 -0.570314229
vn 0.196072236 -0.942722499 -0.269870341
vn 0.162095577 -0.979722083 -0.117769457
vn 0.276701093 -0.882265508 -0.3808465
vn 0.221048489 -0.698788643 -0.68031764
vn 0.190555006 -0.979722083 -0.0619149655
vn 0.200361103 -0.979722083 4.81848872E-07
vn 0.269870192 -0.942722499 -0.196072221
vn 0.317251384 -0.942722619 -0.103081107
vn 0.333577901 -0.942722499 2.74098852E-07
vn 0.352473497 -0.80025202 -0.485138386
vn 0.380846232 -0.882265627 -0.276701152
vn 0.447711825 -0.882265508 -0.145470053
vn 0.47075218 -0.882265508 4.50232562E-07
vn 0.485138118 -0.80025208 -0.352473557
vn 0.570314348 -0.80025202 -0.185305849
vn 0.599663973 -0.800251901 4.80150334E-07
vn 0.42045939 -0.698788643 -0.578712821
vn 0.680317819 -0.698788702 -0.221047968
vn 0.715328276 -0.698788524 5.05675303E-07
vn 0.578712642 -0.698788643 -0.420459419
vn 0.251641989 -0.580400586 -0.774474978
vn 0.774475217 -0.580400586 -0.251641482
vn 0.814331293 -0.580400467 5.69141946E-07
vn 0.658807695 -0.580400705 -0.478651881
vn 0.478651732 -0.580400765 -0.658807695
vn 0.276272386 -0.447993696 -0.85027945
vn 0.850279629 -0.447993726 -0.27627185
vn 0.894036889 -0.447993249 7.29293447E-07
vn 0.723290861 -0.447993875 -0.52550149
vn 0.52550149 -0.447993875 -0.72329092
vn 0.294313639 -0.304788798 -0.905805349
vn 0.905805528 -0.304788649 -0.294313192
vn 0.770524025 -0.304788709 -0.559818387
vn 0.559818149 -0.304788709 -0.770524144
vn 0.305318534 -0.154248595 -0.939674437
vn 0.799334645 -0.154248908 -0.580750704
vn 0.580750406 -0.154248744 -0.799334943
vn 0.999646664 0.0265814345 1.49873642E-06
vn 0.951056361 0 0.309017688
vn 1 0 1.46972468E-06
vn 0.950720251 0.0265815035 0.308908433
vn 0.480643123 0.87691623 4.57111923E-07
vn 0.809017062 0 0.587785184
vn 0.45711869 0.876916349 0.148526847
vn 0.489856869 0.871802807 3.87079126E-07
vn 0.808731139 0.0265816078 0.587577641
vn 0.587785959 0 0.809016526
vn 0.587578118 0.0265814569 0.808730662
vn 0.309016943 0 0.95105654
vn 0.388847977 0.876916587 0.282514602
vn 0.308907717 0.0265813172 0.950720489
vn -0 0 1
vn 0.282514572 0.87691617 0.38884899
vn -0 0.0265813209 0.999646664
vn -0.309016883 0 0.95105654
vn 0.148526832 0.876915991 0.457119375
vn 0.287930459 0.871802926 0.396302581
vn 0.39630267 0.871802807 0.287930399
vn -0.308907717 0.0265813433 0.950720489
vn -0.587785125 0 0.809017062
vn -0 0.87691617 0.480643243
vn -0.587577403 0.0265813172 0.808731258
vn -0.809016645 0 0.587785602
vn -0.148526981 0.87691623 0.457118839
vn -0 0.871802747 0.489857048
vn -0.808730781 0.0265811719 0.587577879
vn -0.95105654 0 0.309016913
vn 0.465881526 0.871802807 0.151374072
vn 0.570314169 0.80025202 0.18530637
vn 0.599663794 0.80025202 5.44964109E-07
vn 0.485138297 0.800251901 0.352473617
vn 0.68031764 0.698788643 0.221048579
vn 0.715328336 0.698788524 6.09460358E-07
vn -0.282515168 0.87691623 0.388848394
vn -0.950720489 0.0265811756 0.308907747
vn -1 0 0
vn -0.999646664 0.0265812725 0
vn -0.388848811 0.876916051 0.282515258
vn -0.457118899 0.87691617 0.14852719
vn -0.480642855 0.876916409 -1.60285893E-07
vn -0.489856958 0.871802807 0
vn -0.465881437 0.871802926 0.151374191
vn -0.599663913 0.80025202 1.33595606E-07
vn -0.287930608 0.871802986 0.396302104
vn -0.570314169 0.80025208 0.1853064
vn -0.715328217 0.698788702 0
vn -0.396302313 0.871802986 0.287930548
vn -0.680317581 0.698788643 0.221048534
vn -0.814331174 0.580400407 0
vn -0.485138178 0.80025202 0.352473736
vn -0.151374042 0.871802986 0.465881437
vn -0.774475038 0.580400527 0.251642138
vn -0.89403671 0.447993755 0
vn -0.578712642 0.698788643 0.420459509
vn -0.352473497 0.800251901 0.485138297
vn -0.85027945 0.447993785 0.276272506
vn -0.952420056 0.304788619 0
vn -0.18530637 0.800251901 0.570314229
vn -0.658807635 0.580400586 0.478651971
vn -0.42045936 0.698788524 0.578712821
vn -0.90580523 0.304788679 0.294313967
vn -0.988031983 0.154248595 0
vn -0.723290801 0.447993696 0.525501728
vn -0.478651762 0.580400765 0.658807695
vn -0.221048579 0.698788524 0.6803177
vn -0 0.800251901 0.599663854
vn -0.939674318 0.154248491 0.305318743
vn -1 0 0
vn -0.770523906 0.30478856 0.559818566
vn -0.52550149 0.447993606 0.723291039
vn -0.251642108 0.580400586 0.774474919
vn -0.95105654 0 0.309017032
vn -0.988031983 -0.154248595 0
vn -0.799334586 0.154248521 0.580750883
vn -0.559818447 0.30478856 0.770524025
vn -0.939674318 -0.154248491 0.305318713
vn -0.952420056 -0.30478856 0
vn -0.809016883 0 0.587785304
vn -0.90580523 -0.30478853 0.294313937
vn -0.89403671 -0.447993636 0
vn -0 0.698788643 0.715328276
vn -0.276272535 0.447993636 0.85027945
vn -0.580750644 0.154248655 0.799334645
vn -0.799334586 -0.154248521 0.580750883
vn -0.85027945 -0.447993785 0.276272476
vn -0.814331174 -0.580400407 0
vn -0 0.580400527 0.814331114
vn -0.294314057 0.304788589 0.90580523
vn -0.587785125 0 0.809017062
vn -0.770523906 -0.304788589 0.559818625
vn -0.774475038 -0.580400467 0.251642138
vn -0.715328217 -0.698788702 0
vn -0 0.447993666 0.894036829
vn -0.305318773 0.154248625 0.939674318
vn -0.580750704 -0.1542487 0.799334645
vn -0.723290861 -0.447993785 0.525501668
vn -0.68031764 -0.698788643 0.221048534
vn -0.599663973 -0.800251901 1.90472889E-07
vn 1.55366862E-07 0.304788709 0.952420056
vn -0.309017003 0 0.95105654
vn -0.559818447 -0.30478856 0.770524025
vn -0.658807576 -0.580400527 0.478651971
vn -0.570314229 -0.800251901 0.1853064
vn -0.470752358 -0.882265329 2.58734815E-07
vn 1.52922922E-07 0.154248565 0.988032103
vn -0.305318683 -0.15424864 0.939674318
vn -0.52550143 -0.447993636 0.723291039
vn -0.578712702 -0.698788524 0.420459569
vn -0.447711885 -0.882265449 0.145470738
vn -0.333577871 -0.942722499 1.37358782E-07
vn -0 0 1
vn -0.294313997 -0.304788589 0.90580523
vn -0.478651762 -0.580400646 0.658807755
vn -0.485138267 -0.800251901 0.352473676
vn -0.317251354 -0.942722499 0.103081547
vn -0.200361148 -0.979722083 0
vn -0 -0.154248565 0.988032103
vn -0.276272535 -0.447993636 0.85027945
vn -0.42045939 -0.698788643 0.578712821
vn -0.380846292 -0.882265508 0.276701272
vn -0.190554708 -0.979722083 0.0619151555
vn -0 -1 -1.60153419E-07
vn -0.162095547 -0.979722083 0.117769286
vn -0.117769413 -0.979722083 0.162095681
vn -0.269870222 -0.942722499 0.196072221
vn -0.352473587 -0.800251901 0.485138446
vn -0.251642168 -0.580400586 0.774474919
vn -0.196072266 -0.94272244 0.2698704
vn -0.276701123 -0.882265449 0.38084662
vn -0.221048594 -0.698788524 0.68031764
vn -0.185306415 -0.800251782 0.570314527
vn -0.145470366 -0.882265329 0.447712094
vn -0.103081226 -0.94272244 0.317251712
vn -0.0619150475 -0.979722083 0.190554917
vn 1.02171541E-07 -0.447993606 0.894036829
vn -0 -0.580400407 0.814331174
vn -0 -0.698788643 0.715328276
vn -0 -0.800251782 0.599664092
vn -0 -0.882265449 0.470752299
vn -0 -0.94272244 0.33357814
vn -0 -0.979722083 0.200361207
vn 1.75200952E-07 -0.304788709 0.952420056
vn 0.251642406 -0.580400288 0.774475038
vn 0.221048728 -0.698788464 0.68031764
vn 0.1853064 -0.800251842 0.570314407
vn 0.145470351 -0.882265449 0.447712123
vn 0.103081308 -0.94272244 0.317251742
vn 0.276272595 -0.447993547 0.85027957
vn 0.294314086 -0.304788798 0.905805171
vn 0.305318713 -0.15424861 0.939674318
vn 0.0619150661 -0.979722083 0.190554708
vn 0.309017092 0 0.95105654
vn 0.305318803 0.15424861 0.939674318
vn 0.294314146 0.304788738 0.905805171
vn 0.276272655 0.447993636 0.85027945
vn 0.251642466 0.580400407 0.774474978
vn 0.221048698 0.698788524 0.68031764
vn 0.18530634 0.800251901 0.570314229
vn 0.151373982 0.871802807 0.465881705
vn 0.352473706 0.800251901 0.485138297
vn 0.420459569 0.698788404 0.578712821
vn 0.478651881 0.580400527 0.658807755
vn 0.578712642 0.698788643 0.420459598
vn 0.525501549 0.447993606 0.72329098
vn 0.658807576 0.580400527 0.478651971
vn 0.559818387 0.304788649 0.770523965
vn 0.774475038 0.580400407 0.251642048
vn 0.814331293 0.580400467 5.82693019E-07
vn 0.723290861 0.447993577 0.525501728
vn 0.850279689 0.447993249 0.276272476
vn 0.894036829 0.447993338 6.83492374E-07
vn 0.580750763 0.154248506 0.799334645
vn 0.770524025 0.304788589 0.559818447
vn 0.90580523 0.304788709 0.294313908
vn 0.952420056 0.304788738 8.09890878E-07
vn 0.587785244 0 0.809017003
vn 0.799334764 0.154248476 0.580750644
vn 0.939674318 0.15424861 0.305318713
vn 0.988031983 0.154248744 8.28332304E-07
vn 0.580750883 -0.154248536 0.799334586
vn 0.809017003 0 0.587785363
vn 0.95105654 0 0.309017092
vn 1 0 8.1522586E-07
vn 0.559818387 -0.304788619 0.770523965
vn 0.799334764 -0.154248476 0.580750644
vn 0.939674318 -0.15424861 0.305318743
vn 0.988031983 -0.154248759 8.31518378E-07
vn 0.52550149 -0.447993517 0.723291039
vn 0.770524025 -0.30478856 0.559818447
vn 0.90580523 -0.304788709 0.294313967
vn 0.952420056 -0.304788649 8.39642041E-07
vn 0.478651822 -0.580400407 0.658807874
vn 0.723290861 -0.447993487 0.525501788
vn 0.850279629 -0.447993219 0.276272535
vn 0.894036889 -0.447993249 7.29293447E-07
vn 0.420459569 -0.698788404 0.578712821
vn 0.658807576 -0.580400527 0.47865203
vn 0.774475098 -0.580400407 0.251642078
vn 0.814331293 -0.580400467 5.69141946E-07
vn 0.352473766 -0.800251782 0.485138506
vn 0.578712642 -0.698788464 0.420459688
vn 0.68031764 -0.698788643 0.221048504
vn 0.715328276 -0.698788524 5.05675303E-07
vn 0.276701093 -0.882265508 0.38084656
vn 0.485138446 -0.800251842 0.352473736
vn 0.570314288 -0.800251901 0.185306311
vn 0.599663973 -0.800251901 4.80150334E-07
vn 0.196072161 -0.942722499 0.269870251
vn 0.380846739 -0.882265449 0.276700944
vn 0.447712123 -0.882265449 0.145470381
vn 0.47075218 -0.882265508 4.50232562E-07
vn 0.117769361 -0.979722083 0.162095308
vn 0.269870222 -0.942722619 0.196072027
vn 0.317251593 -0.942722499 0.103081249
vn 0.333577901 -0.942722499 2.74098852E-07
vn 0.162095577 -0.979722202 0.117768772
vn 0.190554798 -0.979722083 0.0619146451
vn 0.200361103 -0.979722083 4.81848872E-07
vn 0.650402308 0.729600549 0.211328879
vn 0.683872342 0.729601622 3.54011547E-07
vn 0.683872342 0.729601681 3.07213838E-07
vn 0.650402188 0.729600549 0.211329147
vn 0.553264558 0.729600906 0.4019714
vn 0.553264678 0.729600787 0.401971251
vn 0.401969522 0.729601681 0.553264678
vn 0.40196991 0.729601622 0.553264499
vn 0.211327776 0.72960192 0.650401175
vn 0.211328402 0.72960192 0.650400937
vn 3.84529955E-07 0.729602039 0.683871984
vn 3.35463341E-07 0.729602039 0.683872044
vn -0.211327314 0.729602039 0.650401175
vn -0.211328089 0.729602039 0.650400877
vn -0.401970655 0.729600728 0.553265154
vn -0.401970416 0.729600787 0.553265274
vn -0.553265989 0.729600132 0.401970714
vn -0.553265631 0.729600132 0.401971042
vn -0.650402248 0.729601085 0.211327225
vn -0.650402248 0.729601145 0.211327255
vn -0.683871984 0.729602039 0
vn -0.683871984 0.729602098 0
vn 0.683872342 0.729601622 3.54011547E-07
vn 0.650400937 0.729601979 -0.211328208
vn 0.683872342 0.729601681 3.07213838E-07
vn 0.650400877 0.729602039 -0.211328134
vn 0.553264499 0.729601502 -0.401970059
vn 0.55326438 0.729601502 -0.401970297
vn 0.401970297 0.729601264 -0.553264797
vn 0.401970416 0.729601204 -0.553264618
vn 0.211328208 0.729601085 -0.65040189
vn 0.211328343 0.729601145 -0.650401831
vn -0 0.729601979 -0.683872104
vn -0 0.729602039 -0.683872044
vn -0.211328268 0.729601562 -0.650401354
vn -0.211327583 0.729601622 -0.650401473
vn -0.401970357 0.72960037 -0.55326581
vn -0.401970655 0.72960037 -0.553265691
vn -0.553265154 0.729600132 -0.401971936
vn -0.553265333 0.729600132 -0.401971668
vn -0.650401473 0.729601443 -0.211328462
vn -0.650401354 0.729601443 -0.211328536
vn -0.683871984 0.729602098 0
vn -0.683871984 0.729602039 0
vn -0.668321908 0.71147126 -0.217150956
vn -0.702715337 0.71147126 -3.88987047E-07
vn -0.702715337 0.7114712 -3.86161901E-07
vn -0.668321967 0.71147126 -0.217150852
vn -0.568509221 0.711471438 -0.413044423
vn -0.568509102 0.711471379 -0.413044631
vn -0.413046479 0.711470902 -0.568508387
vn -0.413046151 0.711470902 -0.568508625
vn -0.217151418 0.711471319 -0.668321669
vn -0.217150822 0.711471319 -0.668321908
vn -4.46615047E-07 0.711471856 -0.702714622
vn -3.86162469E-07 0.711471915 -0.702714622
vn 0.217151225 0.711473644 -0.668319225
vn 0.217150792 0.711473644 -0.668319345
vn 0.413044274 0.711474776 -0.568504989
vn 0.413045257 0.711474776 -0.568504274
vn 0.568505645 0.711473584 -0.413045615
vn 0.568506062 0.711473584 -0.41304484
vn 0.668320954 0.711472273 -0.217150733
vn 0.668320835 0.711472273 -0.217150912
vn 0.70271337 0.711473167 8.50006586E-07
vn 0.702713311 0.711473107 8.67823985E-07
vn -0.702715337 0.71147126 -3.88987047E-07
vn -0.668321431 0.711471915 0.217150137
vn -0.702715337 0.7114712 -3.86161901E-07
vn -0.668321431 0.711471915 0.217150286
vn -0.568508685 0.711471796 0.413044631
vn -0.568508923 0.711471736 0.413044363
vn -0.4130449 0.711470068 0.568510532
vn -0.413045138 0.711470068 0.568510294
vn -0.217150494 0.711470068 0.668323219
vn -0.217150062 0.711470068 0.668323398
vn -0 0.711471438 0.702715039
vn -0 0.711471558 0.70271498
vn 0.217150658 0.711471021 0.668322206
vn 0.217151135 0.711471081 0.668322086
vn 0.413046688 0.711471319 0.568507731
vn 0.413046896 0.711471319 0.568507612
vn 0.568508446 0.711472154 0.413044363
vn 0.568508625 0.711472094 0.413044125
vn 0.668319285 0.711473703 0.217150852
vn 0.668319046 0.711473763 0.217151314
vn 0.702713311 0.711473107 8.67823985E-07
vn 0.70271337 0.711473167 8.50006586E-07
vn -0.95105654 0 -0.309016734
vn -1 0 0
vn -1 0 0
vn -0.95105654 0 -0.309016734
vn -0.809016764 0 -0.587785542
vn -0.809016764 0 -0.587785542
vn -0.587785423 0 -0.809016824
vn -0.587785423 0 -0.809016824
vn -0.309017241 0 -0.95105648
vn -0.309017241 0 -0.95105648
vn -5.59520117E-07 0 -1
vn -5.59520117E-07 0 -1
vn 0.309016287 0 -0.951056778
vn 0.309016287 0 -0.951056778
vn 0.587784708 0 -0.80901736
vn 0.587784708 0 -0.80901736
vn 0.809017658 0 -0.58778429
vn 0.809017658 0 -0.58778429
vn 0.951057196 0 -0.309015006
vn 0.951057196 0 -0.309015006
vn 1 0 0
vn 1 0 0
vn -1 0 0
vn -1 0 0
vn -0.95105654 0 0.309016615
vn -0.95105654 0 0.309016615
vn -0.809016645 0 0.587785661
vn -0.809016645 0 0.587785661
vn -0.587785125 0 0.809017062
vn -0.587785125 0 0.809017062
vn -0.309016794 0 0.95105654
vn -0.309016794 0 0.95105654
vn -0 0 1
vn -0 0 1
vn 0.309016794 0 0.95105654
vn 0.309016794 0 0.95105654
vn 0.587785363 0 0.809017003
vn 0.587785363 0 0.809017003
vn 0.809016764 0 0.587785602
vn 0.809016764 0 0.587785602
vn 0.95105654 0 0.309016794
vn 0.95105654 0 0.309016794
vn 1 0 0
vn 1 0 0
vn -0 1 0
vn -0 1 1.00866941E-06
vn -0 1 0
vn -0 1 0
vn -0 1 1.00867055E-06
vn -0 1 -5.04334878E-07
vn -0 1 0
vn -0 1 5.04335048E-07
vn -0 1 0
vn -0 1 0
vn -0 1 1.00866976E-06
vn -0 1 -1.00866976E-06
vn -0 1 0
vn -0 1 0
vn -0 1 -1.00866839E-06
vn -0 1 0
vn -0 1 0
vn -0 1 -1.0086693E-06
vn -0 1 0
vn -0 1 -1.00866907E-06
vn -0 1 0
vn -0 1 0
vn -0 1 8.19984052E-07
vn -0 1 8.19984564E-07
vn -0 1 0
vn -0 1 8.19983825E-07
vn -0 1 0
vn -0 1 8.199832E-07
vn -0 1 0
vn -0 1 0
vn -0 1 0
vn -0 1 0
vn -0 1 0
vn -0 1 -4.09992509E-07
vn -0 1 4.09992282E-07
vn -0 1 -4.09992907E-07
vn -0 1 4.09991657E-07
vn -0 1 4.09992111E-07
vn -0 1 4.09992509E-07
vn -0 1 4.0999214E-07
vn -0 1 4.09992111E-07
vn -0 1 0
vn -0 1 0
vn -0 1 0
vn -0 1 0
vn -0 1 -8.19982802E-07
vn -0 1 0
vn -0 1 -8.19983484E-07
vn -0 1 0
vn -0 1 0
vn -0 1 0
vn -0 1 0
vn -0 1 0
vn -0 1 0
vn -0 1 -8.19985189E-07
vn -0 1 0
vn -0 1 -8.19983882E-07
vn -0 1 -4.09992197E-07
vn -0 1 -1.22997722E-06
vn -0 1 -4.09991998E-07
vn -0 1 -1.22997767E-06
vn -0 -1 3.99539857E-07
vn -0 -1 3.99539545E-07
vn -0 -1 3.99539772E-07
vn -0 -1 1.19861761E-06
vn -0 -1 3.99539118E-07
vn -0 -1 1.19861795E-06
vn -0 -1 -3.99539118E-07
vn -0 -1 3.99539033E-07
vn -0 -1 -3.99538862E-07
vn -0 -1 3.99539772E-07
vn -0 -1 -9.98848122E-07
vn -0 -1 3.99539715E-07
vn -0 -1 -9.98848918E-07
vn -0 -1 3.99539431E-07
vn -0 -1 5.9930926E-07
vn -0 -1 1.19861636E-06
vn -0 -1 5.99309146E-07
vn -0 -1 1.19861727E-06
vn -0 -1 9.98848577E-07
vn -0 -1 -3.99539573E-07
vn -0 -1 9.9884744E-07
vn -0 -1 -3.99538294E-07
vn -0 -1 1.99769104E-07
vn -0 -1 -1.39838744E-06
vn -0 -1 1.99769516E-07
vn -0 -1 -1.39838755E-06
vn -0 -1 0
vn -0 -1 -1.99769104E-07
vn -0 -1 0
vn -0 -1 -1.99770255E-07
vn -0 -1 0
vn -0 -1 3.99538692E-07
vn -0 -1 0
vn -0 -1 3.99539772E-07
vn -0 -1 3.99539317E-07
vn -0 -1 -3.9953963E-07
vn -0 -1 3.99539118E-07
vn -0 -1 -3.99538834E-07
vn -0 -1 0
vn -0 -1 0
g HD_pz_0
f 3/3/3 2/2/2 1/1/1
f 4/4/4 3/3/3 1/1/1
f 4/4/4 1/1/1 5/5/5
f 6/6/6 4/4/4 5/5/5
f 6/6/6 5/5/5 7/7/7
f 8/8/8 6/6/6 7/7/7
f 8/8/8 7/7/7 9/9/9
f 10/10/10 8/8/8 9/9/9
f 10/10/10 9/9/9 11/11/11
f 12/12/12 10/10/10 11/11/11
f 12/12/12 11/11/11 13/13/13
f 14/14/14 12/12/12 13/13/13
f 14/14/14 13/13/13 15/15/15
f 16/16/16 14/14/14 15/15/15
f 16/16/16 15/15/15 17/17/17
f 18/18/18 16/16/16 17/17/17
f 18/18/18 17/17/17 19/19/19
f 20/20/20 18/18/18 19/19/19
f 19/19/19 21/21/21 20/20/20
f 21/21/21 22/22/22 20/20/20
f 25/25/25 24/24/24 23/23/23
f 24/24/24 26/26/26 23/23/23
f 23/23/23 26/26/26 27/27/27
f 26/26/26 28/28/28 27/27/27
f 27/27/27 28/28/28 29/29/29
f 28/28/28 30/30/30 29/29/29
f 29/29/29 30/30/30 31/31/31
f 30/30/30 32/32/32 31/31/31
f 31/31/31 32/32/32 33/33/33
f 32/32/32 34/34/34 33/33/33
f 33/33/33 34/34/34 35/35/35
f 34/34/34 36/36/36 35/35/35
f 35/35/35 36/36/36 37/37/37
f 36/36/36 38/38/38 37/37/37
f 37/37/37 38/38/38 39/39/39
f 38/38/38 40/40/40 39/39/39
f 39/39/39 40/40/40 41/41/41
f 40/40/40 42/42/42 41/41/41
f 41/41/41 42/42/42 43/43/43
f 42/42/42 44/44/44 43/43/43
f 47/47/47 46/46/46 45/45/45
f 46/46/46 48/48/48 45/45/45
f 46/46/46 49/49/49 48/48/48
f 49/49/49 50/50/50 48/48/48
f 49/49/49 51/51/51 50/50/50
f 51/51/51 52/52/52 50/50/50
f 51/51/51 53/53/53 52/52/52
f 53/53/53 54/54/54 52/52/52
f 53/53/53 55/55/55 54/54/54
f 55/55/55 56/56/56 54/54/54
f 55/55/55 57/57/57 56/56/56
f 57/57/57 58/58/58 56/56/56
f 57/57/57 59/59/59 58/58/58
f 59/59/59 60/60/60 58/58/58
f 59/59/59 61/61/61 60/60/60
f 61/61/61 62/62/62 60/60/60
f 61/61/61 63/63/63 62/62/62
f 63/63/63 64/64/64 62/62/62
f 63/63/63 65/65/65 64/64/64
f 65/65/65 66/66/66 64/64/64
f 69/69/69 68/68/68 67/67/67
f 70/70/70 69/69/69 67/67/67
f 70/70/70 67/67/67 71/71/71
f 72/72/72 70/70/70 71/71/71
f 72/72/72 71/71/71 73/73/73
f 74/74/74 72/72/72 73/73/73
f 74/74/74 73/73/73 75/75/75
f 76/76/76 74/74/74 75/75/75
f 76/76/76 75/75/75 77/77/77
f 78/78/78 76/76/76 77/77/77
f 78/78/78 77/77/77 79/79/79
f 80/80/80 78/78/78 79/79/79
f 80/80/80 79/79/79 81/81/81
f 82/82/82 80/80/80 81/81/81
f 82/82/82 81/81/81 83/83/83
f 84/84/84 82/82/82 83/83/83
f 83/83/83 85/85/85 84/84/84
f 85/85/85 86/86/86 84/84/84
f 85/85/85 87/87/87 86/86/86
f 87/87/87 88/88/88 86/86/86
f 91/91/91 90/90/90 89/89/89
f 92/92/92 91/91/91 89/89/89
f 93/93/93 91/91/91 92/92/92
f 94/94/94 93/93/93 92/92/92
f 95/95/95 93/93/93 94/94/94
f 96/96/96 95/95/95 94/94/94
f 97/97/97 95/95/95 96/96/96
f 98/98/98 97/97/97 96/96/96
f 99/99/99 97/97/97 98/98/98
f 100/100/100 99/99/99 98/98/98
f 101/101/101 99/99/99 100/100/100
f 102/102/102 101/101/101 100/100/100
f 103/103/103 101/101/101 102/102/102
f 104/104/104 103/103/103 102/102/102
f 105/105/105 103/103/103 104/104/104
f 106/106/106 105/105/105 104/104/104
f 107/107/107 105/105/105 106/106/106
f 108/108/108 107/107/107 106/106/106
f 109/109/109 107/107/107 108/108/108
f 110/110/110 109/109/109 108/108/108
f 113/113/113 112/112/112 111/111/111
f 112/112/112 114/114/114 111/111/111
f 112/112/112 115/115/115 114/114/114
f 115/115/115 116/116/116 114/114/114
f 115/115/115 117/117/117 116/116/116
f 117/117/117 118/118/118 116/116/116
f 117/117/117 119/119/119 118/118/118
f 119/119/119 120/120/120 118/118/118
f 119/119/119 121/121/121 120/120/120
f 121/121/121 122/122/122 120/120/120
f 121/121/121 123/123/123 122/122/122
f 123/123/123 124/124/124 122/122/122
f 123/123/123 125/125/125 124/124/124
f 125/125/125 126/126/126 124/124/124
f 125/125/125 127/127/127 126/126/126
f 127/127/127 128/128/128 126/126/126
f 127/127/127 129/129/129 128/128/128
f 129/129/129 130/130/130 128/128/128
f 129/129/129 131/131/131 130/130/130
f 131/131/131 132/132/132 130/130/130
f 135/135/135 134/134/134 133/133/133
f 134/134/134 136/136/136 133/133/133
f 134/134/134 137/137/137 136/136/136
f 138/138/138 133/133/133 136/136/136
f 137/137/137 139/139/139 136/136/136
f 137/137/137 140/140/140 139/139/139
f 141/141/141 138/138/138 136/136/136
f 141/141/141 136/136/136 139/139/139
f 140/140/140 142/142/142 139/139/139
f 140/140/140 143/143/143 142/142/142
f 138/138/138 141/141/141 144/144/144
f 145/145/145 138/138/138 144/144/144
f 146/146/146 141/141/141 139/139/139
f 146/146/146 139/139/139 142/142/142
f 144/144/144 141/141/141 146/146/146
f 143/143/143 147/147/147 142/142/142
f 143/143/143 148/148/148 147/147/147
f 145/145/145 144/144/144 149/149/149
f 150/150/150 145/145/145 149/149/149
f 151/151/151 146/146/146 142/142/142
f 151/151/151 142/142/142 147/147/147
f 148/148/148 152/152/152 147/147/147
f 148/148/148 153/153/153 152/152/152
f 154/154/154 151/151/151 147/147/147
f 147/147/147 152/152/152 154/154/154
f 146/146/146 151/151/151 155/155/155
f 155/155/155 151/151/151 154/154/154
f 156/156/156 144/144/144 146/146/146
f 156/156/156 146/146/146 155/155/155
f 153/153/153 157/157/157 152/152/152
f 153/153/153 158/158/158 157/157/157
f 144/144/144 156/156/156 159/159/159
f 149/149/149 144/144/144 159/159/159
f 150/150/150 149/149/149 160/160/160
f 161/161/161 150/150/150 160/160/160
f 152/152/152 162/162/162 154/154/154
f 152/152/152 157/157/157 162/162/162
f 158/158/158 163/163/163 157/157/157
f 158/158/158 164/164/164 163/163/163
f 159/159/159 156/156/156 165/165/165
f 156/156/156 155/155/155 165/165/165
f 149/149/149 159/159/159 166/166/166
f 160/160/160 149/149/149 166/166/166
f 161/161/161 160/160/160 167/167/167
f 168/168/168 161/161/161 167/167/167
f 157/157/157 169/169/169 162/162/162
f 157/157/157 163/163/163 169/169/169
f 164/164/164 170/170/170 163/163/163
f 164/164/164 171/171/171 170/170/170
f 166/166/166 159/159/159 172/172/172
f 159/159/159 165/165/165 172/172/172
f 160/160/160 166/166/166 173/173/173
f 167/167/167 160/160/160 173/173/173
f 168/168/168 167/167/167 174/174/174
f 175/175/175 168/168/168 174/174/174
f 163/163/163 176/176/176 169/169/169
f 176/176/176 163/163/163 170/170/170
f 171/171/171 177/177/177 170/170/170
f 171/171/171 178/178/178 177/177/177
f 178/178/178 179/179/179 177/177/177
f 180/180/180 170/170/170 177/177/177
f 180/180/180 176/176/176 170/170/170
f 177/177/177 179/179/179 181/181/181
f 181/181/181 180/180/180 177/177/177
f 179/179/179 182/182/182 181/181/181
f 181/181/181 182/182/182 183/183/183
f 176/176/176 180/180/180 184/184/184
f 184/184/184 180/180/180 181/181/181
f 185/185/185 181/181/181 183/183/183
f 185/185/185 184/184/184 181/181/181
f 185/185/185 183/183/183 186/186/186
f 187/187/187 185/185/185 186/186/186
f 184/184/184 185/185/185 187/187/187
f 187/187/187 186/186/186 188/188/188
f 189/189/189 176/176/176 184/184/184
f 169/169/169 176/176/176 189/189/189
f 190/190/190 187/187/187 188/188/188
f 190/190/190 188/188/188 191/191/191
f 192/192/192 184/184/184 187/187/187
f 189/189/189 184/184/184 192/192/192
f 192/192/192 187/187/187 190/190/190
f 193/193/193 169/169/169 189/189/189
f 162/162/162 169/169/169 193/193/193
f 194/194/194 190/190/190 191/191/191
f 194/194/194 191/191/191 195/195/195
f 196/196/196 189/189/189 192/192/192
f 193/193/193 189/189/189 196/196/196
f 197/197/197 192/192/192 190/190/190
f 197/197/197 190/190/190 194/194/194
f 196/196/196 192/192/192 197/197/197
f 198/198/198 162/162/162 193/193/193
f 154/154/154 162/162/162 198/198/198
f 199/199/199 194/194/194 195/195/195
f 199/199/199 195/195/195 200/200/200
f 201/201/201 197/197/197 194/194/194
f 201/201/201 194/194/194 199/199/199
f 202/202/202 193/193/193 196/196/196
f 198/198/198 193/193/193 202/202/202
f 203/203/203 196/196/196 197/197/197
f 203/203/203 197/197/197 201/201/201
f 202/202/202 196/196/196 203/203/203
f 204/204/204 154/154/154 198/198/198
f 204/204/204 155/155/155 154/154/154
f 205/205/205 199/199/199 200/200/200
f 205/205/205 200/200/200 206/206/206
f 207/207/207 201/201/201 199/199/199
f 207/207/207 199/199/199 205/205/205
f 208/208/208 203/203/203 201/201/201
f 208/208/208 201/201/201 207/207/207
f 209/209/209 198/198/198 202/202/202
f 204/204/204 198/198/198 209/209/209
f 155/155/155 204/204/204 210/210/210
f 210/210/210 204/204/204 209/209/209
f 165/165/165 155/155/155 210/210/210
f 211/211/211 202/202/202 203/203/203
f 209/209/209 202/202/202 211/211/211
f 211/211/211 203/203/203 208/208/208
f 212/212/212 205/205/205 206/206/206
f 212/212/212 206/206/206 213/213/213
f 214/214/214 207/207/207 205/205/205
f 214/214/214 205/205/205 212/212/212
f 165/165/165 210/210/210 215/215/215
f 172/172/172 165/165/165 215/215/215
f 210/210/210 209/209/209 216/216/216
f 216/216/216 209/209/209 211/211/211
f 215/215/215 210/210/210 216/216/216
f 217/217/217 211/211/211 208/208/208
f 216/216/216 211/211/211 217/217/217
f 218/218/218 208/208/208 207/207/207
f 218/218/218 207/207/207 214/214/214
f 217/217/217 208/208/208 218/218/218
f 219/219/219 212/212/212 213/213/213
f 219/219/219 213/213/213 220/220/220
f 215/215/215 216/216/216 221/221/221
f 221/221/221 216/216/216 217/217/217
f 172/172/172 215/215/215 222/222/222
f 222/222/222 215/215/215 221/221/221
f 223/223/223 214/214/214 212/212/212
f 223/223/223 212/212/212 219/219/219
f 224/224/224 217/217/217 218/218/218
f 221/221/221 217/217/217 224/224/224
f 225/225/225 218/218/218 214/214/214
f 225/225/225 214/214/214 223/223/223
f 224/224/224 218/218/218 225/225/225
f 226/226/226 219/219/219 220/220/220
f 226/226/226 220/220/220 227/227/227
f 228/228/228 221/221/221 224/224/224
f 222/222/222 221/221/221 228/228/228
f 229/229/229 172/172/172 222/222/222
f 166/166/166 172/172/172 229/229/229
f 173/173/173 166/166/166 229/229/229
f 230/230/230 223/223/223 219/219/219
f 230/230/230 219/219/219 226/226/226
f 231/231/231 224/224/224 225/225/225
f 228/228/228 224/224/224 231/231/231
f 232/232/232 225/225/225 223/223/223
f 232/232/232 223/223/223 230/230/230
f 231/231/231 225/225/225 232/232/232
f 233/233/233 222/222/222 228/228/228
f 229/229/229 222/222/222 233/233/233
f 173/173/173 229/229/229 234/234/234
f 234/234/234 229/229/229 233/233/233
f 235/235/235 228/228/228 231/231/231
f 233/233/233 228/228/228 235/235/235
f 236/236/236 231/231/231 232/232/232
f 235/235/235 231/231/231 236/236/236
f 237/237/237 232/232/232 230/230/230
f 236/236/236 232/232/232 237/237/237
f 238/238/238 233/233/233 235/235/235
f 234/234/234 233/233/233 238/238/238
f 239/239/239 173/173/173 234/234/234
f 167/167/167 173/173/173 239/239/239
f 174/174/174 167/167/167 239/239/239
f 240/240/240 235/235/235 236/236/236
f 238/238/238 235/235/235 240/240/240
f 241/241/241 234/234/234 238/238/238
f 239/239/239 234/234/234 241/241/241
f 174/174/174 239/239/239 242/242/242
f 242/242/242 239/239/239 241/241/241
f 241/241/241 238/238/238 243/243/243
f 243/243/243 238/238/238 240/240/240
f 240/240/240 236/236/236 244/244/244
f 244/244/244 236/236/236 237/237/237
f 245/245/245 174/174/174 242/242/242
f 175/175/175 174/174/174 245/245/245
f 246/246/246 175/175/175 245/245/245
f 242/242/242 241/241/241 247/247/247
f 247/247/247 241/241/241 243/243/243
f 243/243/243 240/240/240 248/248/248
f 248/248/248 240/240/240 244/244/244
f 246/246/246 245/245/245 249/249/249
f 250/250/250 246/246/246 249/249/249
f 245/245/245 242/242/242 251/251/251
f 251/251/251 242/242/242 247/247/247
f 249/249/249 245/245/245 251/251/251
f 247/247/247 243/243/243 252/252/252
f 252/252/252 243/243/243 248/248/248
f 250/250/250 249/249/249 253/253/253
f 254/254/254 250/250/250 253/253/253
f 249/249/249 251/251/251 255/255/255
f 253/253/253 249/249/249 255/255/255
f 251/251/251 247/247/247 256/256/256
f 256/256/256 247/247/247 252/252/252
f 255/255/255 251/251/251 256/256/256
f 254/254/254 253/253/253 257/257/257
f 258/258/258 254/254/254 257/257/257
f 253/253/253 255/255/255 259/259/259
f 257/257/257 253/253/253 259/259/259
f 255/255/255 256/256/256 260/260/260
f 259/259/259 255/255/255 260/260/260
f 256/256/256 252/252/252 261/261/261
f 260/260/260 256/256/256 261/261/261
f 252/252/252 248/248/248 262/262/262
f 261/261/261 252/252/252 262/262/262
f 258/258/258 257/257/257 263/263/263
f 264/264/264 258/258/258 263/263/263
f 257/257/257 259/259/259 265/265/265
f 263/263/263 257/257/257 265/265/265
f 259/259/259 260/260/260 266/266/266
f 265/265/265 259/259/259 266/266/266
f 260/260/260 261/261/261 267/267/267
f 266/266/266 260/260/260 267/267/267
f 264/264/264 263/263/263 268/268/268
f 269/269/269 264/264/264 268/268/268
f 263/263/263 265/265/265 270/270/270
f 268/268/268 263/263/263 270/270/270
f 265/265/265 266/266/266 271/271/271
f 270/270/270 265/265/265 271/271/271
f 269/269/269 268/268/268 272/272/272
f 273/273/273 269/269/269 272/272/272
f 268/268/268 270/270/270 274/274/274
f 272/272/272 268/268/268 274/274/274
f 273/273/273 272/272/272 275/275/275
f 276/276/276 273/273/273 275/275/275
f 267/267/267 261/261/261 277/277/277
f 261/261/261 262/262/262 277/277/277
f 266/266/266 267/267/267 278/278/278
f 271/271/271 266/266/266 278/278/278
f 270/270/270 271/271/271 279/279/279
f 274/274/274 270/270/270 279/279/279
f 272/272/272 274/274/274 280/280/280
f 275/275/275 272/272/272 280/280/280
f 276/276/276 275/275/275 281/281/281
f 282/282/282 276/276/276 281/281/281
f 267/267/267 277/277/277 283/283/283
f 278/278/278 267/267/267 283/283/283
f 271/271/271 278/278/278 284/284/284
f 279/279/279 271/271/271 284/284/284
f 274/274/274 279/279/279 285/285/285
f 280/280/280 274/274/274 285/285/285
f 275/275/275 280/280/280 286/286/286
f 281/281/281 275/275/275 286/286/286
f 282/282/282 281/281/281 287/287/287
f 288/288/288 282/282/282 287/287/287
f 278/278/278 283/283/283 289/289/289
f 284/284/284 278/278/278 289/289/289
f 279/279/279 284/284/284 290/290/290
f 285/285/285 279/279/279 290/290/290
f 280/280/280 285/285/285 291/291/291
f 286/286/286 280/280/280 291/291/291
f 281/281/281 286/286/286 292/292/292
f 287/287/287 281/281/281 292/292/292
f 288/288/288 287/287/287 293/293/293
f 294/294/294 288/288/288 293/293/293
f 284/284/284 289/289/289 295/295/295
f 290/290/290 284/284/284 295/295/295
f 285/285/285 290/290/290 296/296/296
f 291/291/291 285/285/285 296/296/296
f 286/286/286 291/291/291 297/297/297
f 292/292/292 286/286/286 297/297/297
f 287/287/287 292/292/292 298/298/298
f 293/293/293 287/287/287 298/298/298
f 294/294/294 293/293/293 299/299/299
f 300/300/300 294/294/294 299/299/299
f 299/299/299 301/301/301 300/300/300
f 302/302/302 301/301/301 299/299/299
f 299/299/299 293/293/293 302/302/302
f 293/293/293 298/298/298 302/302/302
f 303/303/303 301/301/301 302/302/302
f 302/302/302 298/298/298 303/303/303
f 298/298/298 292/292/292 304/304/304
f 298/298/298 304/304/304 303/303/303
f 292/292/292 297/297/297 304/304/304
f 297/297/297 291/291/291 305/305/305
f 291/291/291 296/296/296 305/305/305
f 303/303/303 304/304/304 306/306/306
f 306/306/306 301/301/301 303/303/303
f 304/304/304 297/297/297 307/307/307
f 304/304/304 307/307/307 306/306/306
f 297/297/297 305/305/305 307/307/307
f 306/306/306 307/307/307 308/308/308
f 308/308/308 301/301/301 306/306/306
f 307/307/307 305/305/305 309/309/309
f 307/307/307 309/309/309 308/308/308
f 305/305/305 296/296/296 310/310/310
f 305/305/305 310/310/310 309/309/309
f 308/308/308 309/309/309 311/311/311
f 311/311/311 301/301/301 308/308/308
f 309/309/309 312/312/312 311/311/311
f 309/309/309 310/310/310 312/312/312
f 296/296/296 313/313/313 310/310/310
f 296/296/296 290/290/290 313/313/313
f 290/290/290 295/295/295 313/313/313
f 310/310/310 313/313/313 314/314/314
f 310/310/310 314/314/314 312/312/312
f 311/311/311 312/312/312 315/315/315
f 315/315/315 301/301/301 311/311/311
f 313/313/313 295/295/295 316/316/316
f 313/313/313 316/316/316 314/314/314
f 312/312/312 317/317/317 315/315/315
f 312/312/312 314/314/314 317/317/317
f 318/318/318 301/301/301 315/315/315
f 315/315/315 317/317/317 318/318/318
f 314/314/314 319/319/319 317/317/317
f 314/314/314 316/316/316 319/319/319
f 295/295/295 320/320/320 316/316/316
f 295/295/295 289/289/289 320/320/320
f 321/321/321 301/301/301 318/318/318
f 322/322/322 301/301/301 321/321/321
f 317/317/317 323/323/323 318/318/318
f 318/318/318 323/323/323 321/321/321
f 317/317/317 319/319/319 323/323/323
f 321/321/321 324/324/324 322/322/322
f 323/323/323 324/324/324 321/321/321
f 324/324/324 325/325/325 322/322/322
f 316/316/316 326/326/326 319/319/319
f 316/316/316 320/320/320 326/326/326
f 319/319/319 327/327/327 323/323/323
f 323/323/323 327/327/327 324/324/324
f 319/319/319 326/326/326 327/327/327
f 324/324/324 328/328/328 325/325/325
f 327/327/327 328/328/328 324/324/324
f 328/328/328 329/329/329 325/325/325
f 326/326/326 330/330/330 327/327/327
f 327/327/327 330/330/330 328/328/328
f 328/328/328 331/331/331 329/329/329
f 330/330/330 331/331/331 328/328/328
f 331/331/331 332/332/332 329/329/329
f 320/320/320 333/333/333 326/326/326
f 326/326/326 333/333/333 330/330/330
f 331/331/331 334/334/334 332/332/332
f 334/334/334 335/335/335 332/332/332
f 330/330/330 336/336/336 331/331/331
f 333/333/333 336/336/336 330/330/330
f 336/336/336 334/334/334 331/331/331
f 320/320/320 337/337/337 333/333/333
f 289/289/289 337/337/337 320/320/320
f 289/289/289 283/283/283 337/337/337
f 334/334/334 338/338/338 335/335/335
f 338/338/338 339/339/339 335/335/335
f 336/336/336 340/340/340 334/334/334
f 340/340/340 338/338/338 334/334/334
f 333/333/333 341/341/341 336/336/336
f 337/337/337 341/341/341 333/333/333
f 341/341/341 340/340/340 336/336/336
f 283/283/283 342/342/342 337/337/337
f 337/337/337 342/342/342 341/341/341
f 283/283/283 277/277/277 342/342/342
f 338/338/338 343/343/343 339/339/339
f 343/343/343 344/344/344 339/339/339
f 340/340/340 345/345/345 338/338/338
f 345/345/345 343/343/343 338/338/338
f 341/341/341 346/346/346 340/340/340
f 342/342/342 346/346/346 341/341/341
f 346/346/346 345/345/345 340/340/340
f 277/277/277 347/347/347 342/342/342
f 342/342/342 347/347/347 346/346/346
f 277/277/277 262/262/262 347/347/347
f 343/343/343 348/348/348 344/344/344
f 348/348/348 227/227/227 344/344/344
f 348/348/348 226/226/226 227/227/227
f 345/345/345 349/349/349 343/343/343
f 349/349/349 348/348/348 343/343/343
f 346/346/346 350/350/350 345/345/345
f 347/347/347 350/350/350 346/346/346
f 350/350/350 349/349/349 345/345/345
f 262/262/262 351/351/351 347/347/347
f 347/347/347 351/351/351 350/350/350
f 262/262/262 248/248/248 351/351/351
f 248/248/248 244/244/244 351/351/351
f 352/352/352 226/226/226 348/348/348
f 349/349/349 352/352/352 348/348/348
f 352/352/352 230/230/230 226/226/226
f 237/237/237 230/230/230 352/352/352
f 350/350/350 353/353/353 349/349/349
f 351/351/351 353/353/353 350/350/350
f 351/351/351 244/244/244 353/353/353
f 353/353/353 352/352/352 349/349/349
f 353/353/353 237/237/237 352/352/352
f 244/244/244 237/237/237 353/353/353
f 356/356/356 355/355/355 354/354/354
f 355/355/355 357/357/357 354/354/354
f 358/358/358 354/354/354 357/357/357
f 355/355/355 359/359/359 357/357/357
f 360/360/360 358/358/358 357/357/357
f 361/361/361 358/358/358 360/360/360
f 359/359/359 362/362/362 357/357/357
f 357/357/357 362/362/362 360/360/360
f 359/359/359 363/363/363 362/362/362
f 363/363/363 364/364/364 362/362/362
f 363/363/363 365/365/365 364/364/364
f 362/362/362 366/366/366 360/360/360
f 366/366/366 362/362/362 364/364/364
f 365/365/365 367/367/367 364/364/364
f 365/365/365 368/368/368 367/367/367
f 369/369/369 366/366/366 364/364/364
f 369/369/369 364/364/364 367/367/367
f 368/368/368 370/370/370 367/367/367
f 368/368/368 371/371/371 370/370/370
f 372/372/372 369/369/369 367/367/367
f 372/372/372 367/367/367 370/370/370
f 366/366/366 369/369/369 373/373/373
f 373/373/373 369/369/369 372/372/372
f 360/360/360 366/366/366 374/374/374
f 374/374/374 366/366/366 373/373/373
f 371/371/371 375/375/375 370/370/370
f 371/371/371 376/376/376 375/375/375
f 377/377/377 372/372/372 370/370/370
f 377/377/377 370/370/370 375/375/375
f 376/376/376 378/378/378 375/375/375
f 376/376/376 379/379/379 378/378/378
f 380/380/380 377/377/377 375/375/375
f 380/380/380 375/375/375 378/378/378
f 372/372/372 377/377/377 381/381/381
f 381/381/381 377/377/377 380/380/380
f 379/379/379 382/382/382 378/378/378
f 379/379/379 383/383/383 382/382/382
f 384/384/384 360/360/360 374/374/374
f 384/384/384 361/361/361 360/360/360
f 361/361/361 384/384/384 385/385/385
f 386/386/386 361/361/361 385/385/385
f 384/384/384 374/374/374 387/387/387
f 385/385/385 384/384/384 387/387/387
f 386/386/386 385/385/385 388/388/388
f 389/389/389 386/386/386 388/388/388
f 390/390/390 380/380/380 378/378/378
f 390/390/390 378/378/378 382/382/382
f 383/383/383 391/391/391 382/382/382
f 383/383/383 392/392/392 391/391/391
f 392/392/392 393/393/393 391/391/391
f 394/394/394 390/390/390 382/382/382
f 394/394/394 382/382/382 391/391/391
f 395/395/395 391/391/391 393/393/393
f 395/395/395 394/394/394 391/391/391
f 396/396/396 395/395/395 393/393/393
f 395/395/395 396/396/396 397/397/397
f 398/398/398 395/395/395 397/397/397
f 394/394/394 395/395/395 398/398/398
f 398/398/398 397/397/397 399/399/399
f 380/380/380 390/390/390 400/400/400
f 400/400/400 390/390/390 394/394/394
f 401/401/401 398/398/398 399/399/399
f 401/401/401 399/399/399 402/402/402
f 403/403/403 394/394/394 398/398/398
f 403/403/403 400/400/400 394/394/394
f 403/403/403 398/398/398 401/401/401
f 404/404/404 401/401/401 402/402/402
f 404/404/404 402/402/402 405/405/405
f 406/406/406 403/403/403 401/401/401
f 400/400/400 403/403/403 406/406/406
f 406/406/406 401/401/401 404/404/404
f 407/407/407 380/380/380 400/400/400
f 407/407/407 381/381/381 380/380/380
f 408/408/408 404/404/404 405/405/405
f 408/408/408 405/405/405 409/409/409
f 410/410/410 406/406/406 404/404/404
f 410/410/410 404/404/404 408/408/408
f 411/411/411 400/400/400 406/406/406
f 407/407/407 400/400/400 411/411/411
f 411/411/411 406/406/406 410/410/410
f 412/412/412 408/408/408 409/409/409
f 412/412/412 409/409/409 413/413/413
f 414/414/414 407/407/407 411/411/411
f 381/381/381 407/407/407 414/414/414
f 415/415/415 410/410/410 408/408/408
f 415/415/415 408/408/408 412/412/412
f 416/416/416 411/411/411 410/410/410
f 414/414/414 411/411/411 416/416/416
f 416/416/416 410/410/410 415/415/415
f 417/417/417 412/412/412 413/413/413
f 417/417/417 413/413/413 418/418/418
f 419/419/419 415/415/415 412/412/412
f 419/419/419 412/412/412 417/417/417
f 420/420/420 416/416/416 415/415/415
f 420/420/420 415/415/415 419/419/419
f 421/421/421 414/414/414 416/416/416
f 421/421/421 416/416/416 420/420/420
f 422/422/422 381/381/381 414/414/414
f 422/422/422 414/414/414 421/421/421
f 423/423/423 417/417/417 418/418/418
f 423/423/423 418/418/418 424/424/424
f 425/425/425 419/419/419 417/417/417
f 425/425/425 417/417/417 423/423/423
f 426/426/426 420/420/420 419/419/419
f 426/426/426 419/419/419 425/425/425
f 427/427/427 421/421/421 420/420/420
f 427/427/427 420/420/420 426/426/426
f 428/428/428 423/423/423 424/424/424
f 428/428/428 424/424/424 429/429/429
f 430/430/430 425/425/425 423/423/423
f 430/430/430 423/423/423 428/428/428
f 431/431/431 426/426/426 425/425/425
f 431/431/431 425/425/425 430/430/430
f 432/432/432 428/428/428 429/429/429
f 432/432/432 429/429/429 433/433/433
f 434/434/434 430/430/430 428/428/428
f 434/434/434 428/428/428 432/432/432
f 435/435/435 432/432/432 433/433/433
f 435/435/435 433/433/433 436/436/436
f 437/437/437 421/421/421 427/427/427
f 437/437/437 422/422/422 421/421/421
f 438/438/438 427/427/427 426/426/426
f 438/438/438 426/426/426 431/431/431
f 439/439/439 431/431/431 430/430/430
f 439/439/439 430/430/430 434/434/434
f 440/440/440 434/434/434 432/432/432
f 440/440/440 432/432/432 435/435/435
f 441/441/441 435/435/435 436/436/436
f 441/441/441 436/436/436 442/442/442
f 443/443/443 437/437/437 427/427/427
f 443/443/443 427/427/427 438/438/438
f 444/444/444 438/438/438 431/431/431
f 444/444/444 431/431/431 439/439/439
f 445/445/445 439/439/439 434/434/434
f 445/445/445 434/434/434 440/440/440
f 446/446/446 440/440/440 435/435/435
f 446/446/446 435/435/435 441/441/441
f 447/447/447 441/441/441 442/442/442
f 447/447/447 442/442/442 448/448/448
f 449/449/449 443/443/443 438/438/438
f 449/449/449 438/438/438 444/444/444
f 450/450/450 444/444/444 439/439/439
f 450/450/450 439/439/439 445/445/445
f 451/451/451 445/445/445 440/440/440
f 451/451/451 440/440/440 446/446/446
f 452/452/452 446/446/446 441/441/441
f 452/452/452 441/441/441 447/447/447
f 453/453/453 447/447/447 448/448/448
f 453/453/453 448/448/448 454/454/454
f 455/455/455 449/449/449 444/444/444
f 455/455/455 444/444/444 450/450/450
f 456/456/456 450/450/450 445/445/445
f 456/456/456 445/445/445 451/451/451
f 457/457/457 451/451/451 446/446/446
f 457/457/457 446/446/446 452/452/452
f 458/458/458 452/452/452 447/447/447
f 458/458/458 447/447/447 453/453/453
f 459/459/459 453/453/453 454/454/454
f 459/459/459 454/454/454 460/460/460
f 461/461/461 455/455/455 450/450/450
f 461/461/461 450/450/450 456/456/456
f 462/462/462 456/456/456 451/451/451
f 462/462/462 451/451/451 457/457/457
f 463/463/463 457/457/457 452/452/452
f 463/463/463 452/452/452 458/458/458
f 464/464/464 458/458/458 453/453/453
f 464/464/464 453/453/453 459/459/459
f 465/465/465 459/459/459 460/460/460
f 465/465/465 460/460/460 466/466/466
f 467/467/467 461/461/461 456/456/456
f 467/467/467 456/456/456 462/462/462
f 468/468/468 462/462/462 457/457/457
f 468/468/468 457/457/457 463/463/463
f 469/469/469 463/463/463 458/458/458
f 469/469/469 458/458/458 464/464/464
f 470/470/470 464/464/464 459/459/459
f 470/470/470 459/459/459 465/465/465
f 471/471/471 465/465/465 466/466/466
f 471/471/471 466/466/466 472/472/472
f 473/473/473 467/467/467 462/462/462
f 473/473/473 462/462/462 468/468/468
f 474/474/474 468/468/468 463/463/463
f 474/474/474 463/463/463 469/469/469
f 475/475/475 469/469/469 464/464/464
f 475/475/475 464/464/464 470/470/470
f 476/476/476 470/470/470 465/465/465
f 476/476/476 465/465/465 471/471/471
f 477/477/477 471/471/471 472/472/472
f 472/472/472 478/478/478 477/477/477
f 477/477/477 478/478/478 479/479/479
f 479/479/479 478/478/478 480/480/480
f 481/481/481 471/471/471 477/477/477
f 479/479/479 481/481/481 477/477/477
f 481/481/481 476/476/476 471/471/471
f 482/482/482 470/470/470 476/476/476
f 482/482/482 475/475/475 470/470/470
f 483/483/483 469/469/469 475/475/475
f 483/483/483 474/474/474 469/469/469
f 484/484/484 481/481/481 479/479/479
f 480/480/480 484/484/484 479/479/479
f 485/485/485 476/476/476 481/481/481
f 485/485/485 482/482/482 476/476/476
f 484/484/484 485/485/485 481/481/481
f 486/486/486 475/475/475 482/482/482
f 486/486/486 483/483/483 475/475/475
f 487/487/487 482/482/482 485/485/485
f 487/487/487 486/486/486 482/482/482
f 488/488/488 485/485/485 484/484/484
f 488/488/488 487/487/487 485/485/485
f 489/489/489 484/484/484 480/480/480
f 489/489/489 488/488/488 484/484/484
f 490/490/490 489/489/489 480/480/480
f 480/480/480 478/478/478 490/490/490
f 491/491/491 474/474/474 483/483/483
f 492/492/492 483/483/483 486/486/486
f 492/492/492 491/491/491 483/483/483
f 493/493/493 486/486/486 487/487/487
f 493/493/493 492/492/492 486/486/486
f 494/494/494 487/487/487 488/488/488
f 494/494/494 493/493/493 487/487/487
f 495/495/495 488/488/488 489/489/489
f 495/495/495 494/494/494 488/488/488
f 496/496/496 489/489/489 490/490/490
f 496/496/496 495/495/495 489/489/489
f 490/490/490 478/478/478 497/497/497
f 497/497/497 496/496/496 490/490/490
f 491/491/491 498/498/498 474/474/474
f 498/498/498 468/468/468 474/474/474
f 498/498/498 473/473/473 468/468/468
f 499/499/499 492/492/492 493/493/493
f 500/500/500 493/493/493 494/494/494
f 500/500/500 499/499/499 493/493/493
f 501/501/501 494/494/494 495/495/495
f 501/501/501 500/500/500 494/494/494
f 502/502/502 495/495/495 496/496/496
f 502/502/502 501/501/501 495/495/495
f 503/503/503 496/496/496 497/497/497
f 503/503/503 502/502/502 496/496/496
f 504/504/504 491/491/491 492/492/492
f 499/499/499 504/504/504 492/492/492
f 505/505/505 498/498/498 491/491/491
f 504/504/504 505/505/505 491/491/491
f 506/506/506 473/473/473 498/498/498
f 505/505/505 506/506/506 498/498/498
f 507/507/507 503/503/503 497/497/497
f 497/497/497 478/478/478 507/507/507
f 506/506/506 508/508/508 473/473/473
f 508/508/508 467/467/467 473/473/473
f 508/508/508 509/509/509 467/467/467
f 509/509/509 461/461/461 467/467/467
f 509/509/509 510/510/510 461/461/461
f 510/510/510 455/455/455 461/461/461
f 510/510/510 511/511/511 455/455/455
f 511/511/511 449/449/449 455/455/455
f 511/511/511 512/512/512 449/449/449
f 512/512/512 443/443/443 449/449/449
f 512/512/512 513/513/513 443/443/443
f 513/513/513 437/437/437 443/443/443
f 513/513/513 514/514/514 437/437/437
f 514/514/514 422/422/422 437/437/437
f 514/514/514 515/515/515 422/422/422
f 515/515/515 381/381/381 422/422/422
f 515/515/515 372/372/372 381/381/381
f 515/515/515 373/373/373 372/372/372
f 373/373/373 515/515/515 514/514/514
f 516/516/516 373/373/373 514/514/514
f 516/516/516 514/514/514 513/513/513
f 374/374/374 373/373/373 516/516/516
f 387/387/387 374/374/374 516/516/516
f 517/517/517 516/516/516 513/513/513
f 517/517/517 513/513/513 512/512/512
f 387/387/387 516/516/516 517/517/517
f 518/518/518 512/512/512 511/511/511
f 518/518/518 517/517/517 512/512/512
f 519/519/519 387/387/387 517/517/517
f 519/519/519 517/517/517 518/518/518
f 385/385/385 387/387/387 519/519/519
f 388/388/388 385/385/385 519/519/519
f 520/520/520 518/518/518 511/511/511
f 520/520/520 511/511/511 510/510/510
f 521/521/521 519/519/519 518/518/518
f 388/388/388 519/519/519 521/521/521
f 521/521/521 518/518/518 520/520/520
f 522/522/522 520/520/520 510/510/510
f 522/522/522 510/510/510 509/509/509
f 523/523/523 388/388/388 521/521/521
f 389/389/389 388/388/388 523/523/523
f 524/524/524 389/389/389 523/523/523
f 525/525/525 521/521/521 520/520/520
f 523/523/523 521/521/521 525/525/525
f 525/525/525 520/520/520 522/522/522
f 524/524/524 523/523/523 526/526/526
f 526/526/526 523/523/523 525/525/525
f 527/527/527 524/524/524 526/526/526
f 528/528/528 522/522/522 509/509/509
f 528/528/528 509/509/509 508/508/508
f 529/529/529 525/525/525 522/522/522
f 526/526/526 525/525/525 529/529/529
f 529/529/529 522/522/522 528/528/528
f 527/527/527 526/526/526 530/530/530
f 530/530/530 526/526/526 529/529/529
f 531/531/531 527/527/527 530/530/530
f 532/532/532 528/528/528 508/508/508
f 532/532/532 508/508/508 506/506/506
f 533/533/533 529/529/529 528/528/528
f 530/530/530 529/529/529 533/533/533
f 533/533/533 528/528/528 532/532/532
f 531/531/531 530/530/530 534/534/534
f 534/534/534 530/530/530 533/533/533
f 535/535/535 531/531/531 534/534/534
f 536/536/536 532/532/532 506/506/506
f 536/536/536 506/506/506 505/505/505
f 537/537/537 533/533/533 532/532/532
f 534/534/534 533/533/533 537/537/537
f 537/537/537 532/532/532 536/536/536
f 535/535/535 534/534/534 538/538/538
f 538/538/538 534/534/534 537/537/537
f 539/539/539 535/535/535 538/538/538
f 540/540/540 536/536/536 505/505/505
f 540/540/540 505/505/505 504/504/504
f 541/541/541 537/537/537 536/536/536
f 538/538/538 537/537/537 541/541/541
f 541/541/541 536/536/536 540/540/540
f 539/539/539 538/538/538 542/542/542
f 542/542/542 538/538/538 541/541/541
f 543/543/543 539/539/539 542/542/542
f 544/544/544 540/540/540 504/504/504
f 544/544/544 504/504/504 499/499/499
f 545/545/545 541/541/541 540/540/540
f 542/542/542 541/541/541 545/545/545
f 545/545/545 540/540/540 544/544/544
f 543/543/543 542/542/542 546/546/546
f 546/546/546 542/542/542 545/545/545
f 547/547/547 543/543/543 546/546/546
f 548/548/548 544/544/544 499/499/499
f 548/548/548 499/499/499 500/500/500
f 549/549/549 545/545/545 544/544/544
f 546/546/546 545/545/545 549/549/549
f 549/549/549 544/544/544 548/548/548
f 547/547/547 546/546/546 550/550/550
f 550/550/550 546/546/546 549/549/549
f 551/551/551 547/547/547 550/550/550
f 552/552/552 548/548/548 500/500/500
f 552/552/552 500/500/500 501/501/501
f 553/553/553 549/549/549 548/548/548
f 550/550/550 549/549/549 553/553/553
f 553/553/553 548/548/548 552/552/552
f 551/551/551 550/550/550 554/554/554
f 554/554/554 550/550/550 553/553/553
f 555/555/555 551/551/551 554/554/554
f 556/556/556 552/552/552 501/501/501
f 556/556/556 501/501/501 502/502/502
f 557/557/557 553/553/553 552/552/552
f 554/554/554 553/553/553 557/557/557
f 557/557/557 552/552/552 556/556/556
f 555/555/555 554/554/554 558/558/558
f 558/558/558 554/554/554 557/557/557
f 559/559/559 555/555/555 558/558/558
f 560/560/560 556/556/556 502/502/502
f 560/560/560 502/502/502 503/503/503
f 561/561/561 557/557/557 556/556/556
f 558/558/558 557/557/557 561/561/561
f 561/561/561 556/556/556 560/560/560
f 559/559/559 558/558/558 562/562/562
f 562/562/562 558/558/558 561/561/561
f 563/563/563 559/559/559 562/562/562
f 564/564/564 560/560/560 503/503/503
f 564/564/564 503/503/503 507/507/507
f 565/565/565 561/561/561 560/560/560
f 562/562/562 561/561/561 565/565/565
f 565/565/565 560/560/560 564/564/564
f 563/563/563 562/562/562 566/566/566
f 566/566/566 562/562/562 565/565/565
f 567/567/567 563/563/563 566/566/566
f 568/568/568 564/564/564 507/507/507
f 507/507/507 478/478/478 568/568/568
f 569/569/569 565/565/565 564/564/564
f 566/566/566 565/565/565 569/569/569
f 569/569/569 564/564/564 568/568/568
f 567/567/567 566/566/566 570/570/570
f 570/570/570 566/566/566 569/569/569
f 571/571/571 567/567/567 570/570/570
f 572/572/572 569/569/569 568/568/568
f 568/568/568 478/478/478 572/572/572
f 570/570/570 569/569/569 572/572/572
f 571/571/571 570/570/570 573/573/573
f 573/573/573 570/570/570 572/572/572
f 572/572/572 478/478/478 573/573/573
f 574/574/574 571/571/571 573/573/573
f 573/573/573 478/478/478 574/574/574
f 577/577/577 576/576/576 575/575/575
f 578/578/578 577/577/577 575/575/575
f 578/578/578 575/575/575 579/579/579
f 580/580/580 578/578/578 579/579/579
f 580/580/580 579/579/579 581/581/581
f 582/582/582 580/580/580 581/581/581
f 581/581/581 583/583/583 582/582/582
f 583/583/583 584/584/584 582/582/582
f 583/583/583 585/585/585 584/584/584
f 585/585/585 586/586/586 584/584/584
f 585/585/585 587/587/587 586/586/586
f 587/587/587 588/588/588 586/586/586
f 587/587/587 589/589/589 588/588/588
f 589/589/589 590/590/590 588/588/588
f 589/589/589 591/591/591 590/590/590
f 591/591/591 592/592/592 590/590/590
f 591/591/591 593/593/593 592/592/592
f 593/593/593 594/594/594 592/592/592
f 593/593/593 595/595/595 594/594/594
f 595/595/595 596/596/596 594/594/594
f 599/599/599 598/598/598 597/597/597
f 598/598/598 600/600/600 597/597/597
f 598/598/598 601/601/601 600/600/600
f 601/601/601 602/602/602 600/600/600
f 601/601/601 603/603/603 602/602/602
f 603/603/603 604/604/604 602/602/602
f 603/603/603 605/605/605 604/604/604
f 605/605/605 606/606/606 604/604/604
f 605/605/605 607/607/607 606/606/606
f 607/607/607 608/608/608 606/606/606
f 607/607/607 609/609/609 608/608/608
f 609/609/609 610/610/610 608/608/608
f 609/609/609 611/611/611 610/610/610
f 611/611/611 612/612/612 610/610/610
f 612/612/612 611/611/611 613/613/613
f 614/614/614 612/612/612 613/613/613
f 614/614/614 613/613/613 615/615/615
f 616/616/616 614/614/614 615/615/615
f 616/616/616 615/615/615 617/617/617
f 618/618/618 616/616/616 617/617/617
f 621/621/621 620/620/620 619/619/619
f 622/622/622 621/621/621 619/619/619
f 622/622/622 619/619/619 623/623/623
f 624/624/624 622/622/622 623/623/623
f 624/624/624 623/623/623 625/625/625
f 626/626/626 624/624/624 625/625/625
f 625/625/625 627/627/627 626/626/626
f 627/627/627 628/628/628 626/626/626
f 627/627/627 629/629/629 628/628/628
f 629/629/629 630/630/630 628/628/628
f 629/629/629 631/631/631 630/630/630
f 631/631/631 632/632/632 630/630/630
f 631/631/631 633/633/633 632/632/632
f 633/633/633 634/634/634 632/632/632
f 633/633/633 635/635/635 634/634/634
f 635/635/635 636/636/636 634/634/634
f 635/635/635 637/637/637 636/636/636
f 637/637/637 638/638/638 636/636/636
f 637/637/637 639/639/639 638/638/638
f 639/639/639 640/640/640 638/638/638
f 643/643/643 642/642/642 641/641/641
f 642/642/642 644/644/644 641/641/641
f 642/642/642 645/645/645 644/644/644
f 645/645/645 646/646/646 644/644/644
f 645/645/645 647/647/647 646/646/646
f 647/647/647 648/648/648 646/646/646
f 647/647/647 649/649/649 648/648/648
f 649/649/649 650/650/650 648/648/648
f 649/649/649 651/651/651 650/650/650
f 651/651/651 652/652/652 650/650/650
f 651/651/651 653/653/653 652/652/652
f 653/653/653 654/654/654 652/652/652
f 653/653/653 655/655/655 654/654/654
f 655/655/655 656/656/656 654/654/654
f 656/656/656 655/655/655 657/657/657
f 658/658/658 656/656/656 657/657/657
f 658/658/658 657/657/657 659/659/659
f 660/660/660 658/658/658 659/659/659
f 660/660/660 659/659/659 661/661/661
f 662/662/662 660/660/660 661/661/661
f 665/665/665 664/664/664 663/663/663
f 664/664/664 666/666/666 663/663/663
f 663/663/663 666/666/666 667/667/667
f 666/666/666 668/668/668 667/667/667
f 667/667/667 668/668/668 669/669/669
f 668/668/668 670/670/670 669/669/669
f 669/669/669 670/670/670 671/671/671
f 670/670/670 672/672/672 671/671/671
f 671/671/671 672/672/672 673/673/673
f 672/672/672 674/674/674 673/673/673
f 673/673/673 674/674/674 675/675/675
f 674/674/674 676/676/676 675/675/675
f 675/675/675 676/676/676 677/677/677
f 676/676/676 678/678/678 677/677/677
f 677/677/677 678/678/678 679/679/679
f 678/678/678 680/680/680 679/679/679
f 679/679/679 680/680/680 681/681/681
f 680/680/680 682/682/682 681/681/681
f 681/681/681 682/682/682 683/683/683
f 682/682/682 684/684/684 683/683/683
f 687/687/687 686/686/686 685/685/685
f 688/688/688 687/687/687 685/685/685
f 689/689/689 687/687/687 688/688/688
f 690/690/690 689/689/689 688/688/688
f 691/691/691 689/689/689 690/690/690
f 692/692/692 691/691/691 690/690/690
f 693/693/693 691/691/691 692/692/692
f 694/694/694 693/693/693 692/692/692
f 695/695/695 693/693/693 694/694/694
f 696/696/696 695/695/695 694/694/694
f 697/697/697 695/695/695 696/696/696
f 698/698/698 697/697/697 696/696/696
f 699/699/699 697/697/697 698/698/698
f 700/700/700 699/699/699 698/698/698
f 701/701/701 699/699/699 700/700/700
f 702/702/702 701/701/701 700/700/700
f 703/703/703 701/701/701 702/702/702
f 704/704/704 703/703/703 702/702/702
f 705/705/705 703/703/703 704/704/704
f 706/706/706 705/705/705 704/704/704
f 709/709/709 708/708/708 707/707/707
f 710/710/710 709/709/709 707/707/707
f 708/708/708 711/711/711 707/707/707
f 712/712/712 710/710/710 707/707/707
f 711/711/711 713/713/713 707/707/707
f 714/714/714 712/712/712 707/707/707
f 713/713/713 715/715/715 707/707/707
f 716/716/716 714/714/714 707/707/707
f 715/715/715 717/717/717 707/707/707
f 718/718/718 716/716/716 707/707/707
f 717/717/717 719/719/719 707/707/707
f 720/720/720 718/718/718 707/707/707
f 719/719/719 721/721/721 707/707/707
f 722/722/722 720/720/720 707/707/707
f 721/721/721 723/723/723 707/707/707
f 724/724/724 722/722/722 707/707/707
f 723/723/723 725/725/725 707/707/707
f 726/726/726 724/724/724 707/707/707
f 725/725/725 727/727/727 707/707/707
f 727/727/727 726/726/726 707/707/707
f 730/730/730 729/729/729 728/728/728
f 729/729/729 731/731/731 728/728/728
f 732/732/732 729/729/729 730/730/730
f 728/728/728 731/731/731 733/733/733
f 734/734/734 732/732/732 730/730/730
f 731/731/731 735/735/735 733/733/733
f 736/736/736 732/732/732 734/734/734
f 733/733/733 735/735/735 737/737/737
f 738/738/738 736/736/736 734/734/734
f 735/735/735 739/739/739 737/737/737
f 740/740/740 736/736/736 738/738/738
f 737/737/737 739/739/739 741/741/741
f 742/742/742 740/740/740 738/738/738
f 739/739/739 743/743/743 741/741/741
f 744/744/744 740/740/740 742/742/742
f 741/741/741 743/743/743 745/745/745
f 746/746/746 744/744/744 742/742/742
f 743/743/743 747/747/747 745/745/745
f 748/748/748 744/744/744 746/746/746
f 745/745/745 747/747/747 749/749/749
f 750/750/750 748/748/748 746/746/746
f 747/747/747 751/751/751 749/749/749
f 752/752/752 748/748/748 750/750/750
f 749/749/749 751/751/751 753/753/753
f 754/754/754 752/752/752 750/750/750
f 751/751/751 755/755/755 753/753/753
f 756/756/756 752/752/752 754/754/754
f 753/753/753 755/755/755 757/757/757
f 758/758/758 756/756/756 754/754/754
f 755/755/755 759/759/759 757/757/757
f 760/760/760 756/756/756 758/758/758
f 757/757/757 759/759/759 761/761/761
f 762/762/762 760/760/760 758/758/758
f 759/759/759 763/763/763 761/761/761
f 764/764/764 760/760/760 762/762/762
f 761/761/761 763/763/763 765/765/765
f 766/766/766 764/764/764 762/762/762
f 763/763/763 767/767/767 765/765/765
f 767/767/767 764/764/764 766/766/766
f 765/765/765 767/767/767 766/766/766
f 770/770/770 769/769/769 768/768/768
f 768/768/768 769/769/769 771/771/771
f 772/772/772 770/770/770 768/768/768
f 769/769/769 773/773/773 771/771/771
f 774/774/774 770/770/770 772/772/772
f 771/771/771 773/773/773 775/775/775
f 776/776/776 774/774/774 772/772/772
f 773/773/773 777/777/777 775/775/775
f 778/778/778 774/774/774 776/776/776
f 775/775/775 777/777/777 779/779/779
f 780/780/780 778/778/778 776/776/776
f 777/777/777 781/781/781 779/779/779
f 782/782/782 778/778/778 780/780/780
f 779/779/779 781/781/781 783/783/783
f 784/784/784 782/782/782 780/780/780
f 781/781/781 785/785/785 783/783/783
f 786/786/786 782/782/782 784/784/784
f 783/783/783 785/785/785 787/787/787
f 788/788/788 786/786/786 784/784/784
f 785/785/785 789/789/789 787/787/787
f 790/790/790 786/786/786 788/788/788
f 787/787/787 789/789/789 791/791/791
f 792/792/792 790/790/790 788/788/788
f 789/789/789 793/793/793 791/791/791
f 794/794/794 790/790/790 792/792/792
f 791/791/791 793/793/793 795/795/795
f 796/796/796 794/794/794 792/792/792
f 793/793/793 797/797/797 795/795/795
f 798/798/798 794/794/794 796/796/796
f 795/795/795 797/797/797 799/799/799
f 800/800/800 798/798/798 796/796/796
f 797/797/797 801/801/801 799/799/799
f 802/802/802 798/798/798 800/800/800
f 799/799/799 801/801/801 803/803/803
f 804/804/804 802/802/802 800/800/800
f 801/801/801 805/805/805 803/803/803
f 806/806/806 802/802/802 804/804/804
f 803/803/803 805/805/805 807/807/807
f 807/807/807 806/806/806 804/804/804
f 805/805/805 806/806/806 807/807/807
